solid ASCII
  facet normal -0.000000e+00 -1.000000e+00 0.000000e+00
    outer loop
      vertex   -1.470446e+01 3.000000e+00 6.736535e+00
      vertex   -1.500000e+01 3.000000e+00 6.750000e+00
      vertex   -1.500000e+01 3.000000e+00 5.100000e+00
    endloop
  endfacet
  facet normal 0.000000e+00 -1.000000e+00 0.000000e+00
    outer loop
      vertex   -1.500000e+01 3.000000e+00 5.100000e+00
      vertex   -1.500000e+01 3.000000e+00 6.750000e+00
      vertex   -1.529554e+01 3.000000e+00 6.736535e+00
    endloop
  endfacet
  facet normal -0.000000e+00 -1.000000e+00 0.000000e+00
    outer loop
      vertex   -1.500000e+01 3.000000e+00 5.100000e+00
      vertex   -1.529554e+01 3.000000e+00 6.736535e+00
      vertex   -1.520884e+01 3.000000e+00 5.086312e+00
    endloop
  endfacet
  facet normal 0.000000e+00 -1.000000e+00 0.000000e+00
    outer loop
      vertex   -1.520884e+01 3.000000e+00 5.086312e+00
      vertex   -1.529554e+01 3.000000e+00 6.736535e+00
      vertex   -1.558863e+01 3.000000e+00 6.696251e+00
    endloop
  endfacet
  facet normal -0.000000e+00 -1.000000e+00 0.000000e+00
    outer loop
      vertex   -1.520884e+01 3.000000e+00 5.086312e+00
      vertex   -1.558863e+01 3.000000e+00 6.696251e+00
      vertex   -1.541411e+01 3.000000e+00 5.045481e+00
    endloop
  endfacet
  facet normal 0.000000e+00 -1.000000e+00 0.000000e+00
    outer loop
      vertex   -1.541411e+01 3.000000e+00 5.045481e+00
      vertex   -1.558863e+01 3.000000e+00 6.696251e+00
      vertex   -1.587684e+01 3.000000e+00 6.629481e+00
    endloop
  endfacet
  facet normal 0.000000e+00 -1.000000e+00 0.000000e+00
    outer loop
      vertex   -1.541411e+01 3.000000e+00 5.045481e+00
      vertex   -1.587684e+01 3.000000e+00 6.629481e+00
      vertex   -1.615779e+01 3.000000e+00 6.536780e+00
    endloop
  endfacet
  facet normal -0.000000e+00 -1.000000e+00 0.000000e+00
    outer loop
      vertex   -1.541411e+01 3.000000e+00 5.045481e+00
      vertex   -1.615779e+01 3.000000e+00 6.536780e+00
      vertex   -1.561229e+01 3.000000e+00 4.978207e+00
    endloop
  endfacet
  facet normal 0.000000e+00 -1.000000e+00 0.000000e+00
    outer loop
      vertex   -1.561229e+01 3.000000e+00 4.978207e+00
      vertex   -1.615779e+01 3.000000e+00 6.536780e+00
      vertex   -1.642914e+01 3.000000e+00 6.418915e+00
    endloop
  endfacet
  facet normal -0.000000e+00 -1.000000e+00 0.000000e+00
    outer loop
      vertex   -1.561229e+01 3.000000e+00 4.978207e+00
      vertex   -1.642914e+01 3.000000e+00 6.418915e+00
      vertex   -1.580000e+01 3.000000e+00 4.885641e+00
    endloop
  endfacet
  facet normal 0.000000e+00 -1.000000e+00 0.000000e+00
    outer loop
      vertex   -1.580000e+01 3.000000e+00 4.885641e+00
      vertex   -1.642914e+01 3.000000e+00 6.418915e+00
      vertex   -1.668865e+01 3.000000e+00 6.276863e+00
    endloop
  endfacet
  facet normal -0.000000e+00 -1.000000e+00 0.000000e+00
    outer loop
      vertex   -1.580000e+01 3.000000e+00 4.885641e+00
      vertex   -1.668865e+01 3.000000e+00 6.276863e+00
      vertex   -1.597402e+01 3.000000e+00 4.769365e+00
    endloop
  endfacet
  facet normal 0.000000e+00 -1.000000e+00 0.000000e+00
    outer loop
      vertex   -1.597402e+01 3.000000e+00 4.769365e+00
      vertex   -1.668865e+01 3.000000e+00 6.276863e+00
      vertex   -1.693417e+01 3.000000e+00 6.111801e+00
    endloop
  endfacet
  facet normal 0.000000e+00 -1.000000e+00 0.000000e+00
    outer loop
      vertex   -1.597402e+01 3.000000e+00 4.769365e+00
      vertex   -1.693417e+01 3.000000e+00 6.111801e+00
      vertex   -1.716366e+01 3.000000e+00 5.925097e+00
    endloop
  endfacet
  facet normal -0.000000e+00 -1.000000e+00 0.000000e+00
    outer loop
      vertex   -1.597402e+01 3.000000e+00 4.769365e+00
      vertex   -1.716366e+01 3.000000e+00 5.925097e+00
      vertex   -1.613137e+01 3.000000e+00 4.631371e+00
    endloop
  endfacet
  facet normal 0.000000e+00 -1.000000e+00 0.000000e+00
    outer loop
      vertex   -1.613137e+01 3.000000e+00 4.631371e+00
      vertex   -1.716366e+01 3.000000e+00 5.925097e+00
      vertex   -1.737522e+01 3.000000e+00 5.718298e+00
    endloop
  endfacet
  facet normal -0.000000e+00 -1.000000e+00 0.000000e+00
    outer loop
      vertex   -1.613137e+01 3.000000e+00 4.631371e+00
      vertex   -1.737522e+01 3.000000e+00 5.718298e+00
      vertex   -1.626937e+01 3.000000e+00 4.474018e+00
    endloop
  endfacet
  facet normal 0.000000e+00 -1.000000e+00 0.000000e+00
    outer loop
      vertex   -1.626937e+01 3.000000e+00 4.474018e+00
      vertex   -1.737522e+01 3.000000e+00 5.718298e+00
      vertex   -1.756710e+01 3.000000e+00 5.493117e+00
    endloop
  endfacet
  facet normal 0.000000e+00 -1.000000e+00 0.000000e+00
    outer loop
      vertex   -1.626937e+01 3.000000e+00 4.474018e+00
      vertex   -1.756710e+01 3.000000e+00 5.493117e+00
      vertex   -1.773770e+01 3.000000e+00 5.251421e+00
    endloop
  endfacet
  facet normal -0.000000e+00 -1.000000e+00 0.000000e+00
    outer loop
      vertex   -1.626937e+01 3.000000e+00 4.474018e+00
      vertex   -1.773770e+01 3.000000e+00 5.251421e+00
      vertex   -1.638564e+01 3.000000e+00 4.300000e+00
    endloop
  endfacet
  facet normal 0.000000e+00 -1.000000e+00 0.000000e+00
    outer loop
      vertex   -1.638564e+01 3.000000e+00 4.300000e+00
      vertex   -1.773770e+01 3.000000e+00 5.251421e+00
      vertex   -1.788563e+01 3.000000e+00 4.995211e+00
    endloop
  endfacet
  facet normal -0.000000e+00 -1.000000e+00 0.000000e+00
    outer loop
      vertex   -1.638564e+01 3.000000e+00 4.300000e+00
      vertex   -1.788563e+01 3.000000e+00 4.995211e+00
      vertex   -1.647821e+01 3.000000e+00 4.112293e+00
    endloop
  endfacet
  facet normal 0.000000e+00 -1.000000e+00 0.000000e+00
    outer loop
      vertex   -1.647821e+01 3.000000e+00 4.112293e+00
      vertex   -1.788563e+01 3.000000e+00 4.995211e+00
      vertex   -1.800964e+01 3.000000e+00 4.726612e+00
    endloop
  endfacet
  facet normal 0.000000e+00 -1.000000e+00 0.000000e+00
    outer loop
      vertex   -1.647821e+01 3.000000e+00 4.112293e+00
      vertex   -1.800964e+01 3.000000e+00 4.726612e+00
      vertex   -1.810871e+01 3.000000e+00 4.447849e+00
    endloop
  endfacet
  facet normal -0.000000e+00 -1.000000e+00 0.000000e+00
    outer loop
      vertex   -1.647821e+01 3.000000e+00 4.112293e+00
      vertex   -1.810871e+01 3.000000e+00 4.447849e+00
      vertex   -1.654548e+01 3.000000e+00 3.914110e+00
    endloop
  endfacet
  facet normal 0.000000e+00 -1.000000e+00 0.000000e+00
    outer loop
      vertex   -1.654548e+01 3.000000e+00 3.914110e+00
      vertex   -1.810871e+01 3.000000e+00 4.447849e+00
      vertex   -1.818202e+01 3.000000e+00 4.161232e+00
    endloop
  endfacet
  facet normal -0.000000e+00 -1.000000e+00 0.000000e+00
    outer loop
      vertex   -1.654548e+01 3.000000e+00 3.914110e+00
      vertex   -1.818202e+01 3.000000e+00 4.161232e+00
      vertex   -1.658631e+01 3.000000e+00 3.708842e+00
    endloop
  endfacet
  facet normal 0.000000e+00 -1.000000e+00 0.000000e+00
    outer loop
      vertex   -1.658631e+01 3.000000e+00 3.708842e+00
      vertex   -1.818202e+01 3.000000e+00 4.161232e+00
      vertex   -1.822897e+01 3.000000e+00 3.869136e+00
    endloop
  endfacet
  facet normal -0.000000e+00 -1.000000e+00 0.000000e+00
    outer loop
      vertex   -1.658631e+01 3.000000e+00 3.708842e+00
      vertex   -1.822897e+01 3.000000e+00 3.869136e+00
      vertex   -1.824916e+01 3.000000e+00 3.573980e+00
    endloop
  endfacet
  facet normal 0.000000e+00 -1.000000e+00 0.000000e+00
    outer loop
      vertex   -1.658631e+01 3.000000e+00 3.708842e+00
      vertex   -1.824916e+01 3.000000e+00 3.573980e+00
      vertex   -1.660000e+01 3.000000e+00 3.500000e+00
    endloop
  endfacet
  facet normal -0.000000e+00 -1.000000e+00 0.000000e+00
    outer loop
      vertex   -1.660000e+01 3.000000e+00 3.500000e+00
      vertex   -1.824916e+01 3.000000e+00 3.573980e+00
      vertex   -1.824242e+01 3.000000e+00 3.278212e+00
    endloop
  endfacet
  facet normal 0.000000e+00 -1.000000e+00 -0.000000e+00
    outer loop
      vertex   -1.660000e+01 3.000000e+00 3.500000e+00
      vertex   -1.824242e+01 3.000000e+00 3.278212e+00
      vertex   -1.658631e+01 3.000000e+00 3.291158e+00
    endloop
  endfacet
  facet normal 0.000000e+00 -1.000000e+00 0.000000e+00
    outer loop
      vertex   -1.658631e+01 3.000000e+00 3.291158e+00
      vertex   -1.824242e+01 3.000000e+00 3.278212e+00
      vertex   -1.820882e+01 3.000000e+00 2.984282e+00
    endloop
  endfacet
  facet normal 0.000000e+00 -1.000000e+00 -0.000000e+00
    outer loop
      vertex   -1.658631e+01 3.000000e+00 3.291158e+00
      vertex   -1.820882e+01 3.000000e+00 2.984282e+00
      vertex   -1.654548e+01 3.000000e+00 3.085890e+00
    endloop
  endfacet
  facet normal 0.000000e+00 -1.000000e+00 0.000000e+00
    outer loop
      vertex   -1.654548e+01 3.000000e+00 3.085890e+00
      vertex   -1.820882e+01 3.000000e+00 2.984282e+00
      vertex   -1.814863e+01 3.000000e+00 2.694625e+00
    endloop
  endfacet
  facet normal 0.000000e+00 -1.000000e+00 0.000000e+00
    outer loop
      vertex   -1.654548e+01 3.000000e+00 3.085890e+00
      vertex   -1.814863e+01 3.000000e+00 2.694625e+00
      vertex   -1.806235e+01 3.000000e+00 2.411641e+00
    endloop
  endfacet
  facet normal 0.000000e+00 -1.000000e+00 -0.000000e+00
    outer loop
      vertex   -1.654548e+01 3.000000e+00 3.085890e+00
      vertex   -1.806235e+01 3.000000e+00 2.411641e+00
      vertex   -1.647821e+01 3.000000e+00 2.887707e+00
    endloop
  endfacet
  facet normal 0.000000e+00 -1.000000e+00 0.000000e+00
    outer loop
      vertex   -1.647821e+01 3.000000e+00 2.887707e+00
      vertex   -1.806235e+01 3.000000e+00 2.411641e+00
      vertex   -1.795069e+01 3.000000e+00 2.137676e+00
    endloop
  endfacet
  facet normal 0.000000e+00 -1.000000e+00 -0.000000e+00
    outer loop
      vertex   -1.647821e+01 3.000000e+00 2.887707e+00
      vertex   -1.795069e+01 3.000000e+00 2.137676e+00
      vertex   -1.638564e+01 3.000000e+00 2.700000e+00
    endloop
  endfacet
  facet normal 0.000000e+00 -1.000000e+00 0.000000e+00
    outer loop
      vertex   -1.638564e+01 3.000000e+00 2.700000e+00
      vertex   -1.795069e+01 3.000000e+00 2.137676e+00
      vertex   -1.781458e+01 3.000000e+00 1.875000e+00
    endloop
  endfacet
  facet normal 0.000000e+00 -1.000000e+00 0.000000e+00
    outer loop
      vertex   -1.638564e+01 3.000000e+00 2.700000e+00
      vertex   -1.781458e+01 3.000000e+00 1.875000e+00
      vertex   -1.765515e+01 3.000000e+00 1.625789e+00
    endloop
  endfacet
  facet normal 0.000000e+00 -1.000000e+00 -0.000000e+00
    outer loop
      vertex   -1.638564e+01 3.000000e+00 2.700000e+00
      vertex   -1.765515e+01 3.000000e+00 1.625789e+00
      vertex   -1.626937e+01 3.000000e+00 2.525982e+00
    endloop
  endfacet
  facet normal 0.000000e+00 -1.000000e+00 0.000000e+00
    outer loop
      vertex   -1.626937e+01 3.000000e+00 2.525982e+00
      vertex   -1.765515e+01 3.000000e+00 1.625789e+00
      vertex   -1.747372e+01 3.000000e+00 1.392108e+00
    endloop
  endfacet
  facet normal 0.000000e+00 -1.000000e+00 -0.000000e+00
    outer loop
      vertex   -1.626937e+01 3.000000e+00 2.525982e+00
      vertex   -1.747372e+01 3.000000e+00 1.392108e+00
      vertex   -1.613137e+01 3.000000e+00 2.368629e+00
    endloop
  endfacet
  facet normal 0.000000e+00 -1.000000e+00 0.000000e+00
    outer loop
      vertex   -1.613137e+01 3.000000e+00 2.368629e+00
      vertex   -1.747372e+01 3.000000e+00 1.392108e+00
      vertex   -1.727179e+01 3.000000e+00 1.175894e+00
    endloop
  endfacet
  facet normal 0.000000e+00 -1.000000e+00 0.000000e+00
    outer loop
      vertex   -1.613137e+01 3.000000e+00 2.368629e+00
      vertex   -1.727179e+01 3.000000e+00 1.175894e+00
      vertex   -1.705104e+01 3.000000e+00 9.789383e-01
    endloop
  endfacet
  facet normal 0.000000e+00 -1.000000e+00 -0.000000e+00
    outer loop
      vertex   -1.613137e+01 3.000000e+00 2.368629e+00
      vertex   -1.705104e+01 3.000000e+00 9.789383e-01
      vertex   -1.597402e+01 3.000000e+00 2.230635e+00
    endloop
  endfacet
  facet normal 0.000000e+00 -1.000000e+00 0.000000e+00
    outer loop
      vertex   -1.597402e+01 3.000000e+00 2.230635e+00
      vertex   -1.705104e+01 3.000000e+00 9.789383e-01
      vertex   -1.681329e+01 3.000000e+00 8.028728e-01
    endloop
  endfacet
  facet normal 0.000000e+00 -1.000000e+00 -0.000000e+00
    outer loop
      vertex   -1.597402e+01 3.000000e+00 2.230635e+00
      vertex   -1.681329e+01 3.000000e+00 8.028728e-01
      vertex   -1.580000e+01 3.000000e+00 2.114359e+00
    endloop
  endfacet
  facet normal 0.000000e+00 -1.000000e+00 0.000000e+00
    outer loop
      vertex   -1.580000e+01 3.000000e+00 2.114359e+00
      vertex   -1.681329e+01 3.000000e+00 8.028728e-01
      vertex   -1.656051e+01 3.000000e+00 6.491565e-01
    endloop
  endfacet
  facet normal 0.000000e+00 -1.000000e+00 -0.000000e+00
    outer loop
      vertex   -1.580000e+01 3.000000e+00 2.114359e+00
      vertex   -1.656051e+01 3.000000e+00 6.491565e-01
      vertex   -1.561229e+01 3.000000e+00 2.021793e+00
    endloop
  endfacet
  facet normal 0.000000e+00 -1.000000e+00 0.000000e+00
    outer loop
      vertex   -1.561229e+01 3.000000e+00 2.021793e+00
      vertex   -1.656051e+01 3.000000e+00 6.491565e-01
      vertex   -1.629480e+01 3.000000e+00 5.190633e-01
    endloop
  endfacet
  facet normal 0.000000e+00 -1.000000e+00 0.000000e+00
    outer loop
      vertex   -1.561229e+01 3.000000e+00 2.021793e+00
      vertex   -1.629480e+01 3.000000e+00 5.190633e-01
      vertex   -1.601837e+01 3.000000e+00 4.136710e-01
    endloop
  endfacet
  facet normal 0.000000e+00 -1.000000e+00 -0.000000e+00
    outer loop
      vertex   -1.561229e+01 3.000000e+00 2.021793e+00
      vertex   -1.601837e+01 3.000000e+00 4.136710e-01
      vertex   -1.541411e+01 3.000000e+00 1.954519e+00
    endloop
  endfacet
  facet normal 0.000000e+00 -1.000000e+00 0.000000e+00
    outer loop
      vertex   -1.541411e+01 3.000000e+00 1.954519e+00
      vertex   -1.601837e+01 3.000000e+00 4.136710e-01
      vertex   -1.573349e+01 3.000000e+00 3.338530e-01
    endloop
  endfacet
  facet normal 0.000000e+00 -1.000000e+00 -0.000000e+00
    outer loop
      vertex   -1.541411e+01 3.000000e+00 1.954519e+00
      vertex   -1.573349e+01 3.000000e+00 3.338530e-01
      vertex   -1.520884e+01 3.000000e+00 1.913688e+00
    endloop
  endfacet
  facet normal 0.000000e+00 -1.000000e+00 0.000000e+00
    outer loop
      vertex   -1.520884e+01 3.000000e+00 1.913688e+00
      vertex   -1.573349e+01 3.000000e+00 3.338530e-01
      vertex   -1.544254e+01 3.000000e+00 2.802707e-01
    endloop
  endfacet
  facet normal 0.000000e+00 -1.000000e+00 -0.000000e+00
    outer loop
      vertex   -1.520884e+01 3.000000e+00 1.913688e+00
      vertex   -1.544254e+01 3.000000e+00 2.802707e-01
      vertex   -1.514792e+01 3.000000e+00 2.533681e-01
    endloop
  endfacet
  facet normal 0.000000e+00 -1.000000e+00 0.000000e+00
    outer loop
      vertex   -1.520884e+01 3.000000e+00 1.913688e+00
      vertex   -1.514792e+01 3.000000e+00 2.533681e-01
      vertex   -1.500000e+01 3.000000e+00 1.900000e+00
    endloop
  endfacet
  facet normal 0.000000e+00 -1.000000e+00 -0.000000e+00
    outer loop
      vertex   -1.500000e+01 3.000000e+00 1.900000e+00
      vertex   -1.514792e+01 3.000000e+00 2.533681e-01
      vertex   -1.485208e+01 3.000000e+00 2.533681e-01
    endloop
  endfacet
  facet normal 0.000000e+00 -1.000000e+00 0.000000e+00
    outer loop
      vertex   -1.500000e+01 3.000000e+00 1.900000e+00
      vertex   -1.485208e+01 3.000000e+00 2.533681e-01
      vertex   -1.479116e+01 3.000000e+00 1.913688e+00
    endloop
  endfacet
  facet normal 0.000000e+00 -1.000000e+00 -0.000000e+00
    outer loop
      vertex   -1.479116e+01 3.000000e+00 1.913688e+00
      vertex   -1.485208e+01 3.000000e+00 2.533681e-01
      vertex   -1.455746e+01 3.000000e+00 2.802707e-01
    endloop
  endfacet
  facet normal 0.000000e+00 -1.000000e+00 0.000000e+00
    outer loop
      vertex   -1.479116e+01 3.000000e+00 1.913688e+00
      vertex   -1.455746e+01 3.000000e+00 2.802707e-01
      vertex   -1.426651e+01 3.000000e+00 3.338530e-01
    endloop
  endfacet
  facet normal 0.000000e+00 -1.000000e+00 0.000000e+00
    outer loop
      vertex   -1.479116e+01 3.000000e+00 1.913688e+00
      vertex   -1.426651e+01 3.000000e+00 3.338530e-01
      vertex   -1.458589e+01 3.000000e+00 1.954519e+00
    endloop
  endfacet
  facet normal 0.000000e+00 -1.000000e+00 0.000000e+00
    outer loop
      vertex   -1.458589e+01 3.000000e+00 1.954519e+00
      vertex   -1.426651e+01 3.000000e+00 3.338530e-01
      vertex   -1.398163e+01 3.000000e+00 4.136710e-01
    endloop
  endfacet
  facet normal 0.000000e+00 -1.000000e+00 0.000000e+00
    outer loop
      vertex   -1.458589e+01 3.000000e+00 1.954519e+00
      vertex   -1.398163e+01 3.000000e+00 4.136710e-01
      vertex   -1.438771e+01 3.000000e+00 2.021793e+00
    endloop
  endfacet
  facet normal 0.000000e+00 -1.000000e+00 0.000000e+00
    outer loop
      vertex   -1.438771e+01 3.000000e+00 2.021793e+00
      vertex   -1.398163e+01 3.000000e+00 4.136710e-01
      vertex   -1.370520e+01 3.000000e+00 5.190633e-01
    endloop
  endfacet
  facet normal 0.000000e+00 -1.000000e+00 0.000000e+00
    outer loop
      vertex   -1.438771e+01 3.000000e+00 2.021793e+00
      vertex   -1.370520e+01 3.000000e+00 5.190633e-01
      vertex   -1.343949e+01 3.000000e+00 6.491565e-01
    endloop
  endfacet
  facet normal 0.000000e+00 -1.000000e+00 0.000000e+00
    outer loop
      vertex   -1.438771e+01 3.000000e+00 2.021793e+00
      vertex   -1.343949e+01 3.000000e+00 6.491565e-01
      vertex   -1.420000e+01 3.000000e+00 2.114359e+00
    endloop
  endfacet
  facet normal 0.000000e+00 -1.000000e+00 0.000000e+00
    outer loop
      vertex   -1.420000e+01 3.000000e+00 2.114359e+00
      vertex   -1.343949e+01 3.000000e+00 6.491565e-01
      vertex   -1.318671e+01 3.000000e+00 8.028728e-01
    endloop
  endfacet
  facet normal 0.000000e+00 -1.000000e+00 0.000000e+00
    outer loop
      vertex   -1.420000e+01 3.000000e+00 2.114359e+00
      vertex   -1.318671e+01 3.000000e+00 8.028728e-01
      vertex   -1.402598e+01 3.000000e+00 2.230635e+00
    endloop
  endfacet
  facet normal 0.000000e+00 -1.000000e+00 0.000000e+00
    outer loop
      vertex   -1.402598e+01 3.000000e+00 2.230635e+00
      vertex   -1.318671e+01 3.000000e+00 8.028728e-01
      vertex   -1.294896e+01 3.000000e+00 9.789383e-01
    endloop
  endfacet
  facet normal 0.000000e+00 -1.000000e+00 0.000000e+00
    outer loop
      vertex   -1.402598e+01 3.000000e+00 2.230635e+00
      vertex   -1.294896e+01 3.000000e+00 9.789383e-01
      vertex   -1.386863e+01 3.000000e+00 2.368629e+00
    endloop
  endfacet
  facet normal 0.000000e+00 -1.000000e+00 0.000000e+00
    outer loop
      vertex   -1.386863e+01 3.000000e+00 2.368629e+00
      vertex   -1.294896e+01 3.000000e+00 9.789383e-01
      vertex   -1.272821e+01 3.000000e+00 1.175894e+00
    endloop
  endfacet
  facet normal 0.000000e+00 -1.000000e+00 0.000000e+00
    outer loop
      vertex   -1.386863e+01 3.000000e+00 2.368629e+00
      vertex   -1.272821e+01 3.000000e+00 1.175894e+00
      vertex   -1.252628e+01 3.000000e+00 1.392108e+00
    endloop
  endfacet
  facet normal 0.000000e+00 -1.000000e+00 0.000000e+00
    outer loop
      vertex   -1.386863e+01 3.000000e+00 2.368629e+00
      vertex   -1.252628e+01 3.000000e+00 1.392108e+00
      vertex   -1.373063e+01 3.000000e+00 2.525982e+00
    endloop
  endfacet
  facet normal 0.000000e+00 -1.000000e+00 0.000000e+00
    outer loop
      vertex   -1.373063e+01 3.000000e+00 2.525982e+00
      vertex   -1.252628e+01 3.000000e+00 1.392108e+00
      vertex   -1.234485e+01 3.000000e+00 1.625789e+00
    endloop
  endfacet
  facet normal 0.000000e+00 -1.000000e+00 0.000000e+00
    outer loop
      vertex   -1.373063e+01 3.000000e+00 2.525982e+00
      vertex   -1.234485e+01 3.000000e+00 1.625789e+00
      vertex   -1.361436e+01 3.000000e+00 2.700000e+00
    endloop
  endfacet
  facet normal 0.000000e+00 -1.000000e+00 0.000000e+00
    outer loop
      vertex   -1.361436e+01 3.000000e+00 2.700000e+00
      vertex   -1.234485e+01 3.000000e+00 1.625789e+00
      vertex   -1.218542e+01 3.000000e+00 1.875000e+00
    endloop
  endfacet
  facet normal 0.000000e+00 -1.000000e+00 0.000000e+00
    outer loop
      vertex   -1.361436e+01 3.000000e+00 2.700000e+00
      vertex   -1.218542e+01 3.000000e+00 1.875000e+00
      vertex   -1.204931e+01 3.000000e+00 2.137676e+00
    endloop
  endfacet
  facet normal 0.000000e+00 -1.000000e+00 0.000000e+00
    outer loop
      vertex   -1.361436e+01 3.000000e+00 2.700000e+00
      vertex   -1.204931e+01 3.000000e+00 2.137676e+00
      vertex   -1.352179e+01 3.000000e+00 2.887707e+00
    endloop
  endfacet
  facet normal 0.000000e+00 -1.000000e+00 0.000000e+00
    outer loop
      vertex   -1.352179e+01 3.000000e+00 2.887707e+00
      vertex   -1.204931e+01 3.000000e+00 2.137676e+00
      vertex   -1.193765e+01 3.000000e+00 2.411641e+00
    endloop
  endfacet
  facet normal 0.000000e+00 -1.000000e+00 0.000000e+00
    outer loop
      vertex   -1.352179e+01 3.000000e+00 2.887707e+00
      vertex   -1.193765e+01 3.000000e+00 2.411641e+00
      vertex   -1.345452e+01 3.000000e+00 3.085890e+00
    endloop
  endfacet
  facet normal 0.000000e+00 -1.000000e+00 0.000000e+00
    outer loop
      vertex   -1.345452e+01 3.000000e+00 3.085890e+00
      vertex   -1.193765e+01 3.000000e+00 2.411641e+00
      vertex   -1.185137e+01 3.000000e+00 2.694625e+00
    endloop
  endfacet
  facet normal 0.000000e+00 -1.000000e+00 0.000000e+00
    outer loop
      vertex   -1.345452e+01 3.000000e+00 3.085890e+00
      vertex   -1.185137e+01 3.000000e+00 2.694625e+00
      vertex   -1.179118e+01 3.000000e+00 2.984282e+00
    endloop
  endfacet
  facet normal 0.000000e+00 -1.000000e+00 0.000000e+00
    outer loop
      vertex   -1.345452e+01 3.000000e+00 3.085890e+00
      vertex   -1.179118e+01 3.000000e+00 2.984282e+00
      vertex   -1.341369e+01 3.000000e+00 3.291158e+00
    endloop
  endfacet
  facet normal 0.000000e+00 -1.000000e+00 0.000000e+00
    outer loop
      vertex   -1.341369e+01 3.000000e+00 3.291158e+00
      vertex   -1.179118e+01 3.000000e+00 2.984282e+00
      vertex   -1.175758e+01 3.000000e+00 3.278212e+00
    endloop
  endfacet
  facet normal 0.000000e+00 -1.000000e+00 0.000000e+00
    outer loop
      vertex   -1.341369e+01 3.000000e+00 3.291158e+00
      vertex   -1.175758e+01 3.000000e+00 3.278212e+00
      vertex   -1.340000e+01 3.000000e+00 3.500000e+00
    endloop
  endfacet
  facet normal 0.000000e+00 -1.000000e+00 0.000000e+00
    outer loop
      vertex   -1.340000e+01 3.000000e+00 3.500000e+00
      vertex   -1.175758e+01 3.000000e+00 3.278212e+00
      vertex   -1.175084e+01 3.000000e+00 3.573980e+00
    endloop
  endfacet
  facet normal 0.000000e+00 -1.000000e+00 0.000000e+00
    outer loop
      vertex   -1.340000e+01 3.000000e+00 3.500000e+00
      vertex   -1.175084e+01 3.000000e+00 3.573980e+00
      vertex   -1.341369e+01 3.000000e+00 3.708842e+00
    endloop
  endfacet
  facet normal 0.000000e+00 -1.000000e+00 0.000000e+00
    outer loop
      vertex   -1.341369e+01 3.000000e+00 3.708842e+00
      vertex   -1.175084e+01 3.000000e+00 3.573980e+00
      vertex   -1.177103e+01 3.000000e+00 3.869136e+00
    endloop
  endfacet
  facet normal 0.000000e+00 -1.000000e+00 0.000000e+00
    outer loop
      vertex   -1.341369e+01 3.000000e+00 3.708842e+00
      vertex   -1.177103e+01 3.000000e+00 3.869136e+00
      vertex   -1.181798e+01 3.000000e+00 4.161232e+00
    endloop
  endfacet
  facet normal 0.000000e+00 -1.000000e+00 0.000000e+00
    outer loop
      vertex   -1.341369e+01 3.000000e+00 3.708842e+00
      vertex   -1.181798e+01 3.000000e+00 4.161232e+00
      vertex   -1.345452e+01 3.000000e+00 3.914110e+00
    endloop
  endfacet
  facet normal 0.000000e+00 -1.000000e+00 0.000000e+00
    outer loop
      vertex   -1.345452e+01 3.000000e+00 3.914110e+00
      vertex   -1.181798e+01 3.000000e+00 4.161232e+00
      vertex   -1.189129e+01 3.000000e+00 4.447849e+00
    endloop
  endfacet
  facet normal 0.000000e+00 -1.000000e+00 0.000000e+00
    outer loop
      vertex   -1.345452e+01 3.000000e+00 3.914110e+00
      vertex   -1.189129e+01 3.000000e+00 4.447849e+00
      vertex   -1.352179e+01 3.000000e+00 4.112293e+00
    endloop
  endfacet
  facet normal 0.000000e+00 -1.000000e+00 0.000000e+00
    outer loop
      vertex   -1.352179e+01 3.000000e+00 4.112293e+00
      vertex   -1.189129e+01 3.000000e+00 4.447849e+00
      vertex   -1.199036e+01 3.000000e+00 4.726612e+00
    endloop
  endfacet
  facet normal 0.000000e+00 -1.000000e+00 0.000000e+00
    outer loop
      vertex   -1.352179e+01 3.000000e+00 4.112293e+00
      vertex   -1.199036e+01 3.000000e+00 4.726612e+00
      vertex   -1.211437e+01 3.000000e+00 4.995211e+00
    endloop
  endfacet
  facet normal 0.000000e+00 -1.000000e+00 0.000000e+00
    outer loop
      vertex   -1.352179e+01 3.000000e+00 4.112293e+00
      vertex   -1.211437e+01 3.000000e+00 4.995211e+00
      vertex   -1.361436e+01 3.000000e+00 4.300000e+00
    endloop
  endfacet
  facet normal 0.000000e+00 -1.000000e+00 0.000000e+00
    outer loop
      vertex   -1.361436e+01 3.000000e+00 4.300000e+00
      vertex   -1.211437e+01 3.000000e+00 4.995211e+00
      vertex   -1.226230e+01 3.000000e+00 5.251421e+00
    endloop
  endfacet
  facet normal 0.000000e+00 -1.000000e+00 0.000000e+00
    outer loop
      vertex   -1.361436e+01 3.000000e+00 4.300000e+00
      vertex   -1.226230e+01 3.000000e+00 5.251421e+00
      vertex   -1.373063e+01 3.000000e+00 4.474018e+00
    endloop
  endfacet
  facet normal 0.000000e+00 -1.000000e+00 0.000000e+00
    outer loop
      vertex   -1.373063e+01 3.000000e+00 4.474018e+00
      vertex   -1.226230e+01 3.000000e+00 5.251421e+00
      vertex   -1.243290e+01 3.000000e+00 5.493117e+00
    endloop
  endfacet
  facet normal 0.000000e+00 -1.000000e+00 0.000000e+00
    outer loop
      vertex   -1.373063e+01 3.000000e+00 4.474018e+00
      vertex   -1.243290e+01 3.000000e+00 5.493117e+00
      vertex   -1.262478e+01 3.000000e+00 5.718298e+00
    endloop
  endfacet
  facet normal 0.000000e+00 -1.000000e+00 0.000000e+00
    outer loop
      vertex   -1.373063e+01 3.000000e+00 4.474018e+00
      vertex   -1.262478e+01 3.000000e+00 5.718298e+00
      vertex   -1.386863e+01 3.000000e+00 4.631371e+00
    endloop
  endfacet
  facet normal 0.000000e+00 -1.000000e+00 0.000000e+00
    outer loop
      vertex   -1.386863e+01 3.000000e+00 4.631371e+00
      vertex   -1.262478e+01 3.000000e+00 5.718298e+00
      vertex   -1.283634e+01 3.000000e+00 5.925097e+00
    endloop
  endfacet
  facet normal 0.000000e+00 -1.000000e+00 0.000000e+00
    outer loop
      vertex   -1.386863e+01 3.000000e+00 4.631371e+00
      vertex   -1.283634e+01 3.000000e+00 5.925097e+00
      vertex   -1.402598e+01 3.000000e+00 4.769365e+00
    endloop
  endfacet
  facet normal 0.000000e+00 -1.000000e+00 0.000000e+00
    outer loop
      vertex   -1.402598e+01 3.000000e+00 4.769365e+00
      vertex   -1.283634e+01 3.000000e+00 5.925097e+00
      vertex   -1.306583e+01 3.000000e+00 6.111801e+00
    endloop
  endfacet
  facet normal 0.000000e+00 -1.000000e+00 0.000000e+00
    outer loop
      vertex   -1.402598e+01 3.000000e+00 4.769365e+00
      vertex   -1.306583e+01 3.000000e+00 6.111801e+00
      vertex   -1.331135e+01 3.000000e+00 6.276863e+00
    endloop
  endfacet
  facet normal 0.000000e+00 -1.000000e+00 0.000000e+00
    outer loop
      vertex   -1.402598e+01 3.000000e+00 4.769365e+00
      vertex   -1.331135e+01 3.000000e+00 6.276863e+00
      vertex   -1.420000e+01 3.000000e+00 4.885641e+00
    endloop
  endfacet
  facet normal 0.000000e+00 -1.000000e+00 0.000000e+00
    outer loop
      vertex   -1.420000e+01 3.000000e+00 4.885641e+00
      vertex   -1.331135e+01 3.000000e+00 6.276863e+00
      vertex   -1.357086e+01 3.000000e+00 6.418915e+00
    endloop
  endfacet
  facet normal 0.000000e+00 -1.000000e+00 0.000000e+00
    outer loop
      vertex   -1.420000e+01 3.000000e+00 4.885641e+00
      vertex   -1.357086e+01 3.000000e+00 6.418915e+00
      vertex   -1.438771e+01 3.000000e+00 4.978207e+00
    endloop
  endfacet
  facet normal 0.000000e+00 -1.000000e+00 0.000000e+00
    outer loop
      vertex   -1.438771e+01 3.000000e+00 4.978207e+00
      vertex   -1.357086e+01 3.000000e+00 6.418915e+00
      vertex   -1.384221e+01 3.000000e+00 6.536780e+00
    endloop
  endfacet
  facet normal 0.000000e+00 -1.000000e+00 0.000000e+00
    outer loop
      vertex   -1.438771e+01 3.000000e+00 4.978207e+00
      vertex   -1.384221e+01 3.000000e+00 6.536780e+00
      vertex   -1.458589e+01 3.000000e+00 5.045481e+00
    endloop
  endfacet
  facet normal 0.000000e+00 -1.000000e+00 0.000000e+00
    outer loop
      vertex   -1.458589e+01 3.000000e+00 5.045481e+00
      vertex   -1.384221e+01 3.000000e+00 6.536780e+00
      vertex   -1.412316e+01 3.000000e+00 6.629481e+00
    endloop
  endfacet
  facet normal 0.000000e+00 -1.000000e+00 0.000000e+00
    outer loop
      vertex   -1.458589e+01 3.000000e+00 5.045481e+00
      vertex   -1.412316e+01 3.000000e+00 6.629481e+00
      vertex   -1.441137e+01 3.000000e+00 6.696251e+00
    endloop
  endfacet
  facet normal 0.000000e+00 -1.000000e+00 0.000000e+00
    outer loop
      vertex   -1.458589e+01 3.000000e+00 5.045481e+00
      vertex   -1.441137e+01 3.000000e+00 6.696251e+00
      vertex   -1.479116e+01 3.000000e+00 5.086312e+00
    endloop
  endfacet
  facet normal 0.000000e+00 -1.000000e+00 0.000000e+00
    outer loop
      vertex   -1.479116e+01 3.000000e+00 5.086312e+00
      vertex   -1.441137e+01 3.000000e+00 6.696251e+00
      vertex   -1.470446e+01 3.000000e+00 6.736535e+00
    endloop
  endfacet
  facet normal 0.000000e+00 -1.000000e+00 0.000000e+00
    outer loop
      vertex   -1.479116e+01 3.000000e+00 5.086312e+00
      vertex   -1.470446e+01 3.000000e+00 6.736535e+00
      vertex   -1.500000e+01 3.000000e+00 5.100000e+00
    endloop
  endfacet
  facet normal -0.000000e+00 -1.000000e+00 0.000000e+00
    outer loop
      vertex   1.529554e+01 3.000000e+00 2.373653e+01
      vertex   1.500000e+01 3.000000e+00 2.375000e+01
      vertex   1.500000e+01 3.000000e+00 2.210000e+01
    endloop
  endfacet
  facet normal 0.000000e+00 -1.000000e+00 0.000000e+00
    outer loop
      vertex   1.500000e+01 3.000000e+00 2.210000e+01
      vertex   1.500000e+01 3.000000e+00 2.375000e+01
      vertex   1.470446e+01 3.000000e+00 2.373653e+01
    endloop
  endfacet
  facet normal -0.000000e+00 -1.000000e+00 0.000000e+00
    outer loop
      vertex   1.500000e+01 3.000000e+00 2.210000e+01
      vertex   1.470446e+01 3.000000e+00 2.373653e+01
      vertex   1.479116e+01 3.000000e+00 2.208631e+01
    endloop
  endfacet
  facet normal 0.000000e+00 -1.000000e+00 0.000000e+00
    outer loop
      vertex   1.479116e+01 3.000000e+00 2.208631e+01
      vertex   1.470446e+01 3.000000e+00 2.373653e+01
      vertex   1.441137e+01 3.000000e+00 2.369625e+01
    endloop
  endfacet
  facet normal -0.000000e+00 -1.000000e+00 0.000000e+00
    outer loop
      vertex   1.479116e+01 3.000000e+00 2.208631e+01
      vertex   1.441137e+01 3.000000e+00 2.369625e+01
      vertex   1.458589e+01 3.000000e+00 2.204548e+01
    endloop
  endfacet
  facet normal 0.000000e+00 -1.000000e+00 0.000000e+00
    outer loop
      vertex   1.458589e+01 3.000000e+00 2.204548e+01
      vertex   1.441137e+01 3.000000e+00 2.369625e+01
      vertex   1.412316e+01 3.000000e+00 2.362948e+01
    endloop
  endfacet
  facet normal 0.000000e+00 -1.000000e+00 0.000000e+00
    outer loop
      vertex   1.458589e+01 3.000000e+00 2.204548e+01
      vertex   1.412316e+01 3.000000e+00 2.362948e+01
      vertex   1.384221e+01 3.000000e+00 2.353678e+01
    endloop
  endfacet
  facet normal -0.000000e+00 -1.000000e+00 0.000000e+00
    outer loop
      vertex   1.458589e+01 3.000000e+00 2.204548e+01
      vertex   1.384221e+01 3.000000e+00 2.353678e+01
      vertex   1.438771e+01 3.000000e+00 2.197821e+01
    endloop
  endfacet
  facet normal 0.000000e+00 -1.000000e+00 0.000000e+00
    outer loop
      vertex   1.438771e+01 3.000000e+00 2.197821e+01
      vertex   1.384221e+01 3.000000e+00 2.353678e+01
      vertex   1.357086e+01 3.000000e+00 2.341892e+01
    endloop
  endfacet
  facet normal -0.000000e+00 -1.000000e+00 0.000000e+00
    outer loop
      vertex   1.438771e+01 3.000000e+00 2.197821e+01
      vertex   1.357086e+01 3.000000e+00 2.341892e+01
      vertex   1.420000e+01 3.000000e+00 2.188564e+01
    endloop
  endfacet
  facet normal 0.000000e+00 -1.000000e+00 0.000000e+00
    outer loop
      vertex   1.420000e+01 3.000000e+00 2.188564e+01
      vertex   1.357086e+01 3.000000e+00 2.341892e+01
      vertex   1.331135e+01 3.000000e+00 2.327686e+01
    endloop
  endfacet
  facet normal -0.000000e+00 -1.000000e+00 0.000000e+00
    outer loop
      vertex   1.420000e+01 3.000000e+00 2.188564e+01
      vertex   1.331135e+01 3.000000e+00 2.327686e+01
      vertex   1.402598e+01 3.000000e+00 2.176937e+01
    endloop
  endfacet
  facet normal 0.000000e+00 -1.000000e+00 0.000000e+00
    outer loop
      vertex   1.402598e+01 3.000000e+00 2.176937e+01
      vertex   1.331135e+01 3.000000e+00 2.327686e+01
      vertex   1.306583e+01 3.000000e+00 2.311180e+01
    endloop
  endfacet
  facet normal 0.000000e+00 -1.000000e+00 0.000000e+00
    outer loop
      vertex   1.402598e+01 3.000000e+00 2.176937e+01
      vertex   1.306583e+01 3.000000e+00 2.311180e+01
      vertex   1.283634e+01 3.000000e+00 2.292510e+01
    endloop
  endfacet
  facet normal -0.000000e+00 -1.000000e+00 0.000000e+00
    outer loop
      vertex   1.402598e+01 3.000000e+00 2.176937e+01
      vertex   1.283634e+01 3.000000e+00 2.292510e+01
      vertex   1.386863e+01 3.000000e+00 2.163137e+01
    endloop
  endfacet
  facet normal 0.000000e+00 -1.000000e+00 0.000000e+00
    outer loop
      vertex   1.386863e+01 3.000000e+00 2.163137e+01
      vertex   1.283634e+01 3.000000e+00 2.292510e+01
      vertex   1.262478e+01 3.000000e+00 2.271830e+01
    endloop
  endfacet
  facet normal -0.000000e+00 -1.000000e+00 0.000000e+00
    outer loop
      vertex   1.386863e+01 3.000000e+00 2.163137e+01
      vertex   1.262478e+01 3.000000e+00 2.271830e+01
      vertex   1.373063e+01 3.000000e+00 2.147402e+01
    endloop
  endfacet
  facet normal 0.000000e+00 -1.000000e+00 0.000000e+00
    outer loop
      vertex   1.373063e+01 3.000000e+00 2.147402e+01
      vertex   1.262478e+01 3.000000e+00 2.271830e+01
      vertex   1.243290e+01 3.000000e+00 2.249312e+01
    endloop
  endfacet
  facet normal 0.000000e+00 -1.000000e+00 0.000000e+00
    outer loop
      vertex   1.373063e+01 3.000000e+00 2.147402e+01
      vertex   1.243290e+01 3.000000e+00 2.249312e+01
      vertex   1.226230e+01 3.000000e+00 2.225142e+01
    endloop
  endfacet
  facet normal -0.000000e+00 -1.000000e+00 0.000000e+00
    outer loop
      vertex   1.373063e+01 3.000000e+00 2.147402e+01
      vertex   1.226230e+01 3.000000e+00 2.225142e+01
      vertex   1.361436e+01 3.000000e+00 2.130000e+01
    endloop
  endfacet
  facet normal 0.000000e+00 -1.000000e+00 0.000000e+00
    outer loop
      vertex   1.361436e+01 3.000000e+00 2.130000e+01
      vertex   1.226230e+01 3.000000e+00 2.225142e+01
      vertex   1.211437e+01 3.000000e+00 2.199521e+01
    endloop
  endfacet
  facet normal -0.000000e+00 -1.000000e+00 0.000000e+00
    outer loop
      vertex   1.361436e+01 3.000000e+00 2.130000e+01
      vertex   1.211437e+01 3.000000e+00 2.199521e+01
      vertex   1.352179e+01 3.000000e+00 2.111229e+01
    endloop
  endfacet
  facet normal 0.000000e+00 -1.000000e+00 0.000000e+00
    outer loop
      vertex   1.352179e+01 3.000000e+00 2.111229e+01
      vertex   1.211437e+01 3.000000e+00 2.199521e+01
      vertex   1.199036e+01 3.000000e+00 2.172661e+01
    endloop
  endfacet
  facet normal 0.000000e+00 -1.000000e+00 0.000000e+00
    outer loop
      vertex   1.352179e+01 3.000000e+00 2.111229e+01
      vertex   1.199036e+01 3.000000e+00 2.172661e+01
      vertex   1.189129e+01 3.000000e+00 2.144785e+01
    endloop
  endfacet
  facet normal -0.000000e+00 -1.000000e+00 0.000000e+00
    outer loop
      vertex   1.352179e+01 3.000000e+00 2.111229e+01
      vertex   1.189129e+01 3.000000e+00 2.144785e+01
      vertex   1.345452e+01 3.000000e+00 2.091411e+01
    endloop
  endfacet
  facet normal 0.000000e+00 -1.000000e+00 0.000000e+00
    outer loop
      vertex   1.345452e+01 3.000000e+00 2.091411e+01
      vertex   1.189129e+01 3.000000e+00 2.144785e+01
      vertex   1.181798e+01 3.000000e+00 2.116123e+01
    endloop
  endfacet
  facet normal -0.000000e+00 -1.000000e+00 0.000000e+00
    outer loop
      vertex   1.345452e+01 3.000000e+00 2.091411e+01
      vertex   1.181798e+01 3.000000e+00 2.116123e+01
      vertex   1.341369e+01 3.000000e+00 2.070884e+01
    endloop
  endfacet
  facet normal 0.000000e+00 -1.000000e+00 0.000000e+00
    outer loop
      vertex   1.341369e+01 3.000000e+00 2.070884e+01
      vertex   1.181798e+01 3.000000e+00 2.116123e+01
      vertex   1.177103e+01 3.000000e+00 2.086914e+01
    endloop
  endfacet
  facet normal -0.000000e+00 -1.000000e+00 0.000000e+00
    outer loop
      vertex   1.341369e+01 3.000000e+00 2.070884e+01
      vertex   1.177103e+01 3.000000e+00 2.086914e+01
      vertex   1.175084e+01 3.000000e+00 2.057398e+01
    endloop
  endfacet
  facet normal 0.000000e+00 -1.000000e+00 0.000000e+00
    outer loop
      vertex   1.341369e+01 3.000000e+00 2.070884e+01
      vertex   1.175084e+01 3.000000e+00 2.057398e+01
      vertex   1.340000e+01 3.000000e+00 2.050000e+01
    endloop
  endfacet
  facet normal -0.000000e+00 -1.000000e+00 0.000000e+00
    outer loop
      vertex   1.340000e+01 3.000000e+00 2.050000e+01
      vertex   1.175084e+01 3.000000e+00 2.057398e+01
      vertex   1.175758e+01 3.000000e+00 2.027821e+01
    endloop
  endfacet
  facet normal 0.000000e+00 -1.000000e+00 -0.000000e+00
    outer loop
      vertex   1.340000e+01 3.000000e+00 2.050000e+01
      vertex   1.175758e+01 3.000000e+00 2.027821e+01
      vertex   1.341369e+01 3.000000e+00 2.029116e+01
    endloop
  endfacet
  facet normal 0.000000e+00 -1.000000e+00 0.000000e+00
    outer loop
      vertex   1.341369e+01 3.000000e+00 2.029116e+01
      vertex   1.175758e+01 3.000000e+00 2.027821e+01
      vertex   1.179118e+01 3.000000e+00 1.998428e+01
    endloop
  endfacet
  facet normal 0.000000e+00 -1.000000e+00 -0.000000e+00
    outer loop
      vertex   1.341369e+01 3.000000e+00 2.029116e+01
      vertex   1.179118e+01 3.000000e+00 1.998428e+01
      vertex   1.345452e+01 3.000000e+00 2.008589e+01
    endloop
  endfacet
  facet normal 0.000000e+00 -1.000000e+00 0.000000e+00
    outer loop
      vertex   1.345452e+01 3.000000e+00 2.008589e+01
      vertex   1.179118e+01 3.000000e+00 1.998428e+01
      vertex   1.185137e+01 3.000000e+00 1.969462e+01
    endloop
  endfacet
  facet normal 0.000000e+00 -1.000000e+00 0.000000e+00
    outer loop
      vertex   1.345452e+01 3.000000e+00 2.008589e+01
      vertex   1.185137e+01 3.000000e+00 1.969462e+01
      vertex   1.193765e+01 3.000000e+00 1.941164e+01
    endloop
  endfacet
  facet normal 0.000000e+00 -1.000000e+00 -0.000000e+00
    outer loop
      vertex   1.345452e+01 3.000000e+00 2.008589e+01
      vertex   1.193765e+01 3.000000e+00 1.941164e+01
      vertex   1.352179e+01 3.000000e+00 1.988771e+01
    endloop
  endfacet
  facet normal 0.000000e+00 -1.000000e+00 0.000000e+00
    outer loop
      vertex   1.352179e+01 3.000000e+00 1.988771e+01
      vertex   1.193765e+01 3.000000e+00 1.941164e+01
      vertex   1.204931e+01 3.000000e+00 1.913768e+01
    endloop
  endfacet
  facet normal 0.000000e+00 -1.000000e+00 -0.000000e+00
    outer loop
      vertex   1.352179e+01 3.000000e+00 1.988771e+01
      vertex   1.204931e+01 3.000000e+00 1.913768e+01
      vertex   1.361436e+01 3.000000e+00 1.970000e+01
    endloop
  endfacet
  facet normal 0.000000e+00 -1.000000e+00 0.000000e+00
    outer loop
      vertex   1.361436e+01 3.000000e+00 1.970000e+01
      vertex   1.204931e+01 3.000000e+00 1.913768e+01
      vertex   1.218542e+01 3.000000e+00 1.887500e+01
    endloop
  endfacet
  facet normal 0.000000e+00 -1.000000e+00 0.000000e+00
    outer loop
      vertex   1.361436e+01 3.000000e+00 1.970000e+01
      vertex   1.218542e+01 3.000000e+00 1.887500e+01
      vertex   1.234485e+01 3.000000e+00 1.862579e+01
    endloop
  endfacet
  facet normal 0.000000e+00 -1.000000e+00 -0.000000e+00
    outer loop
      vertex   1.361436e+01 3.000000e+00 1.970000e+01
      vertex   1.234485e+01 3.000000e+00 1.862579e+01
      vertex   1.373063e+01 3.000000e+00 1.952598e+01
    endloop
  endfacet
  facet normal 0.000000e+00 -1.000000e+00 0.000000e+00
    outer loop
      vertex   1.373063e+01 3.000000e+00 1.952598e+01
      vertex   1.234485e+01 3.000000e+00 1.862579e+01
      vertex   1.252628e+01 3.000000e+00 1.839211e+01
    endloop
  endfacet
  facet normal 0.000000e+00 -1.000000e+00 -0.000000e+00
    outer loop
      vertex   1.373063e+01 3.000000e+00 1.952598e+01
      vertex   1.252628e+01 3.000000e+00 1.839211e+01
      vertex   1.386863e+01 3.000000e+00 1.936863e+01
    endloop
  endfacet
  facet normal 0.000000e+00 -1.000000e+00 0.000000e+00
    outer loop
      vertex   1.386863e+01 3.000000e+00 1.936863e+01
      vertex   1.252628e+01 3.000000e+00 1.839211e+01
      vertex   1.272821e+01 3.000000e+00 1.817589e+01
    endloop
  endfacet
  facet normal 0.000000e+00 -1.000000e+00 0.000000e+00
    outer loop
      vertex   1.386863e+01 3.000000e+00 1.936863e+01
      vertex   1.272821e+01 3.000000e+00 1.817589e+01
      vertex   1.294896e+01 3.000000e+00 1.797894e+01
    endloop
  endfacet
  facet normal 0.000000e+00 -1.000000e+00 -0.000000e+00
    outer loop
      vertex   1.386863e+01 3.000000e+00 1.936863e+01
      vertex   1.294896e+01 3.000000e+00 1.797894e+01
      vertex   1.402598e+01 3.000000e+00 1.923063e+01
    endloop
  endfacet
  facet normal 0.000000e+00 -1.000000e+00 0.000000e+00
    outer loop
      vertex   1.402598e+01 3.000000e+00 1.923063e+01
      vertex   1.294896e+01 3.000000e+00 1.797894e+01
      vertex   1.318671e+01 3.000000e+00 1.780287e+01
    endloop
  endfacet
  facet normal 0.000000e+00 -1.000000e+00 -0.000000e+00
    outer loop
      vertex   1.402598e+01 3.000000e+00 1.923063e+01
      vertex   1.318671e+01 3.000000e+00 1.780287e+01
      vertex   1.420000e+01 3.000000e+00 1.911436e+01
    endloop
  endfacet
  facet normal 0.000000e+00 -1.000000e+00 0.000000e+00
    outer loop
      vertex   1.420000e+01 3.000000e+00 1.911436e+01
      vertex   1.318671e+01 3.000000e+00 1.780287e+01
      vertex   1.343949e+01 3.000000e+00 1.764916e+01
    endloop
  endfacet
  facet normal 0.000000e+00 -1.000000e+00 -0.000000e+00
    outer loop
      vertex   1.420000e+01 3.000000e+00 1.911436e+01
      vertex   1.343949e+01 3.000000e+00 1.764916e+01
      vertex   1.438771e+01 3.000000e+00 1.902179e+01
    endloop
  endfacet
  facet normal 0.000000e+00 -1.000000e+00 0.000000e+00
    outer loop
      vertex   1.438771e+01 3.000000e+00 1.902179e+01
      vertex   1.343949e+01 3.000000e+00 1.764916e+01
      vertex   1.370520e+01 3.000000e+00 1.751906e+01
    endloop
  endfacet
  facet normal 0.000000e+00 -1.000000e+00 0.000000e+00
    outer loop
      vertex   1.438771e+01 3.000000e+00 1.902179e+01
      vertex   1.370520e+01 3.000000e+00 1.751906e+01
      vertex   1.398163e+01 3.000000e+00 1.741367e+01
    endloop
  endfacet
  facet normal 0.000000e+00 -1.000000e+00 -0.000000e+00
    outer loop
      vertex   1.438771e+01 3.000000e+00 1.902179e+01
      vertex   1.398163e+01 3.000000e+00 1.741367e+01
      vertex   1.458589e+01 3.000000e+00 1.895452e+01
    endloop
  endfacet
  facet normal 0.000000e+00 -1.000000e+00 0.000000e+00
    outer loop
      vertex   1.458589e+01 3.000000e+00 1.895452e+01
      vertex   1.398163e+01 3.000000e+00 1.741367e+01
      vertex   1.426651e+01 3.000000e+00 1.733385e+01
    endloop
  endfacet
  facet normal 0.000000e+00 -1.000000e+00 -0.000000e+00
    outer loop
      vertex   1.458589e+01 3.000000e+00 1.895452e+01
      vertex   1.426651e+01 3.000000e+00 1.733385e+01
      vertex   1.479116e+01 3.000000e+00 1.891369e+01
    endloop
  endfacet
  facet normal 0.000000e+00 -1.000000e+00 0.000000e+00
    outer loop
      vertex   1.479116e+01 3.000000e+00 1.891369e+01
      vertex   1.426651e+01 3.000000e+00 1.733385e+01
      vertex   1.455746e+01 3.000000e+00 1.728027e+01
    endloop
  endfacet
  facet normal 0.000000e+00 -1.000000e+00 -0.000000e+00
    outer loop
      vertex   1.479116e+01 3.000000e+00 1.891369e+01
      vertex   1.455746e+01 3.000000e+00 1.728027e+01
      vertex   1.485208e+01 3.000000e+00 1.725337e+01
    endloop
  endfacet
  facet normal 0.000000e+00 -1.000000e+00 0.000000e+00
    outer loop
      vertex   1.479116e+01 3.000000e+00 1.891369e+01
      vertex   1.485208e+01 3.000000e+00 1.725337e+01
      vertex   1.500000e+01 3.000000e+00 1.890000e+01
    endloop
  endfacet
  facet normal 0.000000e+00 -1.000000e+00 -0.000000e+00
    outer loop
      vertex   1.500000e+01 3.000000e+00 1.890000e+01
      vertex   1.485208e+01 3.000000e+00 1.725337e+01
      vertex   1.514792e+01 3.000000e+00 1.725337e+01
    endloop
  endfacet
  facet normal 0.000000e+00 -1.000000e+00 0.000000e+00
    outer loop
      vertex   1.500000e+01 3.000000e+00 1.890000e+01
      vertex   1.514792e+01 3.000000e+00 1.725337e+01
      vertex   1.520884e+01 3.000000e+00 1.891369e+01
    endloop
  endfacet
  facet normal 0.000000e+00 -1.000000e+00 -0.000000e+00
    outer loop
      vertex   1.520884e+01 3.000000e+00 1.891369e+01
      vertex   1.514792e+01 3.000000e+00 1.725337e+01
      vertex   1.544254e+01 3.000000e+00 1.728027e+01
    endloop
  endfacet
  facet normal 0.000000e+00 -1.000000e+00 0.000000e+00
    outer loop
      vertex   1.520884e+01 3.000000e+00 1.891369e+01
      vertex   1.544254e+01 3.000000e+00 1.728027e+01
      vertex   1.573349e+01 3.000000e+00 1.733385e+01
    endloop
  endfacet
  facet normal 0.000000e+00 -1.000000e+00 0.000000e+00
    outer loop
      vertex   1.520884e+01 3.000000e+00 1.891369e+01
      vertex   1.573349e+01 3.000000e+00 1.733385e+01
      vertex   1.541411e+01 3.000000e+00 1.895452e+01
    endloop
  endfacet
  facet normal 0.000000e+00 -1.000000e+00 0.000000e+00
    outer loop
      vertex   1.541411e+01 3.000000e+00 1.895452e+01
      vertex   1.573349e+01 3.000000e+00 1.733385e+01
      vertex   1.601837e+01 3.000000e+00 1.741367e+01
    endloop
  endfacet
  facet normal 0.000000e+00 -1.000000e+00 0.000000e+00
    outer loop
      vertex   1.541411e+01 3.000000e+00 1.895452e+01
      vertex   1.601837e+01 3.000000e+00 1.741367e+01
      vertex   1.561229e+01 3.000000e+00 1.902179e+01
    endloop
  endfacet
  facet normal 0.000000e+00 -1.000000e+00 0.000000e+00
    outer loop
      vertex   1.561229e+01 3.000000e+00 1.902179e+01
      vertex   1.601837e+01 3.000000e+00 1.741367e+01
      vertex   1.629480e+01 3.000000e+00 1.751906e+01
    endloop
  endfacet
  facet normal 0.000000e+00 -1.000000e+00 0.000000e+00
    outer loop
      vertex   1.561229e+01 3.000000e+00 1.902179e+01
      vertex   1.629480e+01 3.000000e+00 1.751906e+01
      vertex   1.656051e+01 3.000000e+00 1.764916e+01
    endloop
  endfacet
  facet normal 0.000000e+00 -1.000000e+00 0.000000e+00
    outer loop
      vertex   1.561229e+01 3.000000e+00 1.902179e+01
      vertex   1.656051e+01 3.000000e+00 1.764916e+01
      vertex   1.580000e+01 3.000000e+00 1.911436e+01
    endloop
  endfacet
  facet normal 0.000000e+00 -1.000000e+00 0.000000e+00
    outer loop
      vertex   1.580000e+01 3.000000e+00 1.911436e+01
      vertex   1.656051e+01 3.000000e+00 1.764916e+01
      vertex   1.681329e+01 3.000000e+00 1.780287e+01
    endloop
  endfacet
  facet normal 0.000000e+00 -1.000000e+00 0.000000e+00
    outer loop
      vertex   1.580000e+01 3.000000e+00 1.911436e+01
      vertex   1.681329e+01 3.000000e+00 1.780287e+01
      vertex   1.597402e+01 3.000000e+00 1.923063e+01
    endloop
  endfacet
  facet normal 0.000000e+00 -1.000000e+00 0.000000e+00
    outer loop
      vertex   1.597402e+01 3.000000e+00 1.923063e+01
      vertex   1.681329e+01 3.000000e+00 1.780287e+01
      vertex   1.705104e+01 3.000000e+00 1.797894e+01
    endloop
  endfacet
  facet normal 0.000000e+00 -1.000000e+00 0.000000e+00
    outer loop
      vertex   1.597402e+01 3.000000e+00 1.923063e+01
      vertex   1.705104e+01 3.000000e+00 1.797894e+01
      vertex   1.613137e+01 3.000000e+00 1.936863e+01
    endloop
  endfacet
  facet normal 0.000000e+00 -1.000000e+00 0.000000e+00
    outer loop
      vertex   1.613137e+01 3.000000e+00 1.936863e+01
      vertex   1.705104e+01 3.000000e+00 1.797894e+01
      vertex   1.727179e+01 3.000000e+00 1.817589e+01
    endloop
  endfacet
  facet normal 0.000000e+00 -1.000000e+00 0.000000e+00
    outer loop
      vertex   1.613137e+01 3.000000e+00 1.936863e+01
      vertex   1.727179e+01 3.000000e+00 1.817589e+01
      vertex   1.747372e+01 3.000000e+00 1.839211e+01
    endloop
  endfacet
  facet normal 0.000000e+00 -1.000000e+00 0.000000e+00
    outer loop
      vertex   1.613137e+01 3.000000e+00 1.936863e+01
      vertex   1.747372e+01 3.000000e+00 1.839211e+01
      vertex   1.626937e+01 3.000000e+00 1.952598e+01
    endloop
  endfacet
  facet normal 0.000000e+00 -1.000000e+00 0.000000e+00
    outer loop
      vertex   1.626937e+01 3.000000e+00 1.952598e+01
      vertex   1.747372e+01 3.000000e+00 1.839211e+01
      vertex   1.765515e+01 3.000000e+00 1.862579e+01
    endloop
  endfacet
  facet normal 0.000000e+00 -1.000000e+00 0.000000e+00
    outer loop
      vertex   1.626937e+01 3.000000e+00 1.952598e+01
      vertex   1.765515e+01 3.000000e+00 1.862579e+01
      vertex   1.638564e+01 3.000000e+00 1.970000e+01
    endloop
  endfacet
  facet normal 0.000000e+00 -1.000000e+00 0.000000e+00
    outer loop
      vertex   1.638564e+01 3.000000e+00 1.970000e+01
      vertex   1.765515e+01 3.000000e+00 1.862579e+01
      vertex   1.781458e+01 3.000000e+00 1.887500e+01
    endloop
  endfacet
  facet normal 0.000000e+00 -1.000000e+00 0.000000e+00
    outer loop
      vertex   1.638564e+01 3.000000e+00 1.970000e+01
      vertex   1.781458e+01 3.000000e+00 1.887500e+01
      vertex   1.795069e+01 3.000000e+00 1.913768e+01
    endloop
  endfacet
  facet normal 0.000000e+00 -1.000000e+00 0.000000e+00
    outer loop
      vertex   1.638564e+01 3.000000e+00 1.970000e+01
      vertex   1.795069e+01 3.000000e+00 1.913768e+01
      vertex   1.647821e+01 3.000000e+00 1.988771e+01
    endloop
  endfacet
  facet normal 0.000000e+00 -1.000000e+00 0.000000e+00
    outer loop
      vertex   1.647821e+01 3.000000e+00 1.988771e+01
      vertex   1.795069e+01 3.000000e+00 1.913768e+01
      vertex   1.806235e+01 3.000000e+00 1.941164e+01
    endloop
  endfacet
  facet normal 0.000000e+00 -1.000000e+00 0.000000e+00
    outer loop
      vertex   1.647821e+01 3.000000e+00 1.988771e+01
      vertex   1.806235e+01 3.000000e+00 1.941164e+01
      vertex   1.654548e+01 3.000000e+00 2.008589e+01
    endloop
  endfacet
  facet normal 0.000000e+00 -1.000000e+00 0.000000e+00
    outer loop
      vertex   1.654548e+01 3.000000e+00 2.008589e+01
      vertex   1.806235e+01 3.000000e+00 1.941164e+01
      vertex   1.814863e+01 3.000000e+00 1.969462e+01
    endloop
  endfacet
  facet normal 0.000000e+00 -1.000000e+00 0.000000e+00
    outer loop
      vertex   1.654548e+01 3.000000e+00 2.008589e+01
      vertex   1.814863e+01 3.000000e+00 1.969462e+01
      vertex   1.820882e+01 3.000000e+00 1.998428e+01
    endloop
  endfacet
  facet normal 0.000000e+00 -1.000000e+00 0.000000e+00
    outer loop
      vertex   1.654548e+01 3.000000e+00 2.008589e+01
      vertex   1.820882e+01 3.000000e+00 1.998428e+01
      vertex   1.658631e+01 3.000000e+00 2.029116e+01
    endloop
  endfacet
  facet normal 0.000000e+00 -1.000000e+00 0.000000e+00
    outer loop
      vertex   1.658631e+01 3.000000e+00 2.029116e+01
      vertex   1.820882e+01 3.000000e+00 1.998428e+01
      vertex   1.824242e+01 3.000000e+00 2.027821e+01
    endloop
  endfacet
  facet normal 0.000000e+00 -1.000000e+00 0.000000e+00
    outer loop
      vertex   1.658631e+01 3.000000e+00 2.029116e+01
      vertex   1.824242e+01 3.000000e+00 2.027821e+01
      vertex   1.660000e+01 3.000000e+00 2.050000e+01
    endloop
  endfacet
  facet normal 0.000000e+00 -1.000000e+00 0.000000e+00
    outer loop
      vertex   1.660000e+01 3.000000e+00 2.050000e+01
      vertex   1.824242e+01 3.000000e+00 2.027821e+01
      vertex   1.824916e+01 3.000000e+00 2.057398e+01
    endloop
  endfacet
  facet normal 0.000000e+00 -1.000000e+00 0.000000e+00
    outer loop
      vertex   1.660000e+01 3.000000e+00 2.050000e+01
      vertex   1.824916e+01 3.000000e+00 2.057398e+01
      vertex   1.658631e+01 3.000000e+00 2.070884e+01
    endloop
  endfacet
  facet normal 0.000000e+00 -1.000000e+00 0.000000e+00
    outer loop
      vertex   1.658631e+01 3.000000e+00 2.070884e+01
      vertex   1.824916e+01 3.000000e+00 2.057398e+01
      vertex   1.822897e+01 3.000000e+00 2.086914e+01
    endloop
  endfacet
  facet normal 0.000000e+00 -1.000000e+00 0.000000e+00
    outer loop
      vertex   1.658631e+01 3.000000e+00 2.070884e+01
      vertex   1.822897e+01 3.000000e+00 2.086914e+01
      vertex   1.818202e+01 3.000000e+00 2.116123e+01
    endloop
  endfacet
  facet normal 0.000000e+00 -1.000000e+00 0.000000e+00
    outer loop
      vertex   1.658631e+01 3.000000e+00 2.070884e+01
      vertex   1.818202e+01 3.000000e+00 2.116123e+01
      vertex   1.654548e+01 3.000000e+00 2.091411e+01
    endloop
  endfacet
  facet normal 0.000000e+00 -1.000000e+00 0.000000e+00
    outer loop
      vertex   1.654548e+01 3.000000e+00 2.091411e+01
      vertex   1.818202e+01 3.000000e+00 2.116123e+01
      vertex   1.810871e+01 3.000000e+00 2.144785e+01
    endloop
  endfacet
  facet normal 0.000000e+00 -1.000000e+00 0.000000e+00
    outer loop
      vertex   1.654548e+01 3.000000e+00 2.091411e+01
      vertex   1.810871e+01 3.000000e+00 2.144785e+01
      vertex   1.647821e+01 3.000000e+00 2.111229e+01
    endloop
  endfacet
  facet normal 0.000000e+00 -1.000000e+00 0.000000e+00
    outer loop
      vertex   1.647821e+01 3.000000e+00 2.111229e+01
      vertex   1.810871e+01 3.000000e+00 2.144785e+01
      vertex   1.800964e+01 3.000000e+00 2.172661e+01
    endloop
  endfacet
  facet normal 0.000000e+00 -1.000000e+00 0.000000e+00
    outer loop
      vertex   1.647821e+01 3.000000e+00 2.111229e+01
      vertex   1.800964e+01 3.000000e+00 2.172661e+01
      vertex   1.788563e+01 3.000000e+00 2.199521e+01
    endloop
  endfacet
  facet normal 0.000000e+00 -1.000000e+00 0.000000e+00
    outer loop
      vertex   1.647821e+01 3.000000e+00 2.111229e+01
      vertex   1.788563e+01 3.000000e+00 2.199521e+01
      vertex   1.638564e+01 3.000000e+00 2.130000e+01
    endloop
  endfacet
  facet normal 0.000000e+00 -1.000000e+00 0.000000e+00
    outer loop
      vertex   1.638564e+01 3.000000e+00 2.130000e+01
      vertex   1.788563e+01 3.000000e+00 2.199521e+01
      vertex   1.773770e+01 3.000000e+00 2.225142e+01
    endloop
  endfacet
  facet normal 0.000000e+00 -1.000000e+00 0.000000e+00
    outer loop
      vertex   1.638564e+01 3.000000e+00 2.130000e+01
      vertex   1.773770e+01 3.000000e+00 2.225142e+01
      vertex   1.626937e+01 3.000000e+00 2.147402e+01
    endloop
  endfacet
  facet normal 0.000000e+00 -1.000000e+00 0.000000e+00
    outer loop
      vertex   1.626937e+01 3.000000e+00 2.147402e+01
      vertex   1.773770e+01 3.000000e+00 2.225142e+01
      vertex   1.756710e+01 3.000000e+00 2.249312e+01
    endloop
  endfacet
  facet normal 0.000000e+00 -1.000000e+00 0.000000e+00
    outer loop
      vertex   1.626937e+01 3.000000e+00 2.147402e+01
      vertex   1.756710e+01 3.000000e+00 2.249312e+01
      vertex   1.737522e+01 3.000000e+00 2.271830e+01
    endloop
  endfacet
  facet normal 0.000000e+00 -1.000000e+00 0.000000e+00
    outer loop
      vertex   1.626937e+01 3.000000e+00 2.147402e+01
      vertex   1.737522e+01 3.000000e+00 2.271830e+01
      vertex   1.613137e+01 3.000000e+00 2.163137e+01
    endloop
  endfacet
  facet normal 0.000000e+00 -1.000000e+00 0.000000e+00
    outer loop
      vertex   1.613137e+01 3.000000e+00 2.163137e+01
      vertex   1.737522e+01 3.000000e+00 2.271830e+01
      vertex   1.716366e+01 3.000000e+00 2.292510e+01
    endloop
  endfacet
  facet normal 0.000000e+00 -1.000000e+00 0.000000e+00
    outer loop
      vertex   1.613137e+01 3.000000e+00 2.163137e+01
      vertex   1.716366e+01 3.000000e+00 2.292510e+01
      vertex   1.597402e+01 3.000000e+00 2.176937e+01
    endloop
  endfacet
  facet normal 0.000000e+00 -1.000000e+00 0.000000e+00
    outer loop
      vertex   1.597402e+01 3.000000e+00 2.176937e+01
      vertex   1.716366e+01 3.000000e+00 2.292510e+01
      vertex   1.693417e+01 3.000000e+00 2.311180e+01
    endloop
  endfacet
  facet normal 0.000000e+00 -1.000000e+00 0.000000e+00
    outer loop
      vertex   1.597402e+01 3.000000e+00 2.176937e+01
      vertex   1.693417e+01 3.000000e+00 2.311180e+01
      vertex   1.668865e+01 3.000000e+00 2.327686e+01
    endloop
  endfacet
  facet normal 0.000000e+00 -1.000000e+00 0.000000e+00
    outer loop
      vertex   1.597402e+01 3.000000e+00 2.176937e+01
      vertex   1.668865e+01 3.000000e+00 2.327686e+01
      vertex   1.580000e+01 3.000000e+00 2.188564e+01
    endloop
  endfacet
  facet normal 0.000000e+00 -1.000000e+00 0.000000e+00
    outer loop
      vertex   1.580000e+01 3.000000e+00 2.188564e+01
      vertex   1.668865e+01 3.000000e+00 2.327686e+01
      vertex   1.642914e+01 3.000000e+00 2.341892e+01
    endloop
  endfacet
  facet normal 0.000000e+00 -1.000000e+00 0.000000e+00
    outer loop
      vertex   1.580000e+01 3.000000e+00 2.188564e+01
      vertex   1.642914e+01 3.000000e+00 2.341892e+01
      vertex   1.561229e+01 3.000000e+00 2.197821e+01
    endloop
  endfacet
  facet normal 0.000000e+00 -1.000000e+00 0.000000e+00
    outer loop
      vertex   1.561229e+01 3.000000e+00 2.197821e+01
      vertex   1.642914e+01 3.000000e+00 2.341892e+01
      vertex   1.615779e+01 3.000000e+00 2.353678e+01
    endloop
  endfacet
  facet normal 0.000000e+00 -1.000000e+00 0.000000e+00
    outer loop
      vertex   1.561229e+01 3.000000e+00 2.197821e+01
      vertex   1.615779e+01 3.000000e+00 2.353678e+01
      vertex   1.541411e+01 3.000000e+00 2.204548e+01
    endloop
  endfacet
  facet normal 0.000000e+00 -1.000000e+00 0.000000e+00
    outer loop
      vertex   1.541411e+01 3.000000e+00 2.204548e+01
      vertex   1.615779e+01 3.000000e+00 2.353678e+01
      vertex   1.587684e+01 3.000000e+00 2.362948e+01
    endloop
  endfacet
  facet normal 0.000000e+00 -1.000000e+00 0.000000e+00
    outer loop
      vertex   1.541411e+01 3.000000e+00 2.204548e+01
      vertex   1.587684e+01 3.000000e+00 2.362948e+01
      vertex   1.558863e+01 3.000000e+00 2.369625e+01
    endloop
  endfacet
  facet normal 0.000000e+00 -1.000000e+00 0.000000e+00
    outer loop
      vertex   1.541411e+01 3.000000e+00 2.204548e+01
      vertex   1.558863e+01 3.000000e+00 2.369625e+01
      vertex   1.520884e+01 3.000000e+00 2.208631e+01
    endloop
  endfacet
  facet normal 0.000000e+00 -1.000000e+00 0.000000e+00
    outer loop
      vertex   1.520884e+01 3.000000e+00 2.208631e+01
      vertex   1.558863e+01 3.000000e+00 2.369625e+01
      vertex   1.529554e+01 3.000000e+00 2.373653e+01
    endloop
  endfacet
  facet normal 0.000000e+00 -1.000000e+00 0.000000e+00
    outer loop
      vertex   1.520884e+01 3.000000e+00 2.208631e+01
      vertex   1.529554e+01 3.000000e+00 2.373653e+01
      vertex   1.500000e+01 3.000000e+00 2.210000e+01
    endloop
  endfacet
  facet normal -0.000000e+00 -1.000000e+00 0.000000e+00
    outer loop
      vertex   -1.470446e+01 3.000000e+00 2.373653e+01
      vertex   -1.500000e+01 3.000000e+00 2.375000e+01
      vertex   -1.500000e+01 3.000000e+00 2.210000e+01
    endloop
  endfacet
  facet normal 0.000000e+00 -1.000000e+00 0.000000e+00
    outer loop
      vertex   -1.500000e+01 3.000000e+00 2.210000e+01
      vertex   -1.500000e+01 3.000000e+00 2.375000e+01
      vertex   -1.529554e+01 3.000000e+00 2.373653e+01
    endloop
  endfacet
  facet normal -0.000000e+00 -1.000000e+00 0.000000e+00
    outer loop
      vertex   -1.500000e+01 3.000000e+00 2.210000e+01
      vertex   -1.529554e+01 3.000000e+00 2.373653e+01
      vertex   -1.520884e+01 3.000000e+00 2.208631e+01
    endloop
  endfacet
  facet normal 0.000000e+00 -1.000000e+00 0.000000e+00
    outer loop
      vertex   -1.520884e+01 3.000000e+00 2.208631e+01
      vertex   -1.529554e+01 3.000000e+00 2.373653e+01
      vertex   -1.558863e+01 3.000000e+00 2.369625e+01
    endloop
  endfacet
  facet normal -0.000000e+00 -1.000000e+00 0.000000e+00
    outer loop
      vertex   -1.520884e+01 3.000000e+00 2.208631e+01
      vertex   -1.558863e+01 3.000000e+00 2.369625e+01
      vertex   -1.541411e+01 3.000000e+00 2.204548e+01
    endloop
  endfacet
  facet normal 0.000000e+00 -1.000000e+00 0.000000e+00
    outer loop
      vertex   -1.541411e+01 3.000000e+00 2.204548e+01
      vertex   -1.558863e+01 3.000000e+00 2.369625e+01
      vertex   -1.587684e+01 3.000000e+00 2.362948e+01
    endloop
  endfacet
  facet normal 0.000000e+00 -1.000000e+00 0.000000e+00
    outer loop
      vertex   -1.541411e+01 3.000000e+00 2.204548e+01
      vertex   -1.587684e+01 3.000000e+00 2.362948e+01
      vertex   -1.615779e+01 3.000000e+00 2.353678e+01
    endloop
  endfacet
  facet normal -0.000000e+00 -1.000000e+00 0.000000e+00
    outer loop
      vertex   -1.541411e+01 3.000000e+00 2.204548e+01
      vertex   -1.615779e+01 3.000000e+00 2.353678e+01
      vertex   -1.561229e+01 3.000000e+00 2.197821e+01
    endloop
  endfacet
  facet normal 0.000000e+00 -1.000000e+00 0.000000e+00
    outer loop
      vertex   -1.561229e+01 3.000000e+00 2.197821e+01
      vertex   -1.615779e+01 3.000000e+00 2.353678e+01
      vertex   -1.642914e+01 3.000000e+00 2.341892e+01
    endloop
  endfacet
  facet normal -0.000000e+00 -1.000000e+00 0.000000e+00
    outer loop
      vertex   -1.561229e+01 3.000000e+00 2.197821e+01
      vertex   -1.642914e+01 3.000000e+00 2.341892e+01
      vertex   -1.580000e+01 3.000000e+00 2.188564e+01
    endloop
  endfacet
  facet normal 0.000000e+00 -1.000000e+00 0.000000e+00
    outer loop
      vertex   -1.580000e+01 3.000000e+00 2.188564e+01
      vertex   -1.642914e+01 3.000000e+00 2.341892e+01
      vertex   -1.668865e+01 3.000000e+00 2.327686e+01
    endloop
  endfacet
  facet normal -0.000000e+00 -1.000000e+00 0.000000e+00
    outer loop
      vertex   -1.580000e+01 3.000000e+00 2.188564e+01
      vertex   -1.668865e+01 3.000000e+00 2.327686e+01
      vertex   -1.597402e+01 3.000000e+00 2.176937e+01
    endloop
  endfacet
  facet normal 0.000000e+00 -1.000000e+00 0.000000e+00
    outer loop
      vertex   -1.597402e+01 3.000000e+00 2.176937e+01
      vertex   -1.668865e+01 3.000000e+00 2.327686e+01
      vertex   -1.693417e+01 3.000000e+00 2.311180e+01
    endloop
  endfacet
  facet normal 0.000000e+00 -1.000000e+00 0.000000e+00
    outer loop
      vertex   -1.597402e+01 3.000000e+00 2.176937e+01
      vertex   -1.693417e+01 3.000000e+00 2.311180e+01
      vertex   -1.716366e+01 3.000000e+00 2.292510e+01
    endloop
  endfacet
  facet normal -0.000000e+00 -1.000000e+00 0.000000e+00
    outer loop
      vertex   -1.597402e+01 3.000000e+00 2.176937e+01
      vertex   -1.716366e+01 3.000000e+00 2.292510e+01
      vertex   -1.613137e+01 3.000000e+00 2.163137e+01
    endloop
  endfacet
  facet normal 0.000000e+00 -1.000000e+00 0.000000e+00
    outer loop
      vertex   -1.613137e+01 3.000000e+00 2.163137e+01
      vertex   -1.716366e+01 3.000000e+00 2.292510e+01
      vertex   -1.737522e+01 3.000000e+00 2.271830e+01
    endloop
  endfacet
  facet normal -0.000000e+00 -1.000000e+00 0.000000e+00
    outer loop
      vertex   -1.613137e+01 3.000000e+00 2.163137e+01
      vertex   -1.737522e+01 3.000000e+00 2.271830e+01
      vertex   -1.626937e+01 3.000000e+00 2.147402e+01
    endloop
  endfacet
  facet normal 0.000000e+00 -1.000000e+00 0.000000e+00
    outer loop
      vertex   -1.626937e+01 3.000000e+00 2.147402e+01
      vertex   -1.737522e+01 3.000000e+00 2.271830e+01
      vertex   -1.756710e+01 3.000000e+00 2.249312e+01
    endloop
  endfacet
  facet normal 0.000000e+00 -1.000000e+00 0.000000e+00
    outer loop
      vertex   -1.626937e+01 3.000000e+00 2.147402e+01
      vertex   -1.756710e+01 3.000000e+00 2.249312e+01
      vertex   -1.773770e+01 3.000000e+00 2.225142e+01
    endloop
  endfacet
  facet normal -0.000000e+00 -1.000000e+00 0.000000e+00
    outer loop
      vertex   -1.626937e+01 3.000000e+00 2.147402e+01
      vertex   -1.773770e+01 3.000000e+00 2.225142e+01
      vertex   -1.638564e+01 3.000000e+00 2.130000e+01
    endloop
  endfacet
  facet normal 0.000000e+00 -1.000000e+00 0.000000e+00
    outer loop
      vertex   -1.638564e+01 3.000000e+00 2.130000e+01
      vertex   -1.773770e+01 3.000000e+00 2.225142e+01
      vertex   -1.788563e+01 3.000000e+00 2.199521e+01
    endloop
  endfacet
  facet normal -0.000000e+00 -1.000000e+00 0.000000e+00
    outer loop
      vertex   -1.638564e+01 3.000000e+00 2.130000e+01
      vertex   -1.788563e+01 3.000000e+00 2.199521e+01
      vertex   -1.647821e+01 3.000000e+00 2.111229e+01
    endloop
  endfacet
  facet normal 0.000000e+00 -1.000000e+00 0.000000e+00
    outer loop
      vertex   -1.647821e+01 3.000000e+00 2.111229e+01
      vertex   -1.788563e+01 3.000000e+00 2.199521e+01
      vertex   -1.800964e+01 3.000000e+00 2.172661e+01
    endloop
  endfacet
  facet normal 0.000000e+00 -1.000000e+00 0.000000e+00
    outer loop
      vertex   -1.647821e+01 3.000000e+00 2.111229e+01
      vertex   -1.800964e+01 3.000000e+00 2.172661e+01
      vertex   -1.810871e+01 3.000000e+00 2.144785e+01
    endloop
  endfacet
  facet normal -0.000000e+00 -1.000000e+00 0.000000e+00
    outer loop
      vertex   -1.647821e+01 3.000000e+00 2.111229e+01
      vertex   -1.810871e+01 3.000000e+00 2.144785e+01
      vertex   -1.654548e+01 3.000000e+00 2.091411e+01
    endloop
  endfacet
  facet normal 0.000000e+00 -1.000000e+00 0.000000e+00
    outer loop
      vertex   -1.654548e+01 3.000000e+00 2.091411e+01
      vertex   -1.810871e+01 3.000000e+00 2.144785e+01
      vertex   -1.818202e+01 3.000000e+00 2.116123e+01
    endloop
  endfacet
  facet normal -0.000000e+00 -1.000000e+00 0.000000e+00
    outer loop
      vertex   -1.654548e+01 3.000000e+00 2.091411e+01
      vertex   -1.818202e+01 3.000000e+00 2.116123e+01
      vertex   -1.658631e+01 3.000000e+00 2.070884e+01
    endloop
  endfacet
  facet normal 0.000000e+00 -1.000000e+00 0.000000e+00
    outer loop
      vertex   -1.658631e+01 3.000000e+00 2.070884e+01
      vertex   -1.818202e+01 3.000000e+00 2.116123e+01
      vertex   -1.822897e+01 3.000000e+00 2.086914e+01
    endloop
  endfacet
  facet normal -0.000000e+00 -1.000000e+00 0.000000e+00
    outer loop
      vertex   -1.658631e+01 3.000000e+00 2.070884e+01
      vertex   -1.822897e+01 3.000000e+00 2.086914e+01
      vertex   -1.824916e+01 3.000000e+00 2.057398e+01
    endloop
  endfacet
  facet normal 0.000000e+00 -1.000000e+00 0.000000e+00
    outer loop
      vertex   -1.658631e+01 3.000000e+00 2.070884e+01
      vertex   -1.824916e+01 3.000000e+00 2.057398e+01
      vertex   -1.660000e+01 3.000000e+00 2.050000e+01
    endloop
  endfacet
  facet normal -0.000000e+00 -1.000000e+00 0.000000e+00
    outer loop
      vertex   -1.660000e+01 3.000000e+00 2.050000e+01
      vertex   -1.824916e+01 3.000000e+00 2.057398e+01
      vertex   -1.824242e+01 3.000000e+00 2.027821e+01
    endloop
  endfacet
  facet normal 0.000000e+00 -1.000000e+00 -0.000000e+00
    outer loop
      vertex   -1.660000e+01 3.000000e+00 2.050000e+01
      vertex   -1.824242e+01 3.000000e+00 2.027821e+01
      vertex   -1.658631e+01 3.000000e+00 2.029116e+01
    endloop
  endfacet
  facet normal 0.000000e+00 -1.000000e+00 0.000000e+00
    outer loop
      vertex   -1.658631e+01 3.000000e+00 2.029116e+01
      vertex   -1.824242e+01 3.000000e+00 2.027821e+01
      vertex   -1.820882e+01 3.000000e+00 1.998428e+01
    endloop
  endfacet
  facet normal 0.000000e+00 -1.000000e+00 -0.000000e+00
    outer loop
      vertex   -1.658631e+01 3.000000e+00 2.029116e+01
      vertex   -1.820882e+01 3.000000e+00 1.998428e+01
      vertex   -1.654548e+01 3.000000e+00 2.008589e+01
    endloop
  endfacet
  facet normal 0.000000e+00 -1.000000e+00 0.000000e+00
    outer loop
      vertex   -1.654548e+01 3.000000e+00 2.008589e+01
      vertex   -1.820882e+01 3.000000e+00 1.998428e+01
      vertex   -1.814863e+01 3.000000e+00 1.969462e+01
    endloop
  endfacet
  facet normal 0.000000e+00 -1.000000e+00 0.000000e+00
    outer loop
      vertex   -1.654548e+01 3.000000e+00 2.008589e+01
      vertex   -1.814863e+01 3.000000e+00 1.969462e+01
      vertex   -1.806235e+01 3.000000e+00 1.941164e+01
    endloop
  endfacet
  facet normal 0.000000e+00 -1.000000e+00 -0.000000e+00
    outer loop
      vertex   -1.654548e+01 3.000000e+00 2.008589e+01
      vertex   -1.806235e+01 3.000000e+00 1.941164e+01
      vertex   -1.647821e+01 3.000000e+00 1.988771e+01
    endloop
  endfacet
  facet normal 0.000000e+00 -1.000000e+00 0.000000e+00
    outer loop
      vertex   -1.647821e+01 3.000000e+00 1.988771e+01
      vertex   -1.806235e+01 3.000000e+00 1.941164e+01
      vertex   -1.795069e+01 3.000000e+00 1.913768e+01
    endloop
  endfacet
  facet normal 0.000000e+00 -1.000000e+00 -0.000000e+00
    outer loop
      vertex   -1.647821e+01 3.000000e+00 1.988771e+01
      vertex   -1.795069e+01 3.000000e+00 1.913768e+01
      vertex   -1.638564e+01 3.000000e+00 1.970000e+01
    endloop
  endfacet
  facet normal 0.000000e+00 -1.000000e+00 0.000000e+00
    outer loop
      vertex   -1.638564e+01 3.000000e+00 1.970000e+01
      vertex   -1.795069e+01 3.000000e+00 1.913768e+01
      vertex   -1.781458e+01 3.000000e+00 1.887500e+01
    endloop
  endfacet
  facet normal 0.000000e+00 -1.000000e+00 0.000000e+00
    outer loop
      vertex   -1.638564e+01 3.000000e+00 1.970000e+01
      vertex   -1.781458e+01 3.000000e+00 1.887500e+01
      vertex   -1.765515e+01 3.000000e+00 1.862579e+01
    endloop
  endfacet
  facet normal 0.000000e+00 -1.000000e+00 -0.000000e+00
    outer loop
      vertex   -1.638564e+01 3.000000e+00 1.970000e+01
      vertex   -1.765515e+01 3.000000e+00 1.862579e+01
      vertex   -1.626937e+01 3.000000e+00 1.952598e+01
    endloop
  endfacet
  facet normal 0.000000e+00 -1.000000e+00 0.000000e+00
    outer loop
      vertex   -1.626937e+01 3.000000e+00 1.952598e+01
      vertex   -1.765515e+01 3.000000e+00 1.862579e+01
      vertex   -1.747372e+01 3.000000e+00 1.839211e+01
    endloop
  endfacet
  facet normal 0.000000e+00 -1.000000e+00 -0.000000e+00
    outer loop
      vertex   -1.626937e+01 3.000000e+00 1.952598e+01
      vertex   -1.747372e+01 3.000000e+00 1.839211e+01
      vertex   -1.613137e+01 3.000000e+00 1.936863e+01
    endloop
  endfacet
  facet normal 0.000000e+00 -1.000000e+00 0.000000e+00
    outer loop
      vertex   -1.613137e+01 3.000000e+00 1.936863e+01
      vertex   -1.747372e+01 3.000000e+00 1.839211e+01
      vertex   -1.727179e+01 3.000000e+00 1.817589e+01
    endloop
  endfacet
  facet normal 0.000000e+00 -1.000000e+00 0.000000e+00
    outer loop
      vertex   -1.613137e+01 3.000000e+00 1.936863e+01
      vertex   -1.727179e+01 3.000000e+00 1.817589e+01
      vertex   -1.705104e+01 3.000000e+00 1.797894e+01
    endloop
  endfacet
  facet normal 0.000000e+00 -1.000000e+00 -0.000000e+00
    outer loop
      vertex   -1.613137e+01 3.000000e+00 1.936863e+01
      vertex   -1.705104e+01 3.000000e+00 1.797894e+01
      vertex   -1.597402e+01 3.000000e+00 1.923063e+01
    endloop
  endfacet
  facet normal 0.000000e+00 -1.000000e+00 0.000000e+00
    outer loop
      vertex   -1.597402e+01 3.000000e+00 1.923063e+01
      vertex   -1.705104e+01 3.000000e+00 1.797894e+01
      vertex   -1.681329e+01 3.000000e+00 1.780287e+01
    endloop
  endfacet
  facet normal 0.000000e+00 -1.000000e+00 -0.000000e+00
    outer loop
      vertex   -1.597402e+01 3.000000e+00 1.923063e+01
      vertex   -1.681329e+01 3.000000e+00 1.780287e+01
      vertex   -1.580000e+01 3.000000e+00 1.911436e+01
    endloop
  endfacet
  facet normal 0.000000e+00 -1.000000e+00 0.000000e+00
    outer loop
      vertex   -1.580000e+01 3.000000e+00 1.911436e+01
      vertex   -1.681329e+01 3.000000e+00 1.780287e+01
      vertex   -1.656051e+01 3.000000e+00 1.764916e+01
    endloop
  endfacet
  facet normal 0.000000e+00 -1.000000e+00 -0.000000e+00
    outer loop
      vertex   -1.580000e+01 3.000000e+00 1.911436e+01
      vertex   -1.656051e+01 3.000000e+00 1.764916e+01
      vertex   -1.561229e+01 3.000000e+00 1.902179e+01
    endloop
  endfacet
  facet normal 0.000000e+00 -1.000000e+00 0.000000e+00
    outer loop
      vertex   -1.561229e+01 3.000000e+00 1.902179e+01
      vertex   -1.656051e+01 3.000000e+00 1.764916e+01
      vertex   -1.629480e+01 3.000000e+00 1.751906e+01
    endloop
  endfacet
  facet normal 0.000000e+00 -1.000000e+00 0.000000e+00
    outer loop
      vertex   -1.561229e+01 3.000000e+00 1.902179e+01
      vertex   -1.629480e+01 3.000000e+00 1.751906e+01
      vertex   -1.601837e+01 3.000000e+00 1.741367e+01
    endloop
  endfacet
  facet normal 0.000000e+00 -1.000000e+00 -0.000000e+00
    outer loop
      vertex   -1.561229e+01 3.000000e+00 1.902179e+01
      vertex   -1.601837e+01 3.000000e+00 1.741367e+01
      vertex   -1.541411e+01 3.000000e+00 1.895452e+01
    endloop
  endfacet
  facet normal 0.000000e+00 -1.000000e+00 0.000000e+00
    outer loop
      vertex   -1.541411e+01 3.000000e+00 1.895452e+01
      vertex   -1.601837e+01 3.000000e+00 1.741367e+01
      vertex   -1.573349e+01 3.000000e+00 1.733385e+01
    endloop
  endfacet
  facet normal 0.000000e+00 -1.000000e+00 -0.000000e+00
    outer loop
      vertex   -1.541411e+01 3.000000e+00 1.895452e+01
      vertex   -1.573349e+01 3.000000e+00 1.733385e+01
      vertex   -1.520884e+01 3.000000e+00 1.891369e+01
    endloop
  endfacet
  facet normal 0.000000e+00 -1.000000e+00 0.000000e+00
    outer loop
      vertex   -1.520884e+01 3.000000e+00 1.891369e+01
      vertex   -1.573349e+01 3.000000e+00 1.733385e+01
      vertex   -1.544254e+01 3.000000e+00 1.728027e+01
    endloop
  endfacet
  facet normal 0.000000e+00 -1.000000e+00 -0.000000e+00
    outer loop
      vertex   -1.520884e+01 3.000000e+00 1.891369e+01
      vertex   -1.544254e+01 3.000000e+00 1.728027e+01
      vertex   -1.514792e+01 3.000000e+00 1.725337e+01
    endloop
  endfacet
  facet normal 0.000000e+00 -1.000000e+00 0.000000e+00
    outer loop
      vertex   -1.520884e+01 3.000000e+00 1.891369e+01
      vertex   -1.514792e+01 3.000000e+00 1.725337e+01
      vertex   -1.500000e+01 3.000000e+00 1.890000e+01
    endloop
  endfacet
  facet normal 0.000000e+00 -1.000000e+00 -0.000000e+00
    outer loop
      vertex   -1.500000e+01 3.000000e+00 1.890000e+01
      vertex   -1.514792e+01 3.000000e+00 1.725337e+01
      vertex   -1.485208e+01 3.000000e+00 1.725337e+01
    endloop
  endfacet
  facet normal 0.000000e+00 -1.000000e+00 0.000000e+00
    outer loop
      vertex   -1.500000e+01 3.000000e+00 1.890000e+01
      vertex   -1.485208e+01 3.000000e+00 1.725337e+01
      vertex   -1.479116e+01 3.000000e+00 1.891369e+01
    endloop
  endfacet
  facet normal 0.000000e+00 -1.000000e+00 -0.000000e+00
    outer loop
      vertex   -1.479116e+01 3.000000e+00 1.891369e+01
      vertex   -1.485208e+01 3.000000e+00 1.725337e+01
      vertex   -1.455746e+01 3.000000e+00 1.728027e+01
    endloop
  endfacet
  facet normal 0.000000e+00 -1.000000e+00 0.000000e+00
    outer loop
      vertex   -1.479116e+01 3.000000e+00 1.891369e+01
      vertex   -1.455746e+01 3.000000e+00 1.728027e+01
      vertex   -1.426651e+01 3.000000e+00 1.733385e+01
    endloop
  endfacet
  facet normal 0.000000e+00 -1.000000e+00 0.000000e+00
    outer loop
      vertex   -1.479116e+01 3.000000e+00 1.891369e+01
      vertex   -1.426651e+01 3.000000e+00 1.733385e+01
      vertex   -1.458589e+01 3.000000e+00 1.895452e+01
    endloop
  endfacet
  facet normal 0.000000e+00 -1.000000e+00 0.000000e+00
    outer loop
      vertex   -1.458589e+01 3.000000e+00 1.895452e+01
      vertex   -1.426651e+01 3.000000e+00 1.733385e+01
      vertex   -1.398163e+01 3.000000e+00 1.741367e+01
    endloop
  endfacet
  facet normal 0.000000e+00 -1.000000e+00 0.000000e+00
    outer loop
      vertex   -1.458589e+01 3.000000e+00 1.895452e+01
      vertex   -1.398163e+01 3.000000e+00 1.741367e+01
      vertex   -1.438771e+01 3.000000e+00 1.902179e+01
    endloop
  endfacet
  facet normal 0.000000e+00 -1.000000e+00 0.000000e+00
    outer loop
      vertex   -1.438771e+01 3.000000e+00 1.902179e+01
      vertex   -1.398163e+01 3.000000e+00 1.741367e+01
      vertex   -1.370520e+01 3.000000e+00 1.751906e+01
    endloop
  endfacet
  facet normal 0.000000e+00 -1.000000e+00 0.000000e+00
    outer loop
      vertex   -1.438771e+01 3.000000e+00 1.902179e+01
      vertex   -1.370520e+01 3.000000e+00 1.751906e+01
      vertex   -1.343949e+01 3.000000e+00 1.764916e+01
    endloop
  endfacet
  facet normal 0.000000e+00 -1.000000e+00 0.000000e+00
    outer loop
      vertex   -1.438771e+01 3.000000e+00 1.902179e+01
      vertex   -1.343949e+01 3.000000e+00 1.764916e+01
      vertex   -1.420000e+01 3.000000e+00 1.911436e+01
    endloop
  endfacet
  facet normal 0.000000e+00 -1.000000e+00 0.000000e+00
    outer loop
      vertex   -1.420000e+01 3.000000e+00 1.911436e+01
      vertex   -1.343949e+01 3.000000e+00 1.764916e+01
      vertex   -1.318671e+01 3.000000e+00 1.780287e+01
    endloop
  endfacet
  facet normal 0.000000e+00 -1.000000e+00 0.000000e+00
    outer loop
      vertex   -1.420000e+01 3.000000e+00 1.911436e+01
      vertex   -1.318671e+01 3.000000e+00 1.780287e+01
      vertex   -1.402598e+01 3.000000e+00 1.923063e+01
    endloop
  endfacet
  facet normal 0.000000e+00 -1.000000e+00 0.000000e+00
    outer loop
      vertex   -1.402598e+01 3.000000e+00 1.923063e+01
      vertex   -1.318671e+01 3.000000e+00 1.780287e+01
      vertex   -1.294896e+01 3.000000e+00 1.797894e+01
    endloop
  endfacet
  facet normal 0.000000e+00 -1.000000e+00 0.000000e+00
    outer loop
      vertex   -1.402598e+01 3.000000e+00 1.923063e+01
      vertex   -1.294896e+01 3.000000e+00 1.797894e+01
      vertex   -1.386863e+01 3.000000e+00 1.936863e+01
    endloop
  endfacet
  facet normal 0.000000e+00 -1.000000e+00 0.000000e+00
    outer loop
      vertex   -1.386863e+01 3.000000e+00 1.936863e+01
      vertex   -1.294896e+01 3.000000e+00 1.797894e+01
      vertex   -1.272821e+01 3.000000e+00 1.817589e+01
    endloop
  endfacet
  facet normal 0.000000e+00 -1.000000e+00 0.000000e+00
    outer loop
      vertex   -1.386863e+01 3.000000e+00 1.936863e+01
      vertex   -1.272821e+01 3.000000e+00 1.817589e+01
      vertex   -1.252628e+01 3.000000e+00 1.839211e+01
    endloop
  endfacet
  facet normal 0.000000e+00 -1.000000e+00 0.000000e+00
    outer loop
      vertex   -1.386863e+01 3.000000e+00 1.936863e+01
      vertex   -1.252628e+01 3.000000e+00 1.839211e+01
      vertex   -1.373063e+01 3.000000e+00 1.952598e+01
    endloop
  endfacet
  facet normal 0.000000e+00 -1.000000e+00 0.000000e+00
    outer loop
      vertex   -1.373063e+01 3.000000e+00 1.952598e+01
      vertex   -1.252628e+01 3.000000e+00 1.839211e+01
      vertex   -1.234485e+01 3.000000e+00 1.862579e+01
    endloop
  endfacet
  facet normal 0.000000e+00 -1.000000e+00 0.000000e+00
    outer loop
      vertex   -1.373063e+01 3.000000e+00 1.952598e+01
      vertex   -1.234485e+01 3.000000e+00 1.862579e+01
      vertex   -1.361436e+01 3.000000e+00 1.970000e+01
    endloop
  endfacet
  facet normal 0.000000e+00 -1.000000e+00 0.000000e+00
    outer loop
      vertex   -1.361436e+01 3.000000e+00 1.970000e+01
      vertex   -1.234485e+01 3.000000e+00 1.862579e+01
      vertex   -1.218542e+01 3.000000e+00 1.887500e+01
    endloop
  endfacet
  facet normal 0.000000e+00 -1.000000e+00 0.000000e+00
    outer loop
      vertex   -1.361436e+01 3.000000e+00 1.970000e+01
      vertex   -1.218542e+01 3.000000e+00 1.887500e+01
      vertex   -1.204931e+01 3.000000e+00 1.913768e+01
    endloop
  endfacet
  facet normal 0.000000e+00 -1.000000e+00 0.000000e+00
    outer loop
      vertex   -1.361436e+01 3.000000e+00 1.970000e+01
      vertex   -1.204931e+01 3.000000e+00 1.913768e+01
      vertex   -1.352179e+01 3.000000e+00 1.988771e+01
    endloop
  endfacet
  facet normal 0.000000e+00 -1.000000e+00 0.000000e+00
    outer loop
      vertex   -1.352179e+01 3.000000e+00 1.988771e+01
      vertex   -1.204931e+01 3.000000e+00 1.913768e+01
      vertex   -1.193765e+01 3.000000e+00 1.941164e+01
    endloop
  endfacet
  facet normal 0.000000e+00 -1.000000e+00 0.000000e+00
    outer loop
      vertex   -1.352179e+01 3.000000e+00 1.988771e+01
      vertex   -1.193765e+01 3.000000e+00 1.941164e+01
      vertex   -1.345452e+01 3.000000e+00 2.008589e+01
    endloop
  endfacet
  facet normal 0.000000e+00 -1.000000e+00 0.000000e+00
    outer loop
      vertex   -1.345452e+01 3.000000e+00 2.008589e+01
      vertex   -1.193765e+01 3.000000e+00 1.941164e+01
      vertex   -1.185137e+01 3.000000e+00 1.969462e+01
    endloop
  endfacet
  facet normal 0.000000e+00 -1.000000e+00 0.000000e+00
    outer loop
      vertex   -1.345452e+01 3.000000e+00 2.008589e+01
      vertex   -1.185137e+01 3.000000e+00 1.969462e+01
      vertex   -1.179118e+01 3.000000e+00 1.998428e+01
    endloop
  endfacet
  facet normal 0.000000e+00 -1.000000e+00 0.000000e+00
    outer loop
      vertex   -1.345452e+01 3.000000e+00 2.008589e+01
      vertex   -1.179118e+01 3.000000e+00 1.998428e+01
      vertex   -1.341369e+01 3.000000e+00 2.029116e+01
    endloop
  endfacet
  facet normal 0.000000e+00 -1.000000e+00 0.000000e+00
    outer loop
      vertex   -1.341369e+01 3.000000e+00 2.029116e+01
      vertex   -1.179118e+01 3.000000e+00 1.998428e+01
      vertex   -1.175758e+01 3.000000e+00 2.027821e+01
    endloop
  endfacet
  facet normal 0.000000e+00 -1.000000e+00 0.000000e+00
    outer loop
      vertex   -1.341369e+01 3.000000e+00 2.029116e+01
      vertex   -1.175758e+01 3.000000e+00 2.027821e+01
      vertex   -1.340000e+01 3.000000e+00 2.050000e+01
    endloop
  endfacet
  facet normal 0.000000e+00 -1.000000e+00 0.000000e+00
    outer loop
      vertex   -1.340000e+01 3.000000e+00 2.050000e+01
      vertex   -1.175758e+01 3.000000e+00 2.027821e+01
      vertex   -1.175084e+01 3.000000e+00 2.057398e+01
    endloop
  endfacet
  facet normal 0.000000e+00 -1.000000e+00 0.000000e+00
    outer loop
      vertex   -1.340000e+01 3.000000e+00 2.050000e+01
      vertex   -1.175084e+01 3.000000e+00 2.057398e+01
      vertex   -1.341369e+01 3.000000e+00 2.070884e+01
    endloop
  endfacet
  facet normal 0.000000e+00 -1.000000e+00 0.000000e+00
    outer loop
      vertex   -1.341369e+01 3.000000e+00 2.070884e+01
      vertex   -1.175084e+01 3.000000e+00 2.057398e+01
      vertex   -1.177103e+01 3.000000e+00 2.086914e+01
    endloop
  endfacet
  facet normal 0.000000e+00 -1.000000e+00 0.000000e+00
    outer loop
      vertex   -1.341369e+01 3.000000e+00 2.070884e+01
      vertex   -1.177103e+01 3.000000e+00 2.086914e+01
      vertex   -1.181798e+01 3.000000e+00 2.116123e+01
    endloop
  endfacet
  facet normal 0.000000e+00 -1.000000e+00 0.000000e+00
    outer loop
      vertex   -1.341369e+01 3.000000e+00 2.070884e+01
      vertex   -1.181798e+01 3.000000e+00 2.116123e+01
      vertex   -1.345452e+01 3.000000e+00 2.091411e+01
    endloop
  endfacet
  facet normal 0.000000e+00 -1.000000e+00 0.000000e+00
    outer loop
      vertex   -1.345452e+01 3.000000e+00 2.091411e+01
      vertex   -1.181798e+01 3.000000e+00 2.116123e+01
      vertex   -1.189129e+01 3.000000e+00 2.144785e+01
    endloop
  endfacet
  facet normal 0.000000e+00 -1.000000e+00 0.000000e+00
    outer loop
      vertex   -1.345452e+01 3.000000e+00 2.091411e+01
      vertex   -1.189129e+01 3.000000e+00 2.144785e+01
      vertex   -1.352179e+01 3.000000e+00 2.111229e+01
    endloop
  endfacet
  facet normal 0.000000e+00 -1.000000e+00 0.000000e+00
    outer loop
      vertex   -1.352179e+01 3.000000e+00 2.111229e+01
      vertex   -1.189129e+01 3.000000e+00 2.144785e+01
      vertex   -1.199036e+01 3.000000e+00 2.172661e+01
    endloop
  endfacet
  facet normal 0.000000e+00 -1.000000e+00 0.000000e+00
    outer loop
      vertex   -1.352179e+01 3.000000e+00 2.111229e+01
      vertex   -1.199036e+01 3.000000e+00 2.172661e+01
      vertex   -1.211437e+01 3.000000e+00 2.199521e+01
    endloop
  endfacet
  facet normal 0.000000e+00 -1.000000e+00 0.000000e+00
    outer loop
      vertex   -1.352179e+01 3.000000e+00 2.111229e+01
      vertex   -1.211437e+01 3.000000e+00 2.199521e+01
      vertex   -1.361436e+01 3.000000e+00 2.130000e+01
    endloop
  endfacet
  facet normal 0.000000e+00 -1.000000e+00 0.000000e+00
    outer loop
      vertex   -1.361436e+01 3.000000e+00 2.130000e+01
      vertex   -1.211437e+01 3.000000e+00 2.199521e+01
      vertex   -1.226230e+01 3.000000e+00 2.225142e+01
    endloop
  endfacet
  facet normal 0.000000e+00 -1.000000e+00 0.000000e+00
    outer loop
      vertex   -1.361436e+01 3.000000e+00 2.130000e+01
      vertex   -1.226230e+01 3.000000e+00 2.225142e+01
      vertex   -1.373063e+01 3.000000e+00 2.147402e+01
    endloop
  endfacet
  facet normal 0.000000e+00 -1.000000e+00 0.000000e+00
    outer loop
      vertex   -1.373063e+01 3.000000e+00 2.147402e+01
      vertex   -1.226230e+01 3.000000e+00 2.225142e+01
      vertex   -1.243290e+01 3.000000e+00 2.249312e+01
    endloop
  endfacet
  facet normal 0.000000e+00 -1.000000e+00 0.000000e+00
    outer loop
      vertex   -1.373063e+01 3.000000e+00 2.147402e+01
      vertex   -1.243290e+01 3.000000e+00 2.249312e+01
      vertex   -1.262478e+01 3.000000e+00 2.271830e+01
    endloop
  endfacet
  facet normal 0.000000e+00 -1.000000e+00 0.000000e+00
    outer loop
      vertex   -1.373063e+01 3.000000e+00 2.147402e+01
      vertex   -1.262478e+01 3.000000e+00 2.271830e+01
      vertex   -1.386863e+01 3.000000e+00 2.163137e+01
    endloop
  endfacet
  facet normal 0.000000e+00 -1.000000e+00 0.000000e+00
    outer loop
      vertex   -1.386863e+01 3.000000e+00 2.163137e+01
      vertex   -1.262478e+01 3.000000e+00 2.271830e+01
      vertex   -1.283634e+01 3.000000e+00 2.292510e+01
    endloop
  endfacet
  facet normal 0.000000e+00 -1.000000e+00 0.000000e+00
    outer loop
      vertex   -1.386863e+01 3.000000e+00 2.163137e+01
      vertex   -1.283634e+01 3.000000e+00 2.292510e+01
      vertex   -1.402598e+01 3.000000e+00 2.176937e+01
    endloop
  endfacet
  facet normal 0.000000e+00 -1.000000e+00 0.000000e+00
    outer loop
      vertex   -1.402598e+01 3.000000e+00 2.176937e+01
      vertex   -1.283634e+01 3.000000e+00 2.292510e+01
      vertex   -1.306583e+01 3.000000e+00 2.311180e+01
    endloop
  endfacet
  facet normal 0.000000e+00 -1.000000e+00 0.000000e+00
    outer loop
      vertex   -1.402598e+01 3.000000e+00 2.176937e+01
      vertex   -1.306583e+01 3.000000e+00 2.311180e+01
      vertex   -1.331135e+01 3.000000e+00 2.327686e+01
    endloop
  endfacet
  facet normal 0.000000e+00 -1.000000e+00 0.000000e+00
    outer loop
      vertex   -1.402598e+01 3.000000e+00 2.176937e+01
      vertex   -1.331135e+01 3.000000e+00 2.327686e+01
      vertex   -1.420000e+01 3.000000e+00 2.188564e+01
    endloop
  endfacet
  facet normal 0.000000e+00 -1.000000e+00 0.000000e+00
    outer loop
      vertex   -1.420000e+01 3.000000e+00 2.188564e+01
      vertex   -1.331135e+01 3.000000e+00 2.327686e+01
      vertex   -1.357086e+01 3.000000e+00 2.341892e+01
    endloop
  endfacet
  facet normal 0.000000e+00 -1.000000e+00 0.000000e+00
    outer loop
      vertex   -1.420000e+01 3.000000e+00 2.188564e+01
      vertex   -1.357086e+01 3.000000e+00 2.341892e+01
      vertex   -1.438771e+01 3.000000e+00 2.197821e+01
    endloop
  endfacet
  facet normal 0.000000e+00 -1.000000e+00 0.000000e+00
    outer loop
      vertex   -1.438771e+01 3.000000e+00 2.197821e+01
      vertex   -1.357086e+01 3.000000e+00 2.341892e+01
      vertex   -1.384221e+01 3.000000e+00 2.353678e+01
    endloop
  endfacet
  facet normal 0.000000e+00 -1.000000e+00 0.000000e+00
    outer loop
      vertex   -1.438771e+01 3.000000e+00 2.197821e+01
      vertex   -1.384221e+01 3.000000e+00 2.353678e+01
      vertex   -1.458589e+01 3.000000e+00 2.204548e+01
    endloop
  endfacet
  facet normal 0.000000e+00 -1.000000e+00 0.000000e+00
    outer loop
      vertex   -1.458589e+01 3.000000e+00 2.204548e+01
      vertex   -1.384221e+01 3.000000e+00 2.353678e+01
      vertex   -1.412316e+01 3.000000e+00 2.362948e+01
    endloop
  endfacet
  facet normal 0.000000e+00 -1.000000e+00 0.000000e+00
    outer loop
      vertex   -1.458589e+01 3.000000e+00 2.204548e+01
      vertex   -1.412316e+01 3.000000e+00 2.362948e+01
      vertex   -1.441137e+01 3.000000e+00 2.369625e+01
    endloop
  endfacet
  facet normal 0.000000e+00 -1.000000e+00 0.000000e+00
    outer loop
      vertex   -1.458589e+01 3.000000e+00 2.204548e+01
      vertex   -1.441137e+01 3.000000e+00 2.369625e+01
      vertex   -1.479116e+01 3.000000e+00 2.208631e+01
    endloop
  endfacet
  facet normal 0.000000e+00 -1.000000e+00 0.000000e+00
    outer loop
      vertex   -1.479116e+01 3.000000e+00 2.208631e+01
      vertex   -1.441137e+01 3.000000e+00 2.369625e+01
      vertex   -1.470446e+01 3.000000e+00 2.373653e+01
    endloop
  endfacet
  facet normal 0.000000e+00 -1.000000e+00 0.000000e+00
    outer loop
      vertex   -1.479116e+01 3.000000e+00 2.208631e+01
      vertex   -1.470446e+01 3.000000e+00 2.373653e+01
      vertex   -1.500000e+01 3.000000e+00 2.210000e+01
    endloop
  endfacet
  facet normal -0.000000e+00 -1.000000e+00 0.000000e+00
    outer loop
      vertex   1.529554e+01 3.000000e+00 6.736535e+00
      vertex   1.500000e+01 3.000000e+00 6.750000e+00
      vertex   1.500000e+01 3.000000e+00 5.100000e+00
    endloop
  endfacet
  facet normal 0.000000e+00 -1.000000e+00 0.000000e+00
    outer loop
      vertex   1.500000e+01 3.000000e+00 5.100000e+00
      vertex   1.500000e+01 3.000000e+00 6.750000e+00
      vertex   1.470446e+01 3.000000e+00 6.736535e+00
    endloop
  endfacet
  facet normal -0.000000e+00 -1.000000e+00 0.000000e+00
    outer loop
      vertex   1.500000e+01 3.000000e+00 5.100000e+00
      vertex   1.470446e+01 3.000000e+00 6.736535e+00
      vertex   1.479116e+01 3.000000e+00 5.086312e+00
    endloop
  endfacet
  facet normal 0.000000e+00 -1.000000e+00 0.000000e+00
    outer loop
      vertex   1.479116e+01 3.000000e+00 5.086312e+00
      vertex   1.470446e+01 3.000000e+00 6.736535e+00
      vertex   1.441137e+01 3.000000e+00 6.696251e+00
    endloop
  endfacet
  facet normal -0.000000e+00 -1.000000e+00 0.000000e+00
    outer loop
      vertex   1.479116e+01 3.000000e+00 5.086312e+00
      vertex   1.441137e+01 3.000000e+00 6.696251e+00
      vertex   1.458589e+01 3.000000e+00 5.045481e+00
    endloop
  endfacet
  facet normal 0.000000e+00 -1.000000e+00 0.000000e+00
    outer loop
      vertex   1.458589e+01 3.000000e+00 5.045481e+00
      vertex   1.441137e+01 3.000000e+00 6.696251e+00
      vertex   1.412316e+01 3.000000e+00 6.629481e+00
    endloop
  endfacet
  facet normal 0.000000e+00 -1.000000e+00 0.000000e+00
    outer loop
      vertex   1.458589e+01 3.000000e+00 5.045481e+00
      vertex   1.412316e+01 3.000000e+00 6.629481e+00
      vertex   1.384221e+01 3.000000e+00 6.536780e+00
    endloop
  endfacet
  facet normal -0.000000e+00 -1.000000e+00 0.000000e+00
    outer loop
      vertex   1.458589e+01 3.000000e+00 5.045481e+00
      vertex   1.384221e+01 3.000000e+00 6.536780e+00
      vertex   1.438771e+01 3.000000e+00 4.978207e+00
    endloop
  endfacet
  facet normal 0.000000e+00 -1.000000e+00 0.000000e+00
    outer loop
      vertex   1.438771e+01 3.000000e+00 4.978207e+00
      vertex   1.384221e+01 3.000000e+00 6.536780e+00
      vertex   1.357086e+01 3.000000e+00 6.418915e+00
    endloop
  endfacet
  facet normal -0.000000e+00 -1.000000e+00 0.000000e+00
    outer loop
      vertex   1.438771e+01 3.000000e+00 4.978207e+00
      vertex   1.357086e+01 3.000000e+00 6.418915e+00
      vertex   1.420000e+01 3.000000e+00 4.885641e+00
    endloop
  endfacet
  facet normal 0.000000e+00 -1.000000e+00 0.000000e+00
    outer loop
      vertex   1.420000e+01 3.000000e+00 4.885641e+00
      vertex   1.357086e+01 3.000000e+00 6.418915e+00
      vertex   1.331135e+01 3.000000e+00 6.276863e+00
    endloop
  endfacet
  facet normal -0.000000e+00 -1.000000e+00 0.000000e+00
    outer loop
      vertex   1.420000e+01 3.000000e+00 4.885641e+00
      vertex   1.331135e+01 3.000000e+00 6.276863e+00
      vertex   1.402598e+01 3.000000e+00 4.769365e+00
    endloop
  endfacet
  facet normal 0.000000e+00 -1.000000e+00 0.000000e+00
    outer loop
      vertex   1.402598e+01 3.000000e+00 4.769365e+00
      vertex   1.331135e+01 3.000000e+00 6.276863e+00
      vertex   1.306583e+01 3.000000e+00 6.111801e+00
    endloop
  endfacet
  facet normal 0.000000e+00 -1.000000e+00 0.000000e+00
    outer loop
      vertex   1.402598e+01 3.000000e+00 4.769365e+00
      vertex   1.306583e+01 3.000000e+00 6.111801e+00
      vertex   1.283634e+01 3.000000e+00 5.925097e+00
    endloop
  endfacet
  facet normal -0.000000e+00 -1.000000e+00 0.000000e+00
    outer loop
      vertex   1.402598e+01 3.000000e+00 4.769365e+00
      vertex   1.283634e+01 3.000000e+00 5.925097e+00
      vertex   1.386863e+01 3.000000e+00 4.631371e+00
    endloop
  endfacet
  facet normal 0.000000e+00 -1.000000e+00 0.000000e+00
    outer loop
      vertex   1.386863e+01 3.000000e+00 4.631371e+00
      vertex   1.283634e+01 3.000000e+00 5.925097e+00
      vertex   1.262478e+01 3.000000e+00 5.718298e+00
    endloop
  endfacet
  facet normal -0.000000e+00 -1.000000e+00 0.000000e+00
    outer loop
      vertex   1.386863e+01 3.000000e+00 4.631371e+00
      vertex   1.262478e+01 3.000000e+00 5.718298e+00
      vertex   1.373063e+01 3.000000e+00 4.474018e+00
    endloop
  endfacet
  facet normal 0.000000e+00 -1.000000e+00 0.000000e+00
    outer loop
      vertex   1.373063e+01 3.000000e+00 4.474018e+00
      vertex   1.262478e+01 3.000000e+00 5.718298e+00
      vertex   1.243290e+01 3.000000e+00 5.493117e+00
    endloop
  endfacet
  facet normal 0.000000e+00 -1.000000e+00 0.000000e+00
    outer loop
      vertex   1.373063e+01 3.000000e+00 4.474018e+00
      vertex   1.243290e+01 3.000000e+00 5.493117e+00
      vertex   1.226230e+01 3.000000e+00 5.251421e+00
    endloop
  endfacet
  facet normal -0.000000e+00 -1.000000e+00 0.000000e+00
    outer loop
      vertex   1.373063e+01 3.000000e+00 4.474018e+00
      vertex   1.226230e+01 3.000000e+00 5.251421e+00
      vertex   1.361436e+01 3.000000e+00 4.300000e+00
    endloop
  endfacet
  facet normal 0.000000e+00 -1.000000e+00 0.000000e+00
    outer loop
      vertex   1.361436e+01 3.000000e+00 4.300000e+00
      vertex   1.226230e+01 3.000000e+00 5.251421e+00
      vertex   1.211437e+01 3.000000e+00 4.995211e+00
    endloop
  endfacet
  facet normal -0.000000e+00 -1.000000e+00 0.000000e+00
    outer loop
      vertex   1.361436e+01 3.000000e+00 4.300000e+00
      vertex   1.211437e+01 3.000000e+00 4.995211e+00
      vertex   1.352179e+01 3.000000e+00 4.112293e+00
    endloop
  endfacet
  facet normal 0.000000e+00 -1.000000e+00 0.000000e+00
    outer loop
      vertex   1.352179e+01 3.000000e+00 4.112293e+00
      vertex   1.211437e+01 3.000000e+00 4.995211e+00
      vertex   1.199036e+01 3.000000e+00 4.726612e+00
    endloop
  endfacet
  facet normal 0.000000e+00 -1.000000e+00 0.000000e+00
    outer loop
      vertex   1.352179e+01 3.000000e+00 4.112293e+00
      vertex   1.199036e+01 3.000000e+00 4.726612e+00
      vertex   1.189129e+01 3.000000e+00 4.447849e+00
    endloop
  endfacet
  facet normal -0.000000e+00 -1.000000e+00 0.000000e+00
    outer loop
      vertex   1.352179e+01 3.000000e+00 4.112293e+00
      vertex   1.189129e+01 3.000000e+00 4.447849e+00
      vertex   1.345452e+01 3.000000e+00 3.914110e+00
    endloop
  endfacet
  facet normal 0.000000e+00 -1.000000e+00 0.000000e+00
    outer loop
      vertex   1.345452e+01 3.000000e+00 3.914110e+00
      vertex   1.189129e+01 3.000000e+00 4.447849e+00
      vertex   1.181798e+01 3.000000e+00 4.161232e+00
    endloop
  endfacet
  facet normal -0.000000e+00 -1.000000e+00 0.000000e+00
    outer loop
      vertex   1.345452e+01 3.000000e+00 3.914110e+00
      vertex   1.181798e+01 3.000000e+00 4.161232e+00
      vertex   1.341369e+01 3.000000e+00 3.708842e+00
    endloop
  endfacet
  facet normal 0.000000e+00 -1.000000e+00 0.000000e+00
    outer loop
      vertex   1.341369e+01 3.000000e+00 3.708842e+00
      vertex   1.181798e+01 3.000000e+00 4.161232e+00
      vertex   1.177103e+01 3.000000e+00 3.869136e+00
    endloop
  endfacet
  facet normal -0.000000e+00 -1.000000e+00 0.000000e+00
    outer loop
      vertex   1.341369e+01 3.000000e+00 3.708842e+00
      vertex   1.177103e+01 3.000000e+00 3.869136e+00
      vertex   1.175084e+01 3.000000e+00 3.573980e+00
    endloop
  endfacet
  facet normal 0.000000e+00 -1.000000e+00 0.000000e+00
    outer loop
      vertex   1.341369e+01 3.000000e+00 3.708842e+00
      vertex   1.175084e+01 3.000000e+00 3.573980e+00
      vertex   1.340000e+01 3.000000e+00 3.500000e+00
    endloop
  endfacet
  facet normal -0.000000e+00 -1.000000e+00 0.000000e+00
    outer loop
      vertex   1.340000e+01 3.000000e+00 3.500000e+00
      vertex   1.175084e+01 3.000000e+00 3.573980e+00
      vertex   1.175758e+01 3.000000e+00 3.278212e+00
    endloop
  endfacet
  facet normal 0.000000e+00 -1.000000e+00 -0.000000e+00
    outer loop
      vertex   1.340000e+01 3.000000e+00 3.500000e+00
      vertex   1.175758e+01 3.000000e+00 3.278212e+00
      vertex   1.341369e+01 3.000000e+00 3.291158e+00
    endloop
  endfacet
  facet normal 0.000000e+00 -1.000000e+00 0.000000e+00
    outer loop
      vertex   1.341369e+01 3.000000e+00 3.291158e+00
      vertex   1.175758e+01 3.000000e+00 3.278212e+00
      vertex   1.179118e+01 3.000000e+00 2.984282e+00
    endloop
  endfacet
  facet normal 0.000000e+00 -1.000000e+00 -0.000000e+00
    outer loop
      vertex   1.341369e+01 3.000000e+00 3.291158e+00
      vertex   1.179118e+01 3.000000e+00 2.984282e+00
      vertex   1.345452e+01 3.000000e+00 3.085890e+00
    endloop
  endfacet
  facet normal 0.000000e+00 -1.000000e+00 0.000000e+00
    outer loop
      vertex   1.345452e+01 3.000000e+00 3.085890e+00
      vertex   1.179118e+01 3.000000e+00 2.984282e+00
      vertex   1.185137e+01 3.000000e+00 2.694625e+00
    endloop
  endfacet
  facet normal 0.000000e+00 -1.000000e+00 0.000000e+00
    outer loop
      vertex   1.345452e+01 3.000000e+00 3.085890e+00
      vertex   1.185137e+01 3.000000e+00 2.694625e+00
      vertex   1.193765e+01 3.000000e+00 2.411641e+00
    endloop
  endfacet
  facet normal 0.000000e+00 -1.000000e+00 -0.000000e+00
    outer loop
      vertex   1.345452e+01 3.000000e+00 3.085890e+00
      vertex   1.193765e+01 3.000000e+00 2.411641e+00
      vertex   1.352179e+01 3.000000e+00 2.887707e+00
    endloop
  endfacet
  facet normal 0.000000e+00 -1.000000e+00 0.000000e+00
    outer loop
      vertex   1.352179e+01 3.000000e+00 2.887707e+00
      vertex   1.193765e+01 3.000000e+00 2.411641e+00
      vertex   1.204931e+01 3.000000e+00 2.137676e+00
    endloop
  endfacet
  facet normal 0.000000e+00 -1.000000e+00 -0.000000e+00
    outer loop
      vertex   1.352179e+01 3.000000e+00 2.887707e+00
      vertex   1.204931e+01 3.000000e+00 2.137676e+00
      vertex   1.361436e+01 3.000000e+00 2.700000e+00
    endloop
  endfacet
  facet normal 0.000000e+00 -1.000000e+00 0.000000e+00
    outer loop
      vertex   1.361436e+01 3.000000e+00 2.700000e+00
      vertex   1.204931e+01 3.000000e+00 2.137676e+00
      vertex   1.218542e+01 3.000000e+00 1.875000e+00
    endloop
  endfacet
  facet normal 0.000000e+00 -1.000000e+00 0.000000e+00
    outer loop
      vertex   1.361436e+01 3.000000e+00 2.700000e+00
      vertex   1.218542e+01 3.000000e+00 1.875000e+00
      vertex   1.234485e+01 3.000000e+00 1.625789e+00
    endloop
  endfacet
  facet normal 0.000000e+00 -1.000000e+00 -0.000000e+00
    outer loop
      vertex   1.361436e+01 3.000000e+00 2.700000e+00
      vertex   1.234485e+01 3.000000e+00 1.625789e+00
      vertex   1.373063e+01 3.000000e+00 2.525982e+00
    endloop
  endfacet
  facet normal 0.000000e+00 -1.000000e+00 0.000000e+00
    outer loop
      vertex   1.373063e+01 3.000000e+00 2.525982e+00
      vertex   1.234485e+01 3.000000e+00 1.625789e+00
      vertex   1.252628e+01 3.000000e+00 1.392108e+00
    endloop
  endfacet
  facet normal 0.000000e+00 -1.000000e+00 -0.000000e+00
    outer loop
      vertex   1.373063e+01 3.000000e+00 2.525982e+00
      vertex   1.252628e+01 3.000000e+00 1.392108e+00
      vertex   1.386863e+01 3.000000e+00 2.368629e+00
    endloop
  endfacet
  facet normal 0.000000e+00 -1.000000e+00 0.000000e+00
    outer loop
      vertex   1.386863e+01 3.000000e+00 2.368629e+00
      vertex   1.252628e+01 3.000000e+00 1.392108e+00
      vertex   1.272821e+01 3.000000e+00 1.175894e+00
    endloop
  endfacet
  facet normal 0.000000e+00 -1.000000e+00 0.000000e+00
    outer loop
      vertex   1.386863e+01 3.000000e+00 2.368629e+00
      vertex   1.272821e+01 3.000000e+00 1.175894e+00
      vertex   1.294896e+01 3.000000e+00 9.789383e-01
    endloop
  endfacet
  facet normal 0.000000e+00 -1.000000e+00 -0.000000e+00
    outer loop
      vertex   1.386863e+01 3.000000e+00 2.368629e+00
      vertex   1.294896e+01 3.000000e+00 9.789383e-01
      vertex   1.402598e+01 3.000000e+00 2.230635e+00
    endloop
  endfacet
  facet normal 0.000000e+00 -1.000000e+00 0.000000e+00
    outer loop
      vertex   1.402598e+01 3.000000e+00 2.230635e+00
      vertex   1.294896e+01 3.000000e+00 9.789383e-01
      vertex   1.318671e+01 3.000000e+00 8.028728e-01
    endloop
  endfacet
  facet normal 0.000000e+00 -1.000000e+00 -0.000000e+00
    outer loop
      vertex   1.402598e+01 3.000000e+00 2.230635e+00
      vertex   1.318671e+01 3.000000e+00 8.028728e-01
      vertex   1.420000e+01 3.000000e+00 2.114359e+00
    endloop
  endfacet
  facet normal 0.000000e+00 -1.000000e+00 0.000000e+00
    outer loop
      vertex   1.420000e+01 3.000000e+00 2.114359e+00
      vertex   1.318671e+01 3.000000e+00 8.028728e-01
      vertex   1.343949e+01 3.000000e+00 6.491565e-01
    endloop
  endfacet
  facet normal 0.000000e+00 -1.000000e+00 -0.000000e+00
    outer loop
      vertex   1.420000e+01 3.000000e+00 2.114359e+00
      vertex   1.343949e+01 3.000000e+00 6.491565e-01
      vertex   1.438771e+01 3.000000e+00 2.021793e+00
    endloop
  endfacet
  facet normal 0.000000e+00 -1.000000e+00 0.000000e+00
    outer loop
      vertex   1.438771e+01 3.000000e+00 2.021793e+00
      vertex   1.343949e+01 3.000000e+00 6.491565e-01
      vertex   1.370520e+01 3.000000e+00 5.190633e-01
    endloop
  endfacet
  facet normal 0.000000e+00 -1.000000e+00 0.000000e+00
    outer loop
      vertex   1.438771e+01 3.000000e+00 2.021793e+00
      vertex   1.370520e+01 3.000000e+00 5.190633e-01
      vertex   1.398163e+01 3.000000e+00 4.136710e-01
    endloop
  endfacet
  facet normal 0.000000e+00 -1.000000e+00 -0.000000e+00
    outer loop
      vertex   1.438771e+01 3.000000e+00 2.021793e+00
      vertex   1.398163e+01 3.000000e+00 4.136710e-01
      vertex   1.458589e+01 3.000000e+00 1.954519e+00
    endloop
  endfacet
  facet normal 0.000000e+00 -1.000000e+00 0.000000e+00
    outer loop
      vertex   1.458589e+01 3.000000e+00 1.954519e+00
      vertex   1.398163e+01 3.000000e+00 4.136710e-01
      vertex   1.426651e+01 3.000000e+00 3.338530e-01
    endloop
  endfacet
  facet normal 0.000000e+00 -1.000000e+00 -0.000000e+00
    outer loop
      vertex   1.458589e+01 3.000000e+00 1.954519e+00
      vertex   1.426651e+01 3.000000e+00 3.338530e-01
      vertex   1.479116e+01 3.000000e+00 1.913688e+00
    endloop
  endfacet
  facet normal 0.000000e+00 -1.000000e+00 0.000000e+00
    outer loop
      vertex   1.479116e+01 3.000000e+00 1.913688e+00
      vertex   1.426651e+01 3.000000e+00 3.338530e-01
      vertex   1.455746e+01 3.000000e+00 2.802707e-01
    endloop
  endfacet
  facet normal 0.000000e+00 -1.000000e+00 -0.000000e+00
    outer loop
      vertex   1.479116e+01 3.000000e+00 1.913688e+00
      vertex   1.455746e+01 3.000000e+00 2.802707e-01
      vertex   1.485208e+01 3.000000e+00 2.533681e-01
    endloop
  endfacet
  facet normal 0.000000e+00 -1.000000e+00 0.000000e+00
    outer loop
      vertex   1.479116e+01 3.000000e+00 1.913688e+00
      vertex   1.485208e+01 3.000000e+00 2.533681e-01
      vertex   1.500000e+01 3.000000e+00 1.900000e+00
    endloop
  endfacet
  facet normal 0.000000e+00 -1.000000e+00 -0.000000e+00
    outer loop
      vertex   1.500000e+01 3.000000e+00 1.900000e+00
      vertex   1.485208e+01 3.000000e+00 2.533681e-01
      vertex   1.514792e+01 3.000000e+00 2.533681e-01
    endloop
  endfacet
  facet normal 0.000000e+00 -1.000000e+00 0.000000e+00
    outer loop
      vertex   1.500000e+01 3.000000e+00 1.900000e+00
      vertex   1.514792e+01 3.000000e+00 2.533681e-01
      vertex   1.520884e+01 3.000000e+00 1.913688e+00
    endloop
  endfacet
  facet normal 0.000000e+00 -1.000000e+00 -0.000000e+00
    outer loop
      vertex   1.520884e+01 3.000000e+00 1.913688e+00
      vertex   1.514792e+01 3.000000e+00 2.533681e-01
      vertex   1.544254e+01 3.000000e+00 2.802707e-01
    endloop
  endfacet
  facet normal 0.000000e+00 -1.000000e+00 0.000000e+00
    outer loop
      vertex   1.520884e+01 3.000000e+00 1.913688e+00
      vertex   1.544254e+01 3.000000e+00 2.802707e-01
      vertex   1.573349e+01 3.000000e+00 3.338530e-01
    endloop
  endfacet
  facet normal 0.000000e+00 -1.000000e+00 0.000000e+00
    outer loop
      vertex   1.520884e+01 3.000000e+00 1.913688e+00
      vertex   1.573349e+01 3.000000e+00 3.338530e-01
      vertex   1.541411e+01 3.000000e+00 1.954519e+00
    endloop
  endfacet
  facet normal 0.000000e+00 -1.000000e+00 0.000000e+00
    outer loop
      vertex   1.541411e+01 3.000000e+00 1.954519e+00
      vertex   1.573349e+01 3.000000e+00 3.338530e-01
      vertex   1.601837e+01 3.000000e+00 4.136710e-01
    endloop
  endfacet
  facet normal 0.000000e+00 -1.000000e+00 0.000000e+00
    outer loop
      vertex   1.541411e+01 3.000000e+00 1.954519e+00
      vertex   1.601837e+01 3.000000e+00 4.136710e-01
      vertex   1.561229e+01 3.000000e+00 2.021793e+00
    endloop
  endfacet
  facet normal 0.000000e+00 -1.000000e+00 0.000000e+00
    outer loop
      vertex   1.561229e+01 3.000000e+00 2.021793e+00
      vertex   1.601837e+01 3.000000e+00 4.136710e-01
      vertex   1.629480e+01 3.000000e+00 5.190633e-01
    endloop
  endfacet
  facet normal 0.000000e+00 -1.000000e+00 0.000000e+00
    outer loop
      vertex   1.561229e+01 3.000000e+00 2.021793e+00
      vertex   1.629480e+01 3.000000e+00 5.190633e-01
      vertex   1.656051e+01 3.000000e+00 6.491565e-01
    endloop
  endfacet
  facet normal 0.000000e+00 -1.000000e+00 0.000000e+00
    outer loop
      vertex   1.561229e+01 3.000000e+00 2.021793e+00
      vertex   1.656051e+01 3.000000e+00 6.491565e-01
      vertex   1.580000e+01 3.000000e+00 2.114359e+00
    endloop
  endfacet
  facet normal 0.000000e+00 -1.000000e+00 0.000000e+00
    outer loop
      vertex   1.580000e+01 3.000000e+00 2.114359e+00
      vertex   1.656051e+01 3.000000e+00 6.491565e-01
      vertex   1.681329e+01 3.000000e+00 8.028728e-01
    endloop
  endfacet
  facet normal 0.000000e+00 -1.000000e+00 0.000000e+00
    outer loop
      vertex   1.580000e+01 3.000000e+00 2.114359e+00
      vertex   1.681329e+01 3.000000e+00 8.028728e-01
      vertex   1.597402e+01 3.000000e+00 2.230635e+00
    endloop
  endfacet
  facet normal 0.000000e+00 -1.000000e+00 0.000000e+00
    outer loop
      vertex   1.597402e+01 3.000000e+00 2.230635e+00
      vertex   1.681329e+01 3.000000e+00 8.028728e-01
      vertex   1.705104e+01 3.000000e+00 9.789383e-01
    endloop
  endfacet
  facet normal 0.000000e+00 -1.000000e+00 0.000000e+00
    outer loop
      vertex   1.597402e+01 3.000000e+00 2.230635e+00
      vertex   1.705104e+01 3.000000e+00 9.789383e-01
      vertex   1.613137e+01 3.000000e+00 2.368629e+00
    endloop
  endfacet
  facet normal 0.000000e+00 -1.000000e+00 0.000000e+00
    outer loop
      vertex   1.613137e+01 3.000000e+00 2.368629e+00
      vertex   1.705104e+01 3.000000e+00 9.789383e-01
      vertex   1.727179e+01 3.000000e+00 1.175894e+00
    endloop
  endfacet
  facet normal 0.000000e+00 -1.000000e+00 0.000000e+00
    outer loop
      vertex   1.613137e+01 3.000000e+00 2.368629e+00
      vertex   1.727179e+01 3.000000e+00 1.175894e+00
      vertex   1.747372e+01 3.000000e+00 1.392108e+00
    endloop
  endfacet
  facet normal 0.000000e+00 -1.000000e+00 0.000000e+00
    outer loop
      vertex   1.613137e+01 3.000000e+00 2.368629e+00
      vertex   1.747372e+01 3.000000e+00 1.392108e+00
      vertex   1.626937e+01 3.000000e+00 2.525982e+00
    endloop
  endfacet
  facet normal 0.000000e+00 -1.000000e+00 0.000000e+00
    outer loop
      vertex   1.626937e+01 3.000000e+00 2.525982e+00
      vertex   1.747372e+01 3.000000e+00 1.392108e+00
      vertex   1.765515e+01 3.000000e+00 1.625789e+00
    endloop
  endfacet
  facet normal 0.000000e+00 -1.000000e+00 0.000000e+00
    outer loop
      vertex   1.626937e+01 3.000000e+00 2.525982e+00
      vertex   1.765515e+01 3.000000e+00 1.625789e+00
      vertex   1.638564e+01 3.000000e+00 2.700000e+00
    endloop
  endfacet
  facet normal 0.000000e+00 -1.000000e+00 0.000000e+00
    outer loop
      vertex   1.638564e+01 3.000000e+00 2.700000e+00
      vertex   1.765515e+01 3.000000e+00 1.625789e+00
      vertex   1.781458e+01 3.000000e+00 1.875000e+00
    endloop
  endfacet
  facet normal 0.000000e+00 -1.000000e+00 0.000000e+00
    outer loop
      vertex   1.638564e+01 3.000000e+00 2.700000e+00
      vertex   1.781458e+01 3.000000e+00 1.875000e+00
      vertex   1.795069e+01 3.000000e+00 2.137676e+00
    endloop
  endfacet
  facet normal 0.000000e+00 -1.000000e+00 0.000000e+00
    outer loop
      vertex   1.638564e+01 3.000000e+00 2.700000e+00
      vertex   1.795069e+01 3.000000e+00 2.137676e+00
      vertex   1.647821e+01 3.000000e+00 2.887707e+00
    endloop
  endfacet
  facet normal 0.000000e+00 -1.000000e+00 0.000000e+00
    outer loop
      vertex   1.647821e+01 3.000000e+00 2.887707e+00
      vertex   1.795069e+01 3.000000e+00 2.137676e+00
      vertex   1.806235e+01 3.000000e+00 2.411641e+00
    endloop
  endfacet
  facet normal 0.000000e+00 -1.000000e+00 0.000000e+00
    outer loop
      vertex   1.647821e+01 3.000000e+00 2.887707e+00
      vertex   1.806235e+01 3.000000e+00 2.411641e+00
      vertex   1.654548e+01 3.000000e+00 3.085890e+00
    endloop
  endfacet
  facet normal 0.000000e+00 -1.000000e+00 0.000000e+00
    outer loop
      vertex   1.654548e+01 3.000000e+00 3.085890e+00
      vertex   1.806235e+01 3.000000e+00 2.411641e+00
      vertex   1.814863e+01 3.000000e+00 2.694625e+00
    endloop
  endfacet
  facet normal 0.000000e+00 -1.000000e+00 0.000000e+00
    outer loop
      vertex   1.654548e+01 3.000000e+00 3.085890e+00
      vertex   1.814863e+01 3.000000e+00 2.694625e+00
      vertex   1.820882e+01 3.000000e+00 2.984282e+00
    endloop
  endfacet
  facet normal 0.000000e+00 -1.000000e+00 0.000000e+00
    outer loop
      vertex   1.654548e+01 3.000000e+00 3.085890e+00
      vertex   1.820882e+01 3.000000e+00 2.984282e+00
      vertex   1.658631e+01 3.000000e+00 3.291158e+00
    endloop
  endfacet
  facet normal 0.000000e+00 -1.000000e+00 0.000000e+00
    outer loop
      vertex   1.658631e+01 3.000000e+00 3.291158e+00
      vertex   1.820882e+01 3.000000e+00 2.984282e+00
      vertex   1.824242e+01 3.000000e+00 3.278212e+00
    endloop
  endfacet
  facet normal 0.000000e+00 -1.000000e+00 0.000000e+00
    outer loop
      vertex   1.658631e+01 3.000000e+00 3.291158e+00
      vertex   1.824242e+01 3.000000e+00 3.278212e+00
      vertex   1.660000e+01 3.000000e+00 3.500000e+00
    endloop
  endfacet
  facet normal 0.000000e+00 -1.000000e+00 0.000000e+00
    outer loop
      vertex   1.660000e+01 3.000000e+00 3.500000e+00
      vertex   1.824242e+01 3.000000e+00 3.278212e+00
      vertex   1.824916e+01 3.000000e+00 3.573980e+00
    endloop
  endfacet
  facet normal 0.000000e+00 -1.000000e+00 0.000000e+00
    outer loop
      vertex   1.660000e+01 3.000000e+00 3.500000e+00
      vertex   1.824916e+01 3.000000e+00 3.573980e+00
      vertex   1.658631e+01 3.000000e+00 3.708842e+00
    endloop
  endfacet
  facet normal 0.000000e+00 -1.000000e+00 0.000000e+00
    outer loop
      vertex   1.658631e+01 3.000000e+00 3.708842e+00
      vertex   1.824916e+01 3.000000e+00 3.573980e+00
      vertex   1.822897e+01 3.000000e+00 3.869136e+00
    endloop
  endfacet
  facet normal 0.000000e+00 -1.000000e+00 0.000000e+00
    outer loop
      vertex   1.658631e+01 3.000000e+00 3.708842e+00
      vertex   1.822897e+01 3.000000e+00 3.869136e+00
      vertex   1.818202e+01 3.000000e+00 4.161232e+00
    endloop
  endfacet
  facet normal 0.000000e+00 -1.000000e+00 0.000000e+00
    outer loop
      vertex   1.658631e+01 3.000000e+00 3.708842e+00
      vertex   1.818202e+01 3.000000e+00 4.161232e+00
      vertex   1.654548e+01 3.000000e+00 3.914110e+00
    endloop
  endfacet
  facet normal 0.000000e+00 -1.000000e+00 0.000000e+00
    outer loop
      vertex   1.654548e+01 3.000000e+00 3.914110e+00
      vertex   1.818202e+01 3.000000e+00 4.161232e+00
      vertex   1.810871e+01 3.000000e+00 4.447849e+00
    endloop
  endfacet
  facet normal 0.000000e+00 -1.000000e+00 0.000000e+00
    outer loop
      vertex   1.654548e+01 3.000000e+00 3.914110e+00
      vertex   1.810871e+01 3.000000e+00 4.447849e+00
      vertex   1.647821e+01 3.000000e+00 4.112293e+00
    endloop
  endfacet
  facet normal 0.000000e+00 -1.000000e+00 0.000000e+00
    outer loop
      vertex   1.647821e+01 3.000000e+00 4.112293e+00
      vertex   1.810871e+01 3.000000e+00 4.447849e+00
      vertex   1.800964e+01 3.000000e+00 4.726612e+00
    endloop
  endfacet
  facet normal 0.000000e+00 -1.000000e+00 0.000000e+00
    outer loop
      vertex   1.647821e+01 3.000000e+00 4.112293e+00
      vertex   1.800964e+01 3.000000e+00 4.726612e+00
      vertex   1.788563e+01 3.000000e+00 4.995211e+00
    endloop
  endfacet
  facet normal 0.000000e+00 -1.000000e+00 0.000000e+00
    outer loop
      vertex   1.647821e+01 3.000000e+00 4.112293e+00
      vertex   1.788563e+01 3.000000e+00 4.995211e+00
      vertex   1.638564e+01 3.000000e+00 4.300000e+00
    endloop
  endfacet
  facet normal 0.000000e+00 -1.000000e+00 0.000000e+00
    outer loop
      vertex   1.638564e+01 3.000000e+00 4.300000e+00
      vertex   1.788563e+01 3.000000e+00 4.995211e+00
      vertex   1.773770e+01 3.000000e+00 5.251421e+00
    endloop
  endfacet
  facet normal 0.000000e+00 -1.000000e+00 0.000000e+00
    outer loop
      vertex   1.638564e+01 3.000000e+00 4.300000e+00
      vertex   1.773770e+01 3.000000e+00 5.251421e+00
      vertex   1.626937e+01 3.000000e+00 4.474018e+00
    endloop
  endfacet
  facet normal 0.000000e+00 -1.000000e+00 0.000000e+00
    outer loop
      vertex   1.626937e+01 3.000000e+00 4.474018e+00
      vertex   1.773770e+01 3.000000e+00 5.251421e+00
      vertex   1.756710e+01 3.000000e+00 5.493117e+00
    endloop
  endfacet
  facet normal 0.000000e+00 -1.000000e+00 0.000000e+00
    outer loop
      vertex   1.626937e+01 3.000000e+00 4.474018e+00
      vertex   1.756710e+01 3.000000e+00 5.493117e+00
      vertex   1.737522e+01 3.000000e+00 5.718298e+00
    endloop
  endfacet
  facet normal 0.000000e+00 -1.000000e+00 0.000000e+00
    outer loop
      vertex   1.626937e+01 3.000000e+00 4.474018e+00
      vertex   1.737522e+01 3.000000e+00 5.718298e+00
      vertex   1.613137e+01 3.000000e+00 4.631371e+00
    endloop
  endfacet
  facet normal 0.000000e+00 -1.000000e+00 0.000000e+00
    outer loop
      vertex   1.613137e+01 3.000000e+00 4.631371e+00
      vertex   1.737522e+01 3.000000e+00 5.718298e+00
      vertex   1.716366e+01 3.000000e+00 5.925097e+00
    endloop
  endfacet
  facet normal 0.000000e+00 -1.000000e+00 0.000000e+00
    outer loop
      vertex   1.613137e+01 3.000000e+00 4.631371e+00
      vertex   1.716366e+01 3.000000e+00 5.925097e+00
      vertex   1.597402e+01 3.000000e+00 4.769365e+00
    endloop
  endfacet
  facet normal 0.000000e+00 -1.000000e+00 0.000000e+00
    outer loop
      vertex   1.597402e+01 3.000000e+00 4.769365e+00
      vertex   1.716366e+01 3.000000e+00 5.925097e+00
      vertex   1.693417e+01 3.000000e+00 6.111801e+00
    endloop
  endfacet
  facet normal 0.000000e+00 -1.000000e+00 0.000000e+00
    outer loop
      vertex   1.597402e+01 3.000000e+00 4.769365e+00
      vertex   1.693417e+01 3.000000e+00 6.111801e+00
      vertex   1.668865e+01 3.000000e+00 6.276863e+00
    endloop
  endfacet
  facet normal 0.000000e+00 -1.000000e+00 0.000000e+00
    outer loop
      vertex   1.597402e+01 3.000000e+00 4.769365e+00
      vertex   1.668865e+01 3.000000e+00 6.276863e+00
      vertex   1.580000e+01 3.000000e+00 4.885641e+00
    endloop
  endfacet
  facet normal 0.000000e+00 -1.000000e+00 0.000000e+00
    outer loop
      vertex   1.580000e+01 3.000000e+00 4.885641e+00
      vertex   1.668865e+01 3.000000e+00 6.276863e+00
      vertex   1.642914e+01 3.000000e+00 6.418915e+00
    endloop
  endfacet
  facet normal 0.000000e+00 -1.000000e+00 0.000000e+00
    outer loop
      vertex   1.580000e+01 3.000000e+00 4.885641e+00
      vertex   1.642914e+01 3.000000e+00 6.418915e+00
      vertex   1.561229e+01 3.000000e+00 4.978207e+00
    endloop
  endfacet
  facet normal 0.000000e+00 -1.000000e+00 0.000000e+00
    outer loop
      vertex   1.561229e+01 3.000000e+00 4.978207e+00
      vertex   1.642914e+01 3.000000e+00 6.418915e+00
      vertex   1.615779e+01 3.000000e+00 6.536780e+00
    endloop
  endfacet
  facet normal 0.000000e+00 -1.000000e+00 0.000000e+00
    outer loop
      vertex   1.561229e+01 3.000000e+00 4.978207e+00
      vertex   1.615779e+01 3.000000e+00 6.536780e+00
      vertex   1.541411e+01 3.000000e+00 5.045481e+00
    endloop
  endfacet
  facet normal 0.000000e+00 -1.000000e+00 0.000000e+00
    outer loop
      vertex   1.541411e+01 3.000000e+00 5.045481e+00
      vertex   1.615779e+01 3.000000e+00 6.536780e+00
      vertex   1.587684e+01 3.000000e+00 6.629481e+00
    endloop
  endfacet
  facet normal 0.000000e+00 -1.000000e+00 0.000000e+00
    outer loop
      vertex   1.541411e+01 3.000000e+00 5.045481e+00
      vertex   1.587684e+01 3.000000e+00 6.629481e+00
      vertex   1.558863e+01 3.000000e+00 6.696251e+00
    endloop
  endfacet
  facet normal 0.000000e+00 -1.000000e+00 0.000000e+00
    outer loop
      vertex   1.541411e+01 3.000000e+00 5.045481e+00
      vertex   1.558863e+01 3.000000e+00 6.696251e+00
      vertex   1.520884e+01 3.000000e+00 5.086312e+00
    endloop
  endfacet
  facet normal 0.000000e+00 -1.000000e+00 0.000000e+00
    outer loop
      vertex   1.520884e+01 3.000000e+00 5.086312e+00
      vertex   1.558863e+01 3.000000e+00 6.696251e+00
      vertex   1.529554e+01 3.000000e+00 6.736535e+00
    endloop
  endfacet
  facet normal 0.000000e+00 -1.000000e+00 0.000000e+00
    outer loop
      vertex   1.520884e+01 3.000000e+00 5.086312e+00
      vertex   1.529554e+01 3.000000e+00 6.736535e+00
      vertex   1.500000e+01 3.000000e+00 5.100000e+00
    endloop
  endfacet
  facet normal 4.551460e-02 -3.898685e-15 -9.989637e-01
    outer loop
      vertex   1.470446e+01 0.000000e+00 6.736535e+00
      vertex   1.470446e+01 3.000000e+00 6.736535e+00
      vertex   1.500000e+01 0.000000e+00 6.750000e+00
    endloop
  endfacet
  facet normal 4.551460e-02 0.000000e+00 -9.989637e-01
    outer loop
      vertex   1.500000e+01 0.000000e+00 6.750000e+00
      vertex   1.470446e+01 3.000000e+00 6.736535e+00
      vertex   1.500000e+01 3.000000e+00 6.750000e+00
    endloop
  endfacet
  facet normal -4.551460e-02 0.000000e+00 -9.989637e-01
    outer loop
      vertex   1.500000e+01 0.000000e+00 6.750000e+00
      vertex   1.500000e+01 3.000000e+00 6.750000e+00
      vertex   1.529554e+01 0.000000e+00 6.736535e+00
    endloop
  endfacet
  facet normal -4.551460e-02 -3.844785e-15 -9.989637e-01
    outer loop
      vertex   1.529554e+01 0.000000e+00 6.736535e+00
      vertex   1.500000e+01 3.000000e+00 6.750000e+00
      vertex   1.529554e+01 3.000000e+00 6.736535e+00
    endloop
  endfacet
  facet normal -1.361666e-01 -3.812925e-15 -9.906859e-01
    outer loop
      vertex   1.529554e+01 0.000000e+00 6.736535e+00
      vertex   1.529554e+01 3.000000e+00 6.736535e+00
      vertex   1.558863e+01 0.000000e+00 6.696251e+00
    endloop
  endfacet
  facet normal -1.361666e-01 -3.013646e-15 -9.906859e-01
    outer loop
      vertex   1.558863e+01 0.000000e+00 6.696251e+00
      vertex   1.529554e+01 3.000000e+00 6.736535e+00
      vertex   1.558863e+01 3.000000e+00 6.696251e+00
    endloop
  endfacet
  facet normal -2.256904e-01 -3.017844e-15 -9.741991e-01
    outer loop
      vertex   1.558863e+01 0.000000e+00 6.696251e+00
      vertex   1.558863e+01 3.000000e+00 6.696251e+00
      vertex   1.587684e+01 0.000000e+00 6.629481e+00
    endloop
  endfacet
  facet normal -2.256904e-01 -3.306265e-15 -9.741991e-01
    outer loop
      vertex   1.587684e+01 0.000000e+00 6.629481e+00
      vertex   1.558863e+01 3.000000e+00 6.696251e+00
      vertex   1.587684e+01 3.000000e+00 6.629481e+00
    endloop
  endfacet
  facet normal -3.133440e-01 -3.278185e-15 -9.496397e-01
    outer loop
      vertex   1.587684e+01 0.000000e+00 6.629481e+00
      vertex   1.587684e+01 3.000000e+00 6.629481e+00
      vertex   1.615779e+01 0.000000e+00 6.536780e+00
    endloop
  endfacet
  facet normal -3.133440e-01 -3.463722e-15 -9.496397e-01
    outer loop
      vertex   1.615779e+01 0.000000e+00 6.536780e+00
      vertex   1.587684e+01 3.000000e+00 6.629481e+00
      vertex   1.615779e+01 3.000000e+00 6.536780e+00
    endloop
  endfacet
  facet normal -3.984011e-01 -3.458842e-15 -9.172113e-01
    outer loop
      vertex   1.615779e+01 0.000000e+00 6.536780e+00
      vertex   1.615779e+01 3.000000e+00 6.536780e+00
      vertex   1.642914e+01 0.000000e+00 6.418915e+00
    endloop
  endfacet
  facet normal -3.984011e-01 -3.387545e-15 -9.172113e-01
    outer loop
      vertex   1.642914e+01 0.000000e+00 6.418915e+00
      vertex   1.615779e+01 3.000000e+00 6.536780e+00
      vertex   1.642914e+01 3.000000e+00 6.418915e+00
    endloop
  endfacet
  facet normal -4.801569e-01 -3.474524e-15 -8.771826e-01
    outer loop
      vertex   1.642914e+01 0.000000e+00 6.418915e+00
      vertex   1.642914e+01 3.000000e+00 6.418915e+00
      vertex   1.668865e+01 0.000000e+00 6.276863e+00
    endloop
  endfacet
  facet normal -4.801569e-01 -3.165602e-15 -8.771826e-01
    outer loop
      vertex   1.668865e+01 0.000000e+00 6.276863e+00
      vertex   1.642914e+01 3.000000e+00 6.418915e+00
      vertex   1.668865e+01 3.000000e+00 6.276863e+00
    endloop
  endfacet
  facet normal -5.579340e-01 -3.117681e-15 -8.298853e-01
    outer loop
      vertex   1.668865e+01 0.000000e+00 6.276863e+00
      vertex   1.668865e+01 3.000000e+00 6.276863e+00
      vertex   1.693417e+01 0.000000e+00 6.111801e+00
    endloop
  endfacet
  facet normal -5.579340e-01 -3.778407e-15 -8.298853e-01
    outer loop
      vertex   1.693417e+01 0.000000e+00 6.111801e+00
      vertex   1.668865e+01 3.000000e+00 6.276863e+00
      vertex   1.693417e+01 3.000000e+00 6.111801e+00
    endloop
  endfacet
  facet normal -6.310879e-01 -3.791283e-15 -7.757113e-01
    outer loop
      vertex   1.693417e+01 0.000000e+00 6.111801e+00
      vertex   1.693417e+01 3.000000e+00 6.111801e+00
      vertex   1.716366e+01 0.000000e+00 5.925097e+00
    endloop
  endfacet
  facet normal -6.310879e-01 -3.561627e-15 -7.757113e-01
    outer loop
      vertex   1.716366e+01 0.000000e+00 5.925097e+00
      vertex   1.693417e+01 3.000000e+00 6.111801e+00
      vertex   1.716366e+01 3.000000e+00 5.925097e+00
    endloop
  endfacet
  facet normal -6.990124e-01 -3.561029e-15 -7.151095e-01
    outer loop
      vertex   1.716366e+01 0.000000e+00 5.925097e+00
      vertex   1.716366e+01 3.000000e+00 5.925097e+00
      vertex   1.737522e+01 0.000000e+00 5.718298e+00
    endloop
  endfacet
  facet normal -6.990124e-01 -3.137599e-15 -7.151095e-01
    outer loop
      vertex   1.737522e+01 0.000000e+00 5.718298e+00
      vertex   1.716366e+01 3.000000e+00 5.925097e+00
      vertex   1.737522e+01 3.000000e+00 5.718298e+00
    endloop
  endfacet
  facet normal -7.611447e-01 -3.146885e-15 -6.485821e-01
    outer loop
      vertex   1.737522e+01 0.000000e+00 5.718298e+00
      vertex   1.737522e+01 3.000000e+00 5.718298e+00
      vertex   1.756710e+01 0.000000e+00 5.493117e+00
    endloop
  endfacet
  facet normal -7.611447e-01 -3.146885e-15 -6.485821e-01
    outer loop
      vertex   1.756710e+01 0.000000e+00 5.493117e+00
      vertex   1.737522e+01 3.000000e+00 5.718298e+00
      vertex   1.756710e+01 3.000000e+00 5.493117e+00
    endloop
  endfacet
  facet normal -8.169699e-01 -3.130095e-15 -5.766803e-01
    outer loop
      vertex   1.756710e+01 0.000000e+00 5.493117e+00
      vertex   1.756710e+01 3.000000e+00 5.493117e+00
      vertex   1.773770e+01 0.000000e+00 5.251421e+00
    endloop
  endfacet
  facet normal -8.169699e-01 -3.926850e-15 -5.766803e-01
    outer loop
      vertex   1.773770e+01 0.000000e+00 5.251421e+00
      vertex   1.756710e+01 3.000000e+00 5.493117e+00
      vertex   1.773770e+01 3.000000e+00 5.251421e+00
    endloop
  endfacet
  facet normal -8.660254e-01 -3.964919e-15 -5.000000e-01
    outer loop
      vertex   1.773770e+01 0.000000e+00 5.251421e+00
      vertex   1.773770e+01 3.000000e+00 5.251421e+00
      vertex   1.788563e+01 0.000000e+00 4.995211e+00
    endloop
  endfacet
  facet normal -8.660254e-01 -3.816889e-15 -5.000000e-01
    outer loop
      vertex   1.788563e+01 0.000000e+00 4.995211e+00
      vertex   1.773770e+01 3.000000e+00 5.251421e+00
      vertex   1.788563e+01 3.000000e+00 4.995211e+00
    endloop
  endfacet
  facet normal -9.079048e-01 -3.846032e-15 -4.191765e-01
    outer loop
      vertex   1.788563e+01 0.000000e+00 4.995211e+00
      vertex   1.788563e+01 3.000000e+00 4.995211e+00
      vertex   1.800964e+01 0.000000e+00 4.726612e+00
    endloop
  endfacet
  facet normal -9.079048e-01 -3.846032e-15 -4.191765e-01
    outer loop
      vertex   1.800964e+01 0.000000e+00 4.726612e+00
      vertex   1.788563e+01 3.000000e+00 4.995211e+00
      vertex   1.800964e+01 3.000000e+00 4.726612e+00
    endloop
  endfacet
  facet normal -9.422609e-01 -3.843305e-15 -3.348796e-01
    outer loop
      vertex   1.800964e+01 0.000000e+00 4.726612e+00
      vertex   1.800964e+01 3.000000e+00 4.726612e+00
      vertex   1.810871e+01 0.000000e+00 4.447849e+00
    endloop
  endfacet
  facet normal -9.422609e-01 -3.645016e-15 -3.348796e-01
    outer loop
      vertex   1.810871e+01 0.000000e+00 4.447849e+00
      vertex   1.800964e+01 3.000000e+00 4.726612e+00
      vertex   1.810871e+01 3.000000e+00 4.447849e+00
    endloop
  endfacet
  facet normal -9.688092e-01 -3.661999e-15 -2.478078e-01
    outer loop
      vertex   1.810871e+01 0.000000e+00 4.447849e+00
      vertex   1.810871e+01 3.000000e+00 4.447849e+00
      vertex   1.818202e+01 0.000000e+00 4.161232e+00
    endloop
  endfacet
  facet normal -9.688092e-01 -3.588633e-15 -2.478078e-01
    outer loop
      vertex   1.818202e+01 0.000000e+00 4.161232e+00
      vertex   1.810871e+01 3.000000e+00 4.447849e+00
      vertex   1.818202e+01 3.000000e+00 4.161232e+00
    endloop
  endfacet
  facet normal -9.873297e-01 -3.601659e-15 -1.586825e-01
    outer loop
      vertex   1.818202e+01 0.000000e+00 4.161232e+00
      vertex   1.818202e+01 3.000000e+00 4.161232e+00
      vertex   1.822897e+01 0.000000e+00 3.869136e+00
    endloop
  endfacet
  facet normal -9.873297e-01 -3.578169e-15 -1.586825e-01
    outer loop
      vertex   1.822897e+01 0.000000e+00 3.869136e+00
      vertex   1.818202e+01 3.000000e+00 4.161232e+00
      vertex   1.822897e+01 3.000000e+00 3.869136e+00
    endloop
  endfacet
  facet normal -9.976688e-01 -3.574737e-15 -6.824241e-02
    outer loop
      vertex   1.822897e+01 0.000000e+00 3.869136e+00
      vertex   1.822897e+01 3.000000e+00 3.869136e+00
      vertex   1.824916e+01 0.000000e+00 3.573980e+00
    endloop
  endfacet
  facet normal -9.976688e-01 -3.534330e-15 -6.824241e-02
    outer loop
      vertex   1.824916e+01 0.000000e+00 3.573980e+00
      vertex   1.822897e+01 3.000000e+00 3.869136e+00
      vertex   1.824916e+01 3.000000e+00 3.573980e+00
    endloop
  endfacet
  facet normal -9.997409e-01 -3.555163e-15 2.276320e-02
    outer loop
      vertex   1.824916e+01 0.000000e+00 3.573980e+00
      vertex   1.824916e+01 3.000000e+00 3.573980e+00
      vertex   1.824242e+01 0.000000e+00 3.278212e+00
    endloop
  endfacet
  facet normal -9.997409e-01 -2.374601e-15 2.276320e-02
    outer loop
      vertex   1.824242e+01 0.000000e+00 3.278212e+00
      vertex   1.824916e+01 3.000000e+00 3.573980e+00
      vertex   1.824242e+01 3.000000e+00 3.278212e+00
    endloop
  endfacet
  facet normal -9.935288e-01 -2.386775e-15 1.135802e-01
    outer loop
      vertex   1.824242e+01 0.000000e+00 3.278212e+00
      vertex   1.824242e+01 3.000000e+00 3.278212e+00
      vertex   1.820882e+01 0.000000e+00 2.984282e+00
    endloop
  endfacet
  facet normal -9.935288e-01 -4.756738e-15 1.135802e-01
    outer loop
      vertex   1.820882e+01 0.000000e+00 2.984282e+00
      vertex   1.824242e+01 3.000000e+00 3.278212e+00
      vertex   1.820882e+01 3.000000e+00 2.984282e+00
    endloop
  endfacet
  facet normal -9.790841e-01 -4.728227e-15 2.034560e-01
    outer loop
      vertex   1.820882e+01 0.000000e+00 2.984282e+00
      vertex   1.820882e+01 3.000000e+00 2.984282e+00
      vertex   1.814863e+01 0.000000e+00 2.694625e+00
    endloop
  endfacet
  facet normal -9.790841e-01 -2.559877e-15 2.034560e-01
    outer loop
      vertex   1.814863e+01 0.000000e+00 2.694625e+00
      vertex   1.820882e+01 3.000000e+00 2.984282e+00
      vertex   1.814863e+01 3.000000e+00 2.694625e+00
    endloop
  endfacet
  facet normal -9.565263e-01 -2.610888e-15 2.916459e-01
    outer loop
      vertex   1.814863e+01 0.000000e+00 2.694625e+00
      vertex   1.814863e+01 3.000000e+00 2.694625e+00
      vertex   1.806235e+01 0.000000e+00 2.411641e+00
    endloop
  endfacet
  facet normal -9.565263e-01 -3.657298e-15 2.916459e-01
    outer loop
      vertex   1.806235e+01 0.000000e+00 2.411641e+00
      vertex   1.814863e+01 3.000000e+00 2.694625e+00
      vertex   1.806235e+01 3.000000e+00 2.411641e+00
    endloop
  endfacet
  facet normal -9.260425e-01 -3.625180e-15 3.774192e-01
    outer loop
      vertex   1.806235e+01 0.000000e+00 2.411641e+00
      vertex   1.806235e+01 3.000000e+00 2.411641e+00
      vertex   1.795069e+01 0.000000e+00 2.137676e+00
    endloop
  endfacet
  facet normal -9.260425e-01 -2.640263e-15 3.774192e-01
    outer loop
      vertex   1.795069e+01 0.000000e+00 2.137676e+00
      vertex   1.806235e+01 3.000000e+00 2.411641e+00
      vertex   1.795069e+01 3.000000e+00 2.137676e+00
    endloop
  endfacet
  facet normal -8.878852e-01 -2.647761e-15 4.600650e-01
    outer loop
      vertex   1.795069e+01 0.000000e+00 2.137676e+00
      vertex   1.795069e+01 3.000000e+00 2.137676e+00
      vertex   1.781458e+01 0.000000e+00 1.875000e+00
    endloop
  endfacet
  facet normal -8.878852e-01 -1.970862e-15 4.600650e-01
    outer loop
      vertex   1.781458e+01 0.000000e+00 1.875000e+00
      vertex   1.795069e+01 3.000000e+00 2.137676e+00
      vertex   1.781458e+01 3.000000e+00 1.875000e+00
    endloop
  endfacet
  facet normal -8.423706e-01 -2.074503e-15 5.388986e-01
    outer loop
      vertex   1.781458e+01 0.000000e+00 1.875000e+00
      vertex   1.781458e+01 3.000000e+00 1.875000e+00
      vertex   1.765515e+01 0.000000e+00 1.625789e+00
    endloop
  endfacet
  facet normal -8.423706e-01 -2.912524e-15 5.388986e-01
    outer loop
      vertex   1.765515e+01 0.000000e+00 1.625789e+00
      vertex   1.781458e+01 3.000000e+00 1.875000e+00
      vertex   1.765515e+01 3.000000e+00 1.625789e+00
    endloop
  endfacet
  facet normal -7.898759e-01 -2.914792e-15 6.132668e-01
    outer loop
      vertex   1.765515e+01 0.000000e+00 1.625789e+00
      vertex   1.765515e+01 3.000000e+00 1.625789e+00
      vertex   1.747372e+01 0.000000e+00 1.392108e+00
    endloop
  endfacet
  facet normal -7.898759e-01 -3.277918e-15 6.132668e-01
    outer loop
      vertex   1.747372e+01 0.000000e+00 1.392108e+00
      vertex   1.765515e+01 3.000000e+00 1.625789e+00
      vertex   1.747372e+01 3.000000e+00 1.392108e+00
    endloop
  endfacet
  facet normal -7.308360e-01 -3.297059e-15 6.825531e-01
    outer loop
      vertex   1.747372e+01 0.000000e+00 1.392108e+00
      vertex   1.747372e+01 3.000000e+00 1.392108e+00
      vertex   1.727179e+01 0.000000e+00 1.175894e+00
    endloop
  endfacet
  facet normal -7.308360e-01 -3.196021e-15 6.825531e-01
    outer loop
      vertex   1.727179e+01 0.000000e+00 1.175894e+00
      vertex   1.747372e+01 3.000000e+00 1.392108e+00
      vertex   1.727179e+01 3.000000e+00 1.175894e+00
    endloop
  endfacet
  facet normal -6.657401e-01 -3.178421e-15 7.461837e-01
    outer loop
      vertex   1.727179e+01 0.000000e+00 1.175894e+00
      vertex   1.727179e+01 3.000000e+00 1.175894e+00
      vertex   1.705104e+01 0.000000e+00 9.789383e-01
    endloop
  endfacet
  facet normal -6.657401e-01 -2.583327e-15 7.461837e-01
    outer loop
      vertex   1.705104e+01 0.000000e+00 9.789383e-01
      vertex   1.727179e+01 3.000000e+00 1.175894e+00
      vertex   1.705104e+01 3.000000e+00 9.789383e-01
    endloop
  endfacet
  facet normal -5.951277e-01 -2.637894e-15 8.036311e-01
    outer loop
      vertex   1.705104e+01 0.000000e+00 9.789383e-01
      vertex   1.705104e+01 3.000000e+00 9.789383e-01
      vertex   1.681329e+01 0.000000e+00 8.028728e-01
    endloop
  endfacet
  facet normal -5.951277e-01 -3.083999e-15 8.036311e-01
    outer loop
      vertex   1.681329e+01 0.000000e+00 8.028728e-01
      vertex   1.705104e+01 3.000000e+00 9.789383e-01
      vertex   1.681329e+01 3.000000e+00 8.028728e-01
    endloop
  endfacet
  facet normal -5.195840e-01 -3.144901e-15 8.544194e-01
    outer loop
      vertex   1.681329e+01 0.000000e+00 8.028728e-01
      vertex   1.681329e+01 3.000000e+00 8.028728e-01
      vertex   1.656051e+01 0.000000e+00 6.491565e-01
    endloop
  endfacet
  facet normal -5.195840e-01 -3.602112e-15 8.544194e-01
    outer loop
      vertex   1.656051e+01 0.000000e+00 6.491565e-01
      vertex   1.681329e+01 3.000000e+00 8.028728e-01
      vertex   1.656051e+01 3.000000e+00 6.491565e-01
    endloop
  endfacet
  facet normal -4.397347e-01 -3.534306e-15 8.981277e-01
    outer loop
      vertex   1.656051e+01 0.000000e+00 6.491565e-01
      vertex   1.656051e+01 3.000000e+00 6.491565e-01
      vertex   1.629480e+01 0.000000e+00 5.190633e-01
    endloop
  endfacet
  facet normal -4.397347e-01 -3.179743e-15 8.981277e-01
    outer loop
      vertex   1.629480e+01 0.000000e+00 5.190633e-01
      vertex   1.656051e+01 3.000000e+00 6.491565e-01
      vertex   1.629480e+01 3.000000e+00 5.190633e-01
    endloop
  endfacet
  facet normal -3.562417e-01 -3.188236e-15 9.343938e-01
    outer loop
      vertex   1.629480e+01 0.000000e+00 5.190633e-01
      vertex   1.629480e+01 3.000000e+00 5.190633e-01
      vertex   1.601837e+01 0.000000e+00 4.136710e-01
    endloop
  endfacet
  facet normal -3.562417e-01 -3.534032e-15 9.343938e-01
    outer loop
      vertex   1.601837e+01 0.000000e+00 4.136710e-01
      vertex   1.629480e+01 3.000000e+00 5.190633e-01
      vertex   1.601837e+01 3.000000e+00 4.136710e-01
    endloop
  endfacet
  facet normal -2.697968e-01 -3.526662e-15 9.629173e-01
    outer loop
      vertex   1.601837e+01 0.000000e+00 4.136710e-01
      vertex   1.601837e+01 3.000000e+00 4.136710e-01
      vertex   1.573349e+01 0.000000e+00 3.338530e-01
    endloop
  endfacet
  facet normal -2.697968e-01 -3.526662e-15 9.629173e-01
    outer loop
      vertex   1.573349e+01 0.000000e+00 3.338530e-01
      vertex   1.601837e+01 3.000000e+00 4.136710e-01
      vertex   1.573349e+01 3.000000e+00 3.338530e-01
    endloop
  endfacet
  facet normal -1.811162e-01 -3.490070e-15 9.834617e-01
    outer loop
      vertex   1.573349e+01 0.000000e+00 3.338530e-01
      vertex   1.573349e+01 3.000000e+00 3.338530e-01
      vertex   1.544254e+01 0.000000e+00 2.802707e-01
    endloop
  endfacet
  facet normal -1.811162e-01 -3.564805e-15 9.834617e-01
    outer loop
      vertex   1.544254e+01 0.000000e+00 2.802707e-01
      vertex   1.573349e+01 3.000000e+00 3.338530e-01
      vertex   1.544254e+01 3.000000e+00 2.802707e-01
    endloop
  endfacet
  facet normal -9.093486e-02 -3.554984e-15 9.958568e-01
    outer loop
      vertex   1.544254e+01 0.000000e+00 2.802707e-01
      vertex   1.544254e+01 3.000000e+00 2.802707e-01
      vertex   1.514792e+01 0.000000e+00 2.533681e-01
    endloop
  endfacet
  facet normal -9.093486e-02 -3.424558e-15 9.958568e-01
    outer loop
      vertex   1.514792e+01 0.000000e+00 2.533681e-01
      vertex   1.544254e+01 3.000000e+00 2.802707e-01
      vertex   1.514792e+01 3.000000e+00 2.533681e-01
    endloop
  endfacet
  facet normal 0.000000e+00 -3.330669e-15 1.000000e+00
    outer loop
      vertex   1.514792e+01 0.000000e+00 2.533681e-01
      vertex   1.514792e+01 3.000000e+00 2.533681e-01
      vertex   1.485208e+01 0.000000e+00 2.533681e-01
    endloop
  endfacet
  facet normal 0.000000e+00 -3.330669e-15 1.000000e+00
    outer loop
      vertex   1.485208e+01 0.000000e+00 2.533681e-01
      vertex   1.514792e+01 3.000000e+00 2.533681e-01
      vertex   1.485208e+01 3.000000e+00 2.533681e-01
    endloop
  endfacet
  facet normal 9.093486e-02 -3.316870e-15 9.958568e-01
    outer loop
      vertex   1.485208e+01 0.000000e+00 2.533681e-01
      vertex   1.485208e+01 3.000000e+00 2.533681e-01
      vertex   1.455746e+01 0.000000e+00 2.802707e-01
    endloop
  endfacet
  facet normal 9.093486e-02 -3.316870e-15 9.958568e-01
    outer loop
      vertex   1.455746e+01 0.000000e+00 2.802707e-01
      vertex   1.485208e+01 3.000000e+00 2.533681e-01
      vertex   1.455746e+01 3.000000e+00 2.802707e-01
    endloop
  endfacet
  facet normal 1.811162e-01 -3.275585e-15 9.834617e-01
    outer loop
      vertex   1.455746e+01 0.000000e+00 2.802707e-01
      vertex   1.455746e+01 3.000000e+00 2.802707e-01
      vertex   1.426651e+01 0.000000e+00 3.338530e-01
    endloop
  endfacet
  facet normal 1.811162e-01 -3.093609e-15 9.834617e-01
    outer loop
      vertex   1.426651e+01 0.000000e+00 3.338530e-01
      vertex   1.455746e+01 3.000000e+00 2.802707e-01
      vertex   1.426651e+01 3.000000e+00 3.338530e-01
    endloop
  endfacet
  facet normal 2.697968e-01 -3.028983e-15 9.629173e-01
    outer loop
      vertex   1.426651e+01 0.000000e+00 3.338530e-01
      vertex   1.426651e+01 3.000000e+00 3.338530e-01
      vertex   1.398163e+01 0.000000e+00 4.136710e-01
    endloop
  endfacet
  facet normal 2.697968e-01 -3.366911e-15 9.629173e-01
    outer loop
      vertex   1.398163e+01 0.000000e+00 4.136710e-01
      vertex   1.426651e+01 3.000000e+00 3.338530e-01
      vertex   1.398163e+01 3.000000e+00 4.136710e-01
    endloop
  endfacet
  facet normal 3.562417e-01 -3.323094e-15 9.343938e-01
    outer loop
      vertex   1.398163e+01 0.000000e+00 4.136710e-01
      vertex   1.398163e+01 3.000000e+00 4.136710e-01
      vertex   1.370520e+01 0.000000e+00 5.190633e-01
    endloop
  endfacet
  facet normal 3.562417e-01 -3.610111e-15 9.343938e-01
    outer loop
      vertex   1.370520e+01 0.000000e+00 5.190633e-01
      vertex   1.398163e+01 3.000000e+00 4.136710e-01
      vertex   1.370520e+01 3.000000e+00 5.190633e-01
    endloop
  endfacet
  facet normal 4.397347e-01 -3.700493e-15 8.981277e-01
    outer loop
      vertex   1.370520e+01 0.000000e+00 5.190633e-01
      vertex   1.370520e+01 3.000000e+00 5.190633e-01
      vertex   1.343949e+01 0.000000e+00 6.491565e-01
    endloop
  endfacet
  facet normal 4.397347e-01 -3.440118e-15 8.981277e-01
    outer loop
      vertex   1.343949e+01 0.000000e+00 6.491565e-01
      vertex   1.370520e+01 3.000000e+00 5.190633e-01
      vertex   1.343949e+01 3.000000e+00 6.491565e-01
    endloop
  endfacet
  facet normal 5.195840e-01 -3.452556e-15 8.544194e-01
    outer loop
      vertex   1.343949e+01 0.000000e+00 6.491565e-01
      vertex   1.343949e+01 3.000000e+00 6.491565e-01
      vertex   1.318671e+01 0.000000e+00 8.028728e-01
    endloop
  endfacet
  facet normal 5.195840e-01 -3.444013e-15 8.544194e-01
    outer loop
      vertex   1.318671e+01 0.000000e+00 8.028728e-01
      vertex   1.343949e+01 3.000000e+00 6.491565e-01
      vertex   1.318671e+01 3.000000e+00 8.028728e-01
    endloop
  endfacet
  facet normal 5.951277e-01 -3.491368e-15 8.036311e-01
    outer loop
      vertex   1.318671e+01 0.000000e+00 8.028728e-01
      vertex   1.318671e+01 3.000000e+00 8.028728e-01
      vertex   1.294896e+01 0.000000e+00 9.789383e-01
    endloop
  endfacet
  facet normal 5.951277e-01 -3.491368e-15 8.036311e-01
    outer loop
      vertex   1.294896e+01 0.000000e+00 9.789383e-01
      vertex   1.318671e+01 3.000000e+00 8.028728e-01
      vertex   1.294896e+01 3.000000e+00 9.789383e-01
    endloop
  endfacet
  facet normal 6.657401e-01 -3.509793e-15 7.461837e-01
    outer loop
      vertex   1.294896e+01 0.000000e+00 9.789383e-01
      vertex   1.294896e+01 3.000000e+00 9.789383e-01
      vertex   1.272821e+01 0.000000e+00 1.175894e+00
    endloop
  endfacet
  facet normal 6.657401e-01 -3.903991e-15 7.461837e-01
    outer loop
      vertex   1.272821e+01 0.000000e+00 1.175894e+00
      vertex   1.294896e+01 3.000000e+00 9.789383e-01
      vertex   1.272821e+01 3.000000e+00 1.175894e+00
    endloop
  endfacet
  facet normal 7.308360e-01 -3.931877e-15 6.825531e-01
    outer loop
      vertex   1.272821e+01 0.000000e+00 1.175894e+00
      vertex   1.272821e+01 3.000000e+00 1.175894e+00
      vertex   1.252628e+01 0.000000e+00 1.392108e+00
    endloop
  endfacet
  facet normal 7.308360e-01 -3.679282e-15 6.825531e-01
    outer loop
      vertex   1.252628e+01 0.000000e+00 1.392108e+00
      vertex   1.272821e+01 3.000000e+00 1.175894e+00
      vertex   1.252628e+01 3.000000e+00 1.392108e+00
    endloop
  endfacet
  facet normal 7.898759e-01 -3.700228e-15 6.132668e-01
    outer loop
      vertex   1.252628e+01 0.000000e+00 1.392108e+00
      vertex   1.252628e+01 3.000000e+00 1.392108e+00
      vertex   1.234485e+01 0.000000e+00 1.625789e+00
    endloop
  endfacet
  facet normal 7.898759e-01 -3.564056e-15 6.132668e-01
    outer loop
      vertex   1.234485e+01 0.000000e+00 1.625789e+00
      vertex   1.252628e+01 3.000000e+00 1.392108e+00
      vertex   1.234485e+01 3.000000e+00 1.625789e+00
    endloop
  endfacet
  facet normal 8.423706e-01 -3.570854e-15 5.388986e-01
    outer loop
      vertex   1.234485e+01 0.000000e+00 1.625789e+00
      vertex   1.234485e+01 3.000000e+00 1.625789e+00
      vertex   1.218542e+01 0.000000e+00 1.875000e+00
    endloop
  endfacet
  facet normal 8.423706e-01 -3.530967e-15 5.388986e-01
    outer loop
      vertex   1.218542e+01 0.000000e+00 1.875000e+00
      vertex   1.234485e+01 3.000000e+00 1.625789e+00
      vertex   1.218542e+01 3.000000e+00 1.875000e+00
    endloop
  endfacet
  facet normal 8.878852e-01 -3.514011e-15 4.600650e-01
    outer loop
      vertex   1.218542e+01 0.000000e+00 1.875000e+00
      vertex   1.218542e+01 3.000000e+00 1.875000e+00
      vertex   1.204931e+01 0.000000e+00 2.137676e+00
    endloop
  endfacet
  facet normal 8.878852e-01 -3.377805e-15 4.600650e-01
    outer loop
      vertex   1.204931e+01 0.000000e+00 2.137676e+00
      vertex   1.218542e+01 3.000000e+00 1.875000e+00
      vertex   1.204931e+01 3.000000e+00 2.137676e+00
    endloop
  endfacet
  facet normal 9.260425e-01 -3.356199e-15 3.774192e-01
    outer loop
      vertex   1.204931e+01 0.000000e+00 2.137676e+00
      vertex   1.204931e+01 3.000000e+00 2.137676e+00
      vertex   1.193765e+01 0.000000e+00 2.411641e+00
    endloop
  endfacet
  facet normal 9.260425e-01 -3.244460e-15 3.774192e-01
    outer loop
      vertex   1.193765e+01 0.000000e+00 2.411641e+00
      vertex   1.204931e+01 3.000000e+00 2.137676e+00
      vertex   1.193765e+01 3.000000e+00 2.411641e+00
    endloop
  endfacet
  facet normal 9.565263e-01 -3.220437e-15 2.916459e-01
    outer loop
      vertex   1.193765e+01 0.000000e+00 2.411641e+00
      vertex   1.193765e+01 3.000000e+00 2.411641e+00
      vertex   1.185137e+01 0.000000e+00 2.694625e+00
    endloop
  endfacet
  facet normal 9.565263e-01 -2.524543e-15 2.916459e-01
    outer loop
      vertex   1.185137e+01 0.000000e+00 2.694625e+00
      vertex   1.193765e+01 3.000000e+00 2.411641e+00
      vertex   1.185137e+01 3.000000e+00 2.694625e+00
    endloop
  endfacet
  facet normal 9.790841e-01 -2.499642e-15 2.034560e-01
    outer loop
      vertex   1.185137e+01 0.000000e+00 2.694625e+00
      vertex   1.185137e+01 3.000000e+00 2.694625e+00
      vertex   1.179118e+01 0.000000e+00 2.984282e+00
    endloop
  endfacet
  facet normal 9.790841e-01 -3.628993e-15 2.034560e-01
    outer loop
      vertex   1.179118e+01 0.000000e+00 2.984282e+00
      vertex   1.185137e+01 3.000000e+00 2.694625e+00
      vertex   1.179118e+01 3.000000e+00 2.984282e+00
    endloop
  endfacet
  facet normal 9.935288e-01 -3.613790e-15 1.135802e-01
    outer loop
      vertex   1.179118e+01 0.000000e+00 2.984282e+00
      vertex   1.179118e+01 3.000000e+00 2.984282e+00
      vertex   1.175758e+01 0.000000e+00 3.278212e+00
    endloop
  endfacet
  facet normal 9.935288e-01 -2.386775e-15 1.135802e-01
    outer loop
      vertex   1.175758e+01 0.000000e+00 3.278212e+00
      vertex   1.179118e+01 3.000000e+00 2.984282e+00
      vertex   1.175758e+01 3.000000e+00 3.278212e+00
    endloop
  endfacet
  facet normal 9.997409e-01 -2.374601e-15 2.276320e-02
    outer loop
      vertex   1.175758e+01 0.000000e+00 3.278212e+00
      vertex   1.175758e+01 3.000000e+00 3.278212e+00
      vertex   1.175084e+01 0.000000e+00 3.573980e+00
    endloop
  endfacet
  facet normal 9.997409e-01 -3.551793e-15 2.276320e-02
    outer loop
      vertex   1.175084e+01 0.000000e+00 3.573980e+00
      vertex   1.175758e+01 3.000000e+00 3.278212e+00
      vertex   1.175084e+01 3.000000e+00 3.573980e+00
    endloop
  endfacet
  facet normal 9.976688e-01 -3.544431e-15 -6.824241e-02
    outer loop
      vertex   1.175084e+01 0.000000e+00 3.573980e+00
      vertex   1.175084e+01 3.000000e+00 3.573980e+00
      vertex   1.177103e+01 0.000000e+00 3.869136e+00
    endloop
  endfacet
  facet normal 9.976688e-01 -4.145272e-15 -6.824241e-02
    outer loop
      vertex   1.177103e+01 0.000000e+00 3.869136e+00
      vertex   1.175084e+01 3.000000e+00 3.573980e+00
      vertex   1.177103e+01 3.000000e+00 3.869136e+00
    endloop
  endfacet
  facet normal 9.873297e-01 -4.115806e-15 -1.586825e-01
    outer loop
      vertex   1.177103e+01 0.000000e+00 3.869136e+00
      vertex   1.177103e+01 3.000000e+00 3.869136e+00
      vertex   1.181798e+01 0.000000e+00 4.161232e+00
    endloop
  endfacet
  facet normal 9.873297e-01 -2.385446e-15 -1.586825e-01
    outer loop
      vertex   1.181798e+01 0.000000e+00 4.161232e+00
      vertex   1.177103e+01 3.000000e+00 3.869136e+00
      vertex   1.181798e+01 3.000000e+00 4.161232e+00
    endloop
  endfacet
  facet normal 9.688092e-01 -2.367967e-15 -2.478078e-01
    outer loop
      vertex   1.181798e+01 0.000000e+00 4.161232e+00
      vertex   1.181798e+01 3.000000e+00 4.161232e+00
      vertex   1.189129e+01 0.000000e+00 4.447849e+00
    endloop
  endfacet
  facet normal 9.688092e-01 -3.588633e-15 -2.478078e-01
    outer loop
      vertex   1.189129e+01 0.000000e+00 4.447849e+00
      vertex   1.181798e+01 3.000000e+00 4.161232e+00
      vertex   1.189129e+01 3.000000e+00 4.447849e+00
    endloop
  endfacet
  facet normal 9.422609e-01 -3.545872e-15 -3.348796e-01
    outer loop
      vertex   1.189129e+01 0.000000e+00 4.447849e+00
      vertex   1.189129e+01 3.000000e+00 4.447849e+00
      vertex   1.199036e+01 0.000000e+00 4.726612e+00
    endloop
  endfacet
  facet normal 9.422609e-01 -3.744160e-15 -3.348796e-01
    outer loop
      vertex   1.199036e+01 0.000000e+00 4.726612e+00
      vertex   1.189129e+01 3.000000e+00 4.447849e+00
      vertex   1.199036e+01 3.000000e+00 4.726612e+00
    endloop
  endfacet
  facet normal 9.079048e-01 -3.721930e-15 -4.191765e-01
    outer loop
      vertex   1.199036e+01 0.000000e+00 4.726612e+00
      vertex   1.199036e+01 3.000000e+00 4.726612e+00
      vertex   1.211437e+01 0.000000e+00 4.995211e+00
    endloop
  endfacet
  facet normal 9.079048e-01 -3.184343e-15 -4.191765e-01
    outer loop
      vertex   1.211437e+01 0.000000e+00 4.995211e+00
      vertex   1.199036e+01 3.000000e+00 4.726612e+00
      vertex   1.211437e+01 3.000000e+00 4.995211e+00
    endloop
  endfacet
  facet normal 8.660254e-01 -3.156069e-15 -5.000000e-01
    outer loop
      vertex   1.211437e+01 0.000000e+00 4.995211e+00
      vertex   1.211437e+01 3.000000e+00 4.995211e+00
      vertex   1.226230e+01 0.000000e+00 5.251421e+00
    endloop
  endfacet
  facet normal 8.660254e-01 -3.452129e-15 -5.000000e-01
    outer loop
      vertex   1.226230e+01 0.000000e+00 5.251421e+00
      vertex   1.211437e+01 3.000000e+00 4.995211e+00
      vertex   1.226230e+01 3.000000e+00 5.251421e+00
    endloop
  endfacet
  facet normal 8.169699e-01 -3.443107e-15 -5.766803e-01
    outer loop
      vertex   1.226230e+01 0.000000e+00 5.251421e+00
      vertex   1.226230e+01 3.000000e+00 5.251421e+00
      vertex   1.243290e+01 0.000000e+00 5.493117e+00
    endloop
  endfacet
  facet normal 8.169699e-01 -3.130095e-15 -5.766803e-01
    outer loop
      vertex   1.243290e+01 0.000000e+00 5.493117e+00
      vertex   1.226230e+01 3.000000e+00 5.251421e+00
      vertex   1.243290e+01 3.000000e+00 5.493117e+00
    endloop
  endfacet
  facet normal 7.611447e-01 -3.146885e-15 -6.485821e-01
    outer loop
      vertex   1.243290e+01 0.000000e+00 5.493117e+00
      vertex   1.243290e+01 3.000000e+00 5.493117e+00
      vertex   1.262478e+01 0.000000e+00 5.718298e+00
    endloop
  endfacet
  facet normal 7.611447e-01 -3.338904e-15 -6.485821e-01
    outer loop
      vertex   1.262478e+01 0.000000e+00 5.718298e+00
      vertex   1.243290e+01 3.000000e+00 5.493117e+00
      vertex   1.262478e+01 3.000000e+00 5.718298e+00
    endloop
  endfacet
  facet normal 6.990124e-01 -3.349314e-15 -7.151095e-01
    outer loop
      vertex   1.262478e+01 0.000000e+00 5.718298e+00
      vertex   1.262478e+01 3.000000e+00 5.718298e+00
      vertex   1.283634e+01 0.000000e+00 5.925097e+00
    endloop
  endfacet
  facet normal 6.990124e-01 -2.935415e-15 -7.151095e-01
    outer loop
      vertex   1.283634e+01 0.000000e+00 5.925097e+00
      vertex   1.262478e+01 3.000000e+00 5.718298e+00
      vertex   1.283634e+01 3.000000e+00 5.925097e+00
    endloop
  endfacet
  facet normal 6.310879e-01 -2.958291e-15 -7.757113e-01
    outer loop
      vertex   1.283634e+01 0.000000e+00 5.925097e+00
      vertex   1.283634e+01 3.000000e+00 5.925097e+00
      vertex   1.306583e+01 0.000000e+00 6.111801e+00
    endloop
  endfacet
  facet normal 6.310879e-01 -3.187947e-15 -7.757113e-01
    outer loop
      vertex   1.306583e+01 0.000000e+00 6.111801e+00
      vertex   1.283634e+01 3.000000e+00 5.925097e+00
      vertex   1.306583e+01 3.000000e+00 6.111801e+00
    endloop
  endfacet
  facet normal 5.579340e-01 -3.202349e-15 -8.298853e-01
    outer loop
      vertex   1.306583e+01 0.000000e+00 6.111801e+00
      vertex   1.306583e+01 3.000000e+00 6.111801e+00
      vertex   1.331135e+01 0.000000e+00 6.276863e+00
    endloop
  endfacet
  facet normal 5.579340e-01 -2.871985e-15 -8.298853e-01
    outer loop
      vertex   1.331135e+01 0.000000e+00 6.276863e+00
      vertex   1.306583e+01 3.000000e+00 6.111801e+00
      vertex   1.331135e+01 3.000000e+00 6.276863e+00
    endloop
  endfacet
  facet normal 4.801569e-01 -2.905904e-15 -8.771826e-01
    outer loop
      vertex   1.331135e+01 0.000000e+00 6.276863e+00
      vertex   1.331135e+01 3.000000e+00 6.276863e+00
      vertex   1.357086e+01 0.000000e+00 6.418915e+00
    endloop
  endfacet
  facet normal 4.801569e-01 -3.449912e-15 -8.771826e-01
    outer loop
      vertex   1.357086e+01 0.000000e+00 6.418915e+00
      vertex   1.331135e+01 3.000000e+00 6.276863e+00
      vertex   1.357086e+01 3.000000e+00 6.418915e+00
    endloop
  endfacet
  facet normal 3.984011e-01 -3.423193e-15 -9.172113e-01
    outer loop
      vertex   1.357086e+01 0.000000e+00 6.418915e+00
      vertex   1.357086e+01 3.000000e+00 6.418915e+00
      vertex   1.384221e+01 0.000000e+00 6.536780e+00
    endloop
  endfacet
  facet normal 3.984011e-01 -3.423193e-15 -9.172113e-01
    outer loop
      vertex   1.384221e+01 0.000000e+00 6.536780e+00
      vertex   1.357086e+01 3.000000e+00 6.418915e+00
      vertex   1.384221e+01 3.000000e+00 6.536780e+00
    endloop
  endfacet
  facet normal 3.133440e-01 -3.368109e-15 -9.496397e-01
    outer loop
      vertex   1.384221e+01 0.000000e+00 6.536780e+00
      vertex   1.384221e+01 3.000000e+00 6.536780e+00
      vertex   1.412316e+01 0.000000e+00 6.629481e+00
    endloop
  endfacet
  facet normal 3.133440e-01 -3.368109e-15 -9.496397e-01
    outer loop
      vertex   1.412316e+01 0.000000e+00 6.629481e+00
      vertex   1.384221e+01 3.000000e+00 6.536780e+00
      vertex   1.412316e+01 3.000000e+00 6.629481e+00
    endloop
  endfacet
  facet normal 2.256904e-01 -3.285115e-15 -9.741991e-01
    outer loop
      vertex   1.412316e+01 0.000000e+00 6.629481e+00
      vertex   1.412316e+01 3.000000e+00 6.629481e+00
      vertex   1.441137e+01 0.000000e+00 6.696251e+00
    endloop
  endfacet
  facet normal 2.256904e-01 -3.439901e-15 -9.741991e-01
    outer loop
      vertex   1.441137e+01 0.000000e+00 6.696251e+00
      vertex   1.412316e+01 3.000000e+00 6.629481e+00
      vertex   1.441137e+01 3.000000e+00 6.696251e+00
    endloop
  endfacet
  facet normal 1.361666e-01 -3.387575e-15 -9.906859e-01
    outer loop
      vertex   1.441137e+01 0.000000e+00 6.696251e+00
      vertex   1.441137e+01 3.000000e+00 6.696251e+00
      vertex   1.470446e+01 0.000000e+00 6.736535e+00
    endloop
  endfacet
  facet normal 1.361666e-01 -3.974179e-15 -9.906859e-01
    outer loop
      vertex   1.470446e+01 0.000000e+00 6.736535e+00
      vertex   1.441137e+01 3.000000e+00 6.696251e+00
      vertex   1.470446e+01 3.000000e+00 6.736535e+00
    endloop
  endfacet
  facet normal -3.616180e-01 3.148440e-04 -9.323263e-01
    outer loop
      vertex   1.610049e+01 5.800885e-02 2.355801e+01
      vertex   1.615779e+01 3.000000e+00 2.353678e+01
      vertex   1.625000e+01 0.000000e+00 2.350000e+01
    endloop
  endfacet
  facet normal -3.984009e-01 -1.001109e-03 -9.172108e-01
    outer loop
      vertex   1.625000e+01 0.000000e+00 2.350000e+01
      vertex   1.615779e+01 3.000000e+00 2.353678e+01
      vertex   1.642914e+01 3.000000e+00 2.341892e+01
    endloop
  endfacet
  facet normal -4.264559e-01 1.017473e-03 -9.045078e-01
    outer loop
      vertex   1.625000e+01 0.000000e+00 2.350000e+01
      vertex   1.642914e+01 3.000000e+00 2.341892e+01
      vertex   1.651906e+01 0.000000e+00 2.337314e+01
    endloop
  endfacet
  facet normal -4.801567e-01 -1.009079e-03 -8.771822e-01
    outer loop
      vertex   1.651906e+01 0.000000e+00 2.337314e+01
      vertex   1.642914e+01 3.000000e+00 2.341892e+01
      vertex   1.668865e+01 3.000000e+00 2.327686e+01
    endloop
  endfacet
  facet normal -5.073707e-01 1.025308e-03 -8.617273e-01
    outer loop
      vertex   1.651906e+01 0.000000e+00 2.337314e+01
      vertex   1.668865e+01 3.000000e+00 2.327686e+01
      vertex   1.677540e+01 0.000000e+00 2.322222e+01
    endloop
  endfacet
  facet normal -5.579338e-01 -1.016778e-03 -8.298849e-01
    outer loop
      vertex   1.677540e+01 0.000000e+00 2.322222e+01
      vertex   1.668865e+01 3.000000e+00 2.327686e+01
      vertex   1.693417e+01 3.000000e+00 2.311180e+01
    endloop
  endfacet
  facet normal -5.840351e-01 1.032873e-03 -8.117277e-01
    outer loop
      vertex   1.677540e+01 0.000000e+00 2.322222e+01
      vertex   1.693417e+01 3.000000e+00 2.311180e+01
      vertex   1.701686e+01 0.000000e+00 2.304849e+01
    endloop
  endfacet
  facet normal -6.310876e-01 -1.024208e-03 -7.757109e-01
    outer loop
      vertex   1.701686e+01 0.000000e+00 2.304849e+01
      vertex   1.693417e+01 3.000000e+00 2.311180e+01
      vertex   1.716366e+01 3.000000e+00 2.292510e+01
    endloop
  endfacet
  facet normal -6.558068e-01 1.040167e-03 -7.549281e-01
    outer loop
      vertex   1.701686e+01 0.000000e+00 2.304849e+01
      vertex   1.716366e+01 3.000000e+00 2.292510e+01
      vertex   1.724142e+01 0.000000e+00 2.285341e+01
    endloop
  endfacet
  facet normal -6.990121e-01 -1.031368e-03 -7.151091e-01
    outer loop
      vertex   1.724142e+01 0.000000e+00 2.285341e+01
      vertex   1.716366e+01 3.000000e+00 2.292510e+01
      vertex   1.737522e+01 3.000000e+00 2.271830e+01
    endloop
  endfacet
  facet normal -7.220845e-01 1.047192e-03 -6.918040e-01
    outer loop
      vertex   1.724142e+01 0.000000e+00 2.285341e+01
      vertex   1.737522e+01 3.000000e+00 2.271830e+01
      vertex   1.744721e+01 0.000000e+00 2.263861e+01
    endloop
  endfacet
  facet normal -7.611443e-01 -1.038257e-03 -6.485817e-01
    outer loop
      vertex   1.744721e+01 0.000000e+00 2.263861e+01
      vertex   1.737522e+01 3.000000e+00 2.271830e+01
      vertex   1.756710e+01 3.000000e+00 2.249312e+01
    endloop
  endfacet
  facet normal -7.823131e-01 1.053946e-03 -6.228845e-01
    outer loop
      vertex   1.744721e+01 0.000000e+00 2.263861e+01
      vertex   1.756710e+01 3.000000e+00 2.249312e+01
      vertex   1.763250e+01 0.000000e+00 2.240590e+01
    endloop
  endfacet
  facet normal -8.169694e-01 -1.044876e-03 -5.766800e-01
    outer loop
      vertex   1.763250e+01 0.000000e+00 2.240590e+01
      vertex   1.756710e+01 3.000000e+00 2.249312e+01
      vertex   1.773770e+01 3.000000e+00 2.225142e+01
    endloop
  endfacet
  facet normal -8.359879e-01 1.060430e-03 -5.487469e-01
    outer loop
      vertex   1.763250e+01 0.000000e+00 2.240590e+01
      vertex   1.773770e+01 3.000000e+00 2.225142e+01
      vertex   1.779573e+01 0.000000e+00 2.215722e+01
    endloop
  endfacet
  facet normal -8.660249e-01 -1.051225e-03 -4.999997e-01
    outer loop
      vertex   1.779573e+01 0.000000e+00 2.215722e+01
      vertex   1.773770e+01 3.000000e+00 2.225142e+01
      vertex   1.788563e+01 3.000000e+00 2.199521e+01
    endloop
  endfacet
  facet normal -8.826593e-01 1.066644e-03 -4.700121e-01
    outer loop
      vertex   1.779573e+01 0.000000e+00 2.215722e+01
      vertex   1.788563e+01 3.000000e+00 2.199521e+01
      vertex   1.793555e+01 0.000000e+00 2.189466e+01
    endloop
  endfacet
  facet normal -9.079042e-01 -1.057304e-03 -4.191763e-01
    outer loop
      vertex   1.793555e+01 0.000000e+00 2.189466e+01
      vertex   1.788563e+01 3.000000e+00 2.199521e+01
      vertex   1.800964e+01 3.000000e+00 2.172661e+01
    endloop
  endfacet
  facet normal -9.219363e-01 1.072588e-03 -3.873399e-01
    outer loop
      vertex   1.793555e+01 0.000000e+00 2.189466e+01
      vertex   1.800964e+01 3.000000e+00 2.172661e+01
      vertex   1.805077e+01 0.000000e+00 2.162041e+01
    endloop
  endfacet
  facet normal -9.422604e-01 -1.063113e-03 -3.348794e-01
    outer loop
      vertex   1.805077e+01 0.000000e+00 2.162041e+01
      vertex   1.800964e+01 3.000000e+00 2.172661e+01
      vertex   1.810871e+01 3.000000e+00 2.144785e+01
    endloop
  endfacet
  facet normal -9.534900e-01 1.078261e-03 -3.014228e-01
    outer loop
      vertex   1.805077e+01 0.000000e+00 2.162041e+01
      vertex   1.810871e+01 3.000000e+00 2.144785e+01
      vertex   1.814043e+01 0.000000e+00 2.133678e+01
    endloop
  endfacet
  facet normal -9.688087e-01 -1.068651e-03 -2.478076e-01
    outer loop
      vertex   1.814043e+01 0.000000e+00 2.133678e+01
      vertex   1.810871e+01 3.000000e+00 2.144785e+01
      vertex   1.818202e+01 3.000000e+00 2.116123e+01
    endloop
  endfacet
  facet normal -9.770558e-01 1.083665e-03 -2.129806e-01
    outer loop
      vertex   1.814043e+01 0.000000e+00 2.133678e+01
      vertex   1.818202e+01 3.000000e+00 2.116123e+01
      vertex   1.820378e+01 0.000000e+00 2.104614e+01
    endloop
  endfacet
  facet normal -9.873291e-01 -1.073920e-03 -1.586825e-01
    outer loop
      vertex   1.820378e+01 0.000000e+00 2.104614e+01
      vertex   1.818202e+01 3.000000e+00 2.116123e+01
      vertex   1.822897e+01 3.000000e+00 2.086914e+01
    endloop
  endfacet
  facet normal -9.924365e-01 1.088798e-03 -1.227541e-01
    outer loop
      vertex   1.820378e+01 0.000000e+00 2.104614e+01
      vertex   1.822897e+01 3.000000e+00 2.086914e+01
      vertex   1.824030e+01 0.000000e+00 2.075092e+01
    endloop
  endfacet
  facet normal -9.976682e-01 -1.078918e-03 -6.824237e-02
    outer loop
      vertex   1.824030e+01 0.000000e+00 2.075092e+01
      vertex   1.822897e+01 3.000000e+00 2.086914e+01
      vertex   1.824916e+01 3.000000e+00 2.057398e+01
    endloop
  endfacet
  facet normal -9.995032e-01 1.093661e-03 -3.149934e-02
    outer loop
      vertex   1.824030e+01 0.000000e+00 2.075092e+01
      vertex   1.824916e+01 3.000000e+00 2.057398e+01
      vertex   1.824967e+01 0.000000e+00 2.045361e+01
    endloop
  endfacet
  facet normal -9.997403e-01 -1.083646e-03 2.276318e-02
    outer loop
      vertex   1.824967e+01 0.000000e+00 2.045361e+01
      vertex   1.824916e+01 3.000000e+00 2.057398e+01
      vertex   1.824242e+01 3.000000e+00 2.027821e+01
    endloop
  endfacet
  facet normal -9.981966e-01 1.098254e-03 6.001935e-02
    outer loop
      vertex   1.824967e+01 0.000000e+00 2.045361e+01
      vertex   1.824242e+01 3.000000e+00 2.027821e+01
      vertex   1.823182e+01 0.000000e+00 2.015668e+01
    endloop
  endfacet
  facet normal -9.935282e-01 -1.088104e-03 1.135801e-01
    outer loop
      vertex   1.823182e+01 0.000000e+00 2.015668e+01
      vertex   1.824242e+01 3.000000e+00 2.027821e+01
      vertex   1.820882e+01 3.000000e+00 1.998428e+01
    endloop
  endfacet
  facet normal -9.885278e-01 1.102577e-03 1.510352e-01
    outer loop
      vertex   1.823182e+01 0.000000e+00 2.015668e+01
      vertex   1.820882e+01 3.000000e+00 1.998428e+01
      vertex   1.818689e+01 0.000000e+00 1.986262e+01
    endloop
  endfacet
  facet normal -9.790835e-01 -1.092291e-03 2.034559e-01
    outer loop
      vertex   1.818689e+01 0.000000e+00 1.986262e+01
      vertex   1.820882e+01 3.000000e+00 1.998428e+01
      vertex   1.814863e+01 3.000000e+00 1.969462e+01
    endloop
  endfacet
  facet normal -9.705776e-01 1.106630e-03 2.407858e-01
    outer loop
      vertex   1.818689e+01 0.000000e+00 1.986262e+01
      vertex   1.814863e+01 3.000000e+00 1.969462e+01
      vertex   1.811526e+01 0.000000e+00 1.957391e+01
    endloop
  endfacet
  facet normal -9.565258e-01 -1.096209e-03 2.916458e-01
    outer loop
      vertex   1.811526e+01 0.000000e+00 1.957391e+01
      vertex   1.814863e+01 3.000000e+00 1.969462e+01
      vertex   1.806235e+01 3.000000e+00 1.941164e+01
    endloop
  endfacet
  facet normal -9.444966e-01 1.110412e-03 3.285193e-01
    outer loop
      vertex   1.811526e+01 0.000000e+00 1.957391e+01
      vertex   1.806235e+01 3.000000e+00 1.941164e+01
      vertex   1.801754e+01 0.000000e+00 1.929295e+01
    endloop
  endfacet
  facet normal -9.260420e-01 -1.099856e-03 3.774190e-01
    outer loop
      vertex   1.801754e+01 0.000000e+00 1.929295e+01
      vertex   1.806235e+01 3.000000e+00 1.941164e+01
      vertex   1.795069e+01 3.000000e+00 1.913768e+01
    endloop
  endfacet
  facet normal -9.105032e-01 1.113924e-03 4.135006e-01
    outer loop
      vertex   1.801754e+01 0.000000e+00 1.929295e+01
      vertex   1.795069e+01 3.000000e+00 1.913768e+01
      vertex   1.789454e+01 0.000000e+00 1.902211e+01
    endloop
  endfacet
  facet normal -8.878847e-01 -1.103233e-03 4.600648e-01
    outer loop
      vertex   1.789454e+01 0.000000e+00 1.902211e+01
      vertex   1.795069e+01 3.000000e+00 1.913768e+01
      vertex   1.781458e+01 3.000000e+00 1.887500e+01
    endloop
  endfacet
  facet normal -8.688821e-01 1.117166e-03 4.950179e-01
    outer loop
      vertex   1.789454e+01 0.000000e+00 1.902211e+01
      vertex   1.781458e+01 3.000000e+00 1.887500e+01
      vertex   1.774728e+01 0.000000e+00 1.876364e+01
    endloop
  endfacet
  facet normal -8.423701e-01 -1.106340e-03 5.388983e-01
    outer loop
      vertex   1.774728e+01 0.000000e+00 1.876364e+01
      vertex   1.781458e+01 3.000000e+00 1.887500e+01
      vertex   1.765515e+01 3.000000e+00 1.862579e+01
    endloop
  endfacet
  facet normal -8.199820e-01 1.120138e-03 5.723882e-01
    outer loop
      vertex   1.774728e+01 0.000000e+00 1.876364e+01
      vertex   1.765515e+01 3.000000e+00 1.862579e+01
      vertex   1.757702e+01 0.000000e+00 1.851973e+01
    endloop
  endfacet
  facet normal -7.898754e-01 -1.109177e-03 6.132664e-01
    outer loop
      vertex   1.757702e+01 0.000000e+00 1.851973e+01
      vertex   1.765515e+01 3.000000e+00 1.862579e+01
      vertex   1.747372e+01 3.000000e+00 1.839211e+01
    endloop
  endfacet
  facet normal -7.642127e-01 1.122840e-03 6.449633e-01
    outer loop
      vertex   1.757702e+01 0.000000e+00 1.851973e+01
      vertex   1.747372e+01 3.000000e+00 1.839211e+01
      vertex   1.738516e+01 0.000000e+00 1.829240e+01
    endloop
  endfacet
  facet normal -7.308355e-01 -1.111744e-03 6.825527e-01
    outer loop
      vertex   1.738516e+01 0.000000e+00 1.829240e+01
      vertex   1.747372e+01 3.000000e+00 1.839211e+01
      vertex   1.727179e+01 3.000000e+00 1.817589e+01
    endloop
  endfacet
  facet normal -7.020412e-01 1.125272e-03 7.121354e-01
    outer loop
      vertex   1.738516e+01 0.000000e+00 1.829240e+01
      vertex   1.727179e+01 3.000000e+00 1.817589e+01
      vertex   1.717333e+01 0.000000e+00 1.808357e+01
    endloop
  endfacet
  facet normal -6.657397e-01 -1.114041e-03 7.461832e-01
    outer loop
      vertex   1.717333e+01 0.000000e+00 1.808357e+01
      vertex   1.727179e+01 3.000000e+00 1.817589e+01
      vertex   1.705104e+01 3.000000e+00 1.797894e+01
    endloop
  endfacet
  facet normal -6.339885e-01 1.127433e-03 7.733416e-01
    outer loop
      vertex   1.717333e+01 0.000000e+00 1.808357e+01
      vertex   1.705104e+01 3.000000e+00 1.797894e+01
      vertex   1.694328e+01 0.000000e+00 1.789498e+01
    endloop
  endfacet
  facet normal -5.951274e-01 -1.116067e-03 8.036306e-01
    outer loop
      vertex   1.694328e+01 0.000000e+00 1.789498e+01
      vertex   1.705104e+01 3.000000e+00 1.797894e+01
      vertex   1.681329e+01 3.000000e+00 1.780287e+01
    endloop
  endfacet
  facet normal -5.606246e-01 1.129324e-03 8.280693e-01
    outer loop
      vertex   1.694328e+01 0.000000e+00 1.789498e+01
      vertex   1.681329e+01 3.000000e+00 1.780287e+01
      vertex   1.669696e+01 0.000000e+00 1.772821e+01
    endloop
  endfacet
  facet normal -5.195836e-01 -1.117823e-03 8.544189e-01
    outer loop
      vertex   1.669696e+01 0.000000e+00 1.772821e+01
      vertex   1.681329e+01 3.000000e+00 1.780287e+01
      vertex   1.656051e+01 3.000000e+00 1.764916e+01
    endloop
  endfacet
  facet normal -4.825641e-01 1.130945e-03 8.758599e-01
    outer loop
      vertex   1.669696e+01 0.000000e+00 1.772821e+01
      vertex   1.656051e+01 3.000000e+00 1.764916e+01
      vertex   1.643642e+01 0.000000e+00 1.758466e+01
    endloop
  endfacet
  facet normal -4.397344e-01 -1.119309e-03 8.981271e-01
    outer loop
      vertex   1.643642e+01 0.000000e+00 1.758466e+01
      vertex   1.656051e+01 3.000000e+00 1.764916e+01
      vertex   1.629480e+01 3.000000e+00 1.751906e+01
    endloop
  endfacet
  facet normal -4.004611e-01 1.132296e-03 9.163131e-01
    outer loop
      vertex   1.643642e+01 0.000000e+00 1.758466e+01
      vertex   1.629480e+01 3.000000e+00 1.751906e+01
      vertex   1.616385e+01 0.000000e+00 1.746554e+01
    endloop
  endfacet
  facet normal -3.562415e-01 -1.120525e-03 9.343933e-01
    outer loop
      vertex   1.616385e+01 0.000000e+00 1.746554e+01
      vertex   1.629480e+01 3.000000e+00 1.751906e+01
      vertex   1.601837e+01 3.000000e+00 1.741367e+01
    endloop
  endfacet
  facet normal -3.150031e-01 1.133377e-03 9.490900e-01
    outer loop
      vertex   1.616385e+01 0.000000e+00 1.746554e+01
      vertex   1.601837e+01 3.000000e+00 1.741367e+01
      vertex   1.588153e+01 0.000000e+00 1.737184e+01
    endloop
  endfacet
  facet normal -2.697966e-01 -1.121470e-03 9.629167e-01
    outer loop
      vertex   1.588153e+01 0.000000e+00 1.737184e+01
      vertex   1.601837e+01 3.000000e+00 1.741367e+01
      vertex   1.573349e+01 3.000000e+00 1.733385e+01
    endloop
  endfacet
  facet normal -2.269063e-01 1.134188e-03 9.739159e-01
    outer loop
      vertex   1.588153e+01 0.000000e+00 1.737184e+01
      vertex   1.573349e+01 3.000000e+00 1.733385e+01
      vertex   1.559182e+01 0.000000e+00 1.730434e+01
    endloop
  endfacet
  facet normal -1.811161e-01 -1.122146e-03 9.834611e-01
    outer loop
      vertex   1.559182e+01 0.000000e+00 1.730434e+01
      vertex   1.573349e+01 3.000000e+00 1.733385e+01
      vertex   1.544254e+01 3.000000e+00 1.728027e+01
    endloop
  endfacet
  facet normal -1.369086e-01 1.134728e-03 9.905830e-01
    outer loop
      vertex   1.559182e+01 0.000000e+00 1.730434e+01
      vertex   1.544254e+01 3.000000e+00 1.728027e+01
      vertex   1.529715e+01 0.000000e+00 1.726361e+01
    endloop
  endfacet
  facet normal -9.093481e-02 -1.122551e-03 9.958562e-01
    outer loop
      vertex   1.529715e+01 0.000000e+00 1.726361e+01
      vertex   1.544254e+01 3.000000e+00 1.728027e+01
      vertex   1.514792e+01 3.000000e+00 1.725337e+01
    endloop
  endfacet
  facet normal -4.576401e-02 1.134998e-03 9.989516e-01
    outer loop
      vertex   1.529715e+01 0.000000e+00 1.726361e+01
      vertex   1.514792e+01 3.000000e+00 1.725337e+01
      vertex   1.500000e+01 0.000000e+00 1.725000e+01
    endloop
  endfacet
  facet normal 0.000000e+00 -1.122686e-03 9.999994e-01
    outer loop
      vertex   1.500000e+01 0.000000e+00 1.725000e+01
      vertex   1.514792e+01 3.000000e+00 1.725337e+01
      vertex   1.485208e+01 3.000000e+00 1.725337e+01
    endloop
  endfacet
  facet normal 4.576401e-02 1.134998e-03 9.989516e-01
    outer loop
      vertex   1.500000e+01 0.000000e+00 1.725000e+01
      vertex   1.485208e+01 3.000000e+00 1.725337e+01
      vertex   1.470285e+01 0.000000e+00 1.726361e+01
    endloop
  endfacet
  facet normal 9.093481e-02 -1.122551e-03 9.958562e-01
    outer loop
      vertex   1.470285e+01 0.000000e+00 1.726361e+01
      vertex   1.485208e+01 3.000000e+00 1.725337e+01
      vertex   1.455746e+01 3.000000e+00 1.728027e+01
    endloop
  endfacet
  facet normal 1.369086e-01 1.134728e-03 9.905830e-01
    outer loop
      vertex   1.470285e+01 0.000000e+00 1.726361e+01
      vertex   1.455746e+01 3.000000e+00 1.728027e+01
      vertex   1.440818e+01 0.000000e+00 1.730434e+01
    endloop
  endfacet
  facet normal 1.811161e-01 -1.122146e-03 9.834611e-01
    outer loop
      vertex   1.440818e+01 0.000000e+00 1.730434e+01
      vertex   1.455746e+01 3.000000e+00 1.728027e+01
      vertex   1.426651e+01 3.000000e+00 1.733385e+01
    endloop
  endfacet
  facet normal 2.269063e-01 1.134188e-03 9.739159e-01
    outer loop
      vertex   1.440818e+01 0.000000e+00 1.730434e+01
      vertex   1.426651e+01 3.000000e+00 1.733385e+01
      vertex   1.411847e+01 0.000000e+00 1.737184e+01
    endloop
  endfacet
  facet normal 2.697966e-01 -1.121470e-03 9.629167e-01
    outer loop
      vertex   1.411847e+01 0.000000e+00 1.737184e+01
      vertex   1.426651e+01 3.000000e+00 1.733385e+01
      vertex   1.398163e+01 3.000000e+00 1.741367e+01
    endloop
  endfacet
  facet normal 3.150031e-01 1.133377e-03 9.490900e-01
    outer loop
      vertex   1.411847e+01 0.000000e+00 1.737184e+01
      vertex   1.398163e+01 3.000000e+00 1.741367e+01
      vertex   1.383615e+01 0.000000e+00 1.746554e+01
    endloop
  endfacet
  facet normal 3.562415e-01 -1.120525e-03 9.343933e-01
    outer loop
      vertex   1.383615e+01 0.000000e+00 1.746554e+01
      vertex   1.398163e+01 3.000000e+00 1.741367e+01
      vertex   1.370520e+01 3.000000e+00 1.751906e+01
    endloop
  endfacet
  facet normal 4.004611e-01 1.132296e-03 9.163131e-01
    outer loop
      vertex   1.383615e+01 0.000000e+00 1.746554e+01
      vertex   1.370520e+01 3.000000e+00 1.751906e+01
      vertex   1.356358e+01 0.000000e+00 1.758466e+01
    endloop
  endfacet
  facet normal 4.397344e-01 -1.119309e-03 8.981271e-01
    outer loop
      vertex   1.356358e+01 0.000000e+00 1.758466e+01
      vertex   1.370520e+01 3.000000e+00 1.751906e+01
      vertex   1.343949e+01 3.000000e+00 1.764916e+01
    endloop
  endfacet
  facet normal 4.825641e-01 1.130945e-03 8.758599e-01
    outer loop
      vertex   1.356358e+01 0.000000e+00 1.758466e+01
      vertex   1.343949e+01 3.000000e+00 1.764916e+01
      vertex   1.330304e+01 0.000000e+00 1.772821e+01
    endloop
  endfacet
  facet normal 5.195836e-01 -1.117823e-03 8.544189e-01
    outer loop
      vertex   1.330304e+01 0.000000e+00 1.772821e+01
      vertex   1.343949e+01 3.000000e+00 1.764916e+01
      vertex   1.318671e+01 3.000000e+00 1.780287e+01
    endloop
  endfacet
  facet normal 5.606246e-01 1.129324e-03 8.280693e-01
    outer loop
      vertex   1.330304e+01 0.000000e+00 1.772821e+01
      vertex   1.318671e+01 3.000000e+00 1.780287e+01
      vertex   1.305672e+01 0.000000e+00 1.789498e+01
    endloop
  endfacet
  facet normal 5.951274e-01 -1.116067e-03 8.036306e-01
    outer loop
      vertex   1.305672e+01 0.000000e+00 1.789498e+01
      vertex   1.318671e+01 3.000000e+00 1.780287e+01
      vertex   1.294896e+01 3.000000e+00 1.797894e+01
    endloop
  endfacet
  facet normal 6.339885e-01 1.127433e-03 7.733416e-01
    outer loop
      vertex   1.305672e+01 0.000000e+00 1.789498e+01
      vertex   1.294896e+01 3.000000e+00 1.797894e+01
      vertex   1.282667e+01 0.000000e+00 1.808357e+01
    endloop
  endfacet
  facet normal 6.657397e-01 -1.114041e-03 7.461832e-01
    outer loop
      vertex   1.282667e+01 0.000000e+00 1.808357e+01
      vertex   1.294896e+01 3.000000e+00 1.797894e+01
      vertex   1.272821e+01 3.000000e+00 1.817589e+01
    endloop
  endfacet
  facet normal 7.020412e-01 1.125272e-03 7.121354e-01
    outer loop
      vertex   1.282667e+01 0.000000e+00 1.808357e+01
      vertex   1.272821e+01 3.000000e+00 1.817589e+01
      vertex   1.261484e+01 0.000000e+00 1.829240e+01
    endloop
  endfacet
  facet normal 7.308355e-01 -1.111744e-03 6.825527e-01
    outer loop
      vertex   1.261484e+01 0.000000e+00 1.829240e+01
      vertex   1.272821e+01 3.000000e+00 1.817589e+01
      vertex   1.252628e+01 3.000000e+00 1.839211e+01
    endloop
  endfacet
  facet normal 7.642127e-01 1.122840e-03 6.449633e-01
    outer loop
      vertex   1.261484e+01 0.000000e+00 1.829240e+01
      vertex   1.252628e+01 3.000000e+00 1.839211e+01
      vertex   1.242298e+01 0.000000e+00 1.851973e+01
    endloop
  endfacet
  facet normal 7.898754e-01 -1.109177e-03 6.132664e-01
    outer loop
      vertex   1.242298e+01 0.000000e+00 1.851973e+01
      vertex   1.252628e+01 3.000000e+00 1.839211e+01
      vertex   1.234485e+01 3.000000e+00 1.862579e+01
    endloop
  endfacet
  facet normal 8.199820e-01 1.120138e-03 5.723882e-01
    outer loop
      vertex   1.242298e+01 0.000000e+00 1.851973e+01
      vertex   1.234485e+01 3.000000e+00 1.862579e+01
      vertex   1.225272e+01 0.000000e+00 1.876364e+01
    endloop
  endfacet
  facet normal 8.423701e-01 -1.106340e-03 5.388983e-01
    outer loop
      vertex   1.225272e+01 0.000000e+00 1.876364e+01
      vertex   1.234485e+01 3.000000e+00 1.862579e+01
      vertex   1.218542e+01 3.000000e+00 1.887500e+01
    endloop
  endfacet
  facet normal 8.688821e-01 1.117166e-03 4.950179e-01
    outer loop
      vertex   1.225272e+01 0.000000e+00 1.876364e+01
      vertex   1.218542e+01 3.000000e+00 1.887500e+01
      vertex   1.210546e+01 0.000000e+00 1.902211e+01
    endloop
  endfacet
  facet normal 8.878847e-01 -1.103233e-03 4.600648e-01
    outer loop
      vertex   1.210546e+01 0.000000e+00 1.902211e+01
      vertex   1.218542e+01 3.000000e+00 1.887500e+01
      vertex   1.204931e+01 3.000000e+00 1.913768e+01
    endloop
  endfacet
  facet normal 9.105032e-01 1.113924e-03 4.135006e-01
    outer loop
      vertex   1.210546e+01 0.000000e+00 1.902211e+01
      vertex   1.204931e+01 3.000000e+00 1.913768e+01
      vertex   1.198246e+01 0.000000e+00 1.929295e+01
    endloop
  endfacet
  facet normal 9.260420e-01 -1.099856e-03 3.774190e-01
    outer loop
      vertex   1.198246e+01 0.000000e+00 1.929295e+01
      vertex   1.204931e+01 3.000000e+00 1.913768e+01
      vertex   1.193765e+01 3.000000e+00 1.941164e+01
    endloop
  endfacet
  facet normal 9.444966e-01 1.110412e-03 3.285193e-01
    outer loop
      vertex   1.198246e+01 0.000000e+00 1.929295e+01
      vertex   1.193765e+01 3.000000e+00 1.941164e+01
      vertex   1.188474e+01 0.000000e+00 1.957391e+01
    endloop
  endfacet
  facet normal 9.565258e-01 -1.096209e-03 2.916458e-01
    outer loop
      vertex   1.188474e+01 0.000000e+00 1.957391e+01
      vertex   1.193765e+01 3.000000e+00 1.941164e+01
      vertex   1.185137e+01 3.000000e+00 1.969462e+01
    endloop
  endfacet
  facet normal 9.705776e-01 1.106630e-03 2.407858e-01
    outer loop
      vertex   1.188474e+01 0.000000e+00 1.957391e+01
      vertex   1.185137e+01 3.000000e+00 1.969462e+01
      vertex   1.181311e+01 0.000000e+00 1.986262e+01
    endloop
  endfacet
  facet normal 9.790835e-01 -1.092291e-03 2.034559e-01
    outer loop
      vertex   1.181311e+01 0.000000e+00 1.986262e+01
      vertex   1.185137e+01 3.000000e+00 1.969462e+01
      vertex   1.179118e+01 3.000000e+00 1.998428e+01
    endloop
  endfacet
  facet normal 9.885278e-01 1.102577e-03 1.510352e-01
    outer loop
      vertex   1.181311e+01 0.000000e+00 1.986262e+01
      vertex   1.179118e+01 3.000000e+00 1.998428e+01
      vertex   1.176818e+01 0.000000e+00 2.015668e+01
    endloop
  endfacet
  facet normal 9.935282e-01 -1.088104e-03 1.135801e-01
    outer loop
      vertex   1.176818e+01 0.000000e+00 2.015668e+01
      vertex   1.179118e+01 3.000000e+00 1.998428e+01
      vertex   1.175758e+01 3.000000e+00 2.027821e+01
    endloop
  endfacet
  facet normal 9.981966e-01 1.098254e-03 6.001935e-02
    outer loop
      vertex   1.176818e+01 0.000000e+00 2.015668e+01
      vertex   1.175758e+01 3.000000e+00 2.027821e+01
      vertex   1.175033e+01 0.000000e+00 2.045361e+01
    endloop
  endfacet
  facet normal 9.997403e-01 -1.083646e-03 2.276318e-02
    outer loop
      vertex   1.175033e+01 0.000000e+00 2.045361e+01
      vertex   1.175758e+01 3.000000e+00 2.027821e+01
      vertex   1.175084e+01 3.000000e+00 2.057398e+01
    endloop
  endfacet
  facet normal 9.995032e-01 1.093661e-03 -3.149934e-02
    outer loop
      vertex   1.175033e+01 0.000000e+00 2.045361e+01
      vertex   1.175084e+01 3.000000e+00 2.057398e+01
      vertex   1.175970e+01 0.000000e+00 2.075092e+01
    endloop
  endfacet
  facet normal 9.976682e-01 -1.078918e-03 -6.824237e-02
    outer loop
      vertex   1.175970e+01 0.000000e+00 2.075092e+01
      vertex   1.175084e+01 3.000000e+00 2.057398e+01
      vertex   1.177103e+01 3.000000e+00 2.086914e+01
    endloop
  endfacet
  facet normal 9.924365e-01 1.088798e-03 -1.227541e-01
    outer loop
      vertex   1.175970e+01 0.000000e+00 2.075092e+01
      vertex   1.177103e+01 3.000000e+00 2.086914e+01
      vertex   1.179622e+01 0.000000e+00 2.104614e+01
    endloop
  endfacet
  facet normal 9.873291e-01 -1.073920e-03 -1.586825e-01
    outer loop
      vertex   1.179622e+01 0.000000e+00 2.104614e+01
      vertex   1.177103e+01 3.000000e+00 2.086914e+01
      vertex   1.181798e+01 3.000000e+00 2.116123e+01
    endloop
  endfacet
  facet normal 9.770558e-01 1.083665e-03 -2.129806e-01
    outer loop
      vertex   1.179622e+01 0.000000e+00 2.104614e+01
      vertex   1.181798e+01 3.000000e+00 2.116123e+01
      vertex   1.185957e+01 0.000000e+00 2.133678e+01
    endloop
  endfacet
  facet normal 9.688087e-01 -1.068651e-03 -2.478076e-01
    outer loop
      vertex   1.185957e+01 0.000000e+00 2.133678e+01
      vertex   1.181798e+01 3.000000e+00 2.116123e+01
      vertex   1.189129e+01 3.000000e+00 2.144785e+01
    endloop
  endfacet
  facet normal 9.534900e-01 1.078261e-03 -3.014228e-01
    outer loop
      vertex   1.185957e+01 0.000000e+00 2.133678e+01
      vertex   1.189129e+01 3.000000e+00 2.144785e+01
      vertex   1.194923e+01 0.000000e+00 2.162041e+01
    endloop
  endfacet
  facet normal 9.422604e-01 -1.063113e-03 -3.348794e-01
    outer loop
      vertex   1.194923e+01 0.000000e+00 2.162041e+01
      vertex   1.189129e+01 3.000000e+00 2.144785e+01
      vertex   1.199036e+01 3.000000e+00 2.172661e+01
    endloop
  endfacet
  facet normal 9.219363e-01 1.072588e-03 -3.873399e-01
    outer loop
      vertex   1.194923e+01 0.000000e+00 2.162041e+01
      vertex   1.199036e+01 3.000000e+00 2.172661e+01
      vertex   1.206445e+01 0.000000e+00 2.189466e+01
    endloop
  endfacet
  facet normal 9.079042e-01 -1.057304e-03 -4.191763e-01
    outer loop
      vertex   1.206445e+01 0.000000e+00 2.189466e+01
      vertex   1.199036e+01 3.000000e+00 2.172661e+01
      vertex   1.211437e+01 3.000000e+00 2.199521e+01
    endloop
  endfacet
  facet normal 8.826593e-01 1.066644e-03 -4.700121e-01
    outer loop
      vertex   1.206445e+01 0.000000e+00 2.189466e+01
      vertex   1.211437e+01 3.000000e+00 2.199521e+01
      vertex   1.220427e+01 0.000000e+00 2.215722e+01
    endloop
  endfacet
  facet normal 8.660249e-01 -1.051225e-03 -4.999997e-01
    outer loop
      vertex   1.220427e+01 0.000000e+00 2.215722e+01
      vertex   1.211437e+01 3.000000e+00 2.199521e+01
      vertex   1.226230e+01 3.000000e+00 2.225142e+01
    endloop
  endfacet
  facet normal 8.359879e-01 1.060430e-03 -5.487469e-01
    outer loop
      vertex   1.220427e+01 0.000000e+00 2.215722e+01
      vertex   1.226230e+01 3.000000e+00 2.225142e+01
      vertex   1.236750e+01 0.000000e+00 2.240590e+01
    endloop
  endfacet
  facet normal 8.169694e-01 -1.044876e-03 -5.766800e-01
    outer loop
      vertex   1.236750e+01 0.000000e+00 2.240590e+01
      vertex   1.226230e+01 3.000000e+00 2.225142e+01
      vertex   1.243290e+01 3.000000e+00 2.249312e+01
    endloop
  endfacet
  facet normal 7.823131e-01 1.053946e-03 -6.228845e-01
    outer loop
      vertex   1.236750e+01 0.000000e+00 2.240590e+01
      vertex   1.243290e+01 3.000000e+00 2.249312e+01
      vertex   1.255279e+01 0.000000e+00 2.263861e+01
    endloop
  endfacet
  facet normal 7.611443e-01 -1.038257e-03 -6.485817e-01
    outer loop
      vertex   1.255279e+01 0.000000e+00 2.263861e+01
      vertex   1.243290e+01 3.000000e+00 2.249312e+01
      vertex   1.262478e+01 3.000000e+00 2.271830e+01
    endloop
  endfacet
  facet normal 7.220845e-01 1.047192e-03 -6.918040e-01
    outer loop
      vertex   1.255279e+01 0.000000e+00 2.263861e+01
      vertex   1.262478e+01 3.000000e+00 2.271830e+01
      vertex   1.275858e+01 0.000000e+00 2.285341e+01
    endloop
  endfacet
  facet normal 6.990121e-01 -1.031368e-03 -7.151091e-01
    outer loop
      vertex   1.275858e+01 0.000000e+00 2.285341e+01
      vertex   1.262478e+01 3.000000e+00 2.271830e+01
      vertex   1.283634e+01 3.000000e+00 2.292510e+01
    endloop
  endfacet
  facet normal 6.558068e-01 1.040167e-03 -7.549281e-01
    outer loop
      vertex   1.275858e+01 0.000000e+00 2.285341e+01
      vertex   1.283634e+01 3.000000e+00 2.292510e+01
      vertex   1.298314e+01 0.000000e+00 2.304849e+01
    endloop
  endfacet
  facet normal 6.310876e-01 -1.024208e-03 -7.757109e-01
    outer loop
      vertex   1.298314e+01 0.000000e+00 2.304849e+01
      vertex   1.283634e+01 3.000000e+00 2.292510e+01
      vertex   1.306583e+01 3.000000e+00 2.311180e+01
    endloop
  endfacet
  facet normal 5.840351e-01 1.032873e-03 -8.117277e-01
    outer loop
      vertex   1.298314e+01 0.000000e+00 2.304849e+01
      vertex   1.306583e+01 3.000000e+00 2.311180e+01
      vertex   1.322460e+01 0.000000e+00 2.322222e+01
    endloop
  endfacet
  facet normal 5.579338e-01 -1.016778e-03 -8.298849e-01
    outer loop
      vertex   1.322460e+01 0.000000e+00 2.322222e+01
      vertex   1.306583e+01 3.000000e+00 2.311180e+01
      vertex   1.331135e+01 3.000000e+00 2.327686e+01
    endloop
  endfacet
  facet normal 5.073707e-01 1.025308e-03 -8.617273e-01
    outer loop
      vertex   1.322460e+01 0.000000e+00 2.322222e+01
      vertex   1.331135e+01 3.000000e+00 2.327686e+01
      vertex   1.348094e+01 0.000000e+00 2.337314e+01
    endloop
  endfacet
  facet normal 4.801567e-01 -1.009079e-03 -8.771822e-01
    outer loop
      vertex   1.348094e+01 0.000000e+00 2.337314e+01
      vertex   1.331135e+01 3.000000e+00 2.327686e+01
      vertex   1.357086e+01 3.000000e+00 2.341892e+01
    endloop
  endfacet
  facet normal 4.264559e-01 1.017473e-03 -9.045078e-01
    outer loop
      vertex   1.348094e+01 0.000000e+00 2.337314e+01
      vertex   1.357086e+01 3.000000e+00 2.341892e+01
      vertex   1.375000e+01 0.000000e+00 2.350000e+01
    endloop
  endfacet
  facet normal 3.984009e-01 -1.001109e-03 -9.172108e-01
    outer loop
      vertex   1.375000e+01 0.000000e+00 2.350000e+01
      vertex   1.357086e+01 3.000000e+00 2.341892e+01
      vertex   1.384221e+01 3.000000e+00 2.353678e+01
    endloop
  endfacet
  facet normal 3.616180e-01 3.148440e-04 -9.323263e-01
    outer loop
      vertex   1.375000e+01 0.000000e+00 2.350000e+01
      vertex   1.384221e+01 3.000000e+00 2.353678e+01
      vertex   1.389951e+01 5.800885e-02 2.355801e+01
    endloop
  endfacet
  facet normal 3.155055e-01 -7.029377e-04 -9.489235e-01
    outer loop
      vertex   1.389951e+01 5.800885e-02 2.355801e+01
      vertex   1.384221e+01 3.000000e+00 2.353678e+01
      vertex   1.405170e+01 1.085720e-01 2.360857e+01
    endloop
  endfacet
  facet normal 3.133438e-01 -8.773233e-04 -9.496393e-01
    outer loop
      vertex   1.405170e+01 1.085720e-01 2.360857e+01
      vertex   1.384221e+01 3.000000e+00 2.353678e+01
      vertex   1.412316e+01 3.000000e+00 2.362948e+01
    endloop
  endfacet
  facet normal 2.680101e-01 3.427671e-04 -9.634160e-01
    outer loop
      vertex   1.405170e+01 1.085720e-01 2.360857e+01
      vertex   1.412316e+01 3.000000e+00 2.362948e+01
      vertex   1.420619e+01 1.515663e-01 2.365157e+01
    endloop
  endfacet
  facet normal 2.256903e-01 -9.744680e-04 -9.741986e-01
    outer loop
      vertex   1.420619e+01 1.515663e-01 2.365157e+01
      vertex   1.412316e+01 3.000000e+00 2.362948e+01
      vertex   1.441137e+01 3.000000e+00 2.369625e+01
    endloop
  endfacet
  facet normal 2.203722e-01 -5.723010e-04 -9.754157e-01
    outer loop
      vertex   1.420619e+01 1.515663e-01 2.365157e+01
      vertex   1.441137e+01 3.000000e+00 2.369625e+01
      vertex   1.436262e+01 1.868872e-01 2.368689e+01
    endloop
  endfacet
  facet normal 1.718125e-01 3.015442e-04 -9.851296e-01
    outer loop
      vertex   1.436262e+01 1.868872e-01 2.368689e+01
      vertex   1.441137e+01 3.000000e+00 2.369625e+01
      vertex   1.452060e+01 2.144486e-01 2.371445e+01
    endloop
  endfacet
  facet normal 1.361666e-01 -1.132561e-03 -9.906853e-01
    outer loop
      vertex   1.452060e+01 2.144486e-01 2.371445e+01
      vertex   1.441137e+01 3.000000e+00 2.369625e+01
      vertex   1.470446e+01 3.000000e+00 2.373653e+01
    endloop
  endfacet
  facet normal 1.230907e-01 -2.559457e-04 -9.923954e-01
    outer loop
      vertex   1.452060e+01 2.144486e-01 2.371445e+01
      vertex   1.470446e+01 3.000000e+00 2.373653e+01
      vertex   1.467975e+01 2.341833e-01 2.373418e+01
    endloop
  endfacet
  facet normal 7.394194e-02 1.872725e-04 -9.972625e-01
    outer loop
      vertex   1.467975e+01 2.341833e-01 2.373418e+01
      vertex   1.470446e+01 3.000000e+00 2.373653e+01
      vertex   1.483968e+01 2.460434e-01 2.374604e+01
    endloop
  endfacet
  facet normal 4.551457e-02 -1.214385e-03 -9.989629e-01
    outer loop
      vertex   1.483968e+01 2.460434e-01 2.374604e+01
      vertex   1.470446e+01 3.000000e+00 2.373653e+01
      vertex   1.500000e+01 3.000000e+00 2.375000e+01
    endloop
  endfacet
  facet normal 2.467194e-02 8.859506e-15 -9.996956e-01
    outer loop
      vertex   1.483968e+01 2.460434e-01 2.374604e+01
      vertex   1.500000e+01 3.000000e+00 2.375000e+01
      vertex   1.500000e+01 2.500000e-01 2.375000e+01
    endloop
  endfacet
  facet normal -2.467194e-02 -1.402562e-14 -9.996956e-01
    outer loop
      vertex   1.500000e+01 2.500000e-01 2.375000e+01
      vertex   1.500000e+01 3.000000e+00 2.375000e+01
      vertex   1.516032e+01 2.460434e-01 2.374604e+01
    endloop
  endfacet
  facet normal -4.551457e-02 -1.214385e-03 -9.989629e-01
    outer loop
      vertex   1.516032e+01 2.460434e-01 2.374604e+01
      vertex   1.500000e+01 3.000000e+00 2.375000e+01
      vertex   1.529554e+01 3.000000e+00 2.373653e+01
    endloop
  endfacet
  facet normal -7.394194e-02 1.872725e-04 -9.972625e-01
    outer loop
      vertex   1.516032e+01 2.460434e-01 2.374604e+01
      vertex   1.529554e+01 3.000000e+00 2.373653e+01
      vertex   1.532025e+01 2.341833e-01 2.373418e+01
    endloop
  endfacet
  facet normal -1.230907e-01 -2.559457e-04 -9.923954e-01
    outer loop
      vertex   1.532025e+01 2.341833e-01 2.373418e+01
      vertex   1.529554e+01 3.000000e+00 2.373653e+01
      vertex   1.547940e+01 2.144486e-01 2.371445e+01
    endloop
  endfacet
  facet normal -1.361666e-01 -1.132561e-03 -9.906853e-01
    outer loop
      vertex   1.547940e+01 2.144486e-01 2.371445e+01
      vertex   1.529554e+01 3.000000e+00 2.373653e+01
      vertex   1.558863e+01 3.000000e+00 2.369625e+01
    endloop
  endfacet
  facet normal -1.718125e-01 3.015442e-04 -9.851296e-01
    outer loop
      vertex   1.547940e+01 2.144486e-01 2.371445e+01
      vertex   1.558863e+01 3.000000e+00 2.369625e+01
      vertex   1.563738e+01 1.868872e-01 2.368689e+01
    endloop
  endfacet
  facet normal -2.203722e-01 -5.723010e-04 -9.754157e-01
    outer loop
      vertex   1.563738e+01 1.868872e-01 2.368689e+01
      vertex   1.558863e+01 3.000000e+00 2.369625e+01
      vertex   1.579381e+01 1.515663e-01 2.365157e+01
    endloop
  endfacet
  facet normal -2.256903e-01 -9.744680e-04 -9.741986e-01
    outer loop
      vertex   1.579381e+01 1.515663e-01 2.365157e+01
      vertex   1.558863e+01 3.000000e+00 2.369625e+01
      vertex   1.587684e+01 3.000000e+00 2.362948e+01
    endloop
  endfacet
  facet normal -2.680101e-01 3.427671e-04 -9.634160e-01
    outer loop
      vertex   1.579381e+01 1.515663e-01 2.365157e+01
      vertex   1.587684e+01 3.000000e+00 2.362948e+01
      vertex   1.594830e+01 1.085720e-01 2.360857e+01
    endloop
  endfacet
  facet normal -3.133438e-01 -8.773233e-04 -9.496393e-01
    outer loop
      vertex   1.594830e+01 1.085720e-01 2.360857e+01
      vertex   1.587684e+01 3.000000e+00 2.362948e+01
      vertex   1.615779e+01 3.000000e+00 2.353678e+01
    endloop
  endfacet
  facet normal -3.155055e-01 -7.029377e-04 -9.489235e-01
    outer loop
      vertex   1.594830e+01 1.085720e-01 2.360857e+01
      vertex   1.615779e+01 3.000000e+00 2.353678e+01
      vertex   1.610049e+01 5.800885e-02 2.355801e+01
    endloop
  endfacet
  facet normal -3.616180e-01 3.148440e-04 -9.323263e-01
    outer loop
      vertex   -1.389951e+01 5.800885e-02 2.355801e+01
      vertex   -1.384221e+01 3.000000e+00 2.353678e+01
      vertex   -1.375000e+01 0.000000e+00 2.350000e+01
    endloop
  endfacet
  facet normal -3.984009e-01 -1.001109e-03 -9.172108e-01
    outer loop
      vertex   -1.375000e+01 0.000000e+00 2.350000e+01
      vertex   -1.384221e+01 3.000000e+00 2.353678e+01
      vertex   -1.357086e+01 3.000000e+00 2.341892e+01
    endloop
  endfacet
  facet normal -4.264559e-01 1.017473e-03 -9.045078e-01
    outer loop
      vertex   -1.375000e+01 0.000000e+00 2.350000e+01
      vertex   -1.357086e+01 3.000000e+00 2.341892e+01
      vertex   -1.348094e+01 0.000000e+00 2.337314e+01
    endloop
  endfacet
  facet normal -4.801567e-01 -1.009079e-03 -8.771822e-01
    outer loop
      vertex   -1.348094e+01 0.000000e+00 2.337314e+01
      vertex   -1.357086e+01 3.000000e+00 2.341892e+01
      vertex   -1.331135e+01 3.000000e+00 2.327686e+01
    endloop
  endfacet
  facet normal -5.073707e-01 1.025308e-03 -8.617273e-01
    outer loop
      vertex   -1.348094e+01 0.000000e+00 2.337314e+01
      vertex   -1.331135e+01 3.000000e+00 2.327686e+01
      vertex   -1.322460e+01 0.000000e+00 2.322222e+01
    endloop
  endfacet
  facet normal -5.579338e-01 -1.016778e-03 -8.298849e-01
    outer loop
      vertex   -1.322460e+01 0.000000e+00 2.322222e+01
      vertex   -1.331135e+01 3.000000e+00 2.327686e+01
      vertex   -1.306583e+01 3.000000e+00 2.311180e+01
    endloop
  endfacet
  facet normal -5.840351e-01 1.032873e-03 -8.117277e-01
    outer loop
      vertex   -1.322460e+01 0.000000e+00 2.322222e+01
      vertex   -1.306583e+01 3.000000e+00 2.311180e+01
      vertex   -1.298314e+01 0.000000e+00 2.304849e+01
    endloop
  endfacet
  facet normal -6.310876e-01 -1.024208e-03 -7.757109e-01
    outer loop
      vertex   -1.298314e+01 0.000000e+00 2.304849e+01
      vertex   -1.306583e+01 3.000000e+00 2.311180e+01
      vertex   -1.283634e+01 3.000000e+00 2.292510e+01
    endloop
  endfacet
  facet normal -6.558068e-01 1.040167e-03 -7.549281e-01
    outer loop
      vertex   -1.298314e+01 0.000000e+00 2.304849e+01
      vertex   -1.283634e+01 3.000000e+00 2.292510e+01
      vertex   -1.275858e+01 0.000000e+00 2.285341e+01
    endloop
  endfacet
  facet normal -6.990121e-01 -1.031368e-03 -7.151091e-01
    outer loop
      vertex   -1.275858e+01 0.000000e+00 2.285341e+01
      vertex   -1.283634e+01 3.000000e+00 2.292510e+01
      vertex   -1.262478e+01 3.000000e+00 2.271830e+01
    endloop
  endfacet
  facet normal -7.220845e-01 1.047192e-03 -6.918040e-01
    outer loop
      vertex   -1.275858e+01 0.000000e+00 2.285341e+01
      vertex   -1.262478e+01 3.000000e+00 2.271830e+01
      vertex   -1.255279e+01 0.000000e+00 2.263861e+01
    endloop
  endfacet
  facet normal -7.611443e-01 -1.038257e-03 -6.485817e-01
    outer loop
      vertex   -1.255279e+01 0.000000e+00 2.263861e+01
      vertex   -1.262478e+01 3.000000e+00 2.271830e+01
      vertex   -1.243290e+01 3.000000e+00 2.249312e+01
    endloop
  endfacet
  facet normal -7.823131e-01 1.053946e-03 -6.228845e-01
    outer loop
      vertex   -1.255279e+01 0.000000e+00 2.263861e+01
      vertex   -1.243290e+01 3.000000e+00 2.249312e+01
      vertex   -1.236750e+01 0.000000e+00 2.240590e+01
    endloop
  endfacet
  facet normal -8.169694e-01 -1.044876e-03 -5.766800e-01
    outer loop
      vertex   -1.236750e+01 0.000000e+00 2.240590e+01
      vertex   -1.243290e+01 3.000000e+00 2.249312e+01
      vertex   -1.226230e+01 3.000000e+00 2.225142e+01
    endloop
  endfacet
  facet normal -8.359879e-01 1.060430e-03 -5.487469e-01
    outer loop
      vertex   -1.236750e+01 0.000000e+00 2.240590e+01
      vertex   -1.226230e+01 3.000000e+00 2.225142e+01
      vertex   -1.220427e+01 0.000000e+00 2.215722e+01
    endloop
  endfacet
  facet normal -8.660249e-01 -1.051225e-03 -4.999997e-01
    outer loop
      vertex   -1.220427e+01 0.000000e+00 2.215722e+01
      vertex   -1.226230e+01 3.000000e+00 2.225142e+01
      vertex   -1.211437e+01 3.000000e+00 2.199521e+01
    endloop
  endfacet
  facet normal -8.826593e-01 1.066644e-03 -4.700121e-01
    outer loop
      vertex   -1.220427e+01 0.000000e+00 2.215722e+01
      vertex   -1.211437e+01 3.000000e+00 2.199521e+01
      vertex   -1.206445e+01 0.000000e+00 2.189466e+01
    endloop
  endfacet
  facet normal -9.079042e-01 -1.057304e-03 -4.191763e-01
    outer loop
      vertex   -1.206445e+01 0.000000e+00 2.189466e+01
      vertex   -1.211437e+01 3.000000e+00 2.199521e+01
      vertex   -1.199036e+01 3.000000e+00 2.172661e+01
    endloop
  endfacet
  facet normal -9.219363e-01 1.072588e-03 -3.873399e-01
    outer loop
      vertex   -1.206445e+01 0.000000e+00 2.189466e+01
      vertex   -1.199036e+01 3.000000e+00 2.172661e+01
      vertex   -1.194923e+01 0.000000e+00 2.162041e+01
    endloop
  endfacet
  facet normal -9.422604e-01 -1.063113e-03 -3.348794e-01
    outer loop
      vertex   -1.194923e+01 0.000000e+00 2.162041e+01
      vertex   -1.199036e+01 3.000000e+00 2.172661e+01
      vertex   -1.189129e+01 3.000000e+00 2.144785e+01
    endloop
  endfacet
  facet normal -9.534900e-01 1.078261e-03 -3.014228e-01
    outer loop
      vertex   -1.194923e+01 0.000000e+00 2.162041e+01
      vertex   -1.189129e+01 3.000000e+00 2.144785e+01
      vertex   -1.185957e+01 0.000000e+00 2.133678e+01
    endloop
  endfacet
  facet normal -9.688087e-01 -1.068651e-03 -2.478076e-01
    outer loop
      vertex   -1.185957e+01 0.000000e+00 2.133678e+01
      vertex   -1.189129e+01 3.000000e+00 2.144785e+01
      vertex   -1.181798e+01 3.000000e+00 2.116123e+01
    endloop
  endfacet
  facet normal -9.770558e-01 1.083665e-03 -2.129806e-01
    outer loop
      vertex   -1.185957e+01 0.000000e+00 2.133678e+01
      vertex   -1.181798e+01 3.000000e+00 2.116123e+01
      vertex   -1.179622e+01 0.000000e+00 2.104614e+01
    endloop
  endfacet
  facet normal -9.873291e-01 -1.073920e-03 -1.586825e-01
    outer loop
      vertex   -1.179622e+01 0.000000e+00 2.104614e+01
      vertex   -1.181798e+01 3.000000e+00 2.116123e+01
      vertex   -1.177103e+01 3.000000e+00 2.086914e+01
    endloop
  endfacet
  facet normal -9.924365e-01 1.088798e-03 -1.227541e-01
    outer loop
      vertex   -1.179622e+01 0.000000e+00 2.104614e+01
      vertex   -1.177103e+01 3.000000e+00 2.086914e+01
      vertex   -1.175970e+01 0.000000e+00 2.075092e+01
    endloop
  endfacet
  facet normal -9.976682e-01 -1.078918e-03 -6.824237e-02
    outer loop
      vertex   -1.175970e+01 0.000000e+00 2.075092e+01
      vertex   -1.177103e+01 3.000000e+00 2.086914e+01
      vertex   -1.175084e+01 3.000000e+00 2.057398e+01
    endloop
  endfacet
  facet normal -9.995032e-01 1.093661e-03 -3.149934e-02
    outer loop
      vertex   -1.175970e+01 0.000000e+00 2.075092e+01
      vertex   -1.175084e+01 3.000000e+00 2.057398e+01
      vertex   -1.175033e+01 0.000000e+00 2.045361e+01
    endloop
  endfacet
  facet normal -9.997403e-01 -1.083646e-03 2.276318e-02
    outer loop
      vertex   -1.175033e+01 0.000000e+00 2.045361e+01
      vertex   -1.175084e+01 3.000000e+00 2.057398e+01
      vertex   -1.175758e+01 3.000000e+00 2.027821e+01
    endloop
  endfacet
  facet normal -9.981966e-01 1.098254e-03 6.001935e-02
    outer loop
      vertex   -1.175033e+01 0.000000e+00 2.045361e+01
      vertex   -1.175758e+01 3.000000e+00 2.027821e+01
      vertex   -1.176818e+01 0.000000e+00 2.015668e+01
    endloop
  endfacet
  facet normal -9.935282e-01 -1.088104e-03 1.135801e-01
    outer loop
      vertex   -1.176818e+01 0.000000e+00 2.015668e+01
      vertex   -1.175758e+01 3.000000e+00 2.027821e+01
      vertex   -1.179118e+01 3.000000e+00 1.998428e+01
    endloop
  endfacet
  facet normal -9.885278e-01 1.102577e-03 1.510352e-01
    outer loop
      vertex   -1.176818e+01 0.000000e+00 2.015668e+01
      vertex   -1.179118e+01 3.000000e+00 1.998428e+01
      vertex   -1.181311e+01 0.000000e+00 1.986262e+01
    endloop
  endfacet
  facet normal -9.790835e-01 -1.092291e-03 2.034559e-01
    outer loop
      vertex   -1.181311e+01 0.000000e+00 1.986262e+01
      vertex   -1.179118e+01 3.000000e+00 1.998428e+01
      vertex   -1.185137e+01 3.000000e+00 1.969462e+01
    endloop
  endfacet
  facet normal -9.705776e-01 1.106630e-03 2.407858e-01
    outer loop
      vertex   -1.181311e+01 0.000000e+00 1.986262e+01
      vertex   -1.185137e+01 3.000000e+00 1.969462e+01
      vertex   -1.188474e+01 0.000000e+00 1.957391e+01
    endloop
  endfacet
  facet normal -9.565258e-01 -1.096209e-03 2.916458e-01
    outer loop
      vertex   -1.188474e+01 0.000000e+00 1.957391e+01
      vertex   -1.185137e+01 3.000000e+00 1.969462e+01
      vertex   -1.193765e+01 3.000000e+00 1.941164e+01
    endloop
  endfacet
  facet normal -9.444966e-01 1.110412e-03 3.285193e-01
    outer loop
      vertex   -1.188474e+01 0.000000e+00 1.957391e+01
      vertex   -1.193765e+01 3.000000e+00 1.941164e+01
      vertex   -1.198246e+01 0.000000e+00 1.929295e+01
    endloop
  endfacet
  facet normal -9.260420e-01 -1.099856e-03 3.774190e-01
    outer loop
      vertex   -1.198246e+01 0.000000e+00 1.929295e+01
      vertex   -1.193765e+01 3.000000e+00 1.941164e+01
      vertex   -1.204931e+01 3.000000e+00 1.913768e+01
    endloop
  endfacet
  facet normal -9.105032e-01 1.113924e-03 4.135006e-01
    outer loop
      vertex   -1.198246e+01 0.000000e+00 1.929295e+01
      vertex   -1.204931e+01 3.000000e+00 1.913768e+01
      vertex   -1.210546e+01 0.000000e+00 1.902211e+01
    endloop
  endfacet
  facet normal -8.878847e-01 -1.103233e-03 4.600648e-01
    outer loop
      vertex   -1.210546e+01 0.000000e+00 1.902211e+01
      vertex   -1.204931e+01 3.000000e+00 1.913768e+01
      vertex   -1.218542e+01 3.000000e+00 1.887500e+01
    endloop
  endfacet
  facet normal -8.688821e-01 1.117166e-03 4.950179e-01
    outer loop
      vertex   -1.210546e+01 0.000000e+00 1.902211e+01
      vertex   -1.218542e+01 3.000000e+00 1.887500e+01
      vertex   -1.225272e+01 0.000000e+00 1.876364e+01
    endloop
  endfacet
  facet normal -8.423701e-01 -1.106340e-03 5.388983e-01
    outer loop
      vertex   -1.225272e+01 0.000000e+00 1.876364e+01
      vertex   -1.218542e+01 3.000000e+00 1.887500e+01
      vertex   -1.234485e+01 3.000000e+00 1.862579e+01
    endloop
  endfacet
  facet normal -8.199820e-01 1.120138e-03 5.723882e-01
    outer loop
      vertex   -1.225272e+01 0.000000e+00 1.876364e+01
      vertex   -1.234485e+01 3.000000e+00 1.862579e+01
      vertex   -1.242298e+01 0.000000e+00 1.851973e+01
    endloop
  endfacet
  facet normal -7.898754e-01 -1.109177e-03 6.132664e-01
    outer loop
      vertex   -1.242298e+01 0.000000e+00 1.851973e+01
      vertex   -1.234485e+01 3.000000e+00 1.862579e+01
      vertex   -1.252628e+01 3.000000e+00 1.839211e+01
    endloop
  endfacet
  facet normal -7.642127e-01 1.122840e-03 6.449633e-01
    outer loop
      vertex   -1.242298e+01 0.000000e+00 1.851973e+01
      vertex   -1.252628e+01 3.000000e+00 1.839211e+01
      vertex   -1.261484e+01 0.000000e+00 1.829240e+01
    endloop
  endfacet
  facet normal -7.308355e-01 -1.111744e-03 6.825527e-01
    outer loop
      vertex   -1.261484e+01 0.000000e+00 1.829240e+01
      vertex   -1.252628e+01 3.000000e+00 1.839211e+01
      vertex   -1.272821e+01 3.000000e+00 1.817589e+01
    endloop
  endfacet
  facet normal -7.020412e-01 1.125272e-03 7.121354e-01
    outer loop
      vertex   -1.261484e+01 0.000000e+00 1.829240e+01
      vertex   -1.272821e+01 3.000000e+00 1.817589e+01
      vertex   -1.282667e+01 0.000000e+00 1.808357e+01
    endloop
  endfacet
  facet normal -6.657397e-01 -1.114041e-03 7.461832e-01
    outer loop
      vertex   -1.282667e+01 0.000000e+00 1.808357e+01
      vertex   -1.272821e+01 3.000000e+00 1.817589e+01
      vertex   -1.294896e+01 3.000000e+00 1.797894e+01
    endloop
  endfacet
  facet normal -6.339885e-01 1.127433e-03 7.733416e-01
    outer loop
      vertex   -1.282667e+01 0.000000e+00 1.808357e+01
      vertex   -1.294896e+01 3.000000e+00 1.797894e+01
      vertex   -1.305672e+01 0.000000e+00 1.789498e+01
    endloop
  endfacet
  facet normal -5.951274e-01 -1.116067e-03 8.036306e-01
    outer loop
      vertex   -1.305672e+01 0.000000e+00 1.789498e+01
      vertex   -1.294896e+01 3.000000e+00 1.797894e+01
      vertex   -1.318671e+01 3.000000e+00 1.780287e+01
    endloop
  endfacet
  facet normal -5.606246e-01 1.129324e-03 8.280693e-01
    outer loop
      vertex   -1.305672e+01 0.000000e+00 1.789498e+01
      vertex   -1.318671e+01 3.000000e+00 1.780287e+01
      vertex   -1.330304e+01 0.000000e+00 1.772821e+01
    endloop
  endfacet
  facet normal -5.195836e-01 -1.117823e-03 8.544189e-01
    outer loop
      vertex   -1.330304e+01 0.000000e+00 1.772821e+01
      vertex   -1.318671e+01 3.000000e+00 1.780287e+01
      vertex   -1.343949e+01 3.000000e+00 1.764916e+01
    endloop
  endfacet
  facet normal -4.825641e-01 1.130945e-03 8.758599e-01
    outer loop
      vertex   -1.330304e+01 0.000000e+00 1.772821e+01
      vertex   -1.343949e+01 3.000000e+00 1.764916e+01
      vertex   -1.356358e+01 0.000000e+00 1.758466e+01
    endloop
  endfacet
  facet normal -4.397344e-01 -1.119309e-03 8.981271e-01
    outer loop
      vertex   -1.356358e+01 0.000000e+00 1.758466e+01
      vertex   -1.343949e+01 3.000000e+00 1.764916e+01
      vertex   -1.370520e+01 3.000000e+00 1.751906e+01
    endloop
  endfacet
  facet normal -4.004611e-01 1.132296e-03 9.163131e-01
    outer loop
      vertex   -1.356358e+01 0.000000e+00 1.758466e+01
      vertex   -1.370520e+01 3.000000e+00 1.751906e+01
      vertex   -1.383615e+01 0.000000e+00 1.746554e+01
    endloop
  endfacet
  facet normal -3.562415e-01 -1.120525e-03 9.343933e-01
    outer loop
      vertex   -1.383615e+01 0.000000e+00 1.746554e+01
      vertex   -1.370520e+01 3.000000e+00 1.751906e+01
      vertex   -1.398163e+01 3.000000e+00 1.741367e+01
    endloop
  endfacet
  facet normal -3.150031e-01 1.133377e-03 9.490900e-01
    outer loop
      vertex   -1.383615e+01 0.000000e+00 1.746554e+01
      vertex   -1.398163e+01 3.000000e+00 1.741367e+01
      vertex   -1.411847e+01 0.000000e+00 1.737184e+01
    endloop
  endfacet
  facet normal -2.697966e-01 -1.121470e-03 9.629167e-01
    outer loop
      vertex   -1.411847e+01 0.000000e+00 1.737184e+01
      vertex   -1.398163e+01 3.000000e+00 1.741367e+01
      vertex   -1.426651e+01 3.000000e+00 1.733385e+01
    endloop
  endfacet
  facet normal -2.269063e-01 1.134188e-03 9.739159e-01
    outer loop
      vertex   -1.411847e+01 0.000000e+00 1.737184e+01
      vertex   -1.426651e+01 3.000000e+00 1.733385e+01
      vertex   -1.440818e+01 0.000000e+00 1.730434e+01
    endloop
  endfacet
  facet normal -1.811161e-01 -1.122146e-03 9.834611e-01
    outer loop
      vertex   -1.440818e+01 0.000000e+00 1.730434e+01
      vertex   -1.426651e+01 3.000000e+00 1.733385e+01
      vertex   -1.455746e+01 3.000000e+00 1.728027e+01
    endloop
  endfacet
  facet normal -1.369086e-01 1.134728e-03 9.905830e-01
    outer loop
      vertex   -1.440818e+01 0.000000e+00 1.730434e+01
      vertex   -1.455746e+01 3.000000e+00 1.728027e+01
      vertex   -1.470285e+01 0.000000e+00 1.726361e+01
    endloop
  endfacet
  facet normal -9.093481e-02 -1.122551e-03 9.958562e-01
    outer loop
      vertex   -1.470285e+01 0.000000e+00 1.726361e+01
      vertex   -1.455746e+01 3.000000e+00 1.728027e+01
      vertex   -1.485208e+01 3.000000e+00 1.725337e+01
    endloop
  endfacet
  facet normal -4.576401e-02 1.134998e-03 9.989516e-01
    outer loop
      vertex   -1.470285e+01 0.000000e+00 1.726361e+01
      vertex   -1.485208e+01 3.000000e+00 1.725337e+01
      vertex   -1.500000e+01 0.000000e+00 1.725000e+01
    endloop
  endfacet
  facet normal 0.000000e+00 -1.122686e-03 9.999994e-01
    outer loop
      vertex   -1.500000e+01 0.000000e+00 1.725000e+01
      vertex   -1.485208e+01 3.000000e+00 1.725337e+01
      vertex   -1.514792e+01 3.000000e+00 1.725337e+01
    endloop
  endfacet
  facet normal 4.576401e-02 1.134998e-03 9.989516e-01
    outer loop
      vertex   -1.500000e+01 0.000000e+00 1.725000e+01
      vertex   -1.514792e+01 3.000000e+00 1.725337e+01
      vertex   -1.529715e+01 0.000000e+00 1.726361e+01
    endloop
  endfacet
  facet normal 9.093481e-02 -1.122551e-03 9.958562e-01
    outer loop
      vertex   -1.529715e+01 0.000000e+00 1.726361e+01
      vertex   -1.514792e+01 3.000000e+00 1.725337e+01
      vertex   -1.544254e+01 3.000000e+00 1.728027e+01
    endloop
  endfacet
  facet normal 1.369086e-01 1.134728e-03 9.905830e-01
    outer loop
      vertex   -1.529715e+01 0.000000e+00 1.726361e+01
      vertex   -1.544254e+01 3.000000e+00 1.728027e+01
      vertex   -1.559182e+01 0.000000e+00 1.730434e+01
    endloop
  endfacet
  facet normal 1.811161e-01 -1.122146e-03 9.834611e-01
    outer loop
      vertex   -1.559182e+01 0.000000e+00 1.730434e+01
      vertex   -1.544254e+01 3.000000e+00 1.728027e+01
      vertex   -1.573349e+01 3.000000e+00 1.733385e+01
    endloop
  endfacet
  facet normal 2.269063e-01 1.134188e-03 9.739159e-01
    outer loop
      vertex   -1.559182e+01 0.000000e+00 1.730434e+01
      vertex   -1.573349e+01 3.000000e+00 1.733385e+01
      vertex   -1.588153e+01 0.000000e+00 1.737184e+01
    endloop
  endfacet
  facet normal 2.697966e-01 -1.121470e-03 9.629167e-01
    outer loop
      vertex   -1.588153e+01 0.000000e+00 1.737184e+01
      vertex   -1.573349e+01 3.000000e+00 1.733385e+01
      vertex   -1.601837e+01 3.000000e+00 1.741367e+01
    endloop
  endfacet
  facet normal 3.150031e-01 1.133377e-03 9.490900e-01
    outer loop
      vertex   -1.588153e+01 0.000000e+00 1.737184e+01
      vertex   -1.601837e+01 3.000000e+00 1.741367e+01
      vertex   -1.616385e+01 0.000000e+00 1.746554e+01
    endloop
  endfacet
  facet normal 3.562415e-01 -1.120525e-03 9.343933e-01
    outer loop
      vertex   -1.616385e+01 0.000000e+00 1.746554e+01
      vertex   -1.601837e+01 3.000000e+00 1.741367e+01
      vertex   -1.629480e+01 3.000000e+00 1.751906e+01
    endloop
  endfacet
  facet normal 4.004611e-01 1.132296e-03 9.163131e-01
    outer loop
      vertex   -1.616385e+01 0.000000e+00 1.746554e+01
      vertex   -1.629480e+01 3.000000e+00 1.751906e+01
      vertex   -1.643642e+01 0.000000e+00 1.758466e+01
    endloop
  endfacet
  facet normal 4.397344e-01 -1.119309e-03 8.981271e-01
    outer loop
      vertex   -1.643642e+01 0.000000e+00 1.758466e+01
      vertex   -1.629480e+01 3.000000e+00 1.751906e+01
      vertex   -1.656051e+01 3.000000e+00 1.764916e+01
    endloop
  endfacet
  facet normal 4.825641e-01 1.130945e-03 8.758599e-01
    outer loop
      vertex   -1.643642e+01 0.000000e+00 1.758466e+01
      vertex   -1.656051e+01 3.000000e+00 1.764916e+01
      vertex   -1.669696e+01 0.000000e+00 1.772821e+01
    endloop
  endfacet
  facet normal 5.195836e-01 -1.117823e-03 8.544189e-01
    outer loop
      vertex   -1.669696e+01 0.000000e+00 1.772821e+01
      vertex   -1.656051e+01 3.000000e+00 1.764916e+01
      vertex   -1.681329e+01 3.000000e+00 1.780287e+01
    endloop
  endfacet
  facet normal 5.606246e-01 1.129324e-03 8.280693e-01
    outer loop
      vertex   -1.669696e+01 0.000000e+00 1.772821e+01
      vertex   -1.681329e+01 3.000000e+00 1.780287e+01
      vertex   -1.694328e+01 0.000000e+00 1.789498e+01
    endloop
  endfacet
  facet normal 5.951274e-01 -1.116067e-03 8.036306e-01
    outer loop
      vertex   -1.694328e+01 0.000000e+00 1.789498e+01
      vertex   -1.681329e+01 3.000000e+00 1.780287e+01
      vertex   -1.705104e+01 3.000000e+00 1.797894e+01
    endloop
  endfacet
  facet normal 6.339885e-01 1.127433e-03 7.733416e-01
    outer loop
      vertex   -1.694328e+01 0.000000e+00 1.789498e+01
      vertex   -1.705104e+01 3.000000e+00 1.797894e+01
      vertex   -1.717333e+01 0.000000e+00 1.808357e+01
    endloop
  endfacet
  facet normal 6.657397e-01 -1.114041e-03 7.461832e-01
    outer loop
      vertex   -1.717333e+01 0.000000e+00 1.808357e+01
      vertex   -1.705104e+01 3.000000e+00 1.797894e+01
      vertex   -1.727179e+01 3.000000e+00 1.817589e+01
    endloop
  endfacet
  facet normal 7.020412e-01 1.125272e-03 7.121354e-01
    outer loop
      vertex   -1.717333e+01 0.000000e+00 1.808357e+01
      vertex   -1.727179e+01 3.000000e+00 1.817589e+01
      vertex   -1.738516e+01 0.000000e+00 1.829240e+01
    endloop
  endfacet
  facet normal 7.308355e-01 -1.111744e-03 6.825527e-01
    outer loop
      vertex   -1.738516e+01 0.000000e+00 1.829240e+01
      vertex   -1.727179e+01 3.000000e+00 1.817589e+01
      vertex   -1.747372e+01 3.000000e+00 1.839211e+01
    endloop
  endfacet
  facet normal 7.642127e-01 1.122840e-03 6.449633e-01
    outer loop
      vertex   -1.738516e+01 0.000000e+00 1.829240e+01
      vertex   -1.747372e+01 3.000000e+00 1.839211e+01
      vertex   -1.757702e+01 0.000000e+00 1.851973e+01
    endloop
  endfacet
  facet normal 7.898754e-01 -1.109177e-03 6.132664e-01
    outer loop
      vertex   -1.757702e+01 0.000000e+00 1.851973e+01
      vertex   -1.747372e+01 3.000000e+00 1.839211e+01
      vertex   -1.765515e+01 3.000000e+00 1.862579e+01
    endloop
  endfacet
  facet normal 8.199820e-01 1.120138e-03 5.723882e-01
    outer loop
      vertex   -1.757702e+01 0.000000e+00 1.851973e+01
      vertex   -1.765515e+01 3.000000e+00 1.862579e+01
      vertex   -1.774728e+01 0.000000e+00 1.876364e+01
    endloop
  endfacet
  facet normal 8.423701e-01 -1.106340e-03 5.388983e-01
    outer loop
      vertex   -1.774728e+01 0.000000e+00 1.876364e+01
      vertex   -1.765515e+01 3.000000e+00 1.862579e+01
      vertex   -1.781458e+01 3.000000e+00 1.887500e+01
    endloop
  endfacet
  facet normal 8.688821e-01 1.117166e-03 4.950179e-01
    outer loop
      vertex   -1.774728e+01 0.000000e+00 1.876364e+01
      vertex   -1.781458e+01 3.000000e+00 1.887500e+01
      vertex   -1.789454e+01 0.000000e+00 1.902211e+01
    endloop
  endfacet
  facet normal 8.878847e-01 -1.103233e-03 4.600648e-01
    outer loop
      vertex   -1.789454e+01 0.000000e+00 1.902211e+01
      vertex   -1.781458e+01 3.000000e+00 1.887500e+01
      vertex   -1.795069e+01 3.000000e+00 1.913768e+01
    endloop
  endfacet
  facet normal 9.105032e-01 1.113924e-03 4.135006e-01
    outer loop
      vertex   -1.789454e+01 0.000000e+00 1.902211e+01
      vertex   -1.795069e+01 3.000000e+00 1.913768e+01
      vertex   -1.801754e+01 0.000000e+00 1.929295e+01
    endloop
  endfacet
  facet normal 9.260420e-01 -1.099856e-03 3.774190e-01
    outer loop
      vertex   -1.801754e+01 0.000000e+00 1.929295e+01
      vertex   -1.795069e+01 3.000000e+00 1.913768e+01
      vertex   -1.806235e+01 3.000000e+00 1.941164e+01
    endloop
  endfacet
  facet normal 9.444966e-01 1.110412e-03 3.285193e-01
    outer loop
      vertex   -1.801754e+01 0.000000e+00 1.929295e+01
      vertex   -1.806235e+01 3.000000e+00 1.941164e+01
      vertex   -1.811526e+01 0.000000e+00 1.957391e+01
    endloop
  endfacet
  facet normal 9.565258e-01 -1.096209e-03 2.916458e-01
    outer loop
      vertex   -1.811526e+01 0.000000e+00 1.957391e+01
      vertex   -1.806235e+01 3.000000e+00 1.941164e+01
      vertex   -1.814863e+01 3.000000e+00 1.969462e+01
    endloop
  endfacet
  facet normal 9.705776e-01 1.106630e-03 2.407858e-01
    outer loop
      vertex   -1.811526e+01 0.000000e+00 1.957391e+01
      vertex   -1.814863e+01 3.000000e+00 1.969462e+01
      vertex   -1.818689e+01 0.000000e+00 1.986262e+01
    endloop
  endfacet
  facet normal 9.790835e-01 -1.092291e-03 2.034559e-01
    outer loop
      vertex   -1.818689e+01 0.000000e+00 1.986262e+01
      vertex   -1.814863e+01 3.000000e+00 1.969462e+01
      vertex   -1.820882e+01 3.000000e+00 1.998428e+01
    endloop
  endfacet
  facet normal 9.885278e-01 1.102577e-03 1.510352e-01
    outer loop
      vertex   -1.818689e+01 0.000000e+00 1.986262e+01
      vertex   -1.820882e+01 3.000000e+00 1.998428e+01
      vertex   -1.823182e+01 0.000000e+00 2.015668e+01
    endloop
  endfacet
  facet normal 9.935282e-01 -1.088104e-03 1.135801e-01
    outer loop
      vertex   -1.823182e+01 0.000000e+00 2.015668e+01
      vertex   -1.820882e+01 3.000000e+00 1.998428e+01
      vertex   -1.824242e+01 3.000000e+00 2.027821e+01
    endloop
  endfacet
  facet normal 9.981966e-01 1.098254e-03 6.001935e-02
    outer loop
      vertex   -1.823182e+01 0.000000e+00 2.015668e+01
      vertex   -1.824242e+01 3.000000e+00 2.027821e+01
      vertex   -1.824967e+01 0.000000e+00 2.045361e+01
    endloop
  endfacet
  facet normal 9.997403e-01 -1.083646e-03 2.276318e-02
    outer loop
      vertex   -1.824967e+01 0.000000e+00 2.045361e+01
      vertex   -1.824242e+01 3.000000e+00 2.027821e+01
      vertex   -1.824916e+01 3.000000e+00 2.057398e+01
    endloop
  endfacet
  facet normal 9.995032e-01 1.093661e-03 -3.149934e-02
    outer loop
      vertex   -1.824967e+01 0.000000e+00 2.045361e+01
      vertex   -1.824916e+01 3.000000e+00 2.057398e+01
      vertex   -1.824030e+01 0.000000e+00 2.075092e+01
    endloop
  endfacet
  facet normal 9.976682e-01 -1.078918e-03 -6.824237e-02
    outer loop
      vertex   -1.824030e+01 0.000000e+00 2.075092e+01
      vertex   -1.824916e+01 3.000000e+00 2.057398e+01
      vertex   -1.822897e+01 3.000000e+00 2.086914e+01
    endloop
  endfacet
  facet normal 9.924365e-01 1.088798e-03 -1.227541e-01
    outer loop
      vertex   -1.824030e+01 0.000000e+00 2.075092e+01
      vertex   -1.822897e+01 3.000000e+00 2.086914e+01
      vertex   -1.820378e+01 0.000000e+00 2.104614e+01
    endloop
  endfacet
  facet normal 9.873291e-01 -1.073920e-03 -1.586825e-01
    outer loop
      vertex   -1.820378e+01 0.000000e+00 2.104614e+01
      vertex   -1.822897e+01 3.000000e+00 2.086914e+01
      vertex   -1.818202e+01 3.000000e+00 2.116123e+01
    endloop
  endfacet
  facet normal 9.770558e-01 1.083665e-03 -2.129806e-01
    outer loop
      vertex   -1.820378e+01 0.000000e+00 2.104614e+01
      vertex   -1.818202e+01 3.000000e+00 2.116123e+01
      vertex   -1.814043e+01 0.000000e+00 2.133678e+01
    endloop
  endfacet
  facet normal 9.688087e-01 -1.068651e-03 -2.478076e-01
    outer loop
      vertex   -1.814043e+01 0.000000e+00 2.133678e+01
      vertex   -1.818202e+01 3.000000e+00 2.116123e+01
      vertex   -1.810871e+01 3.000000e+00 2.144785e+01
    endloop
  endfacet
  facet normal 9.534900e-01 1.078261e-03 -3.014228e-01
    outer loop
      vertex   -1.814043e+01 0.000000e+00 2.133678e+01
      vertex   -1.810871e+01 3.000000e+00 2.144785e+01
      vertex   -1.805077e+01 0.000000e+00 2.162041e+01
    endloop
  endfacet
  facet normal 9.422604e-01 -1.063113e-03 -3.348794e-01
    outer loop
      vertex   -1.805077e+01 0.000000e+00 2.162041e+01
      vertex   -1.810871e+01 3.000000e+00 2.144785e+01
      vertex   -1.800964e+01 3.000000e+00 2.172661e+01
    endloop
  endfacet
  facet normal 9.219363e-01 1.072588e-03 -3.873399e-01
    outer loop
      vertex   -1.805077e+01 0.000000e+00 2.162041e+01
      vertex   -1.800964e+01 3.000000e+00 2.172661e+01
      vertex   -1.793555e+01 0.000000e+00 2.189466e+01
    endloop
  endfacet
  facet normal 9.079042e-01 -1.057304e-03 -4.191763e-01
    outer loop
      vertex   -1.793555e+01 0.000000e+00 2.189466e+01
      vertex   -1.800964e+01 3.000000e+00 2.172661e+01
      vertex   -1.788563e+01 3.000000e+00 2.199521e+01
    endloop
  endfacet
  facet normal 8.826593e-01 1.066644e-03 -4.700121e-01
    outer loop
      vertex   -1.793555e+01 0.000000e+00 2.189466e+01
      vertex   -1.788563e+01 3.000000e+00 2.199521e+01
      vertex   -1.779573e+01 0.000000e+00 2.215722e+01
    endloop
  endfacet
  facet normal 8.660249e-01 -1.051225e-03 -4.999997e-01
    outer loop
      vertex   -1.779573e+01 0.000000e+00 2.215722e+01
      vertex   -1.788563e+01 3.000000e+00 2.199521e+01
      vertex   -1.773770e+01 3.000000e+00 2.225142e+01
    endloop
  endfacet
  facet normal 8.359879e-01 1.060430e-03 -5.487469e-01
    outer loop
      vertex   -1.779573e+01 0.000000e+00 2.215722e+01
      vertex   -1.773770e+01 3.000000e+00 2.225142e+01
      vertex   -1.763250e+01 0.000000e+00 2.240590e+01
    endloop
  endfacet
  facet normal 8.169694e-01 -1.044876e-03 -5.766800e-01
    outer loop
      vertex   -1.763250e+01 0.000000e+00 2.240590e+01
      vertex   -1.773770e+01 3.000000e+00 2.225142e+01
      vertex   -1.756710e+01 3.000000e+00 2.249312e+01
    endloop
  endfacet
  facet normal 7.823131e-01 1.053946e-03 -6.228845e-01
    outer loop
      vertex   -1.763250e+01 0.000000e+00 2.240590e+01
      vertex   -1.756710e+01 3.000000e+00 2.249312e+01
      vertex   -1.744721e+01 0.000000e+00 2.263861e+01
    endloop
  endfacet
  facet normal 7.611443e-01 -1.038257e-03 -6.485817e-01
    outer loop
      vertex   -1.744721e+01 0.000000e+00 2.263861e+01
      vertex   -1.756710e+01 3.000000e+00 2.249312e+01
      vertex   -1.737522e+01 3.000000e+00 2.271830e+01
    endloop
  endfacet
  facet normal 7.220845e-01 1.047192e-03 -6.918040e-01
    outer loop
      vertex   -1.744721e+01 0.000000e+00 2.263861e+01
      vertex   -1.737522e+01 3.000000e+00 2.271830e+01
      vertex   -1.724142e+01 0.000000e+00 2.285341e+01
    endloop
  endfacet
  facet normal 6.990121e-01 -1.031368e-03 -7.151091e-01
    outer loop
      vertex   -1.724142e+01 0.000000e+00 2.285341e+01
      vertex   -1.737522e+01 3.000000e+00 2.271830e+01
      vertex   -1.716366e+01 3.000000e+00 2.292510e+01
    endloop
  endfacet
  facet normal 6.558068e-01 1.040167e-03 -7.549281e-01
    outer loop
      vertex   -1.724142e+01 0.000000e+00 2.285341e+01
      vertex   -1.716366e+01 3.000000e+00 2.292510e+01
      vertex   -1.701686e+01 0.000000e+00 2.304849e+01
    endloop
  endfacet
  facet normal 6.310876e-01 -1.024208e-03 -7.757109e-01
    outer loop
      vertex   -1.701686e+01 0.000000e+00 2.304849e+01
      vertex   -1.716366e+01 3.000000e+00 2.292510e+01
      vertex   -1.693417e+01 3.000000e+00 2.311180e+01
    endloop
  endfacet
  facet normal 5.840351e-01 1.032873e-03 -8.117277e-01
    outer loop
      vertex   -1.701686e+01 0.000000e+00 2.304849e+01
      vertex   -1.693417e+01 3.000000e+00 2.311180e+01
      vertex   -1.677540e+01 0.000000e+00 2.322222e+01
    endloop
  endfacet
  facet normal 5.579338e-01 -1.016778e-03 -8.298849e-01
    outer loop
      vertex   -1.677540e+01 0.000000e+00 2.322222e+01
      vertex   -1.693417e+01 3.000000e+00 2.311180e+01
      vertex   -1.668865e+01 3.000000e+00 2.327686e+01
    endloop
  endfacet
  facet normal 5.073707e-01 1.025308e-03 -8.617273e-01
    outer loop
      vertex   -1.677540e+01 0.000000e+00 2.322222e+01
      vertex   -1.668865e+01 3.000000e+00 2.327686e+01
      vertex   -1.651906e+01 0.000000e+00 2.337314e+01
    endloop
  endfacet
  facet normal 4.801567e-01 -1.009079e-03 -8.771822e-01
    outer loop
      vertex   -1.651906e+01 0.000000e+00 2.337314e+01
      vertex   -1.668865e+01 3.000000e+00 2.327686e+01
      vertex   -1.642914e+01 3.000000e+00 2.341892e+01
    endloop
  endfacet
  facet normal 4.264559e-01 1.017473e-03 -9.045078e-01
    outer loop
      vertex   -1.651906e+01 0.000000e+00 2.337314e+01
      vertex   -1.642914e+01 3.000000e+00 2.341892e+01
      vertex   -1.625000e+01 0.000000e+00 2.350000e+01
    endloop
  endfacet
  facet normal 3.984009e-01 -1.001109e-03 -9.172108e-01
    outer loop
      vertex   -1.625000e+01 0.000000e+00 2.350000e+01
      vertex   -1.642914e+01 3.000000e+00 2.341892e+01
      vertex   -1.615779e+01 3.000000e+00 2.353678e+01
    endloop
  endfacet
  facet normal 3.616180e-01 3.148440e-04 -9.323263e-01
    outer loop
      vertex   -1.625000e+01 0.000000e+00 2.350000e+01
      vertex   -1.615779e+01 3.000000e+00 2.353678e+01
      vertex   -1.610049e+01 5.800885e-02 2.355801e+01
    endloop
  endfacet
  facet normal 3.155055e-01 -7.029377e-04 -9.489235e-01
    outer loop
      vertex   -1.610049e+01 5.800885e-02 2.355801e+01
      vertex   -1.615779e+01 3.000000e+00 2.353678e+01
      vertex   -1.594830e+01 1.085720e-01 2.360857e+01
    endloop
  endfacet
  facet normal 3.133438e-01 -8.773233e-04 -9.496393e-01
    outer loop
      vertex   -1.594830e+01 1.085720e-01 2.360857e+01
      vertex   -1.615779e+01 3.000000e+00 2.353678e+01
      vertex   -1.587684e+01 3.000000e+00 2.362948e+01
    endloop
  endfacet
  facet normal 2.680101e-01 3.427671e-04 -9.634160e-01
    outer loop
      vertex   -1.594830e+01 1.085720e-01 2.360857e+01
      vertex   -1.587684e+01 3.000000e+00 2.362948e+01
      vertex   -1.579381e+01 1.515663e-01 2.365157e+01
    endloop
  endfacet
  facet normal 2.256903e-01 -9.744680e-04 -9.741986e-01
    outer loop
      vertex   -1.579381e+01 1.515663e-01 2.365157e+01
      vertex   -1.587684e+01 3.000000e+00 2.362948e+01
      vertex   -1.558863e+01 3.000000e+00 2.369625e+01
    endloop
  endfacet
  facet normal 2.203722e-01 -5.723010e-04 -9.754157e-01
    outer loop
      vertex   -1.579381e+01 1.515663e-01 2.365157e+01
      vertex   -1.558863e+01 3.000000e+00 2.369625e+01
      vertex   -1.563738e+01 1.868872e-01 2.368689e+01
    endloop
  endfacet
  facet normal 1.718125e-01 3.015442e-04 -9.851296e-01
    outer loop
      vertex   -1.563738e+01 1.868872e-01 2.368689e+01
      vertex   -1.558863e+01 3.000000e+00 2.369625e+01
      vertex   -1.547940e+01 2.144486e-01 2.371445e+01
    endloop
  endfacet
  facet normal 1.361666e-01 -1.132561e-03 -9.906853e-01
    outer loop
      vertex   -1.547940e+01 2.144486e-01 2.371445e+01
      vertex   -1.558863e+01 3.000000e+00 2.369625e+01
      vertex   -1.529554e+01 3.000000e+00 2.373653e+01
    endloop
  endfacet
  facet normal 1.230907e-01 -2.559457e-04 -9.923954e-01
    outer loop
      vertex   -1.547940e+01 2.144486e-01 2.371445e+01
      vertex   -1.529554e+01 3.000000e+00 2.373653e+01
      vertex   -1.532025e+01 2.341833e-01 2.373418e+01
    endloop
  endfacet
  facet normal 7.394194e-02 1.872725e-04 -9.972625e-01
    outer loop
      vertex   -1.532025e+01 2.341833e-01 2.373418e+01
      vertex   -1.529554e+01 3.000000e+00 2.373653e+01
      vertex   -1.516032e+01 2.460434e-01 2.374604e+01
    endloop
  endfacet
  facet normal 4.551457e-02 -1.214385e-03 -9.989629e-01
    outer loop
      vertex   -1.516032e+01 2.460434e-01 2.374604e+01
      vertex   -1.529554e+01 3.000000e+00 2.373653e+01
      vertex   -1.500000e+01 3.000000e+00 2.375000e+01
    endloop
  endfacet
  facet normal 2.467194e-02 1.498006e-14 -9.996956e-01
    outer loop
      vertex   -1.516032e+01 2.460434e-01 2.374604e+01
      vertex   -1.500000e+01 3.000000e+00 2.375000e+01
      vertex   -1.500000e+01 2.500000e-01 2.375000e+01
    endloop
  endfacet
  facet normal -2.467194e-02 -1.756296e-14 -9.996956e-01
    outer loop
      vertex   -1.500000e+01 2.500000e-01 2.375000e+01
      vertex   -1.500000e+01 3.000000e+00 2.375000e+01
      vertex   -1.483968e+01 2.460434e-01 2.374604e+01
    endloop
  endfacet
  facet normal -4.551457e-02 -1.214385e-03 -9.989629e-01
    outer loop
      vertex   -1.483968e+01 2.460434e-01 2.374604e+01
      vertex   -1.500000e+01 3.000000e+00 2.375000e+01
      vertex   -1.470446e+01 3.000000e+00 2.373653e+01
    endloop
  endfacet
  facet normal -7.394194e-02 1.872725e-04 -9.972625e-01
    outer loop
      vertex   -1.483968e+01 2.460434e-01 2.374604e+01
      vertex   -1.470446e+01 3.000000e+00 2.373653e+01
      vertex   -1.467975e+01 2.341833e-01 2.373418e+01
    endloop
  endfacet
  facet normal -1.230907e-01 -2.559457e-04 -9.923954e-01
    outer loop
      vertex   -1.467975e+01 2.341833e-01 2.373418e+01
      vertex   -1.470446e+01 3.000000e+00 2.373653e+01
      vertex   -1.452060e+01 2.144486e-01 2.371445e+01
    endloop
  endfacet
  facet normal -1.361666e-01 -1.132561e-03 -9.906853e-01
    outer loop
      vertex   -1.452060e+01 2.144486e-01 2.371445e+01
      vertex   -1.470446e+01 3.000000e+00 2.373653e+01
      vertex   -1.441137e+01 3.000000e+00 2.369625e+01
    endloop
  endfacet
  facet normal -1.718125e-01 3.015442e-04 -9.851296e-01
    outer loop
      vertex   -1.452060e+01 2.144486e-01 2.371445e+01
      vertex   -1.441137e+01 3.000000e+00 2.369625e+01
      vertex   -1.436262e+01 1.868872e-01 2.368689e+01
    endloop
  endfacet
  facet normal -2.203722e-01 -5.723010e-04 -9.754157e-01
    outer loop
      vertex   -1.436262e+01 1.868872e-01 2.368689e+01
      vertex   -1.441137e+01 3.000000e+00 2.369625e+01
      vertex   -1.420619e+01 1.515663e-01 2.365157e+01
    endloop
  endfacet
  facet normal -2.256903e-01 -9.744680e-04 -9.741986e-01
    outer loop
      vertex   -1.420619e+01 1.515663e-01 2.365157e+01
      vertex   -1.441137e+01 3.000000e+00 2.369625e+01
      vertex   -1.412316e+01 3.000000e+00 2.362948e+01
    endloop
  endfacet
  facet normal -2.680101e-01 3.427671e-04 -9.634160e-01
    outer loop
      vertex   -1.420619e+01 1.515663e-01 2.365157e+01
      vertex   -1.412316e+01 3.000000e+00 2.362948e+01
      vertex   -1.405170e+01 1.085720e-01 2.360857e+01
    endloop
  endfacet
  facet normal -3.133438e-01 -8.773233e-04 -9.496393e-01
    outer loop
      vertex   -1.405170e+01 1.085720e-01 2.360857e+01
      vertex   -1.412316e+01 3.000000e+00 2.362948e+01
      vertex   -1.384221e+01 3.000000e+00 2.353678e+01
    endloop
  endfacet
  facet normal -3.155055e-01 -7.029377e-04 -9.489235e-01
    outer loop
      vertex   -1.405170e+01 1.085720e-01 2.360857e+01
      vertex   -1.384221e+01 3.000000e+00 2.353678e+01
      vertex   -1.389951e+01 5.800885e-02 2.355801e+01
    endloop
  endfacet
  facet normal 4.551460e-02 -5.390011e-17 -9.989637e-01
    outer loop
      vertex   -1.529554e+01 0.000000e+00 6.736535e+00
      vertex   -1.529554e+01 3.000000e+00 6.736535e+00
      vertex   -1.500000e+01 0.000000e+00 6.750000e+00
    endloop
  endfacet
  facet normal 4.551460e-02 0.000000e+00 -9.989637e-01
    outer loop
      vertex   -1.500000e+01 0.000000e+00 6.750000e+00
      vertex   -1.529554e+01 3.000000e+00 6.736535e+00
      vertex   -1.500000e+01 3.000000e+00 6.750000e+00
    endloop
  endfacet
  facet normal -4.551460e-02 0.000000e+00 -9.989637e-01
    outer loop
      vertex   -1.500000e+01 0.000000e+00 6.750000e+00
      vertex   -1.500000e+01 3.000000e+00 6.750000e+00
      vertex   -1.470446e+01 0.000000e+00 6.736535e+00
    endloop
  endfacet
  facet normal -4.551460e-02 0.000000e+00 -9.989637e-01
    outer loop
      vertex   -1.470446e+01 0.000000e+00 6.736535e+00
      vertex   -1.500000e+01 3.000000e+00 6.750000e+00
      vertex   -1.470446e+01 3.000000e+00 6.736535e+00
    endloop
  endfacet
  facet normal -1.361666e-01 0.000000e+00 -9.906859e-01
    outer loop
      vertex   -1.470446e+01 0.000000e+00 6.736535e+00
      vertex   -1.470446e+01 3.000000e+00 6.736535e+00
      vertex   -1.441137e+01 0.000000e+00 6.696251e+00
    endloop
  endfacet
  facet normal -1.361666e-01 -8.062685e-17 -9.906859e-01
    outer loop
      vertex   -1.441137e+01 0.000000e+00 6.696251e+00
      vertex   -1.470446e+01 3.000000e+00 6.736535e+00
      vertex   -1.441137e+01 3.000000e+00 6.696251e+00
    endloop
  endfacet
  facet normal -2.256904e-01 -1.336355e-16 -9.741991e-01
    outer loop
      vertex   -1.441137e+01 0.000000e+00 6.696251e+00
      vertex   -1.441137e+01 3.000000e+00 6.696251e+00
      vertex   -1.412316e+01 0.000000e+00 6.629481e+00
    endloop
  endfacet
  facet normal -2.256904e-01 -1.336355e-16 -9.741991e-01
    outer loop
      vertex   -1.412316e+01 0.000000e+00 6.629481e+00
      vertex   -1.441137e+01 3.000000e+00 6.696251e+00
      vertex   -1.412316e+01 3.000000e+00 6.629481e+00
    endloop
  endfacet
  facet normal -3.133440e-01 -1.855369e-16 -9.496397e-01
    outer loop
      vertex   -1.412316e+01 0.000000e+00 6.629481e+00
      vertex   -1.412316e+01 3.000000e+00 6.629481e+00
      vertex   -1.384221e+01 0.000000e+00 6.536780e+00
    endloop
  endfacet
  facet normal -3.133440e-01 -8.992397e-17 -9.496397e-01
    outer loop
      vertex   -1.384221e+01 0.000000e+00 6.536780e+00
      vertex   -1.412316e+01 3.000000e+00 6.629481e+00
      vertex   -1.384221e+01 3.000000e+00 6.536780e+00
    endloop
  endfacet
  facet normal -3.984011e-01 -2.002526e-16 -9.172113e-01
    outer loop
      vertex   -1.384221e+01 0.000000e+00 6.536780e+00
      vertex   -1.384221e+01 3.000000e+00 6.536780e+00
      vertex   -1.357086e+01 0.000000e+00 6.418915e+00
    endloop
  endfacet
  facet normal -3.984011e-01 -4.005051e-16 -9.172113e-01
    outer loop
      vertex   -1.357086e+01 0.000000e+00 6.418915e+00
      vertex   -1.384221e+01 3.000000e+00 6.536780e+00
      vertex   -1.357086e+01 3.000000e+00 6.418915e+00
    endloop
  endfacet
  facet normal -4.801569e-01 -6.178436e-16 -8.771826e-01
    outer loop
      vertex   -1.357086e+01 0.000000e+00 6.418915e+00
      vertex   -1.357086e+01 3.000000e+00 6.418915e+00
      vertex   -1.331135e+01 0.000000e+00 6.276863e+00
    endloop
  endfacet
  facet normal -4.801569e-01 2.104746e-16 -8.771826e-01
    outer loop
      vertex   -1.331135e+01 0.000000e+00 6.276863e+00
      vertex   -1.357086e+01 3.000000e+00 6.418915e+00
      vertex   -1.331135e+01 3.000000e+00 6.276863e+00
    endloop
  endfacet
  facet normal -5.579340e-01 7.635957e-17 -8.298853e-01
    outer loop
      vertex   -1.331135e+01 0.000000e+00 6.276863e+00
      vertex   -1.331135e+01 3.000000e+00 6.276863e+00
      vertex   -1.306583e+01 0.000000e+00 6.111801e+00
    endloop
  endfacet
  facet normal -5.579340e-01 -9.993983e-16 -8.298853e-01
    outer loop
      vertex   -1.306583e+01 0.000000e+00 6.111801e+00
      vertex   -1.331135e+01 3.000000e+00 6.276863e+00
      vertex   -1.306583e+01 3.000000e+00 6.111801e+00
    endloop
  endfacet
  facet normal -6.310879e-01 -1.323448e-15 -7.757113e-01
    outer loop
      vertex   -1.306583e+01 0.000000e+00 6.111801e+00
      vertex   -1.306583e+01 3.000000e+00 6.111801e+00
      vertex   -1.283634e+01 0.000000e+00 5.925097e+00
    endloop
  endfacet
  facet normal -6.310879e-01 -1.035403e-15 -7.757113e-01
    outer loop
      vertex   -1.283634e+01 0.000000e+00 5.925097e+00
      vertex   -1.306583e+01 3.000000e+00 6.111801e+00
      vertex   -1.283634e+01 3.000000e+00 5.925097e+00
    endloop
  endfacet
  facet normal -6.990124e-01 -1.232164e-15 -7.151095e-01
    outer loop
      vertex   -1.283634e+01 0.000000e+00 5.925097e+00
      vertex   -1.283634e+01 3.000000e+00 5.925097e+00
      vertex   -1.262478e+01 0.000000e+00 5.718298e+00
    endloop
  endfacet
  facet normal -6.990124e-01 -2.050430e-15 -7.151095e-01
    outer loop
      vertex   -1.262478e+01 0.000000e+00 5.718298e+00
      vertex   -1.283634e+01 3.000000e+00 5.925097e+00
      vertex   -1.262478e+01 3.000000e+00 5.718298e+00
    endloop
  endfacet
  facet normal -7.611447e-01 -2.386742e-15 -6.485821e-01
    outer loop
      vertex   -1.262478e+01 0.000000e+00 5.718298e+00
      vertex   -1.262478e+01 3.000000e+00 5.718298e+00
      vertex   -1.243290e+01 0.000000e+00 5.493117e+00
    endloop
  endfacet
  facet normal -7.611447e-01 -1.485366e-15 -6.485821e-01
    outer loop
      vertex   -1.243290e+01 0.000000e+00 5.493117e+00
      vertex   -1.262478e+01 3.000000e+00 5.718298e+00
      vertex   -1.243290e+01 3.000000e+00 5.493117e+00
    endloop
  endfacet
  facet normal -8.169699e-01 -1.735790e-15 -5.766803e-01
    outer loop
      vertex   -1.243290e+01 0.000000e+00 5.493117e+00
      vertex   -1.243290e+01 3.000000e+00 5.493117e+00
      vertex   -1.226230e+01 0.000000e+00 5.251421e+00
    endloop
  endfacet
  facet normal -8.169699e-01 -1.735790e-15 -5.766803e-01
    outer loop
      vertex   -1.226230e+01 0.000000e+00 5.251421e+00
      vertex   -1.243290e+01 3.000000e+00 5.493117e+00
      vertex   -1.226230e+01 3.000000e+00 5.251421e+00
    endloop
  endfacet
  facet normal -8.660254e-01 -1.971831e-15 -5.000000e-01
    outer loop
      vertex   -1.226230e+01 0.000000e+00 5.251421e+00
      vertex   -1.226230e+01 3.000000e+00 5.251421e+00
      vertex   -1.211437e+01 0.000000e+00 4.995211e+00
    endloop
  endfacet
  facet normal -8.660254e-01 -2.405292e-15 -5.000000e-01
    outer loop
      vertex   -1.211437e+01 0.000000e+00 4.995211e+00
      vertex   -1.226230e+01 3.000000e+00 5.251421e+00
      vertex   -1.211437e+01 3.000000e+00 4.995211e+00
    endloop
  endfacet
  facet normal -9.079048e-01 -2.770304e-15 -4.191765e-01
    outer loop
      vertex   -1.211437e+01 0.000000e+00 4.995211e+00
      vertex   -1.211437e+01 3.000000e+00 4.995211e+00
      vertex   -1.199036e+01 0.000000e+00 4.726612e+00
    endloop
  endfacet
  facet normal -9.079048e-01 -2.480919e-15 -4.191765e-01
    outer loop
      vertex   -1.199036e+01 0.000000e+00 4.726612e+00
      vertex   -1.211437e+01 3.000000e+00 4.995211e+00
      vertex   -1.199036e+01 3.000000e+00 4.726612e+00
    endloop
  endfacet
  facet normal -9.422609e-01 -2.752718e-15 -3.348796e-01
    outer loop
      vertex   -1.199036e+01 0.000000e+00 4.726612e+00
      vertex   -1.199036e+01 3.000000e+00 4.726612e+00
      vertex   -1.189129e+01 0.000000e+00 4.447849e+00
    endloop
  endfacet
  facet normal -9.422609e-01 -2.554429e-15 -3.348796e-01
    outer loop
      vertex   -1.189129e+01 0.000000e+00 4.447849e+00
      vertex   -1.199036e+01 3.000000e+00 4.726612e+00
      vertex   -1.189129e+01 3.000000e+00 4.447849e+00
    endloop
  endfacet
  facet normal -9.688092e-01 -2.854975e-15 -2.478078e-01
    outer loop
      vertex   -1.189129e+01 0.000000e+00 4.447849e+00
      vertex   -1.189129e+01 3.000000e+00 4.447849e+00
      vertex   -1.181798e+01 0.000000e+00 4.161232e+00
    endloop
  endfacet
  facet normal -9.688092e-01 -2.561512e-15 -2.478078e-01
    outer loop
      vertex   -1.181798e+01 0.000000e+00 4.161232e+00
      vertex   -1.189129e+01 3.000000e+00 4.447849e+00
      vertex   -1.181798e+01 3.000000e+00 4.161232e+00
    endloop
  endfacet
  facet normal -9.873297e-01 -2.943946e-15 -1.586825e-01
    outer loop
      vertex   -1.181798e+01 0.000000e+00 4.161232e+00
      vertex   -1.181798e+01 3.000000e+00 4.161232e+00
      vertex   -1.177103e+01 0.000000e+00 3.869136e+00
    endloop
  endfacet
  facet normal -9.873297e-01 -3.646011e-15 -1.586825e-01
    outer loop
      vertex   -1.177103e+01 0.000000e+00 3.869136e+00
      vertex   -1.181798e+01 3.000000e+00 4.161232e+00
      vertex   -1.177103e+01 3.000000e+00 3.869136e+00
    endloop
  endfacet
  facet normal -9.976688e-01 -3.943234e-15 -6.824241e-02
    outer loop
      vertex   -1.177103e+01 0.000000e+00 3.869136e+00
      vertex   -1.177103e+01 3.000000e+00 3.869136e+00
      vertex   -1.175084e+01 0.000000e+00 3.573980e+00
    endloop
  endfacet
  facet normal -9.976688e-01 -3.342393e-15 -6.824241e-02
    outer loop
      vertex   -1.175084e+01 0.000000e+00 3.573980e+00
      vertex   -1.177103e+01 3.000000e+00 3.869136e+00
      vertex   -1.175084e+01 3.000000e+00 3.573980e+00
    endloop
  endfacet
  facet normal -9.997409e-01 -3.619186e-15 2.276320e-02
    outer loop
      vertex   -1.175084e+01 0.000000e+00 3.573980e+00
      vertex   -1.175084e+01 3.000000e+00 3.573980e+00
      vertex   -1.175758e+01 0.000000e+00 3.278212e+00
    endloop
  endfacet
  facet normal -9.997409e-01 -2.455472e-15 2.276320e-02
    outer loop
      vertex   -1.175758e+01 0.000000e+00 3.278212e+00
      vertex   -1.175084e+01 3.000000e+00 3.573980e+00
      vertex   -1.175758e+01 3.000000e+00 3.278212e+00
    endloop
  endfacet
  facet normal -9.935288e-01 -2.790293e-15 1.135802e-01
    outer loop
      vertex   -1.175758e+01 0.000000e+00 3.278212e+00
      vertex   -1.175758e+01 3.000000e+00 3.278212e+00
      vertex   -1.179118e+01 0.000000e+00 2.984282e+00
    endloop
  endfacet
  facet normal -9.935288e-01 -3.950055e-15 1.135802e-01
    outer loop
      vertex   -1.179118e+01 0.000000e+00 2.984282e+00
      vertex   -1.175758e+01 3.000000e+00 3.278212e+00
      vertex   -1.179118e+01 3.000000e+00 2.984282e+00
    endloop
  endfacet
  facet normal -9.790841e-01 -4.231344e-15 2.034560e-01
    outer loop
      vertex   -1.179118e+01 0.000000e+00 2.984282e+00
      vertex   -1.179118e+01 3.000000e+00 2.984282e+00
      vertex   -1.185137e+01 0.000000e+00 2.694625e+00
    endloop
  endfacet
  facet normal -9.790841e-01 -3.342933e-15 2.034560e-01
    outer loop
      vertex   -1.185137e+01 0.000000e+00 2.694625e+00
      vertex   -1.179118e+01 3.000000e+00 2.984282e+00
      vertex   -1.185137e+01 3.000000e+00 2.694625e+00
    endloop
  endfacet
  facet normal -9.565263e-01 -3.733367e-15 2.916459e-01
    outer loop
      vertex   -1.185137e+01 0.000000e+00 2.694625e+00
      vertex   -1.185137e+01 3.000000e+00 2.694625e+00
      vertex   -1.193765e+01 0.000000e+00 2.411641e+00
    endloop
  endfacet
  facet normal -9.565263e-01 -4.083883e-15 2.916459e-01
    outer loop
      vertex   -1.193765e+01 0.000000e+00 2.411641e+00
      vertex   -1.185137e+01 3.000000e+00 2.694625e+00
      vertex   -1.193765e+01 3.000000e+00 2.411641e+00
    endloop
  endfacet
  facet normal -9.260425e-01 -4.361845e-15 3.774192e-01
    outer loop
      vertex   -1.193765e+01 0.000000e+00 2.411641e+00
      vertex   -1.193765e+01 3.000000e+00 2.411641e+00
      vertex   -1.204931e+01 0.000000e+00 2.137676e+00
    endloop
  endfacet
  facet normal -9.260425e-01 -4.473584e-15 3.774192e-01
    outer loop
      vertex   -1.204931e+01 0.000000e+00 2.137676e+00
      vertex   -1.193765e+01 3.000000e+00 2.411641e+00
      vertex   -1.204931e+01 3.000000e+00 2.137676e+00
    endloop
  endfacet
  facet normal -8.878852e-01 -4.739871e-15 4.600650e-01
    outer loop
      vertex   -1.204931e+01 0.000000e+00 2.137676e+00
      vertex   -1.204931e+01 3.000000e+00 2.137676e+00
      vertex   -1.218542e+01 0.000000e+00 1.875000e+00
    endloop
  endfacet
  facet normal -8.878852e-01 -4.758964e-15 4.600650e-01
    outer loop
      vertex   -1.218542e+01 0.000000e+00 1.875000e+00
      vertex   -1.204931e+01 3.000000e+00 2.137676e+00
      vertex   -1.218542e+01 3.000000e+00 1.875000e+00
    endloop
  endfacet
  facet normal -8.423706e-01 -5.106282e-15 5.388986e-01
    outer loop
      vertex   -1.218542e+01 0.000000e+00 1.875000e+00
      vertex   -1.218542e+01 3.000000e+00 1.875000e+00
      vertex   -1.234485e+01 0.000000e+00 1.625789e+00
    endloop
  endfacet
  facet normal -8.423706e-01 -5.166314e-15 5.388986e-01
    outer loop
      vertex   -1.234485e+01 0.000000e+00 1.625789e+00
      vertex   -1.218542e+01 3.000000e+00 1.875000e+00
      vertex   -1.234485e+01 3.000000e+00 1.625789e+00
    endloop
  endfacet
  facet normal -7.898759e-01 -5.379690e-15 6.132668e-01
    outer loop
      vertex   -1.234485e+01 0.000000e+00 1.625789e+00
      vertex   -1.234485e+01 3.000000e+00 1.625789e+00
      vertex   -1.252628e+01 0.000000e+00 1.392108e+00
    endloop
  endfacet
  facet normal -7.898759e-01 -5.502070e-15 6.132668e-01
    outer loop
      vertex   -1.252628e+01 0.000000e+00 1.392108e+00
      vertex   -1.234485e+01 3.000000e+00 1.625789e+00
      vertex   -1.252628e+01 3.000000e+00 1.392108e+00
    endloop
  endfacet
  facet normal -7.308360e-01 -5.772494e-15 6.825531e-01
    outer loop
      vertex   -1.252628e+01 0.000000e+00 1.392108e+00
      vertex   -1.252628e+01 3.000000e+00 1.392108e+00
      vertex   -1.272821e+01 0.000000e+00 1.175894e+00
    endloop
  endfacet
  facet normal -7.308360e-01 -5.469379e-15 6.825531e-01
    outer loop
      vertex   -1.272821e+01 0.000000e+00 1.175894e+00
      vertex   -1.252628e+01 3.000000e+00 1.392108e+00
      vertex   -1.272821e+01 3.000000e+00 1.175894e+00
    endloop
  endfacet
  facet normal -6.657401e-01 -5.663712e-15 7.461837e-01
    outer loop
      vertex   -1.272821e+01 0.000000e+00 1.175894e+00
      vertex   -1.272821e+01 3.000000e+00 1.175894e+00
      vertex   -1.294896e+01 0.000000e+00 9.789383e-01
    endloop
  endfacet
  facet normal -6.657401e-01 -5.857013e-15 7.461837e-01
    outer loop
      vertex   -1.294896e+01 0.000000e+00 9.789383e-01
      vertex   -1.272821e+01 3.000000e+00 1.175894e+00
      vertex   -1.294896e+01 3.000000e+00 9.789383e-01
    endloop
  endfacet
  facet normal -5.951277e-01 -6.019296e-15 8.036311e-01
    outer loop
      vertex   -1.294896e+01 0.000000e+00 9.789383e-01
      vertex   -1.294896e+01 3.000000e+00 9.789383e-01
      vertex   -1.318671e+01 0.000000e+00 8.028728e-01
    endloop
  endfacet
  facet normal -5.951277e-01 -5.760628e-15 8.036311e-01
    outer loop
      vertex   -1.318671e+01 0.000000e+00 8.028728e-01
      vertex   -1.294896e+01 3.000000e+00 9.789383e-01
      vertex   -1.318671e+01 3.000000e+00 8.028728e-01
    endloop
  endfacet
  facet normal -5.195840e-01 -5.990689e-15 8.544194e-01
    outer loop
      vertex   -1.318671e+01 0.000000e+00 8.028728e-01
      vertex   -1.318671e+01 3.000000e+00 8.028728e-01
      vertex   -1.343949e+01 0.000000e+00 6.491565e-01
    endloop
  endfacet
  facet normal -5.195840e-01 -6.140245e-15 8.544194e-01
    outer loop
      vertex   -1.343949e+01 0.000000e+00 6.491565e-01
      vertex   -1.318671e+01 3.000000e+00 8.028728e-01
      vertex   -1.343949e+01 3.000000e+00 6.491565e-01
    endloop
  endfacet
  facet normal -4.397347e-01 -6.265297e-15 8.981277e-01
    outer loop
      vertex   -1.343949e+01 0.000000e+00 6.491565e-01
      vertex   -1.343949e+01 3.000000e+00 6.491565e-01
      vertex   -1.370520e+01 0.000000e+00 5.190633e-01
    endloop
  endfacet
  facet normal -4.397347e-01 -6.076921e-15 8.981277e-01
    outer loop
      vertex   -1.370520e+01 0.000000e+00 5.190633e-01
      vertex   -1.343949e+01 3.000000e+00 6.491565e-01
      vertex   -1.370520e+01 3.000000e+00 5.190633e-01
    endloop
  endfacet
  facet normal -3.562417e-01 -6.262353e-15 9.343938e-01
    outer loop
      vertex   -1.370520e+01 0.000000e+00 5.190633e-01
      vertex   -1.370520e+01 3.000000e+00 5.190633e-01
      vertex   -1.398163e+01 0.000000e+00 4.136710e-01
    endloop
  endfacet
  facet normal -3.562417e-01 -6.435251e-15 9.343938e-01
    outer loop
      vertex   -1.398163e+01 0.000000e+00 4.136710e-01
      vertex   -1.370520e+01 3.000000e+00 5.190633e-01
      vertex   -1.398163e+01 3.000000e+00 4.136710e-01
    endloop
  endfacet
  facet normal -2.697968e-01 -6.574069e-15 9.629173e-01
    outer loop
      vertex   -1.398163e+01 0.000000e+00 4.136710e-01
      vertex   -1.398163e+01 3.000000e+00 4.136710e-01
      vertex   -1.426651e+01 0.000000e+00 3.338530e-01
    endloop
  endfacet
  facet normal -2.697968e-01 -6.733821e-15 9.629173e-01
    outer loop
      vertex   -1.426651e+01 0.000000e+00 3.338530e-01
      vertex   -1.398163e+01 3.000000e+00 4.136710e-01
      vertex   -1.426651e+01 3.000000e+00 3.338530e-01
    endloop
  endfacet
  facet normal -1.811162e-01 -6.765656e-15 9.834617e-01
    outer loop
      vertex   -1.426651e+01 0.000000e+00 3.338530e-01
      vertex   -1.426651e+01 3.000000e+00 3.338530e-01
      vertex   -1.455746e+01 0.000000e+00 2.802707e-01
    endloop
  endfacet
  facet normal -1.811162e-01 -6.840390e-15 9.834617e-01
    outer loop
      vertex   -1.455746e+01 0.000000e+00 2.802707e-01
      vertex   -1.426651e+01 3.000000e+00 3.338530e-01
      vertex   -1.455746e+01 3.000000e+00 2.802707e-01
    endloop
  endfacet
  facet normal -9.093486e-02 -6.871854e-15 9.958568e-01
    outer loop
      vertex   -1.455746e+01 0.000000e+00 2.802707e-01
      vertex   -1.455746e+01 3.000000e+00 2.802707e-01
      vertex   -1.485208e+01 0.000000e+00 2.533681e-01
    endloop
  endfacet
  facet normal -9.093486e-02 -6.741428e-15 9.958568e-01
    outer loop
      vertex   -1.485208e+01 0.000000e+00 2.533681e-01
      vertex   -1.455746e+01 3.000000e+00 2.802707e-01
      vertex   -1.485208e+01 3.000000e+00 2.533681e-01
    endloop
  endfacet
  facet normal 0.000000e+00 -6.661338e-15 1.000000e+00
    outer loop
      vertex   -1.485208e+01 0.000000e+00 2.533681e-01
      vertex   -1.485208e+01 3.000000e+00 2.533681e-01
      vertex   -1.514792e+01 0.000000e+00 2.533681e-01
    endloop
  endfacet
  facet normal 0.000000e+00 -6.661338e-15 1.000000e+00
    outer loop
      vertex   -1.514792e+01 0.000000e+00 2.533681e-01
      vertex   -1.485208e+01 3.000000e+00 2.533681e-01
      vertex   -1.514792e+01 3.000000e+00 2.533681e-01
    endloop
  endfacet
  facet normal 9.093486e-02 -6.633739e-15 9.958568e-01
    outer loop
      vertex   -1.514792e+01 0.000000e+00 2.533681e-01
      vertex   -1.514792e+01 3.000000e+00 2.533681e-01
      vertex   -1.544254e+01 0.000000e+00 2.802707e-01
    endloop
  endfacet
  facet normal 9.093486e-02 -6.633739e-15 9.958568e-01
    outer loop
      vertex   -1.544254e+01 0.000000e+00 2.802707e-01
      vertex   -1.514792e+01 3.000000e+00 2.533681e-01
      vertex   -1.544254e+01 3.000000e+00 2.802707e-01
    endloop
  endfacet
  facet normal 1.811162e-01 -6.551171e-15 9.834617e-01
    outer loop
      vertex   -1.544254e+01 0.000000e+00 2.802707e-01
      vertex   -1.544254e+01 3.000000e+00 2.802707e-01
      vertex   -1.573349e+01 0.000000e+00 3.338530e-01
    endloop
  endfacet
  facet normal 1.811162e-01 -6.369194e-15 9.834617e-01
    outer loop
      vertex   -1.573349e+01 0.000000e+00 3.338530e-01
      vertex   -1.544254e+01 3.000000e+00 2.802707e-01
      vertex   -1.573349e+01 3.000000e+00 3.338530e-01
    endloop
  endfacet
  facet normal 2.697968e-01 -6.236142e-15 9.629173e-01
    outer loop
      vertex   -1.573349e+01 0.000000e+00 3.338530e-01
      vertex   -1.573349e+01 3.000000e+00 3.338530e-01
      vertex   -1.601837e+01 0.000000e+00 4.136710e-01
    endloop
  endfacet
  facet normal 2.697968e-01 -6.733821e-15 9.629173e-01
    outer loop
      vertex   -1.601837e+01 0.000000e+00 4.136710e-01
      vertex   -1.573349e+01 3.000000e+00 3.338530e-01
      vertex   -1.601837e+01 3.000000e+00 4.136710e-01
    endloop
  endfacet
  facet normal 3.562417e-01 -6.646188e-15 9.343938e-01
    outer loop
      vertex   -1.601837e+01 0.000000e+00 4.136710e-01
      vertex   -1.601837e+01 3.000000e+00 4.136710e-01
      vertex   -1.629480e+01 0.000000e+00 5.190633e-01
    endloop
  endfacet
  facet normal 3.562417e-01 -6.549370e-15 9.343938e-01
    outer loop
      vertex   -1.629480e+01 0.000000e+00 5.190633e-01
      vertex   -1.601837e+01 3.000000e+00 4.136710e-01
      vertex   -1.629480e+01 3.000000e+00 5.190633e-01
    endloop
  endfacet
  facet normal 4.397347e-01 -6.525672e-15 8.981277e-01
    outer loop
      vertex   -1.629480e+01 0.000000e+00 5.190633e-01
      vertex   -1.629480e+01 3.000000e+00 5.190633e-01
      vertex   -1.656051e+01 0.000000e+00 6.491565e-01
    endloop
  endfacet
  facet normal 4.397347e-01 -6.691859e-15 8.981277e-01
    outer loop
      vertex   -1.656051e+01 0.000000e+00 6.491565e-01
      vertex   -1.629480e+01 3.000000e+00 5.190633e-01
      vertex   -1.656051e+01 3.000000e+00 6.491565e-01
    endloop
  endfacet
  facet normal 5.195840e-01 -6.606000e-15 8.544194e-01
    outer loop
      vertex   -1.656051e+01 0.000000e+00 6.491565e-01
      vertex   -1.656051e+01 3.000000e+00 6.491565e-01
      vertex   -1.681329e+01 0.000000e+00 8.028728e-01
    endloop
  endfacet
  facet normal 5.195840e-01 -6.289801e-15 8.544194e-01
    outer loop
      vertex   -1.681329e+01 0.000000e+00 8.028728e-01
      vertex   -1.656051e+01 3.000000e+00 6.491565e-01
      vertex   -1.681329e+01 3.000000e+00 8.028728e-01
    endloop
  endfacet
  facet normal 5.951277e-01 -6.167998e-15 8.036311e-01
    outer loop
      vertex   -1.681329e+01 0.000000e+00 8.028728e-01
      vertex   -1.681329e+01 3.000000e+00 8.028728e-01
      vertex   -1.705104e+01 0.000000e+00 9.789383e-01
    endloop
  endfacet
  facet normal 5.951277e-01 -5.463225e-15 8.036311e-01
    outer loop
      vertex   -1.705104e+01 0.000000e+00 9.789383e-01
      vertex   -1.681329e+01 3.000000e+00 8.028728e-01
      vertex   -1.705104e+01 3.000000e+00 9.789383e-01
    endloop
  endfacet
  facet normal 6.657401e-01 -5.206690e-15 7.461837e-01
    outer loop
      vertex   -1.705104e+01 0.000000e+00 9.789383e-01
      vertex   -1.705104e+01 3.000000e+00 9.789383e-01
      vertex   -1.727179e+01 0.000000e+00 1.175894e+00
    endloop
  endfacet
  facet normal 6.657401e-01 -6.783479e-15 7.461837e-01
    outer loop
      vertex   -1.727179e+01 0.000000e+00 1.175894e+00
      vertex   -1.705104e+01 3.000000e+00 9.789383e-01
      vertex   -1.727179e+01 3.000000e+00 1.175894e+00
    endloop
  endfacet
  facet normal 7.308360e-01 -6.637977e-15 6.825531e-01
    outer loop
      vertex   -1.727179e+01 0.000000e+00 1.175894e+00
      vertex   -1.727179e+01 3.000000e+00 1.175894e+00
      vertex   -1.747372e+01 0.000000e+00 1.392108e+00
    endloop
  endfacet
  facet normal 7.308360e-01 -6.183306e-15 6.825531e-01
    outer loop
      vertex   -1.747372e+01 0.000000e+00 1.392108e+00
      vertex   -1.727179e+01 3.000000e+00 1.175894e+00
      vertex   -1.747372e+01 3.000000e+00 1.392108e+00
    endloop
  endfacet
  facet normal 7.898759e-01 -6.028954e-15 6.132668e-01
    outer loop
      vertex   -1.747372e+01 0.000000e+00 1.392108e+00
      vertex   -1.747372e+01 3.000000e+00 1.392108e+00
      vertex   -1.765515e+01 0.000000e+00 1.625789e+00
    endloop
  endfacet
  facet normal 7.898759e-01 -5.184334e-15 6.132668e-01
    outer loop
      vertex   -1.765515e+01 0.000000e+00 1.625789e+00
      vertex   -1.747372e+01 3.000000e+00 1.392108e+00
      vertex   -1.765515e+01 3.000000e+00 1.625789e+00
    endloop
  endfacet
  facet normal 8.423706e-01 -4.906850e-15 5.388986e-01
    outer loop
      vertex   -1.765515e+01 0.000000e+00 1.625789e+00
      vertex   -1.765515e+01 3.000000e+00 1.625789e+00
      vertex   -1.781458e+01 0.000000e+00 1.875000e+00
    endloop
  endfacet
  facet normal 8.423706e-01 -4.627644e-15 5.388986e-01
    outer loop
      vertex   -1.781458e+01 0.000000e+00 1.875000e+00
      vertex   -1.765515e+01 3.000000e+00 1.625789e+00
      vertex   -1.781458e+01 3.000000e+00 1.875000e+00
    endloop
  endfacet
  facet normal 8.878852e-01 -4.350344e-15 4.600650e-01
    outer loop
      vertex   -1.781458e+01 0.000000e+00 1.875000e+00
      vertex   -1.781458e+01 3.000000e+00 1.875000e+00
      vertex   -1.795069e+01 0.000000e+00 2.137676e+00
    endloop
  endfacet
  facet normal 8.878852e-01 -4.350344e-15 4.600650e-01
    outer loop
      vertex   -1.795069e+01 0.000000e+00 2.137676e+00
      vertex   -1.781458e+01 3.000000e+00 1.875000e+00
      vertex   -1.795069e+01 3.000000e+00 2.137676e+00
    endloop
  endfacet
  facet normal 9.260425e-01 -4.036995e-15 3.774192e-01
    outer loop
      vertex   -1.795069e+01 0.000000e+00 2.137676e+00
      vertex   -1.795069e+01 3.000000e+00 2.137676e+00
      vertex   -1.806235e+01 0.000000e+00 2.411641e+00
    endloop
  endfacet
  facet normal 9.260425e-01 -5.021911e-15 3.774192e-01
    outer loop
      vertex   -1.806235e+01 0.000000e+00 2.411641e+00
      vertex   -1.795069e+01 3.000000e+00 2.137676e+00
      vertex   -1.806235e+01 3.000000e+00 2.411641e+00
    endloop
  endfacet
  facet normal 9.565263e-01 -4.736605e-15 2.916459e-01
    outer loop
      vertex   -1.806235e+01 0.000000e+00 2.411641e+00
      vertex   -1.806235e+01 3.000000e+00 2.411641e+00
      vertex   -1.814863e+01 0.000000e+00 2.694625e+00
    endloop
  endfacet
  facet normal 9.565263e-01 -3.344816e-15 2.916459e-01
    outer loop
      vertex   -1.814863e+01 0.000000e+00 2.694625e+00
      vertex   -1.806235e+01 3.000000e+00 2.411641e+00
      vertex   -1.814863e+01 3.000000e+00 2.694625e+00
    endloop
  endfacet
  facet normal 9.790841e-01 -3.071875e-15 2.034560e-01
    outer loop
      vertex   -1.814863e+01 0.000000e+00 2.694625e+00
      vertex   -1.814863e+01 3.000000e+00 2.694625e+00
      vertex   -1.820882e+01 0.000000e+00 2.984282e+00
    endloop
  endfacet
  facet normal 9.790841e-01 -5.451047e-15 2.034560e-01
    outer loop
      vertex   -1.820882e+01 0.000000e+00 2.984282e+00
      vertex   -1.814863e+01 3.000000e+00 2.694625e+00
      vertex   -1.820882e+01 3.000000e+00 2.984282e+00
    endloop
  endfacet
  facet normal 9.935288e-01 -5.160256e-15 1.135802e-01
    outer loop
      vertex   -1.820882e+01 0.000000e+00 2.984282e+00
      vertex   -1.820882e+01 3.000000e+00 2.984282e+00
      vertex   -1.824242e+01 0.000000e+00 3.278212e+00
    endloop
  endfacet
  facet normal 9.935288e-01 -2.739854e-15 1.135802e-01
    outer loop
      vertex   -1.824242e+01 0.000000e+00 3.278212e+00
      vertex   -1.820882e+01 3.000000e+00 2.984282e+00
      vertex   -1.824242e+01 3.000000e+00 3.278212e+00
    endloop
  endfacet
  facet normal 9.997409e-01 -2.445364e-15 2.276320e-02
    outer loop
      vertex   -1.824242e+01 0.000000e+00 3.278212e+00
      vertex   -1.824242e+01 3.000000e+00 3.278212e+00
      vertex   -1.824916e+01 0.000000e+00 3.573980e+00
    endloop
  endfacet
  facet normal 9.997409e-01 -3.639404e-15 2.276320e-02
    outer loop
      vertex   -1.824916e+01 0.000000e+00 3.573980e+00
      vertex   -1.824242e+01 3.000000e+00 3.278212e+00
      vertex   -1.824916e+01 3.000000e+00 3.573980e+00
    endloop
  endfacet
  facet normal 9.976688e-01 -3.281782e-15 -6.824241e-02
    outer loop
      vertex   -1.824916e+01 0.000000e+00 3.573980e+00
      vertex   -1.824916e+01 3.000000e+00 3.573980e+00
      vertex   -1.822897e+01 0.000000e+00 3.869136e+00
    endloop
  endfacet
  facet normal 9.976688e-01 -3.322190e-15 -6.824241e-02
    outer loop
      vertex   -1.822897e+01 0.000000e+00 3.869136e+00
      vertex   -1.824916e+01 3.000000e+00 3.573980e+00
      vertex   -1.822897e+01 3.000000e+00 3.869136e+00
    endloop
  endfacet
  facet normal 9.873297e-01 -2.990925e-15 -1.586825e-01
    outer loop
      vertex   -1.822897e+01 0.000000e+00 3.869136e+00
      vertex   -1.822897e+01 3.000000e+00 3.869136e+00
      vertex   -1.818202e+01 0.000000e+00 4.161232e+00
    endloop
  endfacet
  facet normal 9.873297e-01 -1.962631e-15 -1.586825e-01
    outer loop
      vertex   -1.818202e+01 0.000000e+00 4.161232e+00
      vertex   -1.822897e+01 3.000000e+00 3.869136e+00
      vertex   -1.818202e+01 3.000000e+00 4.161232e+00
    endloop
  endfacet
  facet normal 9.688092e-01 -1.707674e-15 -2.478078e-01
    outer loop
      vertex   -1.818202e+01 0.000000e+00 4.161232e+00
      vertex   -1.818202e+01 3.000000e+00 4.161232e+00
      vertex   -1.810871e+01 0.000000e+00 4.447849e+00
    endloop
  endfacet
  facet normal 9.688092e-01 -2.708243e-15 -2.478078e-01
    outer loop
      vertex   -1.810871e+01 0.000000e+00 4.447849e+00
      vertex   -1.818202e+01 3.000000e+00 4.161232e+00
      vertex   -1.810871e+01 3.000000e+00 4.447849e+00
    endloop
  endfacet
  facet normal 9.422609e-01 -2.356140e-15 -3.348796e-01
    outer loop
      vertex   -1.810871e+01 0.000000e+00 4.447849e+00
      vertex   -1.810871e+01 3.000000e+00 4.447849e+00
      vertex   -1.800964e+01 0.000000e+00 4.726612e+00
    endloop
  endfacet
  facet normal 9.422609e-01 -2.653573e-15 -3.348796e-01
    outer loop
      vertex   -1.800964e+01 0.000000e+00 4.726612e+00
      vertex   -1.810871e+01 3.000000e+00 4.447849e+00
      vertex   -1.800964e+01 3.000000e+00 4.726612e+00
    endloop
  endfacet
  facet normal 9.079048e-01 -2.356817e-15 -4.191765e-01
    outer loop
      vertex   -1.800964e+01 0.000000e+00 4.726612e+00
      vertex   -1.800964e+01 3.000000e+00 4.726612e+00
      vertex   -1.788563e+01 0.000000e+00 4.995211e+00
    endloop
  endfacet
  facet normal 9.079048e-01 -1.529845e-15 -4.191765e-01
    outer loop
      vertex   -1.788563e+01 0.000000e+00 4.995211e+00
      vertex   -1.800964e+01 3.000000e+00 4.726612e+00
      vertex   -1.788563e+01 3.000000e+00 4.995211e+00
    endloop
  endfacet
  facet normal 8.660254e-01 -1.311012e-15 -5.000000e-01
    outer loop
      vertex   -1.788563e+01 0.000000e+00 4.995211e+00
      vertex   -1.788563e+01 3.000000e+00 4.995211e+00
      vertex   -1.773770e+01 0.000000e+00 5.251421e+00
    endloop
  endfacet
  facet normal 8.660254e-01 -2.188562e-15 -5.000000e-01
    outer loop
      vertex   -1.773770e+01 0.000000e+00 5.251421e+00
      vertex   -1.788563e+01 3.000000e+00 4.995211e+00
      vertex   -1.773770e+01 3.000000e+00 5.251421e+00
    endloop
  endfacet
  facet normal 8.169699e-01 -1.878070e-15 -5.766803e-01
    outer loop
      vertex   -1.773770e+01 0.000000e+00 5.251421e+00
      vertex   -1.773770e+01 3.000000e+00 5.251421e+00
      vertex   -1.756710e+01 0.000000e+00 5.493117e+00
    endloop
  endfacet
  facet normal 8.169699e-01 -1.252047e-15 -5.766803e-01
    outer loop
      vertex   -1.756710e+01 0.000000e+00 5.493117e+00
      vertex   -1.773770e+01 3.000000e+00 5.251421e+00
      vertex   -1.756710e+01 3.000000e+00 5.493117e+00
    endloop
  endfacet
  facet normal 7.611447e-01 -1.034677e-15 -6.485821e-01
    outer loop
      vertex   -1.756710e+01 0.000000e+00 5.493117e+00
      vertex   -1.756710e+01 3.000000e+00 5.493117e+00
      vertex   -1.737522e+01 0.000000e+00 5.718298e+00
    endloop
  endfacet
  facet normal 7.611447e-01 -3.253198e-16 -6.485821e-01
    outer loop
      vertex   -1.737522e+01 0.000000e+00 5.718298e+00
      vertex   -1.756710e+01 3.000000e+00 5.493117e+00
      vertex   -1.737522e+01 3.000000e+00 5.718298e+00
    endloop
  endfacet
  facet normal 6.990124e-01 -1.926522e-16 -7.151095e-01
    outer loop
      vertex   -1.737522e+01 0.000000e+00 5.718298e+00
      vertex   -1.737522e+01 3.000000e+00 5.718298e+00
      vertex   -1.716366e+01 0.000000e+00 5.925097e+00
    endloop
  endfacet
  facet normal 6.990124e-01 -1.020449e-15 -7.151095e-01
    outer loop
      vertex   -1.716366e+01 0.000000e+00 5.925097e+00
      vertex   -1.737522e+01 3.000000e+00 5.718298e+00
      vertex   -1.716366e+01 3.000000e+00 5.925097e+00
    endloop
  endfacet
  facet normal 6.310879e-01 -8.057465e-16 -7.757113e-01
    outer loop
      vertex   -1.716366e+01 0.000000e+00 5.925097e+00
      vertex   -1.716366e+01 3.000000e+00 5.925097e+00
      vertex   -1.693417e+01 0.000000e+00 6.111801e+00
    endloop
  endfacet
  facet normal 6.310879e-01 2.296567e-16 -7.757113e-01
    outer loop
      vertex   -1.693417e+01 0.000000e+00 6.111801e+00
      vertex   -1.716366e+01 3.000000e+00 5.925097e+00
      vertex   -1.693417e+01 3.000000e+00 6.111801e+00
    endloop
  endfacet
  facet normal 5.579340e-01 2.456954e-16 -8.298853e-01
    outer loop
      vertex   -1.693417e+01 0.000000e+00 6.111801e+00
      vertex   -1.693417e+01 3.000000e+00 6.111801e+00
      vertex   -1.668865e+01 0.000000e+00 6.276863e+00
    endloop
  endfacet
  facet normal 5.579340e-01 7.635957e-17 -8.298853e-01
    outer loop
      vertex   -1.668865e+01 0.000000e+00 6.276863e+00
      vertex   -1.693417e+01 3.000000e+00 6.111801e+00
      vertex   -1.668865e+01 3.000000e+00 6.276863e+00
    endloop
  endfacet
  facet normal 4.801569e-01 2.104746e-16 -8.771826e-01
    outer loop
      vertex   -1.668865e+01 0.000000e+00 6.276863e+00
      vertex   -1.668865e+01 3.000000e+00 6.276863e+00
      vertex   -1.642914e+01 0.000000e+00 6.418915e+00
    endloop
  endfacet
  facet normal 4.801569e-01 -6.178436e-16 -8.771826e-01
    outer loop
      vertex   -1.642914e+01 0.000000e+00 6.418915e+00
      vertex   -1.668865e+01 3.000000e+00 6.276863e+00
      vertex   -1.642914e+01 3.000000e+00 6.418915e+00
    endloop
  endfacet
  facet normal 3.984011e-01 -4.005051e-16 -9.172113e-01
    outer loop
      vertex   -1.642914e+01 0.000000e+00 6.418915e+00
      vertex   -1.642914e+01 3.000000e+00 6.418915e+00
      vertex   -1.615779e+01 0.000000e+00 6.536780e+00
    endloop
  endfacet
  facet normal 3.984011e-01 -4.718017e-16 -9.172113e-01
    outer loop
      vertex   -1.615779e+01 0.000000e+00 6.536780e+00
      vertex   -1.642914e+01 3.000000e+00 6.418915e+00
      vertex   -1.615779e+01 3.000000e+00 6.536780e+00
    endloop
  endfacet
  facet normal 3.133440e-01 -3.710738e-16 -9.496397e-01
    outer loop
      vertex   -1.615779e+01 0.000000e+00 6.536780e+00
      vertex   -1.615779e+01 3.000000e+00 6.536780e+00
      vertex   -1.587684e+01 0.000000e+00 6.629481e+00
    endloop
  endfacet
  facet normal 3.133440e-01 5.688957e-18 -9.496397e-01
    outer loop
      vertex   -1.587684e+01 0.000000e+00 6.629481e+00
      vertex   -1.615779e+01 3.000000e+00 6.536780e+00
      vertex   -1.587684e+01 3.000000e+00 6.629481e+00
    endloop
  endfacet
  facet normal 2.256904e-01 1.759351e-16 -9.741991e-01
    outer loop
      vertex   -1.587684e+01 0.000000e+00 6.629481e+00
      vertex   -1.587684e+01 3.000000e+00 6.629481e+00
      vertex   -1.558863e+01 0.000000e+00 6.696251e+00
    endloop
  endfacet
  facet normal 2.256904e-01 -2.672711e-16 -9.741991e-01
    outer loop
      vertex   -1.558863e+01 0.000000e+00 6.696251e+00
      vertex   -1.587684e+01 3.000000e+00 6.629481e+00
      vertex   -1.558863e+01 3.000000e+00 6.696251e+00
    endloop
  endfacet
  facet normal 1.361666e-01 -1.612537e-16 -9.906859e-01
    outer loop
      vertex   -1.558863e+01 0.000000e+00 6.696251e+00
      vertex   -1.558863e+01 3.000000e+00 6.696251e+00
      vertex   -1.529554e+01 0.000000e+00 6.736535e+00
    endloop
  endfacet
  facet normal 1.361666e-01 -1.612537e-16 -9.906859e-01
    outer loop
      vertex   -1.529554e+01 0.000000e+00 6.736535e+00
      vertex   -1.558863e+01 3.000000e+00 6.696251e+00
      vertex   -1.529554e+01 3.000000e+00 6.736535e+00
    endloop
  endfacet
  facet normal -7.068708e-01 7.068708e-01 -2.583359e-02
    outer loop
      vertex   -5.000000e+00 3.500000e+00 -2.150000e+01
      vertex   -4.500000e+00 4.000000e+00 -2.150000e+01
      vertex   -4.986661e+00 3.500000e+00 -2.186498e+01
    endloop
  endfacet
  facet normal -7.063873e-01 7.073074e-01 -2.707643e-02
    outer loop
      vertex   -4.986661e+00 3.500000e+00 -2.186498e+01
      vertex   -4.500000e+00 4.000000e+00 -2.150000e+01
      vertex   -4.486796e+00 4.000000e+00 -2.184447e+01
    endloop
  endfacet
  facet normal -7.034912e-01 7.064761e-01 -7.740604e-02
    outer loop
      vertex   -4.986661e+00 3.500000e+00 -2.186498e+01
      vertex   -4.486796e+00 4.000000e+00 -2.184447e+01
      vertex   -4.946717e+00 3.500000e+00 -2.222801e+01
    endloop
  endfacet
  facet normal -7.018296e-01 7.077220e-01 -8.102281e-02
    outer loop
      vertex   -4.946717e+00 3.500000e+00 -2.222801e+01
      vertex   -4.486796e+00 4.000000e+00 -2.184447e+01
      vertex   -4.447262e+00 4.000000e+00 -2.218692e+01
    endloop
  endfacet
  facet normal -6.963123e-01 7.061213e-01 -1.286154e-01
    outer loop
      vertex   -4.946717e+00 3.500000e+00 -2.222801e+01
      vertex   -4.447262e+00 4.000000e+00 -2.218692e+01
      vertex   -4.880379e+00 3.500000e+00 -2.258715e+01
    endloop
  endfacet
  facet normal -6.932048e-01 7.080912e-01 -1.344392e-01
    outer loop
      vertex   -4.880379e+00 3.500000e+00 -2.258715e+01
      vertex   -4.447262e+00 4.000000e+00 -2.218692e+01
      vertex   -4.381629e+00 4.000000e+00 -2.252534e+01
    endloop
  endfacet
  facet normal -6.853699e-01 7.058066e-01 -1.791792e-01
    outer loop
      vertex   -4.880379e+00 3.500000e+00 -2.258715e+01
      vertex   -4.381629e+00 4.000000e+00 -2.252534e+01
      vertex   -4.788003e+00 3.500000e+00 -2.294050e+01
    endloop
  endfacet
  facet normal -6.805662e-01 7.084152e-01 -1.870229e-01
    outer loop
      vertex   -4.788003e+00 3.500000e+00 -2.294050e+01
      vertex   -4.381629e+00 4.000000e+00 -2.252534e+01
      vertex   -4.290284e+00 4.000000e+00 -2.285774e+01
    endloop
  endfacet
  facet normal -6.707210e-01 7.055321e-01 -2.288182e-01
    outer loop
      vertex   -4.788003e+00 3.500000e+00 -2.294050e+01
      vertex   -4.290284e+00 4.000000e+00 -2.285774e+01
      vertex   -4.670081e+00 3.500000e+00 -2.328615e+01
    endloop
  endfacet
  facet normal -6.639893e-01 7.086941e-01 -2.384763e-01
    outer loop
      vertex   -4.670081e+00 3.500000e+00 -2.328615e+01
      vertex   -4.290284e+00 4.000000e+00 -2.285774e+01
      vertex   -4.173761e+00 4.000000e+00 -2.318218e+01
    endloop
  endfacet
  facet normal -6.524434e-01 7.052981e-01 -2.772584e-01
    outer loop
      vertex   -4.670081e+00 3.500000e+00 -2.328615e+01
      vertex   -4.173761e+00 4.000000e+00 -2.318218e+01
      vertex   -4.527241e+00 3.500000e+00 -2.362228e+01
    endloop
  endfacet
  facet normal -6.435712e-01 7.089281e-01 -2.885082e-01
    outer loop
      vertex   -4.527241e+00 3.500000e+00 -2.362228e+01
      vertex   -4.173761e+00 4.000000e+00 -2.318218e+01
      vertex   -4.032745e+00 4.000000e+00 -2.349674e+01
    endloop
  endfacet
  facet normal -6.306355e-01 7.051046e-01 -3.242321e-01
    outer loop
      vertex   -4.527241e+00 3.500000e+00 -2.362228e+01
      vertex   -4.032745e+00 4.000000e+00 -2.349674e+01
      vertex   -4.360247e+00 3.500000e+00 -2.394709e+01
    endloop
  endfacet
  facet normal -6.194306e-01 7.091174e-01 -3.368357e-01
    outer loop
      vertex   -4.360247e+00 3.500000e+00 -2.394709e+01
      vertex   -4.032745e+00 4.000000e+00 -2.349674e+01
      vertex   -3.868063e+00 4.000000e+00 -2.379958e+01
    endloop
  endfacet
  facet normal -6.054154e-01 7.049517e-01 -3.694797e-01
    outer loop
      vertex   -4.360247e+00 3.500000e+00 -2.394709e+01
      vertex   -3.868063e+00 4.000000e+00 -2.379958e+01
      vertex   -4.169989e+00 3.500000e+00 -2.425884e+01
    endloop
  endfacet
  facet normal -5.917064e-01 7.092621e-01 -3.831852e-01
    outer loop
      vertex   -4.169989e+00 3.500000e+00 -2.425884e+01
      vertex   -3.868063e+00 4.000000e+00 -2.379958e+01
      vertex   -3.680682e+00 4.000000e+00 -2.408893e+01
    endloop
  endfacet
  facet normal -5.769207e-01 7.048395e-01 -4.127514e-01
    outer loop
      vertex   -4.169989e+00 3.500000e+00 -2.425884e+01
      vertex   -3.680682e+00 4.000000e+00 -2.408893e+01
      vertex   -3.957482e+00 3.500000e+00 -2.455587e+01
    endloop
  endfacet
  facet normal -5.605576e-01 7.093622e-01 -4.272945e-01
    outer loop
      vertex   -3.957482e+00 3.500000e+00 -2.455587e+01
      vertex   -3.680682e+00 4.000000e+00 -2.408893e+01
      vertex   -3.471701e+00 4.000000e+00 -2.436309e+01
    endloop
  endfacet
  facet normal -5.453073e-01 7.047681e-01 -4.538082e-01
    outer loop
      vertex   -3.957482e+00 3.500000e+00 -2.455587e+01
      vertex   -3.471701e+00 4.000000e+00 -2.436309e+01
      vertex   -3.723861e+00 3.500000e+00 -2.483659e+01
    endloop
  endfacet
  facet normal -5.261619e-01 7.094177e-01 -4.689137e-01
    outer loop
      vertex   -3.723861e+00 3.500000e+00 -2.483659e+01
      vertex   -3.471701e+00 4.000000e+00 -2.436309e+01
      vertex   -3.242347e+00 4.000000e+00 -2.462045e+01
    endloop
  endfacet
  facet normal -5.107486e-01 7.047375e-01 -4.924236e-01
    outer loop
      vertex   -3.723861e+00 3.500000e+00 -2.483659e+01
      vertex   -3.242347e+00 4.000000e+00 -2.462045e+01
      vertex   -3.470371e+00 3.500000e+00 -2.509952e+01
    endloop
  endfacet
  facet normal -4.887153e-01 7.094289e-01 -5.078071e-01
    outer loop
      vertex   -3.470371e+00 3.500000e+00 -2.509952e+01
      vertex   -3.242347e+00 4.000000e+00 -2.462045e+01
      vertex   -2.993966e+00 4.000000e+00 -2.485949e+01
    endloop
  endfacet
  facet normal -4.734347e-01 7.047477e-01 -5.283846e-01
    outer loop
      vertex   -3.470371e+00 3.500000e+00 -2.509952e+01
      vertex   -2.993966e+00 4.000000e+00 -2.485949e+01
      vertex   -3.198365e+00 3.500000e+00 -2.534324e+01
    endloop
  endfacet
  facet normal -4.484304e-01 7.093955e-01 -5.437538e-01
    outer loop
      vertex   -3.198365e+00 3.500000e+00 -2.534324e+01
      vertex   -2.993966e+00 4.000000e+00 -2.485949e+01
      vertex   -2.728014e+00 4.000000e+00 -2.507882e+01
    endloop
  endfacet
  facet normal -4.335711e-01 7.047987e-01 -5.614934e-01
    outer loop
      vertex   -3.198365e+00 3.500000e+00 -2.534324e+01
      vertex   -2.728014e+00 4.000000e+00 -2.507882e+01
      vertex   -2.909295e+00 3.500000e+00 -2.556645e+01
    endloop
  endfacet
  facet normal -4.055358e-01 7.093177e-01 -5.765494e-01
    outer loop
      vertex   -2.909295e+00 3.500000e+00 -2.556645e+01
      vertex   -2.728014e+00 4.000000e+00 -2.507882e+01
      vertex   -2.446054e+00 4.000000e+00 -2.527714e+01
    endloop
  endfacet
  facet normal -3.913778e-01 7.048905e-01 -5.915681e-01
    outer loop
      vertex   -2.909295e+00 3.500000e+00 -2.556645e+01
      vertex   -2.446054e+00 4.000000e+00 -2.527714e+01
      vertex   -2.604702e+00 3.500000e+00 -2.576797e+01
    endloop
  endfacet
  facet normal -3.602743e-01 7.091953e-01 -6.060069e-01
    outer loop
      vertex   -2.604702e+00 3.500000e+00 -2.576797e+01
      vertex   -2.446054e+00 4.000000e+00 -2.527714e+01
      vertex   -2.149739e+00 4.000000e+00 -2.545331e+01
    endloop
  endfacet
  facet normal -3.470875e-01 7.050231e-01 -6.184438e-01
    outer loop
      vertex   -2.604702e+00 3.500000e+00 -2.576797e+01
      vertex   -2.149739e+00 4.000000e+00 -2.545331e+01
      vertex   -2.286212e+00 3.500000e+00 -2.594671e+01
    endloop
  endfacet
  facet normal -3.129023e-01 7.090283e-01 -6.319580e-01
    outer loop
      vertex   -2.286212e+00 3.500000e+00 -2.594671e+01
      vertex   -2.149739e+00 4.000000e+00 -2.545331e+01
      vertex   -1.840809e+00 4.000000e+00 -2.560627e+01
    endloop
  endfacet
  facet normal -3.009450e-01 7.051963e-01 -6.419738e-01
    outer loop
      vertex   -2.286212e+00 3.500000e+00 -2.594671e+01
      vertex   -1.840809e+00 4.000000e+00 -2.560627e+01
      vertex   -1.955524e+00 3.500000e+00 -2.610173e+01
    endloop
  endfacet
  facet normal -2.636878e-01 7.088167e-01 -6.542535e-01
    outer loop
      vertex   -1.955524e+00 3.500000e+00 -2.610173e+01
      vertex   -1.840809e+00 4.000000e+00 -2.560627e+01
      vertex   -1.521076e+00 4.000000e+00 -2.573513e+01
    endloop
  endfacet
  facet normal -2.532051e-01 7.054101e-01 -6.620301e-01
    outer loop
      vertex   -1.955524e+00 3.500000e+00 -2.610173e+01
      vertex   -1.521076e+00 4.000000e+00 -2.573513e+01
      vertex   -1.614402e+00 3.500000e+00 -2.623220e+01
    endloop
  endfacet
  facet normal -2.129092e-01 7.085602e-01 -6.727645e-01
    outer loop
      vertex   -1.614402e+00 3.500000e+00 -2.623220e+01
      vertex   -1.521076e+00 4.000000e+00 -2.573513e+01
      vertex   -1.192417e+00 4.000000e+00 -2.583914e+01
    endloop
  endfacet
  facet normal -2.041315e-01 7.056643e-01 -6.785044e-01
    outer loop
      vertex   -1.614402e+00 3.500000e+00 -2.623220e+01
      vertex   -1.192417e+00 4.000000e+00 -2.583914e+01
      vertex   -1.264667e+00 3.500000e+00 -2.633742e+01
    endloop
  endfacet
  facet normal -1.608538e-01 7.082588e-01 -6.873831e-01
    outer loop
      vertex   -1.264667e+00 3.500000e+00 -2.633742e+01
      vertex   -1.192417e+00 4.000000e+00 -2.583914e+01
      vertex   -8.567600e-01 4.000000e+00 -2.591769e+01
    endloop
  endfacet
  facet normal -1.539955e-01 7.059589e-01 -6.913085e-01
    outer loop
      vertex   -1.264667e+00 3.500000e+00 -2.633742e+01
      vertex   -8.567600e-01 4.000000e+00 -2.591769e+01
      vertex   -9.081843e-01 3.500000e+00 -2.641683e+01
    endloop
  endfacet
  facet normal -1.078162e-01 7.079123e-01 -6.980228e-01
    outer loop
      vertex   -9.081843e-01 3.500000e+00 -2.641683e+01
      vertex   -8.567600e-01 4.000000e+00 -2.591769e+01
      vertex   -5.160754e-01 4.000000e+00 -2.597031e+01
    endloop
  endfacet
  facet normal -1.030738e-01 7.062937e-01 -7.003749e-01
    outer loop
      vertex   -9.081843e-01 3.500000e+00 -2.641683e+01
      vertex   -5.160754e-01 4.000000e+00 -2.597031e+01
      vertex   -5.468560e-01 3.500000e+00 -2.647000e+01
    endloop
  endfacet
  facet normal -5.409681e-02 7.075204e-01 -7.046193e-01
    outer loop
      vertex   -5.468560e-01 3.500000e+00 -2.647000e+01
      vertex   -5.160754e-01 4.000000e+00 -2.597031e+01
      vertex   -1.723623e-01 4.000000e+00 -2.599670e+01
    endloop
  endfacet
  facet normal -5.164746e-02 7.066685e-01 -7.056573e-01
    outer loop
      vertex   -5.468560e-01 3.500000e+00 -2.647000e+01
      vertex   -1.723623e-01 4.000000e+00 -2.599670e+01
      vertex   -1.826101e-01 3.500000e+00 -2.649666e+01
    endloop
  endfacet
  facet normal 0.000000e+00 7.070830e-01 -7.071305e-01
    outer loop
      vertex   -1.826101e-01 3.500000e+00 -2.649666e+01
      vertex   -1.723623e-01 4.000000e+00 -2.599670e+01
      vertex   1.723623e-01 4.000000e+00 -2.599670e+01
    endloop
  endfacet
  facet normal 0.000000e+00 7.070830e-01 -7.071305e-01
    outer loop
      vertex   -1.826101e-01 3.500000e+00 -2.649666e+01
      vertex   1.723623e-01 4.000000e+00 -2.599670e+01
      vertex   1.826101e-01 3.500000e+00 -2.649666e+01
    endloop
  endfacet
  facet normal 5.164746e-02 7.066685e-01 -7.056573e-01
    outer loop
      vertex   1.826101e-01 3.500000e+00 -2.649666e+01
      vertex   1.723623e-01 4.000000e+00 -2.599670e+01
      vertex   5.468560e-01 3.500000e+00 -2.647000e+01
    endloop
  endfacet
  facet normal 5.409681e-02 7.075204e-01 -7.046193e-01
    outer loop
      vertex   5.468560e-01 3.500000e+00 -2.647000e+01
      vertex   1.723623e-01 4.000000e+00 -2.599670e+01
      vertex   5.160754e-01 4.000000e+00 -2.597031e+01
    endloop
  endfacet
  facet normal 1.030738e-01 7.062937e-01 -7.003749e-01
    outer loop
      vertex   5.468560e-01 3.500000e+00 -2.647000e+01
      vertex   5.160754e-01 4.000000e+00 -2.597031e+01
      vertex   9.081843e-01 3.500000e+00 -2.641683e+01
    endloop
  endfacet
  facet normal 1.078162e-01 7.079123e-01 -6.980228e-01
    outer loop
      vertex   9.081843e-01 3.500000e+00 -2.641683e+01
      vertex   5.160754e-01 4.000000e+00 -2.597031e+01
      vertex   8.567600e-01 4.000000e+00 -2.591769e+01
    endloop
  endfacet
  facet normal 1.539955e-01 7.059589e-01 -6.913085e-01
    outer loop
      vertex   9.081843e-01 3.500000e+00 -2.641683e+01
      vertex   8.567600e-01 4.000000e+00 -2.591769e+01
      vertex   1.264667e+00 3.500000e+00 -2.633742e+01
    endloop
  endfacet
  facet normal 1.608538e-01 7.082588e-01 -6.873831e-01
    outer loop
      vertex   1.264667e+00 3.500000e+00 -2.633742e+01
      vertex   8.567600e-01 4.000000e+00 -2.591769e+01
      vertex   1.192417e+00 4.000000e+00 -2.583914e+01
    endloop
  endfacet
  facet normal 2.041315e-01 7.056643e-01 -6.785044e-01
    outer loop
      vertex   1.264667e+00 3.500000e+00 -2.633742e+01
      vertex   1.192417e+00 4.000000e+00 -2.583914e+01
      vertex   1.614402e+00 3.500000e+00 -2.623220e+01
    endloop
  endfacet
  facet normal 2.129092e-01 7.085602e-01 -6.727645e-01
    outer loop
      vertex   1.614402e+00 3.500000e+00 -2.623220e+01
      vertex   1.192417e+00 4.000000e+00 -2.583914e+01
      vertex   1.521076e+00 4.000000e+00 -2.573513e+01
    endloop
  endfacet
  facet normal 2.532051e-01 7.054101e-01 -6.620301e-01
    outer loop
      vertex   1.614402e+00 3.500000e+00 -2.623220e+01
      vertex   1.521076e+00 4.000000e+00 -2.573513e+01
      vertex   1.955524e+00 3.500000e+00 -2.610173e+01
    endloop
  endfacet
  facet normal 2.636878e-01 7.088167e-01 -6.542535e-01
    outer loop
      vertex   1.955524e+00 3.500000e+00 -2.610173e+01
      vertex   1.521076e+00 4.000000e+00 -2.573513e+01
      vertex   1.840809e+00 4.000000e+00 -2.560627e+01
    endloop
  endfacet
  facet normal 3.009450e-01 7.051963e-01 -6.419738e-01
    outer loop
      vertex   1.955524e+00 3.500000e+00 -2.610173e+01
      vertex   1.840809e+00 4.000000e+00 -2.560627e+01
      vertex   2.286212e+00 3.500000e+00 -2.594671e+01
    endloop
  endfacet
  facet normal 3.129023e-01 7.090283e-01 -6.319580e-01
    outer loop
      vertex   2.286212e+00 3.500000e+00 -2.594671e+01
      vertex   1.840809e+00 4.000000e+00 -2.560627e+01
      vertex   2.149739e+00 4.000000e+00 -2.545331e+01
    endloop
  endfacet
  facet normal 3.470875e-01 7.050231e-01 -6.184438e-01
    outer loop
      vertex   2.286212e+00 3.500000e+00 -2.594671e+01
      vertex   2.149739e+00 4.000000e+00 -2.545331e+01
      vertex   2.604702e+00 3.500000e+00 -2.576797e+01
    endloop
  endfacet
  facet normal 3.602743e-01 7.091953e-01 -6.060069e-01
    outer loop
      vertex   2.604702e+00 3.500000e+00 -2.576797e+01
      vertex   2.149739e+00 4.000000e+00 -2.545331e+01
      vertex   2.446054e+00 4.000000e+00 -2.527714e+01
    endloop
  endfacet
  facet normal 3.913778e-01 7.048905e-01 -5.915681e-01
    outer loop
      vertex   2.604702e+00 3.500000e+00 -2.576797e+01
      vertex   2.446054e+00 4.000000e+00 -2.527714e+01
      vertex   2.909295e+00 3.500000e+00 -2.556645e+01
    endloop
  endfacet
  facet normal 4.055358e-01 7.093177e-01 -5.765494e-01
    outer loop
      vertex   2.909295e+00 3.500000e+00 -2.556645e+01
      vertex   2.446054e+00 4.000000e+00 -2.527714e+01
      vertex   2.728014e+00 4.000000e+00 -2.507882e+01
    endloop
  endfacet
  facet normal 4.335711e-01 7.047987e-01 -5.614934e-01
    outer loop
      vertex   2.909295e+00 3.500000e+00 -2.556645e+01
      vertex   2.728014e+00 4.000000e+00 -2.507882e+01
      vertex   3.198365e+00 3.500000e+00 -2.534324e+01
    endloop
  endfacet
  facet normal 4.484304e-01 7.093955e-01 -5.437538e-01
    outer loop
      vertex   3.198365e+00 3.500000e+00 -2.534324e+01
      vertex   2.728014e+00 4.000000e+00 -2.507882e+01
      vertex   2.993966e+00 4.000000e+00 -2.485949e+01
    endloop
  endfacet
  facet normal 4.734347e-01 7.047477e-01 -5.283846e-01
    outer loop
      vertex   3.198365e+00 3.500000e+00 -2.534324e+01
      vertex   2.993966e+00 4.000000e+00 -2.485949e+01
      vertex   3.470371e+00 3.500000e+00 -2.509952e+01
    endloop
  endfacet
  facet normal 4.887153e-01 7.094289e-01 -5.078071e-01
    outer loop
      vertex   3.470371e+00 3.500000e+00 -2.509952e+01
      vertex   2.993966e+00 4.000000e+00 -2.485949e+01
      vertex   3.242347e+00 4.000000e+00 -2.462045e+01
    endloop
  endfacet
  facet normal 5.107486e-01 7.047375e-01 -4.924236e-01
    outer loop
      vertex   3.470371e+00 3.500000e+00 -2.509952e+01
      vertex   3.242347e+00 4.000000e+00 -2.462045e+01
      vertex   3.723861e+00 3.500000e+00 -2.483659e+01
    endloop
  endfacet
  facet normal 5.261619e-01 7.094177e-01 -4.689137e-01
    outer loop
      vertex   3.723861e+00 3.500000e+00 -2.483659e+01
      vertex   3.242347e+00 4.000000e+00 -2.462045e+01
      vertex   3.471701e+00 4.000000e+00 -2.436309e+01
    endloop
  endfacet
  facet normal 5.453073e-01 7.047681e-01 -4.538082e-01
    outer loop
      vertex   3.723861e+00 3.500000e+00 -2.483659e+01
      vertex   3.471701e+00 4.000000e+00 -2.436309e+01
      vertex   3.957482e+00 3.500000e+00 -2.455587e+01
    endloop
  endfacet
  facet normal 5.605576e-01 7.093622e-01 -4.272945e-01
    outer loop
      vertex   3.957482e+00 3.500000e+00 -2.455587e+01
      vertex   3.471701e+00 4.000000e+00 -2.436309e+01
      vertex   3.680682e+00 4.000000e+00 -2.408893e+01
    endloop
  endfacet
  facet normal 5.769207e-01 7.048395e-01 -4.127514e-01
    outer loop
      vertex   3.957482e+00 3.500000e+00 -2.455587e+01
      vertex   3.680682e+00 4.000000e+00 -2.408893e+01
      vertex   4.169989e+00 3.500000e+00 -2.425884e+01
    endloop
  endfacet
  facet normal 5.917064e-01 7.092621e-01 -3.831852e-01
    outer loop
      vertex   4.169989e+00 3.500000e+00 -2.425884e+01
      vertex   3.680682e+00 4.000000e+00 -2.408893e+01
      vertex   3.868063e+00 4.000000e+00 -2.379958e+01
    endloop
  endfacet
  facet normal 6.054154e-01 7.049517e-01 -3.694797e-01
    outer loop
      vertex   4.169989e+00 3.500000e+00 -2.425884e+01
      vertex   3.868063e+00 4.000000e+00 -2.379958e+01
      vertex   4.360247e+00 3.500000e+00 -2.394709e+01
    endloop
  endfacet
  facet normal 6.194306e-01 7.091174e-01 -3.368357e-01
    outer loop
      vertex   4.360247e+00 3.500000e+00 -2.394709e+01
      vertex   3.868063e+00 4.000000e+00 -2.379958e+01
      vertex   4.032745e+00 4.000000e+00 -2.349674e+01
    endloop
  endfacet
  facet normal 6.306355e-01 7.051046e-01 -3.242321e-01
    outer loop
      vertex   4.360247e+00 3.500000e+00 -2.394709e+01
      vertex   4.032745e+00 4.000000e+00 -2.349674e+01
      vertex   4.527241e+00 3.500000e+00 -2.362228e+01
    endloop
  endfacet
  facet normal 6.435712e-01 7.089281e-01 -2.885082e-01
    outer loop
      vertex   4.527241e+00 3.500000e+00 -2.362228e+01
      vertex   4.032745e+00 4.000000e+00 -2.349674e+01
      vertex   4.173761e+00 4.000000e+00 -2.318218e+01
    endloop
  endfacet
  facet normal 6.524434e-01 7.052981e-01 -2.772584e-01
    outer loop
      vertex   4.527241e+00 3.500000e+00 -2.362228e+01
      vertex   4.173761e+00 4.000000e+00 -2.318218e+01
      vertex   4.670081e+00 3.500000e+00 -2.328615e+01
    endloop
  endfacet
  facet normal 6.639893e-01 7.086941e-01 -2.384763e-01
    outer loop
      vertex   4.670081e+00 3.500000e+00 -2.328615e+01
      vertex   4.173761e+00 4.000000e+00 -2.318218e+01
      vertex   4.290284e+00 4.000000e+00 -2.285774e+01
    endloop
  endfacet
  facet normal 6.707210e-01 7.055321e-01 -2.288182e-01
    outer loop
      vertex   4.670081e+00 3.500000e+00 -2.328615e+01
      vertex   4.290284e+00 4.000000e+00 -2.285774e+01
      vertex   4.788003e+00 3.500000e+00 -2.294050e+01
    endloop
  endfacet
  facet normal 6.805662e-01 7.084152e-01 -1.870229e-01
    outer loop
      vertex   4.788003e+00 3.500000e+00 -2.294050e+01
      vertex   4.290284e+00 4.000000e+00 -2.285774e+01
      vertex   4.381629e+00 4.000000e+00 -2.252534e+01
    endloop
  endfacet
  facet normal 6.853699e-01 7.058066e-01 -1.791792e-01
    outer loop
      vertex   4.788003e+00 3.500000e+00 -2.294050e+01
      vertex   4.381629e+00 4.000000e+00 -2.252534e+01
      vertex   4.880379e+00 3.500000e+00 -2.258715e+01
    endloop
  endfacet
  facet normal 6.932048e-01 7.080912e-01 -1.344392e-01
    outer loop
      vertex   4.880379e+00 3.500000e+00 -2.258715e+01
      vertex   4.381629e+00 4.000000e+00 -2.252534e+01
      vertex   4.447262e+00 4.000000e+00 -2.218692e+01
    endloop
  endfacet
  facet normal 6.963123e-01 7.061213e-01 -1.286154e-01
    outer loop
      vertex   4.880379e+00 3.500000e+00 -2.258715e+01
      vertex   4.447262e+00 4.000000e+00 -2.218692e+01
      vertex   4.946717e+00 3.500000e+00 -2.222801e+01
    endloop
  endfacet
  facet normal 7.018296e-01 7.077220e-01 -8.102281e-02
    outer loop
      vertex   4.946717e+00 3.500000e+00 -2.222801e+01
      vertex   4.447262e+00 4.000000e+00 -2.218692e+01
      vertex   4.486796e+00 4.000000e+00 -2.184447e+01
    endloop
  endfacet
  facet normal 7.034912e-01 7.064761e-01 -7.740604e-02
    outer loop
      vertex   4.946717e+00 3.500000e+00 -2.222801e+01
      vertex   4.486796e+00 4.000000e+00 -2.184447e+01
      vertex   4.986661e+00 3.500000e+00 -2.186498e+01
    endloop
  endfacet
  facet normal 7.063873e-01 7.073074e-01 -2.707643e-02
    outer loop
      vertex   4.986661e+00 3.500000e+00 -2.186498e+01
      vertex   4.486796e+00 4.000000e+00 -2.184447e+01
      vertex   4.500000e+00 4.000000e+00 -2.150000e+01
    endloop
  endfacet
  facet normal 7.068708e-01 7.068708e-01 -2.583359e-02
    outer loop
      vertex   4.986661e+00 3.500000e+00 -2.186498e+01
      vertex   4.500000e+00 4.000000e+00 -2.150000e+01
      vertex   5.000000e+00 3.500000e+00 -2.150000e+01
    endloop
  endfacet
  facet normal 5.413891e-02 0.000000e+00 9.985334e-01
    outer loop
      vertex   -2.459708e-01 4.000000e+00 -2.376166e+01
      vertex   -2.459708e-01 0.000000e+00 -2.376166e+01
      vertex   -2.786071e-16 4.000000e+00 -2.377500e+01
    endloop
  endfacet
  facet normal 5.413891e-02 0.000000e+00 9.985334e-01
    outer loop
      vertex   -2.786071e-16 4.000000e+00 -2.377500e+01
      vertex   -2.459708e-01 0.000000e+00 -2.376166e+01
      vertex   -2.786071e-16 0.000000e+00 -2.377500e+01
    endloop
  endfacet
  facet normal -5.413891e-02 0.000000e+00 9.985334e-01
    outer loop
      vertex   -2.786071e-16 4.000000e+00 -2.377500e+01
      vertex   -2.786071e-16 0.000000e+00 -2.377500e+01
      vertex   2.459708e-01 4.000000e+00 -2.376166e+01
    endloop
  endfacet
  facet normal -5.413891e-02 0.000000e+00 9.985334e-01
    outer loop
      vertex   2.459708e-01 4.000000e+00 -2.376166e+01
      vertex   -2.786071e-16 0.000000e+00 -2.377500e+01
      vertex   2.459708e-01 0.000000e+00 -2.376166e+01
    endloop
  endfacet
  facet normal -1.617820e-01 0.000000e+00 9.868265e-01
    outer loop
      vertex   2.459708e-01 4.000000e+00 -2.376166e+01
      vertex   2.459708e-01 0.000000e+00 -2.376166e+01
      vertex   4.890578e-01 4.000000e+00 -2.372181e+01
    endloop
  endfacet
  facet normal -1.617820e-01 0.000000e+00 9.868265e-01
    outer loop
      vertex   4.890578e-01 4.000000e+00 -2.372181e+01
      vertex   2.459708e-01 0.000000e+00 -2.376166e+01
      vertex   4.890578e-01 0.000000e+00 -2.372181e+01
    endloop
  endfacet
  facet normal -2.675283e-01 0.000000e+00 9.635500e-01
    outer loop
      vertex   4.890578e-01 4.000000e+00 -2.372181e+01
      vertex   4.890578e-01 0.000000e+00 -2.372181e+01
      vertex   7.264110e-01 4.000000e+00 -2.365591e+01
    endloop
  endfacet
  facet normal -2.675283e-01 0.000000e+00 9.635500e-01
    outer loop
      vertex   7.264110e-01 4.000000e+00 -2.365591e+01
      vertex   4.890578e-01 0.000000e+00 -2.372181e+01
      vertex   7.264110e-01 0.000000e+00 -2.365591e+01
    endloop
  endfacet
  facet normal -3.701382e-01 0.000000e+00 9.289767e-01
    outer loop
      vertex   7.264110e-01 4.000000e+00 -2.365591e+01
      vertex   7.264110e-01 0.000000e+00 -2.365591e+01
      vertex   9.552477e-01 4.000000e+00 -2.356473e+01
    endloop
  endfacet
  facet normal -3.701382e-01 0.000000e+00 9.289767e-01
    outer loop
      vertex   9.552477e-01 4.000000e+00 -2.356473e+01
      vertex   7.264110e-01 0.000000e+00 -2.365591e+01
      vertex   9.552477e-01 0.000000e+00 -2.356473e+01
    endloop
  endfacet
  facet normal -4.684084e-01 0.000000e+00 8.835120e-01
    outer loop
      vertex   9.552477e-01 4.000000e+00 -2.356473e+01
      vertex   9.552477e-01 0.000000e+00 -2.356473e+01
      vertex   1.172885e+00 4.000000e+00 -2.344935e+01
    endloop
  endfacet
  facet normal -4.684084e-01 0.000000e+00 8.835120e-01
    outer loop
      vertex   1.172885e+00 4.000000e+00 -2.344935e+01
      vertex   9.552477e-01 0.000000e+00 -2.356473e+01
      vertex   1.172885e+00 0.000000e+00 -2.344935e+01
    endloop
  endfacet
  facet normal -5.611871e-01 0.000000e+00 8.276890e-01
    outer loop
      vertex   1.172885e+00 4.000000e+00 -2.344935e+01
      vertex   1.172885e+00 0.000000e+00 -2.344935e+01
      vertex   1.376771e+00 4.000000e+00 -2.331111e+01
    endloop
  endfacet
  facet normal -5.611871e-01 0.000000e+00 8.276890e-01
    outer loop
      vertex   1.376771e+00 4.000000e+00 -2.331111e+01
      vertex   1.172885e+00 0.000000e+00 -2.344935e+01
      vertex   1.376771e+00 0.000000e+00 -2.331111e+01
    endloop
  endfacet
  facet normal -6.473863e-01 0.000000e+00 7.621621e-01
    outer loop
      vertex   1.376771e+00 4.000000e+00 -2.331111e+01
      vertex   1.376771e+00 0.000000e+00 -2.331111e+01
      vertex   1.564516e+00 4.000000e+00 -2.315164e+01
    endloop
  endfacet
  facet normal -6.473863e-01 0.000000e+00 7.621621e-01
    outer loop
      vertex   1.564516e+00 4.000000e+00 -2.315164e+01
      vertex   1.376771e+00 0.000000e+00 -2.331111e+01
      vertex   1.564516e+00 0.000000e+00 -2.315164e+01
    endloop
  endfacet
  facet normal -7.259955e-01 0.000000e+00 6.876995e-01
    outer loop
      vertex   1.564516e+00 4.000000e+00 -2.315164e+01
      vertex   1.564516e+00 0.000000e+00 -2.315164e+01
      vertex   1.733919e+00 4.000000e+00 -2.297280e+01
    endloop
  endfacet
  facet normal -7.259955e-01 0.000000e+00 6.876995e-01
    outer loop
      vertex   1.733919e+00 4.000000e+00 -2.297280e+01
      vertex   1.564516e+00 0.000000e+00 -2.315164e+01
      vertex   1.733919e+00 0.000000e+00 -2.297280e+01
    endloop
  endfacet
  facet normal -7.960931e-01 0.000000e+00 6.051742e-01
    outer loop
      vertex   1.733919e+00 4.000000e+00 -2.297280e+01
      vertex   1.733919e+00 0.000000e+00 -2.297280e+01
      vertex   1.882992e+00 4.000000e+00 -2.277670e+01
    endloop
  endfacet
  facet normal -7.960931e-01 0.000000e+00 6.051742e-01
    outer loop
      vertex   1.882992e+00 4.000000e+00 -2.277670e+01
      vertex   1.733919e+00 0.000000e+00 -2.297280e+01
      vertex   1.882992e+00 0.000000e+00 -2.277670e+01
    endloop
  endfacet
  facet normal -8.568572e-01 0.000000e+00 5.155539e-01
    outer loop
      vertex   1.882992e+00 4.000000e+00 -2.277670e+01
      vertex   1.882992e+00 0.000000e+00 -2.277670e+01
      vertex   2.009990e+00 4.000000e+00 -2.256563e+01
    endloop
  endfacet
  facet normal -8.568572e-01 0.000000e+00 5.155539e-01
    outer loop
      vertex   2.009990e+00 4.000000e+00 -2.256563e+01
      vertex   1.882992e+00 0.000000e+00 -2.277670e+01
      vertex   2.009990e+00 0.000000e+00 -2.256563e+01
    endloop
  endfacet
  facet normal -9.075754e-01 0.000000e+00 4.198891e-01
    outer loop
      vertex   2.009990e+00 4.000000e+00 -2.256563e+01
      vertex   2.009990e+00 0.000000e+00 -2.256563e+01
      vertex   2.113422e+00 4.000000e+00 -2.234206e+01
    endloop
  endfacet
  facet normal -9.075754e-01 0.000000e+00 4.198891e-01
    outer loop
      vertex   2.113422e+00 4.000000e+00 -2.234206e+01
      vertex   2.009990e+00 0.000000e+00 -2.256563e+01
      vertex   2.113422e+00 0.000000e+00 -2.234206e+01
    endloop
  endfacet
  facet normal -9.476532e-01 0.000000e+00 3.193015e-01
    outer loop
      vertex   2.113422e+00 4.000000e+00 -2.234206e+01
      vertex   2.113422e+00 0.000000e+00 -2.234206e+01
      vertex   2.192076e+00 4.000000e+00 -2.210863e+01
    endloop
  endfacet
  facet normal -9.476532e-01 0.000000e+00 3.193015e-01
    outer loop
      vertex   2.192076e+00 4.000000e+00 -2.210863e+01
      vertex   2.113422e+00 0.000000e+00 -2.234206e+01
      vertex   2.192076e+00 0.000000e+00 -2.210863e+01
    endloop
  endfacet
  facet normal -9.766206e-01 0.000000e+00 2.149704e-01
    outer loop
      vertex   2.192076e+00 4.000000e+00 -2.210863e+01
      vertex   2.192076e+00 0.000000e+00 -2.210863e+01
      vertex   2.245030e+00 4.000000e+00 -2.186805e+01
    endloop
  endfacet
  facet normal -9.766206e-01 0.000000e+00 2.149704e-01
    outer loop
      vertex   2.245030e+00 4.000000e+00 -2.186805e+01
      vertex   2.192076e+00 0.000000e+00 -2.210863e+01
      vertex   2.245030e+00 0.000000e+00 -2.186805e+01
    endloop
  endfacet
  facet normal -9.941380e-01 0.000000e+00 1.081190e-01
    outer loop
      vertex   2.245030e+00 4.000000e+00 -2.186805e+01
      vertex   2.245030e+00 0.000000e+00 -2.186805e+01
      vertex   2.271664e+00 4.000000e+00 -2.162317e+01
    endloop
  endfacet
  facet normal -9.941380e-01 0.000000e+00 1.081190e-01
    outer loop
      vertex   2.271664e+00 4.000000e+00 -2.162317e+01
      vertex   2.245030e+00 0.000000e+00 -2.186805e+01
      vertex   2.271664e+00 0.000000e+00 -2.162317e+01
    endloop
  endfacet
  facet normal -1.000000e+00 0.000000e+00 0.000000e+00
    outer loop
      vertex   2.271664e+00 4.000000e+00 -2.162317e+01
      vertex   2.271664e+00 0.000000e+00 -2.162317e+01
      vertex   2.271664e+00 4.000000e+00 -2.137683e+01
    endloop
  endfacet
  facet normal -1.000000e+00 -0.000000e+00 0.000000e+00
    outer loop
      vertex   2.271664e+00 4.000000e+00 -2.137683e+01
      vertex   2.271664e+00 0.000000e+00 -2.162317e+01
      vertex   2.271664e+00 0.000000e+00 -2.137683e+01
    endloop
  endfacet
  facet normal -9.941380e-01 -0.000000e+00 -1.081190e-01
    outer loop
      vertex   2.271664e+00 4.000000e+00 -2.137683e+01
      vertex   2.271664e+00 0.000000e+00 -2.137683e+01
      vertex   2.245030e+00 4.000000e+00 -2.113195e+01
    endloop
  endfacet
  facet normal -9.941380e-01 -0.000000e+00 -1.081190e-01
    outer loop
      vertex   2.245030e+00 4.000000e+00 -2.113195e+01
      vertex   2.271664e+00 0.000000e+00 -2.137683e+01
      vertex   2.245030e+00 0.000000e+00 -2.113195e+01
    endloop
  endfacet
  facet normal -9.766206e-01 -0.000000e+00 -2.149704e-01
    outer loop
      vertex   2.245030e+00 4.000000e+00 -2.113195e+01
      vertex   2.245030e+00 0.000000e+00 -2.113195e+01
      vertex   2.192076e+00 4.000000e+00 -2.089137e+01
    endloop
  endfacet
  facet normal -9.766206e-01 -0.000000e+00 -2.149704e-01
    outer loop
      vertex   2.192076e+00 4.000000e+00 -2.089137e+01
      vertex   2.245030e+00 0.000000e+00 -2.113195e+01
      vertex   2.192076e+00 0.000000e+00 -2.089137e+01
    endloop
  endfacet
  facet normal -9.476532e-01 -0.000000e+00 -3.193015e-01
    outer loop
      vertex   2.192076e+00 4.000000e+00 -2.089137e+01
      vertex   2.192076e+00 0.000000e+00 -2.089137e+01
      vertex   2.113422e+00 4.000000e+00 -2.065794e+01
    endloop
  endfacet
  facet normal -9.476532e-01 -0.000000e+00 -3.193015e-01
    outer loop
      vertex   2.113422e+00 4.000000e+00 -2.065794e+01
      vertex   2.192076e+00 0.000000e+00 -2.089137e+01
      vertex   2.113422e+00 0.000000e+00 -2.065794e+01
    endloop
  endfacet
  facet normal -9.075754e-01 -0.000000e+00 -4.198891e-01
    outer loop
      vertex   2.113422e+00 4.000000e+00 -2.065794e+01
      vertex   2.113422e+00 0.000000e+00 -2.065794e+01
      vertex   2.009990e+00 4.000000e+00 -2.043437e+01
    endloop
  endfacet
  facet normal -9.075754e-01 -0.000000e+00 -4.198891e-01
    outer loop
      vertex   2.009990e+00 4.000000e+00 -2.043437e+01
      vertex   2.113422e+00 0.000000e+00 -2.065794e+01
      vertex   2.009990e+00 0.000000e+00 -2.043437e+01
    endloop
  endfacet
  facet normal -8.568572e-01 -0.000000e+00 -5.155539e-01
    outer loop
      vertex   2.009990e+00 4.000000e+00 -2.043437e+01
      vertex   2.009990e+00 0.000000e+00 -2.043437e+01
      vertex   1.882992e+00 4.000000e+00 -2.022330e+01
    endloop
  endfacet
  facet normal -8.568572e-01 -0.000000e+00 -5.155539e-01
    outer loop
      vertex   1.882992e+00 4.000000e+00 -2.022330e+01
      vertex   2.009990e+00 0.000000e+00 -2.043437e+01
      vertex   1.882992e+00 0.000000e+00 -2.022330e+01
    endloop
  endfacet
  facet normal -7.960931e-01 -0.000000e+00 -6.051742e-01
    outer loop
      vertex   1.882992e+00 4.000000e+00 -2.022330e+01
      vertex   1.882992e+00 0.000000e+00 -2.022330e+01
      vertex   1.733919e+00 4.000000e+00 -2.002720e+01
    endloop
  endfacet
  facet normal -7.960931e-01 -0.000000e+00 -6.051742e-01
    outer loop
      vertex   1.733919e+00 4.000000e+00 -2.002720e+01
      vertex   1.882992e+00 0.000000e+00 -2.022330e+01
      vertex   1.733919e+00 0.000000e+00 -2.002720e+01
    endloop
  endfacet
  facet normal -7.259955e-01 -0.000000e+00 -6.876995e-01
    outer loop
      vertex   1.733919e+00 4.000000e+00 -2.002720e+01
      vertex   1.733919e+00 0.000000e+00 -2.002720e+01
      vertex   1.564516e+00 4.000000e+00 -1.984836e+01
    endloop
  endfacet
  facet normal -7.259955e-01 -0.000000e+00 -6.876995e-01
    outer loop
      vertex   1.564516e+00 4.000000e+00 -1.984836e+01
      vertex   1.733919e+00 0.000000e+00 -2.002720e+01
      vertex   1.564516e+00 0.000000e+00 -1.984836e+01
    endloop
  endfacet
  facet normal -6.473863e-01 -0.000000e+00 -7.621621e-01
    outer loop
      vertex   1.564516e+00 4.000000e+00 -1.984836e+01
      vertex   1.564516e+00 0.000000e+00 -1.984836e+01
      vertex   1.376771e+00 4.000000e+00 -1.968889e+01
    endloop
  endfacet
  facet normal -6.473863e-01 -0.000000e+00 -7.621621e-01
    outer loop
      vertex   1.376771e+00 4.000000e+00 -1.968889e+01
      vertex   1.564516e+00 0.000000e+00 -1.984836e+01
      vertex   1.376771e+00 0.000000e+00 -1.968889e+01
    endloop
  endfacet
  facet normal -5.611871e-01 -0.000000e+00 -8.276890e-01
    outer loop
      vertex   1.376771e+00 4.000000e+00 -1.968889e+01
      vertex   1.376771e+00 0.000000e+00 -1.968889e+01
      vertex   1.172885e+00 4.000000e+00 -1.955065e+01
    endloop
  endfacet
  facet normal -5.611871e-01 -0.000000e+00 -8.276890e-01
    outer loop
      vertex   1.172885e+00 4.000000e+00 -1.955065e+01
      vertex   1.376771e+00 0.000000e+00 -1.968889e+01
      vertex   1.172885e+00 0.000000e+00 -1.955065e+01
    endloop
  endfacet
  facet normal -4.684084e-01 -0.000000e+00 -8.835120e-01
    outer loop
      vertex   1.172885e+00 4.000000e+00 -1.955065e+01
      vertex   1.172885e+00 0.000000e+00 -1.955065e+01
      vertex   9.552477e-01 4.000000e+00 -1.943527e+01
    endloop
  endfacet
  facet normal -4.684084e-01 -0.000000e+00 -8.835120e-01
    outer loop
      vertex   9.552477e-01 4.000000e+00 -1.943527e+01
      vertex   1.172885e+00 0.000000e+00 -1.955065e+01
      vertex   9.552477e-01 0.000000e+00 -1.943527e+01
    endloop
  endfacet
  facet normal -3.701382e-01 -0.000000e+00 -9.289767e-01
    outer loop
      vertex   9.552477e-01 4.000000e+00 -1.943527e+01
      vertex   9.552477e-01 0.000000e+00 -1.943527e+01
      vertex   7.264110e-01 4.000000e+00 -1.934409e+01
    endloop
  endfacet
  facet normal -3.701382e-01 -0.000000e+00 -9.289767e-01
    outer loop
      vertex   7.264110e-01 4.000000e+00 -1.934409e+01
      vertex   9.552477e-01 0.000000e+00 -1.943527e+01
      vertex   7.264110e-01 0.000000e+00 -1.934409e+01
    endloop
  endfacet
  facet normal -2.675283e-01 -0.000000e+00 -9.635500e-01
    outer loop
      vertex   7.264110e-01 4.000000e+00 -1.934409e+01
      vertex   7.264110e-01 0.000000e+00 -1.934409e+01
      vertex   4.890578e-01 4.000000e+00 -1.927819e+01
    endloop
  endfacet
  facet normal -2.675283e-01 -0.000000e+00 -9.635500e-01
    outer loop
      vertex   4.890578e-01 4.000000e+00 -1.927819e+01
      vertex   7.264110e-01 0.000000e+00 -1.934409e+01
      vertex   4.890578e-01 0.000000e+00 -1.927819e+01
    endloop
  endfacet
  facet normal -1.617820e-01 -0.000000e+00 -9.868265e-01
    outer loop
      vertex   4.890578e-01 4.000000e+00 -1.927819e+01
      vertex   4.890578e-01 0.000000e+00 -1.927819e+01
      vertex   2.459708e-01 4.000000e+00 -1.923834e+01
    endloop
  endfacet
  facet normal -1.617820e-01 -0.000000e+00 -9.868265e-01
    outer loop
      vertex   2.459708e-01 4.000000e+00 -1.923834e+01
      vertex   4.890578e-01 0.000000e+00 -1.927819e+01
      vertex   2.459708e-01 0.000000e+00 -1.923834e+01
    endloop
  endfacet
  facet normal -5.413891e-02 -0.000000e+00 -9.985334e-01
    outer loop
      vertex   2.459708e-01 4.000000e+00 -1.923834e+01
      vertex   2.459708e-01 0.000000e+00 -1.923834e+01
      vertex   0.000000e+00 4.000000e+00 -1.922500e+01
    endloop
  endfacet
  facet normal -5.413891e-02 -0.000000e+00 -9.985334e-01
    outer loop
      vertex   0.000000e+00 4.000000e+00 -1.922500e+01
      vertex   2.459708e-01 0.000000e+00 -1.923834e+01
      vertex   0.000000e+00 0.000000e+00 -1.922500e+01
    endloop
  endfacet
  facet normal 5.413891e-02 0.000000e+00 -9.985334e-01
    outer loop
      vertex   0.000000e+00 4.000000e+00 -1.922500e+01
      vertex   0.000000e+00 0.000000e+00 -1.922500e+01
      vertex   -2.459708e-01 4.000000e+00 -1.923834e+01
    endloop
  endfacet
  facet normal 5.413891e-02 0.000000e+00 -9.985334e-01
    outer loop
      vertex   -2.459708e-01 4.000000e+00 -1.923834e+01
      vertex   0.000000e+00 0.000000e+00 -1.922500e+01
      vertex   -2.459708e-01 0.000000e+00 -1.923834e+01
    endloop
  endfacet
  facet normal 1.617820e-01 0.000000e+00 -9.868265e-01
    outer loop
      vertex   -2.459708e-01 4.000000e+00 -1.923834e+01
      vertex   -2.459708e-01 0.000000e+00 -1.923834e+01
      vertex   -4.890578e-01 4.000000e+00 -1.927819e+01
    endloop
  endfacet
  facet normal 1.617820e-01 0.000000e+00 -9.868265e-01
    outer loop
      vertex   -4.890578e-01 4.000000e+00 -1.927819e+01
      vertex   -2.459708e-01 0.000000e+00 -1.923834e+01
      vertex   -4.890578e-01 0.000000e+00 -1.927819e+01
    endloop
  endfacet
  facet normal 2.675283e-01 0.000000e+00 -9.635500e-01
    outer loop
      vertex   -4.890578e-01 4.000000e+00 -1.927819e+01
      vertex   -4.890578e-01 0.000000e+00 -1.927819e+01
      vertex   -7.264110e-01 4.000000e+00 -1.934409e+01
    endloop
  endfacet
  facet normal 2.675283e-01 0.000000e+00 -9.635500e-01
    outer loop
      vertex   -7.264110e-01 4.000000e+00 -1.934409e+01
      vertex   -4.890578e-01 0.000000e+00 -1.927819e+01
      vertex   -7.264110e-01 0.000000e+00 -1.934409e+01
    endloop
  endfacet
  facet normal 3.701382e-01 0.000000e+00 -9.289767e-01
    outer loop
      vertex   -7.264110e-01 4.000000e+00 -1.934409e+01
      vertex   -7.264110e-01 0.000000e+00 -1.934409e+01
      vertex   -9.552477e-01 4.000000e+00 -1.943527e+01
    endloop
  endfacet
  facet normal 3.701382e-01 0.000000e+00 -9.289767e-01
    outer loop
      vertex   -9.552477e-01 4.000000e+00 -1.943527e+01
      vertex   -7.264110e-01 0.000000e+00 -1.934409e+01
      vertex   -9.552477e-01 0.000000e+00 -1.943527e+01
    endloop
  endfacet
  facet normal 4.684084e-01 0.000000e+00 -8.835120e-01
    outer loop
      vertex   -9.552477e-01 4.000000e+00 -1.943527e+01
      vertex   -9.552477e-01 0.000000e+00 -1.943527e+01
      vertex   -1.172885e+00 4.000000e+00 -1.955065e+01
    endloop
  endfacet
  facet normal 4.684084e-01 0.000000e+00 -8.835120e-01
    outer loop
      vertex   -1.172885e+00 4.000000e+00 -1.955065e+01
      vertex   -9.552477e-01 0.000000e+00 -1.943527e+01
      vertex   -1.172885e+00 0.000000e+00 -1.955065e+01
    endloop
  endfacet
  facet normal 5.611871e-01 0.000000e+00 -8.276890e-01
    outer loop
      vertex   -1.172885e+00 4.000000e+00 -1.955065e+01
      vertex   -1.172885e+00 0.000000e+00 -1.955065e+01
      vertex   -1.376771e+00 4.000000e+00 -1.968889e+01
    endloop
  endfacet
  facet normal 5.611871e-01 0.000000e+00 -8.276890e-01
    outer loop
      vertex   -1.376771e+00 4.000000e+00 -1.968889e+01
      vertex   -1.172885e+00 0.000000e+00 -1.955065e+01
      vertex   -1.376771e+00 0.000000e+00 -1.968889e+01
    endloop
  endfacet
  facet normal 6.473863e-01 0.000000e+00 -7.621621e-01
    outer loop
      vertex   -1.376771e+00 4.000000e+00 -1.968889e+01
      vertex   -1.376771e+00 0.000000e+00 -1.968889e+01
      vertex   -1.564516e+00 4.000000e+00 -1.984836e+01
    endloop
  endfacet
  facet normal 6.473863e-01 0.000000e+00 -7.621621e-01
    outer loop
      vertex   -1.564516e+00 4.000000e+00 -1.984836e+01
      vertex   -1.376771e+00 0.000000e+00 -1.968889e+01
      vertex   -1.564516e+00 0.000000e+00 -1.984836e+01
    endloop
  endfacet
  facet normal 7.259955e-01 0.000000e+00 -6.876995e-01
    outer loop
      vertex   -1.564516e+00 4.000000e+00 -1.984836e+01
      vertex   -1.564516e+00 0.000000e+00 -1.984836e+01
      vertex   -1.733919e+00 4.000000e+00 -2.002720e+01
    endloop
  endfacet
  facet normal 7.259955e-01 0.000000e+00 -6.876995e-01
    outer loop
      vertex   -1.733919e+00 4.000000e+00 -2.002720e+01
      vertex   -1.564516e+00 0.000000e+00 -1.984836e+01
      vertex   -1.733919e+00 0.000000e+00 -2.002720e+01
    endloop
  endfacet
  facet normal 7.960931e-01 0.000000e+00 -6.051742e-01
    outer loop
      vertex   -1.733919e+00 4.000000e+00 -2.002720e+01
      vertex   -1.733919e+00 0.000000e+00 -2.002720e+01
      vertex   -1.882992e+00 4.000000e+00 -2.022330e+01
    endloop
  endfacet
  facet normal 7.960931e-01 0.000000e+00 -6.051742e-01
    outer loop
      vertex   -1.882992e+00 4.000000e+00 -2.022330e+01
      vertex   -1.733919e+00 0.000000e+00 -2.002720e+01
      vertex   -1.882992e+00 0.000000e+00 -2.022330e+01
    endloop
  endfacet
  facet normal 8.568572e-01 0.000000e+00 -5.155539e-01
    outer loop
      vertex   -1.882992e+00 4.000000e+00 -2.022330e+01
      vertex   -1.882992e+00 0.000000e+00 -2.022330e+01
      vertex   -2.009990e+00 4.000000e+00 -2.043437e+01
    endloop
  endfacet
  facet normal 8.568572e-01 0.000000e+00 -5.155539e-01
    outer loop
      vertex   -2.009990e+00 4.000000e+00 -2.043437e+01
      vertex   -1.882992e+00 0.000000e+00 -2.022330e+01
      vertex   -2.009990e+00 0.000000e+00 -2.043437e+01
    endloop
  endfacet
  facet normal 9.075754e-01 0.000000e+00 -4.198891e-01
    outer loop
      vertex   -2.009990e+00 4.000000e+00 -2.043437e+01
      vertex   -2.009990e+00 0.000000e+00 -2.043437e+01
      vertex   -2.113422e+00 4.000000e+00 -2.065794e+01
    endloop
  endfacet
  facet normal 9.075754e-01 0.000000e+00 -4.198891e-01
    outer loop
      vertex   -2.113422e+00 4.000000e+00 -2.065794e+01
      vertex   -2.009990e+00 0.000000e+00 -2.043437e+01
      vertex   -2.113422e+00 0.000000e+00 -2.065794e+01
    endloop
  endfacet
  facet normal 9.476532e-01 0.000000e+00 -3.193015e-01
    outer loop
      vertex   -2.113422e+00 4.000000e+00 -2.065794e+01
      vertex   -2.113422e+00 0.000000e+00 -2.065794e+01
      vertex   -2.192076e+00 4.000000e+00 -2.089137e+01
    endloop
  endfacet
  facet normal 9.476532e-01 0.000000e+00 -3.193015e-01
    outer loop
      vertex   -2.192076e+00 4.000000e+00 -2.089137e+01
      vertex   -2.113422e+00 0.000000e+00 -2.065794e+01
      vertex   -2.192076e+00 0.000000e+00 -2.089137e+01
    endloop
  endfacet
  facet normal 9.766206e-01 0.000000e+00 -2.149704e-01
    outer loop
      vertex   -2.192076e+00 4.000000e+00 -2.089137e+01
      vertex   -2.192076e+00 0.000000e+00 -2.089137e+01
      vertex   -2.245030e+00 4.000000e+00 -2.113195e+01
    endloop
  endfacet
  facet normal 9.766206e-01 0.000000e+00 -2.149704e-01
    outer loop
      vertex   -2.245030e+00 4.000000e+00 -2.113195e+01
      vertex   -2.192076e+00 0.000000e+00 -2.089137e+01
      vertex   -2.245030e+00 0.000000e+00 -2.113195e+01
    endloop
  endfacet
  facet normal 9.941380e-01 0.000000e+00 -1.081190e-01
    outer loop
      vertex   -2.245030e+00 4.000000e+00 -2.113195e+01
      vertex   -2.245030e+00 0.000000e+00 -2.113195e+01
      vertex   -2.271664e+00 4.000000e+00 -2.137683e+01
    endloop
  endfacet
  facet normal 9.941380e-01 0.000000e+00 -1.081190e-01
    outer loop
      vertex   -2.271664e+00 4.000000e+00 -2.137683e+01
      vertex   -2.245030e+00 0.000000e+00 -2.113195e+01
      vertex   -2.271664e+00 0.000000e+00 -2.137683e+01
    endloop
  endfacet
  facet normal 1.000000e+00 0.000000e+00 0.000000e+00
    outer loop
      vertex   -2.271664e+00 4.000000e+00 -2.137683e+01
      vertex   -2.271664e+00 0.000000e+00 -2.137683e+01
      vertex   -2.271664e+00 4.000000e+00 -2.162317e+01
    endloop
  endfacet
  facet normal 1.000000e+00 0.000000e+00 0.000000e+00
    outer loop
      vertex   -2.271664e+00 4.000000e+00 -2.162317e+01
      vertex   -2.271664e+00 0.000000e+00 -2.137683e+01
      vertex   -2.271664e+00 0.000000e+00 -2.162317e+01
    endloop
  endfacet
  facet normal 9.941380e-01 0.000000e+00 1.081190e-01
    outer loop
      vertex   -2.271664e+00 4.000000e+00 -2.162317e+01
      vertex   -2.271664e+00 0.000000e+00 -2.162317e+01
      vertex   -2.245030e+00 4.000000e+00 -2.186805e+01
    endloop
  endfacet
  facet normal 9.941380e-01 0.000000e+00 1.081190e-01
    outer loop
      vertex   -2.245030e+00 4.000000e+00 -2.186805e+01
      vertex   -2.271664e+00 0.000000e+00 -2.162317e+01
      vertex   -2.245030e+00 0.000000e+00 -2.186805e+01
    endloop
  endfacet
  facet normal 9.766206e-01 0.000000e+00 2.149704e-01
    outer loop
      vertex   -2.245030e+00 4.000000e+00 -2.186805e+01
      vertex   -2.245030e+00 0.000000e+00 -2.186805e+01
      vertex   -2.192076e+00 4.000000e+00 -2.210863e+01
    endloop
  endfacet
  facet normal 9.766206e-01 0.000000e+00 2.149704e-01
    outer loop
      vertex   -2.192076e+00 4.000000e+00 -2.210863e+01
      vertex   -2.245030e+00 0.000000e+00 -2.186805e+01
      vertex   -2.192076e+00 0.000000e+00 -2.210863e+01
    endloop
  endfacet
  facet normal 9.476532e-01 0.000000e+00 3.193015e-01
    outer loop
      vertex   -2.192076e+00 4.000000e+00 -2.210863e+01
      vertex   -2.192076e+00 0.000000e+00 -2.210863e+01
      vertex   -2.113422e+00 4.000000e+00 -2.234206e+01
    endloop
  endfacet
  facet normal 9.476532e-01 0.000000e+00 3.193015e-01
    outer loop
      vertex   -2.113422e+00 4.000000e+00 -2.234206e+01
      vertex   -2.192076e+00 0.000000e+00 -2.210863e+01
      vertex   -2.113422e+00 0.000000e+00 -2.234206e+01
    endloop
  endfacet
  facet normal 9.075754e-01 0.000000e+00 4.198891e-01
    outer loop
      vertex   -2.113422e+00 4.000000e+00 -2.234206e+01
      vertex   -2.113422e+00 0.000000e+00 -2.234206e+01
      vertex   -2.009990e+00 4.000000e+00 -2.256563e+01
    endloop
  endfacet
  facet normal 9.075754e-01 0.000000e+00 4.198891e-01
    outer loop
      vertex   -2.009990e+00 4.000000e+00 -2.256563e+01
      vertex   -2.113422e+00 0.000000e+00 -2.234206e+01
      vertex   -2.009990e+00 0.000000e+00 -2.256563e+01
    endloop
  endfacet
  facet normal 8.568572e-01 0.000000e+00 5.155539e-01
    outer loop
      vertex   -2.009990e+00 4.000000e+00 -2.256563e+01
      vertex   -2.009990e+00 0.000000e+00 -2.256563e+01
      vertex   -1.882992e+00 4.000000e+00 -2.277670e+01
    endloop
  endfacet
  facet normal 8.568572e-01 0.000000e+00 5.155539e-01
    outer loop
      vertex   -1.882992e+00 4.000000e+00 -2.277670e+01
      vertex   -2.009990e+00 0.000000e+00 -2.256563e+01
      vertex   -1.882992e+00 0.000000e+00 -2.277670e+01
    endloop
  endfacet
  facet normal 7.960931e-01 0.000000e+00 6.051742e-01
    outer loop
      vertex   -1.882992e+00 4.000000e+00 -2.277670e+01
      vertex   -1.882992e+00 0.000000e+00 -2.277670e+01
      vertex   -1.733919e+00 4.000000e+00 -2.297280e+01
    endloop
  endfacet
  facet normal 7.960931e-01 0.000000e+00 6.051742e-01
    outer loop
      vertex   -1.733919e+00 4.000000e+00 -2.297280e+01
      vertex   -1.882992e+00 0.000000e+00 -2.277670e+01
      vertex   -1.733919e+00 0.000000e+00 -2.297280e+01
    endloop
  endfacet
  facet normal 7.259955e-01 0.000000e+00 6.876995e-01
    outer loop
      vertex   -1.733919e+00 4.000000e+00 -2.297280e+01
      vertex   -1.733919e+00 0.000000e+00 -2.297280e+01
      vertex   -1.564516e+00 4.000000e+00 -2.315164e+01
    endloop
  endfacet
  facet normal 7.259955e-01 0.000000e+00 6.876995e-01
    outer loop
      vertex   -1.564516e+00 4.000000e+00 -2.315164e+01
      vertex   -1.733919e+00 0.000000e+00 -2.297280e+01
      vertex   -1.564516e+00 0.000000e+00 -2.315164e+01
    endloop
  endfacet
  facet normal 6.473863e-01 0.000000e+00 7.621621e-01
    outer loop
      vertex   -1.564516e+00 4.000000e+00 -2.315164e+01
      vertex   -1.564516e+00 0.000000e+00 -2.315164e+01
      vertex   -1.376771e+00 4.000000e+00 -2.331111e+01
    endloop
  endfacet
  facet normal 6.473863e-01 0.000000e+00 7.621621e-01
    outer loop
      vertex   -1.376771e+00 4.000000e+00 -2.331111e+01
      vertex   -1.564516e+00 0.000000e+00 -2.315164e+01
      vertex   -1.376771e+00 0.000000e+00 -2.331111e+01
    endloop
  endfacet
  facet normal 5.611871e-01 0.000000e+00 8.276890e-01
    outer loop
      vertex   -1.376771e+00 4.000000e+00 -2.331111e+01
      vertex   -1.376771e+00 0.000000e+00 -2.331111e+01
      vertex   -1.172885e+00 4.000000e+00 -2.344935e+01
    endloop
  endfacet
  facet normal 5.611871e-01 0.000000e+00 8.276890e-01
    outer loop
      vertex   -1.172885e+00 4.000000e+00 -2.344935e+01
      vertex   -1.376771e+00 0.000000e+00 -2.331111e+01
      vertex   -1.172885e+00 0.000000e+00 -2.344935e+01
    endloop
  endfacet
  facet normal 4.684084e-01 0.000000e+00 8.835120e-01
    outer loop
      vertex   -1.172885e+00 4.000000e+00 -2.344935e+01
      vertex   -1.172885e+00 0.000000e+00 -2.344935e+01
      vertex   -9.552477e-01 4.000000e+00 -2.356473e+01
    endloop
  endfacet
  facet normal 4.684084e-01 0.000000e+00 8.835120e-01
    outer loop
      vertex   -9.552477e-01 4.000000e+00 -2.356473e+01
      vertex   -1.172885e+00 0.000000e+00 -2.344935e+01
      vertex   -9.552477e-01 0.000000e+00 -2.356473e+01
    endloop
  endfacet
  facet normal 3.701382e-01 0.000000e+00 9.289767e-01
    outer loop
      vertex   -9.552477e-01 4.000000e+00 -2.356473e+01
      vertex   -9.552477e-01 0.000000e+00 -2.356473e+01
      vertex   -7.264110e-01 4.000000e+00 -2.365591e+01
    endloop
  endfacet
  facet normal 3.701382e-01 0.000000e+00 9.289767e-01
    outer loop
      vertex   -7.264110e-01 4.000000e+00 -2.365591e+01
      vertex   -9.552477e-01 0.000000e+00 -2.356473e+01
      vertex   -7.264110e-01 0.000000e+00 -2.365591e+01
    endloop
  endfacet
  facet normal 2.675283e-01 0.000000e+00 9.635500e-01
    outer loop
      vertex   -7.264110e-01 4.000000e+00 -2.365591e+01
      vertex   -7.264110e-01 0.000000e+00 -2.365591e+01
      vertex   -4.890578e-01 4.000000e+00 -2.372181e+01
    endloop
  endfacet
  facet normal 2.675283e-01 0.000000e+00 9.635500e-01
    outer loop
      vertex   -4.890578e-01 4.000000e+00 -2.372181e+01
      vertex   -7.264110e-01 0.000000e+00 -2.365591e+01
      vertex   -4.890578e-01 0.000000e+00 -2.372181e+01
    endloop
  endfacet
  facet normal 1.617820e-01 0.000000e+00 9.868265e-01
    outer loop
      vertex   -4.890578e-01 4.000000e+00 -2.372181e+01
      vertex   -4.890578e-01 0.000000e+00 -2.372181e+01
      vertex   -2.459708e-01 4.000000e+00 -2.376166e+01
    endloop
  endfacet
  facet normal 1.617820e-01 0.000000e+00 9.868265e-01
    outer loop
      vertex   -2.459708e-01 4.000000e+00 -2.376166e+01
      vertex   -4.890578e-01 0.000000e+00 -2.372181e+01
      vertex   -2.459708e-01 0.000000e+00 -2.376166e+01
    endloop
  endfacet
  facet normal 6.540313e-02 0.000000e+00 9.978589e-01
    outer loop
      vertex   -1.520884e+01 8.000000e+00 1.913688e+00
      vertex   -1.520884e+01 5.500000e+00 1.913688e+00
      vertex   -1.500000e+01 8.000000e+00 1.900000e+00
    endloop
  endfacet
  facet normal 6.540313e-02 0.000000e+00 9.978589e-01
    outer loop
      vertex   -1.500000e+01 8.000000e+00 1.900000e+00
      vertex   -1.520884e+01 5.500000e+00 1.913688e+00
      vertex   -1.500000e+01 5.500000e+00 1.900000e+00
    endloop
  endfacet
  facet normal -6.540313e-02 0.000000e+00 9.978589e-01
    outer loop
      vertex   -1.500000e+01 8.000000e+00 1.900000e+00
      vertex   -1.500000e+01 5.500000e+00 1.900000e+00
      vertex   -1.479116e+01 8.000000e+00 1.913688e+00
    endloop
  endfacet
  facet normal -6.540313e-02 -8.862768e-17 9.978589e-01
    outer loop
      vertex   -1.479116e+01 8.000000e+00 1.913688e+00
      vertex   -1.500000e+01 5.500000e+00 1.900000e+00
      vertex   -1.479116e+01 5.500000e+00 1.913688e+00
    endloop
  endfacet
  facet normal -1.950903e-01 -8.711123e-17 9.807853e-01
    outer loop
      vertex   -1.479116e+01 8.000000e+00 1.913688e+00
      vertex   -1.479116e+01 5.500000e+00 1.913688e+00
      vertex   -1.458589e+01 8.000000e+00 1.954519e+00
    endloop
  endfacet
  facet normal -1.950903e-01 0.000000e+00 9.807853e-01
    outer loop
      vertex   -1.458589e+01 8.000000e+00 1.954519e+00
      vertex   -1.479116e+01 5.500000e+00 1.913688e+00
      vertex   -1.458589e+01 5.500000e+00 1.954519e+00
    endloop
  endfacet
  facet normal -3.214395e-01 0.000000e+00 9.469301e-01
    outer loop
      vertex   -1.458589e+01 8.000000e+00 1.954519e+00
      vertex   -1.458589e+01 5.500000e+00 1.954519e+00
      vertex   -1.438771e+01 8.000000e+00 2.021793e+00
    endloop
  endfacet
  facet normal -3.214395e-01 -1.682086e-16 9.469301e-01
    outer loop
      vertex   -1.438771e+01 8.000000e+00 2.021793e+00
      vertex   -1.458589e+01 5.500000e+00 1.954519e+00
      vertex   -1.438771e+01 5.500000e+00 2.021793e+00
    endloop
  endfacet
  facet normal -4.422887e-01 -1.593166e-16 8.968727e-01
    outer loop
      vertex   -1.438771e+01 8.000000e+00 2.021793e+00
      vertex   -1.438771e+01 5.500000e+00 2.021793e+00
      vertex   -1.420000e+01 8.000000e+00 2.114359e+00
    endloop
  endfacet
  facet normal -4.422887e-01 0.000000e+00 8.968727e-01
    outer loop
      vertex   -1.420000e+01 8.000000e+00 2.114359e+00
      vertex   -1.438771e+01 5.500000e+00 2.021793e+00
      vertex   -1.420000e+01 5.500000e+00 2.114359e+00
    endloop
  endfacet
  facet normal -5.555702e-01 0.000000e+00 8.314696e-01
    outer loop
      vertex   -1.420000e+01 8.000000e+00 2.114359e+00
      vertex   -1.420000e+01 5.500000e+00 2.114359e+00
      vertex   -1.402598e+01 8.000000e+00 2.230635e+00
    endloop
  endfacet
  facet normal -5.555702e-01 0.000000e+00 8.314696e-01
    outer loop
      vertex   -1.402598e+01 8.000000e+00 2.230635e+00
      vertex   -1.420000e+01 5.500000e+00 2.114359e+00
      vertex   -1.402598e+01 5.500000e+00 2.230635e+00
    endloop
  endfacet
  facet normal -6.593458e-01 0.000000e+00 7.518398e-01
    outer loop
      vertex   -1.402598e+01 8.000000e+00 2.230635e+00
      vertex   -1.402598e+01 5.500000e+00 2.230635e+00
      vertex   -1.386863e+01 8.000000e+00 2.368629e+00
    endloop
  endfacet
  facet normal -6.593458e-01 0.000000e+00 7.518398e-01
    outer loop
      vertex   -1.386863e+01 8.000000e+00 2.368629e+00
      vertex   -1.402598e+01 5.500000e+00 2.230635e+00
      vertex   -1.386863e+01 5.500000e+00 2.368629e+00
    endloop
  endfacet
  facet normal -7.518398e-01 0.000000e+00 6.593458e-01
    outer loop
      vertex   -1.386863e+01 8.000000e+00 2.368629e+00
      vertex   -1.386863e+01 5.500000e+00 2.368629e+00
      vertex   -1.373063e+01 8.000000e+00 2.525982e+00
    endloop
  endfacet
  facet normal -7.518398e-01 0.000000e+00 6.593458e-01
    outer loop
      vertex   -1.373063e+01 8.000000e+00 2.525982e+00
      vertex   -1.386863e+01 5.500000e+00 2.368629e+00
      vertex   -1.373063e+01 5.500000e+00 2.525982e+00
    endloop
  endfacet
  facet normal -8.314696e-01 0.000000e+00 5.555702e-01
    outer loop
      vertex   -1.373063e+01 8.000000e+00 2.525982e+00
      vertex   -1.373063e+01 5.500000e+00 2.525982e+00
      vertex   -1.361436e+01 8.000000e+00 2.700000e+00
    endloop
  endfacet
  facet normal -8.314696e-01 -9.868910e-17 5.555702e-01
    outer loop
      vertex   -1.361436e+01 8.000000e+00 2.700000e+00
      vertex   -1.373063e+01 5.500000e+00 2.525982e+00
      vertex   -1.361436e+01 5.500000e+00 2.700000e+00
    endloop
  endfacet
  facet normal -8.968727e-01 -7.856625e-17 4.422887e-01
    outer loop
      vertex   -1.361436e+01 8.000000e+00 2.700000e+00
      vertex   -1.361436e+01 5.500000e+00 2.700000e+00
      vertex   -1.352179e+01 8.000000e+00 2.887707e+00
    endloop
  endfacet
  facet normal -8.968727e-01 0.000000e+00 4.422887e-01
    outer loop
      vertex   -1.352179e+01 8.000000e+00 2.887707e+00
      vertex   -1.361436e+01 5.500000e+00 2.700000e+00
      vertex   -1.352179e+01 5.500000e+00 2.887707e+00
    endloop
  endfacet
  facet normal -9.469301e-01 0.000000e+00 3.214395e-01
    outer loop
      vertex   -1.352179e+01 8.000000e+00 2.887707e+00
      vertex   -1.352179e+01 5.500000e+00 2.887707e+00
      vertex   -1.345452e+01 8.000000e+00 3.085890e+00
    endloop
  endfacet
  facet normal -9.469301e-01 -5.709912e-17 3.214395e-01
    outer loop
      vertex   -1.345452e+01 8.000000e+00 3.085890e+00
      vertex   -1.352179e+01 5.500000e+00 2.887707e+00
      vertex   -1.345452e+01 5.500000e+00 3.085890e+00
    endloop
  endfacet
  facet normal -9.807853e-01 -3.465500e-17 1.950903e-01
    outer loop
      vertex   -1.345452e+01 8.000000e+00 3.085890e+00
      vertex   -1.345452e+01 5.500000e+00 3.085890e+00
      vertex   -1.341369e+01 8.000000e+00 3.291158e+00
    endloop
  endfacet
  facet normal -9.807853e-01 0.000000e+00 1.950903e-01
    outer loop
      vertex   -1.341369e+01 8.000000e+00 3.291158e+00
      vertex   -1.345452e+01 5.500000e+00 3.085890e+00
      vertex   -1.341369e+01 5.500000e+00 3.291158e+00
    endloop
  endfacet
  facet normal -9.978589e-01 0.000000e+00 6.540313e-02
    outer loop
      vertex   -1.341369e+01 8.000000e+00 3.291158e+00
      vertex   -1.341369e+01 5.500000e+00 3.291158e+00
      vertex   -1.340000e+01 8.000000e+00 3.500000e+00
    endloop
  endfacet
  facet normal -9.978589e-01 0.000000e+00 6.540313e-02
    outer loop
      vertex   -1.340000e+01 8.000000e+00 3.500000e+00
      vertex   -1.341369e+01 5.500000e+00 3.291158e+00
      vertex   -1.340000e+01 5.500000e+00 3.500000e+00
    endloop
  endfacet
  facet normal -9.978589e-01 -0.000000e+00 -6.540313e-02
    outer loop
      vertex   -1.340000e+01 8.000000e+00 3.500000e+00
      vertex   -1.340000e+01 5.500000e+00 3.500000e+00
      vertex   -1.341369e+01 8.000000e+00 3.708842e+00
    endloop
  endfacet
  facet normal -9.978589e-01 1.161793e-17 -6.540313e-02
    outer loop
      vertex   -1.341369e+01 8.000000e+00 3.708842e+00
      vertex   -1.340000e+01 5.500000e+00 3.500000e+00
      vertex   -1.341369e+01 5.500000e+00 3.708842e+00
    endloop
  endfacet
  facet normal -9.807853e-01 3.465500e-17 -1.950903e-01
    outer loop
      vertex   -1.341369e+01 8.000000e+00 3.708842e+00
      vertex   -1.341369e+01 5.500000e+00 3.708842e+00
      vertex   -1.345452e+01 8.000000e+00 3.914110e+00
    endloop
  endfacet
  facet normal -9.807853e-01 3.465500e-17 -1.950903e-01
    outer loop
      vertex   -1.345452e+01 8.000000e+00 3.914110e+00
      vertex   -1.341369e+01 5.500000e+00 3.708842e+00
      vertex   -1.345452e+01 5.500000e+00 3.914110e+00
    endloop
  endfacet
  facet normal -9.469301e-01 5.709912e-17 -3.214395e-01
    outer loop
      vertex   -1.345452e+01 8.000000e+00 3.914110e+00
      vertex   -1.345452e+01 5.500000e+00 3.914110e+00
      vertex   -1.352179e+01 8.000000e+00 4.112293e+00
    endloop
  endfacet
  facet normal -9.469301e-01 -6.728343e-16 -3.214395e-01
    outer loop
      vertex   -1.352179e+01 8.000000e+00 4.112293e+00
      vertex   -1.345452e+01 5.500000e+00 3.914110e+00
      vertex   -1.352179e+01 5.500000e+00 4.112293e+00
    endloop
  endfacet
  facet normal -8.968727e-01 -6.372664e-16 -4.422887e-01
    outer loop
      vertex   -1.352179e+01 8.000000e+00 4.112293e+00
      vertex   -1.352179e+01 5.500000e+00 4.112293e+00
      vertex   -1.361436e+01 8.000000e+00 4.300000e+00
    endloop
  endfacet
  facet normal -8.968727e-01 -0.000000e+00 -4.422887e-01
    outer loop
      vertex   -1.361436e+01 8.000000e+00 4.300000e+00
      vertex   -1.352179e+01 5.500000e+00 4.112293e+00
      vertex   -1.361436e+01 5.500000e+00 4.300000e+00
    endloop
  endfacet
  facet normal -8.314696e-01 -0.000000e+00 -5.555702e-01
    outer loop
      vertex   -1.361436e+01 8.000000e+00 4.300000e+00
      vertex   -1.361436e+01 5.500000e+00 4.300000e+00
      vertex   -1.373063e+01 8.000000e+00 4.474018e+00
    endloop
  endfacet
  facet normal -8.314696e-01 1.973782e-16 -5.555702e-01
    outer loop
      vertex   -1.373063e+01 8.000000e+00 4.474018e+00
      vertex   -1.361436e+01 5.500000e+00 4.300000e+00
      vertex   -1.373063e+01 5.500000e+00 4.474018e+00
    endloop
  endfacet
  facet normal -7.518398e-01 2.342467e-16 -6.593458e-01
    outer loop
      vertex   -1.373063e+01 8.000000e+00 4.474018e+00
      vertex   -1.373063e+01 5.500000e+00 4.474018e+00
      vertex   -1.386863e+01 8.000000e+00 4.631371e+00
    endloop
  endfacet
  facet normal -7.518398e-01 2.342467e-16 -6.593458e-01
    outer loop
      vertex   -1.386863e+01 8.000000e+00 4.631371e+00
      vertex   -1.373063e+01 5.500000e+00 4.474018e+00
      vertex   -1.386863e+01 5.500000e+00 4.631371e+00
    endloop
  endfacet
  facet normal -6.593458e-01 2.671072e-16 -7.518398e-01
    outer loop
      vertex   -1.386863e+01 8.000000e+00 4.631371e+00
      vertex   -1.386863e+01 5.500000e+00 4.631371e+00
      vertex   -1.402598e+01 8.000000e+00 4.769365e+00
    endloop
  endfacet
  facet normal -6.593458e-01 2.671072e-16 -7.518398e-01
    outer loop
      vertex   -1.402598e+01 8.000000e+00 4.769365e+00
      vertex   -1.386863e+01 5.500000e+00 4.631371e+00
      vertex   -1.402598e+01 5.500000e+00 4.769365e+00
    endloop
  endfacet
  facet normal -5.555702e-01 2.953973e-16 -8.314696e-01
    outer loop
      vertex   -1.402598e+01 8.000000e+00 4.769365e+00
      vertex   -1.402598e+01 5.500000e+00 4.769365e+00
      vertex   -1.420000e+01 8.000000e+00 4.885641e+00
    endloop
  endfacet
  facet normal -5.555702e-01 2.953973e-16 -8.314696e-01
    outer loop
      vertex   -1.420000e+01 8.000000e+00 4.885641e+00
      vertex   -1.402598e+01 5.500000e+00 4.769365e+00
      vertex   -1.420000e+01 5.500000e+00 4.885641e+00
    endloop
  endfacet
  facet normal -4.422887e-01 3.186332e-16 -8.968727e-01
    outer loop
      vertex   -1.420000e+01 8.000000e+00 4.885641e+00
      vertex   -1.420000e+01 5.500000e+00 4.885641e+00
      vertex   -1.438771e+01 8.000000e+00 4.978207e+00
    endloop
  endfacet
  facet normal -4.422887e-01 -0.000000e+00 -8.968727e-01
    outer loop
      vertex   -1.438771e+01 8.000000e+00 4.978207e+00
      vertex   -1.420000e+01 5.500000e+00 4.885641e+00
      vertex   -1.438771e+01 5.500000e+00 4.978207e+00
    endloop
  endfacet
  facet normal -3.214395e-01 -0.000000e+00 -9.469301e-01
    outer loop
      vertex   -1.438771e+01 8.000000e+00 4.978207e+00
      vertex   -1.438771e+01 5.500000e+00 4.978207e+00
      vertex   -1.458589e+01 8.000000e+00 5.045481e+00
    endloop
  endfacet
  facet normal -3.214395e-01 -0.000000e+00 -9.469301e-01
    outer loop
      vertex   -1.458589e+01 8.000000e+00 5.045481e+00
      vertex   -1.438771e+01 5.500000e+00 4.978207e+00
      vertex   -1.458589e+01 5.500000e+00 5.045481e+00
    endloop
  endfacet
  facet normal -1.950903e-01 -0.000000e+00 -9.807853e-01
    outer loop
      vertex   -1.458589e+01 8.000000e+00 5.045481e+00
      vertex   -1.458589e+01 5.500000e+00 5.045481e+00
      vertex   -1.479116e+01 8.000000e+00 5.086312e+00
    endloop
  endfacet
  facet normal -1.950903e-01 -0.000000e+00 -9.807853e-01
    outer loop
      vertex   -1.479116e+01 8.000000e+00 5.086312e+00
      vertex   -1.458589e+01 5.500000e+00 5.045481e+00
      vertex   -1.479116e+01 5.500000e+00 5.086312e+00
    endloop
  endfacet
  facet normal -6.540313e-02 -0.000000e+00 -9.978589e-01
    outer loop
      vertex   -1.479116e+01 8.000000e+00 5.086312e+00
      vertex   -1.479116e+01 5.500000e+00 5.086312e+00
      vertex   -1.500000e+01 8.000000e+00 5.100000e+00
    endloop
  endfacet
  facet normal -6.540313e-02 -0.000000e+00 -9.978589e-01
    outer loop
      vertex   -1.500000e+01 8.000000e+00 5.100000e+00
      vertex   -1.479116e+01 5.500000e+00 5.086312e+00
      vertex   -1.500000e+01 5.500000e+00 5.100000e+00
    endloop
  endfacet
  facet normal 6.540313e-02 0.000000e+00 -9.978589e-01
    outer loop
      vertex   -1.500000e+01 8.000000e+00 5.100000e+00
      vertex   -1.500000e+01 5.500000e+00 5.100000e+00
      vertex   -1.520884e+01 8.000000e+00 5.086312e+00
    endloop
  endfacet
  facet normal 6.540313e-02 0.000000e+00 -9.978589e-01
    outer loop
      vertex   -1.520884e+01 8.000000e+00 5.086312e+00
      vertex   -1.500000e+01 5.500000e+00 5.100000e+00
      vertex   -1.520884e+01 5.500000e+00 5.086312e+00
    endloop
  endfacet
  facet normal 1.950903e-01 0.000000e+00 -9.807853e-01
    outer loop
      vertex   -1.520884e+01 8.000000e+00 5.086312e+00
      vertex   -1.520884e+01 5.500000e+00 5.086312e+00
      vertex   -1.541411e+01 8.000000e+00 5.045481e+00
    endloop
  endfacet
  facet normal 1.950903e-01 -3.484449e-16 -9.807853e-01
    outer loop
      vertex   -1.541411e+01 8.000000e+00 5.045481e+00
      vertex   -1.520884e+01 5.500000e+00 5.086312e+00
      vertex   -1.541411e+01 5.500000e+00 5.045481e+00
    endloop
  endfacet
  facet normal 3.214395e-01 -3.364172e-16 -9.469301e-01
    outer loop
      vertex   -1.541411e+01 8.000000e+00 5.045481e+00
      vertex   -1.541411e+01 5.500000e+00 5.045481e+00
      vertex   -1.561229e+01 8.000000e+00 4.978207e+00
    endloop
  endfacet
  facet normal 3.214395e-01 0.000000e+00 -9.469301e-01
    outer loop
      vertex   -1.561229e+01 8.000000e+00 4.978207e+00
      vertex   -1.541411e+01 5.500000e+00 5.045481e+00
      vertex   -1.561229e+01 5.500000e+00 4.978207e+00
    endloop
  endfacet
  facet normal 4.422887e-01 0.000000e+00 -8.968727e-01
    outer loop
      vertex   -1.561229e+01 8.000000e+00 4.978207e+00
      vertex   -1.561229e+01 5.500000e+00 4.978207e+00
      vertex   -1.580000e+01 8.000000e+00 4.885641e+00
    endloop
  endfacet
  facet normal 4.422887e-01 0.000000e+00 -8.968727e-01
    outer loop
      vertex   -1.580000e+01 8.000000e+00 4.885641e+00
      vertex   -1.561229e+01 5.500000e+00 4.978207e+00
      vertex   -1.580000e+01 5.500000e+00 4.885641e+00
    endloop
  endfacet
  facet normal 5.555702e-01 0.000000e+00 -8.314696e-01
    outer loop
      vertex   -1.580000e+01 8.000000e+00 4.885641e+00
      vertex   -1.580000e+01 5.500000e+00 4.885641e+00
      vertex   -1.597402e+01 8.000000e+00 4.769365e+00
    endloop
  endfacet
  facet normal 5.555702e-01 0.000000e+00 -8.314696e-01
    outer loop
      vertex   -1.597402e+01 8.000000e+00 4.769365e+00
      vertex   -1.580000e+01 5.500000e+00 4.885641e+00
      vertex   -1.597402e+01 5.500000e+00 4.769365e+00
    endloop
  endfacet
  facet normal 6.593458e-01 0.000000e+00 -7.518398e-01
    outer loop
      vertex   -1.597402e+01 8.000000e+00 4.769365e+00
      vertex   -1.597402e+01 5.500000e+00 4.769365e+00
      vertex   -1.613137e+01 8.000000e+00 4.631371e+00
    endloop
  endfacet
  facet normal 6.593458e-01 0.000000e+00 -7.518398e-01
    outer loop
      vertex   -1.613137e+01 8.000000e+00 4.631371e+00
      vertex   -1.597402e+01 5.500000e+00 4.769365e+00
      vertex   -1.613137e+01 5.500000e+00 4.631371e+00
    endloop
  endfacet
  facet normal 7.518398e-01 0.000000e+00 -6.593458e-01
    outer loop
      vertex   -1.613137e+01 8.000000e+00 4.631371e+00
      vertex   -1.613137e+01 5.500000e+00 4.631371e+00
      vertex   -1.626937e+01 8.000000e+00 4.474018e+00
    endloop
  endfacet
  facet normal 7.518398e-01 1.068429e-15 -6.593458e-01
    outer loop
      vertex   -1.626937e+01 8.000000e+00 4.474018e+00
      vertex   -1.613137e+01 5.500000e+00 4.631371e+00
      vertex   -1.626937e+01 5.500000e+00 4.474018e+00
    endloop
  endfacet
  facet normal 8.314696e-01 1.181589e-15 -5.555702e-01
    outer loop
      vertex   -1.626937e+01 8.000000e+00 4.474018e+00
      vertex   -1.626937e+01 5.500000e+00 4.474018e+00
      vertex   -1.638564e+01 8.000000e+00 4.300000e+00
    endloop
  endfacet
  facet normal 8.314696e-01 0.000000e+00 -5.555702e-01
    outer loop
      vertex   -1.638564e+01 8.000000e+00 4.300000e+00
      vertex   -1.626937e+01 5.500000e+00 4.474018e+00
      vertex   -1.638564e+01 5.500000e+00 4.300000e+00
    endloop
  endfacet
  facet normal 8.968727e-01 0.000000e+00 -4.422887e-01
    outer loop
      vertex   -1.638564e+01 8.000000e+00 4.300000e+00
      vertex   -1.638564e+01 5.500000e+00 4.300000e+00
      vertex   -1.647821e+01 8.000000e+00 4.112293e+00
    endloop
  endfacet
  facet normal 8.968727e-01 -1.571325e-16 -4.422887e-01
    outer loop
      vertex   -1.647821e+01 8.000000e+00 4.112293e+00
      vertex   -1.638564e+01 5.500000e+00 4.300000e+00
      vertex   -1.647821e+01 5.500000e+00 4.112293e+00
    endloop
  endfacet
  facet normal 9.469301e-01 -1.141982e-16 -3.214395e-01
    outer loop
      vertex   -1.647821e+01 8.000000e+00 4.112293e+00
      vertex   -1.647821e+01 5.500000e+00 4.112293e+00
      vertex   -1.654548e+01 8.000000e+00 3.914110e+00
    endloop
  endfacet
  facet normal 9.469301e-01 -5.709912e-17 -3.214395e-01
    outer loop
      vertex   -1.654548e+01 8.000000e+00 3.914110e+00
      vertex   -1.647821e+01 5.500000e+00 4.112293e+00
      vertex   -1.654548e+01 5.500000e+00 3.914110e+00
    endloop
  endfacet
  facet normal 9.807853e-01 -3.465500e-17 -1.950903e-01
    outer loop
      vertex   -1.654548e+01 8.000000e+00 3.914110e+00
      vertex   -1.654548e+01 5.500000e+00 3.914110e+00
      vertex   -1.658631e+01 8.000000e+00 3.708842e+00
    endloop
  endfacet
  facet normal 9.807853e-01 0.000000e+00 -1.950903e-01
    outer loop
      vertex   -1.658631e+01 8.000000e+00 3.708842e+00
      vertex   -1.654548e+01 5.500000e+00 3.914110e+00
      vertex   -1.658631e+01 5.500000e+00 3.708842e+00
    endloop
  endfacet
  facet normal 9.978589e-01 0.000000e+00 -6.540313e-02
    outer loop
      vertex   -1.658631e+01 8.000000e+00 3.708842e+00
      vertex   -1.658631e+01 5.500000e+00 3.708842e+00
      vertex   -1.660000e+01 8.000000e+00 3.500000e+00
    endloop
  endfacet
  facet normal 9.978589e-01 0.000000e+00 -6.540313e-02
    outer loop
      vertex   -1.660000e+01 8.000000e+00 3.500000e+00
      vertex   -1.658631e+01 5.500000e+00 3.708842e+00
      vertex   -1.660000e+01 5.500000e+00 3.500000e+00
    endloop
  endfacet
  facet normal 9.978589e-01 0.000000e+00 6.540313e-02
    outer loop
      vertex   -1.660000e+01 8.000000e+00 3.500000e+00
      vertex   -1.660000e+01 5.500000e+00 3.500000e+00
      vertex   -1.658631e+01 8.000000e+00 3.291158e+00
    endloop
  endfacet
  facet normal 9.978589e-01 0.000000e+00 6.540313e-02
    outer loop
      vertex   -1.658631e+01 8.000000e+00 3.291158e+00
      vertex   -1.660000e+01 5.500000e+00 3.500000e+00
      vertex   -1.658631e+01 5.500000e+00 3.291158e+00
    endloop
  endfacet
  facet normal 9.807853e-01 0.000000e+00 1.950903e-01
    outer loop
      vertex   -1.658631e+01 8.000000e+00 3.291158e+00
      vertex   -1.658631e+01 5.500000e+00 3.291158e+00
      vertex   -1.654548e+01 8.000000e+00 3.085890e+00
    endloop
  endfacet
  facet normal 9.807853e-01 0.000000e+00 1.950903e-01
    outer loop
      vertex   -1.654548e+01 8.000000e+00 3.085890e+00
      vertex   -1.658631e+01 5.500000e+00 3.291158e+00
      vertex   -1.654548e+01 5.500000e+00 3.085890e+00
    endloop
  endfacet
  facet normal 9.469301e-01 0.000000e+00 3.214395e-01
    outer loop
      vertex   -1.654548e+01 8.000000e+00 3.085890e+00
      vertex   -1.654548e+01 5.500000e+00 3.085890e+00
      vertex   -1.647821e+01 8.000000e+00 2.887707e+00
    endloop
  endfacet
  facet normal 9.469301e-01 5.709912e-17 3.214395e-01
    outer loop
      vertex   -1.647821e+01 8.000000e+00 2.887707e+00
      vertex   -1.654548e+01 5.500000e+00 3.085890e+00
      vertex   -1.647821e+01 5.500000e+00 2.887707e+00
    endloop
  endfacet
  facet normal 8.968727e-01 7.856625e-17 4.422887e-01
    outer loop
      vertex   -1.647821e+01 8.000000e+00 2.887707e+00
      vertex   -1.647821e+01 5.500000e+00 2.887707e+00
      vertex   -1.638564e+01 8.000000e+00 2.700000e+00
    endloop
  endfacet
  facet normal 8.968727e-01 1.571325e-16 4.422887e-01
    outer loop
      vertex   -1.638564e+01 8.000000e+00 2.700000e+00
      vertex   -1.647821e+01 5.500000e+00 2.887707e+00
      vertex   -1.638564e+01 5.500000e+00 2.700000e+00
    endloop
  endfacet
  facet normal 8.314696e-01 1.973782e-16 5.555702e-01
    outer loop
      vertex   -1.638564e+01 8.000000e+00 2.700000e+00
      vertex   -1.638564e+01 5.500000e+00 2.700000e+00
      vertex   -1.626937e+01 8.000000e+00 2.525982e+00
    endloop
  endfacet
  facet normal 8.314696e-01 -1.181589e-15 5.555702e-01
    outer loop
      vertex   -1.626937e+01 8.000000e+00 2.525982e+00
      vertex   -1.638564e+01 5.500000e+00 2.700000e+00
      vertex   -1.626937e+01 5.500000e+00 2.525982e+00
    endloop
  endfacet
  facet normal 7.518398e-01 -1.068429e-15 6.593458e-01
    outer loop
      vertex   -1.626937e+01 8.000000e+00 2.525982e+00
      vertex   -1.626937e+01 5.500000e+00 2.525982e+00
      vertex   -1.613137e+01 8.000000e+00 2.368629e+00
    endloop
  endfacet
  facet normal 7.518398e-01 0.000000e+00 6.593458e-01
    outer loop
      vertex   -1.613137e+01 8.000000e+00 2.368629e+00
      vertex   -1.626937e+01 5.500000e+00 2.525982e+00
      vertex   -1.613137e+01 5.500000e+00 2.368629e+00
    endloop
  endfacet
  facet normal 6.593458e-01 0.000000e+00 7.518398e-01
    outer loop
      vertex   -1.613137e+01 8.000000e+00 2.368629e+00
      vertex   -1.613137e+01 5.500000e+00 2.368629e+00
      vertex   -1.597402e+01 8.000000e+00 2.230635e+00
    endloop
  endfacet
  facet normal 6.593458e-01 0.000000e+00 7.518398e-01
    outer loop
      vertex   -1.597402e+01 8.000000e+00 2.230635e+00
      vertex   -1.613137e+01 5.500000e+00 2.368629e+00
      vertex   -1.597402e+01 5.500000e+00 2.230635e+00
    endloop
  endfacet
  facet normal 5.555702e-01 0.000000e+00 8.314696e-01
    outer loop
      vertex   -1.597402e+01 8.000000e+00 2.230635e+00
      vertex   -1.597402e+01 5.500000e+00 2.230635e+00
      vertex   -1.580000e+01 8.000000e+00 2.114359e+00
    endloop
  endfacet
  facet normal 5.555702e-01 1.476987e-16 8.314696e-01
    outer loop
      vertex   -1.580000e+01 8.000000e+00 2.114359e+00
      vertex   -1.597402e+01 5.500000e+00 2.230635e+00
      vertex   -1.580000e+01 5.500000e+00 2.114359e+00
    endloop
  endfacet
  facet normal 4.422887e-01 1.593166e-16 8.968727e-01
    outer loop
      vertex   -1.580000e+01 8.000000e+00 2.114359e+00
      vertex   -1.580000e+01 5.500000e+00 2.114359e+00
      vertex   -1.561229e+01 8.000000e+00 2.021793e+00
    endloop
  endfacet
  facet normal 4.422887e-01 0.000000e+00 8.968727e-01
    outer loop
      vertex   -1.561229e+01 8.000000e+00 2.021793e+00
      vertex   -1.580000e+01 5.500000e+00 2.114359e+00
      vertex   -1.561229e+01 5.500000e+00 2.021793e+00
    endloop
  endfacet
  facet normal 3.214395e-01 0.000000e+00 9.469301e-01
    outer loop
      vertex   -1.561229e+01 8.000000e+00 2.021793e+00
      vertex   -1.561229e+01 5.500000e+00 2.021793e+00
      vertex   -1.541411e+01 8.000000e+00 1.954519e+00
    endloop
  endfacet
  facet normal 3.214395e-01 0.000000e+00 9.469301e-01
    outer loop
      vertex   -1.541411e+01 8.000000e+00 1.954519e+00
      vertex   -1.561229e+01 5.500000e+00 2.021793e+00
      vertex   -1.541411e+01 5.500000e+00 1.954519e+00
    endloop
  endfacet
  facet normal 1.950903e-01 0.000000e+00 9.807853e-01
    outer loop
      vertex   -1.541411e+01 8.000000e+00 1.954519e+00
      vertex   -1.541411e+01 5.500000e+00 1.954519e+00
      vertex   -1.520884e+01 8.000000e+00 1.913688e+00
    endloop
  endfacet
  facet normal 1.950903e-01 0.000000e+00 9.807853e-01
    outer loop
      vertex   -1.520884e+01 8.000000e+00 1.913688e+00
      vertex   -1.541411e+01 5.500000e+00 1.954519e+00
      vertex   -1.520884e+01 5.500000e+00 1.913688e+00
    endloop
  endfacet
  facet normal -6.540313e-02 9.294344e-17 9.978589e-01
    outer loop
      vertex   -1.479116e+01 3.000000e+00 1.913688e+00
      vertex   -1.479116e+01 5.500000e+00 1.913688e+00
      vertex   -1.500000e+01 3.000000e+00 1.900000e+00
    endloop
  endfacet
  facet normal -6.540313e-02 0.000000e+00 9.978589e-01
    outer loop
      vertex   -1.500000e+01 3.000000e+00 1.900000e+00
      vertex   -1.479116e+01 5.500000e+00 1.913688e+00
      vertex   -1.500000e+01 5.500000e+00 1.900000e+00
    endloop
  endfacet
  facet normal 6.540313e-02 -0.000000e+00 9.978589e-01
    outer loop
      vertex   -1.500000e+01 3.000000e+00 1.900000e+00
      vertex   -1.500000e+01 5.500000e+00 1.900000e+00
      vertex   -1.520884e+01 3.000000e+00 1.913688e+00
    endloop
  endfacet
  facet normal 6.540313e-02 -4.315761e-18 9.978589e-01
    outer loop
      vertex   -1.520884e+01 3.000000e+00 1.913688e+00
      vertex   -1.500000e+01 5.500000e+00 1.900000e+00
      vertex   -1.520884e+01 5.500000e+00 1.913688e+00
    endloop
  endfacet
  facet normal 1.950903e-01 -1.901288e-16 9.807853e-01
    outer loop
      vertex   -1.520884e+01 3.000000e+00 1.913688e+00
      vertex   -1.520884e+01 5.500000e+00 1.913688e+00
      vertex   -1.541411e+01 3.000000e+00 1.954519e+00
    endloop
  endfacet
  facet normal 1.950903e-01 -1.386200e-16 9.807853e-01
    outer loop
      vertex   -1.541411e+01 3.000000e+00 1.954519e+00
      vertex   -1.520884e+01 5.500000e+00 1.913688e+00
      vertex   -1.541411e+01 5.500000e+00 1.954519e+00
    endloop
  endfacet
  facet normal 3.214395e-01 -2.283965e-16 9.469301e-01
    outer loop
      vertex   -1.541411e+01 3.000000e+00 1.954519e+00
      vertex   -1.541411e+01 5.500000e+00 1.954519e+00
      vertex   -1.561229e+01 3.000000e+00 2.021793e+00
    endloop
  endfacet
  facet normal 3.214395e-01 1.682086e-16 9.469301e-01
    outer loop
      vertex   -1.561229e+01 3.000000e+00 2.021793e+00
      vertex   -1.541411e+01 5.500000e+00 1.954519e+00
      vertex   -1.561229e+01 5.500000e+00 2.021793e+00
    endloop
  endfacet
  facet normal 4.422887e-01 1.593166e-16 8.968727e-01
    outer loop
      vertex   -1.561229e+01 3.000000e+00 2.021793e+00
      vertex   -1.561229e+01 5.500000e+00 2.021793e+00
      vertex   -1.580000e+01 3.000000e+00 2.114359e+00
    endloop
  endfacet
  facet normal 4.422887e-01 -0.000000e+00 8.968727e-01
    outer loop
      vertex   -1.580000e+01 3.000000e+00 2.114359e+00
      vertex   -1.561229e+01 5.500000e+00 2.021793e+00
      vertex   -1.580000e+01 5.500000e+00 2.114359e+00
    endloop
  endfacet
  facet normal 5.555702e-01 -0.000000e+00 8.314696e-01
    outer loop
      vertex   -1.580000e+01 3.000000e+00 2.114359e+00
      vertex   -1.580000e+01 5.500000e+00 2.114359e+00
      vertex   -1.597402e+01 3.000000e+00 2.230635e+00
    endloop
  endfacet
  facet normal 5.555702e-01 -0.000000e+00 8.314696e-01
    outer loop
      vertex   -1.597402e+01 3.000000e+00 2.230635e+00
      vertex   -1.580000e+01 5.500000e+00 2.114359e+00
      vertex   -1.597402e+01 5.500000e+00 2.230635e+00
    endloop
  endfacet
  facet normal 6.593458e-01 -0.000000e+00 7.518398e-01
    outer loop
      vertex   -1.597402e+01 3.000000e+00 2.230635e+00
      vertex   -1.597402e+01 5.500000e+00 2.230635e+00
      vertex   -1.613137e+01 3.000000e+00 2.368629e+00
    endloop
  endfacet
  facet normal 6.593458e-01 -0.000000e+00 7.518398e-01
    outer loop
      vertex   -1.613137e+01 3.000000e+00 2.368629e+00
      vertex   -1.597402e+01 5.500000e+00 2.230635e+00
      vertex   -1.613137e+01 5.500000e+00 2.368629e+00
    endloop
  endfacet
  facet normal 7.518398e-01 -0.000000e+00 6.593458e-01
    outer loop
      vertex   -1.613137e+01 3.000000e+00 2.368629e+00
      vertex   -1.613137e+01 5.500000e+00 2.368629e+00
      vertex   -1.626937e+01 3.000000e+00 2.525982e+00
    endloop
  endfacet
  facet normal 7.518398e-01 3.513700e-16 6.593458e-01
    outer loop
      vertex   -1.626937e+01 3.000000e+00 2.525982e+00
      vertex   -1.613137e+01 5.500000e+00 2.368629e+00
      vertex   -1.626937e+01 5.500000e+00 2.525982e+00
    endloop
  endfacet
  facet normal 8.314696e-01 2.960673e-16 5.555702e-01
    outer loop
      vertex   -1.626937e+01 3.000000e+00 2.525982e+00
      vertex   -1.626937e+01 5.500000e+00 2.525982e+00
      vertex   -1.638564e+01 3.000000e+00 2.700000e+00
    endloop
  endfacet
  facet normal 8.314696e-01 9.868910e-17 5.555702e-01
    outer loop
      vertex   -1.638564e+01 3.000000e+00 2.700000e+00
      vertex   -1.626937e+01 5.500000e+00 2.525982e+00
      vertex   -1.638564e+01 5.500000e+00 2.700000e+00
    endloop
  endfacet
  facet normal 8.968727e-01 7.856625e-17 4.422887e-01
    outer loop
      vertex   -1.638564e+01 3.000000e+00 2.700000e+00
      vertex   -1.638564e+01 5.500000e+00 2.700000e+00
      vertex   -1.647821e+01 3.000000e+00 2.887707e+00
    endloop
  endfacet
  facet normal 8.968727e-01 -0.000000e+00 4.422887e-01
    outer loop
      vertex   -1.647821e+01 3.000000e+00 2.887707e+00
      vertex   -1.638564e+01 5.500000e+00 2.700000e+00
      vertex   -1.647821e+01 5.500000e+00 2.887707e+00
    endloop
  endfacet
  facet normal 9.469301e-01 -0.000000e+00 3.214395e-01
    outer loop
      vertex   -1.647821e+01 3.000000e+00 2.887707e+00
      vertex   -1.647821e+01 5.500000e+00 2.887707e+00
      vertex   -1.654548e+01 3.000000e+00 3.085890e+00
    endloop
  endfacet
  facet normal 9.469301e-01 1.141982e-16 3.214395e-01
    outer loop
      vertex   -1.654548e+01 3.000000e+00 3.085890e+00
      vertex   -1.647821e+01 5.500000e+00 2.887707e+00
      vertex   -1.654548e+01 5.500000e+00 3.085890e+00
    endloop
  endfacet
  facet normal 9.807853e-01 6.931001e-17 1.950903e-01
    outer loop
      vertex   -1.654548e+01 3.000000e+00 3.085890e+00
      vertex   -1.654548e+01 5.500000e+00 3.085890e+00
      vertex   -1.658631e+01 3.000000e+00 3.291158e+00
    endloop
  endfacet
  facet normal 9.807853e-01 -0.000000e+00 1.950903e-01
    outer loop
      vertex   -1.658631e+01 3.000000e+00 3.291158e+00
      vertex   -1.654548e+01 5.500000e+00 3.085890e+00
      vertex   -1.658631e+01 5.500000e+00 3.291158e+00
    endloop
  endfacet
  facet normal 9.978589e-01 -0.000000e+00 6.540313e-02
    outer loop
      vertex   -1.658631e+01 3.000000e+00 3.291158e+00
      vertex   -1.658631e+01 5.500000e+00 3.291158e+00
      vertex   -1.660000e+01 3.000000e+00 3.500000e+00
    endloop
  endfacet
  facet normal 9.978589e-01 -0.000000e+00 6.540313e-02
    outer loop
      vertex   -1.660000e+01 3.000000e+00 3.500000e+00
      vertex   -1.658631e+01 5.500000e+00 3.291158e+00
      vertex   -1.660000e+01 5.500000e+00 3.500000e+00
    endloop
  endfacet
  facet normal 9.978589e-01 0.000000e+00 -6.540313e-02
    outer loop
      vertex   -1.660000e+01 3.000000e+00 3.500000e+00
      vertex   -1.660000e+01 5.500000e+00 3.500000e+00
      vertex   -1.658631e+01 3.000000e+00 3.708842e+00
    endloop
  endfacet
  facet normal 9.978589e-01 -2.323586e-17 -6.540313e-02
    outer loop
      vertex   -1.658631e+01 3.000000e+00 3.708842e+00
      vertex   -1.660000e+01 5.500000e+00 3.500000e+00
      vertex   -1.658631e+01 5.500000e+00 3.708842e+00
    endloop
  endfacet
  facet normal 9.807853e-01 -6.931001e-17 -1.950903e-01
    outer loop
      vertex   -1.658631e+01 3.000000e+00 3.708842e+00
      vertex   -1.658631e+01 5.500000e+00 3.708842e+00
      vertex   -1.654548e+01 3.000000e+00 3.914110e+00
    endloop
  endfacet
  facet normal 9.807853e-01 -3.465500e-17 -1.950903e-01
    outer loop
      vertex   -1.654548e+01 3.000000e+00 3.914110e+00
      vertex   -1.658631e+01 5.500000e+00 3.708842e+00
      vertex   -1.654548e+01 5.500000e+00 3.914110e+00
    endloop
  endfacet
  facet normal 9.469301e-01 -5.709912e-17 -3.214395e-01
    outer loop
      vertex   -1.654548e+01 3.000000e+00 3.914110e+00
      vertex   -1.654548e+01 5.500000e+00 3.914110e+00
      vertex   -1.647821e+01 3.000000e+00 4.112293e+00
    endloop
  endfacet
  facet normal 9.469301e-01 -1.141982e-16 -3.214395e-01
    outer loop
      vertex   -1.647821e+01 3.000000e+00 4.112293e+00
      vertex   -1.654548e+01 5.500000e+00 3.914110e+00
      vertex   -1.647821e+01 5.500000e+00 4.112293e+00
    endloop
  endfacet
  facet normal 8.968727e-01 -1.571325e-16 -4.422887e-01
    outer loop
      vertex   -1.647821e+01 3.000000e+00 4.112293e+00
      vertex   -1.647821e+01 5.500000e+00 4.112293e+00
      vertex   -1.638564e+01 3.000000e+00 4.300000e+00
    endloop
  endfacet
  facet normal 8.968727e-01 0.000000e+00 -4.422887e-01
    outer loop
      vertex   -1.638564e+01 3.000000e+00 4.300000e+00
      vertex   -1.647821e+01 5.500000e+00 4.112293e+00
      vertex   -1.638564e+01 5.500000e+00 4.300000e+00
    endloop
  endfacet
  facet normal 8.314696e-01 0.000000e+00 -5.555702e-01
    outer loop
      vertex   -1.638564e+01 3.000000e+00 4.300000e+00
      vertex   -1.638564e+01 5.500000e+00 4.300000e+00
      vertex   -1.626937e+01 3.000000e+00 4.474018e+00
    endloop
  endfacet
  facet normal 8.314696e-01 -1.973782e-16 -5.555702e-01
    outer loop
      vertex   -1.626937e+01 3.000000e+00 4.474018e+00
      vertex   -1.638564e+01 5.500000e+00 4.300000e+00
      vertex   -1.626937e+01 5.500000e+00 4.474018e+00
    endloop
  endfacet
  facet normal 7.518398e-01 -2.342467e-16 -6.593458e-01
    outer loop
      vertex   -1.626937e+01 3.000000e+00 4.474018e+00
      vertex   -1.626937e+01 5.500000e+00 4.474018e+00
      vertex   -1.613137e+01 3.000000e+00 4.631371e+00
    endloop
  endfacet
  facet normal 7.518398e-01 -2.342467e-16 -6.593458e-01
    outer loop
      vertex   -1.613137e+01 3.000000e+00 4.631371e+00
      vertex   -1.626937e+01 5.500000e+00 4.474018e+00
      vertex   -1.613137e+01 5.500000e+00 4.631371e+00
    endloop
  endfacet
  facet normal 6.593458e-01 -2.671072e-16 -7.518398e-01
    outer loop
      vertex   -1.613137e+01 3.000000e+00 4.631371e+00
      vertex   -1.613137e+01 5.500000e+00 4.631371e+00
      vertex   -1.597402e+01 3.000000e+00 4.769365e+00
    endloop
  endfacet
  facet normal 6.593458e-01 -2.671072e-16 -7.518398e-01
    outer loop
      vertex   -1.597402e+01 3.000000e+00 4.769365e+00
      vertex   -1.613137e+01 5.500000e+00 4.631371e+00
      vertex   -1.597402e+01 5.500000e+00 4.769365e+00
    endloop
  endfacet
  facet normal 5.555702e-01 -2.953973e-16 -8.314696e-01
    outer loop
      vertex   -1.597402e+01 3.000000e+00 4.769365e+00
      vertex   -1.597402e+01 5.500000e+00 4.769365e+00
      vertex   -1.580000e+01 3.000000e+00 4.885641e+00
    endloop
  endfacet
  facet normal 5.555702e-01 -2.953973e-16 -8.314696e-01
    outer loop
      vertex   -1.580000e+01 3.000000e+00 4.885641e+00
      vertex   -1.597402e+01 5.500000e+00 4.769365e+00
      vertex   -1.580000e+01 5.500000e+00 4.885641e+00
    endloop
  endfacet
  facet normal 4.422887e-01 -3.186332e-16 -8.968727e-01
    outer loop
      vertex   -1.580000e+01 3.000000e+00 4.885641e+00
      vertex   -1.580000e+01 5.500000e+00 4.885641e+00
      vertex   -1.561229e+01 3.000000e+00 4.978207e+00
    endloop
  endfacet
  facet normal 4.422887e-01 0.000000e+00 -8.968727e-01
    outer loop
      vertex   -1.561229e+01 3.000000e+00 4.978207e+00
      vertex   -1.580000e+01 5.500000e+00 4.885641e+00
      vertex   -1.561229e+01 5.500000e+00 4.978207e+00
    endloop
  endfacet
  facet normal 3.214395e-01 0.000000e+00 -9.469301e-01
    outer loop
      vertex   -1.561229e+01 3.000000e+00 4.978207e+00
      vertex   -1.561229e+01 5.500000e+00 4.978207e+00
      vertex   -1.541411e+01 3.000000e+00 5.045481e+00
    endloop
  endfacet
  facet normal 3.214395e-01 0.000000e+00 -9.469301e-01
    outer loop
      vertex   -1.541411e+01 3.000000e+00 5.045481e+00
      vertex   -1.561229e+01 5.500000e+00 4.978207e+00
      vertex   -1.541411e+01 5.500000e+00 5.045481e+00
    endloop
  endfacet
  facet normal 1.950903e-01 0.000000e+00 -9.807853e-01
    outer loop
      vertex   -1.541411e+01 3.000000e+00 5.045481e+00
      vertex   -1.541411e+01 5.500000e+00 5.045481e+00
      vertex   -1.520884e+01 3.000000e+00 5.086312e+00
    endloop
  endfacet
  facet normal 1.950903e-01 0.000000e+00 -9.807853e-01
    outer loop
      vertex   -1.520884e+01 3.000000e+00 5.086312e+00
      vertex   -1.541411e+01 5.500000e+00 5.045481e+00
      vertex   -1.520884e+01 5.500000e+00 5.086312e+00
    endloop
  endfacet
  facet normal 6.540313e-02 0.000000e+00 -9.978589e-01
    outer loop
      vertex   -1.520884e+01 3.000000e+00 5.086312e+00
      vertex   -1.520884e+01 5.500000e+00 5.086312e+00
      vertex   -1.500000e+01 3.000000e+00 5.100000e+00
    endloop
  endfacet
  facet normal 6.540313e-02 0.000000e+00 -9.978589e-01
    outer loop
      vertex   -1.500000e+01 3.000000e+00 5.100000e+00
      vertex   -1.520884e+01 5.500000e+00 5.086312e+00
      vertex   -1.500000e+01 5.500000e+00 5.100000e+00
    endloop
  endfacet
  facet normal -6.540313e-02 0.000000e+00 -9.978589e-01
    outer loop
      vertex   -1.500000e+01 3.000000e+00 5.100000e+00
      vertex   -1.500000e+01 5.500000e+00 5.100000e+00
      vertex   -1.479116e+01 3.000000e+00 5.086312e+00
    endloop
  endfacet
  facet normal -6.540313e-02 0.000000e+00 -9.978589e-01
    outer loop
      vertex   -1.479116e+01 3.000000e+00 5.086312e+00
      vertex   -1.500000e+01 5.500000e+00 5.100000e+00
      vertex   -1.479116e+01 5.500000e+00 5.086312e+00
    endloop
  endfacet
  facet normal -1.950903e-01 0.000000e+00 -9.807853e-01
    outer loop
      vertex   -1.479116e+01 3.000000e+00 5.086312e+00
      vertex   -1.479116e+01 5.500000e+00 5.086312e+00
      vertex   -1.458589e+01 3.000000e+00 5.045481e+00
    endloop
  endfacet
  facet normal -1.950903e-01 3.484449e-16 -9.807853e-01
    outer loop
      vertex   -1.458589e+01 3.000000e+00 5.045481e+00
      vertex   -1.479116e+01 5.500000e+00 5.086312e+00
      vertex   -1.458589e+01 5.500000e+00 5.045481e+00
    endloop
  endfacet
  facet normal -3.214395e-01 3.364172e-16 -9.469301e-01
    outer loop
      vertex   -1.458589e+01 3.000000e+00 5.045481e+00
      vertex   -1.458589e+01 5.500000e+00 5.045481e+00
      vertex   -1.438771e+01 3.000000e+00 4.978207e+00
    endloop
  endfacet
  facet normal -3.214395e-01 0.000000e+00 -9.469301e-01
    outer loop
      vertex   -1.438771e+01 3.000000e+00 4.978207e+00
      vertex   -1.458589e+01 5.500000e+00 5.045481e+00
      vertex   -1.438771e+01 5.500000e+00 4.978207e+00
    endloop
  endfacet
  facet normal -4.422887e-01 0.000000e+00 -8.968727e-01
    outer loop
      vertex   -1.438771e+01 3.000000e+00 4.978207e+00
      vertex   -1.438771e+01 5.500000e+00 4.978207e+00
      vertex   -1.420000e+01 3.000000e+00 4.885641e+00
    endloop
  endfacet
  facet normal -4.422887e-01 0.000000e+00 -8.968727e-01
    outer loop
      vertex   -1.420000e+01 3.000000e+00 4.885641e+00
      vertex   -1.438771e+01 5.500000e+00 4.978207e+00
      vertex   -1.420000e+01 5.500000e+00 4.885641e+00
    endloop
  endfacet
  facet normal -5.555702e-01 0.000000e+00 -8.314696e-01
    outer loop
      vertex   -1.420000e+01 3.000000e+00 4.885641e+00
      vertex   -1.420000e+01 5.500000e+00 4.885641e+00
      vertex   -1.402598e+01 3.000000e+00 4.769365e+00
    endloop
  endfacet
  facet normal -5.555702e-01 0.000000e+00 -8.314696e-01
    outer loop
      vertex   -1.402598e+01 3.000000e+00 4.769365e+00
      vertex   -1.420000e+01 5.500000e+00 4.885641e+00
      vertex   -1.402598e+01 5.500000e+00 4.769365e+00
    endloop
  endfacet
  facet normal -6.593458e-01 0.000000e+00 -7.518398e-01
    outer loop
      vertex   -1.402598e+01 3.000000e+00 4.769365e+00
      vertex   -1.402598e+01 5.500000e+00 4.769365e+00
      vertex   -1.386863e+01 3.000000e+00 4.631371e+00
    endloop
  endfacet
  facet normal -6.593458e-01 0.000000e+00 -7.518398e-01
    outer loop
      vertex   -1.386863e+01 3.000000e+00 4.631371e+00
      vertex   -1.402598e+01 5.500000e+00 4.769365e+00
      vertex   -1.386863e+01 5.500000e+00 4.631371e+00
    endloop
  endfacet
  facet normal -7.518398e-01 0.000000e+00 -6.593458e-01
    outer loop
      vertex   -1.386863e+01 3.000000e+00 4.631371e+00
      vertex   -1.386863e+01 5.500000e+00 4.631371e+00
      vertex   -1.373063e+01 3.000000e+00 4.474018e+00
    endloop
  endfacet
  facet normal -7.518398e-01 -5.342143e-16 -6.593458e-01
    outer loop
      vertex   -1.373063e+01 3.000000e+00 4.474018e+00
      vertex   -1.386863e+01 5.500000e+00 4.631371e+00
      vertex   -1.373063e+01 5.500000e+00 4.474018e+00
    endloop
  endfacet
  facet normal -8.314696e-01 -5.907947e-16 -5.555702e-01
    outer loop
      vertex   -1.373063e+01 3.000000e+00 4.474018e+00
      vertex   -1.373063e+01 5.500000e+00 4.474018e+00
      vertex   -1.361436e+01 3.000000e+00 4.300000e+00
    endloop
  endfacet
  facet normal -8.314696e-01 0.000000e+00 -5.555702e-01
    outer loop
      vertex   -1.361436e+01 3.000000e+00 4.300000e+00
      vertex   -1.373063e+01 5.500000e+00 4.474018e+00
      vertex   -1.361436e+01 5.500000e+00 4.300000e+00
    endloop
  endfacet
  facet normal -8.968727e-01 0.000000e+00 -4.422887e-01
    outer loop
      vertex   -1.361436e+01 3.000000e+00 4.300000e+00
      vertex   -1.361436e+01 5.500000e+00 4.300000e+00
      vertex   -1.352179e+01 3.000000e+00 4.112293e+00
    endloop
  endfacet
  facet normal -8.968727e-01 3.142650e-16 -4.422887e-01
    outer loop
      vertex   -1.352179e+01 3.000000e+00 4.112293e+00
      vertex   -1.361436e+01 5.500000e+00 4.300000e+00
      vertex   -1.352179e+01 5.500000e+00 4.112293e+00
    endloop
  endfacet
  facet normal -9.469301e-01 2.283965e-16 -3.214395e-01
    outer loop
      vertex   -1.352179e+01 3.000000e+00 4.112293e+00
      vertex   -1.352179e+01 5.500000e+00 4.112293e+00
      vertex   -1.345452e+01 3.000000e+00 3.914110e+00
    endloop
  endfacet
  facet normal -9.469301e-01 5.709912e-17 -3.214395e-01
    outer loop
      vertex   -1.345452e+01 3.000000e+00 3.914110e+00
      vertex   -1.352179e+01 5.500000e+00 4.112293e+00
      vertex   -1.345452e+01 5.500000e+00 3.914110e+00
    endloop
  endfacet
  facet normal -9.807853e-01 3.465500e-17 -1.950903e-01
    outer loop
      vertex   -1.345452e+01 3.000000e+00 3.914110e+00
      vertex   -1.345452e+01 5.500000e+00 3.914110e+00
      vertex   -1.341369e+01 3.000000e+00 3.708842e+00
    endloop
  endfacet
  facet normal -9.807853e-01 3.465500e-17 -1.950903e-01
    outer loop
      vertex   -1.341369e+01 3.000000e+00 3.708842e+00
      vertex   -1.345452e+01 5.500000e+00 3.914110e+00
      vertex   -1.341369e+01 5.500000e+00 3.708842e+00
    endloop
  endfacet
  facet normal -9.978589e-01 1.161793e-17 -6.540313e-02
    outer loop
      vertex   -1.341369e+01 3.000000e+00 3.708842e+00
      vertex   -1.341369e+01 5.500000e+00 3.708842e+00
      vertex   -1.340000e+01 3.000000e+00 3.500000e+00
    endloop
  endfacet
  facet normal -9.978589e-01 0.000000e+00 -6.540313e-02
    outer loop
      vertex   -1.340000e+01 3.000000e+00 3.500000e+00
      vertex   -1.341369e+01 5.500000e+00 3.708842e+00
      vertex   -1.340000e+01 5.500000e+00 3.500000e+00
    endloop
  endfacet
  facet normal -9.978589e-01 0.000000e+00 6.540313e-02
    outer loop
      vertex   -1.340000e+01 3.000000e+00 3.500000e+00
      vertex   -1.340000e+01 5.500000e+00 3.500000e+00
      vertex   -1.341369e+01 3.000000e+00 3.291158e+00
    endloop
  endfacet
  facet normal -9.978589e-01 0.000000e+00 6.540313e-02
    outer loop
      vertex   -1.341369e+01 3.000000e+00 3.291158e+00
      vertex   -1.340000e+01 5.500000e+00 3.500000e+00
      vertex   -1.341369e+01 5.500000e+00 3.291158e+00
    endloop
  endfacet
  facet normal -9.807853e-01 0.000000e+00 1.950903e-01
    outer loop
      vertex   -1.341369e+01 3.000000e+00 3.291158e+00
      vertex   -1.341369e+01 5.500000e+00 3.291158e+00
      vertex   -1.345452e+01 3.000000e+00 3.085890e+00
    endloop
  endfacet
  facet normal -9.807853e-01 -3.465500e-17 1.950903e-01
    outer loop
      vertex   -1.345452e+01 3.000000e+00 3.085890e+00
      vertex   -1.341369e+01 5.500000e+00 3.291158e+00
      vertex   -1.345452e+01 5.500000e+00 3.085890e+00
    endloop
  endfacet
  facet normal -9.469301e-01 -5.709912e-17 3.214395e-01
    outer loop
      vertex   -1.345452e+01 3.000000e+00 3.085890e+00
      vertex   -1.345452e+01 5.500000e+00 3.085890e+00
      vertex   -1.352179e+01 3.000000e+00 2.887707e+00
    endloop
  endfacet
  facet normal -9.469301e-01 -5.709912e-17 3.214395e-01
    outer loop
      vertex   -1.352179e+01 3.000000e+00 2.887707e+00
      vertex   -1.345452e+01 5.500000e+00 3.085890e+00
      vertex   -1.352179e+01 5.500000e+00 2.887707e+00
    endloop
  endfacet
  facet normal -8.968727e-01 -7.856625e-17 4.422887e-01
    outer loop
      vertex   -1.352179e+01 3.000000e+00 2.887707e+00
      vertex   -1.352179e+01 5.500000e+00 2.887707e+00
      vertex   -1.361436e+01 3.000000e+00 2.700000e+00
    endloop
  endfacet
  facet normal -8.968727e-01 -1.571325e-16 4.422887e-01
    outer loop
      vertex   -1.361436e+01 3.000000e+00 2.700000e+00
      vertex   -1.352179e+01 5.500000e+00 2.887707e+00
      vertex   -1.361436e+01 5.500000e+00 2.700000e+00
    endloop
  endfacet
  facet normal -8.314696e-01 -1.973782e-16 5.555702e-01
    outer loop
      vertex   -1.361436e+01 3.000000e+00 2.700000e+00
      vertex   -1.361436e+01 5.500000e+00 2.700000e+00
      vertex   -1.373063e+01 3.000000e+00 2.525982e+00
    endloop
  endfacet
  facet normal -8.314696e-01 2.947274e-16 5.555702e-01
    outer loop
      vertex   -1.373063e+01 3.000000e+00 2.525982e+00
      vertex   -1.361436e+01 5.500000e+00 2.700000e+00
      vertex   -1.373063e+01 5.500000e+00 2.525982e+00
    endloop
  endfacet
  facet normal -7.518398e-01 1.828443e-16 6.593458e-01
    outer loop
      vertex   -1.373063e+01 3.000000e+00 2.525982e+00
      vertex   -1.373063e+01 5.500000e+00 2.525982e+00
      vertex   -1.386863e+01 3.000000e+00 2.368629e+00
    endloop
  endfacet
  facet normal -7.518398e-01 0.000000e+00 6.593458e-01
    outer loop
      vertex   -1.386863e+01 3.000000e+00 2.368629e+00
      vertex   -1.373063e+01 5.500000e+00 2.525982e+00
      vertex   -1.386863e+01 5.500000e+00 2.368629e+00
    endloop
  endfacet
  facet normal -6.593458e-01 0.000000e+00 7.518398e-01
    outer loop
      vertex   -1.386863e+01 3.000000e+00 2.368629e+00
      vertex   -1.386863e+01 5.500000e+00 2.368629e+00
      vertex   -1.402598e+01 3.000000e+00 2.230635e+00
    endloop
  endfacet
  facet normal -6.593458e-01 0.000000e+00 7.518398e-01
    outer loop
      vertex   -1.402598e+01 3.000000e+00 2.230635e+00
      vertex   -1.386863e+01 5.500000e+00 2.368629e+00
      vertex   -1.402598e+01 5.500000e+00 2.230635e+00
    endloop
  endfacet
  facet normal -5.555702e-01 0.000000e+00 8.314696e-01
    outer loop
      vertex   -1.402598e+01 3.000000e+00 2.230635e+00
      vertex   -1.402598e+01 5.500000e+00 2.230635e+00
      vertex   -1.420000e+01 3.000000e+00 2.114359e+00
    endloop
  endfacet
  facet normal -5.555702e-01 -1.476987e-16 8.314696e-01
    outer loop
      vertex   -1.420000e+01 3.000000e+00 2.114359e+00
      vertex   -1.402598e+01 5.500000e+00 2.230635e+00
      vertex   -1.420000e+01 5.500000e+00 2.114359e+00
    endloop
  endfacet
  facet normal -4.422887e-01 -1.593166e-16 8.968727e-01
    outer loop
      vertex   -1.420000e+01 3.000000e+00 2.114359e+00
      vertex   -1.420000e+01 5.500000e+00 2.114359e+00
      vertex   -1.438771e+01 3.000000e+00 2.021793e+00
    endloop
  endfacet
  facet normal -4.422887e-01 0.000000e+00 8.968727e-01
    outer loop
      vertex   -1.438771e+01 3.000000e+00 2.021793e+00
      vertex   -1.420000e+01 5.500000e+00 2.114359e+00
      vertex   -1.438771e+01 5.500000e+00 2.021793e+00
    endloop
  endfacet
  facet normal -3.214395e-01 0.000000e+00 9.469301e-01
    outer loop
      vertex   -1.438771e+01 3.000000e+00 2.021793e+00
      vertex   -1.438771e+01 5.500000e+00 2.021793e+00
      vertex   -1.458589e+01 3.000000e+00 1.954519e+00
    endloop
  endfacet
  facet normal -3.214395e-01 2.283965e-16 9.469301e-01
    outer loop
      vertex   -1.458589e+01 3.000000e+00 1.954519e+00
      vertex   -1.438771e+01 5.500000e+00 2.021793e+00
      vertex   -1.458589e+01 5.500000e+00 1.954519e+00
    endloop
  endfacet
  facet normal -1.950903e-01 1.386200e-16 9.807853e-01
    outer loop
      vertex   -1.458589e+01 3.000000e+00 1.954519e+00
      vertex   -1.458589e+01 5.500000e+00 1.954519e+00
      vertex   -1.479116e+01 3.000000e+00 1.913688e+00
    endloop
  endfacet
  facet normal -1.950903e-01 2.772400e-16 9.807853e-01
    outer loop
      vertex   -1.479116e+01 3.000000e+00 1.913688e+00
      vertex   -1.458589e+01 5.500000e+00 1.954519e+00
      vertex   -1.479116e+01 5.500000e+00 1.913688e+00
    endloop
  endfacet
  facet normal 6.540313e-02 0.000000e+00 9.978589e-01
    outer loop
      vertex   -1.520884e+01 8.000000e+00 1.891369e+01
      vertex   -1.520884e+01 5.500000e+00 1.891369e+01
      vertex   -1.500000e+01 8.000000e+00 1.890000e+01
    endloop
  endfacet
  facet normal 6.540313e-02 1.418043e-15 9.978589e-01
    outer loop
      vertex   -1.500000e+01 8.000000e+00 1.890000e+01
      vertex   -1.520884e+01 5.500000e+00 1.891369e+01
      vertex   -1.500000e+01 5.500000e+00 1.890000e+01
    endloop
  endfacet
  facet normal -6.540313e-02 1.418043e-15 9.978589e-01
    outer loop
      vertex   -1.500000e+01 8.000000e+00 1.890000e+01
      vertex   -1.500000e+01 5.500000e+00 1.890000e+01
      vertex   -1.479116e+01 8.000000e+00 1.891369e+01
    endloop
  endfacet
  facet normal -6.540313e-02 0.000000e+00 9.978589e-01
    outer loop
      vertex   -1.479116e+01 8.000000e+00 1.891369e+01
      vertex   -1.500000e+01 5.500000e+00 1.890000e+01
      vertex   -1.479116e+01 5.500000e+00 1.891369e+01
    endloop
  endfacet
  facet normal -1.950903e-01 0.000000e+00 9.807853e-01
    outer loop
      vertex   -1.479116e+01 8.000000e+00 1.891369e+01
      vertex   -1.479116e+01 5.500000e+00 1.891369e+01
      vertex   -1.458589e+01 8.000000e+00 1.895452e+01
    endloop
  endfacet
  facet normal -1.950903e-01 0.000000e+00 9.807853e-01
    outer loop
      vertex   -1.458589e+01 8.000000e+00 1.895452e+01
      vertex   -1.479116e+01 5.500000e+00 1.891369e+01
      vertex   -1.458589e+01 5.500000e+00 1.895452e+01
    endloop
  endfacet
  facet normal -3.214395e-01 0.000000e+00 9.469301e-01
    outer loop
      vertex   -1.458589e+01 8.000000e+00 1.895452e+01
      vertex   -1.458589e+01 5.500000e+00 1.895452e+01
      vertex   -1.438771e+01 8.000000e+00 1.902179e+01
    endloop
  endfacet
  facet normal -3.214395e-01 -1.345669e-15 9.469301e-01
    outer loop
      vertex   -1.438771e+01 8.000000e+00 1.902179e+01
      vertex   -1.458589e+01 5.500000e+00 1.895452e+01
      vertex   -1.438771e+01 5.500000e+00 1.902179e+01
    endloop
  endfacet
  facet normal -4.422887e-01 -1.274533e-15 8.968727e-01
    outer loop
      vertex   -1.438771e+01 8.000000e+00 1.902179e+01
      vertex   -1.438771e+01 5.500000e+00 1.902179e+01
      vertex   -1.420000e+01 8.000000e+00 1.911436e+01
    endloop
  endfacet
  facet normal -4.422887e-01 0.000000e+00 8.968727e-01
    outer loop
      vertex   -1.420000e+01 8.000000e+00 1.911436e+01
      vertex   -1.438771e+01 5.500000e+00 1.902179e+01
      vertex   -1.420000e+01 5.500000e+00 1.911436e+01
    endloop
  endfacet
  facet normal -5.555702e-01 0.000000e+00 8.314696e-01
    outer loop
      vertex   -1.420000e+01 8.000000e+00 1.911436e+01
      vertex   -1.420000e+01 5.500000e+00 1.911436e+01
      vertex   -1.402598e+01 8.000000e+00 1.923063e+01
    endloop
  endfacet
  facet normal -5.555702e-01 0.000000e+00 8.314696e-01
    outer loop
      vertex   -1.402598e+01 8.000000e+00 1.923063e+01
      vertex   -1.420000e+01 5.500000e+00 1.911436e+01
      vertex   -1.402598e+01 5.500000e+00 1.923063e+01
    endloop
  endfacet
  facet normal -6.593458e-01 0.000000e+00 7.518398e-01
    outer loop
      vertex   -1.402598e+01 8.000000e+00 1.923063e+01
      vertex   -1.402598e+01 5.500000e+00 1.923063e+01
      vertex   -1.386863e+01 8.000000e+00 1.936863e+01
    endloop
  endfacet
  facet normal -6.593458e-01 0.000000e+00 7.518398e-01
    outer loop
      vertex   -1.386863e+01 8.000000e+00 1.936863e+01
      vertex   -1.402598e+01 5.500000e+00 1.923063e+01
      vertex   -1.386863e+01 5.500000e+00 1.936863e+01
    endloop
  endfacet
  facet normal -7.518398e-01 0.000000e+00 6.593458e-01
    outer loop
      vertex   -1.386863e+01 8.000000e+00 1.936863e+01
      vertex   -1.386863e+01 5.500000e+00 1.936863e+01
      vertex   -1.373063e+01 8.000000e+00 1.952598e+01
    endloop
  endfacet
  facet normal -7.518398e-01 0.000000e+00 6.593458e-01
    outer loop
      vertex   -1.373063e+01 8.000000e+00 1.952598e+01
      vertex   -1.386863e+01 5.500000e+00 1.936863e+01
      vertex   -1.373063e+01 5.500000e+00 1.952598e+01
    endloop
  endfacet
  facet normal -8.314696e-01 0.000000e+00 5.555702e-01
    outer loop
      vertex   -1.373063e+01 8.000000e+00 1.952598e+01
      vertex   -1.373063e+01 5.500000e+00 1.952598e+01
      vertex   -1.361436e+01 8.000000e+00 1.970000e+01
    endloop
  endfacet
  facet normal -8.314696e-01 0.000000e+00 5.555702e-01
    outer loop
      vertex   -1.361436e+01 8.000000e+00 1.970000e+01
      vertex   -1.373063e+01 5.500000e+00 1.952598e+01
      vertex   -1.361436e+01 5.500000e+00 1.970000e+01
    endloop
  endfacet
  facet normal -8.968727e-01 0.000000e+00 4.422887e-01
    outer loop
      vertex   -1.361436e+01 8.000000e+00 1.970000e+01
      vertex   -1.361436e+01 5.500000e+00 1.970000e+01
      vertex   -1.352179e+01 8.000000e+00 1.988771e+01
    endloop
  endfacet
  facet normal -8.968727e-01 0.000000e+00 4.422887e-01
    outer loop
      vertex   -1.352179e+01 8.000000e+00 1.988771e+01
      vertex   -1.361436e+01 5.500000e+00 1.970000e+01
      vertex   -1.352179e+01 5.500000e+00 1.988771e+01
    endloop
  endfacet
  facet normal -9.469301e-01 0.000000e+00 3.214395e-01
    outer loop
      vertex   -1.352179e+01 8.000000e+00 1.988771e+01
      vertex   -1.352179e+01 5.500000e+00 1.988771e+01
      vertex   -1.345452e+01 8.000000e+00 2.008589e+01
    endloop
  endfacet
  facet normal -9.469301e-01 0.000000e+00 3.214395e-01
    outer loop
      vertex   -1.345452e+01 8.000000e+00 2.008589e+01
      vertex   -1.352179e+01 5.500000e+00 1.988771e+01
      vertex   -1.345452e+01 5.500000e+00 2.008589e+01
    endloop
  endfacet
  facet normal -9.807853e-01 0.000000e+00 1.950903e-01
    outer loop
      vertex   -1.345452e+01 8.000000e+00 2.008589e+01
      vertex   -1.345452e+01 5.500000e+00 2.008589e+01
      vertex   -1.341369e+01 8.000000e+00 2.029116e+01
    endloop
  endfacet
  facet normal -9.807853e-01 0.000000e+00 1.950903e-01
    outer loop
      vertex   -1.341369e+01 8.000000e+00 2.029116e+01
      vertex   -1.345452e+01 5.500000e+00 2.008589e+01
      vertex   -1.341369e+01 5.500000e+00 2.029116e+01
    endloop
  endfacet
  facet normal -9.978589e-01 0.000000e+00 6.540313e-02
    outer loop
      vertex   -1.341369e+01 8.000000e+00 2.029116e+01
      vertex   -1.341369e+01 5.500000e+00 2.029116e+01
      vertex   -1.340000e+01 8.000000e+00 2.050000e+01
    endloop
  endfacet
  facet normal -9.978589e-01 0.000000e+00 6.540313e-02
    outer loop
      vertex   -1.340000e+01 8.000000e+00 2.050000e+01
      vertex   -1.341369e+01 5.500000e+00 2.029116e+01
      vertex   -1.340000e+01 5.500000e+00 2.050000e+01
    endloop
  endfacet
  facet normal -9.978589e-01 -0.000000e+00 -6.540313e-02
    outer loop
      vertex   -1.340000e+01 8.000000e+00 2.050000e+01
      vertex   -1.340000e+01 5.500000e+00 2.050000e+01
      vertex   -1.341369e+01 8.000000e+00 2.070884e+01
    endloop
  endfacet
  facet normal -9.978589e-01 -0.000000e+00 -6.540313e-02
    outer loop
      vertex   -1.341369e+01 8.000000e+00 2.070884e+01
      vertex   -1.340000e+01 5.500000e+00 2.050000e+01
      vertex   -1.341369e+01 5.500000e+00 2.070884e+01
    endloop
  endfacet
  facet normal -9.807853e-01 -0.000000e+00 -1.950903e-01
    outer loop
      vertex   -1.341369e+01 8.000000e+00 2.070884e+01
      vertex   -1.341369e+01 5.500000e+00 2.070884e+01
      vertex   -1.345452e+01 8.000000e+00 2.091411e+01
    endloop
  endfacet
  facet normal -9.807853e-01 -0.000000e+00 -1.950903e-01
    outer loop
      vertex   -1.345452e+01 8.000000e+00 2.091411e+01
      vertex   -1.341369e+01 5.500000e+00 2.070884e+01
      vertex   -1.345452e+01 5.500000e+00 2.091411e+01
    endloop
  endfacet
  facet normal -9.469301e-01 -0.000000e+00 -3.214395e-01
    outer loop
      vertex   -1.345452e+01 8.000000e+00 2.091411e+01
      vertex   -1.345452e+01 5.500000e+00 2.091411e+01
      vertex   -1.352179e+01 8.000000e+00 2.111229e+01
    endloop
  endfacet
  facet normal -9.469301e-01 -6.728343e-16 -3.214395e-01
    outer loop
      vertex   -1.352179e+01 8.000000e+00 2.111229e+01
      vertex   -1.345452e+01 5.500000e+00 2.091411e+01
      vertex   -1.352179e+01 5.500000e+00 2.111229e+01
    endloop
  endfacet
  facet normal -8.968727e-01 -6.372664e-16 -4.422887e-01
    outer loop
      vertex   -1.352179e+01 8.000000e+00 2.111229e+01
      vertex   -1.352179e+01 5.500000e+00 2.111229e+01
      vertex   -1.361436e+01 8.000000e+00 2.130000e+01
    endloop
  endfacet
  facet normal -8.968727e-01 -0.000000e+00 -4.422887e-01
    outer loop
      vertex   -1.361436e+01 8.000000e+00 2.130000e+01
      vertex   -1.352179e+01 5.500000e+00 2.111229e+01
      vertex   -1.361436e+01 5.500000e+00 2.130000e+01
    endloop
  endfacet
  facet normal -8.314696e-01 -0.000000e+00 -5.555702e-01
    outer loop
      vertex   -1.361436e+01 8.000000e+00 2.130000e+01
      vertex   -1.361436e+01 5.500000e+00 2.130000e+01
      vertex   -1.373063e+01 8.000000e+00 2.147402e+01
    endloop
  endfacet
  facet normal -8.314696e-01 -5.907947e-16 -5.555702e-01
    outer loop
      vertex   -1.373063e+01 8.000000e+00 2.147402e+01
      vertex   -1.361436e+01 5.500000e+00 2.130000e+01
      vertex   -1.373063e+01 5.500000e+00 2.147402e+01
    endloop
  endfacet
  facet normal -7.518398e-01 -5.342143e-16 -6.593458e-01
    outer loop
      vertex   -1.373063e+01 8.000000e+00 2.147402e+01
      vertex   -1.373063e+01 5.500000e+00 2.147402e+01
      vertex   -1.386863e+01 8.000000e+00 2.163137e+01
    endloop
  endfacet
  facet normal -7.518398e-01 -0.000000e+00 -6.593458e-01
    outer loop
      vertex   -1.386863e+01 8.000000e+00 2.163137e+01
      vertex   -1.373063e+01 5.500000e+00 2.147402e+01
      vertex   -1.386863e+01 5.500000e+00 2.163137e+01
    endloop
  endfacet
  facet normal -6.593458e-01 -0.000000e+00 -7.518398e-01
    outer loop
      vertex   -1.386863e+01 8.000000e+00 2.163137e+01
      vertex   -1.386863e+01 5.500000e+00 2.163137e+01
      vertex   -1.402598e+01 8.000000e+00 2.176937e+01
    endloop
  endfacet
  facet normal -6.593458e-01 -0.000000e+00 -7.518398e-01
    outer loop
      vertex   -1.402598e+01 8.000000e+00 2.176937e+01
      vertex   -1.386863e+01 5.500000e+00 2.163137e+01
      vertex   -1.402598e+01 5.500000e+00 2.176937e+01
    endloop
  endfacet
  facet normal -5.555702e-01 -0.000000e+00 -8.314696e-01
    outer loop
      vertex   -1.402598e+01 8.000000e+00 2.176937e+01
      vertex   -1.402598e+01 5.500000e+00 2.176937e+01
      vertex   -1.420000e+01 8.000000e+00 2.188564e+01
    endloop
  endfacet
  facet normal -5.555702e-01 -0.000000e+00 -8.314696e-01
    outer loop
      vertex   -1.420000e+01 8.000000e+00 2.188564e+01
      vertex   -1.402598e+01 5.500000e+00 2.176937e+01
      vertex   -1.420000e+01 5.500000e+00 2.188564e+01
    endloop
  endfacet
  facet normal -4.422887e-01 -0.000000e+00 -8.968727e-01
    outer loop
      vertex   -1.420000e+01 8.000000e+00 2.188564e+01
      vertex   -1.420000e+01 5.500000e+00 2.188564e+01
      vertex   -1.438771e+01 8.000000e+00 2.197821e+01
    endloop
  endfacet
  facet normal -4.422887e-01 -0.000000e+00 -8.968727e-01
    outer loop
      vertex   -1.438771e+01 8.000000e+00 2.197821e+01
      vertex   -1.420000e+01 5.500000e+00 2.188564e+01
      vertex   -1.438771e+01 5.500000e+00 2.197821e+01
    endloop
  endfacet
  facet normal -3.214395e-01 -0.000000e+00 -9.469301e-01
    outer loop
      vertex   -1.438771e+01 8.000000e+00 2.197821e+01
      vertex   -1.438771e+01 5.500000e+00 2.197821e+01
      vertex   -1.458589e+01 8.000000e+00 2.204548e+01
    endloop
  endfacet
  facet normal -3.214395e-01 -0.000000e+00 -9.469301e-01
    outer loop
      vertex   -1.458589e+01 8.000000e+00 2.204548e+01
      vertex   -1.438771e+01 5.500000e+00 2.197821e+01
      vertex   -1.458589e+01 5.500000e+00 2.204548e+01
    endloop
  endfacet
  facet normal -1.950903e-01 -0.000000e+00 -9.807853e-01
    outer loop
      vertex   -1.458589e+01 8.000000e+00 2.204548e+01
      vertex   -1.458589e+01 5.500000e+00 2.204548e+01
      vertex   -1.479116e+01 8.000000e+00 2.208631e+01
    endloop
  endfacet
  facet normal -1.950903e-01 -0.000000e+00 -9.807853e-01
    outer loop
      vertex   -1.479116e+01 8.000000e+00 2.208631e+01
      vertex   -1.458589e+01 5.500000e+00 2.204548e+01
      vertex   -1.479116e+01 5.500000e+00 2.208631e+01
    endloop
  endfacet
  facet normal -6.540313e-02 -0.000000e+00 -9.978589e-01
    outer loop
      vertex   -1.479116e+01 8.000000e+00 2.208631e+01
      vertex   -1.479116e+01 5.500000e+00 2.208631e+01
      vertex   -1.500000e+01 8.000000e+00 2.210000e+01
    endloop
  endfacet
  facet normal -6.540313e-02 -0.000000e+00 -9.978589e-01
    outer loop
      vertex   -1.500000e+01 8.000000e+00 2.210000e+01
      vertex   -1.479116e+01 5.500000e+00 2.208631e+01
      vertex   -1.500000e+01 5.500000e+00 2.210000e+01
    endloop
  endfacet
  facet normal 6.540313e-02 0.000000e+00 -9.978589e-01
    outer loop
      vertex   -1.500000e+01 8.000000e+00 2.210000e+01
      vertex   -1.500000e+01 5.500000e+00 2.210000e+01
      vertex   -1.520884e+01 8.000000e+00 2.208631e+01
    endloop
  endfacet
  facet normal 6.540313e-02 0.000000e+00 -9.978589e-01
    outer loop
      vertex   -1.520884e+01 8.000000e+00 2.208631e+01
      vertex   -1.500000e+01 5.500000e+00 2.210000e+01
      vertex   -1.520884e+01 5.500000e+00 2.208631e+01
    endloop
  endfacet
  facet normal 1.950903e-01 0.000000e+00 -9.807853e-01
    outer loop
      vertex   -1.520884e+01 8.000000e+00 2.208631e+01
      vertex   -1.520884e+01 5.500000e+00 2.208631e+01
      vertex   -1.541411e+01 8.000000e+00 2.204548e+01
    endloop
  endfacet
  facet normal 1.950903e-01 0.000000e+00 -9.807853e-01
    outer loop
      vertex   -1.541411e+01 8.000000e+00 2.204548e+01
      vertex   -1.520884e+01 5.500000e+00 2.208631e+01
      vertex   -1.541411e+01 5.500000e+00 2.204548e+01
    endloop
  endfacet
  facet normal 3.214395e-01 0.000000e+00 -9.469301e-01
    outer loop
      vertex   -1.541411e+01 8.000000e+00 2.204548e+01
      vertex   -1.541411e+01 5.500000e+00 2.204548e+01
      vertex   -1.561229e+01 8.000000e+00 2.197821e+01
    endloop
  endfacet
  facet normal 3.214395e-01 0.000000e+00 -9.469301e-01
    outer loop
      vertex   -1.561229e+01 8.000000e+00 2.197821e+01
      vertex   -1.541411e+01 5.500000e+00 2.204548e+01
      vertex   -1.561229e+01 5.500000e+00 2.197821e+01
    endloop
  endfacet
  facet normal 4.422887e-01 0.000000e+00 -8.968727e-01
    outer loop
      vertex   -1.561229e+01 8.000000e+00 2.197821e+01
      vertex   -1.561229e+01 5.500000e+00 2.197821e+01
      vertex   -1.580000e+01 8.000000e+00 2.188564e+01
    endloop
  endfacet
  facet normal 4.422887e-01 0.000000e+00 -8.968727e-01
    outer loop
      vertex   -1.580000e+01 8.000000e+00 2.188564e+01
      vertex   -1.561229e+01 5.500000e+00 2.197821e+01
      vertex   -1.580000e+01 5.500000e+00 2.188564e+01
    endloop
  endfacet
  facet normal 5.555702e-01 0.000000e+00 -8.314696e-01
    outer loop
      vertex   -1.580000e+01 8.000000e+00 2.188564e+01
      vertex   -1.580000e+01 5.500000e+00 2.188564e+01
      vertex   -1.597402e+01 8.000000e+00 2.176937e+01
    endloop
  endfacet
  facet normal 5.555702e-01 0.000000e+00 -8.314696e-01
    outer loop
      vertex   -1.597402e+01 8.000000e+00 2.176937e+01
      vertex   -1.580000e+01 5.500000e+00 2.188564e+01
      vertex   -1.597402e+01 5.500000e+00 2.176937e+01
    endloop
  endfacet
  facet normal 6.593458e-01 0.000000e+00 -7.518398e-01
    outer loop
      vertex   -1.597402e+01 8.000000e+00 2.176937e+01
      vertex   -1.597402e+01 5.500000e+00 2.176937e+01
      vertex   -1.613137e+01 8.000000e+00 2.163137e+01
    endloop
  endfacet
  facet normal 6.593458e-01 0.000000e+00 -7.518398e-01
    outer loop
      vertex   -1.613137e+01 8.000000e+00 2.163137e+01
      vertex   -1.597402e+01 5.500000e+00 2.176937e+01
      vertex   -1.613137e+01 5.500000e+00 2.163137e+01
    endloop
  endfacet
  facet normal 7.518398e-01 0.000000e+00 -6.593458e-01
    outer loop
      vertex   -1.613137e+01 8.000000e+00 2.163137e+01
      vertex   -1.613137e+01 5.500000e+00 2.163137e+01
      vertex   -1.626937e+01 8.000000e+00 2.147402e+01
    endloop
  endfacet
  facet normal 7.518398e-01 0.000000e+00 -6.593458e-01
    outer loop
      vertex   -1.626937e+01 8.000000e+00 2.147402e+01
      vertex   -1.613137e+01 5.500000e+00 2.163137e+01
      vertex   -1.626937e+01 5.500000e+00 2.147402e+01
    endloop
  endfacet
  facet normal 8.314696e-01 0.000000e+00 -5.555702e-01
    outer loop
      vertex   -1.626937e+01 8.000000e+00 2.147402e+01
      vertex   -1.626937e+01 5.500000e+00 2.147402e+01
      vertex   -1.638564e+01 8.000000e+00 2.130000e+01
    endloop
  endfacet
  facet normal 8.314696e-01 0.000000e+00 -5.555702e-01
    outer loop
      vertex   -1.638564e+01 8.000000e+00 2.130000e+01
      vertex   -1.626937e+01 5.500000e+00 2.147402e+01
      vertex   -1.638564e+01 5.500000e+00 2.130000e+01
    endloop
  endfacet
  facet normal 8.968727e-01 0.000000e+00 -4.422887e-01
    outer loop
      vertex   -1.638564e+01 8.000000e+00 2.130000e+01
      vertex   -1.638564e+01 5.500000e+00 2.130000e+01
      vertex   -1.647821e+01 8.000000e+00 2.111229e+01
    endloop
  endfacet
  facet normal 8.968727e-01 -1.257060e-15 -4.422887e-01
    outer loop
      vertex   -1.647821e+01 8.000000e+00 2.111229e+01
      vertex   -1.638564e+01 5.500000e+00 2.130000e+01
      vertex   -1.647821e+01 5.500000e+00 2.111229e+01
    endloop
  endfacet
  facet normal 9.469301e-01 -9.135859e-16 -3.214395e-01
    outer loop
      vertex   -1.647821e+01 8.000000e+00 2.111229e+01
      vertex   -1.647821e+01 5.500000e+00 2.111229e+01
      vertex   -1.654548e+01 8.000000e+00 2.091411e+01
    endloop
  endfacet
  facet normal 9.469301e-01 0.000000e+00 -3.214395e-01
    outer loop
      vertex   -1.654548e+01 8.000000e+00 2.091411e+01
      vertex   -1.647821e+01 5.500000e+00 2.111229e+01
      vertex   -1.654548e+01 5.500000e+00 2.091411e+01
    endloop
  endfacet
  facet normal 9.807853e-01 0.000000e+00 -1.950903e-01
    outer loop
      vertex   -1.654548e+01 8.000000e+00 2.091411e+01
      vertex   -1.654548e+01 5.500000e+00 2.091411e+01
      vertex   -1.658631e+01 8.000000e+00 2.070884e+01
    endloop
  endfacet
  facet normal 9.807853e-01 0.000000e+00 -1.950903e-01
    outer loop
      vertex   -1.658631e+01 8.000000e+00 2.070884e+01
      vertex   -1.654548e+01 5.500000e+00 2.091411e+01
      vertex   -1.658631e+01 5.500000e+00 2.070884e+01
    endloop
  endfacet
  facet normal 9.978589e-01 0.000000e+00 -6.540313e-02
    outer loop
      vertex   -1.658631e+01 8.000000e+00 2.070884e+01
      vertex   -1.658631e+01 5.500000e+00 2.070884e+01
      vertex   -1.660000e+01 8.000000e+00 2.050000e+01
    endloop
  endfacet
  facet normal 9.978589e-01 0.000000e+00 -6.540313e-02
    outer loop
      vertex   -1.660000e+01 8.000000e+00 2.050000e+01
      vertex   -1.658631e+01 5.500000e+00 2.070884e+01
      vertex   -1.660000e+01 5.500000e+00 2.050000e+01
    endloop
  endfacet
  facet normal 9.978589e-01 0.000000e+00 6.540313e-02
    outer loop
      vertex   -1.660000e+01 8.000000e+00 2.050000e+01
      vertex   -1.660000e+01 5.500000e+00 2.050000e+01
      vertex   -1.658631e+01 8.000000e+00 2.029116e+01
    endloop
  endfacet
  facet normal 9.978589e-01 0.000000e+00 6.540313e-02
    outer loop
      vertex   -1.658631e+01 8.000000e+00 2.029116e+01
      vertex   -1.660000e+01 5.500000e+00 2.050000e+01
      vertex   -1.658631e+01 5.500000e+00 2.029116e+01
    endloop
  endfacet
  facet normal 9.807853e-01 0.000000e+00 1.950903e-01
    outer loop
      vertex   -1.658631e+01 8.000000e+00 2.029116e+01
      vertex   -1.658631e+01 5.500000e+00 2.029116e+01
      vertex   -1.654548e+01 8.000000e+00 2.008589e+01
    endloop
  endfacet
  facet normal 9.807853e-01 0.000000e+00 1.950903e-01
    outer loop
      vertex   -1.654548e+01 8.000000e+00 2.008589e+01
      vertex   -1.658631e+01 5.500000e+00 2.029116e+01
      vertex   -1.654548e+01 5.500000e+00 2.008589e+01
    endloop
  endfacet
  facet normal 9.469301e-01 0.000000e+00 3.214395e-01
    outer loop
      vertex   -1.654548e+01 8.000000e+00 2.008589e+01
      vertex   -1.654548e+01 5.500000e+00 2.008589e+01
      vertex   -1.647821e+01 8.000000e+00 1.988771e+01
    endloop
  endfacet
  facet normal 9.469301e-01 0.000000e+00 3.214395e-01
    outer loop
      vertex   -1.647821e+01 8.000000e+00 1.988771e+01
      vertex   -1.654548e+01 5.500000e+00 2.008589e+01
      vertex   -1.647821e+01 5.500000e+00 1.988771e+01
    endloop
  endfacet
  facet normal 8.968727e-01 0.000000e+00 4.422887e-01
    outer loop
      vertex   -1.647821e+01 8.000000e+00 1.988771e+01
      vertex   -1.647821e+01 5.500000e+00 1.988771e+01
      vertex   -1.638564e+01 8.000000e+00 1.970000e+01
    endloop
  endfacet
  facet normal 8.968727e-01 0.000000e+00 4.422887e-01
    outer loop
      vertex   -1.638564e+01 8.000000e+00 1.970000e+01
      vertex   -1.647821e+01 5.500000e+00 1.988771e+01
      vertex   -1.638564e+01 5.500000e+00 1.970000e+01
    endloop
  endfacet
  facet normal 8.314696e-01 0.000000e+00 5.555702e-01
    outer loop
      vertex   -1.638564e+01 8.000000e+00 1.970000e+01
      vertex   -1.638564e+01 5.500000e+00 1.970000e+01
      vertex   -1.626937e+01 8.000000e+00 1.952598e+01
    endloop
  endfacet
  facet normal 8.314696e-01 -1.181589e-15 5.555702e-01
    outer loop
      vertex   -1.626937e+01 8.000000e+00 1.952598e+01
      vertex   -1.638564e+01 5.500000e+00 1.970000e+01
      vertex   -1.626937e+01 5.500000e+00 1.952598e+01
    endloop
  endfacet
  facet normal 7.518398e-01 -1.068429e-15 6.593458e-01
    outer loop
      vertex   -1.626937e+01 8.000000e+00 1.952598e+01
      vertex   -1.626937e+01 5.500000e+00 1.952598e+01
      vertex   -1.613137e+01 8.000000e+00 1.936863e+01
    endloop
  endfacet
  facet normal 7.518398e-01 0.000000e+00 6.593458e-01
    outer loop
      vertex   -1.613137e+01 8.000000e+00 1.936863e+01
      vertex   -1.626937e+01 5.500000e+00 1.952598e+01
      vertex   -1.613137e+01 5.500000e+00 1.936863e+01
    endloop
  endfacet
  facet normal 6.593458e-01 0.000000e+00 7.518398e-01
    outer loop
      vertex   -1.613137e+01 8.000000e+00 1.936863e+01
      vertex   -1.613137e+01 5.500000e+00 1.936863e+01
      vertex   -1.597402e+01 8.000000e+00 1.923063e+01
    endloop
  endfacet
  facet normal 6.593458e-01 0.000000e+00 7.518398e-01
    outer loop
      vertex   -1.597402e+01 8.000000e+00 1.923063e+01
      vertex   -1.613137e+01 5.500000e+00 1.936863e+01
      vertex   -1.597402e+01 5.500000e+00 1.923063e+01
    endloop
  endfacet
  facet normal 5.555702e-01 0.000000e+00 8.314696e-01
    outer loop
      vertex   -1.597402e+01 8.000000e+00 1.923063e+01
      vertex   -1.597402e+01 5.500000e+00 1.923063e+01
      vertex   -1.580000e+01 8.000000e+00 1.911436e+01
    endloop
  endfacet
  facet normal 5.555702e-01 0.000000e+00 8.314696e-01
    outer loop
      vertex   -1.580000e+01 8.000000e+00 1.911436e+01
      vertex   -1.597402e+01 5.500000e+00 1.923063e+01
      vertex   -1.580000e+01 5.500000e+00 1.911436e+01
    endloop
  endfacet
  facet normal 4.422887e-01 0.000000e+00 8.968727e-01
    outer loop
      vertex   -1.580000e+01 8.000000e+00 1.911436e+01
      vertex   -1.580000e+01 5.500000e+00 1.911436e+01
      vertex   -1.561229e+01 8.000000e+00 1.902179e+01
    endloop
  endfacet
  facet normal 4.422887e-01 0.000000e+00 8.968727e-01
    outer loop
      vertex   -1.561229e+01 8.000000e+00 1.902179e+01
      vertex   -1.580000e+01 5.500000e+00 1.911436e+01
      vertex   -1.561229e+01 5.500000e+00 1.902179e+01
    endloop
  endfacet
  facet normal 3.214395e-01 0.000000e+00 9.469301e-01
    outer loop
      vertex   -1.561229e+01 8.000000e+00 1.902179e+01
      vertex   -1.561229e+01 5.500000e+00 1.902179e+01
      vertex   -1.541411e+01 8.000000e+00 1.895452e+01
    endloop
  endfacet
  facet normal 3.214395e-01 0.000000e+00 9.469301e-01
    outer loop
      vertex   -1.541411e+01 8.000000e+00 1.895452e+01
      vertex   -1.561229e+01 5.500000e+00 1.902179e+01
      vertex   -1.541411e+01 5.500000e+00 1.895452e+01
    endloop
  endfacet
  facet normal 1.950903e-01 0.000000e+00 9.807853e-01
    outer loop
      vertex   -1.541411e+01 8.000000e+00 1.895452e+01
      vertex   -1.541411e+01 5.500000e+00 1.895452e+01
      vertex   -1.520884e+01 8.000000e+00 1.891369e+01
    endloop
  endfacet
  facet normal 1.950903e-01 0.000000e+00 9.807853e-01
    outer loop
      vertex   -1.520884e+01 8.000000e+00 1.891369e+01
      vertex   -1.541411e+01 5.500000e+00 1.895452e+01
      vertex   -1.520884e+01 5.500000e+00 1.891369e+01
    endloop
  endfacet
  facet normal -6.540313e-02 9.294344e-17 9.978589e-01
    outer loop
      vertex   -1.479116e+01 3.000000e+00 1.891369e+01
      vertex   -1.479116e+01 5.500000e+00 1.891369e+01
      vertex   -1.500000e+01 3.000000e+00 1.890000e+01
    endloop
  endfacet
  facet normal -6.540313e-02 -1.418043e-15 9.978589e-01
    outer loop
      vertex   -1.500000e+01 3.000000e+00 1.890000e+01
      vertex   -1.479116e+01 5.500000e+00 1.891369e+01
      vertex   -1.500000e+01 5.500000e+00 1.890000e+01
    endloop
  endfacet
  facet normal 6.540313e-02 -1.418043e-15 9.978589e-01
    outer loop
      vertex   -1.500000e+01 3.000000e+00 1.890000e+01
      vertex   -1.500000e+01 5.500000e+00 1.890000e+01
      vertex   -1.520884e+01 3.000000e+00 1.891369e+01
    endloop
  endfacet
  facet normal 6.540313e-02 -9.294344e-17 9.978589e-01
    outer loop
      vertex   -1.520884e+01 3.000000e+00 1.891369e+01
      vertex   -1.500000e+01 5.500000e+00 1.890000e+01
      vertex   -1.520884e+01 5.500000e+00 1.891369e+01
    endloop
  endfacet
  facet normal 1.950903e-01 -2.772400e-16 9.807853e-01
    outer loop
      vertex   -1.520884e+01 3.000000e+00 1.891369e+01
      vertex   -1.520884e+01 5.500000e+00 1.891369e+01
      vertex   -1.541411e+01 3.000000e+00 1.895452e+01
    endloop
  endfacet
  facet normal 1.950903e-01 -1.386200e-16 9.807853e-01
    outer loop
      vertex   -1.541411e+01 3.000000e+00 1.895452e+01
      vertex   -1.520884e+01 5.500000e+00 1.891369e+01
      vertex   -1.541411e+01 5.500000e+00 1.895452e+01
    endloop
  endfacet
  facet normal 3.214395e-01 -2.283965e-16 9.469301e-01
    outer loop
      vertex   -1.541411e+01 3.000000e+00 1.895452e+01
      vertex   -1.541411e+01 5.500000e+00 1.895452e+01
      vertex   -1.561229e+01 3.000000e+00 1.902179e+01
    endloop
  endfacet
  facet normal 3.214395e-01 1.345669e-15 9.469301e-01
    outer loop
      vertex   -1.561229e+01 3.000000e+00 1.902179e+01
      vertex   -1.541411e+01 5.500000e+00 1.895452e+01
      vertex   -1.561229e+01 5.500000e+00 1.902179e+01
    endloop
  endfacet
  facet normal 4.422887e-01 1.274533e-15 8.968727e-01
    outer loop
      vertex   -1.561229e+01 3.000000e+00 1.902179e+01
      vertex   -1.561229e+01 5.500000e+00 1.902179e+01
      vertex   -1.580000e+01 3.000000e+00 1.911436e+01
    endloop
  endfacet
  facet normal 4.422887e-01 -0.000000e+00 8.968727e-01
    outer loop
      vertex   -1.580000e+01 3.000000e+00 1.911436e+01
      vertex   -1.561229e+01 5.500000e+00 1.902179e+01
      vertex   -1.580000e+01 5.500000e+00 1.911436e+01
    endloop
  endfacet
  facet normal 5.555702e-01 -0.000000e+00 8.314696e-01
    outer loop
      vertex   -1.580000e+01 3.000000e+00 1.911436e+01
      vertex   -1.580000e+01 5.500000e+00 1.911436e+01
      vertex   -1.597402e+01 3.000000e+00 1.923063e+01
    endloop
  endfacet
  facet normal 5.555702e-01 -0.000000e+00 8.314696e-01
    outer loop
      vertex   -1.597402e+01 3.000000e+00 1.923063e+01
      vertex   -1.580000e+01 5.500000e+00 1.911436e+01
      vertex   -1.597402e+01 5.500000e+00 1.923063e+01
    endloop
  endfacet
  facet normal 6.593458e-01 -0.000000e+00 7.518398e-01
    outer loop
      vertex   -1.597402e+01 3.000000e+00 1.923063e+01
      vertex   -1.597402e+01 5.500000e+00 1.923063e+01
      vertex   -1.613137e+01 3.000000e+00 1.936863e+01
    endloop
  endfacet
  facet normal 6.593458e-01 -0.000000e+00 7.518398e-01
    outer loop
      vertex   -1.613137e+01 3.000000e+00 1.936863e+01
      vertex   -1.597402e+01 5.500000e+00 1.923063e+01
      vertex   -1.613137e+01 5.500000e+00 1.936863e+01
    endloop
  endfacet
  facet normal 7.518398e-01 -0.000000e+00 6.593458e-01
    outer loop
      vertex   -1.613137e+01 3.000000e+00 1.936863e+01
      vertex   -1.613137e+01 5.500000e+00 1.936863e+01
      vertex   -1.626937e+01 3.000000e+00 1.952598e+01
    endloop
  endfacet
  facet normal 7.518398e-01 9.369868e-16 6.593458e-01
    outer loop
      vertex   -1.626937e+01 3.000000e+00 1.952598e+01
      vertex   -1.613137e+01 5.500000e+00 1.936863e+01
      vertex   -1.626937e+01 5.500000e+00 1.952598e+01
    endloop
  endfacet
  facet normal 8.314696e-01 7.895128e-16 5.555702e-01
    outer loop
      vertex   -1.626937e+01 3.000000e+00 1.952598e+01
      vertex   -1.626937e+01 5.500000e+00 1.952598e+01
      vertex   -1.638564e+01 3.000000e+00 1.970000e+01
    endloop
  endfacet
  facet normal 8.314696e-01 -0.000000e+00 5.555702e-01
    outer loop
      vertex   -1.638564e+01 3.000000e+00 1.970000e+01
      vertex   -1.626937e+01 5.500000e+00 1.952598e+01
      vertex   -1.638564e+01 5.500000e+00 1.970000e+01
    endloop
  endfacet
  facet normal 8.968727e-01 -0.000000e+00 4.422887e-01
    outer loop
      vertex   -1.638564e+01 3.000000e+00 1.970000e+01
      vertex   -1.638564e+01 5.500000e+00 1.970000e+01
      vertex   -1.647821e+01 3.000000e+00 1.988771e+01
    endloop
  endfacet
  facet normal 8.968727e-01 -0.000000e+00 4.422887e-01
    outer loop
      vertex   -1.647821e+01 3.000000e+00 1.988771e+01
      vertex   -1.638564e+01 5.500000e+00 1.970000e+01
      vertex   -1.647821e+01 5.500000e+00 1.988771e+01
    endloop
  endfacet
  facet normal 9.469301e-01 -0.000000e+00 3.214395e-01
    outer loop
      vertex   -1.647821e+01 3.000000e+00 1.988771e+01
      vertex   -1.647821e+01 5.500000e+00 1.988771e+01
      vertex   -1.654548e+01 3.000000e+00 2.008589e+01
    endloop
  endfacet
  facet normal 9.469301e-01 -0.000000e+00 3.214395e-01
    outer loop
      vertex   -1.654548e+01 3.000000e+00 2.008589e+01
      vertex   -1.647821e+01 5.500000e+00 1.988771e+01
      vertex   -1.654548e+01 5.500000e+00 2.008589e+01
    endloop
  endfacet
  facet normal 9.807853e-01 -0.000000e+00 1.950903e-01
    outer loop
      vertex   -1.654548e+01 3.000000e+00 2.008589e+01
      vertex   -1.654548e+01 5.500000e+00 2.008589e+01
      vertex   -1.658631e+01 3.000000e+00 2.029116e+01
    endloop
  endfacet
  facet normal 9.807853e-01 -0.000000e+00 1.950903e-01
    outer loop
      vertex   -1.658631e+01 3.000000e+00 2.029116e+01
      vertex   -1.654548e+01 5.500000e+00 2.008589e+01
      vertex   -1.658631e+01 5.500000e+00 2.029116e+01
    endloop
  endfacet
  facet normal 9.978589e-01 -0.000000e+00 6.540313e-02
    outer loop
      vertex   -1.658631e+01 3.000000e+00 2.029116e+01
      vertex   -1.658631e+01 5.500000e+00 2.029116e+01
      vertex   -1.660000e+01 3.000000e+00 2.050000e+01
    endloop
  endfacet
  facet normal 9.978589e-01 -0.000000e+00 6.540313e-02
    outer loop
      vertex   -1.660000e+01 3.000000e+00 2.050000e+01
      vertex   -1.658631e+01 5.500000e+00 2.029116e+01
      vertex   -1.660000e+01 5.500000e+00 2.050000e+01
    endloop
  endfacet
  facet normal 9.978589e-01 0.000000e+00 -6.540313e-02
    outer loop
      vertex   -1.660000e+01 3.000000e+00 2.050000e+01
      vertex   -1.660000e+01 5.500000e+00 2.050000e+01
      vertex   -1.658631e+01 3.000000e+00 2.070884e+01
    endloop
  endfacet
  facet normal 9.978589e-01 0.000000e+00 -6.540313e-02
    outer loop
      vertex   -1.658631e+01 3.000000e+00 2.070884e+01
      vertex   -1.660000e+01 5.500000e+00 2.050000e+01
      vertex   -1.658631e+01 5.500000e+00 2.070884e+01
    endloop
  endfacet
  facet normal 9.807853e-01 0.000000e+00 -1.950903e-01
    outer loop
      vertex   -1.658631e+01 3.000000e+00 2.070884e+01
      vertex   -1.658631e+01 5.500000e+00 2.070884e+01
      vertex   -1.654548e+01 3.000000e+00 2.091411e+01
    endloop
  endfacet
  facet normal 9.807853e-01 0.000000e+00 -1.950903e-01
    outer loop
      vertex   -1.654548e+01 3.000000e+00 2.091411e+01
      vertex   -1.658631e+01 5.500000e+00 2.070884e+01
      vertex   -1.654548e+01 5.500000e+00 2.091411e+01
    endloop
  endfacet
  facet normal 9.469301e-01 0.000000e+00 -3.214395e-01
    outer loop
      vertex   -1.654548e+01 3.000000e+00 2.091411e+01
      vertex   -1.654548e+01 5.500000e+00 2.091411e+01
      vertex   -1.647821e+01 3.000000e+00 2.111229e+01
    endloop
  endfacet
  facet normal 9.469301e-01 0.000000e+00 -3.214395e-01
    outer loop
      vertex   -1.647821e+01 3.000000e+00 2.111229e+01
      vertex   -1.654548e+01 5.500000e+00 2.091411e+01
      vertex   -1.647821e+01 5.500000e+00 2.111229e+01
    endloop
  endfacet
  facet normal 8.968727e-01 0.000000e+00 -4.422887e-01
    outer loop
      vertex   -1.647821e+01 3.000000e+00 2.111229e+01
      vertex   -1.647821e+01 5.500000e+00 2.111229e+01
      vertex   -1.638564e+01 3.000000e+00 2.130000e+01
    endloop
  endfacet
  facet normal 8.968727e-01 0.000000e+00 -4.422887e-01
    outer loop
      vertex   -1.638564e+01 3.000000e+00 2.130000e+01
      vertex   -1.647821e+01 5.500000e+00 2.111229e+01
      vertex   -1.638564e+01 5.500000e+00 2.130000e+01
    endloop
  endfacet
  facet normal 8.314696e-01 0.000000e+00 -5.555702e-01
    outer loop
      vertex   -1.638564e+01 3.000000e+00 2.130000e+01
      vertex   -1.638564e+01 5.500000e+00 2.130000e+01
      vertex   -1.626937e+01 3.000000e+00 2.147402e+01
    endloop
  endfacet
  facet normal 8.314696e-01 1.181589e-15 -5.555702e-01
    outer loop
      vertex   -1.626937e+01 3.000000e+00 2.147402e+01
      vertex   -1.638564e+01 5.500000e+00 2.130000e+01
      vertex   -1.626937e+01 5.500000e+00 2.147402e+01
    endloop
  endfacet
  facet normal 7.518398e-01 1.068429e-15 -6.593458e-01
    outer loop
      vertex   -1.626937e+01 3.000000e+00 2.147402e+01
      vertex   -1.626937e+01 5.500000e+00 2.147402e+01
      vertex   -1.613137e+01 3.000000e+00 2.163137e+01
    endloop
  endfacet
  facet normal 7.518398e-01 0.000000e+00 -6.593458e-01
    outer loop
      vertex   -1.613137e+01 3.000000e+00 2.163137e+01
      vertex   -1.626937e+01 5.500000e+00 2.147402e+01
      vertex   -1.613137e+01 5.500000e+00 2.163137e+01
    endloop
  endfacet
  facet normal 6.593458e-01 0.000000e+00 -7.518398e-01
    outer loop
      vertex   -1.613137e+01 3.000000e+00 2.163137e+01
      vertex   -1.613137e+01 5.500000e+00 2.163137e+01
      vertex   -1.597402e+01 3.000000e+00 2.176937e+01
    endloop
  endfacet
  facet normal 6.593458e-01 0.000000e+00 -7.518398e-01
    outer loop
      vertex   -1.597402e+01 3.000000e+00 2.176937e+01
      vertex   -1.613137e+01 5.500000e+00 2.163137e+01
      vertex   -1.597402e+01 5.500000e+00 2.176937e+01
    endloop
  endfacet
  facet normal 5.555702e-01 0.000000e+00 -8.314696e-01
    outer loop
      vertex   -1.597402e+01 3.000000e+00 2.176937e+01
      vertex   -1.597402e+01 5.500000e+00 2.176937e+01
      vertex   -1.580000e+01 3.000000e+00 2.188564e+01
    endloop
  endfacet
  facet normal 5.555702e-01 0.000000e+00 -8.314696e-01
    outer loop
      vertex   -1.580000e+01 3.000000e+00 2.188564e+01
      vertex   -1.597402e+01 5.500000e+00 2.176937e+01
      vertex   -1.580000e+01 5.500000e+00 2.188564e+01
    endloop
  endfacet
  facet normal 4.422887e-01 0.000000e+00 -8.968727e-01
    outer loop
      vertex   -1.580000e+01 3.000000e+00 2.188564e+01
      vertex   -1.580000e+01 5.500000e+00 2.188564e+01
      vertex   -1.561229e+01 3.000000e+00 2.197821e+01
    endloop
  endfacet
  facet normal 4.422887e-01 0.000000e+00 -8.968727e-01
    outer loop
      vertex   -1.561229e+01 3.000000e+00 2.197821e+01
      vertex   -1.580000e+01 5.500000e+00 2.188564e+01
      vertex   -1.561229e+01 5.500000e+00 2.197821e+01
    endloop
  endfacet
  facet normal 3.214395e-01 0.000000e+00 -9.469301e-01
    outer loop
      vertex   -1.561229e+01 3.000000e+00 2.197821e+01
      vertex   -1.561229e+01 5.500000e+00 2.197821e+01
      vertex   -1.541411e+01 3.000000e+00 2.204548e+01
    endloop
  endfacet
  facet normal 3.214395e-01 0.000000e+00 -9.469301e-01
    outer loop
      vertex   -1.541411e+01 3.000000e+00 2.204548e+01
      vertex   -1.561229e+01 5.500000e+00 2.197821e+01
      vertex   -1.541411e+01 5.500000e+00 2.204548e+01
    endloop
  endfacet
  facet normal 1.950903e-01 0.000000e+00 -9.807853e-01
    outer loop
      vertex   -1.541411e+01 3.000000e+00 2.204548e+01
      vertex   -1.541411e+01 5.500000e+00 2.204548e+01
      vertex   -1.520884e+01 3.000000e+00 2.208631e+01
    endloop
  endfacet
  facet normal 1.950903e-01 0.000000e+00 -9.807853e-01
    outer loop
      vertex   -1.520884e+01 3.000000e+00 2.208631e+01
      vertex   -1.541411e+01 5.500000e+00 2.204548e+01
      vertex   -1.520884e+01 5.500000e+00 2.208631e+01
    endloop
  endfacet
  facet normal 6.540313e-02 0.000000e+00 -9.978589e-01
    outer loop
      vertex   -1.520884e+01 3.000000e+00 2.208631e+01
      vertex   -1.520884e+01 5.500000e+00 2.208631e+01
      vertex   -1.500000e+01 3.000000e+00 2.210000e+01
    endloop
  endfacet
  facet normal 6.540313e-02 0.000000e+00 -9.978589e-01
    outer loop
      vertex   -1.500000e+01 3.000000e+00 2.210000e+01
      vertex   -1.520884e+01 5.500000e+00 2.208631e+01
      vertex   -1.500000e+01 5.500000e+00 2.210000e+01
    endloop
  endfacet
  facet normal -6.540313e-02 0.000000e+00 -9.978589e-01
    outer loop
      vertex   -1.500000e+01 3.000000e+00 2.210000e+01
      vertex   -1.500000e+01 5.500000e+00 2.210000e+01
      vertex   -1.479116e+01 3.000000e+00 2.208631e+01
    endloop
  endfacet
  facet normal -6.540313e-02 0.000000e+00 -9.978589e-01
    outer loop
      vertex   -1.479116e+01 3.000000e+00 2.208631e+01
      vertex   -1.500000e+01 5.500000e+00 2.210000e+01
      vertex   -1.479116e+01 5.500000e+00 2.208631e+01
    endloop
  endfacet
  facet normal -1.950903e-01 0.000000e+00 -9.807853e-01
    outer loop
      vertex   -1.479116e+01 3.000000e+00 2.208631e+01
      vertex   -1.479116e+01 5.500000e+00 2.208631e+01
      vertex   -1.458589e+01 3.000000e+00 2.204548e+01
    endloop
  endfacet
  facet normal -1.950903e-01 0.000000e+00 -9.807853e-01
    outer loop
      vertex   -1.458589e+01 3.000000e+00 2.204548e+01
      vertex   -1.479116e+01 5.500000e+00 2.208631e+01
      vertex   -1.458589e+01 5.500000e+00 2.204548e+01
    endloop
  endfacet
  facet normal -3.214395e-01 0.000000e+00 -9.469301e-01
    outer loop
      vertex   -1.458589e+01 3.000000e+00 2.204548e+01
      vertex   -1.458589e+01 5.500000e+00 2.204548e+01
      vertex   -1.438771e+01 3.000000e+00 2.197821e+01
    endloop
  endfacet
  facet normal -3.214395e-01 0.000000e+00 -9.469301e-01
    outer loop
      vertex   -1.438771e+01 3.000000e+00 2.197821e+01
      vertex   -1.458589e+01 5.500000e+00 2.204548e+01
      vertex   -1.438771e+01 5.500000e+00 2.197821e+01
    endloop
  endfacet
  facet normal -4.422887e-01 0.000000e+00 -8.968727e-01
    outer loop
      vertex   -1.438771e+01 3.000000e+00 2.197821e+01
      vertex   -1.438771e+01 5.500000e+00 2.197821e+01
      vertex   -1.420000e+01 3.000000e+00 2.188564e+01
    endloop
  endfacet
  facet normal -4.422887e-01 0.000000e+00 -8.968727e-01
    outer loop
      vertex   -1.420000e+01 3.000000e+00 2.188564e+01
      vertex   -1.438771e+01 5.500000e+00 2.197821e+01
      vertex   -1.420000e+01 5.500000e+00 2.188564e+01
    endloop
  endfacet
  facet normal -5.555702e-01 0.000000e+00 -8.314696e-01
    outer loop
      vertex   -1.420000e+01 3.000000e+00 2.188564e+01
      vertex   -1.420000e+01 5.500000e+00 2.188564e+01
      vertex   -1.402598e+01 3.000000e+00 2.176937e+01
    endloop
  endfacet
  facet normal -5.555702e-01 0.000000e+00 -8.314696e-01
    outer loop
      vertex   -1.402598e+01 3.000000e+00 2.176937e+01
      vertex   -1.420000e+01 5.500000e+00 2.188564e+01
      vertex   -1.402598e+01 5.500000e+00 2.176937e+01
    endloop
  endfacet
  facet normal -6.593458e-01 0.000000e+00 -7.518398e-01
    outer loop
      vertex   -1.402598e+01 3.000000e+00 2.176937e+01
      vertex   -1.402598e+01 5.500000e+00 2.176937e+01
      vertex   -1.386863e+01 3.000000e+00 2.163137e+01
    endloop
  endfacet
  facet normal -6.593458e-01 0.000000e+00 -7.518398e-01
    outer loop
      vertex   -1.386863e+01 3.000000e+00 2.163137e+01
      vertex   -1.402598e+01 5.500000e+00 2.176937e+01
      vertex   -1.386863e+01 5.500000e+00 2.163137e+01
    endloop
  endfacet
  facet normal -7.518398e-01 0.000000e+00 -6.593458e-01
    outer loop
      vertex   -1.386863e+01 3.000000e+00 2.163137e+01
      vertex   -1.386863e+01 5.500000e+00 2.163137e+01
      vertex   -1.373063e+01 3.000000e+00 2.147402e+01
    endloop
  endfacet
  facet normal -7.518398e-01 0.000000e+00 -6.593458e-01
    outer loop
      vertex   -1.373063e+01 3.000000e+00 2.147402e+01
      vertex   -1.386863e+01 5.500000e+00 2.163137e+01
      vertex   -1.373063e+01 5.500000e+00 2.147402e+01
    endloop
  endfacet
  facet normal -8.314696e-01 0.000000e+00 -5.555702e-01
    outer loop
      vertex   -1.373063e+01 3.000000e+00 2.147402e+01
      vertex   -1.373063e+01 5.500000e+00 2.147402e+01
      vertex   -1.361436e+01 3.000000e+00 2.130000e+01
    endloop
  endfacet
  facet normal -8.314696e-01 0.000000e+00 -5.555702e-01
    outer loop
      vertex   -1.361436e+01 3.000000e+00 2.130000e+01
      vertex   -1.373063e+01 5.500000e+00 2.147402e+01
      vertex   -1.361436e+01 5.500000e+00 2.130000e+01
    endloop
  endfacet
  facet normal -8.968727e-01 0.000000e+00 -4.422887e-01
    outer loop
      vertex   -1.361436e+01 3.000000e+00 2.130000e+01
      vertex   -1.361436e+01 5.500000e+00 2.130000e+01
      vertex   -1.352179e+01 3.000000e+00 2.111229e+01
    endloop
  endfacet
  facet normal -8.968727e-01 1.257060e-15 -4.422887e-01
    outer loop
      vertex   -1.352179e+01 3.000000e+00 2.111229e+01
      vertex   -1.361436e+01 5.500000e+00 2.130000e+01
      vertex   -1.352179e+01 5.500000e+00 2.111229e+01
    endloop
  endfacet
  facet normal -9.469301e-01 9.135859e-16 -3.214395e-01
    outer loop
      vertex   -1.352179e+01 3.000000e+00 2.111229e+01
      vertex   -1.352179e+01 5.500000e+00 2.111229e+01
      vertex   -1.345452e+01 3.000000e+00 2.091411e+01
    endloop
  endfacet
  facet normal -9.469301e-01 0.000000e+00 -3.214395e-01
    outer loop
      vertex   -1.345452e+01 3.000000e+00 2.091411e+01
      vertex   -1.352179e+01 5.500000e+00 2.111229e+01
      vertex   -1.345452e+01 5.500000e+00 2.091411e+01
    endloop
  endfacet
  facet normal -9.807853e-01 0.000000e+00 -1.950903e-01
    outer loop
      vertex   -1.345452e+01 3.000000e+00 2.091411e+01
      vertex   -1.345452e+01 5.500000e+00 2.091411e+01
      vertex   -1.341369e+01 3.000000e+00 2.070884e+01
    endloop
  endfacet
  facet normal -9.807853e-01 0.000000e+00 -1.950903e-01
    outer loop
      vertex   -1.341369e+01 3.000000e+00 2.070884e+01
      vertex   -1.345452e+01 5.500000e+00 2.091411e+01
      vertex   -1.341369e+01 5.500000e+00 2.070884e+01
    endloop
  endfacet
  facet normal -9.978589e-01 0.000000e+00 -6.540313e-02
    outer loop
      vertex   -1.341369e+01 3.000000e+00 2.070884e+01
      vertex   -1.341369e+01 5.500000e+00 2.070884e+01
      vertex   -1.340000e+01 3.000000e+00 2.050000e+01
    endloop
  endfacet
  facet normal -9.978589e-01 0.000000e+00 -6.540313e-02
    outer loop
      vertex   -1.340000e+01 3.000000e+00 2.050000e+01
      vertex   -1.341369e+01 5.500000e+00 2.070884e+01
      vertex   -1.340000e+01 5.500000e+00 2.050000e+01
    endloop
  endfacet
  facet normal -9.978589e-01 0.000000e+00 6.540313e-02
    outer loop
      vertex   -1.340000e+01 3.000000e+00 2.050000e+01
      vertex   -1.340000e+01 5.500000e+00 2.050000e+01
      vertex   -1.341369e+01 3.000000e+00 2.029116e+01
    endloop
  endfacet
  facet normal -9.978589e-01 0.000000e+00 6.540313e-02
    outer loop
      vertex   -1.341369e+01 3.000000e+00 2.029116e+01
      vertex   -1.340000e+01 5.500000e+00 2.050000e+01
      vertex   -1.341369e+01 5.500000e+00 2.029116e+01
    endloop
  endfacet
  facet normal -9.807853e-01 0.000000e+00 1.950903e-01
    outer loop
      vertex   -1.341369e+01 3.000000e+00 2.029116e+01
      vertex   -1.341369e+01 5.500000e+00 2.029116e+01
      vertex   -1.345452e+01 3.000000e+00 2.008589e+01
    endloop
  endfacet
  facet normal -9.807853e-01 0.000000e+00 1.950903e-01
    outer loop
      vertex   -1.345452e+01 3.000000e+00 2.008589e+01
      vertex   -1.341369e+01 5.500000e+00 2.029116e+01
      vertex   -1.345452e+01 5.500000e+00 2.008589e+01
    endloop
  endfacet
  facet normal -9.469301e-01 0.000000e+00 3.214395e-01
    outer loop
      vertex   -1.345452e+01 3.000000e+00 2.008589e+01
      vertex   -1.345452e+01 5.500000e+00 2.008589e+01
      vertex   -1.352179e+01 3.000000e+00 1.988771e+01
    endloop
  endfacet
  facet normal -9.469301e-01 0.000000e+00 3.214395e-01
    outer loop
      vertex   -1.352179e+01 3.000000e+00 1.988771e+01
      vertex   -1.345452e+01 5.500000e+00 2.008589e+01
      vertex   -1.352179e+01 5.500000e+00 1.988771e+01
    endloop
  endfacet
  facet normal -8.968727e-01 0.000000e+00 4.422887e-01
    outer loop
      vertex   -1.352179e+01 3.000000e+00 1.988771e+01
      vertex   -1.352179e+01 5.500000e+00 1.988771e+01
      vertex   -1.361436e+01 3.000000e+00 1.970000e+01
    endloop
  endfacet
  facet normal -8.968727e-01 0.000000e+00 4.422887e-01
    outer loop
      vertex   -1.361436e+01 3.000000e+00 1.970000e+01
      vertex   -1.352179e+01 5.500000e+00 1.988771e+01
      vertex   -1.361436e+01 5.500000e+00 1.970000e+01
    endloop
  endfacet
  facet normal -8.314696e-01 0.000000e+00 5.555702e-01
    outer loop
      vertex   -1.361436e+01 3.000000e+00 1.970000e+01
      vertex   -1.361436e+01 5.500000e+00 1.970000e+01
      vertex   -1.373063e+01 3.000000e+00 1.952598e+01
    endloop
  endfacet
  facet normal -8.314696e-01 -1.987181e-16 5.555702e-01
    outer loop
      vertex   -1.373063e+01 3.000000e+00 1.952598e+01
      vertex   -1.361436e+01 5.500000e+00 1.970000e+01
      vertex   -1.373063e+01 5.500000e+00 1.952598e+01
    endloop
  endfacet
  facet normal -7.518398e-01 -4.027724e-16 6.593458e-01
    outer loop
      vertex   -1.373063e+01 3.000000e+00 1.952598e+01
      vertex   -1.373063e+01 5.500000e+00 1.952598e+01
      vertex   -1.386863e+01 3.000000e+00 1.936863e+01
    endloop
  endfacet
  facet normal -7.518398e-01 0.000000e+00 6.593458e-01
    outer loop
      vertex   -1.386863e+01 3.000000e+00 1.936863e+01
      vertex   -1.373063e+01 5.500000e+00 1.952598e+01
      vertex   -1.386863e+01 5.500000e+00 1.936863e+01
    endloop
  endfacet
  facet normal -6.593458e-01 0.000000e+00 7.518398e-01
    outer loop
      vertex   -1.386863e+01 3.000000e+00 1.936863e+01
      vertex   -1.386863e+01 5.500000e+00 1.936863e+01
      vertex   -1.402598e+01 3.000000e+00 1.923063e+01
    endloop
  endfacet
  facet normal -6.593458e-01 0.000000e+00 7.518398e-01
    outer loop
      vertex   -1.402598e+01 3.000000e+00 1.923063e+01
      vertex   -1.386863e+01 5.500000e+00 1.936863e+01
      vertex   -1.402598e+01 5.500000e+00 1.923063e+01
    endloop
  endfacet
  facet normal -5.555702e-01 0.000000e+00 8.314696e-01
    outer loop
      vertex   -1.402598e+01 3.000000e+00 1.923063e+01
      vertex   -1.402598e+01 5.500000e+00 1.923063e+01
      vertex   -1.420000e+01 3.000000e+00 1.911436e+01
    endloop
  endfacet
  facet normal -5.555702e-01 0.000000e+00 8.314696e-01
    outer loop
      vertex   -1.420000e+01 3.000000e+00 1.911436e+01
      vertex   -1.402598e+01 5.500000e+00 1.923063e+01
      vertex   -1.420000e+01 5.500000e+00 1.911436e+01
    endloop
  endfacet
  facet normal -4.422887e-01 0.000000e+00 8.968727e-01
    outer loop
      vertex   -1.420000e+01 3.000000e+00 1.911436e+01
      vertex   -1.420000e+01 5.500000e+00 1.911436e+01
      vertex   -1.438771e+01 3.000000e+00 1.902179e+01
    endloop
  endfacet
  facet normal -4.422887e-01 0.000000e+00 8.968727e-01
    outer loop
      vertex   -1.438771e+01 3.000000e+00 1.902179e+01
      vertex   -1.420000e+01 5.500000e+00 1.911436e+01
      vertex   -1.438771e+01 5.500000e+00 1.902179e+01
    endloop
  endfacet
  facet normal -3.214395e-01 0.000000e+00 9.469301e-01
    outer loop
      vertex   -1.438771e+01 3.000000e+00 1.902179e+01
      vertex   -1.438771e+01 5.500000e+00 1.902179e+01
      vertex   -1.458589e+01 3.000000e+00 1.895452e+01
    endloop
  endfacet
  facet normal -3.214395e-01 2.283965e-16 9.469301e-01
    outer loop
      vertex   -1.458589e+01 3.000000e+00 1.895452e+01
      vertex   -1.438771e+01 5.500000e+00 1.902179e+01
      vertex   -1.458589e+01 5.500000e+00 1.895452e+01
    endloop
  endfacet
  facet normal -1.950903e-01 1.386200e-16 9.807853e-01
    outer loop
      vertex   -1.458589e+01 3.000000e+00 1.895452e+01
      vertex   -1.458589e+01 5.500000e+00 1.895452e+01
      vertex   -1.479116e+01 3.000000e+00 1.891369e+01
    endloop
  endfacet
  facet normal -1.950903e-01 2.772400e-16 9.807853e-01
    outer loop
      vertex   -1.479116e+01 3.000000e+00 1.891369e+01
      vertex   -1.458589e+01 5.500000e+00 1.895452e+01
      vertex   -1.479116e+01 5.500000e+00 1.891369e+01
    endloop
  endfacet
  facet normal 6.540313e-02 0.000000e+00 9.978589e-01
    outer loop
      vertex   1.479116e+01 8.000000e+00 1.891369e+01
      vertex   1.479116e+01 5.500000e+00 1.891369e+01
      vertex   1.500000e+01 8.000000e+00 1.890000e+01
    endloop
  endfacet
  facet normal 6.540313e-02 1.418043e-15 9.978589e-01
    outer loop
      vertex   1.500000e+01 8.000000e+00 1.890000e+01
      vertex   1.479116e+01 5.500000e+00 1.891369e+01
      vertex   1.500000e+01 5.500000e+00 1.890000e+01
    endloop
  endfacet
  facet normal -6.540313e-02 1.418043e-15 9.978589e-01
    outer loop
      vertex   1.500000e+01 8.000000e+00 1.890000e+01
      vertex   1.500000e+01 5.500000e+00 1.890000e+01
      vertex   1.520884e+01 8.000000e+00 1.891369e+01
    endloop
  endfacet
  facet normal -6.540313e-02 0.000000e+00 9.978589e-01
    outer loop
      vertex   1.520884e+01 8.000000e+00 1.891369e+01
      vertex   1.500000e+01 5.500000e+00 1.890000e+01
      vertex   1.520884e+01 5.500000e+00 1.891369e+01
    endloop
  endfacet
  facet normal -1.950903e-01 0.000000e+00 9.807853e-01
    outer loop
      vertex   1.520884e+01 8.000000e+00 1.891369e+01
      vertex   1.520884e+01 5.500000e+00 1.891369e+01
      vertex   1.541411e+01 8.000000e+00 1.895452e+01
    endloop
  endfacet
  facet normal -1.950903e-01 0.000000e+00 9.807853e-01
    outer loop
      vertex   1.541411e+01 8.000000e+00 1.895452e+01
      vertex   1.520884e+01 5.500000e+00 1.891369e+01
      vertex   1.541411e+01 5.500000e+00 1.895452e+01
    endloop
  endfacet
  facet normal -3.214395e-01 0.000000e+00 9.469301e-01
    outer loop
      vertex   1.541411e+01 8.000000e+00 1.895452e+01
      vertex   1.541411e+01 5.500000e+00 1.895452e+01
      vertex   1.561229e+01 8.000000e+00 1.902179e+01
    endloop
  endfacet
  facet normal -3.214395e-01 0.000000e+00 9.469301e-01
    outer loop
      vertex   1.561229e+01 8.000000e+00 1.902179e+01
      vertex   1.541411e+01 5.500000e+00 1.895452e+01
      vertex   1.561229e+01 5.500000e+00 1.902179e+01
    endloop
  endfacet
  facet normal -4.422887e-01 0.000000e+00 8.968727e-01
    outer loop
      vertex   1.561229e+01 8.000000e+00 1.902179e+01
      vertex   1.561229e+01 5.500000e+00 1.902179e+01
      vertex   1.580000e+01 8.000000e+00 1.911436e+01
    endloop
  endfacet
  facet normal -4.422887e-01 0.000000e+00 8.968727e-01
    outer loop
      vertex   1.580000e+01 8.000000e+00 1.911436e+01
      vertex   1.561229e+01 5.500000e+00 1.902179e+01
      vertex   1.580000e+01 5.500000e+00 1.911436e+01
    endloop
  endfacet
  facet normal -5.555702e-01 0.000000e+00 8.314696e-01
    outer loop
      vertex   1.580000e+01 8.000000e+00 1.911436e+01
      vertex   1.580000e+01 5.500000e+00 1.911436e+01
      vertex   1.597402e+01 8.000000e+00 1.923063e+01
    endloop
  endfacet
  facet normal -5.555702e-01 0.000000e+00 8.314696e-01
    outer loop
      vertex   1.597402e+01 8.000000e+00 1.923063e+01
      vertex   1.580000e+01 5.500000e+00 1.911436e+01
      vertex   1.597402e+01 5.500000e+00 1.923063e+01
    endloop
  endfacet
  facet normal -6.593458e-01 0.000000e+00 7.518398e-01
    outer loop
      vertex   1.597402e+01 8.000000e+00 1.923063e+01
      vertex   1.597402e+01 5.500000e+00 1.923063e+01
      vertex   1.613137e+01 8.000000e+00 1.936863e+01
    endloop
  endfacet
  facet normal -6.593458e-01 0.000000e+00 7.518398e-01
    outer loop
      vertex   1.613137e+01 8.000000e+00 1.936863e+01
      vertex   1.597402e+01 5.500000e+00 1.923063e+01
      vertex   1.613137e+01 5.500000e+00 1.936863e+01
    endloop
  endfacet
  facet normal -7.518398e-01 0.000000e+00 6.593458e-01
    outer loop
      vertex   1.613137e+01 8.000000e+00 1.936863e+01
      vertex   1.613137e+01 5.500000e+00 1.936863e+01
      vertex   1.626937e+01 8.000000e+00 1.952598e+01
    endloop
  endfacet
  facet normal -7.518398e-01 0.000000e+00 6.593458e-01
    outer loop
      vertex   1.626937e+01 8.000000e+00 1.952598e+01
      vertex   1.613137e+01 5.500000e+00 1.936863e+01
      vertex   1.626937e+01 5.500000e+00 1.952598e+01
    endloop
  endfacet
  facet normal -8.314696e-01 0.000000e+00 5.555702e-01
    outer loop
      vertex   1.626937e+01 8.000000e+00 1.952598e+01
      vertex   1.626937e+01 5.500000e+00 1.952598e+01
      vertex   1.638564e+01 8.000000e+00 1.970000e+01
    endloop
  endfacet
  facet normal -8.314696e-01 0.000000e+00 5.555702e-01
    outer loop
      vertex   1.638564e+01 8.000000e+00 1.970000e+01
      vertex   1.626937e+01 5.500000e+00 1.952598e+01
      vertex   1.638564e+01 5.500000e+00 1.970000e+01
    endloop
  endfacet
  facet normal -8.968727e-01 0.000000e+00 4.422887e-01
    outer loop
      vertex   1.638564e+01 8.000000e+00 1.970000e+01
      vertex   1.638564e+01 5.500000e+00 1.970000e+01
      vertex   1.647821e+01 8.000000e+00 1.988771e+01
    endloop
  endfacet
  facet normal -8.968727e-01 0.000000e+00 4.422887e-01
    outer loop
      vertex   1.647821e+01 8.000000e+00 1.988771e+01
      vertex   1.638564e+01 5.500000e+00 1.970000e+01
      vertex   1.647821e+01 5.500000e+00 1.988771e+01
    endloop
  endfacet
  facet normal -9.469301e-01 0.000000e+00 3.214395e-01
    outer loop
      vertex   1.647821e+01 8.000000e+00 1.988771e+01
      vertex   1.647821e+01 5.500000e+00 1.988771e+01
      vertex   1.654548e+01 8.000000e+00 2.008589e+01
    endloop
  endfacet
  facet normal -9.469301e-01 0.000000e+00 3.214395e-01
    outer loop
      vertex   1.654548e+01 8.000000e+00 2.008589e+01
      vertex   1.647821e+01 5.500000e+00 1.988771e+01
      vertex   1.654548e+01 5.500000e+00 2.008589e+01
    endloop
  endfacet
  facet normal -9.807853e-01 0.000000e+00 1.950903e-01
    outer loop
      vertex   1.654548e+01 8.000000e+00 2.008589e+01
      vertex   1.654548e+01 5.500000e+00 2.008589e+01
      vertex   1.658631e+01 8.000000e+00 2.029116e+01
    endloop
  endfacet
  facet normal -9.807853e-01 0.000000e+00 1.950903e-01
    outer loop
      vertex   1.658631e+01 8.000000e+00 2.029116e+01
      vertex   1.654548e+01 5.500000e+00 2.008589e+01
      vertex   1.658631e+01 5.500000e+00 2.029116e+01
    endloop
  endfacet
  facet normal -9.978589e-01 0.000000e+00 6.540313e-02
    outer loop
      vertex   1.658631e+01 8.000000e+00 2.029116e+01
      vertex   1.658631e+01 5.500000e+00 2.029116e+01
      vertex   1.660000e+01 8.000000e+00 2.050000e+01
    endloop
  endfacet
  facet normal -9.978589e-01 0.000000e+00 6.540313e-02
    outer loop
      vertex   1.660000e+01 8.000000e+00 2.050000e+01
      vertex   1.658631e+01 5.500000e+00 2.029116e+01
      vertex   1.660000e+01 5.500000e+00 2.050000e+01
    endloop
  endfacet
  facet normal -9.978589e-01 -0.000000e+00 -6.540313e-02
    outer loop
      vertex   1.660000e+01 8.000000e+00 2.050000e+01
      vertex   1.660000e+01 5.500000e+00 2.050000e+01
      vertex   1.658631e+01 8.000000e+00 2.070884e+01
    endloop
  endfacet
  facet normal -9.978589e-01 -0.000000e+00 -6.540313e-02
    outer loop
      vertex   1.658631e+01 8.000000e+00 2.070884e+01
      vertex   1.660000e+01 5.500000e+00 2.050000e+01
      vertex   1.658631e+01 5.500000e+00 2.070884e+01
    endloop
  endfacet
  facet normal -9.807853e-01 -0.000000e+00 -1.950903e-01
    outer loop
      vertex   1.658631e+01 8.000000e+00 2.070884e+01
      vertex   1.658631e+01 5.500000e+00 2.070884e+01
      vertex   1.654548e+01 8.000000e+00 2.091411e+01
    endloop
  endfacet
  facet normal -9.807853e-01 -0.000000e+00 -1.950903e-01
    outer loop
      vertex   1.654548e+01 8.000000e+00 2.091411e+01
      vertex   1.658631e+01 5.500000e+00 2.070884e+01
      vertex   1.654548e+01 5.500000e+00 2.091411e+01
    endloop
  endfacet
  facet normal -9.469301e-01 -0.000000e+00 -3.214395e-01
    outer loop
      vertex   1.654548e+01 8.000000e+00 2.091411e+01
      vertex   1.654548e+01 5.500000e+00 2.091411e+01
      vertex   1.647821e+01 8.000000e+00 2.111229e+01
    endloop
  endfacet
  facet normal -9.469301e-01 -0.000000e+00 -3.214395e-01
    outer loop
      vertex   1.647821e+01 8.000000e+00 2.111229e+01
      vertex   1.654548e+01 5.500000e+00 2.091411e+01
      vertex   1.647821e+01 5.500000e+00 2.111229e+01
    endloop
  endfacet
  facet normal -8.968727e-01 -0.000000e+00 -4.422887e-01
    outer loop
      vertex   1.647821e+01 8.000000e+00 2.111229e+01
      vertex   1.647821e+01 5.500000e+00 2.111229e+01
      vertex   1.638564e+01 8.000000e+00 2.130000e+01
    endloop
  endfacet
  facet normal -8.968727e-01 -0.000000e+00 -4.422887e-01
    outer loop
      vertex   1.638564e+01 8.000000e+00 2.130000e+01
      vertex   1.647821e+01 5.500000e+00 2.111229e+01
      vertex   1.638564e+01 5.500000e+00 2.130000e+01
    endloop
  endfacet
  facet normal -8.314696e-01 -0.000000e+00 -5.555702e-01
    outer loop
      vertex   1.638564e+01 8.000000e+00 2.130000e+01
      vertex   1.638564e+01 5.500000e+00 2.130000e+01
      vertex   1.626937e+01 8.000000e+00 2.147402e+01
    endloop
  endfacet
  facet normal -8.314696e-01 -0.000000e+00 -5.555702e-01
    outer loop
      vertex   1.626937e+01 8.000000e+00 2.147402e+01
      vertex   1.638564e+01 5.500000e+00 2.130000e+01
      vertex   1.626937e+01 5.500000e+00 2.147402e+01
    endloop
  endfacet
  facet normal -7.518398e-01 -0.000000e+00 -6.593458e-01
    outer loop
      vertex   1.626937e+01 8.000000e+00 2.147402e+01
      vertex   1.626937e+01 5.500000e+00 2.147402e+01
      vertex   1.613137e+01 8.000000e+00 2.163137e+01
    endloop
  endfacet
  facet normal -7.518398e-01 -0.000000e+00 -6.593458e-01
    outer loop
      vertex   1.613137e+01 8.000000e+00 2.163137e+01
      vertex   1.626937e+01 5.500000e+00 2.147402e+01
      vertex   1.613137e+01 5.500000e+00 2.163137e+01
    endloop
  endfacet
  facet normal -6.593458e-01 -0.000000e+00 -7.518398e-01
    outer loop
      vertex   1.613137e+01 8.000000e+00 2.163137e+01
      vertex   1.613137e+01 5.500000e+00 2.163137e+01
      vertex   1.597402e+01 8.000000e+00 2.176937e+01
    endloop
  endfacet
  facet normal -6.593458e-01 -0.000000e+00 -7.518398e-01
    outer loop
      vertex   1.597402e+01 8.000000e+00 2.176937e+01
      vertex   1.613137e+01 5.500000e+00 2.163137e+01
      vertex   1.597402e+01 5.500000e+00 2.176937e+01
    endloop
  endfacet
  facet normal -5.555702e-01 -0.000000e+00 -8.314696e-01
    outer loop
      vertex   1.597402e+01 8.000000e+00 2.176937e+01
      vertex   1.597402e+01 5.500000e+00 2.176937e+01
      vertex   1.580000e+01 8.000000e+00 2.188564e+01
    endloop
  endfacet
  facet normal -5.555702e-01 -0.000000e+00 -8.314696e-01
    outer loop
      vertex   1.580000e+01 8.000000e+00 2.188564e+01
      vertex   1.597402e+01 5.500000e+00 2.176937e+01
      vertex   1.580000e+01 5.500000e+00 2.188564e+01
    endloop
  endfacet
  facet normal -4.422887e-01 -0.000000e+00 -8.968727e-01
    outer loop
      vertex   1.580000e+01 8.000000e+00 2.188564e+01
      vertex   1.580000e+01 5.500000e+00 2.188564e+01
      vertex   1.561229e+01 8.000000e+00 2.197821e+01
    endloop
  endfacet
  facet normal -4.422887e-01 -0.000000e+00 -8.968727e-01
    outer loop
      vertex   1.561229e+01 8.000000e+00 2.197821e+01
      vertex   1.580000e+01 5.500000e+00 2.188564e+01
      vertex   1.561229e+01 5.500000e+00 2.197821e+01
    endloop
  endfacet
  facet normal -3.214395e-01 -0.000000e+00 -9.469301e-01
    outer loop
      vertex   1.561229e+01 8.000000e+00 2.197821e+01
      vertex   1.561229e+01 5.500000e+00 2.197821e+01
      vertex   1.541411e+01 8.000000e+00 2.204548e+01
    endloop
  endfacet
  facet normal -3.214395e-01 -0.000000e+00 -9.469301e-01
    outer loop
      vertex   1.541411e+01 8.000000e+00 2.204548e+01
      vertex   1.561229e+01 5.500000e+00 2.197821e+01
      vertex   1.541411e+01 5.500000e+00 2.204548e+01
    endloop
  endfacet
  facet normal -1.950903e-01 -0.000000e+00 -9.807853e-01
    outer loop
      vertex   1.541411e+01 8.000000e+00 2.204548e+01
      vertex   1.541411e+01 5.500000e+00 2.204548e+01
      vertex   1.520884e+01 8.000000e+00 2.208631e+01
    endloop
  endfacet
  facet normal -1.950903e-01 -0.000000e+00 -9.807853e-01
    outer loop
      vertex   1.520884e+01 8.000000e+00 2.208631e+01
      vertex   1.541411e+01 5.500000e+00 2.204548e+01
      vertex   1.520884e+01 5.500000e+00 2.208631e+01
    endloop
  endfacet
  facet normal -6.540313e-02 -0.000000e+00 -9.978589e-01
    outer loop
      vertex   1.520884e+01 8.000000e+00 2.208631e+01
      vertex   1.520884e+01 5.500000e+00 2.208631e+01
      vertex   1.500000e+01 8.000000e+00 2.210000e+01
    endloop
  endfacet
  facet normal -6.540313e-02 -0.000000e+00 -9.978589e-01
    outer loop
      vertex   1.500000e+01 8.000000e+00 2.210000e+01
      vertex   1.520884e+01 5.500000e+00 2.208631e+01
      vertex   1.500000e+01 5.500000e+00 2.210000e+01
    endloop
  endfacet
  facet normal 6.540313e-02 0.000000e+00 -9.978589e-01
    outer loop
      vertex   1.500000e+01 8.000000e+00 2.210000e+01
      vertex   1.500000e+01 5.500000e+00 2.210000e+01
      vertex   1.479116e+01 8.000000e+00 2.208631e+01
    endloop
  endfacet
  facet normal 6.540313e-02 0.000000e+00 -9.978589e-01
    outer loop
      vertex   1.479116e+01 8.000000e+00 2.208631e+01
      vertex   1.500000e+01 5.500000e+00 2.210000e+01
      vertex   1.479116e+01 5.500000e+00 2.208631e+01
    endloop
  endfacet
  facet normal 1.950903e-01 0.000000e+00 -9.807853e-01
    outer loop
      vertex   1.479116e+01 8.000000e+00 2.208631e+01
      vertex   1.479116e+01 5.500000e+00 2.208631e+01
      vertex   1.458589e+01 8.000000e+00 2.204548e+01
    endloop
  endfacet
  facet normal 1.950903e-01 0.000000e+00 -9.807853e-01
    outer loop
      vertex   1.458589e+01 8.000000e+00 2.204548e+01
      vertex   1.479116e+01 5.500000e+00 2.208631e+01
      vertex   1.458589e+01 5.500000e+00 2.204548e+01
    endloop
  endfacet
  facet normal 3.214395e-01 0.000000e+00 -9.469301e-01
    outer loop
      vertex   1.458589e+01 8.000000e+00 2.204548e+01
      vertex   1.458589e+01 5.500000e+00 2.204548e+01
      vertex   1.438771e+01 8.000000e+00 2.197821e+01
    endloop
  endfacet
  facet normal 3.214395e-01 0.000000e+00 -9.469301e-01
    outer loop
      vertex   1.438771e+01 8.000000e+00 2.197821e+01
      vertex   1.458589e+01 5.500000e+00 2.204548e+01
      vertex   1.438771e+01 5.500000e+00 2.197821e+01
    endloop
  endfacet
  facet normal 4.422887e-01 0.000000e+00 -8.968727e-01
    outer loop
      vertex   1.438771e+01 8.000000e+00 2.197821e+01
      vertex   1.438771e+01 5.500000e+00 2.197821e+01
      vertex   1.420000e+01 8.000000e+00 2.188564e+01
    endloop
  endfacet
  facet normal 4.422887e-01 0.000000e+00 -8.968727e-01
    outer loop
      vertex   1.420000e+01 8.000000e+00 2.188564e+01
      vertex   1.438771e+01 5.500000e+00 2.197821e+01
      vertex   1.420000e+01 5.500000e+00 2.188564e+01
    endloop
  endfacet
  facet normal 5.555702e-01 0.000000e+00 -8.314696e-01
    outer loop
      vertex   1.420000e+01 8.000000e+00 2.188564e+01
      vertex   1.420000e+01 5.500000e+00 2.188564e+01
      vertex   1.402598e+01 8.000000e+00 2.176937e+01
    endloop
  endfacet
  facet normal 5.555702e-01 0.000000e+00 -8.314696e-01
    outer loop
      vertex   1.402598e+01 8.000000e+00 2.176937e+01
      vertex   1.420000e+01 5.500000e+00 2.188564e+01
      vertex   1.402598e+01 5.500000e+00 2.176937e+01
    endloop
  endfacet
  facet normal 6.593458e-01 0.000000e+00 -7.518398e-01
    outer loop
      vertex   1.402598e+01 8.000000e+00 2.176937e+01
      vertex   1.402598e+01 5.500000e+00 2.176937e+01
      vertex   1.386863e+01 8.000000e+00 2.163137e+01
    endloop
  endfacet
  facet normal 6.593458e-01 0.000000e+00 -7.518398e-01
    outer loop
      vertex   1.386863e+01 8.000000e+00 2.163137e+01
      vertex   1.402598e+01 5.500000e+00 2.176937e+01
      vertex   1.386863e+01 5.500000e+00 2.163137e+01
    endloop
  endfacet
  facet normal 7.518398e-01 0.000000e+00 -6.593458e-01
    outer loop
      vertex   1.386863e+01 8.000000e+00 2.163137e+01
      vertex   1.386863e+01 5.500000e+00 2.163137e+01
      vertex   1.373063e+01 8.000000e+00 2.147402e+01
    endloop
  endfacet
  facet normal 7.518398e-01 -5.342143e-16 -6.593458e-01
    outer loop
      vertex   1.373063e+01 8.000000e+00 2.147402e+01
      vertex   1.386863e+01 5.500000e+00 2.163137e+01
      vertex   1.373063e+01 5.500000e+00 2.147402e+01
    endloop
  endfacet
  facet normal 8.314696e-01 -5.907947e-16 -5.555702e-01
    outer loop
      vertex   1.373063e+01 8.000000e+00 2.147402e+01
      vertex   1.373063e+01 5.500000e+00 2.147402e+01
      vertex   1.361436e+01 8.000000e+00 2.130000e+01
    endloop
  endfacet
  facet normal 8.314696e-01 0.000000e+00 -5.555702e-01
    outer loop
      vertex   1.361436e+01 8.000000e+00 2.130000e+01
      vertex   1.373063e+01 5.500000e+00 2.147402e+01
      vertex   1.361436e+01 5.500000e+00 2.130000e+01
    endloop
  endfacet
  facet normal 8.968727e-01 0.000000e+00 -4.422887e-01
    outer loop
      vertex   1.361436e+01 8.000000e+00 2.130000e+01
      vertex   1.361436e+01 5.500000e+00 2.130000e+01
      vertex   1.352179e+01 8.000000e+00 2.111229e+01
    endloop
  endfacet
  facet normal 8.968727e-01 0.000000e+00 -4.422887e-01
    outer loop
      vertex   1.352179e+01 8.000000e+00 2.111229e+01
      vertex   1.361436e+01 5.500000e+00 2.130000e+01
      vertex   1.352179e+01 5.500000e+00 2.111229e+01
    endloop
  endfacet
  facet normal 9.469301e-01 0.000000e+00 -3.214395e-01
    outer loop
      vertex   1.352179e+01 8.000000e+00 2.111229e+01
      vertex   1.352179e+01 5.500000e+00 2.111229e+01
      vertex   1.345452e+01 8.000000e+00 2.091411e+01
    endloop
  endfacet
  facet normal 9.469301e-01 0.000000e+00 -3.214395e-01
    outer loop
      vertex   1.345452e+01 8.000000e+00 2.091411e+01
      vertex   1.352179e+01 5.500000e+00 2.111229e+01
      vertex   1.345452e+01 5.500000e+00 2.091411e+01
    endloop
  endfacet
  facet normal 9.807853e-01 0.000000e+00 -1.950903e-01
    outer loop
      vertex   1.345452e+01 8.000000e+00 2.091411e+01
      vertex   1.345452e+01 5.500000e+00 2.091411e+01
      vertex   1.341369e+01 8.000000e+00 2.070884e+01
    endloop
  endfacet
  facet normal 9.807853e-01 0.000000e+00 -1.950903e-01
    outer loop
      vertex   1.341369e+01 8.000000e+00 2.070884e+01
      vertex   1.345452e+01 5.500000e+00 2.091411e+01
      vertex   1.341369e+01 5.500000e+00 2.070884e+01
    endloop
  endfacet
  facet normal 9.978589e-01 0.000000e+00 -6.540313e-02
    outer loop
      vertex   1.341369e+01 8.000000e+00 2.070884e+01
      vertex   1.341369e+01 5.500000e+00 2.070884e+01
      vertex   1.340000e+01 8.000000e+00 2.050000e+01
    endloop
  endfacet
  facet normal 9.978589e-01 0.000000e+00 -6.540313e-02
    outer loop
      vertex   1.340000e+01 8.000000e+00 2.050000e+01
      vertex   1.341369e+01 5.500000e+00 2.070884e+01
      vertex   1.340000e+01 5.500000e+00 2.050000e+01
    endloop
  endfacet
  facet normal 9.978589e-01 0.000000e+00 6.540313e-02
    outer loop
      vertex   1.340000e+01 8.000000e+00 2.050000e+01
      vertex   1.340000e+01 5.500000e+00 2.050000e+01
      vertex   1.341369e+01 8.000000e+00 2.029116e+01
    endloop
  endfacet
  facet normal 9.978589e-01 0.000000e+00 6.540313e-02
    outer loop
      vertex   1.341369e+01 8.000000e+00 2.029116e+01
      vertex   1.340000e+01 5.500000e+00 2.050000e+01
      vertex   1.341369e+01 5.500000e+00 2.029116e+01
    endloop
  endfacet
  facet normal 9.807853e-01 0.000000e+00 1.950903e-01
    outer loop
      vertex   1.341369e+01 8.000000e+00 2.029116e+01
      vertex   1.341369e+01 5.500000e+00 2.029116e+01
      vertex   1.345452e+01 8.000000e+00 2.008589e+01
    endloop
  endfacet
  facet normal 9.807853e-01 0.000000e+00 1.950903e-01
    outer loop
      vertex   1.345452e+01 8.000000e+00 2.008589e+01
      vertex   1.341369e+01 5.500000e+00 2.029116e+01
      vertex   1.345452e+01 5.500000e+00 2.008589e+01
    endloop
  endfacet
  facet normal 9.469301e-01 0.000000e+00 3.214395e-01
    outer loop
      vertex   1.345452e+01 8.000000e+00 2.008589e+01
      vertex   1.345452e+01 5.500000e+00 2.008589e+01
      vertex   1.352179e+01 8.000000e+00 1.988771e+01
    endloop
  endfacet
  facet normal 9.469301e-01 0.000000e+00 3.214395e-01
    outer loop
      vertex   1.352179e+01 8.000000e+00 1.988771e+01
      vertex   1.345452e+01 5.500000e+00 2.008589e+01
      vertex   1.352179e+01 5.500000e+00 1.988771e+01
    endloop
  endfacet
  facet normal 8.968727e-01 0.000000e+00 4.422887e-01
    outer loop
      vertex   1.352179e+01 8.000000e+00 1.988771e+01
      vertex   1.352179e+01 5.500000e+00 1.988771e+01
      vertex   1.361436e+01 8.000000e+00 1.970000e+01
    endloop
  endfacet
  facet normal 8.968727e-01 0.000000e+00 4.422887e-01
    outer loop
      vertex   1.361436e+01 8.000000e+00 1.970000e+01
      vertex   1.352179e+01 5.500000e+00 1.988771e+01
      vertex   1.361436e+01 5.500000e+00 1.970000e+01
    endloop
  endfacet
  facet normal 8.314696e-01 0.000000e+00 5.555702e-01
    outer loop
      vertex   1.361436e+01 8.000000e+00 1.970000e+01
      vertex   1.361436e+01 5.500000e+00 1.970000e+01
      vertex   1.373063e+01 8.000000e+00 1.952598e+01
    endloop
  endfacet
  facet normal 8.314696e-01 0.000000e+00 5.555702e-01
    outer loop
      vertex   1.373063e+01 8.000000e+00 1.952598e+01
      vertex   1.361436e+01 5.500000e+00 1.970000e+01
      vertex   1.373063e+01 5.500000e+00 1.952598e+01
    endloop
  endfacet
  facet normal 7.518398e-01 0.000000e+00 6.593458e-01
    outer loop
      vertex   1.373063e+01 8.000000e+00 1.952598e+01
      vertex   1.373063e+01 5.500000e+00 1.952598e+01
      vertex   1.386863e+01 8.000000e+00 1.936863e+01
    endloop
  endfacet
  facet normal 7.518398e-01 0.000000e+00 6.593458e-01
    outer loop
      vertex   1.386863e+01 8.000000e+00 1.936863e+01
      vertex   1.373063e+01 5.500000e+00 1.952598e+01
      vertex   1.386863e+01 5.500000e+00 1.936863e+01
    endloop
  endfacet
  facet normal 6.593458e-01 0.000000e+00 7.518398e-01
    outer loop
      vertex   1.386863e+01 8.000000e+00 1.936863e+01
      vertex   1.386863e+01 5.500000e+00 1.936863e+01
      vertex   1.402598e+01 8.000000e+00 1.923063e+01
    endloop
  endfacet
  facet normal 6.593458e-01 0.000000e+00 7.518398e-01
    outer loop
      vertex   1.402598e+01 8.000000e+00 1.923063e+01
      vertex   1.386863e+01 5.500000e+00 1.936863e+01
      vertex   1.402598e+01 5.500000e+00 1.923063e+01
    endloop
  endfacet
  facet normal 5.555702e-01 0.000000e+00 8.314696e-01
    outer loop
      vertex   1.402598e+01 8.000000e+00 1.923063e+01
      vertex   1.402598e+01 5.500000e+00 1.923063e+01
      vertex   1.420000e+01 8.000000e+00 1.911436e+01
    endloop
  endfacet
  facet normal 5.555702e-01 0.000000e+00 8.314696e-01
    outer loop
      vertex   1.420000e+01 8.000000e+00 1.911436e+01
      vertex   1.402598e+01 5.500000e+00 1.923063e+01
      vertex   1.420000e+01 5.500000e+00 1.911436e+01
    endloop
  endfacet
  facet normal 4.422887e-01 0.000000e+00 8.968727e-01
    outer loop
      vertex   1.420000e+01 8.000000e+00 1.911436e+01
      vertex   1.420000e+01 5.500000e+00 1.911436e+01
      vertex   1.438771e+01 8.000000e+00 1.902179e+01
    endloop
  endfacet
  facet normal 4.422887e-01 0.000000e+00 8.968727e-01
    outer loop
      vertex   1.438771e+01 8.000000e+00 1.902179e+01
      vertex   1.420000e+01 5.500000e+00 1.911436e+01
      vertex   1.438771e+01 5.500000e+00 1.902179e+01
    endloop
  endfacet
  facet normal 3.214395e-01 0.000000e+00 9.469301e-01
    outer loop
      vertex   1.438771e+01 8.000000e+00 1.902179e+01
      vertex   1.438771e+01 5.500000e+00 1.902179e+01
      vertex   1.458589e+01 8.000000e+00 1.895452e+01
    endloop
  endfacet
  facet normal 3.214395e-01 0.000000e+00 9.469301e-01
    outer loop
      vertex   1.458589e+01 8.000000e+00 1.895452e+01
      vertex   1.438771e+01 5.500000e+00 1.902179e+01
      vertex   1.458589e+01 5.500000e+00 1.895452e+01
    endloop
  endfacet
  facet normal 1.950903e-01 0.000000e+00 9.807853e-01
    outer loop
      vertex   1.458589e+01 8.000000e+00 1.895452e+01
      vertex   1.458589e+01 5.500000e+00 1.895452e+01
      vertex   1.479116e+01 8.000000e+00 1.891369e+01
    endloop
  endfacet
  facet normal 1.950903e-01 0.000000e+00 9.807853e-01
    outer loop
      vertex   1.479116e+01 8.000000e+00 1.891369e+01
      vertex   1.458589e+01 5.500000e+00 1.895452e+01
      vertex   1.479116e+01 5.500000e+00 1.891369e+01
    endloop
  endfacet
  facet normal -6.540313e-02 0.000000e+00 9.978589e-01
    outer loop
      vertex   1.520884e+01 3.000000e+00 1.891369e+01
      vertex   1.520884e+01 5.500000e+00 1.891369e+01
      vertex   1.500000e+01 3.000000e+00 1.890000e+01
    endloop
  endfacet
  facet normal -6.540313e-02 -1.418043e-15 9.978589e-01
    outer loop
      vertex   1.500000e+01 3.000000e+00 1.890000e+01
      vertex   1.520884e+01 5.500000e+00 1.891369e+01
      vertex   1.500000e+01 5.500000e+00 1.890000e+01
    endloop
  endfacet
  facet normal 6.540313e-02 -1.418043e-15 9.978589e-01
    outer loop
      vertex   1.500000e+01 3.000000e+00 1.890000e+01
      vertex   1.500000e+01 5.500000e+00 1.890000e+01
      vertex   1.479116e+01 3.000000e+00 1.891369e+01
    endloop
  endfacet
  facet normal 6.540313e-02 -0.000000e+00 9.978589e-01
    outer loop
      vertex   1.479116e+01 3.000000e+00 1.891369e+01
      vertex   1.500000e+01 5.500000e+00 1.890000e+01
      vertex   1.479116e+01 5.500000e+00 1.891369e+01
    endloop
  endfacet
  facet normal 1.950903e-01 -0.000000e+00 9.807853e-01
    outer loop
      vertex   1.479116e+01 3.000000e+00 1.891369e+01
      vertex   1.479116e+01 5.500000e+00 1.891369e+01
      vertex   1.458589e+01 3.000000e+00 1.895452e+01
    endloop
  endfacet
  facet normal 1.950903e-01 -0.000000e+00 9.807853e-01
    outer loop
      vertex   1.458589e+01 3.000000e+00 1.895452e+01
      vertex   1.479116e+01 5.500000e+00 1.891369e+01
      vertex   1.458589e+01 5.500000e+00 1.895452e+01
    endloop
  endfacet
  facet normal 3.214395e-01 -0.000000e+00 9.469301e-01
    outer loop
      vertex   1.458589e+01 3.000000e+00 1.895452e+01
      vertex   1.458589e+01 5.500000e+00 1.895452e+01
      vertex   1.438771e+01 3.000000e+00 1.902179e+01
    endloop
  endfacet
  facet normal 3.214395e-01 -0.000000e+00 9.469301e-01
    outer loop
      vertex   1.438771e+01 3.000000e+00 1.902179e+01
      vertex   1.458589e+01 5.500000e+00 1.895452e+01
      vertex   1.438771e+01 5.500000e+00 1.902179e+01
    endloop
  endfacet
  facet normal 4.422887e-01 -0.000000e+00 8.968727e-01
    outer loop
      vertex   1.438771e+01 3.000000e+00 1.902179e+01
      vertex   1.438771e+01 5.500000e+00 1.902179e+01
      vertex   1.420000e+01 3.000000e+00 1.911436e+01
    endloop
  endfacet
  facet normal 4.422887e-01 -0.000000e+00 8.968727e-01
    outer loop
      vertex   1.420000e+01 3.000000e+00 1.911436e+01
      vertex   1.438771e+01 5.500000e+00 1.902179e+01
      vertex   1.420000e+01 5.500000e+00 1.911436e+01
    endloop
  endfacet
  facet normal 5.555702e-01 -0.000000e+00 8.314696e-01
    outer loop
      vertex   1.420000e+01 3.000000e+00 1.911436e+01
      vertex   1.420000e+01 5.500000e+00 1.911436e+01
      vertex   1.402598e+01 3.000000e+00 1.923063e+01
    endloop
  endfacet
  facet normal 5.555702e-01 -0.000000e+00 8.314696e-01
    outer loop
      vertex   1.402598e+01 3.000000e+00 1.923063e+01
      vertex   1.420000e+01 5.500000e+00 1.911436e+01
      vertex   1.402598e+01 5.500000e+00 1.923063e+01
    endloop
  endfacet
  facet normal 6.593458e-01 -0.000000e+00 7.518398e-01
    outer loop
      vertex   1.402598e+01 3.000000e+00 1.923063e+01
      vertex   1.402598e+01 5.500000e+00 1.923063e+01
      vertex   1.386863e+01 3.000000e+00 1.936863e+01
    endloop
  endfacet
  facet normal 6.593458e-01 -0.000000e+00 7.518398e-01
    outer loop
      vertex   1.386863e+01 3.000000e+00 1.936863e+01
      vertex   1.402598e+01 5.500000e+00 1.923063e+01
      vertex   1.386863e+01 5.500000e+00 1.936863e+01
    endloop
  endfacet
  facet normal 7.518398e-01 -0.000000e+00 6.593458e-01
    outer loop
      vertex   1.386863e+01 3.000000e+00 1.936863e+01
      vertex   1.386863e+01 5.500000e+00 1.936863e+01
      vertex   1.373063e+01 3.000000e+00 1.952598e+01
    endloop
  endfacet
  facet normal 7.518398e-01 -0.000000e+00 6.593458e-01
    outer loop
      vertex   1.373063e+01 3.000000e+00 1.952598e+01
      vertex   1.386863e+01 5.500000e+00 1.936863e+01
      vertex   1.373063e+01 5.500000e+00 1.952598e+01
    endloop
  endfacet
  facet normal 8.314696e-01 -0.000000e+00 5.555702e-01
    outer loop
      vertex   1.373063e+01 3.000000e+00 1.952598e+01
      vertex   1.373063e+01 5.500000e+00 1.952598e+01
      vertex   1.361436e+01 3.000000e+00 1.970000e+01
    endloop
  endfacet
  facet normal 8.314696e-01 -0.000000e+00 5.555702e-01
    outer loop
      vertex   1.361436e+01 3.000000e+00 1.970000e+01
      vertex   1.373063e+01 5.500000e+00 1.952598e+01
      vertex   1.361436e+01 5.500000e+00 1.970000e+01
    endloop
  endfacet
  facet normal 8.968727e-01 -0.000000e+00 4.422887e-01
    outer loop
      vertex   1.361436e+01 3.000000e+00 1.970000e+01
      vertex   1.361436e+01 5.500000e+00 1.970000e+01
      vertex   1.352179e+01 3.000000e+00 1.988771e+01
    endloop
  endfacet
  facet normal 8.968727e-01 -0.000000e+00 4.422887e-01
    outer loop
      vertex   1.352179e+01 3.000000e+00 1.988771e+01
      vertex   1.361436e+01 5.500000e+00 1.970000e+01
      vertex   1.352179e+01 5.500000e+00 1.988771e+01
    endloop
  endfacet
  facet normal 9.469301e-01 -0.000000e+00 3.214395e-01
    outer loop
      vertex   1.352179e+01 3.000000e+00 1.988771e+01
      vertex   1.352179e+01 5.500000e+00 1.988771e+01
      vertex   1.345452e+01 3.000000e+00 2.008589e+01
    endloop
  endfacet
  facet normal 9.469301e-01 -0.000000e+00 3.214395e-01
    outer loop
      vertex   1.345452e+01 3.000000e+00 2.008589e+01
      vertex   1.352179e+01 5.500000e+00 1.988771e+01
      vertex   1.345452e+01 5.500000e+00 2.008589e+01
    endloop
  endfacet
  facet normal 9.807853e-01 -0.000000e+00 1.950903e-01
    outer loop
      vertex   1.345452e+01 3.000000e+00 2.008589e+01
      vertex   1.345452e+01 5.500000e+00 2.008589e+01
      vertex   1.341369e+01 3.000000e+00 2.029116e+01
    endloop
  endfacet
  facet normal 9.807853e-01 -0.000000e+00 1.950903e-01
    outer loop
      vertex   1.341369e+01 3.000000e+00 2.029116e+01
      vertex   1.345452e+01 5.500000e+00 2.008589e+01
      vertex   1.341369e+01 5.500000e+00 2.029116e+01
    endloop
  endfacet
  facet normal 9.978589e-01 -0.000000e+00 6.540313e-02
    outer loop
      vertex   1.341369e+01 3.000000e+00 2.029116e+01
      vertex   1.341369e+01 5.500000e+00 2.029116e+01
      vertex   1.340000e+01 3.000000e+00 2.050000e+01
    endloop
  endfacet
  facet normal 9.978589e-01 -0.000000e+00 6.540313e-02
    outer loop
      vertex   1.340000e+01 3.000000e+00 2.050000e+01
      vertex   1.341369e+01 5.500000e+00 2.029116e+01
      vertex   1.340000e+01 5.500000e+00 2.050000e+01
    endloop
  endfacet
  facet normal 9.978589e-01 0.000000e+00 -6.540313e-02
    outer loop
      vertex   1.340000e+01 3.000000e+00 2.050000e+01
      vertex   1.340000e+01 5.500000e+00 2.050000e+01
      vertex   1.341369e+01 3.000000e+00 2.070884e+01
    endloop
  endfacet
  facet normal 9.978589e-01 0.000000e+00 -6.540313e-02
    outer loop
      vertex   1.341369e+01 3.000000e+00 2.070884e+01
      vertex   1.340000e+01 5.500000e+00 2.050000e+01
      vertex   1.341369e+01 5.500000e+00 2.070884e+01
    endloop
  endfacet
  facet normal 9.807853e-01 0.000000e+00 -1.950903e-01
    outer loop
      vertex   1.341369e+01 3.000000e+00 2.070884e+01
      vertex   1.341369e+01 5.500000e+00 2.070884e+01
      vertex   1.345452e+01 3.000000e+00 2.091411e+01
    endloop
  endfacet
  facet normal 9.807853e-01 0.000000e+00 -1.950903e-01
    outer loop
      vertex   1.345452e+01 3.000000e+00 2.091411e+01
      vertex   1.341369e+01 5.500000e+00 2.070884e+01
      vertex   1.345452e+01 5.500000e+00 2.091411e+01
    endloop
  endfacet
  facet normal 9.469301e-01 0.000000e+00 -3.214395e-01
    outer loop
      vertex   1.345452e+01 3.000000e+00 2.091411e+01
      vertex   1.345452e+01 5.500000e+00 2.091411e+01
      vertex   1.352179e+01 3.000000e+00 2.111229e+01
    endloop
  endfacet
  facet normal 9.469301e-01 0.000000e+00 -3.214395e-01
    outer loop
      vertex   1.352179e+01 3.000000e+00 2.111229e+01
      vertex   1.345452e+01 5.500000e+00 2.091411e+01
      vertex   1.352179e+01 5.500000e+00 2.111229e+01
    endloop
  endfacet
  facet normal 8.968727e-01 0.000000e+00 -4.422887e-01
    outer loop
      vertex   1.352179e+01 3.000000e+00 2.111229e+01
      vertex   1.352179e+01 5.500000e+00 2.111229e+01
      vertex   1.361436e+01 3.000000e+00 2.130000e+01
    endloop
  endfacet
  facet normal 8.968727e-01 0.000000e+00 -4.422887e-01
    outer loop
      vertex   1.361436e+01 3.000000e+00 2.130000e+01
      vertex   1.352179e+01 5.500000e+00 2.111229e+01
      vertex   1.361436e+01 5.500000e+00 2.130000e+01
    endloop
  endfacet
  facet normal 8.314696e-01 0.000000e+00 -5.555702e-01
    outer loop
      vertex   1.361436e+01 3.000000e+00 2.130000e+01
      vertex   1.361436e+01 5.500000e+00 2.130000e+01
      vertex   1.373063e+01 3.000000e+00 2.147402e+01
    endloop
  endfacet
  facet normal 8.314696e-01 5.907947e-16 -5.555702e-01
    outer loop
      vertex   1.373063e+01 3.000000e+00 2.147402e+01
      vertex   1.361436e+01 5.500000e+00 2.130000e+01
      vertex   1.373063e+01 5.500000e+00 2.147402e+01
    endloop
  endfacet
  facet normal 7.518398e-01 5.342143e-16 -6.593458e-01
    outer loop
      vertex   1.373063e+01 3.000000e+00 2.147402e+01
      vertex   1.373063e+01 5.500000e+00 2.147402e+01
      vertex   1.386863e+01 3.000000e+00 2.163137e+01
    endloop
  endfacet
  facet normal 7.518398e-01 0.000000e+00 -6.593458e-01
    outer loop
      vertex   1.386863e+01 3.000000e+00 2.163137e+01
      vertex   1.373063e+01 5.500000e+00 2.147402e+01
      vertex   1.386863e+01 5.500000e+00 2.163137e+01
    endloop
  endfacet
  facet normal 6.593458e-01 0.000000e+00 -7.518398e-01
    outer loop
      vertex   1.386863e+01 3.000000e+00 2.163137e+01
      vertex   1.386863e+01 5.500000e+00 2.163137e+01
      vertex   1.402598e+01 3.000000e+00 2.176937e+01
    endloop
  endfacet
  facet normal 6.593458e-01 0.000000e+00 -7.518398e-01
    outer loop
      vertex   1.402598e+01 3.000000e+00 2.176937e+01
      vertex   1.386863e+01 5.500000e+00 2.163137e+01
      vertex   1.402598e+01 5.500000e+00 2.176937e+01
    endloop
  endfacet
  facet normal 5.555702e-01 0.000000e+00 -8.314696e-01
    outer loop
      vertex   1.402598e+01 3.000000e+00 2.176937e+01
      vertex   1.402598e+01 5.500000e+00 2.176937e+01
      vertex   1.420000e+01 3.000000e+00 2.188564e+01
    endloop
  endfacet
  facet normal 5.555702e-01 0.000000e+00 -8.314696e-01
    outer loop
      vertex   1.420000e+01 3.000000e+00 2.188564e+01
      vertex   1.402598e+01 5.500000e+00 2.176937e+01
      vertex   1.420000e+01 5.500000e+00 2.188564e+01
    endloop
  endfacet
  facet normal 4.422887e-01 0.000000e+00 -8.968727e-01
    outer loop
      vertex   1.420000e+01 3.000000e+00 2.188564e+01
      vertex   1.420000e+01 5.500000e+00 2.188564e+01
      vertex   1.438771e+01 3.000000e+00 2.197821e+01
    endloop
  endfacet
  facet normal 4.422887e-01 0.000000e+00 -8.968727e-01
    outer loop
      vertex   1.438771e+01 3.000000e+00 2.197821e+01
      vertex   1.420000e+01 5.500000e+00 2.188564e+01
      vertex   1.438771e+01 5.500000e+00 2.197821e+01
    endloop
  endfacet
  facet normal 3.214395e-01 0.000000e+00 -9.469301e-01
    outer loop
      vertex   1.438771e+01 3.000000e+00 2.197821e+01
      vertex   1.438771e+01 5.500000e+00 2.197821e+01
      vertex   1.458589e+01 3.000000e+00 2.204548e+01
    endloop
  endfacet
  facet normal 3.214395e-01 0.000000e+00 -9.469301e-01
    outer loop
      vertex   1.458589e+01 3.000000e+00 2.204548e+01
      vertex   1.438771e+01 5.500000e+00 2.197821e+01
      vertex   1.458589e+01 5.500000e+00 2.204548e+01
    endloop
  endfacet
  facet normal 1.950903e-01 0.000000e+00 -9.807853e-01
    outer loop
      vertex   1.458589e+01 3.000000e+00 2.204548e+01
      vertex   1.458589e+01 5.500000e+00 2.204548e+01
      vertex   1.479116e+01 3.000000e+00 2.208631e+01
    endloop
  endfacet
  facet normal 1.950903e-01 0.000000e+00 -9.807853e-01
    outer loop
      vertex   1.479116e+01 3.000000e+00 2.208631e+01
      vertex   1.458589e+01 5.500000e+00 2.204548e+01
      vertex   1.479116e+01 5.500000e+00 2.208631e+01
    endloop
  endfacet
  facet normal 6.540313e-02 0.000000e+00 -9.978589e-01
    outer loop
      vertex   1.479116e+01 3.000000e+00 2.208631e+01
      vertex   1.479116e+01 5.500000e+00 2.208631e+01
      vertex   1.500000e+01 3.000000e+00 2.210000e+01
    endloop
  endfacet
  facet normal 6.540313e-02 0.000000e+00 -9.978589e-01
    outer loop
      vertex   1.500000e+01 3.000000e+00 2.210000e+01
      vertex   1.479116e+01 5.500000e+00 2.208631e+01
      vertex   1.500000e+01 5.500000e+00 2.210000e+01
    endloop
  endfacet
  facet normal -6.540313e-02 0.000000e+00 -9.978589e-01
    outer loop
      vertex   1.500000e+01 3.000000e+00 2.210000e+01
      vertex   1.500000e+01 5.500000e+00 2.210000e+01
      vertex   1.520884e+01 3.000000e+00 2.208631e+01
    endloop
  endfacet
  facet normal -6.540313e-02 0.000000e+00 -9.978589e-01
    outer loop
      vertex   1.520884e+01 3.000000e+00 2.208631e+01
      vertex   1.500000e+01 5.500000e+00 2.210000e+01
      vertex   1.520884e+01 5.500000e+00 2.208631e+01
    endloop
  endfacet
  facet normal -1.950903e-01 0.000000e+00 -9.807853e-01
    outer loop
      vertex   1.520884e+01 3.000000e+00 2.208631e+01
      vertex   1.520884e+01 5.500000e+00 2.208631e+01
      vertex   1.541411e+01 3.000000e+00 2.204548e+01
    endloop
  endfacet
  facet normal -1.950903e-01 0.000000e+00 -9.807853e-01
    outer loop
      vertex   1.541411e+01 3.000000e+00 2.204548e+01
      vertex   1.520884e+01 5.500000e+00 2.208631e+01
      vertex   1.541411e+01 5.500000e+00 2.204548e+01
    endloop
  endfacet
  facet normal -3.214395e-01 0.000000e+00 -9.469301e-01
    outer loop
      vertex   1.541411e+01 3.000000e+00 2.204548e+01
      vertex   1.541411e+01 5.500000e+00 2.204548e+01
      vertex   1.561229e+01 3.000000e+00 2.197821e+01
    endloop
  endfacet
  facet normal -3.214395e-01 0.000000e+00 -9.469301e-01
    outer loop
      vertex   1.561229e+01 3.000000e+00 2.197821e+01
      vertex   1.541411e+01 5.500000e+00 2.204548e+01
      vertex   1.561229e+01 5.500000e+00 2.197821e+01
    endloop
  endfacet
  facet normal -4.422887e-01 0.000000e+00 -8.968727e-01
    outer loop
      vertex   1.561229e+01 3.000000e+00 2.197821e+01
      vertex   1.561229e+01 5.500000e+00 2.197821e+01
      vertex   1.580000e+01 3.000000e+00 2.188564e+01
    endloop
  endfacet
  facet normal -4.422887e-01 0.000000e+00 -8.968727e-01
    outer loop
      vertex   1.580000e+01 3.000000e+00 2.188564e+01
      vertex   1.561229e+01 5.500000e+00 2.197821e+01
      vertex   1.580000e+01 5.500000e+00 2.188564e+01
    endloop
  endfacet
  facet normal -5.555702e-01 0.000000e+00 -8.314696e-01
    outer loop
      vertex   1.580000e+01 3.000000e+00 2.188564e+01
      vertex   1.580000e+01 5.500000e+00 2.188564e+01
      vertex   1.597402e+01 3.000000e+00 2.176937e+01
    endloop
  endfacet
  facet normal -5.555702e-01 0.000000e+00 -8.314696e-01
    outer loop
      vertex   1.597402e+01 3.000000e+00 2.176937e+01
      vertex   1.580000e+01 5.500000e+00 2.188564e+01
      vertex   1.597402e+01 5.500000e+00 2.176937e+01
    endloop
  endfacet
  facet normal -6.593458e-01 0.000000e+00 -7.518398e-01
    outer loop
      vertex   1.597402e+01 3.000000e+00 2.176937e+01
      vertex   1.597402e+01 5.500000e+00 2.176937e+01
      vertex   1.613137e+01 3.000000e+00 2.163137e+01
    endloop
  endfacet
  facet normal -6.593458e-01 0.000000e+00 -7.518398e-01
    outer loop
      vertex   1.613137e+01 3.000000e+00 2.163137e+01
      vertex   1.597402e+01 5.500000e+00 2.176937e+01
      vertex   1.613137e+01 5.500000e+00 2.163137e+01
    endloop
  endfacet
  facet normal -7.518398e-01 0.000000e+00 -6.593458e-01
    outer loop
      vertex   1.613137e+01 3.000000e+00 2.163137e+01
      vertex   1.613137e+01 5.500000e+00 2.163137e+01
      vertex   1.626937e+01 3.000000e+00 2.147402e+01
    endloop
  endfacet
  facet normal -7.518398e-01 0.000000e+00 -6.593458e-01
    outer loop
      vertex   1.626937e+01 3.000000e+00 2.147402e+01
      vertex   1.613137e+01 5.500000e+00 2.163137e+01
      vertex   1.626937e+01 5.500000e+00 2.147402e+01
    endloop
  endfacet
  facet normal -8.314696e-01 0.000000e+00 -5.555702e-01
    outer loop
      vertex   1.626937e+01 3.000000e+00 2.147402e+01
      vertex   1.626937e+01 5.500000e+00 2.147402e+01
      vertex   1.638564e+01 3.000000e+00 2.130000e+01
    endloop
  endfacet
  facet normal -8.314696e-01 0.000000e+00 -5.555702e-01
    outer loop
      vertex   1.638564e+01 3.000000e+00 2.130000e+01
      vertex   1.626937e+01 5.500000e+00 2.147402e+01
      vertex   1.638564e+01 5.500000e+00 2.130000e+01
    endloop
  endfacet
  facet normal -8.968727e-01 0.000000e+00 -4.422887e-01
    outer loop
      vertex   1.638564e+01 3.000000e+00 2.130000e+01
      vertex   1.638564e+01 5.500000e+00 2.130000e+01
      vertex   1.647821e+01 3.000000e+00 2.111229e+01
    endloop
  endfacet
  facet normal -8.968727e-01 0.000000e+00 -4.422887e-01
    outer loop
      vertex   1.647821e+01 3.000000e+00 2.111229e+01
      vertex   1.638564e+01 5.500000e+00 2.130000e+01
      vertex   1.647821e+01 5.500000e+00 2.111229e+01
    endloop
  endfacet
  facet normal -9.469301e-01 0.000000e+00 -3.214395e-01
    outer loop
      vertex   1.647821e+01 3.000000e+00 2.111229e+01
      vertex   1.647821e+01 5.500000e+00 2.111229e+01
      vertex   1.654548e+01 3.000000e+00 2.091411e+01
    endloop
  endfacet
  facet normal -9.469301e-01 0.000000e+00 -3.214395e-01
    outer loop
      vertex   1.654548e+01 3.000000e+00 2.091411e+01
      vertex   1.647821e+01 5.500000e+00 2.111229e+01
      vertex   1.654548e+01 5.500000e+00 2.091411e+01
    endloop
  endfacet
  facet normal -9.807853e-01 0.000000e+00 -1.950903e-01
    outer loop
      vertex   1.654548e+01 3.000000e+00 2.091411e+01
      vertex   1.654548e+01 5.500000e+00 2.091411e+01
      vertex   1.658631e+01 3.000000e+00 2.070884e+01
    endloop
  endfacet
  facet normal -9.807853e-01 0.000000e+00 -1.950903e-01
    outer loop
      vertex   1.658631e+01 3.000000e+00 2.070884e+01
      vertex   1.654548e+01 5.500000e+00 2.091411e+01
      vertex   1.658631e+01 5.500000e+00 2.070884e+01
    endloop
  endfacet
  facet normal -9.978589e-01 0.000000e+00 -6.540313e-02
    outer loop
      vertex   1.658631e+01 3.000000e+00 2.070884e+01
      vertex   1.658631e+01 5.500000e+00 2.070884e+01
      vertex   1.660000e+01 3.000000e+00 2.050000e+01
    endloop
  endfacet
  facet normal -9.978589e-01 0.000000e+00 -6.540313e-02
    outer loop
      vertex   1.660000e+01 3.000000e+00 2.050000e+01
      vertex   1.658631e+01 5.500000e+00 2.070884e+01
      vertex   1.660000e+01 5.500000e+00 2.050000e+01
    endloop
  endfacet
  facet normal -9.978589e-01 0.000000e+00 6.540313e-02
    outer loop
      vertex   1.660000e+01 3.000000e+00 2.050000e+01
      vertex   1.660000e+01 5.500000e+00 2.050000e+01
      vertex   1.658631e+01 3.000000e+00 2.029116e+01
    endloop
  endfacet
  facet normal -9.978589e-01 0.000000e+00 6.540313e-02
    outer loop
      vertex   1.658631e+01 3.000000e+00 2.029116e+01
      vertex   1.660000e+01 5.500000e+00 2.050000e+01
      vertex   1.658631e+01 5.500000e+00 2.029116e+01
    endloop
  endfacet
  facet normal -9.807853e-01 0.000000e+00 1.950903e-01
    outer loop
      vertex   1.658631e+01 3.000000e+00 2.029116e+01
      vertex   1.658631e+01 5.500000e+00 2.029116e+01
      vertex   1.654548e+01 3.000000e+00 2.008589e+01
    endloop
  endfacet
  facet normal -9.807853e-01 0.000000e+00 1.950903e-01
    outer loop
      vertex   1.654548e+01 3.000000e+00 2.008589e+01
      vertex   1.658631e+01 5.500000e+00 2.029116e+01
      vertex   1.654548e+01 5.500000e+00 2.008589e+01
    endloop
  endfacet
  facet normal -9.469301e-01 0.000000e+00 3.214395e-01
    outer loop
      vertex   1.654548e+01 3.000000e+00 2.008589e+01
      vertex   1.654548e+01 5.500000e+00 2.008589e+01
      vertex   1.647821e+01 3.000000e+00 1.988771e+01
    endloop
  endfacet
  facet normal -9.469301e-01 0.000000e+00 3.214395e-01
    outer loop
      vertex   1.647821e+01 3.000000e+00 1.988771e+01
      vertex   1.654548e+01 5.500000e+00 2.008589e+01
      vertex   1.647821e+01 5.500000e+00 1.988771e+01
    endloop
  endfacet
  facet normal -8.968727e-01 0.000000e+00 4.422887e-01
    outer loop
      vertex   1.647821e+01 3.000000e+00 1.988771e+01
      vertex   1.647821e+01 5.500000e+00 1.988771e+01
      vertex   1.638564e+01 3.000000e+00 1.970000e+01
    endloop
  endfacet
  facet normal -8.968727e-01 0.000000e+00 4.422887e-01
    outer loop
      vertex   1.638564e+01 3.000000e+00 1.970000e+01
      vertex   1.647821e+01 5.500000e+00 1.988771e+01
      vertex   1.638564e+01 5.500000e+00 1.970000e+01
    endloop
  endfacet
  facet normal -8.314696e-01 0.000000e+00 5.555702e-01
    outer loop
      vertex   1.638564e+01 3.000000e+00 1.970000e+01
      vertex   1.638564e+01 5.500000e+00 1.970000e+01
      vertex   1.626937e+01 3.000000e+00 1.952598e+01
    endloop
  endfacet
  facet normal -8.314696e-01 0.000000e+00 5.555702e-01
    outer loop
      vertex   1.626937e+01 3.000000e+00 1.952598e+01
      vertex   1.638564e+01 5.500000e+00 1.970000e+01
      vertex   1.626937e+01 5.500000e+00 1.952598e+01
    endloop
  endfacet
  facet normal -7.518398e-01 0.000000e+00 6.593458e-01
    outer loop
      vertex   1.626937e+01 3.000000e+00 1.952598e+01
      vertex   1.626937e+01 5.500000e+00 1.952598e+01
      vertex   1.613137e+01 3.000000e+00 1.936863e+01
    endloop
  endfacet
  facet normal -7.518398e-01 0.000000e+00 6.593458e-01
    outer loop
      vertex   1.613137e+01 3.000000e+00 1.936863e+01
      vertex   1.626937e+01 5.500000e+00 1.952598e+01
      vertex   1.613137e+01 5.500000e+00 1.936863e+01
    endloop
  endfacet
  facet normal -6.593458e-01 0.000000e+00 7.518398e-01
    outer loop
      vertex   1.613137e+01 3.000000e+00 1.936863e+01
      vertex   1.613137e+01 5.500000e+00 1.936863e+01
      vertex   1.597402e+01 3.000000e+00 1.923063e+01
    endloop
  endfacet
  facet normal -6.593458e-01 0.000000e+00 7.518398e-01
    outer loop
      vertex   1.597402e+01 3.000000e+00 1.923063e+01
      vertex   1.613137e+01 5.500000e+00 1.936863e+01
      vertex   1.597402e+01 5.500000e+00 1.923063e+01
    endloop
  endfacet
  facet normal -5.555702e-01 0.000000e+00 8.314696e-01
    outer loop
      vertex   1.597402e+01 3.000000e+00 1.923063e+01
      vertex   1.597402e+01 5.500000e+00 1.923063e+01
      vertex   1.580000e+01 3.000000e+00 1.911436e+01
    endloop
  endfacet
  facet normal -5.555702e-01 0.000000e+00 8.314696e-01
    outer loop
      vertex   1.580000e+01 3.000000e+00 1.911436e+01
      vertex   1.597402e+01 5.500000e+00 1.923063e+01
      vertex   1.580000e+01 5.500000e+00 1.911436e+01
    endloop
  endfacet
  facet normal -4.422887e-01 0.000000e+00 8.968727e-01
    outer loop
      vertex   1.580000e+01 3.000000e+00 1.911436e+01
      vertex   1.580000e+01 5.500000e+00 1.911436e+01
      vertex   1.561229e+01 3.000000e+00 1.902179e+01
    endloop
  endfacet
  facet normal -4.422887e-01 0.000000e+00 8.968727e-01
    outer loop
      vertex   1.561229e+01 3.000000e+00 1.902179e+01
      vertex   1.580000e+01 5.500000e+00 1.911436e+01
      vertex   1.561229e+01 5.500000e+00 1.902179e+01
    endloop
  endfacet
  facet normal -3.214395e-01 0.000000e+00 9.469301e-01
    outer loop
      vertex   1.561229e+01 3.000000e+00 1.902179e+01
      vertex   1.561229e+01 5.500000e+00 1.902179e+01
      vertex   1.541411e+01 3.000000e+00 1.895452e+01
    endloop
  endfacet
  facet normal -3.214395e-01 0.000000e+00 9.469301e-01
    outer loop
      vertex   1.541411e+01 3.000000e+00 1.895452e+01
      vertex   1.561229e+01 5.500000e+00 1.902179e+01
      vertex   1.541411e+01 5.500000e+00 1.895452e+01
    endloop
  endfacet
  facet normal -1.950903e-01 0.000000e+00 9.807853e-01
    outer loop
      vertex   1.541411e+01 3.000000e+00 1.895452e+01
      vertex   1.541411e+01 5.500000e+00 1.895452e+01
      vertex   1.520884e+01 3.000000e+00 1.891369e+01
    endloop
  endfacet
  facet normal -1.950903e-01 0.000000e+00 9.807853e-01
    outer loop
      vertex   1.520884e+01 3.000000e+00 1.891369e+01
      vertex   1.541411e+01 5.500000e+00 1.895452e+01
      vertex   1.520884e+01 5.500000e+00 1.891369e+01
    endloop
  endfacet
  facet normal 6.540313e-02 0.000000e+00 9.978589e-01
    outer loop
      vertex   1.479116e+01 8.000000e+00 1.913688e+00
      vertex   1.479116e+01 5.500000e+00 1.913688e+00
      vertex   1.500000e+01 8.000000e+00 1.900000e+00
    endloop
  endfacet
  facet normal 6.540313e-02 0.000000e+00 9.978589e-01
    outer loop
      vertex   1.500000e+01 8.000000e+00 1.900000e+00
      vertex   1.479116e+01 5.500000e+00 1.913688e+00
      vertex   1.500000e+01 5.500000e+00 1.900000e+00
    endloop
  endfacet
  facet normal -6.540313e-02 0.000000e+00 9.978589e-01
    outer loop
      vertex   1.500000e+01 8.000000e+00 1.900000e+00
      vertex   1.500000e+01 5.500000e+00 1.900000e+00
      vertex   1.520884e+01 8.000000e+00 1.913688e+00
    endloop
  endfacet
  facet normal -6.540313e-02 0.000000e+00 9.978589e-01
    outer loop
      vertex   1.520884e+01 8.000000e+00 1.913688e+00
      vertex   1.500000e+01 5.500000e+00 1.900000e+00
      vertex   1.520884e+01 5.500000e+00 1.913688e+00
    endloop
  endfacet
  facet normal -1.950903e-01 0.000000e+00 9.807853e-01
    outer loop
      vertex   1.520884e+01 8.000000e+00 1.913688e+00
      vertex   1.520884e+01 5.500000e+00 1.913688e+00
      vertex   1.541411e+01 8.000000e+00 1.954519e+00
    endloop
  endfacet
  facet normal -1.950903e-01 -8.711123e-17 9.807853e-01
    outer loop
      vertex   1.541411e+01 8.000000e+00 1.954519e+00
      vertex   1.520884e+01 5.500000e+00 1.913688e+00
      vertex   1.541411e+01 5.500000e+00 1.954519e+00
    endloop
  endfacet
  facet normal -3.214395e-01 -8.410429e-17 9.469301e-01
    outer loop
      vertex   1.541411e+01 8.000000e+00 1.954519e+00
      vertex   1.541411e+01 5.500000e+00 1.954519e+00
      vertex   1.561229e+01 8.000000e+00 2.021793e+00
    endloop
  endfacet
  facet normal -3.214395e-01 0.000000e+00 9.469301e-01
    outer loop
      vertex   1.561229e+01 8.000000e+00 2.021793e+00
      vertex   1.541411e+01 5.500000e+00 1.954519e+00
      vertex   1.561229e+01 5.500000e+00 2.021793e+00
    endloop
  endfacet
  facet normal -4.422887e-01 0.000000e+00 8.968727e-01
    outer loop
      vertex   1.561229e+01 8.000000e+00 2.021793e+00
      vertex   1.561229e+01 5.500000e+00 2.021793e+00
      vertex   1.580000e+01 8.000000e+00 2.114359e+00
    endloop
  endfacet
  facet normal -4.422887e-01 1.593166e-16 8.968727e-01
    outer loop
      vertex   1.580000e+01 8.000000e+00 2.114359e+00
      vertex   1.561229e+01 5.500000e+00 2.021793e+00
      vertex   1.580000e+01 5.500000e+00 2.114359e+00
    endloop
  endfacet
  facet normal -5.555702e-01 1.476987e-16 8.314696e-01
    outer loop
      vertex   1.580000e+01 8.000000e+00 2.114359e+00
      vertex   1.580000e+01 5.500000e+00 2.114359e+00
      vertex   1.597402e+01 8.000000e+00 2.230635e+00
    endloop
  endfacet
  facet normal -5.555702e-01 0.000000e+00 8.314696e-01
    outer loop
      vertex   1.597402e+01 8.000000e+00 2.230635e+00
      vertex   1.580000e+01 5.500000e+00 2.114359e+00
      vertex   1.597402e+01 5.500000e+00 2.230635e+00
    endloop
  endfacet
  facet normal -6.593458e-01 0.000000e+00 7.518398e-01
    outer loop
      vertex   1.597402e+01 8.000000e+00 2.230635e+00
      vertex   1.597402e+01 5.500000e+00 2.230635e+00
      vertex   1.613137e+01 8.000000e+00 2.368629e+00
    endloop
  endfacet
  facet normal -6.593458e-01 0.000000e+00 7.518398e-01
    outer loop
      vertex   1.613137e+01 8.000000e+00 2.368629e+00
      vertex   1.597402e+01 5.500000e+00 2.230635e+00
      vertex   1.613137e+01 5.500000e+00 2.368629e+00
    endloop
  endfacet
  facet normal -7.518398e-01 0.000000e+00 6.593458e-01
    outer loop
      vertex   1.613137e+01 8.000000e+00 2.368629e+00
      vertex   1.613137e+01 5.500000e+00 2.368629e+00
      vertex   1.626937e+01 8.000000e+00 2.525982e+00
    endloop
  endfacet
  facet normal -7.518398e-01 0.000000e+00 6.593458e-01
    outer loop
      vertex   1.626937e+01 8.000000e+00 2.525982e+00
      vertex   1.613137e+01 5.500000e+00 2.368629e+00
      vertex   1.626937e+01 5.500000e+00 2.525982e+00
    endloop
  endfacet
  facet normal -8.314696e-01 0.000000e+00 5.555702e-01
    outer loop
      vertex   1.626937e+01 8.000000e+00 2.525982e+00
      vertex   1.626937e+01 5.500000e+00 2.525982e+00
      vertex   1.638564e+01 8.000000e+00 2.700000e+00
    endloop
  endfacet
  facet normal -8.314696e-01 0.000000e+00 5.555702e-01
    outer loop
      vertex   1.638564e+01 8.000000e+00 2.700000e+00
      vertex   1.626937e+01 5.500000e+00 2.525982e+00
      vertex   1.638564e+01 5.500000e+00 2.700000e+00
    endloop
  endfacet
  facet normal -8.968727e-01 0.000000e+00 4.422887e-01
    outer loop
      vertex   1.638564e+01 8.000000e+00 2.700000e+00
      vertex   1.638564e+01 5.500000e+00 2.700000e+00
      vertex   1.647821e+01 8.000000e+00 2.887707e+00
    endloop
  endfacet
  facet normal -8.968727e-01 0.000000e+00 4.422887e-01
    outer loop
      vertex   1.647821e+01 8.000000e+00 2.887707e+00
      vertex   1.638564e+01 5.500000e+00 2.700000e+00
      vertex   1.647821e+01 5.500000e+00 2.887707e+00
    endloop
  endfacet
  facet normal -9.469301e-01 0.000000e+00 3.214395e-01
    outer loop
      vertex   1.647821e+01 8.000000e+00 2.887707e+00
      vertex   1.647821e+01 5.500000e+00 2.887707e+00
      vertex   1.654548e+01 8.000000e+00 3.085890e+00
    endloop
  endfacet
  facet normal -9.469301e-01 0.000000e+00 3.214395e-01
    outer loop
      vertex   1.654548e+01 8.000000e+00 3.085890e+00
      vertex   1.647821e+01 5.500000e+00 2.887707e+00
      vertex   1.654548e+01 5.500000e+00 3.085890e+00
    endloop
  endfacet
  facet normal -9.807853e-01 0.000000e+00 1.950903e-01
    outer loop
      vertex   1.654548e+01 8.000000e+00 3.085890e+00
      vertex   1.654548e+01 5.500000e+00 3.085890e+00
      vertex   1.658631e+01 8.000000e+00 3.291158e+00
    endloop
  endfacet
  facet normal -9.807853e-01 0.000000e+00 1.950903e-01
    outer loop
      vertex   1.658631e+01 8.000000e+00 3.291158e+00
      vertex   1.654548e+01 5.500000e+00 3.085890e+00
      vertex   1.658631e+01 5.500000e+00 3.291158e+00
    endloop
  endfacet
  facet normal -9.978589e-01 0.000000e+00 6.540313e-02
    outer loop
      vertex   1.658631e+01 8.000000e+00 3.291158e+00
      vertex   1.658631e+01 5.500000e+00 3.291158e+00
      vertex   1.660000e+01 8.000000e+00 3.500000e+00
    endloop
  endfacet
  facet normal -9.978589e-01 0.000000e+00 6.540313e-02
    outer loop
      vertex   1.660000e+01 8.000000e+00 3.500000e+00
      vertex   1.658631e+01 5.500000e+00 3.291158e+00
      vertex   1.660000e+01 5.500000e+00 3.500000e+00
    endloop
  endfacet
  facet normal -9.978589e-01 -0.000000e+00 -6.540313e-02
    outer loop
      vertex   1.660000e+01 8.000000e+00 3.500000e+00
      vertex   1.660000e+01 5.500000e+00 3.500000e+00
      vertex   1.658631e+01 8.000000e+00 3.708842e+00
    endloop
  endfacet
  facet normal -9.978589e-01 -0.000000e+00 -6.540313e-02
    outer loop
      vertex   1.658631e+01 8.000000e+00 3.708842e+00
      vertex   1.660000e+01 5.500000e+00 3.500000e+00
      vertex   1.658631e+01 5.500000e+00 3.708842e+00
    endloop
  endfacet
  facet normal -9.807853e-01 -0.000000e+00 -1.950903e-01
    outer loop
      vertex   1.658631e+01 8.000000e+00 3.708842e+00
      vertex   1.658631e+01 5.500000e+00 3.708842e+00
      vertex   1.654548e+01 8.000000e+00 3.914110e+00
    endloop
  endfacet
  facet normal -9.807853e-01 -0.000000e+00 -1.950903e-01
    outer loop
      vertex   1.654548e+01 8.000000e+00 3.914110e+00
      vertex   1.658631e+01 5.500000e+00 3.708842e+00
      vertex   1.654548e+01 5.500000e+00 3.914110e+00
    endloop
  endfacet
  facet normal -9.469301e-01 -0.000000e+00 -3.214395e-01
    outer loop
      vertex   1.654548e+01 8.000000e+00 3.914110e+00
      vertex   1.654548e+01 5.500000e+00 3.914110e+00
      vertex   1.647821e+01 8.000000e+00 4.112293e+00
    endloop
  endfacet
  facet normal -9.469301e-01 -0.000000e+00 -3.214395e-01
    outer loop
      vertex   1.647821e+01 8.000000e+00 4.112293e+00
      vertex   1.654548e+01 5.500000e+00 3.914110e+00
      vertex   1.647821e+01 5.500000e+00 4.112293e+00
    endloop
  endfacet
  facet normal -8.968727e-01 -0.000000e+00 -4.422887e-01
    outer loop
      vertex   1.647821e+01 8.000000e+00 4.112293e+00
      vertex   1.647821e+01 5.500000e+00 4.112293e+00
      vertex   1.638564e+01 8.000000e+00 4.300000e+00
    endloop
  endfacet
  facet normal -8.968727e-01 -0.000000e+00 -4.422887e-01
    outer loop
      vertex   1.638564e+01 8.000000e+00 4.300000e+00
      vertex   1.647821e+01 5.500000e+00 4.112293e+00
      vertex   1.638564e+01 5.500000e+00 4.300000e+00
    endloop
  endfacet
  facet normal -8.314696e-01 -0.000000e+00 -5.555702e-01
    outer loop
      vertex   1.638564e+01 8.000000e+00 4.300000e+00
      vertex   1.638564e+01 5.500000e+00 4.300000e+00
      vertex   1.626937e+01 8.000000e+00 4.474018e+00
    endloop
  endfacet
  facet normal -8.314696e-01 -0.000000e+00 -5.555702e-01
    outer loop
      vertex   1.626937e+01 8.000000e+00 4.474018e+00
      vertex   1.638564e+01 5.500000e+00 4.300000e+00
      vertex   1.626937e+01 5.500000e+00 4.474018e+00
    endloop
  endfacet
  facet normal -7.518398e-01 -0.000000e+00 -6.593458e-01
    outer loop
      vertex   1.626937e+01 8.000000e+00 4.474018e+00
      vertex   1.626937e+01 5.500000e+00 4.474018e+00
      vertex   1.613137e+01 8.000000e+00 4.631371e+00
    endloop
  endfacet
  facet normal -7.518398e-01 -0.000000e+00 -6.593458e-01
    outer loop
      vertex   1.613137e+01 8.000000e+00 4.631371e+00
      vertex   1.626937e+01 5.500000e+00 4.474018e+00
      vertex   1.613137e+01 5.500000e+00 4.631371e+00
    endloop
  endfacet
  facet normal -6.593458e-01 -0.000000e+00 -7.518398e-01
    outer loop
      vertex   1.613137e+01 8.000000e+00 4.631371e+00
      vertex   1.613137e+01 5.500000e+00 4.631371e+00
      vertex   1.597402e+01 8.000000e+00 4.769365e+00
    endloop
  endfacet
  facet normal -6.593458e-01 -0.000000e+00 -7.518398e-01
    outer loop
      vertex   1.597402e+01 8.000000e+00 4.769365e+00
      vertex   1.613137e+01 5.500000e+00 4.631371e+00
      vertex   1.597402e+01 5.500000e+00 4.769365e+00
    endloop
  endfacet
  facet normal -5.555702e-01 -0.000000e+00 -8.314696e-01
    outer loop
      vertex   1.597402e+01 8.000000e+00 4.769365e+00
      vertex   1.597402e+01 5.500000e+00 4.769365e+00
      vertex   1.580000e+01 8.000000e+00 4.885641e+00
    endloop
  endfacet
  facet normal -5.555702e-01 -0.000000e+00 -8.314696e-01
    outer loop
      vertex   1.580000e+01 8.000000e+00 4.885641e+00
      vertex   1.597402e+01 5.500000e+00 4.769365e+00
      vertex   1.580000e+01 5.500000e+00 4.885641e+00
    endloop
  endfacet
  facet normal -4.422887e-01 -0.000000e+00 -8.968727e-01
    outer loop
      vertex   1.580000e+01 8.000000e+00 4.885641e+00
      vertex   1.580000e+01 5.500000e+00 4.885641e+00
      vertex   1.561229e+01 8.000000e+00 4.978207e+00
    endloop
  endfacet
  facet normal -4.422887e-01 -0.000000e+00 -8.968727e-01
    outer loop
      vertex   1.561229e+01 8.000000e+00 4.978207e+00
      vertex   1.580000e+01 5.500000e+00 4.885641e+00
      vertex   1.561229e+01 5.500000e+00 4.978207e+00
    endloop
  endfacet
  facet normal -3.214395e-01 -0.000000e+00 -9.469301e-01
    outer loop
      vertex   1.561229e+01 8.000000e+00 4.978207e+00
      vertex   1.561229e+01 5.500000e+00 4.978207e+00
      vertex   1.541411e+01 8.000000e+00 5.045481e+00
    endloop
  endfacet
  facet normal -3.214395e-01 -3.364172e-16 -9.469301e-01
    outer loop
      vertex   1.541411e+01 8.000000e+00 5.045481e+00
      vertex   1.561229e+01 5.500000e+00 4.978207e+00
      vertex   1.541411e+01 5.500000e+00 5.045481e+00
    endloop
  endfacet
  facet normal -1.950903e-01 -3.484449e-16 -9.807853e-01
    outer loop
      vertex   1.541411e+01 8.000000e+00 5.045481e+00
      vertex   1.541411e+01 5.500000e+00 5.045481e+00
      vertex   1.520884e+01 8.000000e+00 5.086312e+00
    endloop
  endfacet
  facet normal -1.950903e-01 -0.000000e+00 -9.807853e-01
    outer loop
      vertex   1.520884e+01 8.000000e+00 5.086312e+00
      vertex   1.541411e+01 5.500000e+00 5.045481e+00
      vertex   1.520884e+01 5.500000e+00 5.086312e+00
    endloop
  endfacet
  facet normal -6.540313e-02 -0.000000e+00 -9.978589e-01
    outer loop
      vertex   1.520884e+01 8.000000e+00 5.086312e+00
      vertex   1.520884e+01 5.500000e+00 5.086312e+00
      vertex   1.500000e+01 8.000000e+00 5.100000e+00
    endloop
  endfacet
  facet normal -6.540313e-02 -0.000000e+00 -9.978589e-01
    outer loop
      vertex   1.500000e+01 8.000000e+00 5.100000e+00
      vertex   1.520884e+01 5.500000e+00 5.086312e+00
      vertex   1.500000e+01 5.500000e+00 5.100000e+00
    endloop
  endfacet
  facet normal 6.540313e-02 0.000000e+00 -9.978589e-01
    outer loop
      vertex   1.500000e+01 8.000000e+00 5.100000e+00
      vertex   1.500000e+01 5.500000e+00 5.100000e+00
      vertex   1.479116e+01 8.000000e+00 5.086312e+00
    endloop
  endfacet
  facet normal 6.540313e-02 0.000000e+00 -9.978589e-01
    outer loop
      vertex   1.479116e+01 8.000000e+00 5.086312e+00
      vertex   1.500000e+01 5.500000e+00 5.100000e+00
      vertex   1.479116e+01 5.500000e+00 5.086312e+00
    endloop
  endfacet
  facet normal 1.950903e-01 0.000000e+00 -9.807853e-01
    outer loop
      vertex   1.479116e+01 8.000000e+00 5.086312e+00
      vertex   1.479116e+01 5.500000e+00 5.086312e+00
      vertex   1.458589e+01 8.000000e+00 5.045481e+00
    endloop
  endfacet
  facet normal 1.950903e-01 0.000000e+00 -9.807853e-01
    outer loop
      vertex   1.458589e+01 8.000000e+00 5.045481e+00
      vertex   1.479116e+01 5.500000e+00 5.086312e+00
      vertex   1.458589e+01 5.500000e+00 5.045481e+00
    endloop
  endfacet
  facet normal 3.214395e-01 0.000000e+00 -9.469301e-01
    outer loop
      vertex   1.458589e+01 8.000000e+00 5.045481e+00
      vertex   1.458589e+01 5.500000e+00 5.045481e+00
      vertex   1.438771e+01 8.000000e+00 4.978207e+00
    endloop
  endfacet
  facet normal 3.214395e-01 0.000000e+00 -9.469301e-01
    outer loop
      vertex   1.438771e+01 8.000000e+00 4.978207e+00
      vertex   1.458589e+01 5.500000e+00 5.045481e+00
      vertex   1.438771e+01 5.500000e+00 4.978207e+00
    endloop
  endfacet
  facet normal 4.422887e-01 0.000000e+00 -8.968727e-01
    outer loop
      vertex   1.438771e+01 8.000000e+00 4.978207e+00
      vertex   1.438771e+01 5.500000e+00 4.978207e+00
      vertex   1.420000e+01 8.000000e+00 4.885641e+00
    endloop
  endfacet
  facet normal 4.422887e-01 0.000000e+00 -8.968727e-01
    outer loop
      vertex   1.420000e+01 8.000000e+00 4.885641e+00
      vertex   1.438771e+01 5.500000e+00 4.978207e+00
      vertex   1.420000e+01 5.500000e+00 4.885641e+00
    endloop
  endfacet
  facet normal 5.555702e-01 0.000000e+00 -8.314696e-01
    outer loop
      vertex   1.420000e+01 8.000000e+00 4.885641e+00
      vertex   1.420000e+01 5.500000e+00 4.885641e+00
      vertex   1.402598e+01 8.000000e+00 4.769365e+00
    endloop
  endfacet
  facet normal 5.555702e-01 2.953973e-16 -8.314696e-01
    outer loop
      vertex   1.402598e+01 8.000000e+00 4.769365e+00
      vertex   1.420000e+01 5.500000e+00 4.885641e+00
      vertex   1.402598e+01 5.500000e+00 4.769365e+00
    endloop
  endfacet
  facet normal 6.593458e-01 2.671072e-16 -7.518398e-01
    outer loop
      vertex   1.402598e+01 8.000000e+00 4.769365e+00
      vertex   1.402598e+01 5.500000e+00 4.769365e+00
      vertex   1.386863e+01 8.000000e+00 4.631371e+00
    endloop
  endfacet
  facet normal 6.593458e-01 2.671072e-16 -7.518398e-01
    outer loop
      vertex   1.386863e+01 8.000000e+00 4.631371e+00
      vertex   1.402598e+01 5.500000e+00 4.769365e+00
      vertex   1.386863e+01 5.500000e+00 4.631371e+00
    endloop
  endfacet
  facet normal 7.518398e-01 2.342467e-16 -6.593458e-01
    outer loop
      vertex   1.386863e+01 8.000000e+00 4.631371e+00
      vertex   1.386863e+01 5.500000e+00 4.631371e+00
      vertex   1.373063e+01 8.000000e+00 4.474018e+00
    endloop
  endfacet
  facet normal 7.518398e-01 -2.342467e-16 -6.593458e-01
    outer loop
      vertex   1.373063e+01 8.000000e+00 4.474018e+00
      vertex   1.386863e+01 5.500000e+00 4.631371e+00
      vertex   1.373063e+01 5.500000e+00 4.474018e+00
    endloop
  endfacet
  facet normal 8.314696e-01 -1.973782e-16 -5.555702e-01
    outer loop
      vertex   1.373063e+01 8.000000e+00 4.474018e+00
      vertex   1.373063e+01 5.500000e+00 4.474018e+00
      vertex   1.361436e+01 8.000000e+00 4.300000e+00
    endloop
  endfacet
  facet normal 8.314696e-01 0.000000e+00 -5.555702e-01
    outer loop
      vertex   1.361436e+01 8.000000e+00 4.300000e+00
      vertex   1.373063e+01 5.500000e+00 4.474018e+00
      vertex   1.361436e+01 5.500000e+00 4.300000e+00
    endloop
  endfacet
  facet normal 8.968727e-01 0.000000e+00 -4.422887e-01
    outer loop
      vertex   1.361436e+01 8.000000e+00 4.300000e+00
      vertex   1.361436e+01 5.500000e+00 4.300000e+00
      vertex   1.352179e+01 8.000000e+00 4.112293e+00
    endloop
  endfacet
  facet normal 8.968727e-01 0.000000e+00 -4.422887e-01
    outer loop
      vertex   1.352179e+01 8.000000e+00 4.112293e+00
      vertex   1.361436e+01 5.500000e+00 4.300000e+00
      vertex   1.352179e+01 5.500000e+00 4.112293e+00
    endloop
  endfacet
  facet normal 9.469301e-01 0.000000e+00 -3.214395e-01
    outer loop
      vertex   1.352179e+01 8.000000e+00 4.112293e+00
      vertex   1.352179e+01 5.500000e+00 4.112293e+00
      vertex   1.345452e+01 8.000000e+00 3.914110e+00
    endloop
  endfacet
  facet normal 9.469301e-01 0.000000e+00 -3.214395e-01
    outer loop
      vertex   1.345452e+01 8.000000e+00 3.914110e+00
      vertex   1.352179e+01 5.500000e+00 4.112293e+00
      vertex   1.345452e+01 5.500000e+00 3.914110e+00
    endloop
  endfacet
  facet normal 9.807853e-01 0.000000e+00 -1.950903e-01
    outer loop
      vertex   1.345452e+01 8.000000e+00 3.914110e+00
      vertex   1.345452e+01 5.500000e+00 3.914110e+00
      vertex   1.341369e+01 8.000000e+00 3.708842e+00
    endloop
  endfacet
  facet normal 9.807853e-01 0.000000e+00 -1.950903e-01
    outer loop
      vertex   1.341369e+01 8.000000e+00 3.708842e+00
      vertex   1.345452e+01 5.500000e+00 3.914110e+00
      vertex   1.341369e+01 5.500000e+00 3.708842e+00
    endloop
  endfacet
  facet normal 9.978589e-01 0.000000e+00 -6.540313e-02
    outer loop
      vertex   1.341369e+01 8.000000e+00 3.708842e+00
      vertex   1.341369e+01 5.500000e+00 3.708842e+00
      vertex   1.340000e+01 8.000000e+00 3.500000e+00
    endloop
  endfacet
  facet normal 9.978589e-01 0.000000e+00 -6.540313e-02
    outer loop
      vertex   1.340000e+01 8.000000e+00 3.500000e+00
      vertex   1.341369e+01 5.500000e+00 3.708842e+00
      vertex   1.340000e+01 5.500000e+00 3.500000e+00
    endloop
  endfacet
  facet normal 9.978589e-01 0.000000e+00 6.540313e-02
    outer loop
      vertex   1.340000e+01 8.000000e+00 3.500000e+00
      vertex   1.340000e+01 5.500000e+00 3.500000e+00
      vertex   1.341369e+01 8.000000e+00 3.291158e+00
    endloop
  endfacet
  facet normal 9.978589e-01 0.000000e+00 6.540313e-02
    outer loop
      vertex   1.341369e+01 8.000000e+00 3.291158e+00
      vertex   1.340000e+01 5.500000e+00 3.500000e+00
      vertex   1.341369e+01 5.500000e+00 3.291158e+00
    endloop
  endfacet
  facet normal 9.807853e-01 0.000000e+00 1.950903e-01
    outer loop
      vertex   1.341369e+01 8.000000e+00 3.291158e+00
      vertex   1.341369e+01 5.500000e+00 3.291158e+00
      vertex   1.345452e+01 8.000000e+00 3.085890e+00
    endloop
  endfacet
  facet normal 9.807853e-01 0.000000e+00 1.950903e-01
    outer loop
      vertex   1.345452e+01 8.000000e+00 3.085890e+00
      vertex   1.341369e+01 5.500000e+00 3.291158e+00
      vertex   1.345452e+01 5.500000e+00 3.085890e+00
    endloop
  endfacet
  facet normal 9.469301e-01 0.000000e+00 3.214395e-01
    outer loop
      vertex   1.345452e+01 8.000000e+00 3.085890e+00
      vertex   1.345452e+01 5.500000e+00 3.085890e+00
      vertex   1.352179e+01 8.000000e+00 2.887707e+00
    endloop
  endfacet
  facet normal 9.469301e-01 0.000000e+00 3.214395e-01
    outer loop
      vertex   1.352179e+01 8.000000e+00 2.887707e+00
      vertex   1.345452e+01 5.500000e+00 3.085890e+00
      vertex   1.352179e+01 5.500000e+00 2.887707e+00
    endloop
  endfacet
  facet normal 8.968727e-01 0.000000e+00 4.422887e-01
    outer loop
      vertex   1.352179e+01 8.000000e+00 2.887707e+00
      vertex   1.352179e+01 5.500000e+00 2.887707e+00
      vertex   1.361436e+01 8.000000e+00 2.700000e+00
    endloop
  endfacet
  facet normal 8.968727e-01 0.000000e+00 4.422887e-01
    outer loop
      vertex   1.361436e+01 8.000000e+00 2.700000e+00
      vertex   1.352179e+01 5.500000e+00 2.887707e+00
      vertex   1.361436e+01 5.500000e+00 2.700000e+00
    endloop
  endfacet
  facet normal 8.314696e-01 0.000000e+00 5.555702e-01
    outer loop
      vertex   1.361436e+01 8.000000e+00 2.700000e+00
      vertex   1.361436e+01 5.500000e+00 2.700000e+00
      vertex   1.373063e+01 8.000000e+00 2.525982e+00
    endloop
  endfacet
  facet normal 8.314696e-01 0.000000e+00 5.555702e-01
    outer loop
      vertex   1.373063e+01 8.000000e+00 2.525982e+00
      vertex   1.361436e+01 5.500000e+00 2.700000e+00
      vertex   1.373063e+01 5.500000e+00 2.525982e+00
    endloop
  endfacet
  facet normal 7.518398e-01 0.000000e+00 6.593458e-01
    outer loop
      vertex   1.373063e+01 8.000000e+00 2.525982e+00
      vertex   1.373063e+01 5.500000e+00 2.525982e+00
      vertex   1.386863e+01 8.000000e+00 2.368629e+00
    endloop
  endfacet
  facet normal 7.518398e-01 0.000000e+00 6.593458e-01
    outer loop
      vertex   1.386863e+01 8.000000e+00 2.368629e+00
      vertex   1.373063e+01 5.500000e+00 2.525982e+00
      vertex   1.386863e+01 5.500000e+00 2.368629e+00
    endloop
  endfacet
  facet normal 6.593458e-01 0.000000e+00 7.518398e-01
    outer loop
      vertex   1.386863e+01 8.000000e+00 2.368629e+00
      vertex   1.386863e+01 5.500000e+00 2.368629e+00
      vertex   1.402598e+01 8.000000e+00 2.230635e+00
    endloop
  endfacet
  facet normal 6.593458e-01 0.000000e+00 7.518398e-01
    outer loop
      vertex   1.402598e+01 8.000000e+00 2.230635e+00
      vertex   1.386863e+01 5.500000e+00 2.368629e+00
      vertex   1.402598e+01 5.500000e+00 2.230635e+00
    endloop
  endfacet
  facet normal 5.555702e-01 0.000000e+00 8.314696e-01
    outer loop
      vertex   1.402598e+01 8.000000e+00 2.230635e+00
      vertex   1.402598e+01 5.500000e+00 2.230635e+00
      vertex   1.420000e+01 8.000000e+00 2.114359e+00
    endloop
  endfacet
  facet normal 5.555702e-01 0.000000e+00 8.314696e-01
    outer loop
      vertex   1.420000e+01 8.000000e+00 2.114359e+00
      vertex   1.402598e+01 5.500000e+00 2.230635e+00
      vertex   1.420000e+01 5.500000e+00 2.114359e+00
    endloop
  endfacet
  facet normal 4.422887e-01 0.000000e+00 8.968727e-01
    outer loop
      vertex   1.420000e+01 8.000000e+00 2.114359e+00
      vertex   1.420000e+01 5.500000e+00 2.114359e+00
      vertex   1.438771e+01 8.000000e+00 2.021793e+00
    endloop
  endfacet
  facet normal 4.422887e-01 -1.593166e-16 8.968727e-01
    outer loop
      vertex   1.438771e+01 8.000000e+00 2.021793e+00
      vertex   1.420000e+01 5.500000e+00 2.114359e+00
      vertex   1.438771e+01 5.500000e+00 2.021793e+00
    endloop
  endfacet
  facet normal 3.214395e-01 -1.682086e-16 9.469301e-01
    outer loop
      vertex   1.438771e+01 8.000000e+00 2.021793e+00
      vertex   1.438771e+01 5.500000e+00 2.021793e+00
      vertex   1.458589e+01 8.000000e+00 1.954519e+00
    endloop
  endfacet
  facet normal 3.214395e-01 8.410429e-17 9.469301e-01
    outer loop
      vertex   1.458589e+01 8.000000e+00 1.954519e+00
      vertex   1.438771e+01 5.500000e+00 2.021793e+00
      vertex   1.458589e+01 5.500000e+00 1.954519e+00
    endloop
  endfacet
  facet normal 1.950903e-01 8.711123e-17 9.807853e-01
    outer loop
      vertex   1.458589e+01 8.000000e+00 1.954519e+00
      vertex   1.458589e+01 5.500000e+00 1.954519e+00
      vertex   1.479116e+01 8.000000e+00 1.913688e+00
    endloop
  endfacet
  facet normal 1.950903e-01 0.000000e+00 9.807853e-01
    outer loop
      vertex   1.479116e+01 8.000000e+00 1.913688e+00
      vertex   1.458589e+01 5.500000e+00 1.954519e+00
      vertex   1.479116e+01 5.500000e+00 1.913688e+00
    endloop
  endfacet
  facet normal -6.540313e-02 0.000000e+00 9.978589e-01
    outer loop
      vertex   1.520884e+01 3.000000e+00 1.913688e+00
      vertex   1.520884e+01 5.500000e+00 1.913688e+00
      vertex   1.500000e+01 3.000000e+00 1.900000e+00
    endloop
  endfacet
  facet normal -6.540313e-02 0.000000e+00 9.978589e-01
    outer loop
      vertex   1.500000e+01 3.000000e+00 1.900000e+00
      vertex   1.520884e+01 5.500000e+00 1.913688e+00
      vertex   1.500000e+01 5.500000e+00 1.900000e+00
    endloop
  endfacet
  facet normal 6.540313e-02 -0.000000e+00 9.978589e-01
    outer loop
      vertex   1.500000e+01 3.000000e+00 1.900000e+00
      vertex   1.500000e+01 5.500000e+00 1.900000e+00
      vertex   1.479116e+01 3.000000e+00 1.913688e+00
    endloop
  endfacet
  facet normal 6.540313e-02 -0.000000e+00 9.978589e-01
    outer loop
      vertex   1.479116e+01 3.000000e+00 1.913688e+00
      vertex   1.500000e+01 5.500000e+00 1.900000e+00
      vertex   1.479116e+01 5.500000e+00 1.913688e+00
    endloop
  endfacet
  facet normal 1.950903e-01 -0.000000e+00 9.807853e-01
    outer loop
      vertex   1.479116e+01 3.000000e+00 1.913688e+00
      vertex   1.479116e+01 5.500000e+00 1.913688e+00
      vertex   1.458589e+01 3.000000e+00 1.954519e+00
    endloop
  endfacet
  facet normal 1.950903e-01 -8.711123e-17 9.807853e-01
    outer loop
      vertex   1.458589e+01 3.000000e+00 1.954519e+00
      vertex   1.479116e+01 5.500000e+00 1.913688e+00
      vertex   1.458589e+01 5.500000e+00 1.954519e+00
    endloop
  endfacet
  facet normal 3.214395e-01 -8.410429e-17 9.469301e-01
    outer loop
      vertex   1.458589e+01 3.000000e+00 1.954519e+00
      vertex   1.458589e+01 5.500000e+00 1.954519e+00
      vertex   1.438771e+01 3.000000e+00 2.021793e+00
    endloop
  endfacet
  facet normal 3.214395e-01 1.682086e-16 9.469301e-01
    outer loop
      vertex   1.438771e+01 3.000000e+00 2.021793e+00
      vertex   1.458589e+01 5.500000e+00 1.954519e+00
      vertex   1.438771e+01 5.500000e+00 2.021793e+00
    endloop
  endfacet
  facet normal 4.422887e-01 1.593166e-16 8.968727e-01
    outer loop
      vertex   1.438771e+01 3.000000e+00 2.021793e+00
      vertex   1.438771e+01 5.500000e+00 2.021793e+00
      vertex   1.420000e+01 3.000000e+00 2.114359e+00
    endloop
  endfacet
  facet normal 4.422887e-01 -0.000000e+00 8.968727e-01
    outer loop
      vertex   1.420000e+01 3.000000e+00 2.114359e+00
      vertex   1.438771e+01 5.500000e+00 2.021793e+00
      vertex   1.420000e+01 5.500000e+00 2.114359e+00
    endloop
  endfacet
  facet normal 5.555702e-01 -0.000000e+00 8.314696e-01
    outer loop
      vertex   1.420000e+01 3.000000e+00 2.114359e+00
      vertex   1.420000e+01 5.500000e+00 2.114359e+00
      vertex   1.402598e+01 3.000000e+00 2.230635e+00
    endloop
  endfacet
  facet normal 5.555702e-01 -0.000000e+00 8.314696e-01
    outer loop
      vertex   1.402598e+01 3.000000e+00 2.230635e+00
      vertex   1.420000e+01 5.500000e+00 2.114359e+00
      vertex   1.402598e+01 5.500000e+00 2.230635e+00
    endloop
  endfacet
  facet normal 6.593458e-01 -0.000000e+00 7.518398e-01
    outer loop
      vertex   1.402598e+01 3.000000e+00 2.230635e+00
      vertex   1.402598e+01 5.500000e+00 2.230635e+00
      vertex   1.386863e+01 3.000000e+00 2.368629e+00
    endloop
  endfacet
  facet normal 6.593458e-01 -0.000000e+00 7.518398e-01
    outer loop
      vertex   1.386863e+01 3.000000e+00 2.368629e+00
      vertex   1.402598e+01 5.500000e+00 2.230635e+00
      vertex   1.386863e+01 5.500000e+00 2.368629e+00
    endloop
  endfacet
  facet normal 7.518398e-01 -0.000000e+00 6.593458e-01
    outer loop
      vertex   1.386863e+01 3.000000e+00 2.368629e+00
      vertex   1.386863e+01 5.500000e+00 2.368629e+00
      vertex   1.373063e+01 3.000000e+00 2.525982e+00
    endloop
  endfacet
  facet normal 7.518398e-01 -0.000000e+00 6.593458e-01
    outer loop
      vertex   1.373063e+01 3.000000e+00 2.525982e+00
      vertex   1.386863e+01 5.500000e+00 2.368629e+00
      vertex   1.373063e+01 5.500000e+00 2.525982e+00
    endloop
  endfacet
  facet normal 8.314696e-01 -0.000000e+00 5.555702e-01
    outer loop
      vertex   1.373063e+01 3.000000e+00 2.525982e+00
      vertex   1.373063e+01 5.500000e+00 2.525982e+00
      vertex   1.361436e+01 3.000000e+00 2.700000e+00
    endloop
  endfacet
  facet normal 8.314696e-01 -0.000000e+00 5.555702e-01
    outer loop
      vertex   1.361436e+01 3.000000e+00 2.700000e+00
      vertex   1.373063e+01 5.500000e+00 2.525982e+00
      vertex   1.361436e+01 5.500000e+00 2.700000e+00
    endloop
  endfacet
  facet normal 8.968727e-01 -0.000000e+00 4.422887e-01
    outer loop
      vertex   1.361436e+01 3.000000e+00 2.700000e+00
      vertex   1.361436e+01 5.500000e+00 2.700000e+00
      vertex   1.352179e+01 3.000000e+00 2.887707e+00
    endloop
  endfacet
  facet normal 8.968727e-01 -0.000000e+00 4.422887e-01
    outer loop
      vertex   1.352179e+01 3.000000e+00 2.887707e+00
      vertex   1.361436e+01 5.500000e+00 2.700000e+00
      vertex   1.352179e+01 5.500000e+00 2.887707e+00
    endloop
  endfacet
  facet normal 9.469301e-01 -0.000000e+00 3.214395e-01
    outer loop
      vertex   1.352179e+01 3.000000e+00 2.887707e+00
      vertex   1.352179e+01 5.500000e+00 2.887707e+00
      vertex   1.345452e+01 3.000000e+00 3.085890e+00
    endloop
  endfacet
  facet normal 9.469301e-01 -0.000000e+00 3.214395e-01
    outer loop
      vertex   1.345452e+01 3.000000e+00 3.085890e+00
      vertex   1.352179e+01 5.500000e+00 2.887707e+00
      vertex   1.345452e+01 5.500000e+00 3.085890e+00
    endloop
  endfacet
  facet normal 9.807853e-01 -0.000000e+00 1.950903e-01
    outer loop
      vertex   1.345452e+01 3.000000e+00 3.085890e+00
      vertex   1.345452e+01 5.500000e+00 3.085890e+00
      vertex   1.341369e+01 3.000000e+00 3.291158e+00
    endloop
  endfacet
  facet normal 9.807853e-01 -0.000000e+00 1.950903e-01
    outer loop
      vertex   1.341369e+01 3.000000e+00 3.291158e+00
      vertex   1.345452e+01 5.500000e+00 3.085890e+00
      vertex   1.341369e+01 5.500000e+00 3.291158e+00
    endloop
  endfacet
  facet normal 9.978589e-01 -0.000000e+00 6.540313e-02
    outer loop
      vertex   1.341369e+01 3.000000e+00 3.291158e+00
      vertex   1.341369e+01 5.500000e+00 3.291158e+00
      vertex   1.340000e+01 3.000000e+00 3.500000e+00
    endloop
  endfacet
  facet normal 9.978589e-01 -0.000000e+00 6.540313e-02
    outer loop
      vertex   1.340000e+01 3.000000e+00 3.500000e+00
      vertex   1.341369e+01 5.500000e+00 3.291158e+00
      vertex   1.340000e+01 5.500000e+00 3.500000e+00
    endloop
  endfacet
  facet normal 9.978589e-01 0.000000e+00 -6.540313e-02
    outer loop
      vertex   1.340000e+01 3.000000e+00 3.500000e+00
      vertex   1.340000e+01 5.500000e+00 3.500000e+00
      vertex   1.341369e+01 3.000000e+00 3.708842e+00
    endloop
  endfacet
  facet normal 9.978589e-01 0.000000e+00 -6.540313e-02
    outer loop
      vertex   1.341369e+01 3.000000e+00 3.708842e+00
      vertex   1.340000e+01 5.500000e+00 3.500000e+00
      vertex   1.341369e+01 5.500000e+00 3.708842e+00
    endloop
  endfacet
  facet normal 9.807853e-01 0.000000e+00 -1.950903e-01
    outer loop
      vertex   1.341369e+01 3.000000e+00 3.708842e+00
      vertex   1.341369e+01 5.500000e+00 3.708842e+00
      vertex   1.345452e+01 3.000000e+00 3.914110e+00
    endloop
  endfacet
  facet normal 9.807853e-01 0.000000e+00 -1.950903e-01
    outer loop
      vertex   1.345452e+01 3.000000e+00 3.914110e+00
      vertex   1.341369e+01 5.500000e+00 3.708842e+00
      vertex   1.345452e+01 5.500000e+00 3.914110e+00
    endloop
  endfacet
  facet normal 9.469301e-01 0.000000e+00 -3.214395e-01
    outer loop
      vertex   1.345452e+01 3.000000e+00 3.914110e+00
      vertex   1.345452e+01 5.500000e+00 3.914110e+00
      vertex   1.352179e+01 3.000000e+00 4.112293e+00
    endloop
  endfacet
  facet normal 9.469301e-01 0.000000e+00 -3.214395e-01
    outer loop
      vertex   1.352179e+01 3.000000e+00 4.112293e+00
      vertex   1.345452e+01 5.500000e+00 3.914110e+00
      vertex   1.352179e+01 5.500000e+00 4.112293e+00
    endloop
  endfacet
  facet normal 8.968727e-01 0.000000e+00 -4.422887e-01
    outer loop
      vertex   1.352179e+01 3.000000e+00 4.112293e+00
      vertex   1.352179e+01 5.500000e+00 4.112293e+00
      vertex   1.361436e+01 3.000000e+00 4.300000e+00
    endloop
  endfacet
  facet normal 8.968727e-01 0.000000e+00 -4.422887e-01
    outer loop
      vertex   1.361436e+01 3.000000e+00 4.300000e+00
      vertex   1.352179e+01 5.500000e+00 4.112293e+00
      vertex   1.361436e+01 5.500000e+00 4.300000e+00
    endloop
  endfacet
  facet normal 8.314696e-01 0.000000e+00 -5.555702e-01
    outer loop
      vertex   1.361436e+01 3.000000e+00 4.300000e+00
      vertex   1.361436e+01 5.500000e+00 4.300000e+00
      vertex   1.373063e+01 3.000000e+00 4.474018e+00
    endloop
  endfacet
  facet normal 8.314696e-01 1.973782e-16 -5.555702e-01
    outer loop
      vertex   1.373063e+01 3.000000e+00 4.474018e+00
      vertex   1.361436e+01 5.500000e+00 4.300000e+00
      vertex   1.373063e+01 5.500000e+00 4.474018e+00
    endloop
  endfacet
  facet normal 7.518398e-01 2.342467e-16 -6.593458e-01
    outer loop
      vertex   1.373063e+01 3.000000e+00 4.474018e+00
      vertex   1.373063e+01 5.500000e+00 4.474018e+00
      vertex   1.386863e+01 3.000000e+00 4.631371e+00
    endloop
  endfacet
  facet normal 7.518398e-01 -2.342467e-16 -6.593458e-01
    outer loop
      vertex   1.386863e+01 3.000000e+00 4.631371e+00
      vertex   1.373063e+01 5.500000e+00 4.474018e+00
      vertex   1.386863e+01 5.500000e+00 4.631371e+00
    endloop
  endfacet
  facet normal 6.593458e-01 -2.671072e-16 -7.518398e-01
    outer loop
      vertex   1.386863e+01 3.000000e+00 4.631371e+00
      vertex   1.386863e+01 5.500000e+00 4.631371e+00
      vertex   1.402598e+01 3.000000e+00 4.769365e+00
    endloop
  endfacet
  facet normal 6.593458e-01 -2.671072e-16 -7.518398e-01
    outer loop
      vertex   1.402598e+01 3.000000e+00 4.769365e+00
      vertex   1.386863e+01 5.500000e+00 4.631371e+00
      vertex   1.402598e+01 5.500000e+00 4.769365e+00
    endloop
  endfacet
  facet normal 5.555702e-01 -2.953973e-16 -8.314696e-01
    outer loop
      vertex   1.402598e+01 3.000000e+00 4.769365e+00
      vertex   1.402598e+01 5.500000e+00 4.769365e+00
      vertex   1.420000e+01 3.000000e+00 4.885641e+00
    endloop
  endfacet
  facet normal 5.555702e-01 0.000000e+00 -8.314696e-01
    outer loop
      vertex   1.420000e+01 3.000000e+00 4.885641e+00
      vertex   1.402598e+01 5.500000e+00 4.769365e+00
      vertex   1.420000e+01 5.500000e+00 4.885641e+00
    endloop
  endfacet
  facet normal 4.422887e-01 0.000000e+00 -8.968727e-01
    outer loop
      vertex   1.420000e+01 3.000000e+00 4.885641e+00
      vertex   1.420000e+01 5.500000e+00 4.885641e+00
      vertex   1.438771e+01 3.000000e+00 4.978207e+00
    endloop
  endfacet
  facet normal 4.422887e-01 0.000000e+00 -8.968727e-01
    outer loop
      vertex   1.438771e+01 3.000000e+00 4.978207e+00
      vertex   1.420000e+01 5.500000e+00 4.885641e+00
      vertex   1.438771e+01 5.500000e+00 4.978207e+00
    endloop
  endfacet
  facet normal 3.214395e-01 0.000000e+00 -9.469301e-01
    outer loop
      vertex   1.438771e+01 3.000000e+00 4.978207e+00
      vertex   1.438771e+01 5.500000e+00 4.978207e+00
      vertex   1.458589e+01 3.000000e+00 5.045481e+00
    endloop
  endfacet
  facet normal 3.214395e-01 0.000000e+00 -9.469301e-01
    outer loop
      vertex   1.458589e+01 3.000000e+00 5.045481e+00
      vertex   1.438771e+01 5.500000e+00 4.978207e+00
      vertex   1.458589e+01 5.500000e+00 5.045481e+00
    endloop
  endfacet
  facet normal 1.950903e-01 0.000000e+00 -9.807853e-01
    outer loop
      vertex   1.458589e+01 3.000000e+00 5.045481e+00
      vertex   1.458589e+01 5.500000e+00 5.045481e+00
      vertex   1.479116e+01 3.000000e+00 5.086312e+00
    endloop
  endfacet
  facet normal 1.950903e-01 0.000000e+00 -9.807853e-01
    outer loop
      vertex   1.479116e+01 3.000000e+00 5.086312e+00
      vertex   1.458589e+01 5.500000e+00 5.045481e+00
      vertex   1.479116e+01 5.500000e+00 5.086312e+00
    endloop
  endfacet
  facet normal 6.540313e-02 0.000000e+00 -9.978589e-01
    outer loop
      vertex   1.479116e+01 3.000000e+00 5.086312e+00
      vertex   1.479116e+01 5.500000e+00 5.086312e+00
      vertex   1.500000e+01 3.000000e+00 5.100000e+00
    endloop
  endfacet
  facet normal 6.540313e-02 0.000000e+00 -9.978589e-01
    outer loop
      vertex   1.500000e+01 3.000000e+00 5.100000e+00
      vertex   1.479116e+01 5.500000e+00 5.086312e+00
      vertex   1.500000e+01 5.500000e+00 5.100000e+00
    endloop
  endfacet
  facet normal -6.540313e-02 0.000000e+00 -9.978589e-01
    outer loop
      vertex   1.500000e+01 3.000000e+00 5.100000e+00
      vertex   1.500000e+01 5.500000e+00 5.100000e+00
      vertex   1.520884e+01 3.000000e+00 5.086312e+00
    endloop
  endfacet
  facet normal -6.540313e-02 0.000000e+00 -9.978589e-01
    outer loop
      vertex   1.520884e+01 3.000000e+00 5.086312e+00
      vertex   1.500000e+01 5.500000e+00 5.100000e+00
      vertex   1.520884e+01 5.500000e+00 5.086312e+00
    endloop
  endfacet
  facet normal -1.950903e-01 0.000000e+00 -9.807853e-01
    outer loop
      vertex   1.520884e+01 3.000000e+00 5.086312e+00
      vertex   1.520884e+01 5.500000e+00 5.086312e+00
      vertex   1.541411e+01 3.000000e+00 5.045481e+00
    endloop
  endfacet
  facet normal -1.950903e-01 3.484449e-16 -9.807853e-01
    outer loop
      vertex   1.541411e+01 3.000000e+00 5.045481e+00
      vertex   1.520884e+01 5.500000e+00 5.086312e+00
      vertex   1.541411e+01 5.500000e+00 5.045481e+00
    endloop
  endfacet
  facet normal -3.214395e-01 3.364172e-16 -9.469301e-01
    outer loop
      vertex   1.541411e+01 3.000000e+00 5.045481e+00
      vertex   1.541411e+01 5.500000e+00 5.045481e+00
      vertex   1.561229e+01 3.000000e+00 4.978207e+00
    endloop
  endfacet
  facet normal -3.214395e-01 0.000000e+00 -9.469301e-01
    outer loop
      vertex   1.561229e+01 3.000000e+00 4.978207e+00
      vertex   1.541411e+01 5.500000e+00 5.045481e+00
      vertex   1.561229e+01 5.500000e+00 4.978207e+00
    endloop
  endfacet
  facet normal -4.422887e-01 0.000000e+00 -8.968727e-01
    outer loop
      vertex   1.561229e+01 3.000000e+00 4.978207e+00
      vertex   1.561229e+01 5.500000e+00 4.978207e+00
      vertex   1.580000e+01 3.000000e+00 4.885641e+00
    endloop
  endfacet
  facet normal -4.422887e-01 0.000000e+00 -8.968727e-01
    outer loop
      vertex   1.580000e+01 3.000000e+00 4.885641e+00
      vertex   1.561229e+01 5.500000e+00 4.978207e+00
      vertex   1.580000e+01 5.500000e+00 4.885641e+00
    endloop
  endfacet
  facet normal -5.555702e-01 0.000000e+00 -8.314696e-01
    outer loop
      vertex   1.580000e+01 3.000000e+00 4.885641e+00
      vertex   1.580000e+01 5.500000e+00 4.885641e+00
      vertex   1.597402e+01 3.000000e+00 4.769365e+00
    endloop
  endfacet
  facet normal -5.555702e-01 0.000000e+00 -8.314696e-01
    outer loop
      vertex   1.597402e+01 3.000000e+00 4.769365e+00
      vertex   1.580000e+01 5.500000e+00 4.885641e+00
      vertex   1.597402e+01 5.500000e+00 4.769365e+00
    endloop
  endfacet
  facet normal -6.593458e-01 0.000000e+00 -7.518398e-01
    outer loop
      vertex   1.597402e+01 3.000000e+00 4.769365e+00
      vertex   1.597402e+01 5.500000e+00 4.769365e+00
      vertex   1.613137e+01 3.000000e+00 4.631371e+00
    endloop
  endfacet
  facet normal -6.593458e-01 0.000000e+00 -7.518398e-01
    outer loop
      vertex   1.613137e+01 3.000000e+00 4.631371e+00
      vertex   1.597402e+01 5.500000e+00 4.769365e+00
      vertex   1.613137e+01 5.500000e+00 4.631371e+00
    endloop
  endfacet
  facet normal -7.518398e-01 0.000000e+00 -6.593458e-01
    outer loop
      vertex   1.613137e+01 3.000000e+00 4.631371e+00
      vertex   1.613137e+01 5.500000e+00 4.631371e+00
      vertex   1.626937e+01 3.000000e+00 4.474018e+00
    endloop
  endfacet
  facet normal -7.518398e-01 0.000000e+00 -6.593458e-01
    outer loop
      vertex   1.626937e+01 3.000000e+00 4.474018e+00
      vertex   1.613137e+01 5.500000e+00 4.631371e+00
      vertex   1.626937e+01 5.500000e+00 4.474018e+00
    endloop
  endfacet
  facet normal -8.314696e-01 0.000000e+00 -5.555702e-01
    outer loop
      vertex   1.626937e+01 3.000000e+00 4.474018e+00
      vertex   1.626937e+01 5.500000e+00 4.474018e+00
      vertex   1.638564e+01 3.000000e+00 4.300000e+00
    endloop
  endfacet
  facet normal -8.314696e-01 0.000000e+00 -5.555702e-01
    outer loop
      vertex   1.638564e+01 3.000000e+00 4.300000e+00
      vertex   1.626937e+01 5.500000e+00 4.474018e+00
      vertex   1.638564e+01 5.500000e+00 4.300000e+00
    endloop
  endfacet
  facet normal -8.968727e-01 0.000000e+00 -4.422887e-01
    outer loop
      vertex   1.638564e+01 3.000000e+00 4.300000e+00
      vertex   1.638564e+01 5.500000e+00 4.300000e+00
      vertex   1.647821e+01 3.000000e+00 4.112293e+00
    endloop
  endfacet
  facet normal -8.968727e-01 0.000000e+00 -4.422887e-01
    outer loop
      vertex   1.647821e+01 3.000000e+00 4.112293e+00
      vertex   1.638564e+01 5.500000e+00 4.300000e+00
      vertex   1.647821e+01 5.500000e+00 4.112293e+00
    endloop
  endfacet
  facet normal -9.469301e-01 0.000000e+00 -3.214395e-01
    outer loop
      vertex   1.647821e+01 3.000000e+00 4.112293e+00
      vertex   1.647821e+01 5.500000e+00 4.112293e+00
      vertex   1.654548e+01 3.000000e+00 3.914110e+00
    endloop
  endfacet
  facet normal -9.469301e-01 0.000000e+00 -3.214395e-01
    outer loop
      vertex   1.654548e+01 3.000000e+00 3.914110e+00
      vertex   1.647821e+01 5.500000e+00 4.112293e+00
      vertex   1.654548e+01 5.500000e+00 3.914110e+00
    endloop
  endfacet
  facet normal -9.807853e-01 0.000000e+00 -1.950903e-01
    outer loop
      vertex   1.654548e+01 3.000000e+00 3.914110e+00
      vertex   1.654548e+01 5.500000e+00 3.914110e+00
      vertex   1.658631e+01 3.000000e+00 3.708842e+00
    endloop
  endfacet
  facet normal -9.807853e-01 0.000000e+00 -1.950903e-01
    outer loop
      vertex   1.658631e+01 3.000000e+00 3.708842e+00
      vertex   1.654548e+01 5.500000e+00 3.914110e+00
      vertex   1.658631e+01 5.500000e+00 3.708842e+00
    endloop
  endfacet
  facet normal -9.978589e-01 0.000000e+00 -6.540313e-02
    outer loop
      vertex   1.658631e+01 3.000000e+00 3.708842e+00
      vertex   1.658631e+01 5.500000e+00 3.708842e+00
      vertex   1.660000e+01 3.000000e+00 3.500000e+00
    endloop
  endfacet
  facet normal -9.978589e-01 0.000000e+00 -6.540313e-02
    outer loop
      vertex   1.660000e+01 3.000000e+00 3.500000e+00
      vertex   1.658631e+01 5.500000e+00 3.708842e+00
      vertex   1.660000e+01 5.500000e+00 3.500000e+00
    endloop
  endfacet
  facet normal -9.978589e-01 0.000000e+00 6.540313e-02
    outer loop
      vertex   1.660000e+01 3.000000e+00 3.500000e+00
      vertex   1.660000e+01 5.500000e+00 3.500000e+00
      vertex   1.658631e+01 3.000000e+00 3.291158e+00
    endloop
  endfacet
  facet normal -9.978589e-01 0.000000e+00 6.540313e-02
    outer loop
      vertex   1.658631e+01 3.000000e+00 3.291158e+00
      vertex   1.660000e+01 5.500000e+00 3.500000e+00
      vertex   1.658631e+01 5.500000e+00 3.291158e+00
    endloop
  endfacet
  facet normal -9.807853e-01 0.000000e+00 1.950903e-01
    outer loop
      vertex   1.658631e+01 3.000000e+00 3.291158e+00
      vertex   1.658631e+01 5.500000e+00 3.291158e+00
      vertex   1.654548e+01 3.000000e+00 3.085890e+00
    endloop
  endfacet
  facet normal -9.807853e-01 0.000000e+00 1.950903e-01
    outer loop
      vertex   1.654548e+01 3.000000e+00 3.085890e+00
      vertex   1.658631e+01 5.500000e+00 3.291158e+00
      vertex   1.654548e+01 5.500000e+00 3.085890e+00
    endloop
  endfacet
  facet normal -9.469301e-01 0.000000e+00 3.214395e-01
    outer loop
      vertex   1.654548e+01 3.000000e+00 3.085890e+00
      vertex   1.654548e+01 5.500000e+00 3.085890e+00
      vertex   1.647821e+01 3.000000e+00 2.887707e+00
    endloop
  endfacet
  facet normal -9.469301e-01 0.000000e+00 3.214395e-01
    outer loop
      vertex   1.647821e+01 3.000000e+00 2.887707e+00
      vertex   1.654548e+01 5.500000e+00 3.085890e+00
      vertex   1.647821e+01 5.500000e+00 2.887707e+00
    endloop
  endfacet
  facet normal -8.968727e-01 0.000000e+00 4.422887e-01
    outer loop
      vertex   1.647821e+01 3.000000e+00 2.887707e+00
      vertex   1.647821e+01 5.500000e+00 2.887707e+00
      vertex   1.638564e+01 3.000000e+00 2.700000e+00
    endloop
  endfacet
  facet normal -8.968727e-01 0.000000e+00 4.422887e-01
    outer loop
      vertex   1.638564e+01 3.000000e+00 2.700000e+00
      vertex   1.647821e+01 5.500000e+00 2.887707e+00
      vertex   1.638564e+01 5.500000e+00 2.700000e+00
    endloop
  endfacet
  facet normal -8.314696e-01 0.000000e+00 5.555702e-01
    outer loop
      vertex   1.638564e+01 3.000000e+00 2.700000e+00
      vertex   1.638564e+01 5.500000e+00 2.700000e+00
      vertex   1.626937e+01 3.000000e+00 2.525982e+00
    endloop
  endfacet
  facet normal -8.314696e-01 0.000000e+00 5.555702e-01
    outer loop
      vertex   1.626937e+01 3.000000e+00 2.525982e+00
      vertex   1.638564e+01 5.500000e+00 2.700000e+00
      vertex   1.626937e+01 5.500000e+00 2.525982e+00
    endloop
  endfacet
  facet normal -7.518398e-01 0.000000e+00 6.593458e-01
    outer loop
      vertex   1.626937e+01 3.000000e+00 2.525982e+00
      vertex   1.626937e+01 5.500000e+00 2.525982e+00
      vertex   1.613137e+01 3.000000e+00 2.368629e+00
    endloop
  endfacet
  facet normal -7.518398e-01 0.000000e+00 6.593458e-01
    outer loop
      vertex   1.613137e+01 3.000000e+00 2.368629e+00
      vertex   1.626937e+01 5.500000e+00 2.525982e+00
      vertex   1.613137e+01 5.500000e+00 2.368629e+00
    endloop
  endfacet
  facet normal -6.593458e-01 0.000000e+00 7.518398e-01
    outer loop
      vertex   1.613137e+01 3.000000e+00 2.368629e+00
      vertex   1.613137e+01 5.500000e+00 2.368629e+00
      vertex   1.597402e+01 3.000000e+00 2.230635e+00
    endloop
  endfacet
  facet normal -6.593458e-01 0.000000e+00 7.518398e-01
    outer loop
      vertex   1.597402e+01 3.000000e+00 2.230635e+00
      vertex   1.613137e+01 5.500000e+00 2.368629e+00
      vertex   1.597402e+01 5.500000e+00 2.230635e+00
    endloop
  endfacet
  facet normal -5.555702e-01 0.000000e+00 8.314696e-01
    outer loop
      vertex   1.597402e+01 3.000000e+00 2.230635e+00
      vertex   1.597402e+01 5.500000e+00 2.230635e+00
      vertex   1.580000e+01 3.000000e+00 2.114359e+00
    endloop
  endfacet
  facet normal -5.555702e-01 -1.476987e-16 8.314696e-01
    outer loop
      vertex   1.580000e+01 3.000000e+00 2.114359e+00
      vertex   1.597402e+01 5.500000e+00 2.230635e+00
      vertex   1.580000e+01 5.500000e+00 2.114359e+00
    endloop
  endfacet
  facet normal -4.422887e-01 -1.593166e-16 8.968727e-01
    outer loop
      vertex   1.580000e+01 3.000000e+00 2.114359e+00
      vertex   1.580000e+01 5.500000e+00 2.114359e+00
      vertex   1.561229e+01 3.000000e+00 2.021793e+00
    endloop
  endfacet
  facet normal -4.422887e-01 0.000000e+00 8.968727e-01
    outer loop
      vertex   1.561229e+01 3.000000e+00 2.021793e+00
      vertex   1.580000e+01 5.500000e+00 2.114359e+00
      vertex   1.561229e+01 5.500000e+00 2.021793e+00
    endloop
  endfacet
  facet normal -3.214395e-01 0.000000e+00 9.469301e-01
    outer loop
      vertex   1.561229e+01 3.000000e+00 2.021793e+00
      vertex   1.561229e+01 5.500000e+00 2.021793e+00
      vertex   1.541411e+01 3.000000e+00 1.954519e+00
    endloop
  endfacet
  facet normal -3.214395e-01 8.410429e-17 9.469301e-01
    outer loop
      vertex   1.541411e+01 3.000000e+00 1.954519e+00
      vertex   1.561229e+01 5.500000e+00 2.021793e+00
      vertex   1.541411e+01 5.500000e+00 1.954519e+00
    endloop
  endfacet
  facet normal -1.950903e-01 8.711123e-17 9.807853e-01
    outer loop
      vertex   1.541411e+01 3.000000e+00 1.954519e+00
      vertex   1.541411e+01 5.500000e+00 1.954519e+00
      vertex   1.520884e+01 3.000000e+00 1.913688e+00
    endloop
  endfacet
  facet normal -1.950903e-01 0.000000e+00 9.807853e-01
    outer loop
      vertex   1.520884e+01 3.000000e+00 1.913688e+00
      vertex   1.541411e+01 5.500000e+00 1.954519e+00
      vertex   1.520884e+01 5.500000e+00 1.913688e+00
    endloop
  endfacet
  facet normal 0.000000e+00 -7.071068e-01 7.071068e-01
    outer loop
      vertex   -1.375000e+01 0.000000e+00 2.350000e+01
      vertex   1.375000e+01 0.000000e+00 2.350000e+01
      vertex   -1.389951e+01 5.800885e-02 2.355801e+01
    endloop
  endfacet
  facet normal 3.575899e-16 -7.071068e-01 7.071068e-01
    outer loop
      vertex   -1.389951e+01 5.800885e-02 2.355801e+01
      vertex   1.375000e+01 0.000000e+00 2.350000e+01
      vertex   1.389951e+01 5.800885e-02 2.355801e+01
    endloop
  endfacet
  facet normal 3.575899e-16 -7.071068e-01 7.071068e-01
    outer loop
      vertex   -1.389951e+01 5.800885e-02 2.355801e+01
      vertex   1.389951e+01 5.800885e-02 2.355801e+01
      vertex   -1.405170e+01 1.085720e-01 2.360857e+01
    endloop
  endfacet
  facet normal 1.623676e-16 -7.071068e-01 7.071068e-01
    outer loop
      vertex   -1.405170e+01 1.085720e-01 2.360857e+01
      vertex   1.389951e+01 5.800885e-02 2.355801e+01
      vertex   1.405170e+01 1.085720e-01 2.360857e+01
    endloop
  endfacet
  facet normal 1.623676e-16 -7.071068e-01 7.071068e-01
    outer loop
      vertex   -1.405170e+01 1.085720e-01 2.360857e+01
      vertex   1.405170e+01 1.085720e-01 2.360857e+01
      vertex   -1.420619e+01 1.515663e-01 2.365157e+01
    endloop
  endfacet
  facet normal 1.858146e-16 -7.071068e-01 7.071068e-01
    outer loop
      vertex   -1.420619e+01 1.515663e-01 2.365157e+01
      vertex   1.405170e+01 1.085720e-01 2.360857e+01
      vertex   1.420619e+01 1.515663e-01 2.365157e+01
    endloop
  endfacet
  facet normal 1.858146e-16 -7.071068e-01 7.071068e-01
    outer loop
      vertex   -1.420619e+01 1.515663e-01 2.365157e+01
      vertex   1.420619e+01 1.515663e-01 2.365157e+01
      vertex   -1.436262e+01 1.868872e-01 2.368689e+01
    endloop
  endfacet
  facet normal 1.229827e-17 -7.071068e-01 7.071068e-01
    outer loop
      vertex   -1.436262e+01 1.868872e-01 2.368689e+01
      vertex   1.420619e+01 1.515663e-01 2.365157e+01
      vertex   1.436262e+01 1.868872e-01 2.368689e+01
    endloop
  endfacet
  facet normal 1.229827e-17 -7.071068e-01 7.071068e-01
    outer loop
      vertex   -1.436262e+01 1.868872e-01 2.368689e+01
      vertex   1.436262e+01 1.868872e-01 2.368689e+01
      vertex   -1.452060e+01 2.144486e-01 2.371445e+01
    endloop
  endfacet
  facet normal 5.541590e-17 -7.071068e-01 7.071068e-01
    outer loop
      vertex   -1.452060e+01 2.144486e-01 2.371445e+01
      vertex   1.436262e+01 1.868872e-01 2.368689e+01
      vertex   1.452060e+01 2.144486e-01 2.371445e+01
    endloop
  endfacet
  facet normal 5.541590e-17 -7.071068e-01 7.071068e-01
    outer loop
      vertex   -1.452060e+01 2.144486e-01 2.371445e+01
      vertex   1.452060e+01 2.144486e-01 2.371445e+01
      vertex   -1.467975e+01 2.341833e-01 2.373418e+01
    endloop
  endfacet
  facet normal -3.275538e-17 -7.071068e-01 7.071068e-01
    outer loop
      vertex   -1.467975e+01 2.341833e-01 2.373418e+01
      vertex   1.452060e+01 2.144486e-01 2.371445e+01
      vertex   1.467975e+01 2.341833e-01 2.373418e+01
    endloop
  endfacet
  facet normal -3.275538e-17 -7.071068e-01 7.071068e-01
    outer loop
      vertex   -1.467975e+01 2.341833e-01 2.373418e+01
      vertex   1.467975e+01 2.341833e-01 2.373418e+01
      vertex   -1.483968e+01 2.460434e-01 2.374604e+01
    endloop
  endfacet
  facet normal -1.031586e-16 -7.071068e-01 7.071068e-01
    outer loop
      vertex   -1.483968e+01 2.460434e-01 2.374604e+01
      vertex   1.467975e+01 2.341833e-01 2.373418e+01
      vertex   1.483968e+01 2.460434e-01 2.374604e+01
    endloop
  endfacet
  facet normal -1.031586e-16 -7.071068e-01 7.071068e-01
    outer loop
      vertex   -1.483968e+01 2.460434e-01 2.374604e+01
      vertex   1.483968e+01 2.460434e-01 2.374604e+01
      vertex   -1.990000e+01 3.000000e+00 2.650000e+01
    endloop
  endfacet
  facet normal 0.000000e+00 -7.071068e-01 7.071068e-01
    outer loop
      vertex   -1.990000e+01 3.000000e+00 2.650000e+01
      vertex   1.483968e+01 2.460434e-01 2.374604e+01
      vertex   1.990000e+01 3.000000e+00 2.650000e+01
    endloop
  endfacet
  facet normal 7.450210e-15 -7.071068e-01 7.071068e-01
    outer loop
      vertex   1.990000e+01 3.000000e+00 2.650000e+01
      vertex   1.483968e+01 2.460434e-01 2.374604e+01
      vertex   1.500000e+01 2.500000e-01 2.375000e+01
    endloop
  endfacet
  facet normal -2.456127e-14 -7.071068e-01 7.071068e-01
    outer loop
      vertex   1.990000e+01 3.000000e+00 2.650000e+01
      vertex   1.500000e+01 2.500000e-01 2.375000e+01
      vertex   1.516032e+01 2.460434e-01 2.374604e+01
    endloop
  endfacet
  facet normal 0.000000e+00 -7.071068e-01 7.071068e-01
    outer loop
      vertex   1.990000e+01 3.000000e+00 2.650000e+01
      vertex   1.516032e+01 2.460434e-01 2.374604e+01
      vertex   1.990000e+01 0.000000e+00 2.350000e+01
    endloop
  endfacet
  facet normal -1.163805e-15 -7.071068e-01 7.071068e-01
    outer loop
      vertex   1.990000e+01 0.000000e+00 2.350000e+01
      vertex   1.516032e+01 2.460434e-01 2.374604e+01
      vertex   1.532025e+01 2.341833e-01 2.373418e+01
    endloop
  endfacet
  facet normal 2.494365e-15 -7.071068e-01 7.071068e-01
    outer loop
      vertex   1.990000e+01 0.000000e+00 2.350000e+01
      vertex   1.532025e+01 2.341833e-01 2.373418e+01
      vertex   1.547940e+01 2.144486e-01 2.371445e+01
    endloop
  endfacet
  facet normal 4.636891e-15 -7.071068e-01 7.071068e-01
    outer loop
      vertex   1.547940e+01 2.144486e-01 2.371445e+01
      vertex   1.563738e+01 1.868872e-01 2.368689e+01
      vertex   1.990000e+01 0.000000e+00 2.350000e+01
    endloop
  endfacet
  facet normal 5.823556e-15 -7.071068e-01 7.071068e-01
    outer loop
      vertex   1.990000e+01 0.000000e+00 2.350000e+01
      vertex   1.563738e+01 1.868872e-01 2.368689e+01
      vertex   1.579381e+01 1.515663e-01 2.365157e+01
    endloop
  endfacet
  facet normal 1.810394e-15 -7.071068e-01 7.071068e-01
    outer loop
      vertex   1.990000e+01 0.000000e+00 2.350000e+01
      vertex   1.579381e+01 1.515663e-01 2.365157e+01
      vertex   1.594830e+01 1.085720e-01 2.360857e+01
    endloop
  endfacet
  facet normal 4.433735e-15 -7.071068e-01 7.071068e-01
    outer loop
      vertex   1.594830e+01 1.085720e-01 2.360857e+01
      vertex   1.610049e+01 5.800885e-02 2.355801e+01
      vertex   1.990000e+01 0.000000e+00 2.350000e+01
    endloop
  endfacet
  facet normal 0.000000e+00 -7.071068e-01 7.071068e-01
    outer loop
      vertex   1.990000e+01 0.000000e+00 2.350000e+01
      vertex   1.610049e+01 5.800885e-02 2.355801e+01
      vertex   1.625000e+01 0.000000e+00 2.350000e+01
    endloop
  endfacet
  facet normal 1.590074e-15 -7.071068e-01 7.071068e-01
    outer loop
      vertex   -1.990000e+01 0.000000e+00 2.350000e+01
      vertex   -1.516032e+01 2.460434e-01 2.374604e+01
      vertex   -1.990000e+01 3.000000e+00 2.650000e+01
    endloop
  endfacet
  facet normal 8.187089e-15 -7.071068e-01 7.071068e-01
    outer loop
      vertex   -1.990000e+01 3.000000e+00 2.650000e+01
      vertex   -1.516032e+01 2.460434e-01 2.374604e+01
      vertex   -1.500000e+01 2.500000e-01 2.375000e+01
    endloop
  endfacet
  facet normal -1.937055e-14 -7.071068e-01 7.071068e-01
    outer loop
      vertex   -1.990000e+01 3.000000e+00 2.650000e+01
      vertex   -1.500000e+01 2.500000e-01 2.375000e+01
      vertex   -1.483968e+01 2.460434e-01 2.374604e+01
    endloop
  endfacet
  facet normal 0.000000e+00 -7.071068e-01 7.071068e-01
    outer loop
      vertex   -1.625000e+01 0.000000e+00 2.350000e+01
      vertex   -1.610049e+01 5.800885e-02 2.355801e+01
      vertex   -1.990000e+01 0.000000e+00 2.350000e+01
    endloop
  endfacet
  facet normal 2.221887e-15 -7.071068e-01 7.071068e-01
    outer loop
      vertex   -1.990000e+01 0.000000e+00 2.350000e+01
      vertex   -1.610049e+01 5.800885e-02 2.355801e+01
      vertex   -1.594830e+01 1.085720e-01 2.360857e+01
    endloop
  endfacet
  facet normal 2.723602e-15 -7.071068e-01 7.071068e-01
    outer loop
      vertex   -1.990000e+01 0.000000e+00 2.350000e+01
      vertex   -1.594830e+01 1.085720e-01 2.360857e+01
      vertex   -1.579381e+01 1.515663e-01 2.365157e+01
    endloop
  endfacet
  facet normal -7.329997e-16 -7.071068e-01 7.071068e-01
    outer loop
      vertex   -1.579381e+01 1.515663e-01 2.365157e+01
      vertex   -1.563738e+01 1.868872e-01 2.368689e+01
      vertex   -1.990000e+01 0.000000e+00 2.350000e+01
    endloop
  endfacet
  facet normal 3.737404e-15 -7.071068e-01 7.071068e-01
    outer loop
      vertex   -1.990000e+01 0.000000e+00 2.350000e+01
      vertex   -1.563738e+01 1.868872e-01 2.368689e+01
      vertex   -1.547940e+01 2.144486e-01 2.371445e+01
    endloop
  endfacet
  facet normal 2.586748e-15 -7.071068e-01 7.071068e-01
    outer loop
      vertex   -1.990000e+01 0.000000e+00 2.350000e+01
      vertex   -1.547940e+01 2.144486e-01 2.371445e+01
      vertex   -1.532025e+01 2.341833e-01 2.373418e+01
    endloop
  endfacet
  facet normal 3.022256e-14 -7.071068e-01 7.071068e-01
    outer loop
      vertex   -1.532025e+01 2.341833e-01 2.373418e+01
      vertex   -1.516032e+01 2.460434e-01 2.374604e+01
      vertex   -1.990000e+01 0.000000e+00 2.350000e+01
    endloop
  endfacet
  facet normal 0.000000e+00 1.000000e+00 0.000000e+00
    outer loop
      vertex   -1.100000e+01 8.000000e+00 7.500000e+00
      vertex   -1.520884e+01 8.000000e+00 5.086312e+00
      vertex   -1.990000e+01 8.000000e+00 7.500000e+00
    endloop
  endfacet
  facet normal 0.000000e+00 1.000000e+00 0.000000e+00
    outer loop
      vertex   -1.990000e+01 8.000000e+00 7.500000e+00
      vertex   -1.520884e+01 8.000000e+00 5.086312e+00
      vertex   -1.541411e+01 8.000000e+00 5.045481e+00
    endloop
  endfacet
  facet normal 0.000000e+00 1.000000e+00 0.000000e+00
    outer loop
      vertex   -1.990000e+01 8.000000e+00 7.500000e+00
      vertex   -1.541411e+01 8.000000e+00 5.045481e+00
      vertex   -1.561229e+01 8.000000e+00 4.978207e+00
    endloop
  endfacet
  facet normal 0.000000e+00 1.000000e+00 -0.000000e+00
    outer loop
      vertex   -1.100000e+01 8.000000e+00 -3.500000e+00
      vertex   -1.341369e+01 8.000000e+00 3.291158e+00
      vertex   -1.100000e+01 8.000000e+00 7.500000e+00
    endloop
  endfacet
  facet normal 0.000000e+00 1.000000e+00 0.000000e+00
    outer loop
      vertex   -1.100000e+01 8.000000e+00 7.500000e+00
      vertex   -1.341369e+01 8.000000e+00 3.291158e+00
      vertex   -1.340000e+01 8.000000e+00 3.500000e+00
    endloop
  endfacet
  facet normal 0.000000e+00 1.000000e+00 0.000000e+00
    outer loop
      vertex   -1.100000e+01 8.000000e+00 7.500000e+00
      vertex   -1.340000e+01 8.000000e+00 3.500000e+00
      vertex   -1.341369e+01 8.000000e+00 3.708842e+00
    endloop
  endfacet
  facet normal -4.994761e-07 1.000000e+00 -3.283637e-07
    outer loop
      vertex   -1.645764e+01 7.999997e+00 -3.500004e+00
      vertex   -1.458589e+01 8.000000e+00 1.954519e+00
      vertex   -1.100000e+01 8.000000e+00 -3.500000e+00
    endloop
  endfacet
  facet normal 0.000000e+00 1.000000e+00 0.000000e+00
    outer loop
      vertex   -1.100000e+01 8.000000e+00 -3.500000e+00
      vertex   -1.458589e+01 8.000000e+00 1.954519e+00
      vertex   -1.438771e+01 8.000000e+00 2.021793e+00
    endloop
  endfacet
  facet normal 0.000000e+00 1.000000e+00 0.000000e+00
    outer loop
      vertex   -1.100000e+01 8.000000e+00 -3.500000e+00
      vertex   -1.438771e+01 8.000000e+00 2.021793e+00
      vertex   -1.420000e+01 8.000000e+00 2.114359e+00
    endloop
  endfacet
  facet normal 4.981461e-06 1.000000e+00 -1.256294e-06
    outer loop
      vertex   -1.697349e+01 8.000000e+00 -3.375625e+00
      vertex   -1.561229e+01 8.000000e+00 2.021793e+00
      vertex   -1.645764e+01 7.999997e+00 -3.500004e+00
    endloop
  endfacet
  facet normal -1.593008e-07 1.000000e+00 -4.692850e-07
    outer loop
      vertex   -1.645764e+01 7.999997e+00 -3.500004e+00
      vertex   -1.561229e+01 8.000000e+00 2.021793e+00
      vertex   -1.541411e+01 8.000000e+00 1.954519e+00
    endloop
  endfacet
  facet normal -9.576444e-08 1.000000e+00 -4.814404e-07
    outer loop
      vertex   -1.645764e+01 7.999997e+00 -3.500004e+00
      vertex   -1.541411e+01 8.000000e+00 1.954519e+00
      vertex   -1.520884e+01 8.000000e+00 1.913688e+00
    endloop
  endfacet
  facet normal -6.156440e-14 1.000000e+00 -1.248402e-13
    outer loop
      vertex   -1.561229e+01 8.000000e+00 2.021793e+00
      vertex   -1.697349e+01 8.000000e+00 -3.375625e+00
      vertex   -1.580000e+01 8.000000e+00 2.114359e+00
    endloop
  endfacet
  facet normal -4.100886e-06 1.000000e+00 8.765680e-07
    outer loop
      vertex   -1.580000e+01 8.000000e+00 2.114359e+00
      vertex   -1.697349e+01 8.000000e+00 -3.375625e+00
      vertex   -1.749143e+01 7.999998e+00 -3.259077e+00
    endloop
  endfacet
  facet normal -2.287180e-07 1.000000e+00 -3.423007e-07
    outer loop
      vertex   -1.580000e+01 8.000000e+00 2.114359e+00
      vertex   -1.749143e+01 7.999998e+00 -3.259077e+00
      vertex   -1.597402e+01 8.000000e+00 2.230635e+00
    endloop
  endfacet
  facet normal 3.272650e-06 1.000000e+00 -1.310116e-06
    outer loop
      vertex   -1.597402e+01 8.000000e+00 2.230635e+00
      vertex   -1.749143e+01 7.999998e+00 -3.259077e+00
      vertex   -1.808407e+01 8.000000e+00 -3.040232e+00
    endloop
  endfacet
  facet normal 0.000000e+00 1.000000e+00 0.000000e+00
    outer loop
      vertex   -1.597402e+01 8.000000e+00 2.230635e+00
      vertex   -1.808407e+01 8.000000e+00 -3.040232e+00
      vertex   -1.613137e+01 8.000000e+00 2.368629e+00
    endloop
  endfacet
  facet normal 0.000000e+00 1.000000e+00 0.000000e+00
    outer loop
      vertex   -1.613137e+01 8.000000e+00 2.368629e+00
      vertex   -1.808407e+01 8.000000e+00 -3.040232e+00
      vertex   -1.868346e+01 8.000000e+00 -2.840636e+00
    endloop
  endfacet
  facet normal 0.000000e+00 1.000000e+00 0.000000e+00
    outer loop
      vertex   -1.613137e+01 8.000000e+00 2.368629e+00
      vertex   -1.868346e+01 8.000000e+00 -2.840636e+00
      vertex   -1.626937e+01 8.000000e+00 2.525982e+00
    endloop
  endfacet
  facet normal 0.000000e+00 1.000000e+00 0.000000e+00
    outer loop
      vertex   -1.626937e+01 8.000000e+00 2.525982e+00
      vertex   -1.868346e+01 8.000000e+00 -2.840636e+00
      vertex   -1.928898e+01 8.000000e+00 -2.660496e+00
    endloop
  endfacet
  facet normal 0.000000e+00 1.000000e+00 0.000000e+00
    outer loop
      vertex   -1.626937e+01 8.000000e+00 2.525982e+00
      vertex   -1.928898e+01 8.000000e+00 -2.660496e+00
      vertex   -1.638564e+01 8.000000e+00 2.700000e+00
    endloop
  endfacet
  facet normal 0.000000e+00 1.000000e+00 0.000000e+00
    outer loop
      vertex   -1.638564e+01 8.000000e+00 2.700000e+00
      vertex   -1.928898e+01 8.000000e+00 -2.660496e+00
      vertex   -1.647821e+01 8.000000e+00 2.887707e+00
    endloop
  endfacet
  facet normal 0.000000e+00 1.000000e+00 0.000000e+00
    outer loop
      vertex   -1.647821e+01 8.000000e+00 2.887707e+00
      vertex   -1.928898e+01 8.000000e+00 -2.660496e+00
      vertex   -1.990000e+01 8.000000e+00 -2.500000e+00
    endloop
  endfacet
  facet normal 0.000000e+00 1.000000e+00 0.000000e+00
    outer loop
      vertex   -1.647821e+01 8.000000e+00 2.887707e+00
      vertex   -1.990000e+01 8.000000e+00 -2.500000e+00
      vertex   -1.654548e+01 8.000000e+00 3.085890e+00
    endloop
  endfacet
  facet normal 0.000000e+00 1.000000e+00 0.000000e+00
    outer loop
      vertex   -1.654548e+01 8.000000e+00 3.085890e+00
      vertex   -1.990000e+01 8.000000e+00 -2.500000e+00
      vertex   -1.658631e+01 8.000000e+00 3.291158e+00
    endloop
  endfacet
  facet normal 0.000000e+00 1.000000e+00 0.000000e+00
    outer loop
      vertex   -1.658631e+01 8.000000e+00 3.291158e+00
      vertex   -1.990000e+01 8.000000e+00 -2.500000e+00
      vertex   -1.990000e+01 8.000000e+00 7.500000e+00
    endloop
  endfacet
  facet normal 0.000000e+00 1.000000e+00 0.000000e+00
    outer loop
      vertex   -1.658631e+01 8.000000e+00 3.291158e+00
      vertex   -1.990000e+01 8.000000e+00 7.500000e+00
      vertex   -1.660000e+01 8.000000e+00 3.500000e+00
    endloop
  endfacet
  facet normal 0.000000e+00 1.000000e+00 -0.000000e+00
    outer loop
      vertex   -1.660000e+01 8.000000e+00 3.500000e+00
      vertex   -1.990000e+01 8.000000e+00 7.500000e+00
      vertex   -1.658631e+01 8.000000e+00 3.708842e+00
    endloop
  endfacet
  facet normal 0.000000e+00 1.000000e+00 -0.000000e+00
    outer loop
      vertex   -1.658631e+01 8.000000e+00 3.708842e+00
      vertex   -1.990000e+01 8.000000e+00 7.500000e+00
      vertex   -1.654548e+01 8.000000e+00 3.914110e+00
    endloop
  endfacet
  facet normal 0.000000e+00 1.000000e+00 -0.000000e+00
    outer loop
      vertex   -1.654548e+01 8.000000e+00 3.914110e+00
      vertex   -1.990000e+01 8.000000e+00 7.500000e+00
      vertex   -1.647821e+01 8.000000e+00 4.112293e+00
    endloop
  endfacet
  facet normal 0.000000e+00 1.000000e+00 -0.000000e+00
    outer loop
      vertex   -1.647821e+01 8.000000e+00 4.112293e+00
      vertex   -1.990000e+01 8.000000e+00 7.500000e+00
      vertex   -1.638564e+01 8.000000e+00 4.300000e+00
    endloop
  endfacet
  facet normal 0.000000e+00 1.000000e+00 -0.000000e+00
    outer loop
      vertex   -1.638564e+01 8.000000e+00 4.300000e+00
      vertex   -1.990000e+01 8.000000e+00 7.500000e+00
      vertex   -1.626937e+01 8.000000e+00 4.474018e+00
    endloop
  endfacet
  facet normal 0.000000e+00 1.000000e+00 -0.000000e+00
    outer loop
      vertex   -1.626937e+01 8.000000e+00 4.474018e+00
      vertex   -1.990000e+01 8.000000e+00 7.500000e+00
      vertex   -1.613137e+01 8.000000e+00 4.631371e+00
    endloop
  endfacet
  facet normal 0.000000e+00 1.000000e+00 -0.000000e+00
    outer loop
      vertex   -1.613137e+01 8.000000e+00 4.631371e+00
      vertex   -1.990000e+01 8.000000e+00 7.500000e+00
      vertex   -1.597402e+01 8.000000e+00 4.769365e+00
    endloop
  endfacet
  facet normal 0.000000e+00 1.000000e+00 -0.000000e+00
    outer loop
      vertex   -1.597402e+01 8.000000e+00 4.769365e+00
      vertex   -1.990000e+01 8.000000e+00 7.500000e+00
      vertex   -1.580000e+01 8.000000e+00 4.885641e+00
    endloop
  endfacet
  facet normal 0.000000e+00 1.000000e+00 -0.000000e+00
    outer loop
      vertex   -1.580000e+01 8.000000e+00 4.885641e+00
      vertex   -1.990000e+01 8.000000e+00 7.500000e+00
      vertex   -1.561229e+01 8.000000e+00 4.978207e+00
    endloop
  endfacet
  facet normal -3.251160e-08 1.000000e+00 -4.960311e-07
    outer loop
      vertex   -1.520884e+01 8.000000e+00 1.913688e+00
      vertex   -1.500000e+01 8.000000e+00 1.900000e+00
      vertex   -1.645764e+01 7.999997e+00 -3.500004e+00
    endloop
  endfacet
  facet normal 3.368273e-08 1.000000e+00 -5.138991e-07
    outer loop
      vertex   -1.645764e+01 7.999997e+00 -3.500004e+00
      vertex   -1.500000e+01 8.000000e+00 1.900000e+00
      vertex   -1.479116e+01 8.000000e+00 1.913688e+00
    endloop
  endfacet
  facet normal 1.066912e-07 1.000000e+00 -5.363730e-07
    outer loop
      vertex   -1.645764e+01 7.999997e+00 -3.500004e+00
      vertex   -1.479116e+01 8.000000e+00 1.913688e+00
      vertex   -1.458589e+01 8.000000e+00 1.954519e+00
    endloop
  endfacet
  facet normal -0.000000e+00 1.000000e+00 0.000000e+00
    outer loop
      vertex   -1.420000e+01 8.000000e+00 2.114359e+00
      vertex   -1.402598e+01 8.000000e+00 2.230635e+00
      vertex   -1.100000e+01 8.000000e+00 -3.500000e+00
    endloop
  endfacet
  facet normal 0.000000e+00 1.000000e+00 0.000000e+00
    outer loop
      vertex   -1.100000e+01 8.000000e+00 -3.500000e+00
      vertex   -1.402598e+01 8.000000e+00 2.230635e+00
      vertex   -1.386863e+01 8.000000e+00 2.368629e+00
    endloop
  endfacet
  facet normal 0.000000e+00 1.000000e+00 0.000000e+00
    outer loop
      vertex   -1.100000e+01 8.000000e+00 -3.500000e+00
      vertex   -1.386863e+01 8.000000e+00 2.368629e+00
      vertex   -1.373063e+01 8.000000e+00 2.525982e+00
    endloop
  endfacet
  facet normal -0.000000e+00 1.000000e+00 0.000000e+00
    outer loop
      vertex   -1.373063e+01 8.000000e+00 2.525982e+00
      vertex   -1.361436e+01 8.000000e+00 2.700000e+00
      vertex   -1.100000e+01 8.000000e+00 -3.500000e+00
    endloop
  endfacet
  facet normal 0.000000e+00 1.000000e+00 0.000000e+00
    outer loop
      vertex   -1.100000e+01 8.000000e+00 -3.500000e+00
      vertex   -1.361436e+01 8.000000e+00 2.700000e+00
      vertex   -1.352179e+01 8.000000e+00 2.887707e+00
    endloop
  endfacet
  facet normal 0.000000e+00 1.000000e+00 0.000000e+00
    outer loop
      vertex   -1.100000e+01 8.000000e+00 -3.500000e+00
      vertex   -1.352179e+01 8.000000e+00 2.887707e+00
      vertex   -1.345452e+01 8.000000e+00 3.085890e+00
    endloop
  endfacet
  facet normal -0.000000e+00 1.000000e+00 0.000000e+00
    outer loop
      vertex   -1.345452e+01 8.000000e+00 3.085890e+00
      vertex   -1.341369e+01 8.000000e+00 3.291158e+00
      vertex   -1.100000e+01 8.000000e+00 -3.500000e+00
    endloop
  endfacet
  facet normal 0.000000e+00 1.000000e+00 -0.000000e+00
    outer loop
      vertex   -1.341369e+01 8.000000e+00 3.708842e+00
      vertex   -1.345452e+01 8.000000e+00 3.914110e+00
      vertex   -1.100000e+01 8.000000e+00 7.500000e+00
    endloop
  endfacet
  facet normal 0.000000e+00 1.000000e+00 0.000000e+00
    outer loop
      vertex   -1.100000e+01 8.000000e+00 7.500000e+00
      vertex   -1.345452e+01 8.000000e+00 3.914110e+00
      vertex   -1.352179e+01 8.000000e+00 4.112293e+00
    endloop
  endfacet
  facet normal 0.000000e+00 1.000000e+00 0.000000e+00
    outer loop
      vertex   -1.100000e+01 8.000000e+00 7.500000e+00
      vertex   -1.352179e+01 8.000000e+00 4.112293e+00
      vertex   -1.361436e+01 8.000000e+00 4.300000e+00
    endloop
  endfacet
  facet normal 0.000000e+00 1.000000e+00 -0.000000e+00
    outer loop
      vertex   -1.361436e+01 8.000000e+00 4.300000e+00
      vertex   -1.373063e+01 8.000000e+00 4.474018e+00
      vertex   -1.100000e+01 8.000000e+00 7.500000e+00
    endloop
  endfacet
  facet normal 0.000000e+00 1.000000e+00 0.000000e+00
    outer loop
      vertex   -1.100000e+01 8.000000e+00 7.500000e+00
      vertex   -1.373063e+01 8.000000e+00 4.474018e+00
      vertex   -1.386863e+01 8.000000e+00 4.631371e+00
    endloop
  endfacet
  facet normal 0.000000e+00 1.000000e+00 0.000000e+00
    outer loop
      vertex   -1.100000e+01 8.000000e+00 7.500000e+00
      vertex   -1.386863e+01 8.000000e+00 4.631371e+00
      vertex   -1.402598e+01 8.000000e+00 4.769365e+00
    endloop
  endfacet
  facet normal 0.000000e+00 1.000000e+00 -0.000000e+00
    outer loop
      vertex   -1.402598e+01 8.000000e+00 4.769365e+00
      vertex   -1.420000e+01 8.000000e+00 4.885641e+00
      vertex   -1.100000e+01 8.000000e+00 7.500000e+00
    endloop
  endfacet
  facet normal 0.000000e+00 1.000000e+00 0.000000e+00
    outer loop
      vertex   -1.100000e+01 8.000000e+00 7.500000e+00
      vertex   -1.420000e+01 8.000000e+00 4.885641e+00
      vertex   -1.438771e+01 8.000000e+00 4.978207e+00
    endloop
  endfacet
  facet normal 0.000000e+00 1.000000e+00 0.000000e+00
    outer loop
      vertex   -1.100000e+01 8.000000e+00 7.500000e+00
      vertex   -1.438771e+01 8.000000e+00 4.978207e+00
      vertex   -1.458589e+01 8.000000e+00 5.045481e+00
    endloop
  endfacet
  facet normal 0.000000e+00 1.000000e+00 -0.000000e+00
    outer loop
      vertex   -1.458589e+01 8.000000e+00 5.045481e+00
      vertex   -1.479116e+01 8.000000e+00 5.086312e+00
      vertex   -1.100000e+01 8.000000e+00 7.500000e+00
    endloop
  endfacet
  facet normal 0.000000e+00 1.000000e+00 0.000000e+00
    outer loop
      vertex   -1.100000e+01 8.000000e+00 7.500000e+00
      vertex   -1.479116e+01 8.000000e+00 5.086312e+00
      vertex   -1.500000e+01 8.000000e+00 5.100000e+00
    endloop
  endfacet
  facet normal 0.000000e+00 1.000000e+00 0.000000e+00
    outer loop
      vertex   -1.100000e+01 8.000000e+00 7.500000e+00
      vertex   -1.500000e+01 8.000000e+00 5.100000e+00
      vertex   -1.520884e+01 8.000000e+00 5.086312e+00
    endloop
  endfacet
  facet normal -1.000000e+00 0.000000e+00 0.000000e+00
    outer loop
      vertex   -1.100000e+01 8.000000e+00 -3.500000e+00
      vertex   -1.100000e+01 8.000000e+00 7.500000e+00
      vertex   -1.100000e+01 9.000000e+00 -2.500000e+00
    endloop
  endfacet
  facet normal -1.000000e+00 0.000000e+00 0.000000e+00
    outer loop
      vertex   -1.100000e+01 9.000000e+00 -2.500000e+00
      vertex   -1.100000e+01 8.000000e+00 7.500000e+00
      vertex   -1.100000e+01 8.500000e+00 7.500000e+00
    endloop
  endfacet
  facet normal -1.000000e+00 0.000000e+00 0.000000e+00
    outer loop
      vertex   -1.100000e+01 9.000000e+00 -2.500000e+00
      vertex   -1.100000e+01 8.500000e+00 7.500000e+00
      vertex   -1.100000e+01 9.000000e+00 7.500000e+00
    endloop
  endfacet
  facet normal -1.000000e+00 0.000000e+00 0.000000e+00
    outer loop
      vertex   -1.100000e+01 9.000000e+00 7.500000e+00
      vertex   -1.100000e+01 8.500000e+00 7.500000e+00
      vertex   -1.100000e+01 9.000000e+00 8.000000e+00
    endloop
  endfacet
  facet normal -1.000000e+00 -0.000000e+00 -0.000000e+00
    outer loop
      vertex   -1.100000e+01 1.800000e+01 7.500000e+00
      vertex   -1.100000e+01 1.800000e+01 -2.500000e+00
      vertex   -1.100000e+01 9.000000e+00 7.500000e+00
    endloop
  endfacet
  facet normal -1.000000e+00 0.000000e+00 0.000000e+00
    outer loop
      vertex   -1.100000e+01 9.000000e+00 7.500000e+00
      vertex   -1.100000e+01 1.800000e+01 -2.500000e+00
      vertex   -1.100000e+01 9.000000e+00 -2.500000e+00
    endloop
  endfacet
  facet normal 0.000000e+00 1.000000e+00 0.000000e+00
    outer loop
      vertex   1.100000e+01 8.000000e+00 1.650000e+01
      vertex   1.520884e+01 8.000000e+00 1.891369e+01
      vertex   1.990000e+01 8.000000e+00 1.650000e+01
    endloop
  endfacet
  facet normal 0.000000e+00 1.000000e+00 0.000000e+00
    outer loop
      vertex   1.990000e+01 8.000000e+00 1.650000e+01
      vertex   1.520884e+01 8.000000e+00 1.891369e+01
      vertex   1.541411e+01 8.000000e+00 1.895452e+01
    endloop
  endfacet
  facet normal 0.000000e+00 1.000000e+00 0.000000e+00
    outer loop
      vertex   1.990000e+01 8.000000e+00 1.650000e+01
      vertex   1.541411e+01 8.000000e+00 1.895452e+01
      vertex   1.561229e+01 8.000000e+00 1.902179e+01
    endloop
  endfacet
  facet normal 0.000000e+00 1.000000e+00 0.000000e+00
    outer loop
      vertex   1.100000e+01 8.000000e+00 2.650000e+01
      vertex   1.341369e+01 8.000000e+00 2.070884e+01
      vertex   1.100000e+01 8.000000e+00 1.650000e+01
    endloop
  endfacet
  facet normal 0.000000e+00 1.000000e+00 0.000000e+00
    outer loop
      vertex   1.100000e+01 8.000000e+00 1.650000e+01
      vertex   1.341369e+01 8.000000e+00 2.070884e+01
      vertex   1.340000e+01 8.000000e+00 2.050000e+01
    endloop
  endfacet
  facet normal 0.000000e+00 1.000000e+00 0.000000e+00
    outer loop
      vertex   1.100000e+01 8.000000e+00 1.650000e+01
      vertex   1.340000e+01 8.000000e+00 2.050000e+01
      vertex   1.341369e+01 8.000000e+00 2.029116e+01
    endloop
  endfacet
  facet normal 0.000000e+00 1.000000e+00 0.000000e+00
    outer loop
      vertex   1.990000e+01 8.000000e+00 2.650000e+01
      vertex   1.520884e+01 8.000000e+00 2.208631e+01
      vertex   1.100000e+01 8.000000e+00 2.650000e+01
    endloop
  endfacet
  facet normal 0.000000e+00 1.000000e+00 0.000000e+00
    outer loop
      vertex   1.100000e+01 8.000000e+00 2.650000e+01
      vertex   1.520884e+01 8.000000e+00 2.208631e+01
      vertex   1.500000e+01 8.000000e+00 2.210000e+01
    endloop
  endfacet
  facet normal 0.000000e+00 1.000000e+00 0.000000e+00
    outer loop
      vertex   1.100000e+01 8.000000e+00 2.650000e+01
      vertex   1.500000e+01 8.000000e+00 2.210000e+01
      vertex   1.479116e+01 8.000000e+00 2.208631e+01
    endloop
  endfacet
  facet normal 0.000000e+00 1.000000e+00 -0.000000e+00
    outer loop
      vertex   1.990000e+01 8.000000e+00 1.650000e+01
      vertex   1.658631e+01 8.000000e+00 2.070884e+01
      vertex   1.990000e+01 8.000000e+00 2.650000e+01
    endloop
  endfacet
  facet normal 0.000000e+00 1.000000e+00 0.000000e+00
    outer loop
      vertex   1.990000e+01 8.000000e+00 2.650000e+01
      vertex   1.658631e+01 8.000000e+00 2.070884e+01
      vertex   1.654548e+01 8.000000e+00 2.091411e+01
    endloop
  endfacet
  facet normal 0.000000e+00 1.000000e+00 0.000000e+00
    outer loop
      vertex   1.990000e+01 8.000000e+00 2.650000e+01
      vertex   1.654548e+01 8.000000e+00 2.091411e+01
      vertex   1.647821e+01 8.000000e+00 2.111229e+01
    endloop
  endfacet
  facet normal 0.000000e+00 1.000000e+00 0.000000e+00
    outer loop
      vertex   1.479116e+01 8.000000e+00 1.891369e+01
      vertex   1.500000e+01 8.000000e+00 1.890000e+01
      vertex   1.100000e+01 8.000000e+00 1.650000e+01
    endloop
  endfacet
  facet normal 0.000000e+00 1.000000e+00 0.000000e+00
    outer loop
      vertex   1.100000e+01 8.000000e+00 1.650000e+01
      vertex   1.500000e+01 8.000000e+00 1.890000e+01
      vertex   1.520884e+01 8.000000e+00 1.891369e+01
    endloop
  endfacet
  facet normal -0.000000e+00 1.000000e+00 0.000000e+00
    outer loop
      vertex   1.561229e+01 8.000000e+00 1.902179e+01
      vertex   1.580000e+01 8.000000e+00 1.911436e+01
      vertex   1.990000e+01 8.000000e+00 1.650000e+01
    endloop
  endfacet
  facet normal 0.000000e+00 1.000000e+00 0.000000e+00
    outer loop
      vertex   1.990000e+01 8.000000e+00 1.650000e+01
      vertex   1.580000e+01 8.000000e+00 1.911436e+01
      vertex   1.597402e+01 8.000000e+00 1.923063e+01
    endloop
  endfacet
  facet normal 0.000000e+00 1.000000e+00 0.000000e+00
    outer loop
      vertex   1.990000e+01 8.000000e+00 1.650000e+01
      vertex   1.597402e+01 8.000000e+00 1.923063e+01
      vertex   1.613137e+01 8.000000e+00 1.936863e+01
    endloop
  endfacet
  facet normal -0.000000e+00 1.000000e+00 0.000000e+00
    outer loop
      vertex   1.613137e+01 8.000000e+00 1.936863e+01
      vertex   1.626937e+01 8.000000e+00 1.952598e+01
      vertex   1.990000e+01 8.000000e+00 1.650000e+01
    endloop
  endfacet
  facet normal 0.000000e+00 1.000000e+00 0.000000e+00
    outer loop
      vertex   1.990000e+01 8.000000e+00 1.650000e+01
      vertex   1.626937e+01 8.000000e+00 1.952598e+01
      vertex   1.638564e+01 8.000000e+00 1.970000e+01
    endloop
  endfacet
  facet normal 0.000000e+00 1.000000e+00 0.000000e+00
    outer loop
      vertex   1.990000e+01 8.000000e+00 1.650000e+01
      vertex   1.638564e+01 8.000000e+00 1.970000e+01
      vertex   1.647821e+01 8.000000e+00 1.988771e+01
    endloop
  endfacet
  facet normal -0.000000e+00 1.000000e+00 0.000000e+00
    outer loop
      vertex   1.647821e+01 8.000000e+00 1.988771e+01
      vertex   1.654548e+01 8.000000e+00 2.008589e+01
      vertex   1.990000e+01 8.000000e+00 1.650000e+01
    endloop
  endfacet
  facet normal 0.000000e+00 1.000000e+00 0.000000e+00
    outer loop
      vertex   1.990000e+01 8.000000e+00 1.650000e+01
      vertex   1.654548e+01 8.000000e+00 2.008589e+01
      vertex   1.658631e+01 8.000000e+00 2.029116e+01
    endloop
  endfacet
  facet normal 0.000000e+00 1.000000e+00 0.000000e+00
    outer loop
      vertex   1.990000e+01 8.000000e+00 1.650000e+01
      vertex   1.658631e+01 8.000000e+00 2.029116e+01
      vertex   1.660000e+01 8.000000e+00 2.050000e+01
    endloop
  endfacet
  facet normal -0.000000e+00 1.000000e+00 -0.000000e+00
    outer loop
      vertex   1.660000e+01 8.000000e+00 2.050000e+01
      vertex   1.658631e+01 8.000000e+00 2.070884e+01
      vertex   1.990000e+01 8.000000e+00 1.650000e+01
    endloop
  endfacet
  facet normal 0.000000e+00 1.000000e+00 -0.000000e+00
    outer loop
      vertex   1.647821e+01 8.000000e+00 2.111229e+01
      vertex   1.638564e+01 8.000000e+00 2.130000e+01
      vertex   1.990000e+01 8.000000e+00 2.650000e+01
    endloop
  endfacet
  facet normal 0.000000e+00 1.000000e+00 0.000000e+00
    outer loop
      vertex   1.990000e+01 8.000000e+00 2.650000e+01
      vertex   1.638564e+01 8.000000e+00 2.130000e+01
      vertex   1.626937e+01 8.000000e+00 2.147402e+01
    endloop
  endfacet
  facet normal 0.000000e+00 1.000000e+00 0.000000e+00
    outer loop
      vertex   1.990000e+01 8.000000e+00 2.650000e+01
      vertex   1.626937e+01 8.000000e+00 2.147402e+01
      vertex   1.613137e+01 8.000000e+00 2.163137e+01
    endloop
  endfacet
  facet normal 0.000000e+00 1.000000e+00 -0.000000e+00
    outer loop
      vertex   1.613137e+01 8.000000e+00 2.163137e+01
      vertex   1.597402e+01 8.000000e+00 2.176937e+01
      vertex   1.990000e+01 8.000000e+00 2.650000e+01
    endloop
  endfacet
  facet normal 0.000000e+00 1.000000e+00 0.000000e+00
    outer loop
      vertex   1.990000e+01 8.000000e+00 2.650000e+01
      vertex   1.597402e+01 8.000000e+00 2.176937e+01
      vertex   1.580000e+01 8.000000e+00 2.188564e+01
    endloop
  endfacet
  facet normal 0.000000e+00 1.000000e+00 0.000000e+00
    outer loop
      vertex   1.990000e+01 8.000000e+00 2.650000e+01
      vertex   1.580000e+01 8.000000e+00 2.188564e+01
      vertex   1.561229e+01 8.000000e+00 2.197821e+01
    endloop
  endfacet
  facet normal 0.000000e+00 1.000000e+00 -0.000000e+00
    outer loop
      vertex   1.561229e+01 8.000000e+00 2.197821e+01
      vertex   1.541411e+01 8.000000e+00 2.204548e+01
      vertex   1.990000e+01 8.000000e+00 2.650000e+01
    endloop
  endfacet
  facet normal 0.000000e+00 1.000000e+00 0.000000e+00
    outer loop
      vertex   1.990000e+01 8.000000e+00 2.650000e+01
      vertex   1.541411e+01 8.000000e+00 2.204548e+01
      vertex   1.520884e+01 8.000000e+00 2.208631e+01
    endloop
  endfacet
  facet normal 0.000000e+00 1.000000e+00 0.000000e+00
    outer loop
      vertex   1.479116e+01 8.000000e+00 2.208631e+01
      vertex   1.458589e+01 8.000000e+00 2.204548e+01
      vertex   1.100000e+01 8.000000e+00 2.650000e+01
    endloop
  endfacet
  facet normal 0.000000e+00 1.000000e+00 0.000000e+00
    outer loop
      vertex   1.100000e+01 8.000000e+00 2.650000e+01
      vertex   1.458589e+01 8.000000e+00 2.204548e+01
      vertex   1.438771e+01 8.000000e+00 2.197821e+01
    endloop
  endfacet
  facet normal 0.000000e+00 1.000000e+00 0.000000e+00
    outer loop
      vertex   1.100000e+01 8.000000e+00 2.650000e+01
      vertex   1.438771e+01 8.000000e+00 2.197821e+01
      vertex   1.420000e+01 8.000000e+00 2.188564e+01
    endloop
  endfacet
  facet normal 0.000000e+00 1.000000e+00 0.000000e+00
    outer loop
      vertex   1.420000e+01 8.000000e+00 2.188564e+01
      vertex   1.402598e+01 8.000000e+00 2.176937e+01
      vertex   1.100000e+01 8.000000e+00 2.650000e+01
    endloop
  endfacet
  facet normal 0.000000e+00 1.000000e+00 0.000000e+00
    outer loop
      vertex   1.100000e+01 8.000000e+00 2.650000e+01
      vertex   1.402598e+01 8.000000e+00 2.176937e+01
      vertex   1.386863e+01 8.000000e+00 2.163137e+01
    endloop
  endfacet
  facet normal 0.000000e+00 1.000000e+00 0.000000e+00
    outer loop
      vertex   1.100000e+01 8.000000e+00 2.650000e+01
      vertex   1.386863e+01 8.000000e+00 2.163137e+01
      vertex   1.373063e+01 8.000000e+00 2.147402e+01
    endloop
  endfacet
  facet normal 0.000000e+00 1.000000e+00 0.000000e+00
    outer loop
      vertex   1.373063e+01 8.000000e+00 2.147402e+01
      vertex   1.361436e+01 8.000000e+00 2.130000e+01
      vertex   1.100000e+01 8.000000e+00 2.650000e+01
    endloop
  endfacet
  facet normal 0.000000e+00 1.000000e+00 0.000000e+00
    outer loop
      vertex   1.100000e+01 8.000000e+00 2.650000e+01
      vertex   1.361436e+01 8.000000e+00 2.130000e+01
      vertex   1.352179e+01 8.000000e+00 2.111229e+01
    endloop
  endfacet
  facet normal 0.000000e+00 1.000000e+00 0.000000e+00
    outer loop
      vertex   1.100000e+01 8.000000e+00 2.650000e+01
      vertex   1.352179e+01 8.000000e+00 2.111229e+01
      vertex   1.345452e+01 8.000000e+00 2.091411e+01
    endloop
  endfacet
  facet normal 0.000000e+00 1.000000e+00 0.000000e+00
    outer loop
      vertex   1.345452e+01 8.000000e+00 2.091411e+01
      vertex   1.341369e+01 8.000000e+00 2.070884e+01
      vertex   1.100000e+01 8.000000e+00 2.650000e+01
    endloop
  endfacet
  facet normal 0.000000e+00 1.000000e+00 0.000000e+00
    outer loop
      vertex   1.341369e+01 8.000000e+00 2.029116e+01
      vertex   1.345452e+01 8.000000e+00 2.008589e+01
      vertex   1.100000e+01 8.000000e+00 1.650000e+01
    endloop
  endfacet
  facet normal 0.000000e+00 1.000000e+00 0.000000e+00
    outer loop
      vertex   1.100000e+01 8.000000e+00 1.650000e+01
      vertex   1.345452e+01 8.000000e+00 2.008589e+01
      vertex   1.352179e+01 8.000000e+00 1.988771e+01
    endloop
  endfacet
  facet normal 0.000000e+00 1.000000e+00 0.000000e+00
    outer loop
      vertex   1.100000e+01 8.000000e+00 1.650000e+01
      vertex   1.352179e+01 8.000000e+00 1.988771e+01
      vertex   1.361436e+01 8.000000e+00 1.970000e+01
    endloop
  endfacet
  facet normal 0.000000e+00 1.000000e+00 0.000000e+00
    outer loop
      vertex   1.361436e+01 8.000000e+00 1.970000e+01
      vertex   1.373063e+01 8.000000e+00 1.952598e+01
      vertex   1.100000e+01 8.000000e+00 1.650000e+01
    endloop
  endfacet
  facet normal 0.000000e+00 1.000000e+00 0.000000e+00
    outer loop
      vertex   1.100000e+01 8.000000e+00 1.650000e+01
      vertex   1.373063e+01 8.000000e+00 1.952598e+01
      vertex   1.386863e+01 8.000000e+00 1.936863e+01
    endloop
  endfacet
  facet normal 0.000000e+00 1.000000e+00 0.000000e+00
    outer loop
      vertex   1.100000e+01 8.000000e+00 1.650000e+01
      vertex   1.386863e+01 8.000000e+00 1.936863e+01
      vertex   1.402598e+01 8.000000e+00 1.923063e+01
    endloop
  endfacet
  facet normal 0.000000e+00 1.000000e+00 0.000000e+00
    outer loop
      vertex   1.402598e+01 8.000000e+00 1.923063e+01
      vertex   1.420000e+01 8.000000e+00 1.911436e+01
      vertex   1.100000e+01 8.000000e+00 1.650000e+01
    endloop
  endfacet
  facet normal 0.000000e+00 1.000000e+00 0.000000e+00
    outer loop
      vertex   1.100000e+01 8.000000e+00 1.650000e+01
      vertex   1.420000e+01 8.000000e+00 1.911436e+01
      vertex   1.438771e+01 8.000000e+00 1.902179e+01
    endloop
  endfacet
  facet normal 0.000000e+00 1.000000e+00 0.000000e+00
    outer loop
      vertex   1.100000e+01 8.000000e+00 1.650000e+01
      vertex   1.438771e+01 8.000000e+00 1.902179e+01
      vertex   1.458589e+01 8.000000e+00 1.895452e+01
    endloop
  endfacet
  facet normal 0.000000e+00 1.000000e+00 0.000000e+00
    outer loop
      vertex   1.458589e+01 8.000000e+00 1.895452e+01
      vertex   1.479116e+01 8.000000e+00 1.891369e+01
      vertex   1.100000e+01 8.000000e+00 1.650000e+01
    endloop
  endfacet
  facet normal 1.000000e+00 0.000000e+00 0.000000e+00
    outer loop
      vertex   1.100000e+01 8.000000e+00 1.650000e+01
      vertex   1.100000e+01 8.500000e+00 1.650000e+01
      vertex   1.100000e+01 8.000000e+00 2.650000e+01
    endloop
  endfacet
  facet normal 1.000000e+00 0.000000e+00 0.000000e+00
    outer loop
      vertex   1.100000e+01 8.000000e+00 2.650000e+01
      vertex   1.100000e+01 8.500000e+00 1.650000e+01
      vertex   1.100000e+01 9.000000e+00 1.650000e+01
    endloop
  endfacet
  facet normal 1.000000e+00 -0.000000e+00 0.000000e+00
    outer loop
      vertex   1.100000e+01 8.000000e+00 2.650000e+01
      vertex   1.100000e+01 9.000000e+00 1.650000e+01
      vertex   1.100000e+01 1.800000e+01 2.650000e+01
    endloop
  endfacet
  facet normal 1.000000e+00 0.000000e+00 0.000000e+00
    outer loop
      vertex   1.100000e+01 1.800000e+01 2.650000e+01
      vertex   1.100000e+01 9.000000e+00 1.650000e+01
      vertex   1.100000e+01 1.800000e+01 1.650000e+01
    endloop
  endfacet
  facet normal 1.000000e+00 -0.000000e+00 0.000000e+00
    outer loop
      vertex   1.100000e+01 8.500000e+00 1.650000e+01
      vertex   1.100000e+01 9.000000e+00 1.600000e+01
      vertex   1.100000e+01 9.000000e+00 1.650000e+01
    endloop
  endfacet
  facet normal 0.000000e+00 1.000000e+00 0.000000e+00
    outer loop
      vertex   1.100000e+01 1.800000e+01 7.500000e+00
      vertex   1.100000e+01 1.800000e+01 -2.500000e+00
      vertex   -1.100000e+01 1.800000e+01 7.500000e+00
    endloop
  endfacet
  facet normal 0.000000e+00 1.000000e+00 0.000000e+00
    outer loop
      vertex   -1.100000e+01 1.800000e+01 7.500000e+00
      vertex   1.100000e+01 1.800000e+01 -2.500000e+00
      vertex   -1.100000e+01 1.800000e+01 -2.500000e+00
    endloop
  endfacet
  facet normal 0.000000e+00 -1.000000e+00 0.000000e+00
    outer loop
      vertex   1.625000e+01 0.000000e+00 2.350000e+01
      vertex   1.651906e+01 0.000000e+00 2.337314e+01
      vertex   1.990000e+01 0.000000e+00 2.350000e+01
    endloop
  endfacet
  facet normal 0.000000e+00 -1.000000e+00 0.000000e+00
    outer loop
      vertex   1.990000e+01 0.000000e+00 2.350000e+01
      vertex   1.651906e+01 0.000000e+00 2.337314e+01
      vertex   1.677540e+01 0.000000e+00 2.322222e+01
    endloop
  endfacet
  facet normal 0.000000e+00 -1.000000e+00 0.000000e+00
    outer loop
      vertex   1.990000e+01 0.000000e+00 2.350000e+01
      vertex   1.677540e+01 0.000000e+00 2.322222e+01
      vertex   1.701686e+01 0.000000e+00 2.304849e+01
    endloop
  endfacet
  facet normal 0.000000e+00 -1.000000e+00 0.000000e+00
    outer loop
      vertex   1.701686e+01 0.000000e+00 2.304849e+01
      vertex   1.724142e+01 0.000000e+00 2.285341e+01
      vertex   1.990000e+01 0.000000e+00 2.350000e+01
    endloop
  endfacet
  facet normal 0.000000e+00 -1.000000e+00 0.000000e+00
    outer loop
      vertex   1.990000e+01 0.000000e+00 2.350000e+01
      vertex   1.724142e+01 0.000000e+00 2.285341e+01
      vertex   1.744721e+01 0.000000e+00 2.263861e+01
    endloop
  endfacet
  facet normal 0.000000e+00 -1.000000e+00 0.000000e+00
    outer loop
      vertex   1.990000e+01 0.000000e+00 2.350000e+01
      vertex   1.744721e+01 0.000000e+00 2.263861e+01
      vertex   1.763250e+01 0.000000e+00 2.240590e+01
    endloop
  endfacet
  facet normal 0.000000e+00 -1.000000e+00 0.000000e+00
    outer loop
      vertex   1.763250e+01 0.000000e+00 2.240590e+01
      vertex   1.779573e+01 0.000000e+00 2.215722e+01
      vertex   1.990000e+01 0.000000e+00 2.350000e+01
    endloop
  endfacet
  facet normal 0.000000e+00 -1.000000e+00 0.000000e+00
    outer loop
      vertex   1.990000e+01 0.000000e+00 2.350000e+01
      vertex   1.779573e+01 0.000000e+00 2.215722e+01
      vertex   1.793555e+01 0.000000e+00 2.189466e+01
    endloop
  endfacet
  facet normal 0.000000e+00 -1.000000e+00 0.000000e+00
    outer loop
      vertex   1.990000e+01 0.000000e+00 2.350000e+01
      vertex   1.793555e+01 0.000000e+00 2.189466e+01
      vertex   1.805077e+01 0.000000e+00 2.162041e+01
    endloop
  endfacet
  facet normal 0.000000e+00 -1.000000e+00 0.000000e+00
    outer loop
      vertex   1.805077e+01 0.000000e+00 2.162041e+01
      vertex   1.814043e+01 0.000000e+00 2.133678e+01
      vertex   1.990000e+01 0.000000e+00 2.350000e+01
    endloop
  endfacet
  facet normal 0.000000e+00 -1.000000e+00 0.000000e+00
    outer loop
      vertex   1.990000e+01 0.000000e+00 2.350000e+01
      vertex   1.814043e+01 0.000000e+00 2.133678e+01
      vertex   1.820378e+01 0.000000e+00 2.104614e+01
    endloop
  endfacet
  facet normal 0.000000e+00 -1.000000e+00 0.000000e+00
    outer loop
      vertex   1.990000e+01 0.000000e+00 2.350000e+01
      vertex   1.820378e+01 0.000000e+00 2.104614e+01
      vertex   1.824030e+01 0.000000e+00 2.075092e+01
    endloop
  endfacet
  facet normal 0.000000e+00 -1.000000e+00 0.000000e+00
    outer loop
      vertex   1.824030e+01 0.000000e+00 2.075092e+01
      vertex   1.824967e+01 0.000000e+00 2.045361e+01
      vertex   1.990000e+01 0.000000e+00 2.350000e+01
    endloop
  endfacet
  facet normal 0.000000e+00 -1.000000e+00 0.000000e+00
    outer loop
      vertex   1.990000e+01 0.000000e+00 2.350000e+01
      vertex   1.824967e+01 0.000000e+00 2.045361e+01
      vertex   1.823182e+01 0.000000e+00 2.015668e+01
    endloop
  endfacet
  facet normal 0.000000e+00 -1.000000e+00 0.000000e+00
    outer loop
      vertex   1.990000e+01 0.000000e+00 2.350000e+01
      vertex   1.823182e+01 0.000000e+00 2.015668e+01
      vertex   1.818689e+01 0.000000e+00 1.986262e+01
    endloop
  endfacet
  facet normal 0.000000e+00 -1.000000e+00 -0.000000e+00
    outer loop
      vertex   1.818689e+01 0.000000e+00 1.986262e+01
      vertex   1.811526e+01 0.000000e+00 1.957391e+01
      vertex   1.990000e+01 0.000000e+00 2.350000e+01
    endloop
  endfacet
  facet normal 0.000000e+00 -1.000000e+00 0.000000e+00
    outer loop
      vertex   1.990000e+01 0.000000e+00 2.350000e+01
      vertex   1.811526e+01 0.000000e+00 1.957391e+01
      vertex   1.810871e+01 0.000000e+00 4.447849e+00
    endloop
  endfacet
  facet normal 0.000000e+00 -1.000000e+00 0.000000e+00
    outer loop
      vertex   1.990000e+01 0.000000e+00 2.350000e+01
      vertex   1.810871e+01 0.000000e+00 4.447849e+00
      vertex   1.818202e+01 0.000000e+00 4.161232e+00
    endloop
  endfacet
  facet normal 0.000000e+00 -1.000000e+00 0.000000e+00
    outer loop
      vertex   1.811526e+01 0.000000e+00 1.957391e+01
      vertex   1.801754e+01 0.000000e+00 1.929295e+01
      vertex   1.810871e+01 0.000000e+00 4.447849e+00
    endloop
  endfacet
  facet normal 0.000000e+00 -1.000000e+00 0.000000e+00
    outer loop
      vertex   1.810871e+01 0.000000e+00 4.447849e+00
      vertex   1.801754e+01 0.000000e+00 1.929295e+01
      vertex   1.800964e+01 0.000000e+00 4.726612e+00
    endloop
  endfacet
  facet normal 0.000000e+00 -1.000000e+00 0.000000e+00
    outer loop
      vertex   1.800964e+01 0.000000e+00 4.726612e+00
      vertex   1.801754e+01 0.000000e+00 1.929295e+01
      vertex   1.789454e+01 0.000000e+00 1.902211e+01
    endloop
  endfacet
  facet normal 0.000000e+00 -1.000000e+00 0.000000e+00
    outer loop
      vertex   1.800964e+01 0.000000e+00 4.726612e+00
      vertex   1.789454e+01 0.000000e+00 1.902211e+01
      vertex   1.788563e+01 0.000000e+00 4.995211e+00
    endloop
  endfacet
  facet normal 0.000000e+00 -1.000000e+00 0.000000e+00
    outer loop
      vertex   1.788563e+01 0.000000e+00 4.995211e+00
      vertex   1.789454e+01 0.000000e+00 1.902211e+01
      vertex   1.774728e+01 0.000000e+00 1.876364e+01
    endloop
  endfacet
  facet normal 0.000000e+00 -1.000000e+00 0.000000e+00
    outer loop
      vertex   1.788563e+01 0.000000e+00 4.995211e+00
      vertex   1.774728e+01 0.000000e+00 1.876364e+01
      vertex   1.773770e+01 0.000000e+00 5.251421e+00
    endloop
  endfacet
  facet normal 0.000000e+00 -1.000000e+00 0.000000e+00
    outer loop
      vertex   1.773770e+01 0.000000e+00 5.251421e+00
      vertex   1.774728e+01 0.000000e+00 1.876364e+01
      vertex   1.757702e+01 0.000000e+00 1.851973e+01
    endloop
  endfacet
  facet normal 0.000000e+00 -1.000000e+00 0.000000e+00
    outer loop
      vertex   1.773770e+01 0.000000e+00 5.251421e+00
      vertex   1.757702e+01 0.000000e+00 1.851973e+01
      vertex   1.756710e+01 0.000000e+00 5.493117e+00
    endloop
  endfacet
  facet normal 0.000000e+00 -1.000000e+00 0.000000e+00
    outer loop
      vertex   1.756710e+01 0.000000e+00 5.493117e+00
      vertex   1.757702e+01 0.000000e+00 1.851973e+01
      vertex   1.738516e+01 0.000000e+00 1.829240e+01
    endloop
  endfacet
  facet normal 0.000000e+00 -1.000000e+00 0.000000e+00
    outer loop
      vertex   1.756710e+01 0.000000e+00 5.493117e+00
      vertex   1.738516e+01 0.000000e+00 1.829240e+01
      vertex   1.737522e+01 0.000000e+00 5.718298e+00
    endloop
  endfacet
  facet normal 0.000000e+00 -1.000000e+00 0.000000e+00
    outer loop
      vertex   1.737522e+01 0.000000e+00 5.718298e+00
      vertex   1.738516e+01 0.000000e+00 1.829240e+01
      vertex   1.717333e+01 0.000000e+00 1.808357e+01
    endloop
  endfacet
  facet normal 0.000000e+00 -1.000000e+00 0.000000e+00
    outer loop
      vertex   1.737522e+01 0.000000e+00 5.718298e+00
      vertex   1.717333e+01 0.000000e+00 1.808357e+01
      vertex   1.716366e+01 0.000000e+00 5.925097e+00
    endloop
  endfacet
  facet normal 0.000000e+00 -1.000000e+00 0.000000e+00
    outer loop
      vertex   1.716366e+01 0.000000e+00 5.925097e+00
      vertex   1.717333e+01 0.000000e+00 1.808357e+01
      vertex   1.694328e+01 0.000000e+00 1.789498e+01
    endloop
  endfacet
  facet normal 0.000000e+00 -1.000000e+00 0.000000e+00
    outer loop
      vertex   1.716366e+01 0.000000e+00 5.925097e+00
      vertex   1.694328e+01 0.000000e+00 1.789498e+01
      vertex   1.693417e+01 0.000000e+00 6.111801e+00
    endloop
  endfacet
  facet normal 0.000000e+00 -1.000000e+00 0.000000e+00
    outer loop
      vertex   1.693417e+01 0.000000e+00 6.111801e+00
      vertex   1.694328e+01 0.000000e+00 1.789498e+01
      vertex   1.669696e+01 0.000000e+00 1.772821e+01
    endloop
  endfacet
  facet normal 0.000000e+00 -1.000000e+00 0.000000e+00
    outer loop
      vertex   1.693417e+01 0.000000e+00 6.111801e+00
      vertex   1.669696e+01 0.000000e+00 1.772821e+01
      vertex   1.668865e+01 0.000000e+00 6.276863e+00
    endloop
  endfacet
  facet normal 0.000000e+00 -1.000000e+00 0.000000e+00
    outer loop
      vertex   1.668865e+01 0.000000e+00 6.276863e+00
      vertex   1.669696e+01 0.000000e+00 1.772821e+01
      vertex   1.643642e+01 0.000000e+00 1.758466e+01
    endloop
  endfacet
  facet normal 0.000000e+00 -1.000000e+00 0.000000e+00
    outer loop
      vertex   1.668865e+01 0.000000e+00 6.276863e+00
      vertex   1.643642e+01 0.000000e+00 1.758466e+01
      vertex   1.642914e+01 0.000000e+00 6.418915e+00
    endloop
  endfacet
  facet normal 0.000000e+00 -1.000000e+00 0.000000e+00
    outer loop
      vertex   1.642914e+01 0.000000e+00 6.418915e+00
      vertex   1.643642e+01 0.000000e+00 1.758466e+01
      vertex   1.616385e+01 0.000000e+00 1.746554e+01
    endloop
  endfacet
  facet normal 0.000000e+00 -1.000000e+00 0.000000e+00
    outer loop
      vertex   1.642914e+01 0.000000e+00 6.418915e+00
      vertex   1.616385e+01 0.000000e+00 1.746554e+01
      vertex   1.615779e+01 0.000000e+00 6.536780e+00
    endloop
  endfacet
  facet normal 0.000000e+00 -1.000000e+00 0.000000e+00
    outer loop
      vertex   1.615779e+01 0.000000e+00 6.536780e+00
      vertex   1.616385e+01 0.000000e+00 1.746554e+01
      vertex   1.588153e+01 0.000000e+00 1.737184e+01
    endloop
  endfacet
  facet normal 0.000000e+00 -1.000000e+00 0.000000e+00
    outer loop
      vertex   1.615779e+01 0.000000e+00 6.536780e+00
      vertex   1.588153e+01 0.000000e+00 1.737184e+01
      vertex   1.587684e+01 0.000000e+00 6.629481e+00
    endloop
  endfacet
  facet normal 0.000000e+00 -1.000000e+00 0.000000e+00
    outer loop
      vertex   1.587684e+01 0.000000e+00 6.629481e+00
      vertex   1.588153e+01 0.000000e+00 1.737184e+01
      vertex   1.559182e+01 0.000000e+00 1.730434e+01
    endloop
  endfacet
  facet normal 0.000000e+00 -1.000000e+00 0.000000e+00
    outer loop
      vertex   1.587684e+01 0.000000e+00 6.629481e+00
      vertex   1.559182e+01 0.000000e+00 1.730434e+01
      vertex   1.558863e+01 0.000000e+00 6.696251e+00
    endloop
  endfacet
  facet normal 0.000000e+00 -1.000000e+00 0.000000e+00
    outer loop
      vertex   1.558863e+01 0.000000e+00 6.696251e+00
      vertex   1.559182e+01 0.000000e+00 1.730434e+01
      vertex   1.529715e+01 0.000000e+00 1.726361e+01
    endloop
  endfacet
  facet normal 0.000000e+00 -1.000000e+00 0.000000e+00
    outer loop
      vertex   1.558863e+01 0.000000e+00 6.696251e+00
      vertex   1.529715e+01 0.000000e+00 1.726361e+01
      vertex   1.529554e+01 0.000000e+00 6.736535e+00
    endloop
  endfacet
  facet normal 0.000000e+00 -1.000000e+00 0.000000e+00
    outer loop
      vertex   1.529554e+01 0.000000e+00 6.736535e+00
      vertex   1.529715e+01 0.000000e+00 1.726361e+01
      vertex   1.500000e+01 0.000000e+00 1.725000e+01
    endloop
  endfacet
  facet normal 0.000000e+00 -1.000000e+00 0.000000e+00
    outer loop
      vertex   1.529554e+01 0.000000e+00 6.736535e+00
      vertex   1.500000e+01 0.000000e+00 1.725000e+01
      vertex   1.500000e+01 0.000000e+00 6.750000e+00
    endloop
  endfacet
  facet normal -0.000000e+00 -1.000000e+00 0.000000e+00
    outer loop
      vertex   1.500000e+01 0.000000e+00 6.750000e+00
      vertex   1.500000e+01 0.000000e+00 1.725000e+01
      vertex   1.470446e+01 0.000000e+00 6.736535e+00
    endloop
  endfacet
  facet normal 0.000000e+00 -1.000000e+00 0.000000e+00
    outer loop
      vertex   1.470446e+01 0.000000e+00 6.736535e+00
      vertex   1.500000e+01 0.000000e+00 1.725000e+01
      vertex   1.470285e+01 0.000000e+00 1.726361e+01
    endloop
  endfacet
  facet normal -0.000000e+00 -1.000000e+00 0.000000e+00
    outer loop
      vertex   1.470446e+01 0.000000e+00 6.736535e+00
      vertex   1.470285e+01 0.000000e+00 1.726361e+01
      vertex   1.441137e+01 0.000000e+00 6.696251e+00
    endloop
  endfacet
  facet normal 0.000000e+00 -1.000000e+00 0.000000e+00
    outer loop
      vertex   1.441137e+01 0.000000e+00 6.696251e+00
      vertex   1.470285e+01 0.000000e+00 1.726361e+01
      vertex   1.440818e+01 0.000000e+00 1.730434e+01
    endloop
  endfacet
  facet normal -0.000000e+00 -1.000000e+00 0.000000e+00
    outer loop
      vertex   1.441137e+01 0.000000e+00 6.696251e+00
      vertex   1.440818e+01 0.000000e+00 1.730434e+01
      vertex   1.412316e+01 0.000000e+00 6.629481e+00
    endloop
  endfacet
  facet normal 0.000000e+00 -1.000000e+00 0.000000e+00
    outer loop
      vertex   1.412316e+01 0.000000e+00 6.629481e+00
      vertex   1.440818e+01 0.000000e+00 1.730434e+01
      vertex   1.411847e+01 0.000000e+00 1.737184e+01
    endloop
  endfacet
  facet normal -0.000000e+00 -1.000000e+00 0.000000e+00
    outer loop
      vertex   1.412316e+01 0.000000e+00 6.629481e+00
      vertex   1.411847e+01 0.000000e+00 1.737184e+01
      vertex   1.384221e+01 0.000000e+00 6.536780e+00
    endloop
  endfacet
  facet normal 0.000000e+00 -1.000000e+00 0.000000e+00
    outer loop
      vertex   1.384221e+01 0.000000e+00 6.536780e+00
      vertex   1.411847e+01 0.000000e+00 1.737184e+01
      vertex   1.383615e+01 0.000000e+00 1.746554e+01
    endloop
  endfacet
  facet normal -0.000000e+00 -1.000000e+00 0.000000e+00
    outer loop
      vertex   1.384221e+01 0.000000e+00 6.536780e+00
      vertex   1.383615e+01 0.000000e+00 1.746554e+01
      vertex   1.357086e+01 0.000000e+00 6.418915e+00
    endloop
  endfacet
  facet normal 0.000000e+00 -1.000000e+00 0.000000e+00
    outer loop
      vertex   1.357086e+01 0.000000e+00 6.418915e+00
      vertex   1.383615e+01 0.000000e+00 1.746554e+01
      vertex   1.356358e+01 0.000000e+00 1.758466e+01
    endloop
  endfacet
  facet normal -0.000000e+00 -1.000000e+00 0.000000e+00
    outer loop
      vertex   1.357086e+01 0.000000e+00 6.418915e+00
      vertex   1.356358e+01 0.000000e+00 1.758466e+01
      vertex   1.331135e+01 0.000000e+00 6.276863e+00
    endloop
  endfacet
  facet normal 0.000000e+00 -1.000000e+00 0.000000e+00
    outer loop
      vertex   1.331135e+01 0.000000e+00 6.276863e+00
      vertex   1.356358e+01 0.000000e+00 1.758466e+01
      vertex   1.330304e+01 0.000000e+00 1.772821e+01
    endloop
  endfacet
  facet normal -0.000000e+00 -1.000000e+00 0.000000e+00
    outer loop
      vertex   1.331135e+01 0.000000e+00 6.276863e+00
      vertex   1.330304e+01 0.000000e+00 1.772821e+01
      vertex   1.306583e+01 0.000000e+00 6.111801e+00
    endloop
  endfacet
  facet normal 0.000000e+00 -1.000000e+00 0.000000e+00
    outer loop
      vertex   1.306583e+01 0.000000e+00 6.111801e+00
      vertex   1.330304e+01 0.000000e+00 1.772821e+01
      vertex   1.305672e+01 0.000000e+00 1.789498e+01
    endloop
  endfacet
  facet normal -0.000000e+00 -1.000000e+00 0.000000e+00
    outer loop
      vertex   1.306583e+01 0.000000e+00 6.111801e+00
      vertex   1.305672e+01 0.000000e+00 1.789498e+01
      vertex   1.283634e+01 0.000000e+00 5.925097e+00
    endloop
  endfacet
  facet normal 0.000000e+00 -1.000000e+00 0.000000e+00
    outer loop
      vertex   1.283634e+01 0.000000e+00 5.925097e+00
      vertex   1.305672e+01 0.000000e+00 1.789498e+01
      vertex   1.282667e+01 0.000000e+00 1.808357e+01
    endloop
  endfacet
  facet normal -0.000000e+00 -1.000000e+00 0.000000e+00
    outer loop
      vertex   1.283634e+01 0.000000e+00 5.925097e+00
      vertex   1.282667e+01 0.000000e+00 1.808357e+01
      vertex   1.262478e+01 0.000000e+00 5.718298e+00
    endloop
  endfacet
  facet normal 0.000000e+00 -1.000000e+00 0.000000e+00
    outer loop
      vertex   1.262478e+01 0.000000e+00 5.718298e+00
      vertex   1.282667e+01 0.000000e+00 1.808357e+01
      vertex   1.261484e+01 0.000000e+00 1.829240e+01
    endloop
  endfacet
  facet normal -0.000000e+00 -1.000000e+00 0.000000e+00
    outer loop
      vertex   1.262478e+01 0.000000e+00 5.718298e+00
      vertex   1.261484e+01 0.000000e+00 1.829240e+01
      vertex   1.243290e+01 0.000000e+00 5.493117e+00
    endloop
  endfacet
  facet normal 0.000000e+00 -1.000000e+00 0.000000e+00
    outer loop
      vertex   1.243290e+01 0.000000e+00 5.493117e+00
      vertex   1.261484e+01 0.000000e+00 1.829240e+01
      vertex   1.242298e+01 0.000000e+00 1.851973e+01
    endloop
  endfacet
  facet normal -0.000000e+00 -1.000000e+00 0.000000e+00
    outer loop
      vertex   1.243290e+01 0.000000e+00 5.493117e+00
      vertex   1.242298e+01 0.000000e+00 1.851973e+01
      vertex   1.226230e+01 0.000000e+00 5.251421e+00
    endloop
  endfacet
  facet normal 0.000000e+00 -1.000000e+00 0.000000e+00
    outer loop
      vertex   1.226230e+01 0.000000e+00 5.251421e+00
      vertex   1.242298e+01 0.000000e+00 1.851973e+01
      vertex   1.225272e+01 0.000000e+00 1.876364e+01
    endloop
  endfacet
  facet normal -0.000000e+00 -1.000000e+00 0.000000e+00
    outer loop
      vertex   1.226230e+01 0.000000e+00 5.251421e+00
      vertex   1.225272e+01 0.000000e+00 1.876364e+01
      vertex   1.211437e+01 0.000000e+00 4.995211e+00
    endloop
  endfacet
  facet normal 0.000000e+00 -1.000000e+00 0.000000e+00
    outer loop
      vertex   1.211437e+01 0.000000e+00 4.995211e+00
      vertex   1.225272e+01 0.000000e+00 1.876364e+01
      vertex   1.210546e+01 0.000000e+00 1.902211e+01
    endloop
  endfacet
  facet normal -0.000000e+00 -1.000000e+00 0.000000e+00
    outer loop
      vertex   1.211437e+01 0.000000e+00 4.995211e+00
      vertex   1.210546e+01 0.000000e+00 1.902211e+01
      vertex   1.199036e+01 0.000000e+00 4.726612e+00
    endloop
  endfacet
  facet normal 0.000000e+00 -1.000000e+00 0.000000e+00
    outer loop
      vertex   1.199036e+01 0.000000e+00 4.726612e+00
      vertex   1.210546e+01 0.000000e+00 1.902211e+01
      vertex   1.198246e+01 0.000000e+00 1.929295e+01
    endloop
  endfacet
  facet normal 0.000000e+00 -1.000000e+00 0.000000e+00
    outer loop
      vertex   1.199036e+01 0.000000e+00 4.726612e+00
      vertex   1.198246e+01 0.000000e+00 1.929295e+01
      vertex   -1.199036e+01 0.000000e+00 4.726612e+00
    endloop
  endfacet
  facet normal 0.000000e+00 -1.000000e+00 0.000000e+00
    outer loop
      vertex   -1.199036e+01 0.000000e+00 4.726612e+00
      vertex   1.198246e+01 0.000000e+00 1.929295e+01
      vertex   -1.198246e+01 0.000000e+00 1.929295e+01
    endloop
  endfacet
  facet normal 0.000000e+00 -1.000000e+00 0.000000e+00
    outer loop
      vertex   -1.199036e+01 0.000000e+00 4.726612e+00
      vertex   -1.198246e+01 0.000000e+00 1.929295e+01
      vertex   -1.210546e+01 0.000000e+00 1.902211e+01
    endloop
  endfacet
  facet normal 0.000000e+00 -1.000000e+00 0.000000e+00
    outer loop
      vertex   1.198246e+01 0.000000e+00 1.929295e+01
      vertex   1.188474e+01 0.000000e+00 1.957391e+01
      vertex   -1.198246e+01 0.000000e+00 1.929295e+01
    endloop
  endfacet
  facet normal 0.000000e+00 -1.000000e+00 0.000000e+00
    outer loop
      vertex   -1.198246e+01 0.000000e+00 1.929295e+01
      vertex   1.188474e+01 0.000000e+00 1.957391e+01
      vertex   -1.188474e+01 0.000000e+00 1.957391e+01
    endloop
  endfacet
  facet normal 0.000000e+00 -1.000000e+00 0.000000e+00
    outer loop
      vertex   -1.188474e+01 0.000000e+00 1.957391e+01
      vertex   1.188474e+01 0.000000e+00 1.957391e+01
      vertex   1.181311e+01 0.000000e+00 1.986262e+01
    endloop
  endfacet
  facet normal 0.000000e+00 -1.000000e+00 0.000000e+00
    outer loop
      vertex   -1.188474e+01 0.000000e+00 1.957391e+01
      vertex   1.181311e+01 0.000000e+00 1.986262e+01
      vertex   -1.181311e+01 0.000000e+00 1.986262e+01
    endloop
  endfacet
  facet normal 0.000000e+00 -1.000000e+00 0.000000e+00
    outer loop
      vertex   -1.181311e+01 0.000000e+00 1.986262e+01
      vertex   1.181311e+01 0.000000e+00 1.986262e+01
      vertex   1.176818e+01 0.000000e+00 2.015668e+01
    endloop
  endfacet
  facet normal 0.000000e+00 -1.000000e+00 0.000000e+00
    outer loop
      vertex   -1.181311e+01 0.000000e+00 1.986262e+01
      vertex   1.176818e+01 0.000000e+00 2.015668e+01
      vertex   -1.176818e+01 0.000000e+00 2.015668e+01
    endloop
  endfacet
  facet normal 0.000000e+00 -1.000000e+00 0.000000e+00
    outer loop
      vertex   -1.176818e+01 0.000000e+00 2.015668e+01
      vertex   1.176818e+01 0.000000e+00 2.015668e+01
      vertex   1.175033e+01 0.000000e+00 2.045361e+01
    endloop
  endfacet
  facet normal 0.000000e+00 -1.000000e+00 0.000000e+00
    outer loop
      vertex   -1.176818e+01 0.000000e+00 2.015668e+01
      vertex   1.175033e+01 0.000000e+00 2.045361e+01
      vertex   -1.175033e+01 0.000000e+00 2.045361e+01
    endloop
  endfacet
  facet normal 0.000000e+00 -1.000000e+00 0.000000e+00
    outer loop
      vertex   -1.175033e+01 0.000000e+00 2.045361e+01
      vertex   1.175033e+01 0.000000e+00 2.045361e+01
      vertex   -1.175970e+01 0.000000e+00 2.075092e+01
    endloop
  endfacet
  facet normal 0.000000e+00 -1.000000e+00 0.000000e+00
    outer loop
      vertex   -1.175970e+01 0.000000e+00 2.075092e+01
      vertex   1.175033e+01 0.000000e+00 2.045361e+01
      vertex   1.175970e+01 0.000000e+00 2.075092e+01
    endloop
  endfacet
  facet normal 0.000000e+00 -1.000000e+00 0.000000e+00
    outer loop
      vertex   -1.175970e+01 0.000000e+00 2.075092e+01
      vertex   1.175970e+01 0.000000e+00 2.075092e+01
      vertex   -1.179622e+01 0.000000e+00 2.104614e+01
    endloop
  endfacet
  facet normal 0.000000e+00 -1.000000e+00 0.000000e+00
    outer loop
      vertex   -1.179622e+01 0.000000e+00 2.104614e+01
      vertex   1.175970e+01 0.000000e+00 2.075092e+01
      vertex   1.179622e+01 0.000000e+00 2.104614e+01
    endloop
  endfacet
  facet normal 0.000000e+00 -1.000000e+00 0.000000e+00
    outer loop
      vertex   -1.179622e+01 0.000000e+00 2.104614e+01
      vertex   1.179622e+01 0.000000e+00 2.104614e+01
      vertex   -1.185957e+01 0.000000e+00 2.133678e+01
    endloop
  endfacet
  facet normal 0.000000e+00 -1.000000e+00 0.000000e+00
    outer loop
      vertex   -1.185957e+01 0.000000e+00 2.133678e+01
      vertex   1.179622e+01 0.000000e+00 2.104614e+01
      vertex   1.185957e+01 0.000000e+00 2.133678e+01
    endloop
  endfacet
  facet normal 0.000000e+00 -1.000000e+00 0.000000e+00
    outer loop
      vertex   -1.185957e+01 0.000000e+00 2.133678e+01
      vertex   1.185957e+01 0.000000e+00 2.133678e+01
      vertex   -1.194923e+01 0.000000e+00 2.162041e+01
    endloop
  endfacet
  facet normal 0.000000e+00 -1.000000e+00 0.000000e+00
    outer loop
      vertex   -1.194923e+01 0.000000e+00 2.162041e+01
      vertex   1.185957e+01 0.000000e+00 2.133678e+01
      vertex   1.194923e+01 0.000000e+00 2.162041e+01
    endloop
  endfacet
  facet normal 0.000000e+00 -1.000000e+00 0.000000e+00
    outer loop
      vertex   -1.194923e+01 0.000000e+00 2.162041e+01
      vertex   1.194923e+01 0.000000e+00 2.162041e+01
      vertex   -1.206445e+01 0.000000e+00 2.189466e+01
    endloop
  endfacet
  facet normal 0.000000e+00 -1.000000e+00 0.000000e+00
    outer loop
      vertex   -1.206445e+01 0.000000e+00 2.189466e+01
      vertex   1.194923e+01 0.000000e+00 2.162041e+01
      vertex   1.206445e+01 0.000000e+00 2.189466e+01
    endloop
  endfacet
  facet normal 0.000000e+00 -1.000000e+00 0.000000e+00
    outer loop
      vertex   -1.206445e+01 0.000000e+00 2.189466e+01
      vertex   1.206445e+01 0.000000e+00 2.189466e+01
      vertex   -1.220427e+01 0.000000e+00 2.215722e+01
    endloop
  endfacet
  facet normal 0.000000e+00 -1.000000e+00 0.000000e+00
    outer loop
      vertex   -1.220427e+01 0.000000e+00 2.215722e+01
      vertex   1.206445e+01 0.000000e+00 2.189466e+01
      vertex   1.220427e+01 0.000000e+00 2.215722e+01
    endloop
  endfacet
  facet normal 0.000000e+00 -1.000000e+00 0.000000e+00
    outer loop
      vertex   -1.220427e+01 0.000000e+00 2.215722e+01
      vertex   1.220427e+01 0.000000e+00 2.215722e+01
      vertex   -1.236750e+01 0.000000e+00 2.240590e+01
    endloop
  endfacet
  facet normal 0.000000e+00 -1.000000e+00 0.000000e+00
    outer loop
      vertex   -1.236750e+01 0.000000e+00 2.240590e+01
      vertex   1.220427e+01 0.000000e+00 2.215722e+01
      vertex   1.236750e+01 0.000000e+00 2.240590e+01
    endloop
  endfacet
  facet normal 0.000000e+00 -1.000000e+00 0.000000e+00
    outer loop
      vertex   -1.236750e+01 0.000000e+00 2.240590e+01
      vertex   1.236750e+01 0.000000e+00 2.240590e+01
      vertex   -1.255279e+01 0.000000e+00 2.263861e+01
    endloop
  endfacet
  facet normal 0.000000e+00 -1.000000e+00 0.000000e+00
    outer loop
      vertex   -1.255279e+01 0.000000e+00 2.263861e+01
      vertex   1.236750e+01 0.000000e+00 2.240590e+01
      vertex   1.255279e+01 0.000000e+00 2.263861e+01
    endloop
  endfacet
  facet normal 0.000000e+00 -1.000000e+00 0.000000e+00
    outer loop
      vertex   -1.255279e+01 0.000000e+00 2.263861e+01
      vertex   1.255279e+01 0.000000e+00 2.263861e+01
      vertex   -1.275858e+01 0.000000e+00 2.285341e+01
    endloop
  endfacet
  facet normal 0.000000e+00 -1.000000e+00 0.000000e+00
    outer loop
      vertex   -1.275858e+01 0.000000e+00 2.285341e+01
      vertex   1.255279e+01 0.000000e+00 2.263861e+01
      vertex   1.275858e+01 0.000000e+00 2.285341e+01
    endloop
  endfacet
  facet normal 0.000000e+00 -1.000000e+00 0.000000e+00
    outer loop
      vertex   -1.275858e+01 0.000000e+00 2.285341e+01
      vertex   1.275858e+01 0.000000e+00 2.285341e+01
      vertex   -1.298314e+01 0.000000e+00 2.304849e+01
    endloop
  endfacet
  facet normal 0.000000e+00 -1.000000e+00 0.000000e+00
    outer loop
      vertex   -1.298314e+01 0.000000e+00 2.304849e+01
      vertex   1.275858e+01 0.000000e+00 2.285341e+01
      vertex   1.298314e+01 0.000000e+00 2.304849e+01
    endloop
  endfacet
  facet normal 0.000000e+00 -1.000000e+00 0.000000e+00
    outer loop
      vertex   -1.298314e+01 0.000000e+00 2.304849e+01
      vertex   1.298314e+01 0.000000e+00 2.304849e+01
      vertex   -1.322460e+01 0.000000e+00 2.322222e+01
    endloop
  endfacet
  facet normal 0.000000e+00 -1.000000e+00 0.000000e+00
    outer loop
      vertex   -1.322460e+01 0.000000e+00 2.322222e+01
      vertex   1.298314e+01 0.000000e+00 2.304849e+01
      vertex   1.322460e+01 0.000000e+00 2.322222e+01
    endloop
  endfacet
  facet normal 0.000000e+00 -1.000000e+00 0.000000e+00
    outer loop
      vertex   -1.322460e+01 0.000000e+00 2.322222e+01
      vertex   1.322460e+01 0.000000e+00 2.322222e+01
      vertex   -1.348094e+01 0.000000e+00 2.337314e+01
    endloop
  endfacet
  facet normal 0.000000e+00 -1.000000e+00 0.000000e+00
    outer loop
      vertex   -1.348094e+01 0.000000e+00 2.337314e+01
      vertex   1.322460e+01 0.000000e+00 2.322222e+01
      vertex   1.348094e+01 0.000000e+00 2.337314e+01
    endloop
  endfacet
  facet normal 0.000000e+00 -1.000000e+00 0.000000e+00
    outer loop
      vertex   -1.348094e+01 0.000000e+00 2.337314e+01
      vertex   1.348094e+01 0.000000e+00 2.337314e+01
      vertex   -1.375000e+01 0.000000e+00 2.350000e+01
    endloop
  endfacet
  facet normal 0.000000e+00 -1.000000e+00 0.000000e+00
    outer loop
      vertex   -1.375000e+01 0.000000e+00 2.350000e+01
      vertex   1.348094e+01 0.000000e+00 2.337314e+01
      vertex   1.375000e+01 0.000000e+00 2.350000e+01
    endloop
  endfacet
  facet normal 0.000000e+00 -1.000000e+00 0.000000e+00
    outer loop
      vertex   -1.199036e+01 0.000000e+00 4.726612e+00
      vertex   -1.210546e+01 0.000000e+00 1.902211e+01
      vertex   -1.211437e+01 0.000000e+00 4.995211e+00
    endloop
  endfacet
  facet normal 0.000000e+00 -1.000000e+00 0.000000e+00
    outer loop
      vertex   -1.211437e+01 0.000000e+00 4.995211e+00
      vertex   -1.210546e+01 0.000000e+00 1.902211e+01
      vertex   -1.225272e+01 0.000000e+00 1.876364e+01
    endloop
  endfacet
  facet normal 0.000000e+00 -1.000000e+00 0.000000e+00
    outer loop
      vertex   -1.211437e+01 0.000000e+00 4.995211e+00
      vertex   -1.225272e+01 0.000000e+00 1.876364e+01
      vertex   -1.226230e+01 0.000000e+00 5.251421e+00
    endloop
  endfacet
  facet normal 0.000000e+00 -1.000000e+00 0.000000e+00
    outer loop
      vertex   -1.226230e+01 0.000000e+00 5.251421e+00
      vertex   -1.225272e+01 0.000000e+00 1.876364e+01
      vertex   -1.242298e+01 0.000000e+00 1.851973e+01
    endloop
  endfacet
  facet normal 0.000000e+00 -1.000000e+00 0.000000e+00
    outer loop
      vertex   -1.226230e+01 0.000000e+00 5.251421e+00
      vertex   -1.242298e+01 0.000000e+00 1.851973e+01
      vertex   -1.243290e+01 0.000000e+00 5.493117e+00
    endloop
  endfacet
  facet normal 0.000000e+00 -1.000000e+00 0.000000e+00
    outer loop
      vertex   -1.243290e+01 0.000000e+00 5.493117e+00
      vertex   -1.242298e+01 0.000000e+00 1.851973e+01
      vertex   -1.261484e+01 0.000000e+00 1.829240e+01
    endloop
  endfacet
  facet normal 0.000000e+00 -1.000000e+00 0.000000e+00
    outer loop
      vertex   -1.243290e+01 0.000000e+00 5.493117e+00
      vertex   -1.261484e+01 0.000000e+00 1.829240e+01
      vertex   -1.262478e+01 0.000000e+00 5.718298e+00
    endloop
  endfacet
  facet normal 0.000000e+00 -1.000000e+00 0.000000e+00
    outer loop
      vertex   -1.262478e+01 0.000000e+00 5.718298e+00
      vertex   -1.261484e+01 0.000000e+00 1.829240e+01
      vertex   -1.282667e+01 0.000000e+00 1.808357e+01
    endloop
  endfacet
  facet normal 0.000000e+00 -1.000000e+00 0.000000e+00
    outer loop
      vertex   -1.262478e+01 0.000000e+00 5.718298e+00
      vertex   -1.282667e+01 0.000000e+00 1.808357e+01
      vertex   -1.283634e+01 0.000000e+00 5.925097e+00
    endloop
  endfacet
  facet normal 0.000000e+00 -1.000000e+00 0.000000e+00
    outer loop
      vertex   -1.283634e+01 0.000000e+00 5.925097e+00
      vertex   -1.282667e+01 0.000000e+00 1.808357e+01
      vertex   -1.305672e+01 0.000000e+00 1.789498e+01
    endloop
  endfacet
  facet normal 0.000000e+00 -1.000000e+00 0.000000e+00
    outer loop
      vertex   -1.283634e+01 0.000000e+00 5.925097e+00
      vertex   -1.305672e+01 0.000000e+00 1.789498e+01
      vertex   -1.306583e+01 0.000000e+00 6.111801e+00
    endloop
  endfacet
  facet normal 0.000000e+00 -1.000000e+00 0.000000e+00
    outer loop
      vertex   -1.306583e+01 0.000000e+00 6.111801e+00
      vertex   -1.305672e+01 0.000000e+00 1.789498e+01
      vertex   -1.330304e+01 0.000000e+00 1.772821e+01
    endloop
  endfacet
  facet normal 0.000000e+00 -1.000000e+00 0.000000e+00
    outer loop
      vertex   -1.306583e+01 0.000000e+00 6.111801e+00
      vertex   -1.330304e+01 0.000000e+00 1.772821e+01
      vertex   -1.331135e+01 0.000000e+00 6.276863e+00
    endloop
  endfacet
  facet normal 0.000000e+00 -1.000000e+00 0.000000e+00
    outer loop
      vertex   -1.331135e+01 0.000000e+00 6.276863e+00
      vertex   -1.330304e+01 0.000000e+00 1.772821e+01
      vertex   -1.356358e+01 0.000000e+00 1.758466e+01
    endloop
  endfacet
  facet normal 0.000000e+00 -1.000000e+00 0.000000e+00
    outer loop
      vertex   -1.331135e+01 0.000000e+00 6.276863e+00
      vertex   -1.356358e+01 0.000000e+00 1.758466e+01
      vertex   -1.357086e+01 0.000000e+00 6.418915e+00
    endloop
  endfacet
  facet normal 0.000000e+00 -1.000000e+00 0.000000e+00
    outer loop
      vertex   -1.357086e+01 0.000000e+00 6.418915e+00
      vertex   -1.356358e+01 0.000000e+00 1.758466e+01
      vertex   -1.383615e+01 0.000000e+00 1.746554e+01
    endloop
  endfacet
  facet normal 0.000000e+00 -1.000000e+00 0.000000e+00
    outer loop
      vertex   -1.357086e+01 0.000000e+00 6.418915e+00
      vertex   -1.383615e+01 0.000000e+00 1.746554e+01
      vertex   -1.384221e+01 0.000000e+00 6.536780e+00
    endloop
  endfacet
  facet normal 0.000000e+00 -1.000000e+00 0.000000e+00
    outer loop
      vertex   -1.384221e+01 0.000000e+00 6.536780e+00
      vertex   -1.383615e+01 0.000000e+00 1.746554e+01
      vertex   -1.411847e+01 0.000000e+00 1.737184e+01
    endloop
  endfacet
  facet normal 0.000000e+00 -1.000000e+00 0.000000e+00
    outer loop
      vertex   -1.384221e+01 0.000000e+00 6.536780e+00
      vertex   -1.411847e+01 0.000000e+00 1.737184e+01
      vertex   -1.412316e+01 0.000000e+00 6.629481e+00
    endloop
  endfacet
  facet normal 0.000000e+00 -1.000000e+00 0.000000e+00
    outer loop
      vertex   -1.412316e+01 0.000000e+00 6.629481e+00
      vertex   -1.411847e+01 0.000000e+00 1.737184e+01
      vertex   -1.440818e+01 0.000000e+00 1.730434e+01
    endloop
  endfacet
  facet normal 0.000000e+00 -1.000000e+00 0.000000e+00
    outer loop
      vertex   -1.412316e+01 0.000000e+00 6.629481e+00
      vertex   -1.440818e+01 0.000000e+00 1.730434e+01
      vertex   -1.441137e+01 0.000000e+00 6.696251e+00
    endloop
  endfacet
  facet normal 0.000000e+00 -1.000000e+00 0.000000e+00
    outer loop
      vertex   -1.441137e+01 0.000000e+00 6.696251e+00
      vertex   -1.440818e+01 0.000000e+00 1.730434e+01
      vertex   -1.470285e+01 0.000000e+00 1.726361e+01
    endloop
  endfacet
  facet normal 0.000000e+00 -1.000000e+00 0.000000e+00
    outer loop
      vertex   -1.441137e+01 0.000000e+00 6.696251e+00
      vertex   -1.470285e+01 0.000000e+00 1.726361e+01
      vertex   -1.470446e+01 0.000000e+00 6.736535e+00
    endloop
  endfacet
  facet normal 0.000000e+00 -1.000000e+00 0.000000e+00
    outer loop
      vertex   -1.470446e+01 0.000000e+00 6.736535e+00
      vertex   -1.470285e+01 0.000000e+00 1.726361e+01
      vertex   -1.500000e+01 0.000000e+00 1.725000e+01
    endloop
  endfacet
  facet normal 0.000000e+00 -1.000000e+00 0.000000e+00
    outer loop
      vertex   -1.470446e+01 0.000000e+00 6.736535e+00
      vertex   -1.500000e+01 0.000000e+00 1.725000e+01
      vertex   -1.500000e+01 0.000000e+00 6.750000e+00
    endloop
  endfacet
  facet normal -0.000000e+00 -1.000000e+00 0.000000e+00
    outer loop
      vertex   -1.500000e+01 0.000000e+00 6.750000e+00
      vertex   -1.500000e+01 0.000000e+00 1.725000e+01
      vertex   -1.529554e+01 0.000000e+00 6.736535e+00
    endloop
  endfacet
  facet normal 0.000000e+00 -1.000000e+00 0.000000e+00
    outer loop
      vertex   -1.529554e+01 0.000000e+00 6.736535e+00
      vertex   -1.500000e+01 0.000000e+00 1.725000e+01
      vertex   -1.529715e+01 0.000000e+00 1.726361e+01
    endloop
  endfacet
  facet normal -0.000000e+00 -1.000000e+00 0.000000e+00
    outer loop
      vertex   -1.529554e+01 0.000000e+00 6.736535e+00
      vertex   -1.529715e+01 0.000000e+00 1.726361e+01
      vertex   -1.558863e+01 0.000000e+00 6.696251e+00
    endloop
  endfacet
  facet normal 0.000000e+00 -1.000000e+00 0.000000e+00
    outer loop
      vertex   -1.558863e+01 0.000000e+00 6.696251e+00
      vertex   -1.529715e+01 0.000000e+00 1.726361e+01
      vertex   -1.559182e+01 0.000000e+00 1.730434e+01
    endloop
  endfacet
  facet normal -0.000000e+00 -1.000000e+00 0.000000e+00
    outer loop
      vertex   -1.558863e+01 0.000000e+00 6.696251e+00
      vertex   -1.559182e+01 0.000000e+00 1.730434e+01
      vertex   -1.587684e+01 0.000000e+00 6.629481e+00
    endloop
  endfacet
  facet normal 0.000000e+00 -1.000000e+00 0.000000e+00
    outer loop
      vertex   -1.587684e+01 0.000000e+00 6.629481e+00
      vertex   -1.559182e+01 0.000000e+00 1.730434e+01
      vertex   -1.588153e+01 0.000000e+00 1.737184e+01
    endloop
  endfacet
  facet normal -0.000000e+00 -1.000000e+00 0.000000e+00
    outer loop
      vertex   -1.587684e+01 0.000000e+00 6.629481e+00
      vertex   -1.588153e+01 0.000000e+00 1.737184e+01
      vertex   -1.615779e+01 0.000000e+00 6.536780e+00
    endloop
  endfacet
  facet normal 0.000000e+00 -1.000000e+00 0.000000e+00
    outer loop
      vertex   -1.615779e+01 0.000000e+00 6.536780e+00
      vertex   -1.588153e+01 0.000000e+00 1.737184e+01
      vertex   -1.616385e+01 0.000000e+00 1.746554e+01
    endloop
  endfacet
  facet normal -0.000000e+00 -1.000000e+00 0.000000e+00
    outer loop
      vertex   -1.615779e+01 0.000000e+00 6.536780e+00
      vertex   -1.616385e+01 0.000000e+00 1.746554e+01
      vertex   -1.642914e+01 0.000000e+00 6.418915e+00
    endloop
  endfacet
  facet normal 0.000000e+00 -1.000000e+00 0.000000e+00
    outer loop
      vertex   -1.642914e+01 0.000000e+00 6.418915e+00
      vertex   -1.616385e+01 0.000000e+00 1.746554e+01
      vertex   -1.643642e+01 0.000000e+00 1.758466e+01
    endloop
  endfacet
  facet normal -0.000000e+00 -1.000000e+00 0.000000e+00
    outer loop
      vertex   -1.642914e+01 0.000000e+00 6.418915e+00
      vertex   -1.643642e+01 0.000000e+00 1.758466e+01
      vertex   -1.668865e+01 0.000000e+00 6.276863e+00
    endloop
  endfacet
  facet normal 0.000000e+00 -1.000000e+00 0.000000e+00
    outer loop
      vertex   -1.668865e+01 0.000000e+00 6.276863e+00
      vertex   -1.643642e+01 0.000000e+00 1.758466e+01
      vertex   -1.669696e+01 0.000000e+00 1.772821e+01
    endloop
  endfacet
  facet normal -0.000000e+00 -1.000000e+00 0.000000e+00
    outer loop
      vertex   -1.668865e+01 0.000000e+00 6.276863e+00
      vertex   -1.669696e+01 0.000000e+00 1.772821e+01
      vertex   -1.693417e+01 0.000000e+00 6.111801e+00
    endloop
  endfacet
  facet normal 0.000000e+00 -1.000000e+00 0.000000e+00
    outer loop
      vertex   -1.693417e+01 0.000000e+00 6.111801e+00
      vertex   -1.669696e+01 0.000000e+00 1.772821e+01
      vertex   -1.694328e+01 0.000000e+00 1.789498e+01
    endloop
  endfacet
  facet normal -0.000000e+00 -1.000000e+00 0.000000e+00
    outer loop
      vertex   -1.693417e+01 0.000000e+00 6.111801e+00
      vertex   -1.694328e+01 0.000000e+00 1.789498e+01
      vertex   -1.716366e+01 0.000000e+00 5.925097e+00
    endloop
  endfacet
  facet normal 0.000000e+00 -1.000000e+00 0.000000e+00
    outer loop
      vertex   -1.716366e+01 0.000000e+00 5.925097e+00
      vertex   -1.694328e+01 0.000000e+00 1.789498e+01
      vertex   -1.717333e+01 0.000000e+00 1.808357e+01
    endloop
  endfacet
  facet normal -0.000000e+00 -1.000000e+00 0.000000e+00
    outer loop
      vertex   -1.716366e+01 0.000000e+00 5.925097e+00
      vertex   -1.717333e+01 0.000000e+00 1.808357e+01
      vertex   -1.737522e+01 0.000000e+00 5.718298e+00
    endloop
  endfacet
  facet normal 0.000000e+00 -1.000000e+00 0.000000e+00
    outer loop
      vertex   -1.737522e+01 0.000000e+00 5.718298e+00
      vertex   -1.717333e+01 0.000000e+00 1.808357e+01
      vertex   -1.738516e+01 0.000000e+00 1.829240e+01
    endloop
  endfacet
  facet normal -0.000000e+00 -1.000000e+00 0.000000e+00
    outer loop
      vertex   -1.737522e+01 0.000000e+00 5.718298e+00
      vertex   -1.738516e+01 0.000000e+00 1.829240e+01
      vertex   -1.756710e+01 0.000000e+00 5.493117e+00
    endloop
  endfacet
  facet normal 0.000000e+00 -1.000000e+00 0.000000e+00
    outer loop
      vertex   -1.756710e+01 0.000000e+00 5.493117e+00
      vertex   -1.738516e+01 0.000000e+00 1.829240e+01
      vertex   -1.757702e+01 0.000000e+00 1.851973e+01
    endloop
  endfacet
  facet normal -0.000000e+00 -1.000000e+00 0.000000e+00
    outer loop
      vertex   -1.756710e+01 0.000000e+00 5.493117e+00
      vertex   -1.757702e+01 0.000000e+00 1.851973e+01
      vertex   -1.773770e+01 0.000000e+00 5.251421e+00
    endloop
  endfacet
  facet normal 0.000000e+00 -1.000000e+00 0.000000e+00
    outer loop
      vertex   -1.773770e+01 0.000000e+00 5.251421e+00
      vertex   -1.757702e+01 0.000000e+00 1.851973e+01
      vertex   -1.774728e+01 0.000000e+00 1.876364e+01
    endloop
  endfacet
  facet normal -0.000000e+00 -1.000000e+00 0.000000e+00
    outer loop
      vertex   -1.773770e+01 0.000000e+00 5.251421e+00
      vertex   -1.774728e+01 0.000000e+00 1.876364e+01
      vertex   -1.788563e+01 0.000000e+00 4.995211e+00
    endloop
  endfacet
  facet normal 0.000000e+00 -1.000000e+00 0.000000e+00
    outer loop
      vertex   -1.788563e+01 0.000000e+00 4.995211e+00
      vertex   -1.774728e+01 0.000000e+00 1.876364e+01
      vertex   -1.789454e+01 0.000000e+00 1.902211e+01
    endloop
  endfacet
  facet normal -0.000000e+00 -1.000000e+00 0.000000e+00
    outer loop
      vertex   -1.788563e+01 0.000000e+00 4.995211e+00
      vertex   -1.789454e+01 0.000000e+00 1.902211e+01
      vertex   -1.800964e+01 0.000000e+00 4.726612e+00
    endloop
  endfacet
  facet normal 0.000000e+00 -1.000000e+00 0.000000e+00
    outer loop
      vertex   -1.800964e+01 0.000000e+00 4.726612e+00
      vertex   -1.789454e+01 0.000000e+00 1.902211e+01
      vertex   -1.801754e+01 0.000000e+00 1.929295e+01
    endloop
  endfacet
  facet normal -0.000000e+00 -1.000000e+00 0.000000e+00
    outer loop
      vertex   -1.800964e+01 0.000000e+00 4.726612e+00
      vertex   -1.801754e+01 0.000000e+00 1.929295e+01
      vertex   -1.810871e+01 0.000000e+00 4.447849e+00
    endloop
  endfacet
  facet normal 0.000000e+00 -1.000000e+00 0.000000e+00
    outer loop
      vertex   -1.810871e+01 0.000000e+00 4.447849e+00
      vertex   -1.801754e+01 0.000000e+00 1.929295e+01
      vertex   -1.811526e+01 0.000000e+00 1.957391e+01
    endloop
  endfacet
  facet normal 0.000000e+00 -1.000000e+00 0.000000e+00
    outer loop
      vertex   -1.810871e+01 0.000000e+00 4.447849e+00
      vertex   -1.811526e+01 0.000000e+00 1.957391e+01
      vertex   -1.990000e+01 0.000000e+00 2.350000e+01
    endloop
  endfacet
  facet normal 0.000000e+00 -1.000000e+00 0.000000e+00
    outer loop
      vertex   -1.990000e+01 0.000000e+00 2.350000e+01
      vertex   -1.811526e+01 0.000000e+00 1.957391e+01
      vertex   -1.818689e+01 0.000000e+00 1.986262e+01
    endloop
  endfacet
  facet normal 0.000000e+00 -1.000000e+00 0.000000e+00
    outer loop
      vertex   -1.990000e+01 0.000000e+00 2.350000e+01
      vertex   -1.818689e+01 0.000000e+00 1.986262e+01
      vertex   -1.823182e+01 0.000000e+00 2.015668e+01
    endloop
  endfacet
  facet normal 0.000000e+00 -1.000000e+00 0.000000e+00
    outer loop
      vertex   -1.823182e+01 0.000000e+00 2.015668e+01
      vertex   -1.824967e+01 0.000000e+00 2.045361e+01
      vertex   -1.990000e+01 0.000000e+00 2.350000e+01
    endloop
  endfacet
  facet normal 0.000000e+00 -1.000000e+00 0.000000e+00
    outer loop
      vertex   -1.990000e+01 0.000000e+00 2.350000e+01
      vertex   -1.824967e+01 0.000000e+00 2.045361e+01
      vertex   -1.824030e+01 0.000000e+00 2.075092e+01
    endloop
  endfacet
  facet normal 0.000000e+00 -1.000000e+00 0.000000e+00
    outer loop
      vertex   -1.990000e+01 0.000000e+00 2.350000e+01
      vertex   -1.824030e+01 0.000000e+00 2.075092e+01
      vertex   -1.820378e+01 0.000000e+00 2.104614e+01
    endloop
  endfacet
  facet normal 0.000000e+00 -1.000000e+00 0.000000e+00
    outer loop
      vertex   -1.820378e+01 0.000000e+00 2.104614e+01
      vertex   -1.814043e+01 0.000000e+00 2.133678e+01
      vertex   -1.990000e+01 0.000000e+00 2.350000e+01
    endloop
  endfacet
  facet normal 0.000000e+00 -1.000000e+00 0.000000e+00
    outer loop
      vertex   -1.990000e+01 0.000000e+00 2.350000e+01
      vertex   -1.814043e+01 0.000000e+00 2.133678e+01
      vertex   -1.805077e+01 0.000000e+00 2.162041e+01
    endloop
  endfacet
  facet normal 0.000000e+00 -1.000000e+00 0.000000e+00
    outer loop
      vertex   -1.990000e+01 0.000000e+00 2.350000e+01
      vertex   -1.805077e+01 0.000000e+00 2.162041e+01
      vertex   -1.793555e+01 0.000000e+00 2.189466e+01
    endloop
  endfacet
  facet normal 0.000000e+00 -1.000000e+00 0.000000e+00
    outer loop
      vertex   -1.793555e+01 0.000000e+00 2.189466e+01
      vertex   -1.779573e+01 0.000000e+00 2.215722e+01
      vertex   -1.990000e+01 0.000000e+00 2.350000e+01
    endloop
  endfacet
  facet normal 0.000000e+00 -1.000000e+00 0.000000e+00
    outer loop
      vertex   -1.990000e+01 0.000000e+00 2.350000e+01
      vertex   -1.779573e+01 0.000000e+00 2.215722e+01
      vertex   -1.763250e+01 0.000000e+00 2.240590e+01
    endloop
  endfacet
  facet normal 0.000000e+00 -1.000000e+00 0.000000e+00
    outer loop
      vertex   -1.990000e+01 0.000000e+00 2.350000e+01
      vertex   -1.763250e+01 0.000000e+00 2.240590e+01
      vertex   -1.744721e+01 0.000000e+00 2.263861e+01
    endloop
  endfacet
  facet normal 0.000000e+00 -1.000000e+00 0.000000e+00
    outer loop
      vertex   -1.744721e+01 0.000000e+00 2.263861e+01
      vertex   -1.724142e+01 0.000000e+00 2.285341e+01
      vertex   -1.990000e+01 0.000000e+00 2.350000e+01
    endloop
  endfacet
  facet normal 0.000000e+00 -1.000000e+00 0.000000e+00
    outer loop
      vertex   -1.990000e+01 0.000000e+00 2.350000e+01
      vertex   -1.724142e+01 0.000000e+00 2.285341e+01
      vertex   -1.701686e+01 0.000000e+00 2.304849e+01
    endloop
  endfacet
  facet normal 0.000000e+00 -1.000000e+00 0.000000e+00
    outer loop
      vertex   -1.990000e+01 0.000000e+00 2.350000e+01
      vertex   -1.701686e+01 0.000000e+00 2.304849e+01
      vertex   -1.677540e+01 0.000000e+00 2.322222e+01
    endloop
  endfacet
  facet normal 0.000000e+00 -1.000000e+00 0.000000e+00
    outer loop
      vertex   -1.677540e+01 0.000000e+00 2.322222e+01
      vertex   -1.651906e+01 0.000000e+00 2.337314e+01
      vertex   -1.990000e+01 0.000000e+00 2.350000e+01
    endloop
  endfacet
  facet normal 0.000000e+00 -1.000000e+00 0.000000e+00
    outer loop
      vertex   -1.990000e+01 0.000000e+00 2.350000e+01
      vertex   -1.651906e+01 0.000000e+00 2.337314e+01
      vertex   -1.625000e+01 0.000000e+00 2.350000e+01
    endloop
  endfacet
  facet normal -0.000000e+00 -1.000000e+00 0.000000e+00
    outer loop
      vertex   -1.810871e+01 0.000000e+00 4.447849e+00
      vertex   -1.990000e+01 0.000000e+00 2.350000e+01
      vertex   -1.818202e+01 0.000000e+00 4.161232e+00
    endloop
  endfacet
  facet normal -0.000000e+00 -1.000000e+00 0.000000e+00
    outer loop
      vertex   -1.818202e+01 0.000000e+00 4.161232e+00
      vertex   -1.990000e+01 0.000000e+00 2.350000e+01
      vertex   -1.990000e+01 0.000000e+00 -1.985541e+00
    endloop
  endfacet
  facet normal 0.000000e+00 -1.000000e+00 0.000000e+00
    outer loop
      vertex   -1.818202e+01 0.000000e+00 4.161232e+00
      vertex   -1.990000e+01 0.000000e+00 -1.985541e+00
      vertex   -1.822897e+01 0.000000e+00 3.869136e+00
    endloop
  endfacet
  facet normal 0.000000e+00 -1.000000e+00 0.000000e+00
    outer loop
      vertex   -1.822897e+01 0.000000e+00 3.869136e+00
      vertex   -1.990000e+01 0.000000e+00 -1.985541e+00
      vertex   -1.824916e+01 0.000000e+00 3.573980e+00
    endloop
  endfacet
  facet normal 0.000000e+00 -1.000000e+00 -0.000000e+00
    outer loop
      vertex   -1.824916e+01 0.000000e+00 3.573980e+00
      vertex   -1.990000e+01 0.000000e+00 -1.985541e+00
      vertex   -1.824242e+01 0.000000e+00 3.278212e+00
    endloop
  endfacet
  facet normal 0.000000e+00 -1.000000e+00 -0.000000e+00
    outer loop
      vertex   -1.824242e+01 0.000000e+00 3.278212e+00
      vertex   -1.990000e+01 0.000000e+00 -1.985541e+00
      vertex   -1.820882e+01 0.000000e+00 2.984282e+00
    endloop
  endfacet
  facet normal 0.000000e+00 -1.000000e+00 -0.000000e+00
    outer loop
      vertex   -1.820882e+01 0.000000e+00 2.984282e+00
      vertex   -1.990000e+01 0.000000e+00 -1.985541e+00
      vertex   -1.814863e+01 0.000000e+00 2.694625e+00
    endloop
  endfacet
  facet normal 0.000000e+00 -1.000000e+00 -0.000000e+00
    outer loop
      vertex   -1.814863e+01 0.000000e+00 2.694625e+00
      vertex   -1.990000e+01 0.000000e+00 -1.985541e+00
      vertex   -1.806235e+01 0.000000e+00 2.411641e+00
    endloop
  endfacet
  facet normal 0.000000e+00 -1.000000e+00 -0.000000e+00
    outer loop
      vertex   -1.806235e+01 0.000000e+00 2.411641e+00
      vertex   -1.990000e+01 0.000000e+00 -1.985541e+00
      vertex   -1.795069e+01 0.000000e+00 2.137676e+00
    endloop
  endfacet
  facet normal 0.000000e+00 -1.000000e+00 -0.000000e+00
    outer loop
      vertex   -1.795069e+01 0.000000e+00 2.137676e+00
      vertex   -1.990000e+01 0.000000e+00 -1.985541e+00
      vertex   -1.781458e+01 0.000000e+00 1.875000e+00
    endloop
  endfacet
  facet normal 0.000000e+00 -1.000000e+00 -0.000000e+00
    outer loop
      vertex   -1.781458e+01 0.000000e+00 1.875000e+00
      vertex   -1.990000e+01 0.000000e+00 -1.985541e+00
      vertex   -1.765515e+01 0.000000e+00 1.625789e+00
    endloop
  endfacet
  facet normal 0.000000e+00 -1.000000e+00 0.000000e+00
    outer loop
      vertex   -1.765515e+01 0.000000e+00 1.625789e+00
      vertex   -1.990000e+01 0.000000e+00 -1.985541e+00
      vertex   -1.919846e+01 0.000000e+00 -2.166664e+00
    endloop
  endfacet
  facet normal 0.000000e+00 -1.000000e+00 -0.000000e+00
    outer loop
      vertex   -1.765515e+01 0.000000e+00 1.625789e+00
      vertex   -1.919846e+01 0.000000e+00 -2.166664e+00
      vertex   -1.747372e+01 0.000000e+00 1.392108e+00
    endloop
  endfacet
  facet normal 0.000000e+00 -1.000000e+00 0.000000e+00
    outer loop
      vertex   -1.747372e+01 0.000000e+00 1.392108e+00
      vertex   -1.919846e+01 0.000000e+00 -2.166664e+00
      vertex   -1.850392e+01 0.000000e+00 -2.372998e+00
    endloop
  endfacet
  facet normal 0.000000e+00 -1.000000e+00 -0.000000e+00
    outer loop
      vertex   -1.747372e+01 0.000000e+00 1.392108e+00
      vertex   -1.850392e+01 0.000000e+00 -2.372998e+00
      vertex   -1.727179e+01 0.000000e+00 1.175894e+00
    endloop
  endfacet
  facet normal 0.000000e+00 -1.000000e+00 -0.000000e+00
    outer loop
      vertex   -1.727179e+01 0.000000e+00 1.175894e+00
      vertex   -1.850392e+01 0.000000e+00 -2.372998e+00
      vertex   -1.705104e+01 0.000000e+00 9.789383e-01
    endloop
  endfacet
  facet normal 0.000000e+00 -1.000000e+00 0.000000e+00
    outer loop
      vertex   -1.705104e+01 0.000000e+00 9.789383e-01
      vertex   -1.850392e+01 0.000000e+00 -2.372998e+00
      vertex   -1.781729e+01 0.000000e+00 -2.604274e+00
    endloop
  endfacet
  facet normal 0.000000e+00 -1.000000e+00 -0.000000e+00
    outer loop
      vertex   -1.705104e+01 0.000000e+00 9.789383e-01
      vertex   -1.781729e+01 0.000000e+00 -2.604274e+00
      vertex   -1.681329e+01 0.000000e+00 8.028728e-01
    endloop
  endfacet
  facet normal 0.000000e+00 -1.000000e+00 -0.000000e+00
    outer loop
      vertex   -1.681329e+01 0.000000e+00 8.028728e-01
      vertex   -1.781729e+01 0.000000e+00 -2.604274e+00
      vertex   -1.656051e+01 0.000000e+00 6.491565e-01
    endloop
  endfacet
  facet normal 0.000000e+00 -1.000000e+00 0.000000e+00
    outer loop
      vertex   -1.656051e+01 0.000000e+00 6.491565e-01
      vertex   -1.781729e+01 0.000000e+00 -2.604274e+00
      vertex   -1.713945e+01 0.000000e+00 -2.860190e+00
    endloop
  endfacet
  facet normal 0.000000e+00 -1.000000e+00 -0.000000e+00
    outer loop
      vertex   -1.656051e+01 0.000000e+00 6.491565e-01
      vertex   -1.713945e+01 0.000000e+00 -2.860190e+00
      vertex   -1.629480e+01 0.000000e+00 5.190633e-01
    endloop
  endfacet
  facet normal 0.000000e+00 -1.000000e+00 -0.000000e+00
    outer loop
      vertex   -1.629480e+01 0.000000e+00 5.190633e-01
      vertex   -1.713945e+01 0.000000e+00 -2.860190e+00
      vertex   -1.601837e+01 0.000000e+00 4.136710e-01
    endloop
  endfacet
  facet normal 0.000000e+00 -1.000000e+00 0.000000e+00
    outer loop
      vertex   -1.601837e+01 0.000000e+00 4.136710e-01
      vertex   -1.713945e+01 0.000000e+00 -2.860190e+00
      vertex   -1.647129e+01 0.000000e+00 -3.140414e+00
    endloop
  endfacet
  facet normal 0.000000e+00 -1.000000e+00 -0.000000e+00
    outer loop
      vertex   -1.601837e+01 0.000000e+00 4.136710e-01
      vertex   -1.647129e+01 0.000000e+00 -3.140414e+00
      vertex   -1.573349e+01 0.000000e+00 3.338530e-01
    endloop
  endfacet
  facet normal 0.000000e+00 -1.000000e+00 -0.000000e+00
    outer loop
      vertex   -1.573349e+01 0.000000e+00 3.338530e-01
      vertex   -1.647129e+01 0.000000e+00 -3.140414e+00
      vertex   -1.544254e+01 0.000000e+00 2.802707e-01
    endloop
  endfacet
  facet normal 0.000000e+00 -1.000000e+00 0.000000e+00
    outer loop
      vertex   -1.544254e+01 0.000000e+00 2.802707e-01
      vertex   -1.647129e+01 0.000000e+00 -3.140414e+00
      vertex   -1.581369e+01 0.000000e+00 -3.444578e+00
    endloop
  endfacet
  facet normal 0.000000e+00 -1.000000e+00 -0.000000e+00
    outer loop
      vertex   -1.544254e+01 0.000000e+00 2.802707e-01
      vertex   -1.581369e+01 0.000000e+00 -3.444578e+00
      vertex   -1.514792e+01 0.000000e+00 2.533681e-01
    endloop
  endfacet
  facet normal 0.000000e+00 -1.000000e+00 -0.000000e+00
    outer loop
      vertex   -1.514792e+01 0.000000e+00 2.533681e-01
      vertex   -1.581369e+01 0.000000e+00 -3.444578e+00
      vertex   -1.485208e+01 0.000000e+00 2.533681e-01
    endloop
  endfacet
  facet normal 0.000000e+00 -1.000000e+00 0.000000e+00
    outer loop
      vertex   -1.485208e+01 0.000000e+00 2.533681e-01
      vertex   -1.581369e+01 0.000000e+00 -3.444578e+00
      vertex   -1.516749e+01 0.000000e+00 -3.772287e+00
    endloop
  endfacet
  facet normal 0.000000e+00 -1.000000e+00 -0.000000e+00
    outer loop
      vertex   -1.485208e+01 0.000000e+00 2.533681e-01
      vertex   -1.516749e+01 0.000000e+00 -3.772287e+00
      vertex   -1.455746e+01 0.000000e+00 2.802707e-01
    endloop
  endfacet
  facet normal 0.000000e+00 -1.000000e+00 -0.000000e+00
    outer loop
      vertex   -1.455746e+01 0.000000e+00 2.802707e-01
      vertex   -1.516749e+01 0.000000e+00 -3.772287e+00
      vertex   -1.426651e+01 0.000000e+00 3.338530e-01
    endloop
  endfacet
  facet normal 0.000000e+00 -1.000000e+00 0.000000e+00
    outer loop
      vertex   -1.426651e+01 0.000000e+00 3.338530e-01
      vertex   -1.516749e+01 0.000000e+00 -3.772287e+00
      vertex   -1.453356e+01 0.000000e+00 -4.123114e+00
    endloop
  endfacet
  facet normal 0.000000e+00 -1.000000e+00 -0.000000e+00
    outer loop
      vertex   -1.426651e+01 0.000000e+00 3.338530e-01
      vertex   -1.453356e+01 0.000000e+00 -4.123114e+00
      vertex   -1.398163e+01 0.000000e+00 4.136710e-01
    endloop
  endfacet
  facet normal 0.000000e+00 -1.000000e+00 -0.000000e+00
    outer loop
      vertex   -1.398163e+01 0.000000e+00 4.136710e-01
      vertex   -1.453356e+01 0.000000e+00 -4.123114e+00
      vertex   -1.391270e+01 0.000000e+00 -4.496601e+00
    endloop
  endfacet
  facet normal 0.000000e+00 -1.000000e+00 0.000000e+00
    outer loop
      vertex   -1.398163e+01 0.000000e+00 4.136710e-01
      vertex   -1.391270e+01 0.000000e+00 -4.496601e+00
      vertex   -1.370520e+01 0.000000e+00 5.190633e-01
    endloop
  endfacet
  facet normal 0.000000e+00 -1.000000e+00 -0.000000e+00
    outer loop
      vertex   -1.370520e+01 0.000000e+00 5.190633e-01
      vertex   -1.391270e+01 0.000000e+00 -4.496601e+00
      vertex   -1.343949e+01 0.000000e+00 6.491565e-01
    endloop
  endfacet
  facet normal 0.000000e+00 -1.000000e+00 -0.000000e+00
    outer loop
      vertex   -1.343949e+01 0.000000e+00 6.491565e-01
      vertex   -1.391270e+01 0.000000e+00 -4.496601e+00
      vertex   -1.330573e+01 0.000000e+00 -4.892260e+00
    endloop
  endfacet
  facet normal 0.000000e+00 -1.000000e+00 0.000000e+00
    outer loop
      vertex   -1.343949e+01 0.000000e+00 6.491565e-01
      vertex   -1.330573e+01 0.000000e+00 -4.892260e+00
      vertex   -1.318671e+01 0.000000e+00 8.028728e-01
    endloop
  endfacet
  facet normal 0.000000e+00 -1.000000e+00 -0.000000e+00
    outer loop
      vertex   -1.318671e+01 0.000000e+00 8.028728e-01
      vertex   -1.330573e+01 0.000000e+00 -4.892260e+00
      vertex   -1.271344e+01 0.000000e+00 -5.309577e+00
    endloop
  endfacet
  facet normal 0.000000e+00 -1.000000e+00 0.000000e+00
    outer loop
      vertex   -1.318671e+01 0.000000e+00 8.028728e-01
      vertex   -1.271344e+01 0.000000e+00 -5.309577e+00
      vertex   -1.294896e+01 0.000000e+00 9.789383e-01
    endloop
  endfacet
  facet normal 0.000000e+00 -1.000000e+00 0.000000e+00
    outer loop
      vertex   -1.294896e+01 0.000000e+00 9.789383e-01
      vertex   -1.271344e+01 0.000000e+00 -5.309577e+00
      vertex   -1.272821e+01 0.000000e+00 1.175894e+00
    endloop
  endfacet
  facet normal 0.000000e+00 -1.000000e+00 0.000000e+00
    outer loop
      vertex   -1.272821e+01 0.000000e+00 1.175894e+00
      vertex   -1.271344e+01 0.000000e+00 -5.309577e+00
      vertex   -1.213660e+01 0.000000e+00 -5.748006e+00
    endloop
  endfacet
  facet normal 0.000000e+00 -1.000000e+00 0.000000e+00
    outer loop
      vertex   -1.272821e+01 0.000000e+00 1.175894e+00
      vertex   -1.213660e+01 0.000000e+00 -5.748006e+00
      vertex   -1.252628e+01 0.000000e+00 1.392108e+00
    endloop
  endfacet
  facet normal 0.000000e+00 -1.000000e+00 0.000000e+00
    outer loop
      vertex   -1.252628e+01 0.000000e+00 1.392108e+00
      vertex   -1.213660e+01 0.000000e+00 -5.748006e+00
      vertex   -1.157597e+01 0.000000e+00 -6.206976e+00
    endloop
  endfacet
  facet normal 0.000000e+00 -1.000000e+00 0.000000e+00
    outer loop
      vertex   -1.252628e+01 0.000000e+00 1.392108e+00
      vertex   -1.157597e+01 0.000000e+00 -6.206976e+00
      vertex   -1.234485e+01 0.000000e+00 1.625789e+00
    endloop
  endfacet
  facet normal 0.000000e+00 -1.000000e+00 0.000000e+00
    outer loop
      vertex   -1.234485e+01 0.000000e+00 1.625789e+00
      vertex   -1.157597e+01 0.000000e+00 -6.206976e+00
      vertex   -1.218542e+01 0.000000e+00 1.875000e+00
    endloop
  endfacet
  facet normal 0.000000e+00 -1.000000e+00 0.000000e+00
    outer loop
      vertex   -1.218542e+01 0.000000e+00 1.875000e+00
      vertex   -1.157597e+01 0.000000e+00 -6.206976e+00
      vertex   -1.103228e+01 0.000000e+00 -6.685888e+00
    endloop
  endfacet
  facet normal 0.000000e+00 -1.000000e+00 0.000000e+00
    outer loop
      vertex   -1.218542e+01 0.000000e+00 1.875000e+00
      vertex   -1.103228e+01 0.000000e+00 -6.685888e+00
      vertex   -1.204931e+01 0.000000e+00 2.137676e+00
    endloop
  endfacet
  facet normal 0.000000e+00 -1.000000e+00 0.000000e+00
    outer loop
      vertex   -1.204931e+01 0.000000e+00 2.137676e+00
      vertex   -1.103228e+01 0.000000e+00 -6.685888e+00
      vertex   -1.050623e+01 0.000000e+00 -7.184119e+00
    endloop
  endfacet
  facet normal 0.000000e+00 -1.000000e+00 0.000000e+00
    outer loop
      vertex   -1.204931e+01 0.000000e+00 2.137676e+00
      vertex   -1.050623e+01 0.000000e+00 -7.184119e+00
      vertex   -1.193765e+01 0.000000e+00 2.411641e+00
    endloop
  endfacet
  facet normal 0.000000e+00 -1.000000e+00 0.000000e+00
    outer loop
      vertex   -1.193765e+01 0.000000e+00 2.411641e+00
      vertex   -1.050623e+01 0.000000e+00 -7.184119e+00
      vertex   -9.998520e+00 0.000000e+00 -7.701018e+00
    endloop
  endfacet
  facet normal 0.000000e+00 -1.000000e+00 0.000000e+00
    outer loop
      vertex   -1.193765e+01 0.000000e+00 2.411641e+00
      vertex   -9.998520e+00 0.000000e+00 -7.701018e+00
      vertex   -1.185137e+01 0.000000e+00 2.694625e+00
    endloop
  endfacet
  facet normal 0.000000e+00 -1.000000e+00 0.000000e+00
    outer loop
      vertex   -1.185137e+01 0.000000e+00 2.694625e+00
      vertex   -9.998520e+00 0.000000e+00 -7.701018e+00
      vertex   -9.509799e+00 0.000000e+00 -8.235911e+00
    endloop
  endfacet
  facet normal 0.000000e+00 -1.000000e+00 0.000000e+00
    outer loop
      vertex   -1.185137e+01 0.000000e+00 2.694625e+00
      vertex   -9.509799e+00 0.000000e+00 -8.235911e+00
      vertex   -9.040709e+00 0.000000e+00 -8.788101e+00
    endloop
  endfacet
  facet normal 0.000000e+00 -1.000000e+00 0.000000e+00
    outer loop
      vertex   -1.185137e+01 0.000000e+00 2.694625e+00
      vertex   -9.040709e+00 0.000000e+00 -8.788101e+00
      vertex   -1.179118e+01 0.000000e+00 2.984282e+00
    endloop
  endfacet
  facet normal 0.000000e+00 -1.000000e+00 0.000000e+00
    outer loop
      vertex   -1.179118e+01 0.000000e+00 2.984282e+00
      vertex   -9.040709e+00 0.000000e+00 -8.788101e+00
      vertex   -8.591862e+00 0.000000e+00 -9.356867e+00
    endloop
  endfacet
  facet normal 0.000000e+00 -1.000000e+00 0.000000e+00
    outer loop
      vertex   -1.179118e+01 0.000000e+00 2.984282e+00
      vertex   -8.591862e+00 0.000000e+00 -9.356867e+00
      vertex   1.179118e+01 0.000000e+00 2.984282e+00
    endloop
  endfacet
  facet normal 0.000000e+00 -1.000000e+00 0.000000e+00
    outer loop
      vertex   1.179118e+01 0.000000e+00 2.984282e+00
      vertex   -8.591862e+00 0.000000e+00 -9.356867e+00
      vertex   8.591862e+00 0.000000e+00 -9.356867e+00
    endloop
  endfacet
  facet normal 0.000000e+00 -1.000000e+00 0.000000e+00
    outer loop
      vertex   1.179118e+01 0.000000e+00 2.984282e+00
      vertex   8.591862e+00 0.000000e+00 -9.356867e+00
      vertex   9.040709e+00 0.000000e+00 -8.788101e+00
    endloop
  endfacet
  facet normal 0.000000e+00 -1.000000e+00 0.000000e+00
    outer loop
      vertex   -8.591862e+00 0.000000e+00 -9.356867e+00
      vertex   -8.163844e+00 0.000000e+00 -9.941468e+00
      vertex   8.591862e+00 0.000000e+00 -9.356867e+00
    endloop
  endfacet
  facet normal 0.000000e+00 -1.000000e+00 0.000000e+00
    outer loop
      vertex   8.591862e+00 0.000000e+00 -9.356867e+00
      vertex   -8.163844e+00 0.000000e+00 -9.941468e+00
      vertex   8.163844e+00 0.000000e+00 -9.941468e+00
    endloop
  endfacet
  facet normal -0.000000e+00 -1.000000e+00 0.000000e+00
    outer loop
      vertex   8.163844e+00 0.000000e+00 -9.941468e+00
      vertex   -8.163844e+00 0.000000e+00 -9.941468e+00
      vertex   -7.757211e+00 0.000000e+00 -1.054114e+01
    endloop
  endfacet
  facet normal 0.000000e+00 -1.000000e+00 0.000000e+00
    outer loop
      vertex   8.163844e+00 0.000000e+00 -9.941468e+00
      vertex   -7.757211e+00 0.000000e+00 -1.054114e+01
      vertex   7.757211e+00 0.000000e+00 -1.054114e+01
    endloop
  endfacet
  facet normal -0.000000e+00 -1.000000e+00 0.000000e+00
    outer loop
      vertex   7.757211e+00 0.000000e+00 -1.054114e+01
      vertex   -7.757211e+00 0.000000e+00 -1.054114e+01
      vertex   -7.372496e+00 0.000000e+00 -1.115511e+01
    endloop
  endfacet
  facet normal 0.000000e+00 -1.000000e+00 0.000000e+00
    outer loop
      vertex   7.757211e+00 0.000000e+00 -1.054114e+01
      vertex   -7.372496e+00 0.000000e+00 -1.115511e+01
      vertex   7.372496e+00 0.000000e+00 -1.115511e+01
    endloop
  endfacet
  facet normal -0.000000e+00 -1.000000e+00 0.000000e+00
    outer loop
      vertex   7.372496e+00 0.000000e+00 -1.115511e+01
      vertex   -7.372496e+00 0.000000e+00 -1.115511e+01
      vertex   -7.010198e+00 0.000000e+00 -1.178256e+01
    endloop
  endfacet
  facet normal 0.000000e+00 -1.000000e+00 0.000000e+00
    outer loop
      vertex   7.372496e+00 0.000000e+00 -1.115511e+01
      vertex   -7.010198e+00 0.000000e+00 -1.178256e+01
      vertex   7.010198e+00 0.000000e+00 -1.178256e+01
    endloop
  endfacet
  facet normal 0.000000e+00 -1.000000e+00 0.000000e+00
    outer loop
      vertex   7.010198e+00 0.000000e+00 -1.178256e+01
      vertex   -7.010198e+00 0.000000e+00 -1.178256e+01
      vertex   -6.670791e+00 0.000000e+00 -1.242269e+01
    endloop
  endfacet
  facet normal 0.000000e+00 -1.000000e+00 0.000000e+00
    outer loop
      vertex   7.010198e+00 0.000000e+00 -1.178256e+01
      vertex   -6.670791e+00 0.000000e+00 -1.242269e+01
      vertex   6.670791e+00 0.000000e+00 -1.242269e+01
    endloop
  endfacet
  facet normal -0.000000e+00 -1.000000e+00 0.000000e+00
    outer loop
      vertex   6.670791e+00 0.000000e+00 -1.242269e+01
      vertex   -6.670791e+00 0.000000e+00 -1.242269e+01
      vertex   -6.354718e+00 0.000000e+00 -1.307465e+01
    endloop
  endfacet
  facet normal 0.000000e+00 -1.000000e+00 0.000000e+00
    outer loop
      vertex   6.670791e+00 0.000000e+00 -1.242269e+01
      vertex   -6.354718e+00 0.000000e+00 -1.307465e+01
      vertex   6.354718e+00 0.000000e+00 -1.307465e+01
    endloop
  endfacet
  facet normal -0.000000e+00 -1.000000e+00 0.000000e+00
    outer loop
      vertex   6.354718e+00 0.000000e+00 -1.307465e+01
      vertex   -6.354718e+00 0.000000e+00 -1.307465e+01
      vertex   -6.062390e+00 0.000000e+00 -1.373760e+01
    endloop
  endfacet
  facet normal 0.000000e+00 -1.000000e+00 0.000000e+00
    outer loop
      vertex   6.354718e+00 0.000000e+00 -1.307465e+01
      vertex   -6.062390e+00 0.000000e+00 -1.373760e+01
      vertex   6.062390e+00 0.000000e+00 -1.373760e+01
    endloop
  endfacet
  facet normal -0.000000e+00 -1.000000e+00 0.000000e+00
    outer loop
      vertex   6.062390e+00 0.000000e+00 -1.373760e+01
      vertex   -6.062390e+00 0.000000e+00 -1.373760e+01
      vertex   -5.794189e+00 0.000000e+00 -1.441067e+01
    endloop
  endfacet
  facet normal 0.000000e+00 -1.000000e+00 0.000000e+00
    outer loop
      vertex   6.062390e+00 0.000000e+00 -1.373760e+01
      vertex   -5.794189e+00 0.000000e+00 -1.441067e+01
      vertex   5.794189e+00 0.000000e+00 -1.441067e+01
    endloop
  endfacet
  facet normal -0.000000e+00 -1.000000e+00 0.000000e+00
    outer loop
      vertex   5.794189e+00 0.000000e+00 -1.441067e+01
      vertex   -5.794189e+00 0.000000e+00 -1.441067e+01
      vertex   0.000000e+00 0.000000e+00 -1.922500e+01
    endloop
  endfacet
  facet normal 0.000000e+00 -1.000000e+00 0.000000e+00
    outer loop
      vertex   5.794189e+00 0.000000e+00 -1.441067e+01
      vertex   0.000000e+00 0.000000e+00 -1.922500e+01
      vertex   5.550464e+00 0.000000e+00 -1.509299e+01
    endloop
  endfacet
  facet normal 0.000000e+00 -1.000000e+00 0.000000e+00
    outer loop
      vertex   5.550464e+00 0.000000e+00 -1.509299e+01
      vertex   0.000000e+00 0.000000e+00 -1.922500e+01
      vertex   2.459708e-01 0.000000e+00 -1.923834e+01
    endloop
  endfacet
  facet normal 0.000000e+00 -1.000000e+00 0.000000e+00
    outer loop
      vertex   5.550464e+00 0.000000e+00 -1.509299e+01
      vertex   2.459708e-01 0.000000e+00 -1.923834e+01
      vertex   5.331534e+00 0.000000e+00 -1.578366e+01
    endloop
  endfacet
  facet normal 0.000000e+00 -1.000000e+00 0.000000e+00
    outer loop
      vertex   5.331534e+00 0.000000e+00 -1.578366e+01
      vertex   2.459708e-01 0.000000e+00 -1.923834e+01
      vertex   4.890578e-01 0.000000e+00 -1.927819e+01
    endloop
  endfacet
  facet normal 0.000000e+00 -1.000000e+00 0.000000e+00
    outer loop
      vertex   5.331534e+00 0.000000e+00 -1.578366e+01
      vertex   4.890578e-01 0.000000e+00 -1.927819e+01
      vertex   7.264110e-01 0.000000e+00 -1.934409e+01
    endloop
  endfacet
  facet normal 0.000000e+00 -1.000000e+00 0.000000e+00
    outer loop
      vertex   -5.794189e+00 0.000000e+00 -1.441067e+01
      vertex   -5.550464e+00 0.000000e+00 -1.509299e+01
      vertex   0.000000e+00 0.000000e+00 -1.922500e+01
    endloop
  endfacet
  facet normal -0.000000e+00 -1.000000e+00 0.000000e+00
    outer loop
      vertex   0.000000e+00 0.000000e+00 -1.922500e+01
      vertex   -5.550464e+00 0.000000e+00 -1.509299e+01
      vertex   -2.459708e-01 0.000000e+00 -1.923834e+01
    endloop
  endfacet
  facet normal 0.000000e+00 -1.000000e+00 0.000000e+00
    outer loop
      vertex   -2.459708e-01 0.000000e+00 -1.923834e+01
      vertex   -5.550464e+00 0.000000e+00 -1.509299e+01
      vertex   -5.331534e+00 0.000000e+00 -1.578366e+01
    endloop
  endfacet
  facet normal -0.000000e+00 -1.000000e+00 0.000000e+00
    outer loop
      vertex   -2.459708e-01 0.000000e+00 -1.923834e+01
      vertex   -5.331534e+00 0.000000e+00 -1.578366e+01
      vertex   -4.890578e-01 0.000000e+00 -1.927819e+01
    endloop
  endfacet
  facet normal -0.000000e+00 -1.000000e+00 0.000000e+00
    outer loop
      vertex   -4.890578e-01 0.000000e+00 -1.927819e+01
      vertex   -5.331534e+00 0.000000e+00 -1.578366e+01
      vertex   -7.264110e-01 0.000000e+00 -1.934409e+01
    endloop
  endfacet
  facet normal 0.000000e+00 -1.000000e+00 0.000000e+00
    outer loop
      vertex   -7.264110e-01 0.000000e+00 -1.934409e+01
      vertex   -5.331534e+00 0.000000e+00 -1.578366e+01
      vertex   -5.137683e+00 0.000000e+00 -1.648179e+01
    endloop
  endfacet
  facet normal -0.000000e+00 -1.000000e+00 0.000000e+00
    outer loop
      vertex   -7.264110e-01 0.000000e+00 -1.934409e+01
      vertex   -5.137683e+00 0.000000e+00 -1.648179e+01
      vertex   -9.552477e-01 0.000000e+00 -1.943527e+01
    endloop
  endfacet
  facet normal 0.000000e+00 -1.000000e+00 0.000000e+00
    outer loop
      vertex   -9.552477e-01 0.000000e+00 -1.943527e+01
      vertex   -5.137683e+00 0.000000e+00 -1.648179e+01
      vertex   -4.969165e+00 0.000000e+00 -1.718646e+01
    endloop
  endfacet
  facet normal -0.000000e+00 -1.000000e+00 0.000000e+00
    outer loop
      vertex   -9.552477e-01 0.000000e+00 -1.943527e+01
      vertex   -4.969165e+00 0.000000e+00 -1.718646e+01
      vertex   -1.172885e+00 0.000000e+00 -1.955065e+01
    endloop
  endfacet
  facet normal 0.000000e+00 -1.000000e+00 0.000000e+00
    outer loop
      vertex   -1.172885e+00 0.000000e+00 -1.955065e+01
      vertex   -4.969165e+00 0.000000e+00 -1.718646e+01
      vertex   -4.826199e+00 0.000000e+00 -1.789676e+01
    endloop
  endfacet
  facet normal -0.000000e+00 -1.000000e+00 0.000000e+00
    outer loop
      vertex   -1.172885e+00 0.000000e+00 -1.955065e+01
      vertex   -4.826199e+00 0.000000e+00 -1.789676e+01
      vertex   -1.376771e+00 0.000000e+00 -1.968889e+01
    endloop
  endfacet
  facet normal -0.000000e+00 -1.000000e+00 0.000000e+00
    outer loop
      vertex   -1.376771e+00 0.000000e+00 -1.968889e+01
      vertex   -4.826199e+00 0.000000e+00 -1.789676e+01
      vertex   -1.564516e+00 0.000000e+00 -1.984836e+01
    endloop
  endfacet
  facet normal 0.000000e+00 -1.000000e+00 0.000000e+00
    outer loop
      vertex   -1.564516e+00 0.000000e+00 -1.984836e+01
      vertex   -4.826199e+00 0.000000e+00 -1.789676e+01
      vertex   -4.708972e+00 0.000000e+00 -1.861175e+01
    endloop
  endfacet
  facet normal -0.000000e+00 -1.000000e+00 0.000000e+00
    outer loop
      vertex   -1.564516e+00 0.000000e+00 -1.984836e+01
      vertex   -4.708972e+00 0.000000e+00 -1.861175e+01
      vertex   -1.733919e+00 0.000000e+00 -2.002720e+01
    endloop
  endfacet
  facet normal 0.000000e+00 -1.000000e+00 0.000000e+00
    outer loop
      vertex   -1.733919e+00 0.000000e+00 -2.002720e+01
      vertex   -4.708972e+00 0.000000e+00 -1.861175e+01
      vertex   -4.617636e+00 0.000000e+00 -1.933051e+01
    endloop
  endfacet
  facet normal -0.000000e+00 -1.000000e+00 0.000000e+00
    outer loop
      vertex   -1.733919e+00 0.000000e+00 -2.002720e+01
      vertex   -4.617636e+00 0.000000e+00 -1.933051e+01
      vertex   -1.882992e+00 0.000000e+00 -2.022330e+01
    endloop
  endfacet
  facet normal -0.000000e+00 -1.000000e+00 0.000000e+00
    outer loop
      vertex   -1.882992e+00 0.000000e+00 -2.022330e+01
      vertex   -4.617636e+00 0.000000e+00 -1.933051e+01
      vertex   -2.009990e+00 0.000000e+00 -2.043437e+01
    endloop
  endfacet
  facet normal 0.000000e+00 -1.000000e+00 0.000000e+00
    outer loop
      vertex   -2.009990e+00 0.000000e+00 -2.043437e+01
      vertex   -4.617636e+00 0.000000e+00 -1.933051e+01
      vertex   -4.552311e+00 0.000000e+00 -2.005210e+01
    endloop
  endfacet
  facet normal -0.000000e+00 -1.000000e+00 0.000000e+00
    outer loop
      vertex   -2.009990e+00 0.000000e+00 -2.043437e+01
      vertex   -4.552311e+00 0.000000e+00 -2.005210e+01
      vertex   -2.113422e+00 0.000000e+00 -2.065794e+01
    endloop
  endfacet
  facet normal -0.000000e+00 -1.000000e+00 0.000000e+00
    outer loop
      vertex   -2.113422e+00 0.000000e+00 -2.065794e+01
      vertex   -4.552311e+00 0.000000e+00 -2.005210e+01
      vertex   -2.192076e+00 0.000000e+00 -2.089137e+01
    endloop
  endfacet
  facet normal 0.000000e+00 -1.000000e+00 0.000000e+00
    outer loop
      vertex   -2.192076e+00 0.000000e+00 -2.089137e+01
      vertex   -4.552311e+00 0.000000e+00 -2.005210e+01
      vertex   -4.513082e+00 0.000000e+00 -2.077558e+01
    endloop
  endfacet
  facet normal -0.000000e+00 -1.000000e+00 0.000000e+00
    outer loop
      vertex   -2.192076e+00 0.000000e+00 -2.089137e+01
      vertex   -4.513082e+00 0.000000e+00 -2.077558e+01
      vertex   -2.245030e+00 0.000000e+00 -2.113195e+01
    endloop
  endfacet
  facet normal -0.000000e+00 -1.000000e+00 0.000000e+00
    outer loop
      vertex   -2.245030e+00 0.000000e+00 -2.113195e+01
      vertex   -4.513082e+00 0.000000e+00 -2.077558e+01
      vertex   -2.271664e+00 0.000000e+00 -2.137683e+01
    endloop
  endfacet
  facet normal -0.000000e+00 -1.000000e+00 0.000000e+00
    outer loop
      vertex   -2.271664e+00 0.000000e+00 -2.137683e+01
      vertex   -4.513082e+00 0.000000e+00 -2.077558e+01
      vertex   -4.500000e+00 0.000000e+00 -2.150000e+01
    endloop
  endfacet
  facet normal 0.000000e+00 -1.000000e+00 -0.000000e+00
    outer loop
      vertex   -2.271664e+00 0.000000e+00 -2.137683e+01
      vertex   -4.500000e+00 0.000000e+00 -2.150000e+01
      vertex   -2.271664e+00 0.000000e+00 -2.162317e+01
    endloop
  endfacet
  facet normal -0.000000e+00 -1.000000e+00 0.000000e+00
    outer loop
      vertex   -2.271664e+00 0.000000e+00 -2.162317e+01
      vertex   -4.500000e+00 0.000000e+00 -2.150000e+01
      vertex   -4.486796e+00 0.000000e+00 -2.184447e+01
    endloop
  endfacet
  facet normal 0.000000e+00 -1.000000e+00 0.000000e+00
    outer loop
      vertex   -2.271664e+00 0.000000e+00 -2.162317e+01
      vertex   -4.486796e+00 0.000000e+00 -2.184447e+01
      vertex   -4.447262e+00 0.000000e+00 -2.218692e+01
    endloop
  endfacet
  facet normal 0.000000e+00 -1.000000e+00 -0.000000e+00
    outer loop
      vertex   -2.271664e+00 0.000000e+00 -2.162317e+01
      vertex   -4.447262e+00 0.000000e+00 -2.218692e+01
      vertex   -2.245030e+00 0.000000e+00 -2.186805e+01
    endloop
  endfacet
  facet normal 0.000000e+00 -1.000000e+00 0.000000e+00
    outer loop
      vertex   -2.245030e+00 0.000000e+00 -2.186805e+01
      vertex   -4.447262e+00 0.000000e+00 -2.218692e+01
      vertex   -4.381629e+00 0.000000e+00 -2.252534e+01
    endloop
  endfacet
  facet normal 0.000000e+00 -1.000000e+00 0.000000e+00
    outer loop
      vertex   -2.245030e+00 0.000000e+00 -2.186805e+01
      vertex   -4.381629e+00 0.000000e+00 -2.252534e+01
      vertex   -4.290284e+00 0.000000e+00 -2.285774e+01
    endloop
  endfacet
  facet normal 0.000000e+00 -1.000000e+00 -0.000000e+00
    outer loop
      vertex   -2.245030e+00 0.000000e+00 -2.186805e+01
      vertex   -4.290284e+00 0.000000e+00 -2.285774e+01
      vertex   -2.192076e+00 0.000000e+00 -2.210863e+01
    endloop
  endfacet
  facet normal 0.000000e+00 -1.000000e+00 0.000000e+00
    outer loop
      vertex   -2.192076e+00 0.000000e+00 -2.210863e+01
      vertex   -4.290284e+00 0.000000e+00 -2.285774e+01
      vertex   -4.173761e+00 0.000000e+00 -2.318218e+01
    endloop
  endfacet
  facet normal 0.000000e+00 -1.000000e+00 0.000000e+00
    outer loop
      vertex   -2.192076e+00 0.000000e+00 -2.210863e+01
      vertex   -4.173761e+00 0.000000e+00 -2.318218e+01
      vertex   -4.032745e+00 0.000000e+00 -2.349674e+01
    endloop
  endfacet
  facet normal 0.000000e+00 -1.000000e+00 -0.000000e+00
    outer loop
      vertex   -2.192076e+00 0.000000e+00 -2.210863e+01
      vertex   -4.032745e+00 0.000000e+00 -2.349674e+01
      vertex   -2.113422e+00 0.000000e+00 -2.234206e+01
    endloop
  endfacet
  facet normal 0.000000e+00 -1.000000e+00 0.000000e+00
    outer loop
      vertex   -2.113422e+00 0.000000e+00 -2.234206e+01
      vertex   -4.032745e+00 0.000000e+00 -2.349674e+01
      vertex   -3.868063e+00 0.000000e+00 -2.379958e+01
    endloop
  endfacet
  facet normal 0.000000e+00 -1.000000e+00 -0.000000e+00
    outer loop
      vertex   -2.113422e+00 0.000000e+00 -2.234206e+01
      vertex   -3.868063e+00 0.000000e+00 -2.379958e+01
      vertex   -2.009990e+00 0.000000e+00 -2.256563e+01
    endloop
  endfacet
  facet normal 0.000000e+00 -1.000000e+00 0.000000e+00
    outer loop
      vertex   -2.009990e+00 0.000000e+00 -2.256563e+01
      vertex   -3.868063e+00 0.000000e+00 -2.379958e+01
      vertex   -3.680682e+00 0.000000e+00 -2.408893e+01
    endloop
  endfacet
  facet normal 0.000000e+00 -1.000000e+00 0.000000e+00
    outer loop
      vertex   -2.009990e+00 0.000000e+00 -2.256563e+01
      vertex   -3.680682e+00 0.000000e+00 -2.408893e+01
      vertex   -3.471701e+00 0.000000e+00 -2.436309e+01
    endloop
  endfacet
  facet normal 0.000000e+00 -1.000000e+00 -0.000000e+00
    outer loop
      vertex   -2.009990e+00 0.000000e+00 -2.256563e+01
      vertex   -3.471701e+00 0.000000e+00 -2.436309e+01
      vertex   -1.882992e+00 0.000000e+00 -2.277670e+01
    endloop
  endfacet
  facet normal 0.000000e+00 -1.000000e+00 0.000000e+00
    outer loop
      vertex   -1.882992e+00 0.000000e+00 -2.277670e+01
      vertex   -3.471701e+00 0.000000e+00 -2.436309e+01
      vertex   -3.242347e+00 0.000000e+00 -2.462045e+01
    endloop
  endfacet
  facet normal 0.000000e+00 -1.000000e+00 -0.000000e+00
    outer loop
      vertex   -1.882992e+00 0.000000e+00 -2.277670e+01
      vertex   -3.242347e+00 0.000000e+00 -2.462045e+01
      vertex   -1.733919e+00 0.000000e+00 -2.297280e+01
    endloop
  endfacet
  facet normal 0.000000e+00 -1.000000e+00 0.000000e+00
    outer loop
      vertex   -1.733919e+00 0.000000e+00 -2.297280e+01
      vertex   -3.242347e+00 0.000000e+00 -2.462045e+01
      vertex   -2.993966e+00 0.000000e+00 -2.485949e+01
    endloop
  endfacet
  facet normal 0.000000e+00 -1.000000e+00 0.000000e+00
    outer loop
      vertex   -1.733919e+00 0.000000e+00 -2.297280e+01
      vertex   -2.993966e+00 0.000000e+00 -2.485949e+01
      vertex   -2.728014e+00 0.000000e+00 -2.507882e+01
    endloop
  endfacet
  facet normal 0.000000e+00 -1.000000e+00 -0.000000e+00
    outer loop
      vertex   -1.733919e+00 0.000000e+00 -2.297280e+01
      vertex   -2.728014e+00 0.000000e+00 -2.507882e+01
      vertex   -1.564516e+00 0.000000e+00 -2.315164e+01
    endloop
  endfacet
  facet normal 0.000000e+00 -1.000000e+00 0.000000e+00
    outer loop
      vertex   -1.564516e+00 0.000000e+00 -2.315164e+01
      vertex   -2.728014e+00 0.000000e+00 -2.507882e+01
      vertex   -2.446054e+00 0.000000e+00 -2.527714e+01
    endloop
  endfacet
  facet normal 0.000000e+00 -1.000000e+00 -0.000000e+00
    outer loop
      vertex   -1.564516e+00 0.000000e+00 -2.315164e+01
      vertex   -2.446054e+00 0.000000e+00 -2.527714e+01
      vertex   -1.376771e+00 0.000000e+00 -2.331111e+01
    endloop
  endfacet
  facet normal 0.000000e+00 -1.000000e+00 0.000000e+00
    outer loop
      vertex   -1.376771e+00 0.000000e+00 -2.331111e+01
      vertex   -2.446054e+00 0.000000e+00 -2.527714e+01
      vertex   -2.149739e+00 0.000000e+00 -2.545331e+01
    endloop
  endfacet
  facet normal 0.000000e+00 -1.000000e+00 -0.000000e+00
    outer loop
      vertex   -1.376771e+00 0.000000e+00 -2.331111e+01
      vertex   -2.149739e+00 0.000000e+00 -2.545331e+01
      vertex   -1.172885e+00 0.000000e+00 -2.344935e+01
    endloop
  endfacet
  facet normal 0.000000e+00 -1.000000e+00 0.000000e+00
    outer loop
      vertex   -1.172885e+00 0.000000e+00 -2.344935e+01
      vertex   -2.149739e+00 0.000000e+00 -2.545331e+01
      vertex   -1.840809e+00 0.000000e+00 -2.560627e+01
    endloop
  endfacet
  facet normal 0.000000e+00 -1.000000e+00 -0.000000e+00
    outer loop
      vertex   -1.172885e+00 0.000000e+00 -2.344935e+01
      vertex   -1.840809e+00 0.000000e+00 -2.560627e+01
      vertex   -9.552477e-01 0.000000e+00 -2.356473e+01
    endloop
  endfacet
  facet normal 0.000000e+00 -1.000000e+00 0.000000e+00
    outer loop
      vertex   -9.552477e-01 0.000000e+00 -2.356473e+01
      vertex   -1.840809e+00 0.000000e+00 -2.560627e+01
      vertex   -1.521076e+00 0.000000e+00 -2.573513e+01
    endloop
  endfacet
  facet normal 0.000000e+00 -1.000000e+00 0.000000e+00
    outer loop
      vertex   -9.552477e-01 0.000000e+00 -2.356473e+01
      vertex   -1.521076e+00 0.000000e+00 -2.573513e+01
      vertex   -1.192417e+00 0.000000e+00 -2.583914e+01
    endloop
  endfacet
  facet normal 0.000000e+00 -1.000000e+00 -0.000000e+00
    outer loop
      vertex   -9.552477e-01 0.000000e+00 -2.356473e+01
      vertex   -1.192417e+00 0.000000e+00 -2.583914e+01
      vertex   -7.264110e-01 0.000000e+00 -2.365591e+01
    endloop
  endfacet
  facet normal 0.000000e+00 -1.000000e+00 0.000000e+00
    outer loop
      vertex   -7.264110e-01 0.000000e+00 -2.365591e+01
      vertex   -1.192417e+00 0.000000e+00 -2.583914e+01
      vertex   -8.567600e-01 0.000000e+00 -2.591769e+01
    endloop
  endfacet
  facet normal 0.000000e+00 -1.000000e+00 -0.000000e+00
    outer loop
      vertex   -7.264110e-01 0.000000e+00 -2.365591e+01
      vertex   -8.567600e-01 0.000000e+00 -2.591769e+01
      vertex   -4.890578e-01 0.000000e+00 -2.372181e+01
    endloop
  endfacet
  facet normal 0.000000e+00 -1.000000e+00 0.000000e+00
    outer loop
      vertex   -4.890578e-01 0.000000e+00 -2.372181e+01
      vertex   -8.567600e-01 0.000000e+00 -2.591769e+01
      vertex   -5.160754e-01 0.000000e+00 -2.597031e+01
    endloop
  endfacet
  facet normal 0.000000e+00 -1.000000e+00 -0.000000e+00
    outer loop
      vertex   -4.890578e-01 0.000000e+00 -2.372181e+01
      vertex   -5.160754e-01 0.000000e+00 -2.597031e+01
      vertex   -2.459708e-01 0.000000e+00 -2.376166e+01
    endloop
  endfacet
  facet normal 0.000000e+00 -1.000000e+00 -0.000000e+00
    outer loop
      vertex   -2.459708e-01 0.000000e+00 -2.376166e+01
      vertex   -5.160754e-01 0.000000e+00 -2.597031e+01
      vertex   -1.723623e-01 0.000000e+00 -2.599670e+01
    endloop
  endfacet
  facet normal 0.000000e+00 -1.000000e+00 0.000000e+00
    outer loop
      vertex   -2.459708e-01 0.000000e+00 -2.376166e+01
      vertex   -1.723623e-01 0.000000e+00 -2.599670e+01
      vertex   -2.786071e-16 0.000000e+00 -2.377500e+01
    endloop
  endfacet
  facet normal 0.000000e+00 -1.000000e+00 -0.000000e+00
    outer loop
      vertex   -2.786071e-16 0.000000e+00 -2.377500e+01
      vertex   -1.723623e-01 0.000000e+00 -2.599670e+01
      vertex   1.723623e-01 0.000000e+00 -2.599670e+01
    endloop
  endfacet
  facet normal 0.000000e+00 -1.000000e+00 0.000000e+00
    outer loop
      vertex   -2.786071e-16 0.000000e+00 -2.377500e+01
      vertex   1.723623e-01 0.000000e+00 -2.599670e+01
      vertex   2.459708e-01 0.000000e+00 -2.376166e+01
    endloop
  endfacet
  facet normal 0.000000e+00 -1.000000e+00 -0.000000e+00
    outer loop
      vertex   2.459708e-01 0.000000e+00 -2.376166e+01
      vertex   1.723623e-01 0.000000e+00 -2.599670e+01
      vertex   5.160754e-01 0.000000e+00 -2.597031e+01
    endloop
  endfacet
  facet normal 0.000000e+00 -1.000000e+00 0.000000e+00
    outer loop
      vertex   2.459708e-01 0.000000e+00 -2.376166e+01
      vertex   5.160754e-01 0.000000e+00 -2.597031e+01
      vertex   4.890578e-01 0.000000e+00 -2.372181e+01
    endloop
  endfacet
  facet normal 0.000000e+00 -1.000000e+00 0.000000e+00
    outer loop
      vertex   4.890578e-01 0.000000e+00 -2.372181e+01
      vertex   5.160754e-01 0.000000e+00 -2.597031e+01
      vertex   8.567600e-01 0.000000e+00 -2.591769e+01
    endloop
  endfacet
  facet normal 0.000000e+00 -1.000000e+00 0.000000e+00
    outer loop
      vertex   4.890578e-01 0.000000e+00 -2.372181e+01
      vertex   8.567600e-01 0.000000e+00 -2.591769e+01
      vertex   7.264110e-01 0.000000e+00 -2.365591e+01
    endloop
  endfacet
  facet normal 0.000000e+00 -1.000000e+00 0.000000e+00
    outer loop
      vertex   7.264110e-01 0.000000e+00 -2.365591e+01
      vertex   8.567600e-01 0.000000e+00 -2.591769e+01
      vertex   1.192417e+00 0.000000e+00 -2.583914e+01
    endloop
  endfacet
  facet normal 0.000000e+00 -1.000000e+00 0.000000e+00
    outer loop
      vertex   7.264110e-01 0.000000e+00 -2.365591e+01
      vertex   1.192417e+00 0.000000e+00 -2.583914e+01
      vertex   9.552477e-01 0.000000e+00 -2.356473e+01
    endloop
  endfacet
  facet normal 0.000000e+00 -1.000000e+00 0.000000e+00
    outer loop
      vertex   9.552477e-01 0.000000e+00 -2.356473e+01
      vertex   1.192417e+00 0.000000e+00 -2.583914e+01
      vertex   1.521076e+00 0.000000e+00 -2.573513e+01
    endloop
  endfacet
  facet normal 0.000000e+00 -1.000000e+00 0.000000e+00
    outer loop
      vertex   9.552477e-01 0.000000e+00 -2.356473e+01
      vertex   1.521076e+00 0.000000e+00 -2.573513e+01
      vertex   1.840809e+00 0.000000e+00 -2.560627e+01
    endloop
  endfacet
  facet normal 0.000000e+00 -1.000000e+00 0.000000e+00
    outer loop
      vertex   9.552477e-01 0.000000e+00 -2.356473e+01
      vertex   1.840809e+00 0.000000e+00 -2.560627e+01
      vertex   1.172885e+00 0.000000e+00 -2.344935e+01
    endloop
  endfacet
  facet normal 0.000000e+00 -1.000000e+00 0.000000e+00
    outer loop
      vertex   1.172885e+00 0.000000e+00 -2.344935e+01
      vertex   1.840809e+00 0.000000e+00 -2.560627e+01
      vertex   2.149739e+00 0.000000e+00 -2.545331e+01
    endloop
  endfacet
  facet normal 0.000000e+00 -1.000000e+00 0.000000e+00
    outer loop
      vertex   1.172885e+00 0.000000e+00 -2.344935e+01
      vertex   2.149739e+00 0.000000e+00 -2.545331e+01
      vertex   1.376771e+00 0.000000e+00 -2.331111e+01
    endloop
  endfacet
  facet normal 0.000000e+00 -1.000000e+00 0.000000e+00
    outer loop
      vertex   1.376771e+00 0.000000e+00 -2.331111e+01
      vertex   2.149739e+00 0.000000e+00 -2.545331e+01
      vertex   2.446054e+00 0.000000e+00 -2.527714e+01
    endloop
  endfacet
  facet normal 0.000000e+00 -1.000000e+00 0.000000e+00
    outer loop
      vertex   1.376771e+00 0.000000e+00 -2.331111e+01
      vertex   2.446054e+00 0.000000e+00 -2.527714e+01
      vertex   1.564516e+00 0.000000e+00 -2.315164e+01
    endloop
  endfacet
  facet normal 0.000000e+00 -1.000000e+00 0.000000e+00
    outer loop
      vertex   1.564516e+00 0.000000e+00 -2.315164e+01
      vertex   2.446054e+00 0.000000e+00 -2.527714e+01
      vertex   2.728014e+00 0.000000e+00 -2.507882e+01
    endloop
  endfacet
  facet normal 0.000000e+00 -1.000000e+00 0.000000e+00
    outer loop
      vertex   1.564516e+00 0.000000e+00 -2.315164e+01
      vertex   2.728014e+00 0.000000e+00 -2.507882e+01
      vertex   1.733919e+00 0.000000e+00 -2.297280e+01
    endloop
  endfacet
  facet normal 0.000000e+00 -1.000000e+00 0.000000e+00
    outer loop
      vertex   1.733919e+00 0.000000e+00 -2.297280e+01
      vertex   2.728014e+00 0.000000e+00 -2.507882e+01
      vertex   2.993966e+00 0.000000e+00 -2.485949e+01
    endloop
  endfacet
  facet normal 0.000000e+00 -1.000000e+00 0.000000e+00
    outer loop
      vertex   1.733919e+00 0.000000e+00 -2.297280e+01
      vertex   2.993966e+00 0.000000e+00 -2.485949e+01
      vertex   3.242347e+00 0.000000e+00 -2.462045e+01
    endloop
  endfacet
  facet normal 0.000000e+00 -1.000000e+00 0.000000e+00
    outer loop
      vertex   1.733919e+00 0.000000e+00 -2.297280e+01
      vertex   3.242347e+00 0.000000e+00 -2.462045e+01
      vertex   1.882992e+00 0.000000e+00 -2.277670e+01
    endloop
  endfacet
  facet normal 0.000000e+00 -1.000000e+00 0.000000e+00
    outer loop
      vertex   1.882992e+00 0.000000e+00 -2.277670e+01
      vertex   3.242347e+00 0.000000e+00 -2.462045e+01
      vertex   3.471701e+00 0.000000e+00 -2.436309e+01
    endloop
  endfacet
  facet normal 0.000000e+00 -1.000000e+00 0.000000e+00
    outer loop
      vertex   1.882992e+00 0.000000e+00 -2.277670e+01
      vertex   3.471701e+00 0.000000e+00 -2.436309e+01
      vertex   2.009990e+00 0.000000e+00 -2.256563e+01
    endloop
  endfacet
  facet normal 0.000000e+00 -1.000000e+00 0.000000e+00
    outer loop
      vertex   2.009990e+00 0.000000e+00 -2.256563e+01
      vertex   3.471701e+00 0.000000e+00 -2.436309e+01
      vertex   3.680682e+00 0.000000e+00 -2.408893e+01
    endloop
  endfacet
  facet normal 0.000000e+00 -1.000000e+00 0.000000e+00
    outer loop
      vertex   2.009990e+00 0.000000e+00 -2.256563e+01
      vertex   3.680682e+00 0.000000e+00 -2.408893e+01
      vertex   3.868063e+00 0.000000e+00 -2.379958e+01
    endloop
  endfacet
  facet normal 0.000000e+00 -1.000000e+00 0.000000e+00
    outer loop
      vertex   2.009990e+00 0.000000e+00 -2.256563e+01
      vertex   3.868063e+00 0.000000e+00 -2.379958e+01
      vertex   2.113422e+00 0.000000e+00 -2.234206e+01
    endloop
  endfacet
  facet normal 0.000000e+00 -1.000000e+00 0.000000e+00
    outer loop
      vertex   2.113422e+00 0.000000e+00 -2.234206e+01
      vertex   3.868063e+00 0.000000e+00 -2.379958e+01
      vertex   4.032745e+00 0.000000e+00 -2.349674e+01
    endloop
  endfacet
  facet normal 0.000000e+00 -1.000000e+00 0.000000e+00
    outer loop
      vertex   2.113422e+00 0.000000e+00 -2.234206e+01
      vertex   4.032745e+00 0.000000e+00 -2.349674e+01
      vertex   2.192076e+00 0.000000e+00 -2.210863e+01
    endloop
  endfacet
  facet normal 0.000000e+00 -1.000000e+00 0.000000e+00
    outer loop
      vertex   2.192076e+00 0.000000e+00 -2.210863e+01
      vertex   4.032745e+00 0.000000e+00 -2.349674e+01
      vertex   4.173761e+00 0.000000e+00 -2.318218e+01
    endloop
  endfacet
  facet normal 0.000000e+00 -1.000000e+00 0.000000e+00
    outer loop
      vertex   2.192076e+00 0.000000e+00 -2.210863e+01
      vertex   4.173761e+00 0.000000e+00 -2.318218e+01
      vertex   4.290284e+00 0.000000e+00 -2.285774e+01
    endloop
  endfacet
  facet normal 0.000000e+00 -1.000000e+00 0.000000e+00
    outer loop
      vertex   2.192076e+00 0.000000e+00 -2.210863e+01
      vertex   4.290284e+00 0.000000e+00 -2.285774e+01
      vertex   2.245030e+00 0.000000e+00 -2.186805e+01
    endloop
  endfacet
  facet normal 0.000000e+00 -1.000000e+00 0.000000e+00
    outer loop
      vertex   2.245030e+00 0.000000e+00 -2.186805e+01
      vertex   4.290284e+00 0.000000e+00 -2.285774e+01
      vertex   4.381629e+00 0.000000e+00 -2.252534e+01
    endloop
  endfacet
  facet normal 0.000000e+00 -1.000000e+00 0.000000e+00
    outer loop
      vertex   2.245030e+00 0.000000e+00 -2.186805e+01
      vertex   4.381629e+00 0.000000e+00 -2.252534e+01
      vertex   4.447262e+00 0.000000e+00 -2.218692e+01
    endloop
  endfacet
  facet normal 0.000000e+00 -1.000000e+00 0.000000e+00
    outer loop
      vertex   2.245030e+00 0.000000e+00 -2.186805e+01
      vertex   4.447262e+00 0.000000e+00 -2.218692e+01
      vertex   2.271664e+00 0.000000e+00 -2.162317e+01
    endloop
  endfacet
  facet normal 0.000000e+00 -1.000000e+00 0.000000e+00
    outer loop
      vertex   2.271664e+00 0.000000e+00 -2.162317e+01
      vertex   4.447262e+00 0.000000e+00 -2.218692e+01
      vertex   4.486796e+00 0.000000e+00 -2.184447e+01
    endloop
  endfacet
  facet normal 0.000000e+00 -1.000000e+00 0.000000e+00
    outer loop
      vertex   2.271664e+00 0.000000e+00 -2.162317e+01
      vertex   4.486796e+00 0.000000e+00 -2.184447e+01
      vertex   4.500000e+00 0.000000e+00 -2.150000e+01
    endloop
  endfacet
  facet normal 0.000000e+00 -1.000000e+00 0.000000e+00
    outer loop
      vertex   2.271664e+00 0.000000e+00 -2.162317e+01
      vertex   4.500000e+00 0.000000e+00 -2.150000e+01
      vertex   2.271664e+00 0.000000e+00 -2.137683e+01
    endloop
  endfacet
  facet normal 0.000000e+00 -1.000000e+00 0.000000e+00
    outer loop
      vertex   2.271664e+00 0.000000e+00 -2.137683e+01
      vertex   4.500000e+00 0.000000e+00 -2.150000e+01
      vertex   4.513082e+00 0.000000e+00 -2.077558e+01
    endloop
  endfacet
  facet normal 0.000000e+00 -1.000000e+00 0.000000e+00
    outer loop
      vertex   2.271664e+00 0.000000e+00 -2.137683e+01
      vertex   4.513082e+00 0.000000e+00 -2.077558e+01
      vertex   2.245030e+00 0.000000e+00 -2.113195e+01
    endloop
  endfacet
  facet normal 0.000000e+00 -1.000000e+00 0.000000e+00
    outer loop
      vertex   2.245030e+00 0.000000e+00 -2.113195e+01
      vertex   4.513082e+00 0.000000e+00 -2.077558e+01
      vertex   2.192076e+00 0.000000e+00 -2.089137e+01
    endloop
  endfacet
  facet normal 0.000000e+00 -1.000000e+00 0.000000e+00
    outer loop
      vertex   2.192076e+00 0.000000e+00 -2.089137e+01
      vertex   4.513082e+00 0.000000e+00 -2.077558e+01
      vertex   4.552311e+00 0.000000e+00 -2.005210e+01
    endloop
  endfacet
  facet normal 0.000000e+00 -1.000000e+00 0.000000e+00
    outer loop
      vertex   2.192076e+00 0.000000e+00 -2.089137e+01
      vertex   4.552311e+00 0.000000e+00 -2.005210e+01
      vertex   2.113422e+00 0.000000e+00 -2.065794e+01
    endloop
  endfacet
  facet normal 0.000000e+00 -1.000000e+00 0.000000e+00
    outer loop
      vertex   2.113422e+00 0.000000e+00 -2.065794e+01
      vertex   4.552311e+00 0.000000e+00 -2.005210e+01
      vertex   2.009990e+00 0.000000e+00 -2.043437e+01
    endloop
  endfacet
  facet normal 0.000000e+00 -1.000000e+00 0.000000e+00
    outer loop
      vertex   2.009990e+00 0.000000e+00 -2.043437e+01
      vertex   4.552311e+00 0.000000e+00 -2.005210e+01
      vertex   4.617636e+00 0.000000e+00 -1.933051e+01
    endloop
  endfacet
  facet normal 0.000000e+00 -1.000000e+00 0.000000e+00
    outer loop
      vertex   2.009990e+00 0.000000e+00 -2.043437e+01
      vertex   4.617636e+00 0.000000e+00 -1.933051e+01
      vertex   1.882992e+00 0.000000e+00 -2.022330e+01
    endloop
  endfacet
  facet normal 0.000000e+00 -1.000000e+00 0.000000e+00
    outer loop
      vertex   1.882992e+00 0.000000e+00 -2.022330e+01
      vertex   4.617636e+00 0.000000e+00 -1.933051e+01
      vertex   1.733919e+00 0.000000e+00 -2.002720e+01
    endloop
  endfacet
  facet normal 0.000000e+00 -1.000000e+00 0.000000e+00
    outer loop
      vertex   1.733919e+00 0.000000e+00 -2.002720e+01
      vertex   4.617636e+00 0.000000e+00 -1.933051e+01
      vertex   4.708972e+00 0.000000e+00 -1.861175e+01
    endloop
  endfacet
  facet normal 0.000000e+00 -1.000000e+00 0.000000e+00
    outer loop
      vertex   1.733919e+00 0.000000e+00 -2.002720e+01
      vertex   4.708972e+00 0.000000e+00 -1.861175e+01
      vertex   1.564516e+00 0.000000e+00 -1.984836e+01
    endloop
  endfacet
  facet normal 0.000000e+00 -1.000000e+00 0.000000e+00
    outer loop
      vertex   1.564516e+00 0.000000e+00 -1.984836e+01
      vertex   4.708972e+00 0.000000e+00 -1.861175e+01
      vertex   4.826199e+00 0.000000e+00 -1.789676e+01
    endloop
  endfacet
  facet normal 0.000000e+00 -1.000000e+00 0.000000e+00
    outer loop
      vertex   1.564516e+00 0.000000e+00 -1.984836e+01
      vertex   4.826199e+00 0.000000e+00 -1.789676e+01
      vertex   1.376771e+00 0.000000e+00 -1.968889e+01
    endloop
  endfacet
  facet normal 0.000000e+00 -1.000000e+00 0.000000e+00
    outer loop
      vertex   1.376771e+00 0.000000e+00 -1.968889e+01
      vertex   4.826199e+00 0.000000e+00 -1.789676e+01
      vertex   1.172885e+00 0.000000e+00 -1.955065e+01
    endloop
  endfacet
  facet normal 0.000000e+00 -1.000000e+00 0.000000e+00
    outer loop
      vertex   1.172885e+00 0.000000e+00 -1.955065e+01
      vertex   4.826199e+00 0.000000e+00 -1.789676e+01
      vertex   4.969165e+00 0.000000e+00 -1.718646e+01
    endloop
  endfacet
  facet normal 0.000000e+00 -1.000000e+00 0.000000e+00
    outer loop
      vertex   1.172885e+00 0.000000e+00 -1.955065e+01
      vertex   4.969165e+00 0.000000e+00 -1.718646e+01
      vertex   9.552477e-01 0.000000e+00 -1.943527e+01
    endloop
  endfacet
  facet normal 0.000000e+00 -1.000000e+00 0.000000e+00
    outer loop
      vertex   9.552477e-01 0.000000e+00 -1.943527e+01
      vertex   4.969165e+00 0.000000e+00 -1.718646e+01
      vertex   5.137683e+00 0.000000e+00 -1.648179e+01
    endloop
  endfacet
  facet normal 0.000000e+00 -1.000000e+00 0.000000e+00
    outer loop
      vertex   9.552477e-01 0.000000e+00 -1.943527e+01
      vertex   5.137683e+00 0.000000e+00 -1.648179e+01
      vertex   7.264110e-01 0.000000e+00 -1.934409e+01
    endloop
  endfacet
  facet normal 0.000000e+00 -1.000000e+00 0.000000e+00
    outer loop
      vertex   7.264110e-01 0.000000e+00 -1.934409e+01
      vertex   5.137683e+00 0.000000e+00 -1.648179e+01
      vertex   5.331534e+00 0.000000e+00 -1.578366e+01
    endloop
  endfacet
  facet normal 0.000000e+00 -1.000000e+00 -0.000000e+00
    outer loop
      vertex   1.179118e+01 0.000000e+00 2.984282e+00
      vertex   9.040709e+00 0.000000e+00 -8.788101e+00
      vertex   1.185137e+01 0.000000e+00 2.694625e+00
    endloop
  endfacet
  facet normal 0.000000e+00 -1.000000e+00 0.000000e+00
    outer loop
      vertex   1.185137e+01 0.000000e+00 2.694625e+00
      vertex   9.040709e+00 0.000000e+00 -8.788101e+00
      vertex   9.509799e+00 0.000000e+00 -8.235911e+00
    endloop
  endfacet
  facet normal 0.000000e+00 -1.000000e+00 0.000000e+00
    outer loop
      vertex   1.185137e+01 0.000000e+00 2.694625e+00
      vertex   9.509799e+00 0.000000e+00 -8.235911e+00
      vertex   9.998520e+00 0.000000e+00 -7.701018e+00
    endloop
  endfacet
  facet normal 0.000000e+00 -1.000000e+00 -0.000000e+00
    outer loop
      vertex   1.185137e+01 0.000000e+00 2.694625e+00
      vertex   9.998520e+00 0.000000e+00 -7.701018e+00
      vertex   1.193765e+01 0.000000e+00 2.411641e+00
    endloop
  endfacet
  facet normal 0.000000e+00 -1.000000e+00 0.000000e+00
    outer loop
      vertex   1.193765e+01 0.000000e+00 2.411641e+00
      vertex   9.998520e+00 0.000000e+00 -7.701018e+00
      vertex   1.050623e+01 0.000000e+00 -7.184119e+00
    endloop
  endfacet
  facet normal 0.000000e+00 -1.000000e+00 -0.000000e+00
    outer loop
      vertex   1.193765e+01 0.000000e+00 2.411641e+00
      vertex   1.050623e+01 0.000000e+00 -7.184119e+00
      vertex   1.204931e+01 0.000000e+00 2.137676e+00
    endloop
  endfacet
  facet normal 0.000000e+00 -1.000000e+00 0.000000e+00
    outer loop
      vertex   1.204931e+01 0.000000e+00 2.137676e+00
      vertex   1.050623e+01 0.000000e+00 -7.184119e+00
      vertex   1.103228e+01 0.000000e+00 -6.685888e+00
    endloop
  endfacet
  facet normal 0.000000e+00 -1.000000e+00 -0.000000e+00
    outer loop
      vertex   1.204931e+01 0.000000e+00 2.137676e+00
      vertex   1.103228e+01 0.000000e+00 -6.685888e+00
      vertex   1.218542e+01 0.000000e+00 1.875000e+00
    endloop
  endfacet
  facet normal 0.000000e+00 -1.000000e+00 0.000000e+00
    outer loop
      vertex   1.218542e+01 0.000000e+00 1.875000e+00
      vertex   1.103228e+01 0.000000e+00 -6.685888e+00
      vertex   1.157597e+01 0.000000e+00 -6.206976e+00
    endloop
  endfacet
  facet normal 0.000000e+00 -1.000000e+00 -0.000000e+00
    outer loop
      vertex   1.218542e+01 0.000000e+00 1.875000e+00
      vertex   1.157597e+01 0.000000e+00 -6.206976e+00
      vertex   1.234485e+01 0.000000e+00 1.625789e+00
    endloop
  endfacet
  facet normal 0.000000e+00 -1.000000e+00 -0.000000e+00
    outer loop
      vertex   1.234485e+01 0.000000e+00 1.625789e+00
      vertex   1.157597e+01 0.000000e+00 -6.206976e+00
      vertex   1.252628e+01 0.000000e+00 1.392108e+00
    endloop
  endfacet
  facet normal 0.000000e+00 -1.000000e+00 0.000000e+00
    outer loop
      vertex   1.252628e+01 0.000000e+00 1.392108e+00
      vertex   1.157597e+01 0.000000e+00 -6.206976e+00
      vertex   1.213660e+01 0.000000e+00 -5.748006e+00
    endloop
  endfacet
  facet normal 0.000000e+00 -1.000000e+00 -0.000000e+00
    outer loop
      vertex   1.252628e+01 0.000000e+00 1.392108e+00
      vertex   1.213660e+01 0.000000e+00 -5.748006e+00
      vertex   1.272821e+01 0.000000e+00 1.175894e+00
    endloop
  endfacet
  facet normal 0.000000e+00 -1.000000e+00 0.000000e+00
    outer loop
      vertex   1.272821e+01 0.000000e+00 1.175894e+00
      vertex   1.213660e+01 0.000000e+00 -5.748006e+00
      vertex   1.271344e+01 0.000000e+00 -5.309577e+00
    endloop
  endfacet
  facet normal 0.000000e+00 -1.000000e+00 -0.000000e+00
    outer loop
      vertex   1.272821e+01 0.000000e+00 1.175894e+00
      vertex   1.271344e+01 0.000000e+00 -5.309577e+00
      vertex   1.294896e+01 0.000000e+00 9.789383e-01
    endloop
  endfacet
  facet normal 0.000000e+00 -1.000000e+00 -0.000000e+00
    outer loop
      vertex   1.294896e+01 0.000000e+00 9.789383e-01
      vertex   1.271344e+01 0.000000e+00 -5.309577e+00
      vertex   1.318671e+01 0.000000e+00 8.028728e-01
    endloop
  endfacet
  facet normal 0.000000e+00 -1.000000e+00 -0.000000e+00
    outer loop
      vertex   1.318671e+01 0.000000e+00 8.028728e-01
      vertex   1.271344e+01 0.000000e+00 -5.309577e+00
      vertex   1.330573e+01 0.000000e+00 -4.892260e+00
    endloop
  endfacet
  facet normal 0.000000e+00 -1.000000e+00 0.000000e+00
    outer loop
      vertex   1.318671e+01 0.000000e+00 8.028728e-01
      vertex   1.330573e+01 0.000000e+00 -4.892260e+00
      vertex   1.343949e+01 0.000000e+00 6.491565e-01
    endloop
  endfacet
  facet normal 0.000000e+00 -1.000000e+00 -0.000000e+00
    outer loop
      vertex   1.343949e+01 0.000000e+00 6.491565e-01
      vertex   1.330573e+01 0.000000e+00 -4.892260e+00
      vertex   1.391270e+01 0.000000e+00 -4.496601e+00
    endloop
  endfacet
  facet normal 0.000000e+00 -1.000000e+00 0.000000e+00
    outer loop
      vertex   1.343949e+01 0.000000e+00 6.491565e-01
      vertex   1.391270e+01 0.000000e+00 -4.496601e+00
      vertex   1.370520e+01 0.000000e+00 5.190633e-01
    endloop
  endfacet
  facet normal 0.000000e+00 -1.000000e+00 0.000000e+00
    outer loop
      vertex   1.370520e+01 0.000000e+00 5.190633e-01
      vertex   1.391270e+01 0.000000e+00 -4.496601e+00
      vertex   1.398163e+01 0.000000e+00 4.136710e-01
    endloop
  endfacet
  facet normal 0.000000e+00 -1.000000e+00 -0.000000e+00
    outer loop
      vertex   1.398163e+01 0.000000e+00 4.136710e-01
      vertex   1.391270e+01 0.000000e+00 -4.496601e+00
      vertex   1.453356e+01 0.000000e+00 -4.123114e+00
    endloop
  endfacet
  facet normal 0.000000e+00 -1.000000e+00 0.000000e+00
    outer loop
      vertex   1.398163e+01 0.000000e+00 4.136710e-01
      vertex   1.453356e+01 0.000000e+00 -4.123114e+00
      vertex   1.426651e+01 0.000000e+00 3.338530e-01
    endloop
  endfacet
  facet normal 0.000000e+00 -1.000000e+00 0.000000e+00
    outer loop
      vertex   1.426651e+01 0.000000e+00 3.338530e-01
      vertex   1.453356e+01 0.000000e+00 -4.123114e+00
      vertex   1.516749e+01 0.000000e+00 -3.772287e+00
    endloop
  endfacet
  facet normal 0.000000e+00 -1.000000e+00 0.000000e+00
    outer loop
      vertex   1.426651e+01 0.000000e+00 3.338530e-01
      vertex   1.516749e+01 0.000000e+00 -3.772287e+00
      vertex   1.455746e+01 0.000000e+00 2.802707e-01
    endloop
  endfacet
  facet normal 0.000000e+00 -1.000000e+00 0.000000e+00
    outer loop
      vertex   1.455746e+01 0.000000e+00 2.802707e-01
      vertex   1.516749e+01 0.000000e+00 -3.772287e+00
      vertex   1.485208e+01 0.000000e+00 2.533681e-01
    endloop
  endfacet
  facet normal 0.000000e+00 -1.000000e+00 0.000000e+00
    outer loop
      vertex   1.485208e+01 0.000000e+00 2.533681e-01
      vertex   1.516749e+01 0.000000e+00 -3.772287e+00
      vertex   1.581369e+01 0.000000e+00 -3.444578e+00
    endloop
  endfacet
  facet normal 0.000000e+00 -1.000000e+00 0.000000e+00
    outer loop
      vertex   1.485208e+01 0.000000e+00 2.533681e-01
      vertex   1.581369e+01 0.000000e+00 -3.444578e+00
      vertex   1.514792e+01 0.000000e+00 2.533681e-01
    endloop
  endfacet
  facet normal 0.000000e+00 -1.000000e+00 0.000000e+00
    outer loop
      vertex   1.514792e+01 0.000000e+00 2.533681e-01
      vertex   1.581369e+01 0.000000e+00 -3.444578e+00
      vertex   1.544254e+01 0.000000e+00 2.802707e-01
    endloop
  endfacet
  facet normal 0.000000e+00 -1.000000e+00 0.000000e+00
    outer loop
      vertex   1.544254e+01 0.000000e+00 2.802707e-01
      vertex   1.581369e+01 0.000000e+00 -3.444578e+00
      vertex   1.647129e+01 0.000000e+00 -3.140414e+00
    endloop
  endfacet
  facet normal 0.000000e+00 -1.000000e+00 0.000000e+00
    outer loop
      vertex   1.544254e+01 0.000000e+00 2.802707e-01
      vertex   1.647129e+01 0.000000e+00 -3.140414e+00
      vertex   1.573349e+01 0.000000e+00 3.338530e-01
    endloop
  endfacet
  facet normal 0.000000e+00 -1.000000e+00 0.000000e+00
    outer loop
      vertex   1.573349e+01 0.000000e+00 3.338530e-01
      vertex   1.647129e+01 0.000000e+00 -3.140414e+00
      vertex   1.601837e+01 0.000000e+00 4.136710e-01
    endloop
  endfacet
  facet normal 0.000000e+00 -1.000000e+00 0.000000e+00
    outer loop
      vertex   1.601837e+01 0.000000e+00 4.136710e-01
      vertex   1.647129e+01 0.000000e+00 -3.140414e+00
      vertex   1.713945e+01 0.000000e+00 -2.860190e+00
    endloop
  endfacet
  facet normal 0.000000e+00 -1.000000e+00 0.000000e+00
    outer loop
      vertex   1.601837e+01 0.000000e+00 4.136710e-01
      vertex   1.713945e+01 0.000000e+00 -2.860190e+00
      vertex   1.629480e+01 0.000000e+00 5.190633e-01
    endloop
  endfacet
  facet normal 0.000000e+00 -1.000000e+00 0.000000e+00
    outer loop
      vertex   1.629480e+01 0.000000e+00 5.190633e-01
      vertex   1.713945e+01 0.000000e+00 -2.860190e+00
      vertex   1.656051e+01 0.000000e+00 6.491565e-01
    endloop
  endfacet
  facet normal 0.000000e+00 -1.000000e+00 0.000000e+00
    outer loop
      vertex   1.656051e+01 0.000000e+00 6.491565e-01
      vertex   1.713945e+01 0.000000e+00 -2.860190e+00
      vertex   1.781729e+01 0.000000e+00 -2.604274e+00
    endloop
  endfacet
  facet normal 0.000000e+00 -1.000000e+00 0.000000e+00
    outer loop
      vertex   1.656051e+01 0.000000e+00 6.491565e-01
      vertex   1.781729e+01 0.000000e+00 -2.604274e+00
      vertex   1.681329e+01 0.000000e+00 8.028728e-01
    endloop
  endfacet
  facet normal 0.000000e+00 -1.000000e+00 0.000000e+00
    outer loop
      vertex   1.681329e+01 0.000000e+00 8.028728e-01
      vertex   1.781729e+01 0.000000e+00 -2.604274e+00
      vertex   1.705104e+01 0.000000e+00 9.789383e-01
    endloop
  endfacet
  facet normal 0.000000e+00 -1.000000e+00 0.000000e+00
    outer loop
      vertex   1.705104e+01 0.000000e+00 9.789383e-01
      vertex   1.781729e+01 0.000000e+00 -2.604274e+00
      vertex   1.850392e+01 0.000000e+00 -2.372998e+00
    endloop
  endfacet
  facet normal 0.000000e+00 -1.000000e+00 0.000000e+00
    outer loop
      vertex   1.705104e+01 0.000000e+00 9.789383e-01
      vertex   1.850392e+01 0.000000e+00 -2.372998e+00
      vertex   1.727179e+01 0.000000e+00 1.175894e+00
    endloop
  endfacet
  facet normal 0.000000e+00 -1.000000e+00 0.000000e+00
    outer loop
      vertex   1.727179e+01 0.000000e+00 1.175894e+00
      vertex   1.850392e+01 0.000000e+00 -2.372998e+00
      vertex   1.747372e+01 0.000000e+00 1.392108e+00
    endloop
  endfacet
  facet normal 0.000000e+00 -1.000000e+00 0.000000e+00
    outer loop
      vertex   1.747372e+01 0.000000e+00 1.392108e+00
      vertex   1.850392e+01 0.000000e+00 -2.372998e+00
      vertex   1.919846e+01 0.000000e+00 -2.166664e+00
    endloop
  endfacet
  facet normal 0.000000e+00 -1.000000e+00 0.000000e+00
    outer loop
      vertex   1.747372e+01 0.000000e+00 1.392108e+00
      vertex   1.919846e+01 0.000000e+00 -2.166664e+00
      vertex   1.765515e+01 0.000000e+00 1.625789e+00
    endloop
  endfacet
  facet normal 0.000000e+00 -1.000000e+00 0.000000e+00
    outer loop
      vertex   1.765515e+01 0.000000e+00 1.625789e+00
      vertex   1.919846e+01 0.000000e+00 -2.166664e+00
      vertex   1.990000e+01 0.000000e+00 -1.985541e+00
    endloop
  endfacet
  facet normal 0.000000e+00 -1.000000e+00 0.000000e+00
    outer loop
      vertex   1.765515e+01 0.000000e+00 1.625789e+00
      vertex   1.990000e+01 0.000000e+00 -1.985541e+00
      vertex   1.781458e+01 0.000000e+00 1.875000e+00
    endloop
  endfacet
  facet normal 0.000000e+00 -1.000000e+00 0.000000e+00
    outer loop
      vertex   1.781458e+01 0.000000e+00 1.875000e+00
      vertex   1.990000e+01 0.000000e+00 -1.985541e+00
      vertex   1.795069e+01 0.000000e+00 2.137676e+00
    endloop
  endfacet
  facet normal 0.000000e+00 -1.000000e+00 0.000000e+00
    outer loop
      vertex   1.795069e+01 0.000000e+00 2.137676e+00
      vertex   1.990000e+01 0.000000e+00 -1.985541e+00
      vertex   1.806235e+01 0.000000e+00 2.411641e+00
    endloop
  endfacet
  facet normal 0.000000e+00 -1.000000e+00 0.000000e+00
    outer loop
      vertex   1.806235e+01 0.000000e+00 2.411641e+00
      vertex   1.990000e+01 0.000000e+00 -1.985541e+00
      vertex   1.814863e+01 0.000000e+00 2.694625e+00
    endloop
  endfacet
  facet normal 0.000000e+00 -1.000000e+00 0.000000e+00
    outer loop
      vertex   1.814863e+01 0.000000e+00 2.694625e+00
      vertex   1.990000e+01 0.000000e+00 -1.985541e+00
      vertex   1.820882e+01 0.000000e+00 2.984282e+00
    endloop
  endfacet
  facet normal 0.000000e+00 -1.000000e+00 0.000000e+00
    outer loop
      vertex   1.820882e+01 0.000000e+00 2.984282e+00
      vertex   1.990000e+01 0.000000e+00 -1.985541e+00
      vertex   1.824242e+01 0.000000e+00 3.278212e+00
    endloop
  endfacet
  facet normal 0.000000e+00 -1.000000e+00 0.000000e+00
    outer loop
      vertex   1.824242e+01 0.000000e+00 3.278212e+00
      vertex   1.990000e+01 0.000000e+00 -1.985541e+00
      vertex   1.824916e+01 0.000000e+00 3.573980e+00
    endloop
  endfacet
  facet normal 0.000000e+00 -1.000000e+00 0.000000e+00
    outer loop
      vertex   1.824916e+01 0.000000e+00 3.573980e+00
      vertex   1.990000e+01 0.000000e+00 -1.985541e+00
      vertex   1.822897e+01 0.000000e+00 3.869136e+00
    endloop
  endfacet
  facet normal 0.000000e+00 -1.000000e+00 0.000000e+00
    outer loop
      vertex   1.822897e+01 0.000000e+00 3.869136e+00
      vertex   1.990000e+01 0.000000e+00 -1.985541e+00
      vertex   1.818202e+01 0.000000e+00 4.161232e+00
    endloop
  endfacet
  facet normal 0.000000e+00 -1.000000e+00 0.000000e+00
    outer loop
      vertex   1.818202e+01 0.000000e+00 4.161232e+00
      vertex   1.990000e+01 0.000000e+00 -1.985541e+00
      vertex   1.990000e+01 0.000000e+00 2.350000e+01
    endloop
  endfacet
  facet normal 0.000000e+00 -1.000000e+00 0.000000e+00
    outer loop
      vertex   1.179118e+01 0.000000e+00 2.984282e+00
      vertex   1.175758e+01 0.000000e+00 3.278212e+00
      vertex   -1.179118e+01 0.000000e+00 2.984282e+00
    endloop
  endfacet
  facet normal 0.000000e+00 -1.000000e+00 0.000000e+00
    outer loop
      vertex   -1.179118e+01 0.000000e+00 2.984282e+00
      vertex   1.175758e+01 0.000000e+00 3.278212e+00
      vertex   -1.175758e+01 0.000000e+00 3.278212e+00
    endloop
  endfacet
  facet normal 0.000000e+00 -1.000000e+00 0.000000e+00
    outer loop
      vertex   -1.175758e+01 0.000000e+00 3.278212e+00
      vertex   1.175758e+01 0.000000e+00 3.278212e+00
      vertex   1.175084e+01 0.000000e+00 3.573980e+00
    endloop
  endfacet
  facet normal 0.000000e+00 -1.000000e+00 0.000000e+00
    outer loop
      vertex   -1.175758e+01 0.000000e+00 3.278212e+00
      vertex   1.175084e+01 0.000000e+00 3.573980e+00
      vertex   -1.175084e+01 0.000000e+00 3.573980e+00
    endloop
  endfacet
  facet normal 0.000000e+00 -1.000000e+00 0.000000e+00
    outer loop
      vertex   -1.175084e+01 0.000000e+00 3.573980e+00
      vertex   1.175084e+01 0.000000e+00 3.573980e+00
      vertex   -1.177103e+01 0.000000e+00 3.869136e+00
    endloop
  endfacet
  facet normal 0.000000e+00 -1.000000e+00 0.000000e+00
    outer loop
      vertex   -1.177103e+01 0.000000e+00 3.869136e+00
      vertex   1.175084e+01 0.000000e+00 3.573980e+00
      vertex   1.177103e+01 0.000000e+00 3.869136e+00
    endloop
  endfacet
  facet normal 0.000000e+00 -1.000000e+00 0.000000e+00
    outer loop
      vertex   -1.177103e+01 0.000000e+00 3.869136e+00
      vertex   1.177103e+01 0.000000e+00 3.869136e+00
      vertex   1.181798e+01 0.000000e+00 4.161232e+00
    endloop
  endfacet
  facet normal 0.000000e+00 -1.000000e+00 0.000000e+00
    outer loop
      vertex   -1.177103e+01 0.000000e+00 3.869136e+00
      vertex   1.181798e+01 0.000000e+00 4.161232e+00
      vertex   -1.181798e+01 0.000000e+00 4.161232e+00
    endloop
  endfacet
  facet normal 0.000000e+00 -1.000000e+00 0.000000e+00
    outer loop
      vertex   -1.181798e+01 0.000000e+00 4.161232e+00
      vertex   1.181798e+01 0.000000e+00 4.161232e+00
      vertex   1.189129e+01 0.000000e+00 4.447849e+00
    endloop
  endfacet
  facet normal 0.000000e+00 -1.000000e+00 0.000000e+00
    outer loop
      vertex   -1.181798e+01 0.000000e+00 4.161232e+00
      vertex   1.189129e+01 0.000000e+00 4.447849e+00
      vertex   -1.189129e+01 0.000000e+00 4.447849e+00
    endloop
  endfacet
  facet normal 0.000000e+00 -1.000000e+00 0.000000e+00
    outer loop
      vertex   -1.189129e+01 0.000000e+00 4.447849e+00
      vertex   1.189129e+01 0.000000e+00 4.447849e+00
      vertex   1.199036e+01 0.000000e+00 4.726612e+00
    endloop
  endfacet
  facet normal 0.000000e+00 -1.000000e+00 0.000000e+00
    outer loop
      vertex   -1.189129e+01 0.000000e+00 4.447849e+00
      vertex   1.199036e+01 0.000000e+00 4.726612e+00
      vertex   -1.199036e+01 0.000000e+00 4.726612e+00
    endloop
  endfacet
  facet normal 0.000000e+00 1.000000e+00 -0.000000e+00
    outer loop
      vertex   4.486796e+00 4.000000e+00 -2.184447e+01
      vertex   2.271664e+00 4.000000e+00 -2.162317e+01
      vertex   4.500000e+00 4.000000e+00 -2.150000e+01
    endloop
  endfacet
  facet normal 0.000000e+00 1.000000e+00 0.000000e+00
    outer loop
      vertex   4.500000e+00 4.000000e+00 -2.150000e+01
      vertex   2.271664e+00 4.000000e+00 -2.162317e+01
      vertex   2.271664e+00 4.000000e+00 -2.137683e+01
    endloop
  endfacet
  facet normal 0.000000e+00 1.000000e+00 0.000000e+00
    outer loop
      vertex   4.500000e+00 4.000000e+00 -2.150000e+01
      vertex   2.271664e+00 4.000000e+00 -2.137683e+01
      vertex   2.245030e+00 4.000000e+00 -2.113195e+01
    endloop
  endfacet
  facet normal 0.000000e+00 1.000000e+00 0.000000e+00
    outer loop
      vertex   2.271664e+00 4.000000e+00 -2.162317e+01
      vertex   4.486796e+00 4.000000e+00 -2.184447e+01
      vertex   2.245030e+00 4.000000e+00 -2.186805e+01
    endloop
  endfacet
  facet normal -0.000000e+00 1.000000e+00 0.000000e+00
    outer loop
      vertex   2.245030e+00 4.000000e+00 -2.186805e+01
      vertex   4.486796e+00 4.000000e+00 -2.184447e+01
      vertex   4.447262e+00 4.000000e+00 -2.218692e+01
    endloop
  endfacet
  facet normal 0.000000e+00 1.000000e+00 0.000000e+00
    outer loop
      vertex   2.245030e+00 4.000000e+00 -2.186805e+01
      vertex   4.447262e+00 4.000000e+00 -2.218692e+01
      vertex   4.381629e+00 4.000000e+00 -2.252534e+01
    endloop
  endfacet
  facet normal 0.000000e+00 1.000000e+00 0.000000e+00
    outer loop
      vertex   4.381629e+00 4.000000e+00 -2.252534e+01
      vertex   4.290284e+00 4.000000e+00 -2.285774e+01
      vertex   2.245030e+00 4.000000e+00 -2.186805e+01
    endloop
  endfacet
  facet normal 0.000000e+00 1.000000e+00 0.000000e+00
    outer loop
      vertex   2.245030e+00 4.000000e+00 -2.186805e+01
      vertex   4.290284e+00 4.000000e+00 -2.285774e+01
      vertex   4.173761e+00 4.000000e+00 -2.318218e+01
    endloop
  endfacet
  facet normal 0.000000e+00 1.000000e+00 0.000000e+00
    outer loop
      vertex   2.245030e+00 4.000000e+00 -2.186805e+01
      vertex   4.173761e+00 4.000000e+00 -2.318218e+01
      vertex   4.032745e+00 4.000000e+00 -2.349674e+01
    endloop
  endfacet
  facet normal 0.000000e+00 1.000000e+00 0.000000e+00
    outer loop
      vertex   4.032745e+00 4.000000e+00 -2.349674e+01
      vertex   3.868063e+00 4.000000e+00 -2.379958e+01
      vertex   2.245030e+00 4.000000e+00 -2.186805e+01
    endloop
  endfacet
  facet normal 0.000000e+00 1.000000e+00 0.000000e+00
    outer loop
      vertex   2.245030e+00 4.000000e+00 -2.186805e+01
      vertex   3.868063e+00 4.000000e+00 -2.379958e+01
      vertex   3.680682e+00 4.000000e+00 -2.408893e+01
    endloop
  endfacet
  facet normal 0.000000e+00 1.000000e+00 0.000000e+00
    outer loop
      vertex   2.245030e+00 4.000000e+00 -2.186805e+01
      vertex   3.680682e+00 4.000000e+00 -2.408893e+01
      vertex   3.471701e+00 4.000000e+00 -2.436309e+01
    endloop
  endfacet
  facet normal 0.000000e+00 1.000000e+00 0.000000e+00
    outer loop
      vertex   3.471701e+00 4.000000e+00 -2.436309e+01
      vertex   3.242347e+00 4.000000e+00 -2.462045e+01
      vertex   2.245030e+00 4.000000e+00 -2.186805e+01
    endloop
  endfacet
  facet normal 0.000000e+00 1.000000e+00 0.000000e+00
    outer loop
      vertex   2.245030e+00 4.000000e+00 -2.186805e+01
      vertex   3.242347e+00 4.000000e+00 -2.462045e+01
      vertex   2.993966e+00 4.000000e+00 -2.485949e+01
    endloop
  endfacet
  facet normal 0.000000e+00 1.000000e+00 0.000000e+00
    outer loop
      vertex   2.245030e+00 4.000000e+00 -2.186805e+01
      vertex   2.993966e+00 4.000000e+00 -2.485949e+01
      vertex   2.728014e+00 4.000000e+00 -2.507882e+01
    endloop
  endfacet
  facet normal 0.000000e+00 1.000000e+00 -0.000000e+00
    outer loop
      vertex   2.446054e+00 4.000000e+00 -2.527714e+01
      vertex   1.376771e+00 4.000000e+00 -2.331111e+01
      vertex   2.728014e+00 4.000000e+00 -2.507882e+01
    endloop
  endfacet
  facet normal 0.000000e+00 1.000000e+00 0.000000e+00
    outer loop
      vertex   2.728014e+00 4.000000e+00 -2.507882e+01
      vertex   1.376771e+00 4.000000e+00 -2.331111e+01
      vertex   1.564516e+00 4.000000e+00 -2.315164e+01
    endloop
  endfacet
  facet normal 0.000000e+00 1.000000e+00 0.000000e+00
    outer loop
      vertex   2.728014e+00 4.000000e+00 -2.507882e+01
      vertex   1.564516e+00 4.000000e+00 -2.315164e+01
      vertex   1.733919e+00 4.000000e+00 -2.297280e+01
    endloop
  endfacet
  facet normal 0.000000e+00 1.000000e+00 0.000000e+00
    outer loop
      vertex   1.376771e+00 4.000000e+00 -2.331111e+01
      vertex   2.446054e+00 4.000000e+00 -2.527714e+01
      vertex   1.172885e+00 4.000000e+00 -2.344935e+01
    endloop
  endfacet
  facet normal 0.000000e+00 1.000000e+00 0.000000e+00
    outer loop
      vertex   1.172885e+00 4.000000e+00 -2.344935e+01
      vertex   2.446054e+00 4.000000e+00 -2.527714e+01
      vertex   2.149739e+00 4.000000e+00 -2.545331e+01
    endloop
  endfacet
  facet normal 0.000000e+00 1.000000e+00 0.000000e+00
    outer loop
      vertex   1.172885e+00 4.000000e+00 -2.344935e+01
      vertex   2.149739e+00 4.000000e+00 -2.545331e+01
      vertex   9.552477e-01 4.000000e+00 -2.356473e+01
    endloop
  endfacet
  facet normal 0.000000e+00 1.000000e+00 0.000000e+00
    outer loop
      vertex   9.552477e-01 4.000000e+00 -2.356473e+01
      vertex   2.149739e+00 4.000000e+00 -2.545331e+01
      vertex   1.840809e+00 4.000000e+00 -2.560627e+01
    endloop
  endfacet
  facet normal 0.000000e+00 1.000000e+00 0.000000e+00
    outer loop
      vertex   9.552477e-01 4.000000e+00 -2.356473e+01
      vertex   1.840809e+00 4.000000e+00 -2.560627e+01
      vertex   7.264110e-01 4.000000e+00 -2.365591e+01
    endloop
  endfacet
  facet normal 0.000000e+00 1.000000e+00 0.000000e+00
    outer loop
      vertex   7.264110e-01 4.000000e+00 -2.365591e+01
      vertex   1.840809e+00 4.000000e+00 -2.560627e+01
      vertex   1.521076e+00 4.000000e+00 -2.573513e+01
    endloop
  endfacet
  facet normal 0.000000e+00 1.000000e+00 0.000000e+00
    outer loop
      vertex   7.264110e-01 4.000000e+00 -2.365591e+01
      vertex   1.521076e+00 4.000000e+00 -2.573513e+01
      vertex   1.192417e+00 4.000000e+00 -2.583914e+01
    endloop
  endfacet
  facet normal 0.000000e+00 1.000000e+00 0.000000e+00
    outer loop
      vertex   7.264110e-01 4.000000e+00 -2.365591e+01
      vertex   1.192417e+00 4.000000e+00 -2.583914e+01
      vertex   4.890578e-01 4.000000e+00 -2.372181e+01
    endloop
  endfacet
  facet normal 0.000000e+00 1.000000e+00 0.000000e+00
    outer loop
      vertex   4.890578e-01 4.000000e+00 -2.372181e+01
      vertex   1.192417e+00 4.000000e+00 -2.583914e+01
      vertex   8.567600e-01 4.000000e+00 -2.591769e+01
    endloop
  endfacet
  facet normal 0.000000e+00 1.000000e+00 0.000000e+00
    outer loop
      vertex   4.890578e-01 4.000000e+00 -2.372181e+01
      vertex   8.567600e-01 4.000000e+00 -2.591769e+01
      vertex   2.459708e-01 4.000000e+00 -2.376166e+01
    endloop
  endfacet
  facet normal 0.000000e+00 1.000000e+00 0.000000e+00
    outer loop
      vertex   2.459708e-01 4.000000e+00 -2.376166e+01
      vertex   8.567600e-01 4.000000e+00 -2.591769e+01
      vertex   5.160754e-01 4.000000e+00 -2.597031e+01
    endloop
  endfacet
  facet normal 0.000000e+00 1.000000e+00 0.000000e+00
    outer loop
      vertex   2.459708e-01 4.000000e+00 -2.376166e+01
      vertex   5.160754e-01 4.000000e+00 -2.597031e+01
      vertex   1.723623e-01 4.000000e+00 -2.599670e+01
    endloop
  endfacet
  facet normal 0.000000e+00 1.000000e+00 0.000000e+00
    outer loop
      vertex   2.459708e-01 4.000000e+00 -2.376166e+01
      vertex   1.723623e-01 4.000000e+00 -2.599670e+01
      vertex   -2.786071e-16 4.000000e+00 -2.377500e+01
    endloop
  endfacet
  facet normal 0.000000e+00 1.000000e+00 0.000000e+00
    outer loop
      vertex   -2.786071e-16 4.000000e+00 -2.377500e+01
      vertex   1.723623e-01 4.000000e+00 -2.599670e+01
      vertex   -1.723623e-01 4.000000e+00 -2.599670e+01
    endloop
  endfacet
  facet normal 0.000000e+00 1.000000e+00 0.000000e+00
    outer loop
      vertex   -2.786071e-16 4.000000e+00 -2.377500e+01
      vertex   -1.723623e-01 4.000000e+00 -2.599670e+01
      vertex   -2.459708e-01 4.000000e+00 -2.376166e+01
    endloop
  endfacet
  facet normal 0.000000e+00 1.000000e+00 0.000000e+00
    outer loop
      vertex   -2.459708e-01 4.000000e+00 -2.376166e+01
      vertex   -1.723623e-01 4.000000e+00 -2.599670e+01
      vertex   -5.160754e-01 4.000000e+00 -2.597031e+01
    endloop
  endfacet
  facet normal 0.000000e+00 1.000000e+00 0.000000e+00
    outer loop
      vertex   -2.459708e-01 4.000000e+00 -2.376166e+01
      vertex   -5.160754e-01 4.000000e+00 -2.597031e+01
      vertex   -8.567600e-01 4.000000e+00 -2.591769e+01
    endloop
  endfacet
  facet normal 0.000000e+00 1.000000e+00 0.000000e+00
    outer loop
      vertex   -2.459708e-01 4.000000e+00 -2.376166e+01
      vertex   -8.567600e-01 4.000000e+00 -2.591769e+01
      vertex   -4.890578e-01 4.000000e+00 -2.372181e+01
    endloop
  endfacet
  facet normal 0.000000e+00 1.000000e+00 0.000000e+00
    outer loop
      vertex   -4.890578e-01 4.000000e+00 -2.372181e+01
      vertex   -8.567600e-01 4.000000e+00 -2.591769e+01
      vertex   -1.192417e+00 4.000000e+00 -2.583914e+01
    endloop
  endfacet
  facet normal 0.000000e+00 1.000000e+00 0.000000e+00
    outer loop
      vertex   -4.890578e-01 4.000000e+00 -2.372181e+01
      vertex   -1.192417e+00 4.000000e+00 -2.583914e+01
      vertex   -7.264110e-01 4.000000e+00 -2.365591e+01
    endloop
  endfacet
  facet normal 0.000000e+00 1.000000e+00 0.000000e+00
    outer loop
      vertex   -7.264110e-01 4.000000e+00 -2.365591e+01
      vertex   -1.192417e+00 4.000000e+00 -2.583914e+01
      vertex   -1.521076e+00 4.000000e+00 -2.573513e+01
    endloop
  endfacet
  facet normal 0.000000e+00 1.000000e+00 0.000000e+00
    outer loop
      vertex   -7.264110e-01 4.000000e+00 -2.365591e+01
      vertex   -1.521076e+00 4.000000e+00 -2.573513e+01
      vertex   -1.840809e+00 4.000000e+00 -2.560627e+01
    endloop
  endfacet
  facet normal 0.000000e+00 1.000000e+00 0.000000e+00
    outer loop
      vertex   -7.264110e-01 4.000000e+00 -2.365591e+01
      vertex   -1.840809e+00 4.000000e+00 -2.560627e+01
      vertex   -9.552477e-01 4.000000e+00 -2.356473e+01
    endloop
  endfacet
  facet normal 0.000000e+00 1.000000e+00 0.000000e+00
    outer loop
      vertex   -9.552477e-01 4.000000e+00 -2.356473e+01
      vertex   -1.840809e+00 4.000000e+00 -2.560627e+01
      vertex   -2.149739e+00 4.000000e+00 -2.545331e+01
    endloop
  endfacet
  facet normal 0.000000e+00 1.000000e+00 0.000000e+00
    outer loop
      vertex   -9.552477e-01 4.000000e+00 -2.356473e+01
      vertex   -2.149739e+00 4.000000e+00 -2.545331e+01
      vertex   -1.172885e+00 4.000000e+00 -2.344935e+01
    endloop
  endfacet
  facet normal 0.000000e+00 1.000000e+00 0.000000e+00
    outer loop
      vertex   -1.172885e+00 4.000000e+00 -2.344935e+01
      vertex   -2.149739e+00 4.000000e+00 -2.545331e+01
      vertex   -2.446054e+00 4.000000e+00 -2.527714e+01
    endloop
  endfacet
  facet normal 0.000000e+00 1.000000e+00 0.000000e+00
    outer loop
      vertex   -1.172885e+00 4.000000e+00 -2.344935e+01
      vertex   -2.446054e+00 4.000000e+00 -2.527714e+01
      vertex   -1.376771e+00 4.000000e+00 -2.331111e+01
    endloop
  endfacet
  facet normal 0.000000e+00 1.000000e+00 0.000000e+00
    outer loop
      vertex   -1.376771e+00 4.000000e+00 -2.331111e+01
      vertex   -2.446054e+00 4.000000e+00 -2.527714e+01
      vertex   -1.564516e+00 4.000000e+00 -2.315164e+01
    endloop
  endfacet
  facet normal 0.000000e+00 1.000000e+00 0.000000e+00
    outer loop
      vertex   -1.564516e+00 4.000000e+00 -2.315164e+01
      vertex   -2.446054e+00 4.000000e+00 -2.527714e+01
      vertex   -1.733919e+00 4.000000e+00 -2.297280e+01
    endloop
  endfacet
  facet normal 0.000000e+00 1.000000e+00 0.000000e+00
    outer loop
      vertex   -1.733919e+00 4.000000e+00 -2.297280e+01
      vertex   -2.446054e+00 4.000000e+00 -2.527714e+01
      vertex   -1.882992e+00 4.000000e+00 -2.277670e+01
    endloop
  endfacet
  facet normal 0.000000e+00 1.000000e+00 0.000000e+00
    outer loop
      vertex   -1.882992e+00 4.000000e+00 -2.277670e+01
      vertex   -2.446054e+00 4.000000e+00 -2.527714e+01
      vertex   -2.009990e+00 4.000000e+00 -2.256563e+01
    endloop
  endfacet
  facet normal 0.000000e+00 1.000000e+00 0.000000e+00
    outer loop
      vertex   -2.009990e+00 4.000000e+00 -2.256563e+01
      vertex   -2.446054e+00 4.000000e+00 -2.527714e+01
      vertex   -2.113422e+00 4.000000e+00 -2.234206e+01
    endloop
  endfacet
  facet normal 0.000000e+00 1.000000e+00 0.000000e+00
    outer loop
      vertex   -2.113422e+00 4.000000e+00 -2.234206e+01
      vertex   -2.446054e+00 4.000000e+00 -2.527714e+01
      vertex   -2.192076e+00 4.000000e+00 -2.210863e+01
    endloop
  endfacet
  facet normal 0.000000e+00 1.000000e+00 0.000000e+00
    outer loop
      vertex   -2.192076e+00 4.000000e+00 -2.210863e+01
      vertex   -2.446054e+00 4.000000e+00 -2.527714e+01
      vertex   -2.245030e+00 4.000000e+00 -2.186805e+01
    endloop
  endfacet
  facet normal 0.000000e+00 1.000000e+00 0.000000e+00
    outer loop
      vertex   -2.245030e+00 4.000000e+00 -2.186805e+01
      vertex   -2.446054e+00 4.000000e+00 -2.527714e+01
      vertex   -2.271664e+00 4.000000e+00 -2.162317e+01
    endloop
  endfacet
  facet normal 0.000000e+00 1.000000e+00 0.000000e+00
    outer loop
      vertex   -2.271664e+00 4.000000e+00 -2.162317e+01
      vertex   -2.446054e+00 4.000000e+00 -2.527714e+01
      vertex   -2.728014e+00 4.000000e+00 -2.507882e+01
    endloop
  endfacet
  facet normal 0.000000e+00 1.000000e+00 0.000000e+00
    outer loop
      vertex   -2.271664e+00 4.000000e+00 -2.162317e+01
      vertex   -2.728014e+00 4.000000e+00 -2.507882e+01
      vertex   -2.993966e+00 4.000000e+00 -2.485949e+01
    endloop
  endfacet
  facet normal 0.000000e+00 1.000000e+00 -0.000000e+00
    outer loop
      vertex   -2.993966e+00 4.000000e+00 -2.485949e+01
      vertex   -3.242347e+00 4.000000e+00 -2.462045e+01
      vertex   -2.271664e+00 4.000000e+00 -2.162317e+01
    endloop
  endfacet
  facet normal 0.000000e+00 1.000000e+00 0.000000e+00
    outer loop
      vertex   -2.271664e+00 4.000000e+00 -2.162317e+01
      vertex   -3.242347e+00 4.000000e+00 -2.462045e+01
      vertex   -3.471701e+00 4.000000e+00 -2.436309e+01
    endloop
  endfacet
  facet normal 0.000000e+00 1.000000e+00 0.000000e+00
    outer loop
      vertex   -2.271664e+00 4.000000e+00 -2.162317e+01
      vertex   -3.471701e+00 4.000000e+00 -2.436309e+01
      vertex   -3.680682e+00 4.000000e+00 -2.408893e+01
    endloop
  endfacet
  facet normal 0.000000e+00 1.000000e+00 -0.000000e+00
    outer loop
      vertex   -3.680682e+00 4.000000e+00 -2.408893e+01
      vertex   -3.868063e+00 4.000000e+00 -2.379958e+01
      vertex   -2.271664e+00 4.000000e+00 -2.162317e+01
    endloop
  endfacet
  facet normal 0.000000e+00 1.000000e+00 0.000000e+00
    outer loop
      vertex   -2.271664e+00 4.000000e+00 -2.162317e+01
      vertex   -3.868063e+00 4.000000e+00 -2.379958e+01
      vertex   -4.032745e+00 4.000000e+00 -2.349674e+01
    endloop
  endfacet
  facet normal 0.000000e+00 1.000000e+00 0.000000e+00
    outer loop
      vertex   -2.271664e+00 4.000000e+00 -2.162317e+01
      vertex   -4.032745e+00 4.000000e+00 -2.349674e+01
      vertex   -4.173761e+00 4.000000e+00 -2.318218e+01
    endloop
  endfacet
  facet normal 0.000000e+00 1.000000e+00 -0.000000e+00
    outer loop
      vertex   -4.173761e+00 4.000000e+00 -2.318218e+01
      vertex   -4.290284e+00 4.000000e+00 -2.285774e+01
      vertex   -2.271664e+00 4.000000e+00 -2.162317e+01
    endloop
  endfacet
  facet normal 0.000000e+00 1.000000e+00 0.000000e+00
    outer loop
      vertex   -2.271664e+00 4.000000e+00 -2.162317e+01
      vertex   -4.290284e+00 4.000000e+00 -2.285774e+01
      vertex   -4.381629e+00 4.000000e+00 -2.252534e+01
    endloop
  endfacet
  facet normal 0.000000e+00 1.000000e+00 0.000000e+00
    outer loop
      vertex   -2.271664e+00 4.000000e+00 -2.162317e+01
      vertex   -4.381629e+00 4.000000e+00 -2.252534e+01
      vertex   -4.447262e+00 4.000000e+00 -2.218692e+01
    endloop
  endfacet
  facet normal 0.000000e+00 1.000000e+00 -0.000000e+00
    outer loop
      vertex   -4.447262e+00 4.000000e+00 -2.218692e+01
      vertex   -4.486796e+00 4.000000e+00 -2.184447e+01
      vertex   -2.271664e+00 4.000000e+00 -2.162317e+01
    endloop
  endfacet
  facet normal 0.000000e+00 1.000000e+00 0.000000e+00
    outer loop
      vertex   -2.271664e+00 4.000000e+00 -2.162317e+01
      vertex   -4.486796e+00 4.000000e+00 -2.184447e+01
      vertex   -4.500000e+00 4.000000e+00 -2.150000e+01
    endloop
  endfacet
  facet normal 0.000000e+00 1.000000e+00 -0.000000e+00
    outer loop
      vertex   -2.271664e+00 4.000000e+00 -2.162317e+01
      vertex   -4.500000e+00 4.000000e+00 -2.150000e+01
      vertex   -2.271664e+00 4.000000e+00 -2.137683e+01
    endloop
  endfacet
  facet normal 0.000000e+00 1.000000e+00 -0.000000e+00
    outer loop
      vertex   -2.271664e+00 4.000000e+00 -2.137683e+01
      vertex   -4.500000e+00 4.000000e+00 -2.150000e+01
      vertex   -2.245030e+00 4.000000e+00 -2.113195e+01
    endloop
  endfacet
  facet normal 0.000000e+00 1.000000e+00 0.000000e+00
    outer loop
      vertex   -2.245030e+00 4.000000e+00 -2.113195e+01
      vertex   -4.500000e+00 4.000000e+00 -2.150000e+01
      vertex   -4.512551e+00 4.000000e+00 -2.079044e+01
    endloop
  endfacet
  facet normal 0.000000e+00 1.000000e+00 -0.000000e+00
    outer loop
      vertex   -2.245030e+00 4.000000e+00 -2.113195e+01
      vertex   -4.512551e+00 4.000000e+00 -2.079044e+01
      vertex   -2.192076e+00 4.000000e+00 -2.089137e+01
    endloop
  endfacet
  facet normal 0.000000e+00 1.000000e+00 -0.000000e+00
    outer loop
      vertex   -2.192076e+00 4.000000e+00 -2.089137e+01
      vertex   -4.512551e+00 4.000000e+00 -2.079044e+01
      vertex   -2.113422e+00 4.000000e+00 -2.065794e+01
    endloop
  endfacet
  facet normal 0.000000e+00 1.000000e+00 0.000000e+00
    outer loop
      vertex   -2.113422e+00 4.000000e+00 -2.065794e+01
      vertex   -4.512551e+00 4.000000e+00 -2.079044e+01
      vertex   -4.550186e+00 4.000000e+00 -2.008177e+01
    endloop
  endfacet
  facet normal 0.000000e+00 1.000000e+00 -0.000000e+00
    outer loop
      vertex   -2.113422e+00 4.000000e+00 -2.065794e+01
      vertex   -4.550186e+00 4.000000e+00 -2.008177e+01
      vertex   -2.009990e+00 4.000000e+00 -2.043437e+01
    endloop
  endfacet
  facet normal 0.000000e+00 1.000000e+00 -0.000000e+00
    outer loop
      vertex   -2.009990e+00 4.000000e+00 -2.043437e+01
      vertex   -4.550186e+00 4.000000e+00 -2.008177e+01
      vertex   -1.882992e+00 4.000000e+00 -2.022330e+01
    endloop
  endfacet
  facet normal 0.000000e+00 1.000000e+00 0.000000e+00
    outer loop
      vertex   -1.882992e+00 4.000000e+00 -2.022330e+01
      vertex   -4.550186e+00 4.000000e+00 -2.008177e+01
      vertex   -4.612861e+00 4.000000e+00 -1.937488e+01
    endloop
  endfacet
  facet normal 0.000000e+00 1.000000e+00 -0.000000e+00
    outer loop
      vertex   -1.882992e+00 4.000000e+00 -2.022330e+01
      vertex   -4.612861e+00 4.000000e+00 -1.937488e+01
      vertex   -1.733919e+00 4.000000e+00 -2.002720e+01
    endloop
  endfacet
  facet normal 0.000000e+00 1.000000e+00 0.000000e+00
    outer loop
      vertex   -1.733919e+00 4.000000e+00 -2.002720e+01
      vertex   -4.612861e+00 4.000000e+00 -1.937488e+01
      vertex   -4.700495e+00 4.000000e+00 -1.867064e+01
    endloop
  endfacet
  facet normal 0.000000e+00 1.000000e+00 -0.000000e+00
    outer loop
      vertex   -1.733919e+00 4.000000e+00 -2.002720e+01
      vertex   -4.700495e+00 4.000000e+00 -1.867064e+01
      vertex   -1.564516e+00 4.000000e+00 -1.984836e+01
    endloop
  endfacet
  facet normal 0.000000e+00 1.000000e+00 -0.000000e+00
    outer loop
      vertex   -1.564516e+00 4.000000e+00 -1.984836e+01
      vertex   -4.700495e+00 4.000000e+00 -1.867064e+01
      vertex   -1.376771e+00 4.000000e+00 -1.968889e+01
    endloop
  endfacet
  facet normal 0.000000e+00 1.000000e+00 0.000000e+00
    outer loop
      vertex   -1.376771e+00 4.000000e+00 -1.968889e+01
      vertex   -4.700495e+00 4.000000e+00 -1.867064e+01
      vertex   -4.812979e+00 4.000000e+00 -1.796994e+01
    endloop
  endfacet
  facet normal 0.000000e+00 1.000000e+00 -0.000000e+00
    outer loop
      vertex   -1.376771e+00 4.000000e+00 -1.968889e+01
      vertex   -4.812979e+00 4.000000e+00 -1.796994e+01
      vertex   -1.172885e+00 4.000000e+00 -1.955065e+01
    endloop
  endfacet
  facet normal 0.000000e+00 1.000000e+00 -0.000000e+00
    outer loop
      vertex   -1.172885e+00 4.000000e+00 -1.955065e+01
      vertex   -4.812979e+00 4.000000e+00 -1.796994e+01
      vertex   -9.552477e-01 4.000000e+00 -1.943527e+01
    endloop
  endfacet
  facet normal 0.000000e+00 1.000000e+00 0.000000e+00
    outer loop
      vertex   -9.552477e-01 4.000000e+00 -1.943527e+01
      vertex   -4.812979e+00 4.000000e+00 -1.796994e+01
      vertex   -4.950173e+00 4.000000e+00 -1.727366e+01
    endloop
  endfacet
  facet normal 0.000000e+00 1.000000e+00 -0.000000e+00
    outer loop
      vertex   -9.552477e-01 4.000000e+00 -1.943527e+01
      vertex   -4.950173e+00 4.000000e+00 -1.727366e+01
      vertex   -7.264110e-01 4.000000e+00 -1.934409e+01
    endloop
  endfacet
  facet normal 0.000000e+00 1.000000e+00 0.000000e+00
    outer loop
      vertex   -7.264110e-01 4.000000e+00 -1.934409e+01
      vertex   -4.950173e+00 4.000000e+00 -1.727366e+01
      vertex   -5.111904e+00 4.000000e+00 -1.658266e+01
    endloop
  endfacet
  facet normal 0.000000e+00 1.000000e+00 -0.000000e+00
    outer loop
      vertex   -7.264110e-01 4.000000e+00 -1.934409e+01
      vertex   -5.111904e+00 4.000000e+00 -1.658266e+01
      vertex   -4.890578e-01 4.000000e+00 -1.927819e+01
    endloop
  endfacet
  facet normal 0.000000e+00 1.000000e+00 0.000000e+00
    outer loop
      vertex   -4.890578e-01 4.000000e+00 -1.927819e+01
      vertex   -5.111904e+00 4.000000e+00 -1.658266e+01
      vertex   -5.297972e+00 4.000000e+00 -1.589782e+01
    endloop
  endfacet
  facet normal 0.000000e+00 1.000000e+00 -0.000000e+00
    outer loop
      vertex   -4.890578e-01 4.000000e+00 -1.927819e+01
      vertex   -5.297972e+00 4.000000e+00 -1.589782e+01
      vertex   -2.459708e-01 4.000000e+00 -1.923834e+01
    endloop
  endfacet
  facet normal 0.000000e+00 1.000000e+00 -0.000000e+00
    outer loop
      vertex   -2.459708e-01 4.000000e+00 -1.923834e+01
      vertex   -5.297972e+00 4.000000e+00 -1.589782e+01
      vertex   0.000000e+00 4.000000e+00 -1.922500e+01
    endloop
  endfacet
  facet normal 0.000000e+00 1.000000e+00 0.000000e+00
    outer loop
      vertex   0.000000e+00 4.000000e+00 -1.922500e+01
      vertex   -5.297972e+00 4.000000e+00 -1.589782e+01
      vertex   -5.508142e+00 4.000000e+00 -1.521999e+01
    endloop
  endfacet
  facet normal 0.000000e+00 1.000000e+00 -0.000000e+00
    outer loop
      vertex   0.000000e+00 4.000000e+00 -1.922500e+01
      vertex   -5.508142e+00 4.000000e+00 -1.521999e+01
      vertex   5.508142e+00 4.000000e+00 -1.521999e+01
    endloop
  endfacet
  facet normal 0.000000e+00 1.000000e+00 0.000000e+00
    outer loop
      vertex   5.508142e+00 4.000000e+00 -1.521999e+01
      vertex   -5.508142e+00 4.000000e+00 -1.521999e+01
      vertex   -5.742152e+00 4.000000e+00 -1.455001e+01
    endloop
  endfacet
  facet normal 0.000000e+00 1.000000e+00 -0.000000e+00
    outer loop
      vertex   5.508142e+00 4.000000e+00 -1.521999e+01
      vertex   -5.742152e+00 4.000000e+00 -1.455001e+01
      vertex   5.742152e+00 4.000000e+00 -1.455001e+01
    endloop
  endfacet
  facet normal 0.000000e+00 1.000000e+00 0.000000e+00
    outer loop
      vertex   5.742152e+00 4.000000e+00 -1.455001e+01
      vertex   -5.742152e+00 4.000000e+00 -1.455001e+01
      vertex   -5.999708e+00 4.000000e+00 -1.388873e+01
    endloop
  endfacet
  facet normal 0.000000e+00 1.000000e+00 -0.000000e+00
    outer loop
      vertex   5.742152e+00 4.000000e+00 -1.455001e+01
      vertex   -5.999708e+00 4.000000e+00 -1.388873e+01
      vertex   5.999708e+00 4.000000e+00 -1.388873e+01
    endloop
  endfacet
  facet normal 0.000000e+00 1.000000e+00 0.000000e+00
    outer loop
      vertex   5.999708e+00 4.000000e+00 -1.388873e+01
      vertex   -5.999708e+00 4.000000e+00 -1.388873e+01
      vertex   -6.280490e+00 4.000000e+00 -1.323697e+01
    endloop
  endfacet
  facet normal 0.000000e+00 1.000000e+00 -0.000000e+00
    outer loop
      vertex   5.999708e+00 4.000000e+00 -1.388873e+01
      vertex   -6.280490e+00 4.000000e+00 -1.323697e+01
      vertex   6.280490e+00 4.000000e+00 -1.323697e+01
    endloop
  endfacet
  facet normal 0.000000e+00 1.000000e+00 0.000000e+00
    outer loop
      vertex   6.280490e+00 4.000000e+00 -1.323697e+01
      vertex   -6.280490e+00 4.000000e+00 -1.323697e+01
      vertex   -6.584146e+00 4.000000e+00 -1.259554e+01
    endloop
  endfacet
  facet normal 0.000000e+00 1.000000e+00 -0.000000e+00
    outer loop
      vertex   6.280490e+00 4.000000e+00 -1.323697e+01
      vertex   -6.584146e+00 4.000000e+00 -1.259554e+01
      vertex   6.584146e+00 4.000000e+00 -1.259554e+01
    endloop
  endfacet
  facet normal 0.000000e+00 1.000000e+00 0.000000e+00
    outer loop
      vertex   6.584146e+00 4.000000e+00 -1.259554e+01
      vertex   -6.584146e+00 4.000000e+00 -1.259554e+01
      vertex   -6.910295e+00 4.000000e+00 -1.196526e+01
    endloop
  endfacet
  facet normal 0.000000e+00 1.000000e+00 -0.000000e+00
    outer loop
      vertex   6.584146e+00 4.000000e+00 -1.259554e+01
      vertex   -6.910295e+00 4.000000e+00 -1.196526e+01
      vertex   6.910295e+00 4.000000e+00 -1.196526e+01
    endloop
  endfacet
  facet normal 0.000000e+00 1.000000e+00 0.000000e+00
    outer loop
      vertex   6.910295e+00 4.000000e+00 -1.196526e+01
      vertex   -6.910295e+00 4.000000e+00 -1.196526e+01
      vertex   -7.258530e+00 4.000000e+00 -1.134691e+01
    endloop
  endfacet
  facet normal 0.000000e+00 1.000000e+00 -0.000000e+00
    outer loop
      vertex   6.910295e+00 4.000000e+00 -1.196526e+01
      vertex   -7.258530e+00 4.000000e+00 -1.134691e+01
      vertex   7.258530e+00 4.000000e+00 -1.134691e+01
    endloop
  endfacet
  facet normal 0.000000e+00 1.000000e+00 0.000000e+00
    outer loop
      vertex   7.258530e+00 4.000000e+00 -1.134691e+01
      vertex   -7.258530e+00 4.000000e+00 -1.134691e+01
      vertex   -7.628414e+00 4.000000e+00 -1.074125e+01
    endloop
  endfacet
  facet normal 0.000000e+00 1.000000e+00 -0.000000e+00
    outer loop
      vertex   7.258530e+00 4.000000e+00 -1.134691e+01
      vertex   -7.628414e+00 4.000000e+00 -1.074125e+01
      vertex   7.628414e+00 4.000000e+00 -1.074125e+01
    endloop
  endfacet
  facet normal 0.000000e+00 1.000000e+00 0.000000e+00
    outer loop
      vertex   7.628414e+00 4.000000e+00 -1.074125e+01
      vertex   -7.628414e+00 4.000000e+00 -1.074125e+01
      vertex   -8.019486e+00 4.000000e+00 -1.014906e+01
    endloop
  endfacet
  facet normal 0.000000e+00 1.000000e+00 -0.000000e+00
    outer loop
      vertex   7.628414e+00 4.000000e+00 -1.074125e+01
      vertex   -8.019486e+00 4.000000e+00 -1.014906e+01
      vertex   8.019486e+00 4.000000e+00 -1.014906e+01
    endloop
  endfacet
  facet normal 0.000000e+00 1.000000e+00 0.000000e+00
    outer loop
      vertex   8.019486e+00 4.000000e+00 -1.014906e+01
      vertex   -8.019486e+00 4.000000e+00 -1.014906e+01
      vertex   -8.431257e+00 4.000000e+00 -9.571068e+00
    endloop
  endfacet
  facet normal 0.000000e+00 1.000000e+00 -0.000000e+00
    outer loop
      vertex   8.019486e+00 4.000000e+00 -1.014906e+01
      vertex   -8.431257e+00 4.000000e+00 -9.571068e+00
      vertex   8.431257e+00 4.000000e+00 -9.571068e+00
    endloop
  endfacet
  facet normal 0.000000e+00 1.000000e+00 0.000000e+00
    outer loop
      vertex   5.508142e+00 4.000000e+00 -1.521999e+01
      vertex   5.297972e+00 4.000000e+00 -1.589782e+01
      vertex   0.000000e+00 4.000000e+00 -1.922500e+01
    endloop
  endfacet
  facet normal -0.000000e+00 1.000000e+00 0.000000e+00
    outer loop
      vertex   0.000000e+00 4.000000e+00 -1.922500e+01
      vertex   5.297972e+00 4.000000e+00 -1.589782e+01
      vertex   2.459708e-01 4.000000e+00 -1.923834e+01
    endloop
  endfacet
  facet normal -0.000000e+00 1.000000e+00 0.000000e+00
    outer loop
      vertex   2.459708e-01 4.000000e+00 -1.923834e+01
      vertex   5.297972e+00 4.000000e+00 -1.589782e+01
      vertex   4.890578e-01 4.000000e+00 -1.927819e+01
    endloop
  endfacet
  facet normal 0.000000e+00 1.000000e+00 0.000000e+00
    outer loop
      vertex   4.890578e-01 4.000000e+00 -1.927819e+01
      vertex   5.297972e+00 4.000000e+00 -1.589782e+01
      vertex   5.111904e+00 4.000000e+00 -1.658266e+01
    endloop
  endfacet
  facet normal -0.000000e+00 1.000000e+00 0.000000e+00
    outer loop
      vertex   4.890578e-01 4.000000e+00 -1.927819e+01
      vertex   5.111904e+00 4.000000e+00 -1.658266e+01
      vertex   7.264110e-01 4.000000e+00 -1.934409e+01
    endloop
  endfacet
  facet normal 0.000000e+00 1.000000e+00 0.000000e+00
    outer loop
      vertex   7.264110e-01 4.000000e+00 -1.934409e+01
      vertex   5.111904e+00 4.000000e+00 -1.658266e+01
      vertex   4.950173e+00 4.000000e+00 -1.727366e+01
    endloop
  endfacet
  facet normal -0.000000e+00 1.000000e+00 0.000000e+00
    outer loop
      vertex   7.264110e-01 4.000000e+00 -1.934409e+01
      vertex   4.950173e+00 4.000000e+00 -1.727366e+01
      vertex   9.552477e-01 4.000000e+00 -1.943527e+01
    endloop
  endfacet
  facet normal 0.000000e+00 1.000000e+00 0.000000e+00
    outer loop
      vertex   9.552477e-01 4.000000e+00 -1.943527e+01
      vertex   4.950173e+00 4.000000e+00 -1.727366e+01
      vertex   4.812979e+00 4.000000e+00 -1.796994e+01
    endloop
  endfacet
  facet normal -0.000000e+00 1.000000e+00 0.000000e+00
    outer loop
      vertex   9.552477e-01 4.000000e+00 -1.943527e+01
      vertex   4.812979e+00 4.000000e+00 -1.796994e+01
      vertex   1.172885e+00 4.000000e+00 -1.955065e+01
    endloop
  endfacet
  facet normal -0.000000e+00 1.000000e+00 0.000000e+00
    outer loop
      vertex   1.172885e+00 4.000000e+00 -1.955065e+01
      vertex   4.812979e+00 4.000000e+00 -1.796994e+01
      vertex   1.376771e+00 4.000000e+00 -1.968889e+01
    endloop
  endfacet
  facet normal 0.000000e+00 1.000000e+00 0.000000e+00
    outer loop
      vertex   1.376771e+00 4.000000e+00 -1.968889e+01
      vertex   4.812979e+00 4.000000e+00 -1.796994e+01
      vertex   4.700495e+00 4.000000e+00 -1.867064e+01
    endloop
  endfacet
  facet normal -0.000000e+00 1.000000e+00 0.000000e+00
    outer loop
      vertex   1.376771e+00 4.000000e+00 -1.968889e+01
      vertex   4.700495e+00 4.000000e+00 -1.867064e+01
      vertex   1.564516e+00 4.000000e+00 -1.984836e+01
    endloop
  endfacet
  facet normal -0.000000e+00 1.000000e+00 0.000000e+00
    outer loop
      vertex   1.564516e+00 4.000000e+00 -1.984836e+01
      vertex   4.700495e+00 4.000000e+00 -1.867064e+01
      vertex   1.733919e+00 4.000000e+00 -2.002720e+01
    endloop
  endfacet
  facet normal 0.000000e+00 1.000000e+00 0.000000e+00
    outer loop
      vertex   1.733919e+00 4.000000e+00 -2.002720e+01
      vertex   4.700495e+00 4.000000e+00 -1.867064e+01
      vertex   4.612861e+00 4.000000e+00 -1.937488e+01
    endloop
  endfacet
  facet normal -0.000000e+00 1.000000e+00 0.000000e+00
    outer loop
      vertex   1.733919e+00 4.000000e+00 -2.002720e+01
      vertex   4.612861e+00 4.000000e+00 -1.937488e+01
      vertex   1.882992e+00 4.000000e+00 -2.022330e+01
    endloop
  endfacet
  facet normal 0.000000e+00 1.000000e+00 0.000000e+00
    outer loop
      vertex   1.882992e+00 4.000000e+00 -2.022330e+01
      vertex   4.612861e+00 4.000000e+00 -1.937488e+01
      vertex   4.550186e+00 4.000000e+00 -2.008177e+01
    endloop
  endfacet
  facet normal -0.000000e+00 1.000000e+00 0.000000e+00
    outer loop
      vertex   1.882992e+00 4.000000e+00 -2.022330e+01
      vertex   4.550186e+00 4.000000e+00 -2.008177e+01
      vertex   2.009990e+00 4.000000e+00 -2.043437e+01
    endloop
  endfacet
  facet normal -0.000000e+00 1.000000e+00 0.000000e+00
    outer loop
      vertex   2.009990e+00 4.000000e+00 -2.043437e+01
      vertex   4.550186e+00 4.000000e+00 -2.008177e+01
      vertex   2.113422e+00 4.000000e+00 -2.065794e+01
    endloop
  endfacet
  facet normal -0.000000e+00 1.000000e+00 0.000000e+00
    outer loop
      vertex   2.113422e+00 4.000000e+00 -2.065794e+01
      vertex   4.550186e+00 4.000000e+00 -2.008177e+01
      vertex   4.512551e+00 4.000000e+00 -2.079044e+01
    endloop
  endfacet
  facet normal 0.000000e+00 1.000000e+00 0.000000e+00
    outer loop
      vertex   2.113422e+00 4.000000e+00 -2.065794e+01
      vertex   4.512551e+00 4.000000e+00 -2.079044e+01
      vertex   2.192076e+00 4.000000e+00 -2.089137e+01
    endloop
  endfacet
  facet normal -0.000000e+00 1.000000e+00 0.000000e+00
    outer loop
      vertex   2.192076e+00 4.000000e+00 -2.089137e+01
      vertex   4.512551e+00 4.000000e+00 -2.079044e+01
      vertex   2.245030e+00 4.000000e+00 -2.113195e+01
    endloop
  endfacet
  facet normal -0.000000e+00 1.000000e+00 0.000000e+00
    outer loop
      vertex   2.245030e+00 4.000000e+00 -2.113195e+01
      vertex   4.512551e+00 4.000000e+00 -2.079044e+01
      vertex   4.500000e+00 4.000000e+00 -2.150000e+01
    endloop
  endfacet
  facet normal -0.000000e+00 1.000000e+00 0.000000e+00
    outer loop
      vertex   1.733919e+00 4.000000e+00 -2.297280e+01
      vertex   1.882992e+00 4.000000e+00 -2.277670e+01
      vertex   2.728014e+00 4.000000e+00 -2.507882e+01
    endloop
  endfacet
  facet normal 0.000000e+00 1.000000e+00 0.000000e+00
    outer loop
      vertex   2.728014e+00 4.000000e+00 -2.507882e+01
      vertex   1.882992e+00 4.000000e+00 -2.277670e+01
      vertex   2.009990e+00 4.000000e+00 -2.256563e+01
    endloop
  endfacet
  facet normal 0.000000e+00 1.000000e+00 0.000000e+00
    outer loop
      vertex   2.728014e+00 4.000000e+00 -2.507882e+01
      vertex   2.009990e+00 4.000000e+00 -2.256563e+01
      vertex   2.113422e+00 4.000000e+00 -2.234206e+01
    endloop
  endfacet
  facet normal -0.000000e+00 1.000000e+00 0.000000e+00
    outer loop
      vertex   2.113422e+00 4.000000e+00 -2.234206e+01
      vertex   2.192076e+00 4.000000e+00 -2.210863e+01
      vertex   2.728014e+00 4.000000e+00 -2.507882e+01
    endloop
  endfacet
  facet normal 0.000000e+00 1.000000e+00 0.000000e+00
    outer loop
      vertex   2.728014e+00 4.000000e+00 -2.507882e+01
      vertex   2.192076e+00 4.000000e+00 -2.210863e+01
      vertex   2.245030e+00 4.000000e+00 -2.186805e+01
    endloop
  endfacet
  facet normal -1.000000e+00 -0.000000e+00 -0.000000e+00
    outer loop
      vertex   -1.990000e+01 9.000000e+00 1.600000e+01
      vertex   -1.990000e+01 9.000000e+00 8.000000e+00
      vertex   -1.990000e+01 8.500000e+00 1.650000e+01
    endloop
  endfacet
  facet normal -1.000000e+00 0.000000e+00 0.000000e+00
    outer loop
      vertex   -1.990000e+01 8.500000e+00 1.650000e+01
      vertex   -1.990000e+01 9.000000e+00 8.000000e+00
      vertex   -1.990000e+01 8.500000e+00 7.500000e+00
    endloop
  endfacet
  facet normal -1.000000e+00 -0.000000e+00 -0.000000e+00
    outer loop
      vertex   -1.990000e+01 8.500000e+00 1.650000e+01
      vertex   -1.990000e+01 8.500000e+00 7.500000e+00
      vertex   -1.990000e+01 8.000000e+00 1.650000e+01
    endloop
  endfacet
  facet normal -1.000000e+00 0.000000e+00 0.000000e+00
    outer loop
      vertex   -1.990000e+01 8.000000e+00 1.650000e+01
      vertex   -1.990000e+01 8.500000e+00 7.500000e+00
      vertex   -1.990000e+01 8.000000e+00 7.500000e+00
    endloop
  endfacet
  facet normal -1.000000e+00 -0.000000e+00 -0.000000e+00
    outer loop
      vertex   -1.990000e+01 8.000000e+00 1.650000e+01
      vertex   -1.990000e+01 8.000000e+00 7.500000e+00
      vertex   -1.990000e+01 3.000000e+00 2.650000e+01
    endloop
  endfacet
  facet normal -1.000000e+00 0.000000e+00 -0.000000e+00
    outer loop
      vertex   -1.990000e+01 3.000000e+00 2.650000e+01
      vertex   -1.990000e+01 8.000000e+00 7.500000e+00
      vertex   -1.990000e+01 5.000000e-01 -2.500000e+00
    endloop
  endfacet
  facet normal -1.000000e+00 0.000000e+00 0.000000e+00
    outer loop
      vertex   -1.990000e+01 3.000000e+00 2.650000e+01
      vertex   -1.990000e+01 5.000000e-01 -2.500000e+00
      vertex   -1.990000e+01 0.000000e+00 2.350000e+01
    endloop
  endfacet
  facet normal -1.000000e+00 0.000000e+00 0.000000e+00
    outer loop
      vertex   -1.990000e+01 0.000000e+00 2.350000e+01
      vertex   -1.990000e+01 5.000000e-01 -2.500000e+00
      vertex   -1.990000e+01 0.000000e+00 -1.985541e+00
    endloop
  endfacet
  facet normal -1.000000e+00 0.000000e+00 -0.000000e+00
    outer loop
      vertex   -1.990000e+01 8.000000e+00 7.500000e+00
      vertex   -1.990000e+01 8.000000e+00 -2.500000e+00
      vertex   -1.990000e+01 5.000000e-01 -2.500000e+00
    endloop
  endfacet
  facet normal -1.000000e+00 0.000000e+00 0.000000e+00
    outer loop
      vertex   -1.990000e+01 3.000000e+00 2.650000e+01
      vertex   -1.990000e+01 8.000000e+00 2.650000e+01
      vertex   -1.990000e+01 8.000000e+00 1.650000e+01
    endloop
  endfacet
  facet normal 0.000000e+00 1.000000e+00 0.000000e+00
    outer loop
      vertex   -1.990000e+01 8.000000e+00 1.650000e+01
      vertex   -1.520884e+01 8.000000e+00 1.891369e+01
      vertex   -1.100000e+01 8.000000e+00 1.650000e+01
    endloop
  endfacet
  facet normal 0.000000e+00 1.000000e+00 0.000000e+00
    outer loop
      vertex   -1.100000e+01 8.000000e+00 1.650000e+01
      vertex   -1.520884e+01 8.000000e+00 1.891369e+01
      vertex   -1.500000e+01 8.000000e+00 1.890000e+01
    endloop
  endfacet
  facet normal 0.000000e+00 1.000000e+00 0.000000e+00
    outer loop
      vertex   -1.100000e+01 8.000000e+00 1.650000e+01
      vertex   -1.500000e+01 8.000000e+00 1.890000e+01
      vertex   -1.479116e+01 8.000000e+00 1.891369e+01
    endloop
  endfacet
  facet normal 0.000000e+00 1.000000e+00 0.000000e+00
    outer loop
      vertex   -1.990000e+01 8.000000e+00 2.650000e+01
      vertex   -1.658631e+01 8.000000e+00 2.070884e+01
      vertex   -1.990000e+01 8.000000e+00 1.650000e+01
    endloop
  endfacet
  facet normal 0.000000e+00 1.000000e+00 0.000000e+00
    outer loop
      vertex   -1.990000e+01 8.000000e+00 1.650000e+01
      vertex   -1.658631e+01 8.000000e+00 2.070884e+01
      vertex   -1.660000e+01 8.000000e+00 2.050000e+01
    endloop
  endfacet
  facet normal 0.000000e+00 1.000000e+00 0.000000e+00
    outer loop
      vertex   -1.990000e+01 8.000000e+00 1.650000e+01
      vertex   -1.660000e+01 8.000000e+00 2.050000e+01
      vertex   -1.658631e+01 8.000000e+00 2.029116e+01
    endloop
  endfacet
  facet normal 0.000000e+00 1.000000e+00 0.000000e+00
    outer loop
      vertex   -1.100000e+01 8.000000e+00 2.650000e+01
      vertex   -1.520884e+01 8.000000e+00 2.208631e+01
      vertex   -1.990000e+01 8.000000e+00 2.650000e+01
    endloop
  endfacet
  facet normal 0.000000e+00 1.000000e+00 0.000000e+00
    outer loop
      vertex   -1.990000e+01 8.000000e+00 2.650000e+01
      vertex   -1.520884e+01 8.000000e+00 2.208631e+01
      vertex   -1.541411e+01 8.000000e+00 2.204548e+01
    endloop
  endfacet
  facet normal 0.000000e+00 1.000000e+00 0.000000e+00
    outer loop
      vertex   -1.990000e+01 8.000000e+00 2.650000e+01
      vertex   -1.541411e+01 8.000000e+00 2.204548e+01
      vertex   -1.561229e+01 8.000000e+00 2.197821e+01
    endloop
  endfacet
  facet normal 0.000000e+00 1.000000e+00 -0.000000e+00
    outer loop
      vertex   -1.100000e+01 8.000000e+00 1.650000e+01
      vertex   -1.341369e+01 8.000000e+00 2.070884e+01
      vertex   -1.100000e+01 8.000000e+00 2.650000e+01
    endloop
  endfacet
  facet normal 0.000000e+00 1.000000e+00 0.000000e+00
    outer loop
      vertex   -1.100000e+01 8.000000e+00 2.650000e+01
      vertex   -1.341369e+01 8.000000e+00 2.070884e+01
      vertex   -1.345452e+01 8.000000e+00 2.091411e+01
    endloop
  endfacet
  facet normal 0.000000e+00 1.000000e+00 0.000000e+00
    outer loop
      vertex   -1.100000e+01 8.000000e+00 2.650000e+01
      vertex   -1.345452e+01 8.000000e+00 2.091411e+01
      vertex   -1.352179e+01 8.000000e+00 2.111229e+01
    endloop
  endfacet
  facet normal -0.000000e+00 1.000000e+00 0.000000e+00
    outer loop
      vertex   -1.479116e+01 8.000000e+00 1.891369e+01
      vertex   -1.458589e+01 8.000000e+00 1.895452e+01
      vertex   -1.100000e+01 8.000000e+00 1.650000e+01
    endloop
  endfacet
  facet normal 0.000000e+00 1.000000e+00 0.000000e+00
    outer loop
      vertex   -1.100000e+01 8.000000e+00 1.650000e+01
      vertex   -1.458589e+01 8.000000e+00 1.895452e+01
      vertex   -1.438771e+01 8.000000e+00 1.902179e+01
    endloop
  endfacet
  facet normal 0.000000e+00 1.000000e+00 0.000000e+00
    outer loop
      vertex   -1.100000e+01 8.000000e+00 1.650000e+01
      vertex   -1.438771e+01 8.000000e+00 1.902179e+01
      vertex   -1.420000e+01 8.000000e+00 1.911436e+01
    endloop
  endfacet
  facet normal -0.000000e+00 1.000000e+00 0.000000e+00
    outer loop
      vertex   -1.420000e+01 8.000000e+00 1.911436e+01
      vertex   -1.402598e+01 8.000000e+00 1.923063e+01
      vertex   -1.100000e+01 8.000000e+00 1.650000e+01
    endloop
  endfacet
  facet normal 0.000000e+00 1.000000e+00 0.000000e+00
    outer loop
      vertex   -1.100000e+01 8.000000e+00 1.650000e+01
      vertex   -1.402598e+01 8.000000e+00 1.923063e+01
      vertex   -1.386863e+01 8.000000e+00 1.936863e+01
    endloop
  endfacet
  facet normal 0.000000e+00 1.000000e+00 0.000000e+00
    outer loop
      vertex   -1.100000e+01 8.000000e+00 1.650000e+01
      vertex   -1.386863e+01 8.000000e+00 1.936863e+01
      vertex   -1.373063e+01 8.000000e+00 1.952598e+01
    endloop
  endfacet
  facet normal -0.000000e+00 1.000000e+00 0.000000e+00
    outer loop
      vertex   -1.373063e+01 8.000000e+00 1.952598e+01
      vertex   -1.361436e+01 8.000000e+00 1.970000e+01
      vertex   -1.100000e+01 8.000000e+00 1.650000e+01
    endloop
  endfacet
  facet normal 0.000000e+00 1.000000e+00 0.000000e+00
    outer loop
      vertex   -1.100000e+01 8.000000e+00 1.650000e+01
      vertex   -1.361436e+01 8.000000e+00 1.970000e+01
      vertex   -1.352179e+01 8.000000e+00 1.988771e+01
    endloop
  endfacet
  facet normal 0.000000e+00 1.000000e+00 0.000000e+00
    outer loop
      vertex   -1.100000e+01 8.000000e+00 1.650000e+01
      vertex   -1.352179e+01 8.000000e+00 1.988771e+01
      vertex   -1.345452e+01 8.000000e+00 2.008589e+01
    endloop
  endfacet
  facet normal -0.000000e+00 1.000000e+00 0.000000e+00
    outer loop
      vertex   -1.345452e+01 8.000000e+00 2.008589e+01
      vertex   -1.341369e+01 8.000000e+00 2.029116e+01
      vertex   -1.100000e+01 8.000000e+00 1.650000e+01
    endloop
  endfacet
  facet normal 0.000000e+00 1.000000e+00 0.000000e+00
    outer loop
      vertex   -1.100000e+01 8.000000e+00 1.650000e+01
      vertex   -1.341369e+01 8.000000e+00 2.029116e+01
      vertex   -1.340000e+01 8.000000e+00 2.050000e+01
    endloop
  endfacet
  facet normal 0.000000e+00 1.000000e+00 0.000000e+00
    outer loop
      vertex   -1.100000e+01 8.000000e+00 1.650000e+01
      vertex   -1.340000e+01 8.000000e+00 2.050000e+01
      vertex   -1.341369e+01 8.000000e+00 2.070884e+01
    endloop
  endfacet
  facet normal 0.000000e+00 1.000000e+00 -0.000000e+00
    outer loop
      vertex   -1.352179e+01 8.000000e+00 2.111229e+01
      vertex   -1.361436e+01 8.000000e+00 2.130000e+01
      vertex   -1.100000e+01 8.000000e+00 2.650000e+01
    endloop
  endfacet
  facet normal 0.000000e+00 1.000000e+00 0.000000e+00
    outer loop
      vertex   -1.100000e+01 8.000000e+00 2.650000e+01
      vertex   -1.361436e+01 8.000000e+00 2.130000e+01
      vertex   -1.373063e+01 8.000000e+00 2.147402e+01
    endloop
  endfacet
  facet normal 0.000000e+00 1.000000e+00 0.000000e+00
    outer loop
      vertex   -1.100000e+01 8.000000e+00 2.650000e+01
      vertex   -1.373063e+01 8.000000e+00 2.147402e+01
      vertex   -1.386863e+01 8.000000e+00 2.163137e+01
    endloop
  endfacet
  facet normal 0.000000e+00 1.000000e+00 -0.000000e+00
    outer loop
      vertex   -1.386863e+01 8.000000e+00 2.163137e+01
      vertex   -1.402598e+01 8.000000e+00 2.176937e+01
      vertex   -1.100000e+01 8.000000e+00 2.650000e+01
    endloop
  endfacet
  facet normal 0.000000e+00 1.000000e+00 0.000000e+00
    outer loop
      vertex   -1.100000e+01 8.000000e+00 2.650000e+01
      vertex   -1.402598e+01 8.000000e+00 2.176937e+01
      vertex   -1.420000e+01 8.000000e+00 2.188564e+01
    endloop
  endfacet
  facet normal 0.000000e+00 1.000000e+00 0.000000e+00
    outer loop
      vertex   -1.100000e+01 8.000000e+00 2.650000e+01
      vertex   -1.420000e+01 8.000000e+00 2.188564e+01
      vertex   -1.438771e+01 8.000000e+00 2.197821e+01
    endloop
  endfacet
  facet normal 0.000000e+00 1.000000e+00 -0.000000e+00
    outer loop
      vertex   -1.438771e+01 8.000000e+00 2.197821e+01
      vertex   -1.458589e+01 8.000000e+00 2.204548e+01
      vertex   -1.100000e+01 8.000000e+00 2.650000e+01
    endloop
  endfacet
  facet normal 0.000000e+00 1.000000e+00 0.000000e+00
    outer loop
      vertex   -1.100000e+01 8.000000e+00 2.650000e+01
      vertex   -1.458589e+01 8.000000e+00 2.204548e+01
      vertex   -1.479116e+01 8.000000e+00 2.208631e+01
    endloop
  endfacet
  facet normal 0.000000e+00 1.000000e+00 0.000000e+00
    outer loop
      vertex   -1.100000e+01 8.000000e+00 2.650000e+01
      vertex   -1.479116e+01 8.000000e+00 2.208631e+01
      vertex   -1.500000e+01 8.000000e+00 2.210000e+01
    endloop
  endfacet
  facet normal 0.000000e+00 1.000000e+00 -0.000000e+00
    outer loop
      vertex   -1.500000e+01 8.000000e+00 2.210000e+01
      vertex   -1.520884e+01 8.000000e+00 2.208631e+01
      vertex   -1.100000e+01 8.000000e+00 2.650000e+01
    endloop
  endfacet
  facet normal 0.000000e+00 1.000000e+00 0.000000e+00
    outer loop
      vertex   -1.561229e+01 8.000000e+00 2.197821e+01
      vertex   -1.580000e+01 8.000000e+00 2.188564e+01
      vertex   -1.990000e+01 8.000000e+00 2.650000e+01
    endloop
  endfacet
  facet normal 0.000000e+00 1.000000e+00 0.000000e+00
    outer loop
      vertex   -1.990000e+01 8.000000e+00 2.650000e+01
      vertex   -1.580000e+01 8.000000e+00 2.188564e+01
      vertex   -1.597402e+01 8.000000e+00 2.176937e+01
    endloop
  endfacet
  facet normal 0.000000e+00 1.000000e+00 0.000000e+00
    outer loop
      vertex   -1.990000e+01 8.000000e+00 2.650000e+01
      vertex   -1.597402e+01 8.000000e+00 2.176937e+01
      vertex   -1.613137e+01 8.000000e+00 2.163137e+01
    endloop
  endfacet
  facet normal 0.000000e+00 1.000000e+00 0.000000e+00
    outer loop
      vertex   -1.613137e+01 8.000000e+00 2.163137e+01
      vertex   -1.626937e+01 8.000000e+00 2.147402e+01
      vertex   -1.990000e+01 8.000000e+00 2.650000e+01
    endloop
  endfacet
  facet normal 0.000000e+00 1.000000e+00 0.000000e+00
    outer loop
      vertex   -1.990000e+01 8.000000e+00 2.650000e+01
      vertex   -1.626937e+01 8.000000e+00 2.147402e+01
      vertex   -1.638564e+01 8.000000e+00 2.130000e+01
    endloop
  endfacet
  facet normal 0.000000e+00 1.000000e+00 0.000000e+00
    outer loop
      vertex   -1.990000e+01 8.000000e+00 2.650000e+01
      vertex   -1.638564e+01 8.000000e+00 2.130000e+01
      vertex   -1.647821e+01 8.000000e+00 2.111229e+01
    endloop
  endfacet
  facet normal 0.000000e+00 1.000000e+00 0.000000e+00
    outer loop
      vertex   -1.647821e+01 8.000000e+00 2.111229e+01
      vertex   -1.654548e+01 8.000000e+00 2.091411e+01
      vertex   -1.990000e+01 8.000000e+00 2.650000e+01
    endloop
  endfacet
  facet normal 0.000000e+00 1.000000e+00 0.000000e+00
    outer loop
      vertex   -1.990000e+01 8.000000e+00 2.650000e+01
      vertex   -1.654548e+01 8.000000e+00 2.091411e+01
      vertex   -1.658631e+01 8.000000e+00 2.070884e+01
    endloop
  endfacet
  facet normal 0.000000e+00 1.000000e+00 0.000000e+00
    outer loop
      vertex   -1.658631e+01 8.000000e+00 2.029116e+01
      vertex   -1.654548e+01 8.000000e+00 2.008589e+01
      vertex   -1.990000e+01 8.000000e+00 1.650000e+01
    endloop
  endfacet
  facet normal 0.000000e+00 1.000000e+00 0.000000e+00
    outer loop
      vertex   -1.990000e+01 8.000000e+00 1.650000e+01
      vertex   -1.654548e+01 8.000000e+00 2.008589e+01
      vertex   -1.647821e+01 8.000000e+00 1.988771e+01
    endloop
  endfacet
  facet normal 0.000000e+00 1.000000e+00 0.000000e+00
    outer loop
      vertex   -1.990000e+01 8.000000e+00 1.650000e+01
      vertex   -1.647821e+01 8.000000e+00 1.988771e+01
      vertex   -1.638564e+01 8.000000e+00 1.970000e+01
    endloop
  endfacet
  facet normal 0.000000e+00 1.000000e+00 0.000000e+00
    outer loop
      vertex   -1.638564e+01 8.000000e+00 1.970000e+01
      vertex   -1.626937e+01 8.000000e+00 1.952598e+01
      vertex   -1.990000e+01 8.000000e+00 1.650000e+01
    endloop
  endfacet
  facet normal 0.000000e+00 1.000000e+00 0.000000e+00
    outer loop
      vertex   -1.990000e+01 8.000000e+00 1.650000e+01
      vertex   -1.626937e+01 8.000000e+00 1.952598e+01
      vertex   -1.613137e+01 8.000000e+00 1.936863e+01
    endloop
  endfacet
  facet normal 0.000000e+00 1.000000e+00 0.000000e+00
    outer loop
      vertex   -1.990000e+01 8.000000e+00 1.650000e+01
      vertex   -1.613137e+01 8.000000e+00 1.936863e+01
      vertex   -1.597402e+01 8.000000e+00 1.923063e+01
    endloop
  endfacet
  facet normal 0.000000e+00 1.000000e+00 0.000000e+00
    outer loop
      vertex   -1.597402e+01 8.000000e+00 1.923063e+01
      vertex   -1.580000e+01 8.000000e+00 1.911436e+01
      vertex   -1.990000e+01 8.000000e+00 1.650000e+01
    endloop
  endfacet
  facet normal 0.000000e+00 1.000000e+00 0.000000e+00
    outer loop
      vertex   -1.990000e+01 8.000000e+00 1.650000e+01
      vertex   -1.580000e+01 8.000000e+00 1.911436e+01
      vertex   -1.561229e+01 8.000000e+00 1.902179e+01
    endloop
  endfacet
  facet normal 0.000000e+00 1.000000e+00 0.000000e+00
    outer loop
      vertex   -1.990000e+01 8.000000e+00 1.650000e+01
      vertex   -1.561229e+01 8.000000e+00 1.902179e+01
      vertex   -1.541411e+01 8.000000e+00 1.895452e+01
    endloop
  endfacet
  facet normal 0.000000e+00 1.000000e+00 0.000000e+00
    outer loop
      vertex   -1.541411e+01 8.000000e+00 1.895452e+01
      vertex   -1.520884e+01 8.000000e+00 1.891369e+01
      vertex   -1.990000e+01 8.000000e+00 1.650000e+01
    endloop
  endfacet
  facet normal 1.000000e+00 0.000000e+00 0.000000e+00
    outer loop
      vertex   1.990000e+01 8.500000e+00 7.500000e+00
      vertex   1.990000e+01 8.500000e+00 1.650000e+01
      vertex   1.990000e+01 8.000000e+00 7.500000e+00
    endloop
  endfacet
  facet normal 1.000000e+00 0.000000e+00 0.000000e+00
    outer loop
      vertex   1.990000e+01 8.000000e+00 7.500000e+00
      vertex   1.990000e+01 8.500000e+00 1.650000e+01
      vertex   1.990000e+01 8.000000e+00 1.650000e+01
    endloop
  endfacet
  facet normal 1.000000e+00 0.000000e+00 -0.000000e+00
    outer loop
      vertex   1.990000e+01 8.000000e+00 7.500000e+00
      vertex   1.990000e+01 8.000000e+00 1.650000e+01
      vertex   1.990000e+01 3.000000e+00 2.650000e+01
    endloop
  endfacet
  facet normal 1.000000e+00 -0.000000e+00 0.000000e+00
    outer loop
      vertex   1.990000e+01 3.000000e+00 2.650000e+01
      vertex   1.990000e+01 8.000000e+00 1.650000e+01
      vertex   1.990000e+01 8.000000e+00 2.650000e+01
    endloop
  endfacet
  facet normal 1.000000e+00 0.000000e+00 -0.000000e+00
    outer loop
      vertex   1.990000e+01 9.000000e+00 8.000000e+00
      vertex   1.990000e+01 9.000000e+00 1.600000e+01
      vertex   1.990000e+01 8.500000e+00 7.500000e+00
    endloop
  endfacet
  facet normal 1.000000e+00 0.000000e+00 -0.000000e+00
    outer loop
      vertex   1.990000e+01 8.500000e+00 7.500000e+00
      vertex   1.990000e+01 9.000000e+00 1.600000e+01
      vertex   1.990000e+01 8.500000e+00 1.650000e+01
    endloop
  endfacet
  facet normal 1.000000e+00 0.000000e+00 0.000000e+00
    outer loop
      vertex   1.990000e+01 8.000000e+00 7.500000e+00
      vertex   1.990000e+01 3.000000e+00 2.650000e+01
      vertex   1.990000e+01 5.000000e-01 -2.500000e+00
    endloop
  endfacet
  facet normal 1.000000e+00 0.000000e+00 -0.000000e+00
    outer loop
      vertex   1.990000e+01 5.000000e-01 -2.500000e+00
      vertex   1.990000e+01 3.000000e+00 2.650000e+01
      vertex   1.990000e+01 0.000000e+00 2.350000e+01
    endloop
  endfacet
  facet normal 1.000000e+00 0.000000e+00 0.000000e+00
    outer loop
      vertex   1.990000e+01 5.000000e-01 -2.500000e+00
      vertex   1.990000e+01 0.000000e+00 2.350000e+01
      vertex   1.990000e+01 0.000000e+00 -1.985541e+00
    endloop
  endfacet
  facet normal 1.000000e+00 0.000000e+00 0.000000e+00
    outer loop
      vertex   1.990000e+01 5.000000e-01 -2.500000e+00
      vertex   1.990000e+01 8.000000e+00 -2.500000e+00
      vertex   1.990000e+01 8.000000e+00 7.500000e+00
    endloop
  endfacet
  facet normal -0.000000e+00 0.000000e+00 1.000000e+00
    outer loop
      vertex   -1.990000e+01 8.000000e+00 2.650000e+01
      vertex   -1.990000e+01 3.000000e+00 2.650000e+01
      vertex   -1.100000e+01 8.000000e+00 2.650000e+01
    endloop
  endfacet
  facet normal 0.000000e+00 0.000000e+00 1.000000e+00
    outer loop
      vertex   -1.100000e+01 8.000000e+00 2.650000e+01
      vertex   -1.990000e+01 3.000000e+00 2.650000e+01
      vertex   1.990000e+01 3.000000e+00 2.650000e+01
    endloop
  endfacet
  facet normal -0.000000e+00 0.000000e+00 1.000000e+00
    outer loop
      vertex   -1.100000e+01 8.000000e+00 2.650000e+01
      vertex   1.990000e+01 3.000000e+00 2.650000e+01
      vertex   1.100000e+01 8.000000e+00 2.650000e+01
    endloop
  endfacet
  facet normal -0.000000e+00 0.000000e+00 1.000000e+00
    outer loop
      vertex   1.100000e+01 8.000000e+00 2.650000e+01
      vertex   1.990000e+01 3.000000e+00 2.650000e+01
      vertex   1.990000e+01 8.000000e+00 2.650000e+01
    endloop
  endfacet
  facet normal 0.000000e+00 0.000000e+00 1.000000e+00
    outer loop
      vertex   1.100000e+01 1.800000e+01 2.650000e+01
      vertex   -1.100000e+01 1.800000e+01 2.650000e+01
      vertex   1.100000e+01 8.000000e+00 2.650000e+01
    endloop
  endfacet
  facet normal 0.000000e+00 0.000000e+00 1.000000e+00
    outer loop
      vertex   1.100000e+01 8.000000e+00 2.650000e+01
      vertex   -1.100000e+01 1.800000e+01 2.650000e+01
      vertex   -1.100000e+01 8.000000e+00 2.650000e+01
    endloop
  endfacet
  facet normal 0.000000e+00 1.000000e+00 0.000000e+00
    outer loop
      vertex   1.990000e+01 8.000000e+00 7.500000e+00
      vertex   1.520884e+01 8.000000e+00 5.086312e+00
      vertex   1.100000e+01 8.000000e+00 7.500000e+00
    endloop
  endfacet
  facet normal 0.000000e+00 1.000000e+00 0.000000e+00
    outer loop
      vertex   1.100000e+01 8.000000e+00 7.500000e+00
      vertex   1.520884e+01 8.000000e+00 5.086312e+00
      vertex   1.500000e+01 8.000000e+00 5.100000e+00
    endloop
  endfacet
  facet normal 0.000000e+00 1.000000e+00 0.000000e+00
    outer loop
      vertex   1.100000e+01 8.000000e+00 7.500000e+00
      vertex   1.500000e+01 8.000000e+00 5.100000e+00
      vertex   1.479116e+01 8.000000e+00 5.086312e+00
    endloop
  endfacet
  facet normal 0.000000e+00 1.000000e+00 -0.000000e+00
    outer loop
      vertex   1.990000e+01 8.000000e+00 -2.500000e+00
      vertex   1.658631e+01 8.000000e+00 3.291158e+00
      vertex   1.990000e+01 8.000000e+00 7.500000e+00
    endloop
  endfacet
  facet normal 0.000000e+00 1.000000e+00 0.000000e+00
    outer loop
      vertex   1.990000e+01 8.000000e+00 7.500000e+00
      vertex   1.658631e+01 8.000000e+00 3.291158e+00
      vertex   1.660000e+01 8.000000e+00 3.500000e+00
    endloop
  endfacet
  facet normal 0.000000e+00 1.000000e+00 0.000000e+00
    outer loop
      vertex   1.990000e+01 8.000000e+00 7.500000e+00
      vertex   1.660000e+01 8.000000e+00 3.500000e+00
      vertex   1.658631e+01 8.000000e+00 3.708842e+00
    endloop
  endfacet
  facet normal 0.000000e+00 1.000000e+00 -0.000000e+00
    outer loop
      vertex   1.928898e+01 8.000000e+00 -2.660496e+00
      vertex   1.647821e+01 8.000000e+00 2.887707e+00
      vertex   1.990000e+01 8.000000e+00 -2.500000e+00
    endloop
  endfacet
  facet normal 0.000000e+00 1.000000e+00 0.000000e+00
    outer loop
      vertex   1.990000e+01 8.000000e+00 -2.500000e+00
      vertex   1.647821e+01 8.000000e+00 2.887707e+00
      vertex   1.654548e+01 8.000000e+00 3.085890e+00
    endloop
  endfacet
  facet normal 0.000000e+00 1.000000e+00 0.000000e+00
    outer loop
      vertex   1.990000e+01 8.000000e+00 -2.500000e+00
      vertex   1.654548e+01 8.000000e+00 3.085890e+00
      vertex   1.658631e+01 8.000000e+00 3.291158e+00
    endloop
  endfacet
  facet normal 0.000000e+00 1.000000e+00 -0.000000e+00
    outer loop
      vertex   1.868346e+01 8.000000e+00 -2.840636e+00
      vertex   1.626937e+01 8.000000e+00 2.525982e+00
      vertex   1.928898e+01 8.000000e+00 -2.660496e+00
    endloop
  endfacet
  facet normal 0.000000e+00 1.000000e+00 0.000000e+00
    outer loop
      vertex   1.928898e+01 8.000000e+00 -2.660496e+00
      vertex   1.626937e+01 8.000000e+00 2.525982e+00
      vertex   1.638564e+01 8.000000e+00 2.700000e+00
    endloop
  endfacet
  facet normal 0.000000e+00 1.000000e+00 0.000000e+00
    outer loop
      vertex   1.928898e+01 8.000000e+00 -2.660496e+00
      vertex   1.638564e+01 8.000000e+00 2.700000e+00
      vertex   1.647821e+01 8.000000e+00 2.887707e+00
    endloop
  endfacet
  facet normal 0.000000e+00 1.000000e+00 0.000000e+00
    outer loop
      vertex   1.626937e+01 8.000000e+00 2.525982e+00
      vertex   1.868346e+01 8.000000e+00 -2.840636e+00
      vertex   1.613137e+01 8.000000e+00 2.368629e+00
    endloop
  endfacet
  facet normal 0.000000e+00 1.000000e+00 0.000000e+00
    outer loop
      vertex   1.613137e+01 8.000000e+00 2.368629e+00
      vertex   1.868346e+01 8.000000e+00 -2.840636e+00
      vertex   1.808407e+01 8.000000e+00 -3.040232e+00
    endloop
  endfacet
  facet normal 0.000000e+00 1.000000e+00 0.000000e+00
    outer loop
      vertex   1.613137e+01 8.000000e+00 2.368629e+00
      vertex   1.808407e+01 8.000000e+00 -3.040232e+00
      vertex   1.597402e+01 8.000000e+00 2.230635e+00
    endloop
  endfacet
  facet normal -3.272650e-06 1.000000e+00 -1.310116e-06
    outer loop
      vertex   1.597402e+01 8.000000e+00 2.230635e+00
      vertex   1.808407e+01 8.000000e+00 -3.040232e+00
      vertex   1.749143e+01 7.999998e+00 -3.259077e+00
    endloop
  endfacet
  facet normal 2.287180e-07 1.000000e+00 -3.423007e-07
    outer loop
      vertex   1.597402e+01 8.000000e+00 2.230635e+00
      vertex   1.749143e+01 7.999998e+00 -3.259077e+00
      vertex   1.580000e+01 8.000000e+00 2.114359e+00
    endloop
  endfacet
  facet normal 4.100232e-06 1.000000e+00 8.763624e-07
    outer loop
      vertex   1.580000e+01 8.000000e+00 2.114359e+00
      vertex   1.749143e+01 7.999998e+00 -3.259077e+00
      vertex   1.697341e+01 8.000000e+00 -3.375645e+00
    endloop
  endfacet
  facet normal 2.202758e-13 1.000000e+00 -4.466750e-13
    outer loop
      vertex   1.580000e+01 8.000000e+00 2.114359e+00
      vertex   1.697341e+01 8.000000e+00 -3.375645e+00
      vertex   1.561229e+01 8.000000e+00 2.021793e+00
    endloop
  endfacet
  facet normal -4.981278e-06 1.000000e+00 -1.256167e-06
    outer loop
      vertex   1.561229e+01 8.000000e+00 2.021793e+00
      vertex   1.697341e+01 8.000000e+00 -3.375645e+00
      vertex   1.645763e+01 7.999997e+00 -3.500004e+00
    endloop
  endfacet
  facet normal 1.592692e-07 1.000000e+00 -4.691920e-07
    outer loop
      vertex   1.561229e+01 8.000000e+00 2.021793e+00
      vertex   1.645763e+01 7.999997e+00 -3.500004e+00
      vertex   1.541411e+01 8.000000e+00 1.954519e+00
    endloop
  endfacet
  facet normal 9.574546e-08 1.000000e+00 -4.813450e-07
    outer loop
      vertex   1.541411e+01 8.000000e+00 1.954519e+00
      vertex   1.645763e+01 7.999997e+00 -3.500004e+00
      vertex   1.520884e+01 8.000000e+00 1.913688e+00
    endloop
  endfacet
  facet normal 3.250515e-08 1.000000e+00 -4.959328e-07
    outer loop
      vertex   1.520884e+01 8.000000e+00 1.913688e+00
      vertex   1.645763e+01 7.999997e+00 -3.500004e+00
      vertex   1.500000e+01 8.000000e+00 1.900000e+00
    endloop
  endfacet
  facet normal -3.367605e-08 1.000000e+00 -5.137972e-07
    outer loop
      vertex   1.500000e+01 8.000000e+00 1.900000e+00
      vertex   1.645763e+01 7.999997e+00 -3.500004e+00
      vertex   1.479116e+01 8.000000e+00 1.913688e+00
    endloop
  endfacet
  facet normal -1.066701e-07 1.000000e+00 -5.362667e-07
    outer loop
      vertex   1.479116e+01 8.000000e+00 1.913688e+00
      vertex   1.645763e+01 7.999997e+00 -3.500004e+00
      vertex   1.458589e+01 8.000000e+00 1.954519e+00
    endloop
  endfacet
  facet normal 4.993772e-07 1.000000e+00 -3.282987e-07
    outer loop
      vertex   1.458589e+01 8.000000e+00 1.954519e+00
      vertex   1.645763e+01 7.999997e+00 -3.500004e+00
      vertex   1.100000e+01 8.000000e+00 -3.500000e+00
    endloop
  endfacet
  facet normal 0.000000e+00 1.000000e+00 0.000000e+00
    outer loop
      vertex   1.458589e+01 8.000000e+00 1.954519e+00
      vertex   1.100000e+01 8.000000e+00 -3.500000e+00
      vertex   1.438771e+01 8.000000e+00 2.021793e+00
    endloop
  endfacet
  facet normal 0.000000e+00 1.000000e+00 0.000000e+00
    outer loop
      vertex   1.438771e+01 8.000000e+00 2.021793e+00
      vertex   1.100000e+01 8.000000e+00 -3.500000e+00
      vertex   1.420000e+01 8.000000e+00 2.114359e+00
    endloop
  endfacet
  facet normal 0.000000e+00 1.000000e+00 0.000000e+00
    outer loop
      vertex   1.420000e+01 8.000000e+00 2.114359e+00
      vertex   1.100000e+01 8.000000e+00 -3.500000e+00
      vertex   1.402598e+01 8.000000e+00 2.230635e+00
    endloop
  endfacet
  facet normal 0.000000e+00 1.000000e+00 0.000000e+00
    outer loop
      vertex   1.402598e+01 8.000000e+00 2.230635e+00
      vertex   1.100000e+01 8.000000e+00 -3.500000e+00
      vertex   1.386863e+01 8.000000e+00 2.368629e+00
    endloop
  endfacet
  facet normal 0.000000e+00 1.000000e+00 0.000000e+00
    outer loop
      vertex   1.386863e+01 8.000000e+00 2.368629e+00
      vertex   1.100000e+01 8.000000e+00 -3.500000e+00
      vertex   1.373063e+01 8.000000e+00 2.525982e+00
    endloop
  endfacet
  facet normal 0.000000e+00 1.000000e+00 0.000000e+00
    outer loop
      vertex   1.373063e+01 8.000000e+00 2.525982e+00
      vertex   1.100000e+01 8.000000e+00 -3.500000e+00
      vertex   1.361436e+01 8.000000e+00 2.700000e+00
    endloop
  endfacet
  facet normal 0.000000e+00 1.000000e+00 0.000000e+00
    outer loop
      vertex   1.361436e+01 8.000000e+00 2.700000e+00
      vertex   1.100000e+01 8.000000e+00 -3.500000e+00
      vertex   1.352179e+01 8.000000e+00 2.887707e+00
    endloop
  endfacet
  facet normal 0.000000e+00 1.000000e+00 0.000000e+00
    outer loop
      vertex   1.352179e+01 8.000000e+00 2.887707e+00
      vertex   1.100000e+01 8.000000e+00 -3.500000e+00
      vertex   1.345452e+01 8.000000e+00 3.085890e+00
    endloop
  endfacet
  facet normal 0.000000e+00 1.000000e+00 0.000000e+00
    outer loop
      vertex   1.345452e+01 8.000000e+00 3.085890e+00
      vertex   1.100000e+01 8.000000e+00 -3.500000e+00
      vertex   1.341369e+01 8.000000e+00 3.291158e+00
    endloop
  endfacet
  facet normal 0.000000e+00 1.000000e+00 0.000000e+00
    outer loop
      vertex   1.341369e+01 8.000000e+00 3.291158e+00
      vertex   1.100000e+01 8.000000e+00 -3.500000e+00
      vertex   1.100000e+01 8.000000e+00 7.500000e+00
    endloop
  endfacet
  facet normal 0.000000e+00 1.000000e+00 0.000000e+00
    outer loop
      vertex   1.341369e+01 8.000000e+00 3.291158e+00
      vertex   1.100000e+01 8.000000e+00 7.500000e+00
      vertex   1.340000e+01 8.000000e+00 3.500000e+00
    endloop
  endfacet
  facet normal 0.000000e+00 1.000000e+00 -0.000000e+00
    outer loop
      vertex   1.340000e+01 8.000000e+00 3.500000e+00
      vertex   1.100000e+01 8.000000e+00 7.500000e+00
      vertex   1.341369e+01 8.000000e+00 3.708842e+00
    endloop
  endfacet
  facet normal 0.000000e+00 1.000000e+00 -0.000000e+00
    outer loop
      vertex   1.341369e+01 8.000000e+00 3.708842e+00
      vertex   1.100000e+01 8.000000e+00 7.500000e+00
      vertex   1.345452e+01 8.000000e+00 3.914110e+00
    endloop
  endfacet
  facet normal 0.000000e+00 1.000000e+00 -0.000000e+00
    outer loop
      vertex   1.345452e+01 8.000000e+00 3.914110e+00
      vertex   1.100000e+01 8.000000e+00 7.500000e+00
      vertex   1.352179e+01 8.000000e+00 4.112293e+00
    endloop
  endfacet
  facet normal 0.000000e+00 1.000000e+00 -0.000000e+00
    outer loop
      vertex   1.352179e+01 8.000000e+00 4.112293e+00
      vertex   1.100000e+01 8.000000e+00 7.500000e+00
      vertex   1.361436e+01 8.000000e+00 4.300000e+00
    endloop
  endfacet
  facet normal 0.000000e+00 1.000000e+00 -0.000000e+00
    outer loop
      vertex   1.361436e+01 8.000000e+00 4.300000e+00
      vertex   1.100000e+01 8.000000e+00 7.500000e+00
      vertex   1.373063e+01 8.000000e+00 4.474018e+00
    endloop
  endfacet
  facet normal 0.000000e+00 1.000000e+00 -0.000000e+00
    outer loop
      vertex   1.373063e+01 8.000000e+00 4.474018e+00
      vertex   1.100000e+01 8.000000e+00 7.500000e+00
      vertex   1.386863e+01 8.000000e+00 4.631371e+00
    endloop
  endfacet
  facet normal 0.000000e+00 1.000000e+00 -0.000000e+00
    outer loop
      vertex   1.386863e+01 8.000000e+00 4.631371e+00
      vertex   1.100000e+01 8.000000e+00 7.500000e+00
      vertex   1.402598e+01 8.000000e+00 4.769365e+00
    endloop
  endfacet
  facet normal 0.000000e+00 1.000000e+00 -0.000000e+00
    outer loop
      vertex   1.402598e+01 8.000000e+00 4.769365e+00
      vertex   1.100000e+01 8.000000e+00 7.500000e+00
      vertex   1.420000e+01 8.000000e+00 4.885641e+00
    endloop
  endfacet
  facet normal 0.000000e+00 1.000000e+00 -0.000000e+00
    outer loop
      vertex   1.420000e+01 8.000000e+00 4.885641e+00
      vertex   1.100000e+01 8.000000e+00 7.500000e+00
      vertex   1.438771e+01 8.000000e+00 4.978207e+00
    endloop
  endfacet
  facet normal 0.000000e+00 1.000000e+00 -0.000000e+00
    outer loop
      vertex   1.438771e+01 8.000000e+00 4.978207e+00
      vertex   1.100000e+01 8.000000e+00 7.500000e+00
      vertex   1.458589e+01 8.000000e+00 5.045481e+00
    endloop
  endfacet
  facet normal 0.000000e+00 1.000000e+00 -0.000000e+00
    outer loop
      vertex   1.458589e+01 8.000000e+00 5.045481e+00
      vertex   1.100000e+01 8.000000e+00 7.500000e+00
      vertex   1.479116e+01 8.000000e+00 5.086312e+00
    endloop
  endfacet
  facet normal 0.000000e+00 1.000000e+00 -0.000000e+00
    outer loop
      vertex   1.658631e+01 8.000000e+00 3.708842e+00
      vertex   1.654548e+01 8.000000e+00 3.914110e+00
      vertex   1.990000e+01 8.000000e+00 7.500000e+00
    endloop
  endfacet
  facet normal 0.000000e+00 1.000000e+00 0.000000e+00
    outer loop
      vertex   1.990000e+01 8.000000e+00 7.500000e+00
      vertex   1.654548e+01 8.000000e+00 3.914110e+00
      vertex   1.647821e+01 8.000000e+00 4.112293e+00
    endloop
  endfacet
  facet normal 0.000000e+00 1.000000e+00 0.000000e+00
    outer loop
      vertex   1.990000e+01 8.000000e+00 7.500000e+00
      vertex   1.647821e+01 8.000000e+00 4.112293e+00
      vertex   1.638564e+01 8.000000e+00 4.300000e+00
    endloop
  endfacet
  facet normal 0.000000e+00 1.000000e+00 -0.000000e+00
    outer loop
      vertex   1.638564e+01 8.000000e+00 4.300000e+00
      vertex   1.626937e+01 8.000000e+00 4.474018e+00
      vertex   1.990000e+01 8.000000e+00 7.500000e+00
    endloop
  endfacet
  facet normal 0.000000e+00 1.000000e+00 0.000000e+00
    outer loop
      vertex   1.990000e+01 8.000000e+00 7.500000e+00
      vertex   1.626937e+01 8.000000e+00 4.474018e+00
      vertex   1.613137e+01 8.000000e+00 4.631371e+00
    endloop
  endfacet
  facet normal 0.000000e+00 1.000000e+00 0.000000e+00
    outer loop
      vertex   1.990000e+01 8.000000e+00 7.500000e+00
      vertex   1.613137e+01 8.000000e+00 4.631371e+00
      vertex   1.597402e+01 8.000000e+00 4.769365e+00
    endloop
  endfacet
  facet normal 0.000000e+00 1.000000e+00 -0.000000e+00
    outer loop
      vertex   1.597402e+01 8.000000e+00 4.769365e+00
      vertex   1.580000e+01 8.000000e+00 4.885641e+00
      vertex   1.990000e+01 8.000000e+00 7.500000e+00
    endloop
  endfacet
  facet normal 0.000000e+00 1.000000e+00 0.000000e+00
    outer loop
      vertex   1.990000e+01 8.000000e+00 7.500000e+00
      vertex   1.580000e+01 8.000000e+00 4.885641e+00
      vertex   1.561229e+01 8.000000e+00 4.978207e+00
    endloop
  endfacet
  facet normal 0.000000e+00 1.000000e+00 0.000000e+00
    outer loop
      vertex   1.990000e+01 8.000000e+00 7.500000e+00
      vertex   1.561229e+01 8.000000e+00 4.978207e+00
      vertex   1.541411e+01 8.000000e+00 5.045481e+00
    endloop
  endfacet
  facet normal 0.000000e+00 1.000000e+00 -0.000000e+00
    outer loop
      vertex   1.541411e+01 8.000000e+00 5.045481e+00
      vertex   1.520884e+01 8.000000e+00 5.086312e+00
      vertex   1.990000e+01 8.000000e+00 7.500000e+00
    endloop
  endfacet
  facet normal 1.000000e+00 0.000000e+00 -0.000000e+00
    outer loop
      vertex   1.100000e+01 1.800000e+01 -2.500000e+00
      vertex   1.100000e+01 1.800000e+01 7.500000e+00
      vertex   1.100000e+01 9.000000e+00 -2.500000e+00
    endloop
  endfacet
  facet normal 1.000000e+00 0.000000e+00 0.000000e+00
    outer loop
      vertex   1.100000e+01 9.000000e+00 -2.500000e+00
      vertex   1.100000e+01 1.800000e+01 7.500000e+00
      vertex   1.100000e+01 9.000000e+00 7.500000e+00
    endloop
  endfacet
  facet normal 1.000000e+00 0.000000e+00 -0.000000e+00
    outer loop
      vertex   1.100000e+01 9.000000e+00 -2.500000e+00
      vertex   1.100000e+01 9.000000e+00 7.500000e+00
      vertex   1.100000e+01 8.500000e+00 7.500000e+00
    endloop
  endfacet
  facet normal 1.000000e+00 0.000000e+00 0.000000e+00
    outer loop
      vertex   1.100000e+01 8.500000e+00 7.500000e+00
      vertex   1.100000e+01 9.000000e+00 7.500000e+00
      vertex   1.100000e+01 9.000000e+00 8.000000e+00
    endloop
  endfacet
  facet normal 1.000000e+00 0.000000e+00 0.000000e+00
    outer loop
      vertex   1.100000e+01 8.500000e+00 7.500000e+00
      vertex   1.100000e+01 8.000000e+00 7.500000e+00
      vertex   1.100000e+01 9.000000e+00 -2.500000e+00
    endloop
  endfacet
  facet normal 1.000000e+00 0.000000e+00 0.000000e+00
    outer loop
      vertex   1.100000e+01 9.000000e+00 -2.500000e+00
      vertex   1.100000e+01 8.000000e+00 7.500000e+00
      vertex   1.100000e+01 8.000000e+00 -3.500000e+00
    endloop
  endfacet
  facet normal 0.000000e+00 0.000000e+00 -1.000000e+00
    outer loop
      vertex   1.100000e+01 9.000000e+00 -2.500000e+00
      vertex   -1.100000e+01 9.000000e+00 -2.500000e+00
      vertex   1.100000e+01 1.800000e+01 -2.500000e+00
    endloop
  endfacet
  facet normal -0.000000e+00 0.000000e+00 -1.000000e+00
    outer loop
      vertex   1.100000e+01 1.800000e+01 -2.500000e+00
      vertex   -1.100000e+01 9.000000e+00 -2.500000e+00
      vertex   -1.100000e+01 1.800000e+01 -2.500000e+00
    endloop
  endfacet
  facet normal -1.000000e+00 0.000000e+00 0.000000e+00
    outer loop
      vertex   -1.100000e+01 1.800000e+01 1.650000e+01
      vertex   -1.100000e+01 9.000000e+00 1.650000e+01
      vertex   -1.100000e+01 1.800000e+01 2.650000e+01
    endloop
  endfacet
  facet normal -1.000000e+00 -0.000000e+00 0.000000e+00
    outer loop
      vertex   -1.100000e+01 1.800000e+01 2.650000e+01
      vertex   -1.100000e+01 9.000000e+00 1.650000e+01
      vertex   -1.100000e+01 8.000000e+00 2.650000e+01
    endloop
  endfacet
  facet normal -1.000000e+00 0.000000e+00 0.000000e+00
    outer loop
      vertex   -1.100000e+01 8.000000e+00 2.650000e+01
      vertex   -1.100000e+01 9.000000e+00 1.650000e+01
      vertex   -1.100000e+01 8.500000e+00 1.650000e+01
    endloop
  endfacet
  facet normal -1.000000e+00 0.000000e+00 0.000000e+00
    outer loop
      vertex   -1.100000e+01 8.000000e+00 2.650000e+01
      vertex   -1.100000e+01 8.500000e+00 1.650000e+01
      vertex   -1.100000e+01 8.000000e+00 1.650000e+01
    endloop
  endfacet
  facet normal -1.000000e+00 -0.000000e+00 -0.000000e+00
    outer loop
      vertex   -1.100000e+01 9.000000e+00 1.650000e+01
      vertex   -1.100000e+01 9.000000e+00 1.600000e+01
      vertex   -1.100000e+01 8.500000e+00 1.650000e+01
    endloop
  endfacet
  facet normal 0.000000e+00 1.000000e+00 0.000000e+00
    outer loop
      vertex   -1.100000e+01 1.800000e+01 1.650000e+01
      vertex   -1.100000e+01 1.800000e+01 2.650000e+01
      vertex   1.100000e+01 1.800000e+01 1.650000e+01
    endloop
  endfacet
  facet normal 0.000000e+00 1.000000e+00 -0.000000e+00
    outer loop
      vertex   1.100000e+01 1.800000e+01 1.650000e+01
      vertex   -1.100000e+01 1.800000e+01 2.650000e+01
      vertex   1.100000e+01 1.800000e+01 2.650000e+01
    endloop
  endfacet
  facet normal -9.998294e-01 0.000000e+00 -1.847225e-02
    outer loop
      vertex   -5.000000e+00 5.000000e-01 -2.150000e+01
      vertex   -5.013351e+00 5.000000e-01 -2.077734e+01
      vertex   -5.000000e+00 3.500000e+00 -2.150000e+01
    endloop
  endfacet
  facet normal -9.998247e-01 -6.096089e-05 -1.872523e-02
    outer loop
      vertex   -5.000000e+00 3.500000e+00 -2.150000e+01
      vertex   -5.013351e+00 5.000000e-01 -2.077734e+01
      vertex   -5.013720e+00 3.500000e+00 -2.076744e+01
    endloop
  endfacet
  facet normal -9.984647e-01 6.012602e-05 -5.539153e-02
    outer loop
      vertex   -5.013720e+00 3.500000e+00 -2.076744e+01
      vertex   -5.013351e+00 5.000000e-01 -2.077734e+01
      vertex   -5.053388e+00 5.000000e-01 -2.005566e+01
    endloop
  endfacet
  facet normal -9.984224e-01 -1.202520e-04 -5.614943e-02
    outer loop
      vertex   -5.013720e+00 3.500000e+00 -2.076744e+01
      vertex   -5.053388e+00 5.000000e-01 -2.005566e+01
      vertex   -5.054859e+00 3.500000e+00 -2.003592e+01
    endloop
  endfacet
  facet normal -9.957372e-01 1.185823e-04 -9.223522e-02
    outer loop
      vertex   -5.054859e+00 3.500000e+00 -2.003592e+01
      vertex   -5.053388e+00 5.000000e-01 -2.005566e+01
      vertex   -5.120054e+00 5.000000e-01 -1.933596e+01
    endloop
  endfacet
  facet normal -9.956197e-01 -1.778734e-04 -9.349487e-02
    outer loop
      vertex   -5.054859e+00 3.500000e+00 -2.003592e+01
      vertex   -5.120054e+00 5.000000e-01 -1.933596e+01
      vertex   -5.123362e+00 3.500000e+00 -1.930644e+01
    endloop
  endfacet
  facet normal -9.916507e-01 1.753688e-04 -1.289530e-01
    outer loop
      vertex   -5.123362e+00 3.500000e+00 -1.930644e+01
      vertex   -5.120054e+00 5.000000e-01 -1.933596e+01
      vertex   -5.213259e+00 5.000000e-01 -1.861921e+01
    endloop
  endfacet
  facet normal -9.914207e-01 -2.338250e-04 -1.307092e-01
    outer loop
      vertex   -5.123362e+00 3.500000e+00 -1.930644e+01
      vertex   -5.213259e+00 5.000000e-01 -1.861921e+01
      vertex   -5.219130e+00 3.500000e+00 -1.858004e+01
    endloop
  endfacet
  facet normal -9.862106e-01 2.304854e-04 -1.654948e-01
    outer loop
      vertex   -5.219130e+00 3.500000e+00 -1.858004e+01
      vertex   -5.213259e+00 5.000000e-01 -1.861921e+01
      vertex   -5.332877e+00 5.000000e-01 -1.790639e+01
    endloop
  endfacet
  facet normal -9.858312e-01 -2.881068e-04 -1.677402e-01
    outer loop
      vertex   -5.219130e+00 3.500000e+00 -1.858004e+01
      vertex   -5.332877e+00 5.000000e-01 -1.790639e+01
      vertex   -5.342031e+00 3.500000e+00 -1.785774e+01
    endloop
  endfacet
  facet normal -9.794245e-01 2.839323e-04 -2.018107e-01
    outer loop
      vertex   -5.342031e+00 3.500000e+00 -1.785774e+01
      vertex   -5.332877e+00 5.000000e-01 -1.790639e+01
      vertex   -5.478742e+00 5.000000e-01 -1.719847e+01
    endloop
  endfacet
  facet normal -9.788590e-01 -3.407187e-04 -2.045359e-01
    outer loop
      vertex   -5.342031e+00 3.500000e+00 -1.785774e+01
      vertex   -5.478742e+00 5.000000e-01 -1.719847e+01
      vertex   -5.491891e+00 3.500000e+00 -1.714054e+01
    endloop
  endfacet
  facet normal -9.713016e-01 3.357094e-04 -2.378511e-01
    outer loop
      vertex   -5.491891e+00 3.500000e+00 -1.714054e+01
      vertex   -5.478742e+00 5.000000e-01 -1.719847e+01
      vertex   -5.650658e+00 5.000000e-01 -1.649643e+01
    endloop
  endfacet
  facet normal -9.705139e-01 -3.916609e-04 -2.410448e-01
    outer loop
      vertex   -5.491891e+00 3.500000e+00 -1.714054e+01
      vertex   -5.650658e+00 5.000000e-01 -1.649643e+01
      vertex   -5.668501e+00 3.500000e+00 -1.642946e+01
    endloop
  endfacet
  facet normal -9.618529e-01 3.858166e-04 -2.735669e-01
    outer loop
      vertex   -5.668501e+00 3.500000e+00 -1.642946e+01
      vertex   -5.650658e+00 5.000000e-01 -1.649643e+01
      vertex   -5.848388e+00 5.000000e-01 -1.580122e+01
    endloop
  endfacet
  facet normal -9.608077e-01 -4.409332e-04 -2.772155e-01
    outer loop
      vertex   -5.668501e+00 3.500000e+00 -1.642946e+01
      vertex   -5.848388e+00 5.000000e-01 -1.580122e+01
      vertex   -5.871612e+00 3.500000e+00 -1.572550e+01
    endloop
  endfacet
  facet normal -9.510914e-01 4.342540e-04 -3.089093e-01
    outer loop
      vertex   -5.871612e+00 3.500000e+00 -1.572550e+01
      vertex   -5.848388e+00 5.000000e-01 -1.580122e+01
      vertex   -6.071663e+00 5.000000e-01 -1.511378e+01
    endloop
  endfacet
  facet normal -9.497538e-01 -4.885356e-04 -3.129975e-01
    outer loop
      vertex   -5.871612e+00 3.500000e+00 -1.572550e+01
      vertex   -6.071663e+00 5.000000e-01 -1.511378e+01
      vertex   -6.100941e+00 3.500000e+00 -1.502963e+01
    endloop
  endfacet
  facet normal -9.390317e-01 4.810215e-04 -3.438301e-01
    outer loop
      vertex   -6.100941e+00 3.500000e+00 -1.502963e+01
      vertex   -6.071663e+00 5.000000e-01 -1.511378e+01
      vertex   -6.320179e+00 5.000000e-01 -1.443506e+01
    endloop
  endfacet
  facet normal -9.373679e-01 -5.344682e-04 -3.483405e-01
    outer loop
      vertex   -6.100941e+00 3.500000e+00 -1.502963e+01
      vertex   -6.320179e+00 5.000000e-01 -1.443506e+01
      vertex   -6.356164e+00 3.500000e+00 -1.434283e+01
    endloop
  endfacet
  facet normal -9.256904e-01 5.261191e-04 -3.782816e-01
    outer loop
      vertex   -6.356164e+00 3.500000e+00 -1.434283e+01
      vertex   -6.320179e+00 5.000000e-01 -1.443506e+01
      vertex   -6.593595e+00 5.000000e-01 -1.376599e+01
    endloop
  endfacet
  facet normal -9.236673e-01 -5.787309e-04 -3.831949e-01
    outer loop
      vertex   -6.356164e+00 3.500000e+00 -1.434283e+01
      vertex   -6.593595e+00 5.000000e-01 -1.376599e+01
      vertex   -6.636925e+00 3.500000e+00 -1.366607e+01
    endloop
  endfacet
  facet normal -9.110856e-01 5.695469e-04 -4.122168e-01
    outer loop
      vertex   -6.636925e+00 3.500000e+00 -1.366607e+01
      vertex   -6.593595e+00 5.000000e-01 -1.376599e+01
      vertex   -6.891540e+00 5.000000e-01 -1.310747e+01
    endloop
  endfacet
  facet normal -9.086713e-01 -6.213237e-04 -4.175119e-01
    outer loop
      vertex   -6.636925e+00 3.500000e+00 -1.366607e+01
      vertex   -6.891540e+00 5.000000e-01 -1.310747e+01
      vertex   -6.942830e+00 3.500000e+00 -1.300030e+01
    endloop
  endfacet
  facet normal -8.952373e-01 6.113048e-04 -4.455893e-01
    outer loop
      vertex   -6.942830e+00 3.500000e+00 -1.300030e+01
      vertex   -6.891540e+00 5.000000e-01 -1.310747e+01
      vertex   -7.213605e+00 5.000000e-01 -1.246040e+01
    endloop
  endfacet
  facet normal -8.924007e-01 -6.622466e-04 -4.512433e-01
    outer loop
      vertex   -6.942830e+00 3.500000e+00 -1.300030e+01
      vertex   -7.213605e+00 5.000000e-01 -1.246040e+01
      vertex   -7.273449e+00 3.500000e+00 -1.234646e+01
    endloop
  endfacet
  facet normal -8.781671e-01 6.513927e-04 -4.783536e-01
    outer loop
      vertex   -7.273449e+00 3.500000e+00 -1.234646e+01
      vertex   -7.213605e+00 5.000000e-01 -1.246040e+01
      vertex   -7.559353e+00 5.000000e-01 -1.182568e+01
    endloop
  endfacet
  facet normal -8.748786e-01 -7.014996e-04 -4.843418e-01
    outer loop
      vertex   -7.273449e+00 3.500000e+00 -1.234646e+01
      vertex   -7.559353e+00 5.000000e-01 -1.182568e+01
      vertex   -7.628318e+00 3.500000e+00 -1.170545e+01
    endloop
  endfacet
  facet normal -8.598982e-01 6.898108e-04 -5.104651e-01
    outer loop
      vertex   -7.628318e+00 3.500000e+00 -1.170545e+01
      vertex   -7.559353e+00 5.000000e-01 -1.182568e+01
      vertex   -7.928309e+00 5.000000e-01 -1.120415e+01
    endloop
  endfacet
  facet normal -8.561294e-01 -7.390827e-04 -5.167609e-01
    outer loop
      vertex   -7.628318e+00 3.500000e+00 -1.170545e+01
      vertex   -7.928309e+00 5.000000e-01 -1.120415e+01
      vertex   -8.006941e+00 3.500000e+00 -1.107817e+01
    endloop
  endfacet
  facet normal -8.404557e-01 7.265589e-04 -5.418798e-01
    outer loop
      vertex   -8.006941e+00 3.500000e+00 -1.107817e+01
      vertex   -7.928309e+00 5.000000e-01 -1.120415e+01
      vertex   -8.319973e+00 5.000000e-01 -1.059668e+01
    endloop
  endfacet
  facet normal -8.361795e-01 -7.749959e-04 -5.484554e-01
    outer loop
      vertex   -8.006941e+00 3.500000e+00 -1.107817e+01
      vertex   -8.319973e+00 5.000000e-01 -1.059668e+01
      vertex   -8.408786e+00 3.500000e+00 -1.046552e+01
    endloop
  endfacet
  facet normal -8.198660e-01 7.616371e-04 -5.725549e-01
    outer loop
      vertex   -8.408786e+00 3.500000e+00 -1.046552e+01
      vertex   -8.319973e+00 5.000000e-01 -1.059668e+01
      vertex   -8.733807e+00 5.000000e-01 -1.000410e+01
    endloop
  endfacet
  facet normal -8.150568e-01 -8.092391e-04 -5.793805e-01
    outer loop
      vertex   -8.408786e+00 3.500000e+00 -1.046552e+01
      vertex   -8.733807e+00 5.000000e-01 -1.000410e+01
      vertex   -8.833289e+00 3.500000e+00 -9.868338e+00
    endloop
  endfacet
  facet normal -8.006938e-01 5.582059e-04 -5.990735e-01
    outer loop
      vertex   -8.833289e+00 3.500000e+00 -9.868338e+00
      vertex   -8.733807e+00 5.000000e-01 -1.000410e+01
      vertex   -8.965516e+00 3.502986e+00 -9.691607e+00
    endloop
  endfacet
  facet normal -7.981571e-01 1.105120e-03 -6.024483e-01
    outer loop
      vertex   -8.965516e+00 3.502986e+00 -9.691607e+00
      vertex   -8.733807e+00 5.000000e-01 -1.000410e+01
      vertex   -9.169248e+00 5.000000e-01 -9.427200e+00
    endloop
  endfacet
  facet normal -7.935850e-01 2.656792e-04 -6.084593e-01
    outer loop
      vertex   -8.965516e+00 3.502986e+00 -9.691607e+00
      vertex   -9.169248e+00 5.000000e-01 -9.427200e+00
      vertex   -9.111449e+00 3.512896e+00 -9.501270e+00
    endloop
  endfacet
  facet normal -7.860498e-01 -1.174366e-04 -6.181631e-01
    outer loop
      vertex   -9.111449e+00 3.512896e+00 -9.501270e+00
      vertex   -9.169248e+00 5.000000e-01 -9.427200e+00
      vertex   -9.260817e+00 3.529745e+00 -9.311338e+00
    endloop
  endfacet
  facet normal -7.766433e-01 6.172380e-04 -6.299403e-01
    outer loop
      vertex   -9.260817e+00 3.529745e+00 -9.311338e+00
      vertex   -9.169248e+00 5.000000e-01 -9.427200e+00
      vertex   -9.478328e+00 3.565496e+00 -9.043136e+00
    endloop
  endfacet
  facet normal -7.753592e-01 9.445907e-04 -6.315198e-01
    outer loop
      vertex   -9.478328e+00 3.565496e+00 -9.043136e+00
      vertex   -9.169248e+00 5.000000e-01 -9.427200e+00
      vertex   -9.625702e+00 5.000000e-01 -8.866781e+00
    endloop
  endfacet
  facet normal -7.654240e-01 -2.237710e-04 -6.435263e-01
    outer loop
      vertex   -9.478328e+00 3.565496e+00 -9.043136e+00
      vertex   -9.625702e+00 5.000000e-01 -8.866781e+00
      vertex   -9.702193e+00 3.615108e+00 -8.776884e+00
    endloop
  endfacet
  facet normal -7.538811e-01 4.488055e-04 -6.570108e-01
    outer loop
      vertex   -9.702193e+00 3.615108e+00 -8.776884e+00
      vertex   -9.625702e+00 5.000000e-01 -8.866781e+00
      vertex   -9.927035e+00 3.676971e+00 -8.518849e+00
    endloop
  endfacet
  facet normal -7.515028e-01 9.720848e-04 -6.597291e-01
    outer loop
      vertex   -9.927035e+00 3.676971e+00 -8.518849e+00
      vertex   -9.625702e+00 5.000000e-01 -8.866781e+00
      vertex   -1.010254e+01 5.000000e-01 -8.323606e+00
    endloop
  endfacet
  facet normal -7.423316e-01 -1.677929e-04 -6.700327e-01
    outer loop
      vertex   -9.927035e+00 3.676971e+00 -8.518849e+00
      vertex   -1.010254e+01 5.000000e-01 -8.323606e+00
      vertex   -1.015714e+01 3.751894e+00 -8.263931e+00
    endloop
  endfacet
  facet normal -7.304474e-01 2.691234e-04 -6.829689e-01
    outer loop
      vertex   -1.015714e+01 3.751894e+00 -8.263931e+00
      vertex   -1.010254e+01 5.000000e-01 -8.323606e+00
      vertex   -1.038921e+01 3.838599e+00 -8.015702e+00
    endloop
  endfacet
  facet normal -7.266208e-01 9.729626e-04 -6.870381e-01
    outer loop
      vertex   -1.038921e+01 3.838599e+00 -8.015702e+00
      vertex   -1.010254e+01 5.000000e-01 -8.323606e+00
      vertex   -1.059913e+01 5.000000e-01 -7.798414e+00
    endloop
  endfacet
  facet normal -7.185465e-01 -8.408358e-05 -6.954789e-01
    outer loop
      vertex   -1.038921e+01 3.838599e+00 -8.015702e+00
      vertex   -1.059913e+01 5.000000e-01 -7.798414e+00
      vertex   -1.062529e+01 3.937689e+00 -7.771803e+00
    endloop
  endfacet
  facet normal -7.064365e-01 1.032670e-04 -7.077764e-01
    outer loop
      vertex   -1.062529e+01 3.937689e+00 -7.771803e+00
      vertex   -1.059913e+01 5.000000e-01 -7.798414e+00
      vertex   -1.086139e+01 4.047300e+00 -7.536132e+00
    endloop
  endfacet
  facet normal -7.007470e-01 9.403902e-04 -7.134093e-01
    outer loop
      vertex   -1.086139e+01 4.047300e+00 -7.536132e+00
      vertex   -1.059913e+01 5.000000e-01 -7.798414e+00
      vertex   -1.111477e+01 5.000000e-01 -7.291924e+00
    endloop
  endfacet
  facet normal -6.943153e-01 4.990312e-05 -7.196710e-01
    outer loop
      vertex   -1.086139e+01 4.047300e+00 -7.536132e+00
      vertex   -1.111477e+01 5.000000e-01 -7.291924e+00
      vertex   -1.109996e+01 4.168408e+00 -7.305953e+00
    endloop
  endfacet
  facet normal -6.821651e-01 -4.321593e-05 -7.311982e-01
    outer loop
      vertex   -1.109996e+01 4.168408e+00 -7.305953e+00
      vertex   -1.111477e+01 5.000000e-01 -7.291924e+00
      vertex   -1.133776e+01 4.299273e+00 -7.084111e+00
    endloop
  endfacet
  facet normal -6.739168e-01 8.570822e-04 -7.388068e-01
    outer loop
      vertex   -1.133776e+01 4.299273e+00 -7.084111e+00
      vertex   -1.111477e+01 5.000000e-01 -7.291924e+00
      vertex   -1.164877e+01 5.000000e-01 -6.804827e+00
    endloop
  endfacet
  facet normal -6.698947e-01 2.595731e-04 -7.424561e-01
    outer loop
      vertex   -1.133776e+01 4.299273e+00 -7.084111e+00
      vertex   -1.164877e+01 5.000000e-01 -6.804827e+00
      vertex   -1.157623e+01 4.440654e+00 -6.868899e+00
    endloop
  endfacet
  facet normal -6.578293e-01 -1.366822e-04 -7.531671e-01
    outer loop
      vertex   -1.157623e+01 4.440654e+00 -6.868899e+00
      vertex   -1.164877e+01 5.000000e-01 -6.804827e+00
      vertex   -1.181507e+01 4.592515e+00 -6.660320e+00
    endloop
  endfacet
  facet normal -6.461667e-01 6.913447e-04 -7.631960e-01
    outer loop
      vertex   -1.181507e+01 4.592515e+00 -6.660320e+00
      vertex   -1.164877e+01 5.000000e-01 -6.804827e+00
      vertex   -1.220039e+01 5.000000e-01 -6.337787e+00
    endloop
  endfacet
  facet normal -6.453721e-01 5.635600e-04 -7.638681e-01
    outer loop
      vertex   -1.181507e+01 4.592515e+00 -6.660320e+00
      vertex   -1.220039e+01 5.000000e-01 -6.337787e+00
      vertex   -1.205293e+01 4.754249e+00 -6.459238e+00
    endloop
  endfacet
  facet normal -6.334485e-01 -1.328576e-04 -7.737848e-01
    outer loop
      vertex   -1.205293e+01 4.754249e+00 -6.459238e+00
      vertex   -1.220039e+01 5.000000e-01 -6.337787e+00
      vertex   -1.229260e+01 4.928251e+00 -6.263063e+00
    endloop
  endfacet
  facet normal -6.211000e-01 2.921114e-04 -7.837313e-01
    outer loop
      vertex   -1.229260e+01 4.928251e+00 -6.263063e+00
      vertex   -1.220039e+01 5.000000e-01 -6.337787e+00
      vertex   -1.252835e+01 5.110913e+00 -6.076168e+00
    endloop
  endfacet
  facet normal -6.175347e-01 7.052478e-04 -7.865433e-01
    outer loop
      vertex   -1.252835e+01 5.110913e+00 -6.076168e+00
      vertex   -1.220039e+01 5.000000e-01 -6.337787e+00
      vertex   -1.276890e+01 5.000000e-01 -5.891441e+00
    endloop
  endfacet
  facet normal -6.080721e-01 -8.240946e-05 -7.938818e-01
    outer loop
      vertex   -1.252835e+01 5.110913e+00 -6.076168e+00
      vertex   -1.276890e+01 5.000000e-01 -5.891441e+00
      vertex   -1.280969e+01 5.331882e+00 -5.860699e+00
    endloop
  endfacet
  facet normal -5.934487e-01 1.109654e-04 -8.048718e-01
    outer loop
      vertex   -1.280969e+01 5.331882e+00 -5.860699e+00
      vertex   -1.276890e+01 5.000000e-01 -5.891441e+00
      vertex   -1.309680e+01 5.549022e+00 -5.648977e+00
    endloop
  endfacet
  facet normal -5.880598e-01 6.504045e-04 -8.088172e-01
    outer loop
      vertex   -1.309680e+01 5.549022e+00 -5.648977e+00
      vertex   -1.276890e+01 5.000000e-01 -5.891441e+00
      vertex   -1.335350e+01 5.000000e-01 -5.466400e+00
    endloop
  endfacet
  facet normal -5.787109e-01 -6.774337e-05 -8.155327e-01
    outer loop
      vertex   -1.309680e+01 5.549022e+00 -5.648977e+00
      vertex   -1.335350e+01 5.000000e-01 -5.466400e+00
      vertex   -1.338969e+01 5.762164e+00 -5.441158e+00
    endloop
  endfacet
  facet normal -5.635172e-01 8.745495e-05 -8.261043e-01
    outer loop
      vertex   -1.338969e+01 5.762164e+00 -5.441158e+00
      vertex   -1.335350e+01 5.000000e-01 -5.466400e+00
      vertex   -1.368836e+01 5.971140e+00 -5.237399e+00
    endloop
  endfacet
  facet normal -5.577822e-01 6.009835e-04 -8.299871e-01
    outer loop
      vertex   -1.368836e+01 5.971140e+00 -5.237399e+00
      vertex   -1.335350e+01 5.000000e-01 -5.466400e+00
      vertex   -1.395340e+01 5.000000e-01 -5.063243e+00
    endloop
  endfacet
  facet normal -5.483773e-01 -5.337679e-05 -8.362310e-01
    outer loop
      vertex   -1.368836e+01 5.971140e+00 -5.237399e+00
      vertex   -1.395340e+01 5.000000e-01 -5.063243e+00
      vertex   -1.398473e+01 6.170443e+00 -5.043063e+00
    endloop
  endfacet
  facet normal -5.330328e-01 6.649156e-05 -8.460946e-01
    outer loop
      vertex   -1.398473e+01 6.170443e+00 -5.043063e+00
      vertex   -1.395340e+01 5.000000e-01 -5.063243e+00
      vertex   -1.428656e+01 6.365465e+00 -4.852896e+00
    endloop
  endfacet
  facet normal -5.267433e-01 5.646539e-04 -8.500242e-01
    outer loop
      vertex   -1.428656e+01 6.365465e+00 -4.852896e+00
      vertex   -1.395340e+01 5.000000e-01 -5.063243e+00
      vertex   -1.456779e+01 5.000000e-01 -4.682520e+00
    endloop
  endfacet
  facet normal -5.175127e-01 -4.207735e-05 -8.556755e-01
    outer loop
      vertex   -1.428656e+01 6.365465e+00 -4.852896e+00
      vertex   -1.456779e+01 5.000000e-01 -4.682520e+00
      vertex   -1.459386e+01 6.556050e+00 -4.667051e+00
    endloop
  endfacet
  facet normal -5.016235e-01 5.036133e-05 -8.650861e-01
    outer loop
      vertex   -1.459386e+01 6.556050e+00 -4.667051e+00
      vertex   -1.456779e+01 5.000000e-01 -4.682520e+00
      vertex   -1.490662e+01 6.742046e+00 -4.485683e+00
    endloop
  endfacet
  facet normal -4.949855e-01 5.309886e-04 -8.689011e-01
    outer loop
      vertex   -1.490662e+01 6.742046e+00 -4.485683e+00
      vertex   -1.456779e+01 5.000000e-01 -4.682520e+00
      vertex   -1.519582e+01 5.000000e-01 -4.324752e+00
    endloop
  endfacet
  facet normal -4.853646e-01 -5.425504e-05 -8.743119e-01
    outer loop
      vertex   -1.490662e+01 6.742046e+00 -4.485683e+00
      vertex   -1.519582e+01 5.000000e-01 -4.324752e+00
      vertex   -1.523188e+01 6.927213e+00 -4.305132e+00
    endloop
  endfacet
  facet normal -4.685426e-01 6.799409e-05 -8.834409e-01
    outer loop
      vertex   -1.523188e+01 6.927213e+00 -4.305132e+00
      vertex   -1.519582e+01 5.000000e-01 -4.324752e+00
      vertex   -1.556277e+01 7.107215e+00 -4.129624e+00
    endloop
  endfacet
  facet normal -4.625521e-01 4.937603e-04 -8.865920e-01
    outer loop
      vertex   -1.556277e+01 7.107215e+00 -4.129624e+00
      vertex   -1.519582e+01 5.000000e-01 -4.324752e+00
      vertex   -1.583663e+01 5.000000e-01 -3.990426e+00
    endloop
  endfacet
  facet normal -4.515496e-01 -8.139020e-05 -8.922460e-01
    outer loop
      vertex   -1.556277e+01 7.107215e+00 -4.129624e+00
      vertex   -1.583663e+01 5.000000e-01 -3.990426e+00
      vertex   -1.589926e+01 7.281851e+00 -3.959349e+00
    endloop
  endfacet
  facet normal -4.341269e-01 1.189419e-04 -9.008517e-01
    outer loop
      vertex   -1.589926e+01 7.281851e+00 -3.959349e+00
      vertex   -1.583663e+01 5.000000e-01 -3.990426e+00
      vertex   -1.624129e+01 7.450918e+00 -3.794499e+00
    endloop
  endfacet
  facet normal -4.294873e-01 4.516473e-04 -9.030728e-01
    outer loop
      vertex   -1.624129e+01 7.450918e+00 -3.794499e+00
      vertex   -1.583663e+01 5.000000e-01 -3.990426e+00
      vertex   -1.648936e+01 5.000000e-01 -3.679999e+00
    endloop
  endfacet
  facet normal -4.176223e-01 -6.318460e-05 -9.086207e-01
    outer loop
      vertex   -1.624129e+01 7.450918e+00 -3.794499e+00
      vertex   -1.648936e+01 5.000000e-01 -3.679999e+00
      vertex   -1.654771e+01 7.595335e+00 -3.653675e+00
    endloop
  endfacet
  facet normal -4.017953e-01 9.333360e-05 -9.157295e-01
    outer loop
      vertex   -1.654771e+01 7.595335e+00 -3.653675e+00
      vertex   -1.648936e+01 5.000000e-01 -3.679999e+00
      vertex   -1.685821e+01 7.735064e+00 -3.517419e+00
    endloop
  endfacet
  facet normal -3.958363e-01 4.553591e-04 -9.183210e-01
    outer loop
      vertex   -1.685821e+01 7.735064e+00 -3.517419e+00
      vertex   -1.648936e+01 5.000000e-01 -3.679999e+00
      vertex   -1.715311e+01 5.000000e-01 -3.393894e+00
    endloop
  endfacet
  facet normal -3.858612e-01 -2.354040e-05 -9.225568e-01
    outer loop
      vertex   -1.685821e+01 7.735064e+00 -3.517419e+00
      vertex   -1.715311e+01 5.000000e-01 -3.393894e+00
      vertex   -1.717280e+01 7.869988e+00 -3.385847e+00
    endloop
  endfacet
  facet normal -3.696616e-01 2.695129e-05 -9.291665e-01
    outer loop
      vertex   -1.717280e+01 7.869988e+00 -3.385847e+00
      vertex   -1.715311e+01 5.000000e-01 -3.393894e+00
      vertex   -1.749143e+01 7.999998e+00 -3.259077e+00
    endloop
  endfacet
  facet normal -3.616451e-01 4.451849e-04 -9.323157e-01
    outer loop
      vertex   -1.749143e+01 7.999998e+00 -3.259077e+00
      vertex   -1.715311e+01 5.000000e-01 -3.393894e+00
      vertex   -1.782697e+01 5.000000e-01 -3.132502e+00
    endloop
  endfacet
  facet normal -3.464101e-01 -3.337440e-04 -9.380831e-01
    outer loop
      vertex   -1.749143e+01 7.999998e+00 -3.259077e+00
      vertex   -1.782697e+01 5.000000e-01 -3.132502e+00
      vertex   -1.808407e+01 8.000000e+00 -3.040232e+00
    endloop
  endfacet
  facet normal -3.269602e-01 4.185409e-04 -9.450380e-01
    outer loop
      vertex   -1.808407e+01 8.000000e+00 -3.040232e+00
      vertex   -1.782697e+01 5.000000e-01 -3.132502e+00
      vertex   -1.851003e+01 5.000000e-01 -2.896180e+00
    endloop
  endfacet
  facet normal -3.159430e-01 -2.790285e-04 -9.487781e-01
    outer loop
      vertex   -1.808407e+01 8.000000e+00 -3.040232e+00
      vertex   -1.851003e+01 5.000000e-01 -2.896180e+00
      vertex   -1.868346e+01 8.000000e+00 -2.840636e+00
    endloop
  endfacet
  facet normal -2.918291e-01 3.355228e-04 -9.564704e-01
    outer loop
      vertex   -1.868346e+01 8.000000e+00 -2.840636e+00
      vertex   -1.851003e+01 5.000000e-01 -2.896180e+00
      vertex   -1.920136e+01 5.000000e-01 -2.685250e+00
    endloop
  endfacet
  facet normal -2.851450e-01 -1.677619e-04 -9.584844e-01
    outer loop
      vertex   -1.868346e+01 8.000000e+00 -2.840636e+00
      vertex   -1.920136e+01 5.000000e-01 -2.685250e+00
      vertex   -1.928898e+01 8.000000e+00 -2.660496e+00
    endloop
  endfacet
  facet normal -2.562997e-01 1.960082e-04 -9.665974e-01
    outer loop
      vertex   -1.928898e+01 8.000000e+00 -2.660496e+00
      vertex   -1.920136e+01 5.000000e-01 -2.685250e+00
      vertex   -1.990000e+01 5.000000e-01 -2.500000e+00
    endloop
  endfacet
  facet normal -2.540497e-01 0.000000e+00 -9.671912e-01
    outer loop
      vertex   -1.928898e+01 8.000000e+00 -2.660496e+00
      vertex   -1.990000e+01 5.000000e-01 -2.500000e+00
      vertex   -1.990000e+01 8.000000e+00 -2.500000e+00
    endloop
  endfacet
  facet normal 9.993328e-01 0.000000e+00 -3.652202e-02
    outer loop
      vertex   5.000000e+00 3.500000e+00 -2.150000e+01
      vertex   5.000000e+00 5.000000e-01 -2.150000e+01
      vertex   4.986661e+00 3.500000e+00 -2.186498e+01
    endloop
  endfacet
  facet normal 9.993328e-01 8.650153e-17 -3.652202e-02
    outer loop
      vertex   4.986661e+00 3.500000e+00 -2.186498e+01
      vertex   5.000000e+00 5.000000e-01 -2.150000e+01
      vertex   4.986661e+00 5.000000e-01 -2.186498e+01
    endloop
  endfacet
  facet normal 9.940010e-01 2.590431e-16 -1.093712e-01
    outer loop
      vertex   4.986661e+00 3.500000e+00 -2.186498e+01
      vertex   4.986661e+00 5.000000e-01 -2.186498e+01
      vertex   4.946717e+00 3.500000e+00 -2.222801e+01
    endloop
  endfacet
  facet normal 9.940010e-01 0.000000e+00 -1.093712e-01
    outer loop
      vertex   4.946717e+00 3.500000e+00 -2.222801e+01
      vertex   4.986661e+00 5.000000e-01 -2.186498e+01
      vertex   4.946717e+00 5.000000e-01 -2.222801e+01
    endloop
  endfacet
  facet normal 9.833657e-01 0.000000e+00 -1.816369e-01
    outer loop
      vertex   4.946717e+00 3.500000e+00 -2.222801e+01
      vertex   4.946717e+00 5.000000e-01 -2.222801e+01
      vertex   4.880379e+00 3.500000e+00 -2.258715e+01
    endloop
  endfacet
  facet normal 9.833657e-01 -4.302025e-16 -1.816369e-01
    outer loop
      vertex   4.880379e+00 3.500000e+00 -2.258715e+01
      vertex   4.946717e+00 5.000000e-01 -2.222801e+01
      vertex   4.880379e+00 5.000000e-01 -2.258715e+01
    endloop
  endfacet
  facet normal 9.674837e-01 -5.990666e-16 -2.529334e-01
    outer loop
      vertex   4.880379e+00 3.500000e+00 -2.258715e+01
      vertex   4.880379e+00 5.000000e-01 -2.258715e+01
      vertex   4.788003e+00 3.500000e+00 -2.294050e+01
    endloop
  endfacet
  facet normal 9.674837e-01 0.000000e+00 -2.529334e-01
    outer loop
      vertex   4.788003e+00 3.500000e+00 -2.294050e+01
      vertex   4.880379e+00 5.000000e-01 -2.258715e+01
      vertex   4.788003e+00 5.000000e-01 -2.294050e+01
    endloop
  endfacet
  facet normal 9.464398e-01 0.000000e+00 -3.228804e-01
    outer loop
      vertex   4.788003e+00 3.500000e+00 -2.294050e+01
      vertex   4.788003e+00 5.000000e-01 -2.294050e+01
      vertex   4.670081e+00 3.500000e+00 -2.328615e+01
    endloop
  endfacet
  facet normal 9.464398e-01 2.802025e-16 -3.228804e-01
    outer loop
      vertex   4.670081e+00 3.500000e+00 -2.328615e+01
      vertex   4.788003e+00 5.000000e-01 -2.294050e+01
      vertex   4.670081e+00 5.000000e-01 -2.328615e+01
    endloop
  endfacet
  facet normal 9.203462e-01 2.724772e-16 -3.911047e-01
    outer loop
      vertex   4.670081e+00 3.500000e+00 -2.328615e+01
      vertex   4.670081e+00 5.000000e-01 -2.328615e+01
      vertex   4.527241e+00 3.500000e+00 -2.362228e+01
    endloop
  endfacet
  facet normal 9.203462e-01 5.449544e-16 -3.911047e-01
    outer loop
      vertex   4.527241e+00 3.500000e+00 -2.362228e+01
      vertex   4.670081e+00 5.000000e-01 -2.328615e+01
      vertex   4.527241e+00 5.000000e-01 -2.362228e+01
    endloop
  endfacet
  facet normal 8.893421e-01 5.265963e-16 -4.572423e-01
    outer loop
      vertex   4.527241e+00 3.500000e+00 -2.362228e+01
      vertex   4.527241e+00 5.000000e-01 -2.362228e+01
      vertex   4.360247e+00 3.500000e+00 -2.394709e+01
    endloop
  endfacet
  facet normal 8.893421e-01 -1.082967e-15 -4.572423e-01
    outer loop
      vertex   4.360247e+00 3.500000e+00 -2.394709e+01
      vertex   4.527241e+00 5.000000e-01 -2.362228e+01
      vertex   4.360247e+00 5.000000e-01 -2.394709e+01
    endloop
  endfacet
  facet normal 8.535931e-01 -1.233835e-15 -5.209403e-01
    outer loop
      vertex   4.360247e+00 3.500000e+00 -2.394709e+01
      vertex   4.360247e+00 5.000000e-01 -2.394709e+01
      vertex   4.169989e+00 3.500000e+00 -2.425884e+01
    endloop
  endfacet
  facet normal 8.535931e-01 -5.054286e-16 -5.209403e-01
    outer loop
      vertex   4.169989e+00 3.500000e+00 -2.425884e+01
      vertex   4.360247e+00 5.000000e-01 -2.394709e+01
      vertex   4.169989e+00 5.000000e-01 -2.425884e+01
    endloop
  endfacet
  facet normal 8.132897e-01 -4.815643e-16 -5.818589e-01
    outer loop
      vertex   4.169989e+00 3.500000e+00 -2.425884e+01
      vertex   4.169989e+00 5.000000e-01 -2.425884e+01
      vertex   3.957482e+00 3.500000e+00 -2.455587e+01
    endloop
  endfacet
  facet normal 8.132897e-01 -2.074951e-16 -5.818589e-01
    outer loop
      vertex   3.957482e+00 3.500000e+00 -2.455587e+01
      vertex   4.169989e+00 5.000000e-01 -2.425884e+01
      vertex   3.957482e+00 5.000000e-01 -2.455587e+01
    endloop
  endfacet
  facet normal 7.686471e-01 -3.023945e-16 -6.396730e-01
    outer loop
      vertex   3.957482e+00 3.500000e+00 -2.455587e+01
      vertex   3.957482e+00 5.000000e-01 -2.455587e+01
      vertex   3.723861e+00 3.500000e+00 -2.483659e+01
    endloop
  endfacet
  facet normal 7.686471e-01 3.413479e-16 -6.396730e-01
    outer loop
      vertex   3.723861e+00 3.500000e+00 -2.483659e+01
      vertex   3.957482e+00 5.000000e-01 -2.455587e+01
      vertex   3.723861e+00 5.000000e-01 -2.483659e+01
    endloop
  endfacet
  facet normal 7.199035e-01 3.197014e-16 -6.940742e-01
    outer loop
      vertex   3.723861e+00 3.500000e+00 -2.483659e+01
      vertex   3.723861e+00 5.000000e-01 -2.483659e+01
      vertex   3.470371e+00 3.500000e+00 -2.509952e+01
    endloop
  endfacet
  facet normal 7.199035e-01 -1.065671e-16 -6.940742e-01
    outer loop
      vertex   3.470371e+00 3.500000e+00 -2.509952e+01
      vertex   3.723861e+00 5.000000e-01 -2.483659e+01
      vertex   3.470371e+00 5.000000e-01 -2.509952e+01
    endloop
  endfacet
  facet normal 6.673188e-01 -9.878303e-17 -7.447722e-01
    outer loop
      vertex   3.470371e+00 3.500000e+00 -2.509952e+01
      vertex   3.470371e+00 5.000000e-01 -2.509952e+01
      vertex   3.198365e+00 3.500000e+00 -2.534324e+01
    endloop
  endfacet
  facet normal 6.673188e-01 -1.467626e-15 -7.447722e-01
    outer loop
      vertex   3.198365e+00 3.500000e+00 -2.534324e+01
      vertex   3.470371e+00 5.000000e-01 -2.509952e+01
      vertex   3.198365e+00 5.000000e-01 -2.534324e+01
    endloop
  endfacet
  facet normal 6.111737e-01 -1.603225e-15 -7.914965e-01
    outer loop
      vertex   3.198365e+00 3.500000e+00 -2.534324e+01
      vertex   3.198365e+00 5.000000e-01 -2.534324e+01
      vertex   2.909295e+00 3.500000e+00 -2.556645e+01
    endloop
  endfacet
  facet normal 6.111737e-01 -2.714157e-16 -7.914965e-01
    outer loop
      vertex   2.909295e+00 3.500000e+00 -2.556645e+01
      vertex   3.198365e+00 5.000000e-01 -2.534324e+01
      vertex   2.909295e+00 5.000000e-01 -2.556645e+01
    endloop
  endfacet
  facet normal 5.517677e-01 -2.450341e-16 -8.339978e-01
    outer loop
      vertex   2.909295e+00 3.500000e+00 -2.556645e+01
      vertex   2.909295e+00 5.000000e-01 -2.556645e+01
      vertex   2.604702e+00 3.500000e+00 -2.576797e+01
    endloop
  endfacet
  facet normal 5.517677e-01 1.633561e-16 -8.339978e-01
    outer loop
      vertex   2.604702e+00 3.500000e+00 -2.576797e+01
      vertex   2.909295e+00 5.000000e-01 -2.556645e+01
      vertex   2.604702e+00 5.000000e-01 -2.576797e+01
    endloop
  endfacet
  facet normal 4.894178e-01 1.448968e-16 -8.720494e-01
    outer loop
      vertex   2.604702e+00 3.500000e+00 -2.576797e+01
      vertex   2.604702e+00 5.000000e-01 -2.576797e+01
      vertex   2.286212e+00 3.500000e+00 -2.594671e+01
    endloop
  endfacet
  facet normal 4.894178e-01 1.448968e-16 -8.720494e-01
    outer loop
      vertex   2.286212e+00 3.500000e+00 -2.594671e+01
      vertex   2.604702e+00 5.000000e-01 -2.576797e+01
      vertex   2.286212e+00 5.000000e-01 -2.594671e+01
    endloop
  endfacet
  facet normal 4.244567e-01 1.256644e-16 -9.054482e-01
    outer loop
      vertex   2.286212e+00 3.500000e+00 -2.594671e+01
      vertex   2.286212e+00 5.000000e-01 -2.594671e+01
      vertex   1.955524e+00 3.500000e+00 -2.610173e+01
    endloop
  endfacet
  facet normal 4.244567e-01 -1.570805e-16 -9.054482e-01
    outer loop
      vertex   1.955524e+00 3.500000e+00 -2.610173e+01
      vertex   2.286212e+00 5.000000e-01 -2.594671e+01
      vertex   1.955524e+00 5.000000e-01 -2.610173e+01
    endloop
  endfacet
  facet normal 3.572309e-01 -1.322020e-16 -9.340161e-01
    outer loop
      vertex   1.955524e+00 3.500000e+00 -2.610173e+01
      vertex   1.955524e+00 5.000000e-01 -2.610173e+01
      vertex   1.614402e+00 3.500000e+00 -2.623220e+01
    endloop
  endfacet
  facet normal 3.572309e-01 -2.053552e-15 -9.340161e-01
    outer loop
      vertex   1.614402e+00 3.500000e+00 -2.623220e+01
      vertex   1.955524e+00 5.000000e-01 -2.610173e+01
      vertex   1.614402e+00 5.000000e-01 -2.623220e+01
    endloop
  endfacet
  facet normal 2.880991e-01 -2.140112e-15 -9.576006e-01
    outer loop
      vertex   1.614402e+00 3.500000e+00 -2.623220e+01
      vertex   1.614402e+00 5.000000e-01 -2.623220e+01
      vertex   1.264667e+00 3.500000e+00 -2.633742e+01
    endloop
  endfacet
  facet normal 2.880991e-01 8.529447e-17 -9.576006e-01
    outer loop
      vertex   1.264667e+00 3.500000e+00 -2.633742e+01
      vertex   1.614402e+00 5.000000e-01 -2.623220e+01
      vertex   1.264667e+00 5.000000e-01 -2.633742e+01
    endloop
  endfacet
  facet normal 2.174302e-01 6.437226e-17 -9.760759e-01
    outer loop
      vertex   1.264667e+00 3.500000e+00 -2.633742e+01
      vertex   1.264667e+00 5.000000e-01 -2.633742e+01
      vertex   9.081843e-01 3.500000e+00 -2.641683e+01
    endloop
  endfacet
  facet normal 2.174302e-01 9.655839e-17 -9.760759e-01
    outer loop
      vertex   9.081843e-01 3.500000e+00 -2.641683e+01
      vertex   1.264667e+00 5.000000e-01 -2.633742e+01
      vertex   9.081843e-01 5.000000e-01 -2.641683e+01
    endloop
  endfacet
  facet normal 1.456012e-01 6.465991e-17 -9.893434e-01
    outer loop
      vertex   9.081843e-01 3.500000e+00 -2.641683e+01
      vertex   9.081843e-01 5.000000e-01 -2.641683e+01
      vertex   5.468560e-01 3.500000e+00 -2.647000e+01
    endloop
  endfacet
  facet normal 1.456012e-01 5.927158e-17 -9.893434e-01
    outer loop
      vertex   5.468560e-01 3.500000e+00 -2.647000e+01
      vertex   9.081843e-01 5.000000e-01 -2.641683e+01
      vertex   5.468560e-01 5.000000e-01 -2.647000e+01
    endloop
  endfacet
  facet normal 7.299531e-02 2.971506e-17 -9.973323e-01
    outer loop
      vertex   5.468560e-01 3.500000e+00 -2.647000e+01
      vertex   5.468560e-01 5.000000e-01 -2.647000e+01
      vertex   1.826101e-01 3.500000e+00 -2.649666e+01
    endloop
  endfacet
  facet normal 7.299531e-02 -2.363698e-17 -9.973323e-01
    outer loop
      vertex   1.826101e-01 3.500000e+00 -2.649666e+01
      vertex   5.468560e-01 5.000000e-01 -2.647000e+01
      vertex   1.826101e-01 5.000000e-01 -2.649666e+01
    endloop
  endfacet
  facet normal -0.000000e+00 0.000000e+00 -1.000000e+00
    outer loop
      vertex   1.826101e-01 3.500000e+00 -2.649666e+01
      vertex   1.826101e-01 5.000000e-01 -2.649666e+01
      vertex   -1.826101e-01 3.500000e+00 -2.649666e+01
    endloop
  endfacet
  facet normal 0.000000e+00 -0.000000e+00 -1.000000e+00
    outer loop
      vertex   -1.826101e-01 3.500000e+00 -2.649666e+01
      vertex   1.826101e-01 5.000000e-01 -2.649666e+01
      vertex   -1.826101e-01 5.000000e-01 -2.649666e+01
    endloop
  endfacet
  facet normal -7.299531e-02 2.363698e-17 -9.973323e-01
    outer loop
      vertex   -1.826101e-01 3.500000e+00 -2.649666e+01
      vertex   -1.826101e-01 5.000000e-01 -2.649666e+01
      vertex   -5.468560e-01 3.500000e+00 -2.647000e+01
    endloop
  endfacet
  facet normal -7.299531e-02 -2.971506e-17 -9.973323e-01
    outer loop
      vertex   -5.468560e-01 3.500000e+00 -2.647000e+01
      vertex   -1.826101e-01 5.000000e-01 -2.649666e+01
      vertex   -5.468560e-01 5.000000e-01 -2.647000e+01
    endloop
  endfacet
  facet normal -1.456012e-01 -5.927158e-17 -9.893434e-01
    outer loop
      vertex   -5.468560e-01 3.500000e+00 -2.647000e+01
      vertex   -5.468560e-01 5.000000e-01 -2.647000e+01
      vertex   -9.081843e-01 3.500000e+00 -2.641683e+01
    endloop
  endfacet
  facet normal -1.456012e-01 -6.465991e-17 -9.893434e-01
    outer loop
      vertex   -9.081843e-01 3.500000e+00 -2.641683e+01
      vertex   -5.468560e-01 5.000000e-01 -2.647000e+01
      vertex   -9.081843e-01 5.000000e-01 -2.641683e+01
    endloop
  endfacet
  facet normal -2.174302e-01 -9.655839e-17 -9.760759e-01
    outer loop
      vertex   -9.081843e-01 3.500000e+00 -2.641683e+01
      vertex   -9.081843e-01 5.000000e-01 -2.641683e+01
      vertex   -1.264667e+00 3.500000e+00 -2.633742e+01
    endloop
  endfacet
  facet normal -2.174302e-01 -6.437226e-17 -9.760759e-01
    outer loop
      vertex   -1.264667e+00 3.500000e+00 -2.633742e+01
      vertex   -9.081843e-01 5.000000e-01 -2.641683e+01
      vertex   -1.264667e+00 5.000000e-01 -2.633742e+01
    endloop
  endfacet
  facet normal -2.880991e-01 -8.529447e-17 -9.576006e-01
    outer loop
      vertex   -1.264667e+00 3.500000e+00 -2.633742e+01
      vertex   -1.264667e+00 5.000000e-01 -2.633742e+01
      vertex   -1.614402e+00 3.500000e+00 -2.623220e+01
    endloop
  endfacet
  facet normal -2.880991e-01 2.140112e-15 -9.576006e-01
    outer loop
      vertex   -1.614402e+00 3.500000e+00 -2.623220e+01
      vertex   -1.264667e+00 5.000000e-01 -2.633742e+01
      vertex   -1.614402e+00 5.000000e-01 -2.623220e+01
    endloop
  endfacet
  facet normal -3.572309e-01 2.053552e-15 -9.340161e-01
    outer loop
      vertex   -1.614402e+00 3.500000e+00 -2.623220e+01
      vertex   -1.614402e+00 5.000000e-01 -2.623220e+01
      vertex   -1.955524e+00 3.500000e+00 -2.610173e+01
    endloop
  endfacet
  facet normal -3.572309e-01 1.322020e-16 -9.340161e-01
    outer loop
      vertex   -1.955524e+00 3.500000e+00 -2.610173e+01
      vertex   -1.614402e+00 5.000000e-01 -2.623220e+01
      vertex   -1.955524e+00 5.000000e-01 -2.610173e+01
    endloop
  endfacet
  facet normal -4.244567e-01 1.570805e-16 -9.054482e-01
    outer loop
      vertex   -1.955524e+00 3.500000e+00 -2.610173e+01
      vertex   -1.955524e+00 5.000000e-01 -2.610173e+01
      vertex   -2.286212e+00 3.500000e+00 -2.594671e+01
    endloop
  endfacet
  facet normal -4.244567e-01 -1.256644e-16 -9.054482e-01
    outer loop
      vertex   -2.286212e+00 3.500000e+00 -2.594671e+01
      vertex   -1.955524e+00 5.000000e-01 -2.610173e+01
      vertex   -2.286212e+00 5.000000e-01 -2.594671e+01
    endloop
  endfacet
  facet normal -4.894178e-01 -1.448968e-16 -8.720494e-01
    outer loop
      vertex   -2.286212e+00 3.500000e+00 -2.594671e+01
      vertex   -2.286212e+00 5.000000e-01 -2.594671e+01
      vertex   -2.604702e+00 3.500000e+00 -2.576797e+01
    endloop
  endfacet
  facet normal -4.894178e-01 -1.448968e-16 -8.720494e-01
    outer loop
      vertex   -2.604702e+00 3.500000e+00 -2.576797e+01
      vertex   -2.286212e+00 5.000000e-01 -2.594671e+01
      vertex   -2.604702e+00 5.000000e-01 -2.576797e+01
    endloop
  endfacet
  facet normal -5.517677e-01 -1.633561e-16 -8.339978e-01
    outer loop
      vertex   -2.604702e+00 3.500000e+00 -2.576797e+01
      vertex   -2.604702e+00 5.000000e-01 -2.576797e+01
      vertex   -2.909295e+00 3.500000e+00 -2.556645e+01
    endloop
  endfacet
  facet normal -5.517677e-01 2.450341e-16 -8.339978e-01
    outer loop
      vertex   -2.909295e+00 3.500000e+00 -2.556645e+01
      vertex   -2.604702e+00 5.000000e-01 -2.576797e+01
      vertex   -2.909295e+00 5.000000e-01 -2.556645e+01
    endloop
  endfacet
  facet normal -6.111737e-01 2.714157e-16 -7.914965e-01
    outer loop
      vertex   -2.909295e+00 3.500000e+00 -2.556645e+01
      vertex   -2.909295e+00 5.000000e-01 -2.556645e+01
      vertex   -3.198365e+00 3.500000e+00 -2.534324e+01
    endloop
  endfacet
  facet normal -6.111737e-01 1.603225e-15 -7.914965e-01
    outer loop
      vertex   -3.198365e+00 3.500000e+00 -2.534324e+01
      vertex   -2.909295e+00 5.000000e-01 -2.556645e+01
      vertex   -3.198365e+00 5.000000e-01 -2.534324e+01
    endloop
  endfacet
  facet normal -6.673188e-01 1.467626e-15 -7.447722e-01
    outer loop
      vertex   -3.198365e+00 3.500000e+00 -2.534324e+01
      vertex   -3.198365e+00 5.000000e-01 -2.534324e+01
      vertex   -3.470371e+00 3.500000e+00 -2.509952e+01
    endloop
  endfacet
  facet normal -6.673188e-01 9.878303e-17 -7.447722e-01
    outer loop
      vertex   -3.470371e+00 3.500000e+00 -2.509952e+01
      vertex   -3.198365e+00 5.000000e-01 -2.534324e+01
      vertex   -3.470371e+00 5.000000e-01 -2.509952e+01
    endloop
  endfacet
  facet normal -7.199035e-01 1.065671e-16 -6.940742e-01
    outer loop
      vertex   -3.470371e+00 3.500000e+00 -2.509952e+01
      vertex   -3.470371e+00 5.000000e-01 -2.509952e+01
      vertex   -3.723861e+00 3.500000e+00 -2.483659e+01
    endloop
  endfacet
  facet normal -7.199035e-01 -3.197014e-16 -6.940742e-01
    outer loop
      vertex   -3.723861e+00 3.500000e+00 -2.483659e+01
      vertex   -3.470371e+00 5.000000e-01 -2.509952e+01
      vertex   -3.723861e+00 5.000000e-01 -2.483659e+01
    endloop
  endfacet
  facet normal -7.686471e-01 -3.413479e-16 -6.396730e-01
    outer loop
      vertex   -3.723861e+00 3.500000e+00 -2.483659e+01
      vertex   -3.723861e+00 5.000000e-01 -2.483659e+01
      vertex   -3.957482e+00 3.500000e+00 -2.455587e+01
    endloop
  endfacet
  facet normal -7.686471e-01 3.023945e-16 -6.396730e-01
    outer loop
      vertex   -3.957482e+00 3.500000e+00 -2.455587e+01
      vertex   -3.723861e+00 5.000000e-01 -2.483659e+01
      vertex   -3.957482e+00 5.000000e-01 -2.455587e+01
    endloop
  endfacet
  facet normal -8.132897e-01 2.074951e-16 -5.818589e-01
    outer loop
      vertex   -3.957482e+00 3.500000e+00 -2.455587e+01
      vertex   -3.957482e+00 5.000000e-01 -2.455587e+01
      vertex   -4.169989e+00 3.500000e+00 -2.425884e+01
    endloop
  endfacet
  facet normal -8.132897e-01 4.815643e-16 -5.818589e-01
    outer loop
      vertex   -4.169989e+00 3.500000e+00 -2.425884e+01
      vertex   -3.957482e+00 5.000000e-01 -2.455587e+01
      vertex   -4.169989e+00 5.000000e-01 -2.425884e+01
    endloop
  endfacet
  facet normal -8.535931e-01 5.054286e-16 -5.209403e-01
    outer loop
      vertex   -4.169989e+00 3.500000e+00 -2.425884e+01
      vertex   -4.169989e+00 5.000000e-01 -2.425884e+01
      vertex   -4.360247e+00 3.500000e+00 -2.394709e+01
    endloop
  endfacet
  facet normal -8.535931e-01 1.233835e-15 -5.209403e-01
    outer loop
      vertex   -4.360247e+00 3.500000e+00 -2.394709e+01
      vertex   -4.169989e+00 5.000000e-01 -2.425884e+01
      vertex   -4.360247e+00 5.000000e-01 -2.394709e+01
    endloop
  endfacet
  facet normal -8.893421e-01 1.082967e-15 -4.572423e-01
    outer loop
      vertex   -4.360247e+00 3.500000e+00 -2.394709e+01
      vertex   -4.360247e+00 5.000000e-01 -2.394709e+01
      vertex   -4.527241e+00 3.500000e+00 -2.362228e+01
    endloop
  endfacet
  facet normal -8.893421e-01 -5.265963e-16 -4.572423e-01
    outer loop
      vertex   -4.527241e+00 3.500000e+00 -2.362228e+01
      vertex   -4.360247e+00 5.000000e-01 -2.394709e+01
      vertex   -4.527241e+00 5.000000e-01 -2.362228e+01
    endloop
  endfacet
  facet normal -9.203462e-01 -5.449544e-16 -3.911047e-01
    outer loop
      vertex   -4.527241e+00 3.500000e+00 -2.362228e+01
      vertex   -4.527241e+00 5.000000e-01 -2.362228e+01
      vertex   -4.670081e+00 3.500000e+00 -2.328615e+01
    endloop
  endfacet
  facet normal -9.203462e-01 -2.724772e-16 -3.911047e-01
    outer loop
      vertex   -4.670081e+00 3.500000e+00 -2.328615e+01
      vertex   -4.527241e+00 5.000000e-01 -2.362228e+01
      vertex   -4.670081e+00 5.000000e-01 -2.328615e+01
    endloop
  endfacet
  facet normal -9.464398e-01 -2.802025e-16 -3.228804e-01
    outer loop
      vertex   -4.670081e+00 3.500000e+00 -2.328615e+01
      vertex   -4.670081e+00 5.000000e-01 -2.328615e+01
      vertex   -4.788003e+00 3.500000e+00 -2.294050e+01
    endloop
  endfacet
  facet normal -9.464398e-01 -0.000000e+00 -3.228804e-01
    outer loop
      vertex   -4.788003e+00 3.500000e+00 -2.294050e+01
      vertex   -4.670081e+00 5.000000e-01 -2.328615e+01
      vertex   -4.788003e+00 5.000000e-01 -2.294050e+01
    endloop
  endfacet
  facet normal -9.674837e-01 -0.000000e+00 -2.529334e-01
    outer loop
      vertex   -4.788003e+00 3.500000e+00 -2.294050e+01
      vertex   -4.788003e+00 5.000000e-01 -2.294050e+01
      vertex   -4.880379e+00 3.500000e+00 -2.258715e+01
    endloop
  endfacet
  facet normal -9.674837e-01 5.990666e-16 -2.529334e-01
    outer loop
      vertex   -4.880379e+00 3.500000e+00 -2.258715e+01
      vertex   -4.788003e+00 5.000000e-01 -2.294050e+01
      vertex   -4.880379e+00 5.000000e-01 -2.258715e+01
    endloop
  endfacet
  facet normal -9.833657e-01 4.302025e-16 -1.816369e-01
    outer loop
      vertex   -4.880379e+00 3.500000e+00 -2.258715e+01
      vertex   -4.880379e+00 5.000000e-01 -2.258715e+01
      vertex   -4.946717e+00 3.500000e+00 -2.222801e+01
    endloop
  endfacet
  facet normal -9.833657e-01 -0.000000e+00 -1.816369e-01
    outer loop
      vertex   -4.946717e+00 3.500000e+00 -2.222801e+01
      vertex   -4.880379e+00 5.000000e-01 -2.258715e+01
      vertex   -4.946717e+00 5.000000e-01 -2.222801e+01
    endloop
  endfacet
  facet normal -9.940010e-01 -0.000000e+00 -1.093712e-01
    outer loop
      vertex   -4.946717e+00 3.500000e+00 -2.222801e+01
      vertex   -4.946717e+00 5.000000e-01 -2.222801e+01
      vertex   -4.986661e+00 3.500000e+00 -2.186498e+01
    endloop
  endfacet
  facet normal -9.940010e-01 -2.590431e-16 -1.093712e-01
    outer loop
      vertex   -4.986661e+00 3.500000e+00 -2.186498e+01
      vertex   -4.946717e+00 5.000000e-01 -2.222801e+01
      vertex   -4.986661e+00 5.000000e-01 -2.186498e+01
    endloop
  endfacet
  facet normal -9.993328e-01 -8.650153e-17 -3.652202e-02
    outer loop
      vertex   -4.986661e+00 3.500000e+00 -2.186498e+01
      vertex   -4.986661e+00 5.000000e-01 -2.186498e+01
      vertex   -5.000000e+00 3.500000e+00 -2.150000e+01
    endloop
  endfacet
  facet normal -9.993328e-01 -0.000000e+00 -3.652202e-02
    outer loop
      vertex   -5.000000e+00 3.500000e+00 -2.150000e+01
      vertex   -4.986661e+00 5.000000e-01 -2.186498e+01
      vertex   -5.000000e+00 5.000000e-01 -2.150000e+01
    endloop
  endfacet
  facet normal 2.540497e-01 0.000000e+00 -9.671912e-01
    outer loop
      vertex   1.990000e+01 8.000000e+00 -2.500000e+00
      vertex   1.990000e+01 5.000000e-01 -2.500000e+00
      vertex   1.928898e+01 8.000000e+00 -2.660496e+00
    endloop
  endfacet
  facet normal 2.562997e-01 1.960082e-04 -9.665974e-01
    outer loop
      vertex   1.928898e+01 8.000000e+00 -2.660496e+00
      vertex   1.990000e+01 5.000000e-01 -2.500000e+00
      vertex   1.920136e+01 5.000000e-01 -2.685250e+00
    endloop
  endfacet
  facet normal 2.851450e-01 -1.677619e-04 -9.584844e-01
    outer loop
      vertex   1.928898e+01 8.000000e+00 -2.660496e+00
      vertex   1.920136e+01 5.000000e-01 -2.685250e+00
      vertex   1.868346e+01 8.000000e+00 -2.840636e+00
    endloop
  endfacet
  facet normal 2.918291e-01 3.355228e-04 -9.564704e-01
    outer loop
      vertex   1.868346e+01 8.000000e+00 -2.840636e+00
      vertex   1.920136e+01 5.000000e-01 -2.685250e+00
      vertex   1.851003e+01 5.000000e-01 -2.896180e+00
    endloop
  endfacet
  facet normal 3.159430e-01 -2.790285e-04 -9.487781e-01
    outer loop
      vertex   1.868346e+01 8.000000e+00 -2.840636e+00
      vertex   1.851003e+01 5.000000e-01 -2.896180e+00
      vertex   1.808407e+01 8.000000e+00 -3.040232e+00
    endloop
  endfacet
  facet normal 3.269602e-01 4.185409e-04 -9.450380e-01
    outer loop
      vertex   1.808407e+01 8.000000e+00 -3.040232e+00
      vertex   1.851003e+01 5.000000e-01 -2.896180e+00
      vertex   1.782697e+01 5.000000e-01 -3.132502e+00
    endloop
  endfacet
  facet normal 3.464101e-01 -3.337440e-04 -9.380831e-01
    outer loop
      vertex   1.808407e+01 8.000000e+00 -3.040232e+00
      vertex   1.782697e+01 5.000000e-01 -3.132502e+00
      vertex   1.749143e+01 7.999998e+00 -3.259077e+00
    endloop
  endfacet
  facet normal 3.616451e-01 4.451849e-04 -9.323157e-01
    outer loop
      vertex   1.749143e+01 7.999998e+00 -3.259077e+00
      vertex   1.782697e+01 5.000000e-01 -3.132502e+00
      vertex   1.715311e+01 5.000000e-01 -3.393894e+00
    endloop
  endfacet
  facet normal 3.696616e-01 2.695129e-05 -9.291665e-01
    outer loop
      vertex   1.749143e+01 7.999998e+00 -3.259077e+00
      vertex   1.715311e+01 5.000000e-01 -3.393894e+00
      vertex   1.717280e+01 7.869988e+00 -3.385847e+00
    endloop
  endfacet
  facet normal 3.858612e-01 -2.354040e-05 -9.225568e-01
    outer loop
      vertex   1.717280e+01 7.869988e+00 -3.385847e+00
      vertex   1.715311e+01 5.000000e-01 -3.393894e+00
      vertex   1.685821e+01 7.735064e+00 -3.517419e+00
    endloop
  endfacet
  facet normal 3.958363e-01 4.553591e-04 -9.183210e-01
    outer loop
      vertex   1.685821e+01 7.735064e+00 -3.517419e+00
      vertex   1.715311e+01 5.000000e-01 -3.393894e+00
      vertex   1.648936e+01 5.000000e-01 -3.679999e+00
    endloop
  endfacet
  facet normal 4.017953e-01 9.333360e-05 -9.157295e-01
    outer loop
      vertex   1.685821e+01 7.735064e+00 -3.517419e+00
      vertex   1.648936e+01 5.000000e-01 -3.679999e+00
      vertex   1.654771e+01 7.595335e+00 -3.653675e+00
    endloop
  endfacet
  facet normal 4.176223e-01 -6.318460e-05 -9.086207e-01
    outer loop
      vertex   1.654771e+01 7.595335e+00 -3.653675e+00
      vertex   1.648936e+01 5.000000e-01 -3.679999e+00
      vertex   1.624129e+01 7.450918e+00 -3.794499e+00
    endloop
  endfacet
  facet normal 4.294873e-01 4.516473e-04 -9.030728e-01
    outer loop
      vertex   1.624129e+01 7.450918e+00 -3.794499e+00
      vertex   1.648936e+01 5.000000e-01 -3.679999e+00
      vertex   1.583663e+01 5.000000e-01 -3.990426e+00
    endloop
  endfacet
  facet normal 4.341269e-01 1.189419e-04 -9.008517e-01
    outer loop
      vertex   1.624129e+01 7.450918e+00 -3.794499e+00
      vertex   1.583663e+01 5.000000e-01 -3.990426e+00
      vertex   1.589926e+01 7.281851e+00 -3.959349e+00
    endloop
  endfacet
  facet normal 4.515496e-01 -8.139020e-05 -8.922460e-01
    outer loop
      vertex   1.589926e+01 7.281851e+00 -3.959349e+00
      vertex   1.583663e+01 5.000000e-01 -3.990426e+00
      vertex   1.556277e+01 7.107215e+00 -4.129624e+00
    endloop
  endfacet
  facet normal 4.625521e-01 4.937603e-04 -8.865920e-01
    outer loop
      vertex   1.556277e+01 7.107215e+00 -4.129624e+00
      vertex   1.583663e+01 5.000000e-01 -3.990426e+00
      vertex   1.519582e+01 5.000000e-01 -4.324752e+00
    endloop
  endfacet
  facet normal 4.685426e-01 6.799410e-05 -8.834409e-01
    outer loop
      vertex   1.556277e+01 7.107215e+00 -4.129624e+00
      vertex   1.519582e+01 5.000000e-01 -4.324752e+00
      vertex   1.523188e+01 6.927213e+00 -4.305132e+00
    endloop
  endfacet
  facet normal 4.853646e-01 -5.425504e-05 -8.743119e-01
    outer loop
      vertex   1.523188e+01 6.927213e+00 -4.305132e+00
      vertex   1.519582e+01 5.000000e-01 -4.324752e+00
      vertex   1.490662e+01 6.742046e+00 -4.485683e+00
    endloop
  endfacet
  facet normal 4.949855e-01 5.309886e-04 -8.689011e-01
    outer loop
      vertex   1.490662e+01 6.742046e+00 -4.485683e+00
      vertex   1.519582e+01 5.000000e-01 -4.324752e+00
      vertex   1.456779e+01 5.000000e-01 -4.682520e+00
    endloop
  endfacet
  facet normal 5.016235e-01 5.036133e-05 -8.650861e-01
    outer loop
      vertex   1.490662e+01 6.742046e+00 -4.485683e+00
      vertex   1.456779e+01 5.000000e-01 -4.682520e+00
      vertex   1.459386e+01 6.556050e+00 -4.667051e+00
    endloop
  endfacet
  facet normal 5.175127e-01 -4.207735e-05 -8.556755e-01
    outer loop
      vertex   1.459386e+01 6.556050e+00 -4.667051e+00
      vertex   1.456779e+01 5.000000e-01 -4.682520e+00
      vertex   1.428656e+01 6.365465e+00 -4.852896e+00
    endloop
  endfacet
  facet normal 5.267433e-01 5.646539e-04 -8.500242e-01
    outer loop
      vertex   1.428656e+01 6.365465e+00 -4.852896e+00
      vertex   1.456779e+01 5.000000e-01 -4.682520e+00
      vertex   1.395340e+01 5.000000e-01 -5.063243e+00
    endloop
  endfacet
  facet normal 5.330328e-01 6.649156e-05 -8.460946e-01
    outer loop
      vertex   1.428656e+01 6.365465e+00 -4.852896e+00
      vertex   1.395340e+01 5.000000e-01 -5.063243e+00
      vertex   1.398473e+01 6.170443e+00 -5.043063e+00
    endloop
  endfacet
  facet normal 5.483773e-01 -5.337679e-05 -8.362310e-01
    outer loop
      vertex   1.398473e+01 6.170443e+00 -5.043063e+00
      vertex   1.395340e+01 5.000000e-01 -5.063243e+00
      vertex   1.368836e+01 5.971140e+00 -5.237399e+00
    endloop
  endfacet
  facet normal 5.577822e-01 6.009835e-04 -8.299871e-01
    outer loop
      vertex   1.368836e+01 5.971140e+00 -5.237399e+00
      vertex   1.395340e+01 5.000000e-01 -5.063243e+00
      vertex   1.335350e+01 5.000000e-01 -5.466400e+00
    endloop
  endfacet
  facet normal 5.635172e-01 8.745495e-05 -8.261043e-01
    outer loop
      vertex   1.368836e+01 5.971140e+00 -5.237399e+00
      vertex   1.335350e+01 5.000000e-01 -5.466400e+00
      vertex   1.338969e+01 5.762164e+00 -5.441158e+00
    endloop
  endfacet
  facet normal 5.787109e-01 -6.774337e-05 -8.155327e-01
    outer loop
      vertex   1.338969e+01 5.762164e+00 -5.441158e+00
      vertex   1.335350e+01 5.000000e-01 -5.466400e+00
      vertex   1.309680e+01 5.549022e+00 -5.648977e+00
    endloop
  endfacet
  facet normal 5.880598e-01 6.504045e-04 -8.088172e-01
    outer loop
      vertex   1.309680e+01 5.549022e+00 -5.648977e+00
      vertex   1.335350e+01 5.000000e-01 -5.466400e+00
      vertex   1.276890e+01 5.000000e-01 -5.891441e+00
    endloop
  endfacet
  facet normal 5.934487e-01 1.109654e-04 -8.048718e-01
    outer loop
      vertex   1.309680e+01 5.549022e+00 -5.648977e+00
      vertex   1.276890e+01 5.000000e-01 -5.891441e+00
      vertex   1.280969e+01 5.331882e+00 -5.860699e+00
    endloop
  endfacet
  facet normal 6.080721e-01 -8.240946e-05 -7.938818e-01
    outer loop
      vertex   1.280969e+01 5.331882e+00 -5.860699e+00
      vertex   1.276890e+01 5.000000e-01 -5.891441e+00
      vertex   1.252835e+01 5.110913e+00 -6.076168e+00
    endloop
  endfacet
  facet normal 6.175347e-01 7.052478e-04 -7.865433e-01
    outer loop
      vertex   1.252835e+01 5.110913e+00 -6.076168e+00
      vertex   1.276890e+01 5.000000e-01 -5.891441e+00
      vertex   1.220039e+01 5.000000e-01 -6.337787e+00
    endloop
  endfacet
  facet normal 6.172617e-01 7.368191e-04 -7.867576e-01
    outer loop
      vertex   1.252835e+01 5.110913e+00 -6.076168e+00
      vertex   1.220039e+01 5.000000e-01 -6.337787e+00
      vertex   1.243353e+01 5.036019e+00 -6.150630e+00
    endloop
  endfacet
  facet normal 6.248399e-01 9.957544e-05 -7.807529e-01
    outer loop
      vertex   1.243353e+01 5.036019e+00 -6.150630e+00
      vertex   1.220039e+01 5.000000e-01 -6.337787e+00
      vertex   1.224445e+01 4.892370e+00 -6.301971e+00
    endloop
  endfacet
  facet normal 6.346423e-01 -6.353611e-05 -7.728060e-01
    outer loop
      vertex   1.224445e+01 4.892370e+00 -6.301971e+00
      vertex   1.220039e+01 5.000000e-01 -6.337787e+00
      vertex   1.205293e+01 4.754249e+00 -6.459238e+00
    endloop
  endfacet
  facet normal 6.453666e-01 5.632363e-04 -7.638728e-01
    outer loop
      vertex   1.205293e+01 4.754249e+00 -6.459238e+00
      vertex   1.220039e+01 5.000000e-01 -6.337787e+00
      vertex   1.181529e+01 4.592659e+00 -6.660132e+00
    endloop
  endfacet
  facet normal 6.461667e-01 6.918280e-04 -7.631960e-01
    outer loop
      vertex   1.181529e+01 4.592659e+00 -6.660132e+00
      vertex   1.220039e+01 5.000000e-01 -6.337787e+00
      vertex   1.164877e+01 5.000000e-01 -6.804827e+00
    endloop
  endfacet
  facet normal 6.578238e-01 -1.368610e-04 -7.531719e-01
    outer loop
      vertex   1.181529e+01 4.592659e+00 -6.660132e+00
      vertex   1.164877e+01 5.000000e-01 -6.804827e+00
      vertex   1.157623e+01 4.440654e+00 -6.868899e+00
    endloop
  endfacet
  facet normal 6.696130e-01 2.502575e-04 -7.427102e-01
    outer loop
      vertex   1.157623e+01 4.440654e+00 -6.868899e+00
      vertex   1.164877e+01 5.000000e-01 -6.804827e+00
      vertex   1.134881e+01 4.305601e+00 -7.073979e+00
    endloop
  endfacet
  facet normal 6.739167e-01 8.655448e-04 -7.388068e-01
    outer loop
      vertex   1.134881e+01 4.305601e+00 -7.073979e+00
      vertex   1.164877e+01 5.000000e-01 -6.804827e+00
      vertex   1.111477e+01 5.000000e-01 -7.291924e+00
    endloop
  endfacet
  facet normal 6.818855e-01 -4.534148e-05 -7.314589e-01
    outer loop
      vertex   1.134881e+01 4.305601e+00 -7.073979e+00
      vertex   1.111477e+01 5.000000e-01 -7.291924e+00
      vertex   1.109996e+01 4.168408e+00 -7.305953e+00
    endloop
  endfacet
  facet normal 6.943161e-01 4.990988e-05 -7.196701e-01
    outer loop
      vertex   1.109996e+01 4.168408e+00 -7.305953e+00
      vertex   1.111477e+01 5.000000e-01 -7.291924e+00
      vertex   1.086135e+01 4.047283e+00 -7.536165e+00
    endloop
  endfacet
  facet normal 7.007470e-01 9.404008e-04 -7.134093e-01
    outer loop
      vertex   1.086135e+01 4.047283e+00 -7.536165e+00
      vertex   1.111477e+01 5.000000e-01 -7.291924e+00
      vertex   1.059913e+01 5.000000e-01 -7.798414e+00
    endloop
  endfacet
  facet normal 7.064373e-01 1.032540e-04 -7.077756e-01
    outer loop
      vertex   1.086135e+01 4.047283e+00 -7.536165e+00
      vertex   1.059913e+01 5.000000e-01 -7.798414e+00
      vertex   1.062529e+01 3.937689e+00 -7.771802e+00
    endloop
  endfacet
  facet normal 7.185474e-01 -8.409698e-05 -6.954780e-01
    outer loop
      vertex   1.062529e+01 3.937689e+00 -7.771802e+00
      vertex   1.059913e+01 5.000000e-01 -7.798414e+00
      vertex   1.038917e+01 3.838586e+00 -8.015736e+00
    endloop
  endfacet
  facet normal 7.266208e-01 9.730098e-04 -6.870381e-01
    outer loop
      vertex   1.038917e+01 3.838586e+00 -8.015736e+00
      vertex   1.059913e+01 5.000000e-01 -7.798414e+00
      vertex   1.010254e+01 5.000000e-01 -8.323606e+00
    endloop
  endfacet
  facet normal 7.304482e-01 2.690927e-04 -6.829680e-01
    outer loop
      vertex   1.038917e+01 3.838586e+00 -8.015736e+00
      vertex   1.010254e+01 5.000000e-01 -8.323606e+00
      vertex   1.015714e+01 3.751894e+00 -8.263931e+00
    endloop
  endfacet
  facet normal 7.423324e-01 -1.678236e-04 -6.700318e-01
    outer loop
      vertex   1.015714e+01 3.751894e+00 -8.263931e+00
      vertex   1.010254e+01 5.000000e-01 -8.323606e+00
      vertex   9.927003e+00 3.676961e+00 -8.518885e+00
    endloop
  endfacet
  facet normal 7.515028e-01 9.721645e-04 -6.597291e-01
    outer loop
      vertex   9.927003e+00 3.676961e+00 -8.518885e+00
      vertex   1.010254e+01 5.000000e-01 -8.323606e+00
      vertex   9.625702e+00 5.000000e-01 -8.866781e+00
    endloop
  endfacet
  facet normal 7.538819e-01 4.487584e-04 -6.570098e-01
    outer loop
      vertex   9.927003e+00 3.676961e+00 -8.518885e+00
      vertex   9.625702e+00 5.000000e-01 -8.866781e+00
      vertex   9.702193e+00 3.615108e+00 -8.776884e+00
    endloop
  endfacet
  facet normal 7.654248e-01 -2.238184e-04 -6.435253e-01
    outer loop
      vertex   9.702193e+00 3.615108e+00 -8.776884e+00
      vertex   9.625702e+00 5.000000e-01 -8.866781e+00
      vertex   9.478297e+00 3.565490e+00 -9.043174e+00
    endloop
  endfacet
  facet normal 7.753592e-01 9.446994e-04 -6.315198e-01
    outer loop
      vertex   9.478297e+00 3.565490e+00 -9.043174e+00
      vertex   9.625702e+00 5.000000e-01 -8.866781e+00
      vertex   9.169248e+00 5.000000e-01 -9.427200e+00
    endloop
  endfacet
  facet normal 7.766441e-01 6.171769e-04 -6.299393e-01
    outer loop
      vertex   9.478297e+00 3.565490e+00 -9.043174e+00
      vertex   9.169248e+00 5.000000e-01 -9.427200e+00
      vertex   9.260817e+00 3.529745e+00 -9.311338e+00
    endloop
  endfacet
  facet normal 7.878116e-01 -2.566082e-04 -6.159162e-01
    outer loop
      vertex   9.260817e+00 3.529745e+00 -9.311338e+00
      vertex   9.169248e+00 5.000000e-01 -9.427200e+00
      vertex   9.043374e+00 3.507440e+00 -9.589457e+00
    endloop
  endfacet
  facet normal 7.981573e-01 9.030139e-04 -6.024484e-01
    outer loop
      vertex   9.043374e+00 3.507440e+00 -9.589457e+00
      vertex   9.169248e+00 5.000000e-01 -9.427200e+00
      vertex   8.733807e+00 5.000000e-01 -1.000410e+01
    endloop
  endfacet
  facet normal 7.987180e-01 7.428139e-04 -6.017051e-01
    outer loop
      vertex   9.043374e+00 3.507440e+00 -9.589457e+00
      vertex   8.733807e+00 5.000000e-01 -1.000410e+01
      vertex   8.833289e+00 3.500000e+00 -9.868338e+00
    endloop
  endfacet
  facet normal 8.150568e-01 -8.092391e-04 -5.793805e-01
    outer loop
      vertex   8.833289e+00 3.500000e+00 -9.868338e+00
      vertex   8.733807e+00 5.000000e-01 -1.000410e+01
      vertex   8.408786e+00 3.500000e+00 -1.046552e+01
    endloop
  endfacet
  facet normal 8.198660e-01 7.616371e-04 -5.725549e-01
    outer loop
      vertex   8.408786e+00 3.500000e+00 -1.046552e+01
      vertex   8.733807e+00 5.000000e-01 -1.000410e+01
      vertex   8.319973e+00 5.000000e-01 -1.059668e+01
    endloop
  endfacet
  facet normal 8.361795e-01 -7.749959e-04 -5.484554e-01
    outer loop
      vertex   8.408786e+00 3.500000e+00 -1.046552e+01
      vertex   8.319973e+00 5.000000e-01 -1.059668e+01
      vertex   8.006941e+00 3.500000e+00 -1.107817e+01
    endloop
  endfacet
  facet normal 8.404557e-01 7.265589e-04 -5.418798e-01
    outer loop
      vertex   8.006941e+00 3.500000e+00 -1.107817e+01
      vertex   8.319973e+00 5.000000e-01 -1.059668e+01
      vertex   7.928309e+00 5.000000e-01 -1.120415e+01
    endloop
  endfacet
  facet normal 8.561294e-01 -7.390827e-04 -5.167609e-01
    outer loop
      vertex   8.006941e+00 3.500000e+00 -1.107817e+01
      vertex   7.928309e+00 5.000000e-01 -1.120415e+01
      vertex   7.628318e+00 3.500000e+00 -1.170545e+01
    endloop
  endfacet
  facet normal 8.598982e-01 6.898108e-04 -5.104651e-01
    outer loop
      vertex   7.628318e+00 3.500000e+00 -1.170545e+01
      vertex   7.928309e+00 5.000000e-01 -1.120415e+01
      vertex   7.559353e+00 5.000000e-01 -1.182568e+01
    endloop
  endfacet
  facet normal 8.748786e-01 -7.014996e-04 -4.843418e-01
    outer loop
      vertex   7.628318e+00 3.500000e+00 -1.170545e+01
      vertex   7.559353e+00 5.000000e-01 -1.182568e+01
      vertex   7.273449e+00 3.500000e+00 -1.234646e+01
    endloop
  endfacet
  facet normal 8.781671e-01 6.513927e-04 -4.783536e-01
    outer loop
      vertex   7.273449e+00 3.500000e+00 -1.234646e+01
      vertex   7.559353e+00 5.000000e-01 -1.182568e+01
      vertex   7.213605e+00 5.000000e-01 -1.246040e+01
    endloop
  endfacet
  facet normal 8.924007e-01 -6.622466e-04 -4.512433e-01
    outer loop
      vertex   7.273449e+00 3.500000e+00 -1.234646e+01
      vertex   7.213605e+00 5.000000e-01 -1.246040e+01
      vertex   6.942830e+00 3.500000e+00 -1.300030e+01
    endloop
  endfacet
  facet normal 8.952373e-01 6.113048e-04 -4.455893e-01
    outer loop
      vertex   6.942830e+00 3.500000e+00 -1.300030e+01
      vertex   7.213605e+00 5.000000e-01 -1.246040e+01
      vertex   6.891540e+00 5.000000e-01 -1.310747e+01
    endloop
  endfacet
  facet normal 9.086713e-01 -6.213237e-04 -4.175119e-01
    outer loop
      vertex   6.942830e+00 3.500000e+00 -1.300030e+01
      vertex   6.891540e+00 5.000000e-01 -1.310747e+01
      vertex   6.636925e+00 3.500000e+00 -1.366607e+01
    endloop
  endfacet
  facet normal 9.110856e-01 5.695469e-04 -4.122168e-01
    outer loop
      vertex   6.636925e+00 3.500000e+00 -1.366607e+01
      vertex   6.891540e+00 5.000000e-01 -1.310747e+01
      vertex   6.593595e+00 5.000000e-01 -1.376599e+01
    endloop
  endfacet
  facet normal 9.236673e-01 -5.787309e-04 -3.831949e-01
    outer loop
      vertex   6.636925e+00 3.500000e+00 -1.366607e+01
      vertex   6.593595e+00 5.000000e-01 -1.376599e+01
      vertex   6.356164e+00 3.500000e+00 -1.434283e+01
    endloop
  endfacet
  facet normal 9.256904e-01 5.261191e-04 -3.782816e-01
    outer loop
      vertex   6.356164e+00 3.500000e+00 -1.434283e+01
      vertex   6.593595e+00 5.000000e-01 -1.376599e+01
      vertex   6.320179e+00 5.000000e-01 -1.443506e+01
    endloop
  endfacet
  facet normal 9.373679e-01 -5.344682e-04 -3.483405e-01
    outer loop
      vertex   6.356164e+00 3.500000e+00 -1.434283e+01
      vertex   6.320179e+00 5.000000e-01 -1.443506e+01
      vertex   6.100941e+00 3.500000e+00 -1.502963e+01
    endloop
  endfacet
  facet normal 9.390317e-01 4.810215e-04 -3.438301e-01
    outer loop
      vertex   6.100941e+00 3.500000e+00 -1.502963e+01
      vertex   6.320179e+00 5.000000e-01 -1.443506e+01
      vertex   6.071663e+00 5.000000e-01 -1.511378e+01
    endloop
  endfacet
  facet normal 9.497538e-01 -4.885356e-04 -3.129975e-01
    outer loop
      vertex   6.100941e+00 3.500000e+00 -1.502963e+01
      vertex   6.071663e+00 5.000000e-01 -1.511378e+01
      vertex   5.871612e+00 3.500000e+00 -1.572550e+01
    endloop
  endfacet
  facet normal 9.510914e-01 4.342540e-04 -3.089093e-01
    outer loop
      vertex   5.871612e+00 3.500000e+00 -1.572550e+01
      vertex   6.071663e+00 5.000000e-01 -1.511378e+01
      vertex   5.848388e+00 5.000000e-01 -1.580122e+01
    endloop
  endfacet
  facet normal 9.608077e-01 -4.409332e-04 -2.772155e-01
    outer loop
      vertex   5.871612e+00 3.500000e+00 -1.572550e+01
      vertex   5.848388e+00 5.000000e-01 -1.580122e+01
      vertex   5.668501e+00 3.500000e+00 -1.642946e+01
    endloop
  endfacet
  facet normal 9.618529e-01 3.858166e-04 -2.735669e-01
    outer loop
      vertex   5.668501e+00 3.500000e+00 -1.642946e+01
      vertex   5.848388e+00 5.000000e-01 -1.580122e+01
      vertex   5.650658e+00 5.000000e-01 -1.649643e+01
    endloop
  endfacet
  facet normal 9.705139e-01 -3.916609e-04 -2.410448e-01
    outer loop
      vertex   5.668501e+00 3.500000e+00 -1.642946e+01
      vertex   5.650658e+00 5.000000e-01 -1.649643e+01
      vertex   5.491891e+00 3.500000e+00 -1.714054e+01
    endloop
  endfacet
  facet normal 9.713016e-01 3.357094e-04 -2.378511e-01
    outer loop
      vertex   5.491891e+00 3.500000e+00 -1.714054e+01
      vertex   5.650658e+00 5.000000e-01 -1.649643e+01
      vertex   5.478742e+00 5.000000e-01 -1.719847e+01
    endloop
  endfacet
  facet normal 9.788590e-01 -3.407187e-04 -2.045359e-01
    outer loop
      vertex   5.491891e+00 3.500000e+00 -1.714054e+01
      vertex   5.478742e+00 5.000000e-01 -1.719847e+01
      vertex   5.342031e+00 3.500000e+00 -1.785774e+01
    endloop
  endfacet
  facet normal 9.794245e-01 2.839323e-04 -2.018107e-01
    outer loop
      vertex   5.342031e+00 3.500000e+00 -1.785774e+01
      vertex   5.478742e+00 5.000000e-01 -1.719847e+01
      vertex   5.332877e+00 5.000000e-01 -1.790639e+01
    endloop
  endfacet
  facet normal 9.858312e-01 -2.881068e-04 -1.677402e-01
    outer loop
      vertex   5.342031e+00 3.500000e+00 -1.785774e+01
      vertex   5.332877e+00 5.000000e-01 -1.790639e+01
      vertex   5.219130e+00 3.500000e+00 -1.858004e+01
    endloop
  endfacet
  facet normal 9.862106e-01 2.304854e-04 -1.654948e-01
    outer loop
      vertex   5.219130e+00 3.500000e+00 -1.858004e+01
      vertex   5.332877e+00 5.000000e-01 -1.790639e+01
      vertex   5.213259e+00 5.000000e-01 -1.861921e+01
    endloop
  endfacet
  facet normal 9.914207e-01 -2.338250e-04 -1.307092e-01
    outer loop
      vertex   5.219130e+00 3.500000e+00 -1.858004e+01
      vertex   5.213259e+00 5.000000e-01 -1.861921e+01
      vertex   5.123362e+00 3.500000e+00 -1.930644e+01
    endloop
  endfacet
  facet normal 9.916507e-01 1.753688e-04 -1.289530e-01
    outer loop
      vertex   5.123362e+00 3.500000e+00 -1.930644e+01
      vertex   5.213259e+00 5.000000e-01 -1.861921e+01
      vertex   5.120054e+00 5.000000e-01 -1.933596e+01
    endloop
  endfacet
  facet normal 9.956197e-01 -1.778734e-04 -9.349487e-02
    outer loop
      vertex   5.123362e+00 3.500000e+00 -1.930644e+01
      vertex   5.120054e+00 5.000000e-01 -1.933596e+01
      vertex   5.054859e+00 3.500000e+00 -2.003592e+01
    endloop
  endfacet
  facet normal 9.957372e-01 1.185823e-04 -9.223522e-02
    outer loop
      vertex   5.054859e+00 3.500000e+00 -2.003592e+01
      vertex   5.120054e+00 5.000000e-01 -1.933596e+01
      vertex   5.053388e+00 5.000000e-01 -2.005566e+01
    endloop
  endfacet
  facet normal 9.984224e-01 -1.202520e-04 -5.614943e-02
    outer loop
      vertex   5.054859e+00 3.500000e+00 -2.003592e+01
      vertex   5.053388e+00 5.000000e-01 -2.005566e+01
      vertex   5.013720e+00 3.500000e+00 -2.076744e+01
    endloop
  endfacet
  facet normal 9.984647e-01 6.012602e-05 -5.539153e-02
    outer loop
      vertex   5.013720e+00 3.500000e+00 -2.076744e+01
      vertex   5.053388e+00 5.000000e-01 -2.005566e+01
      vertex   5.013351e+00 5.000000e-01 -2.077734e+01
    endloop
  endfacet
  facet normal 9.998247e-01 -6.096089e-05 -1.872523e-02
    outer loop
      vertex   5.013720e+00 3.500000e+00 -2.076744e+01
      vertex   5.013351e+00 5.000000e-01 -2.077734e+01
      vertex   5.000000e+00 3.500000e+00 -2.150000e+01
    endloop
  endfacet
  facet normal 9.998294e-01 0.000000e+00 -1.847225e-02
    outer loop
      vertex   5.000000e+00 3.500000e+00 -2.150000e+01
      vertex   5.013351e+00 5.000000e-01 -2.077734e+01
      vertex   5.000000e+00 5.000000e-01 -2.150000e+01
    endloop
  endfacet
  facet normal 0.000000e+00 7.071068e-01 -7.071068e-01
    outer loop
      vertex   -1.222075e+01 5.464466e+00 -6.035534e+00
      vertex   -1.269638e+01 5.824365e+00 -5.675635e+00
      vertex   1.222075e+01 5.464466e+00 -6.035534e+00
    endloop
  endfacet
  facet normal 2.965501e-14 7.071068e-01 -7.071068e-01
    outer loop
      vertex   1.222075e+01 5.464466e+00 -6.035534e+00
      vertex   -1.269638e+01 5.824365e+00 -5.675635e+00
      vertex   1.269634e+01 5.824347e+00 -5.675653e+00
    endloop
  endfacet
  facet normal 2.965485e-14 7.071068e-01 -7.071068e-01
    outer loop
      vertex   1.269634e+01 5.824347e+00 -5.675653e+00
      vertex   -1.269638e+01 5.824365e+00 -5.675635e+00
      vertex   -1.318783e+01 6.173629e+00 -5.326371e+00
    endloop
  endfacet
  facet normal 9.220668e-14 7.071068e-01 -7.071068e-01
    outer loop
      vertex   1.269634e+01 5.824347e+00 -5.675653e+00
      vertex   -1.318783e+01 6.173629e+00 -5.326371e+00
      vertex   1.318774e+01 6.173577e+00 -5.326423e+00
    endloop
  endfacet
  facet normal 9.219772e-14 7.071068e-01 -7.071068e-01
    outer loop
      vertex   1.318774e+01 6.173577e+00 -5.326423e+00
      vertex   -1.318783e+01 6.173629e+00 -5.326371e+00
      vertex   -1.369490e+01 6.511427e+00 -4.988573e+00
    endloop
  endfacet
  facet normal 1.511874e-13 7.071068e-01 -7.071068e-01
    outer loop
      vertex   1.318774e+01 6.173577e+00 -5.326423e+00
      vertex   -1.369490e+01 6.511427e+00 -4.988573e+00
      vertex   1.369478e+01 6.511360e+00 -4.988640e+00
    endloop
  endfacet
  facet normal 1.511814e-13 7.071068e-01 -7.071068e-01
    outer loop
      vertex   1.369478e+01 6.511360e+00 -4.988640e+00
      vertex   -1.369490e+01 6.511427e+00 -4.988573e+00
      vertex   1.421732e+01 6.836899e+00 -4.663101e+00
    endloop
  endfacet
  facet normal 1.759675e-13 7.071068e-01 -7.071068e-01
    outer loop
      vertex   1.421732e+01 6.836899e+00 -4.663101e+00
      vertex   -1.369490e+01 6.511427e+00 -4.988573e+00
      vertex   -1.421737e+01 6.836932e+00 -4.663068e+00
    endloop
  endfacet
  facet normal 1.759666e-13 7.071068e-01 -7.071068e-01
    outer loop
      vertex   1.421732e+01 6.836899e+00 -4.663101e+00
      vertex   -1.421737e+01 6.836932e+00 -4.663068e+00
      vertex   -1.100000e+01 8.000000e+00 -3.500000e+00
    endloop
  endfacet
  facet normal -1.926028e-15 7.071068e-01 -7.071068e-01
    outer loop
      vertex   -1.100000e+01 8.000000e+00 -3.500000e+00
      vertex   -1.421737e+01 6.836932e+00 -4.663068e+00
      vertex   -1.475504e+01 7.149314e+00 -4.350686e+00
    endloop
  endfacet
  facet normal -6.415192e-16 7.071068e-01 -7.071068e-01
    outer loop
      vertex   -1.100000e+01 8.000000e+00 -3.500000e+00
      vertex   -1.475504e+01 7.149314e+00 -4.350686e+00
      vertex   -1.530771e+01 7.447768e+00 -4.052232e+00
    endloop
  endfacet
  facet normal 7.283428e-16 7.071068e-01 -7.071068e-01
    outer loop
      vertex   -1.530771e+01 7.447768e+00 -4.052232e+00
      vertex   -1.587526e+01 7.731566e+00 -3.768434e+00
      vertex   -1.100000e+01 8.000000e+00 -3.500000e+00
    endloop
  endfacet
  facet normal 1.615298e-07 7.071053e-01 -7.071082e-01
    outer loop
      vertex   -1.100000e+01 8.000000e+00 -3.500000e+00
      vertex   -1.587526e+01 7.731566e+00 -3.768434e+00
      vertex   -1.645764e+01 7.999997e+00 -3.500004e+00
    endloop
  endfacet
  facet normal 0.000000e+00 7.071068e-01 -7.071068e-01
    outer loop
      vertex   -1.100000e+01 9.000000e+00 -2.500000e+00
      vertex   1.100000e+01 9.000000e+00 -2.500000e+00
      vertex   -1.100000e+01 8.000000e+00 -3.500000e+00
    endloop
  endfacet
  facet normal 0.000000e+00 7.071068e-01 -7.071068e-01
    outer loop
      vertex   -1.100000e+01 8.000000e+00 -3.500000e+00
      vertex   1.100000e+01 9.000000e+00 -2.500000e+00
      vertex   1.100000e+01 8.000000e+00 -3.500000e+00
    endloop
  endfacet
  facet normal 0.000000e+00 7.071068e-01 -7.071068e-01
    outer loop
      vertex   -1.100000e+01 8.000000e+00 -3.500000e+00
      vertex   1.100000e+01 8.000000e+00 -3.500000e+00
      vertex   1.421732e+01 6.836899e+00 -4.663101e+00
    endloop
  endfacet
  facet normal 4.678463e-13 7.071068e-01 -7.071068e-01
    outer loop
      vertex   1.421732e+01 6.836899e+00 -4.663101e+00
      vertex   1.100000e+01 8.000000e+00 -3.500000e+00
      vertex   1.475505e+01 7.149320e+00 -4.350680e+00
    endloop
  endfacet
  facet normal -1.157928e-13 7.071068e-01 -7.071068e-01
    outer loop
      vertex   1.475505e+01 7.149320e+00 -4.350680e+00
      vertex   1.100000e+01 8.000000e+00 -3.500000e+00
      vertex   1.530772e+01 7.447778e+00 -4.052222e+00
    endloop
  endfacet
  facet normal -1.585141e-13 7.071068e-01 -7.071068e-01
    outer loop
      vertex   1.530772e+01 7.447778e+00 -4.052222e+00
      vertex   1.100000e+01 8.000000e+00 -3.500000e+00
      vertex   1.587526e+01 7.731570e+00 -3.768430e+00
    endloop
  endfacet
  facet normal -1.071180e-07 7.071058e-01 -7.071078e-01
    outer loop
      vertex   1.587526e+01 7.731570e+00 -3.768430e+00
      vertex   1.100000e+01 8.000000e+00 -3.500000e+00
      vertex   1.645763e+01 7.999997e+00 -3.500004e+00
    endloop
  endfacet
  facet normal 0.000000e+00 0.000000e+00 1.000000e+00
    outer loop
      vertex   1.100000e+01 1.800000e+01 7.500000e+00
      vertex   -1.100000e+01 1.800000e+01 7.500000e+00
      vertex   1.100000e+01 9.000000e+00 7.500000e+00
    endloop
  endfacet
  facet normal 0.000000e+00 0.000000e+00 1.000000e+00
    outer loop
      vertex   1.100000e+01 9.000000e+00 7.500000e+00
      vertex   -1.100000e+01 1.800000e+01 7.500000e+00
      vertex   -1.100000e+01 9.000000e+00 7.500000e+00
    endloop
  endfacet
  facet normal 0.000000e+00 0.000000e+00 -1.000000e+00
    outer loop
      vertex   -1.100000e+01 1.800000e+01 1.650000e+01
      vertex   1.100000e+01 1.800000e+01 1.650000e+01
      vertex   -1.100000e+01 9.000000e+00 1.650000e+01
    endloop
  endfacet
  facet normal 0.000000e+00 0.000000e+00 -1.000000e+00
    outer loop
      vertex   -1.100000e+01 9.000000e+00 1.650000e+01
      vertex   1.100000e+01 1.800000e+01 1.650000e+01
      vertex   1.100000e+01 9.000000e+00 1.650000e+01
    endloop
  endfacet
  facet normal 0.000000e+00 1.000000e+00 0.000000e+00
    outer loop
      vertex   -1.100000e+01 9.000000e+00 7.500000e+00
      vertex   -1.100000e+01 9.000000e+00 8.000000e+00
      vertex   1.100000e+01 9.000000e+00 7.500000e+00
    endloop
  endfacet
  facet normal 0.000000e+00 1.000000e+00 -0.000000e+00
    outer loop
      vertex   1.100000e+01 9.000000e+00 7.500000e+00
      vertex   -1.100000e+01 9.000000e+00 8.000000e+00
      vertex   1.100000e+01 9.000000e+00 8.000000e+00
    endloop
  endfacet
  facet normal 0.000000e+00 1.000000e+00 0.000000e+00
    outer loop
      vertex   1.100000e+01 9.000000e+00 8.000000e+00
      vertex   -1.100000e+01 9.000000e+00 8.000000e+00
      vertex   -1.100000e+01 9.000000e+00 1.600000e+01
    endloop
  endfacet
  facet normal 0.000000e+00 1.000000e+00 -0.000000e+00
    outer loop
      vertex   1.100000e+01 9.000000e+00 8.000000e+00
      vertex   -1.100000e+01 9.000000e+00 1.600000e+01
      vertex   1.100000e+01 9.000000e+00 1.600000e+01
    endloop
  endfacet
  facet normal 0.000000e+00 1.000000e+00 0.000000e+00
    outer loop
      vertex   1.100000e+01 9.000000e+00 1.600000e+01
      vertex   -1.100000e+01 9.000000e+00 1.600000e+01
      vertex   -1.100000e+01 9.000000e+00 1.650000e+01
    endloop
  endfacet
  facet normal 0.000000e+00 1.000000e+00 -0.000000e+00
    outer loop
      vertex   1.100000e+01 9.000000e+00 1.600000e+01
      vertex   -1.100000e+01 9.000000e+00 1.650000e+01
      vertex   1.100000e+01 9.000000e+00 1.650000e+01
    endloop
  endfacet
  facet normal 0.000000e+00 1.000000e+00 0.000000e+00
    outer loop
      vertex   -1.990000e+01 9.000000e+00 8.000000e+00
      vertex   -1.990000e+01 9.000000e+00 1.600000e+01
      vertex   -1.100000e+01 9.000000e+00 8.000000e+00
    endloop
  endfacet
  facet normal 0.000000e+00 1.000000e+00 -0.000000e+00
    outer loop
      vertex   -1.100000e+01 9.000000e+00 8.000000e+00
      vertex   -1.990000e+01 9.000000e+00 1.600000e+01
      vertex   -1.100000e+01 9.000000e+00 1.600000e+01
    endloop
  endfacet
  facet normal 0.000000e+00 1.000000e+00 0.000000e+00
    outer loop
      vertex   1.990000e+01 9.000000e+00 1.600000e+01
      vertex   1.990000e+01 9.000000e+00 8.000000e+00
      vertex   1.100000e+01 9.000000e+00 1.600000e+01
    endloop
  endfacet
  facet normal 0.000000e+00 1.000000e+00 0.000000e+00
    outer loop
      vertex   1.100000e+01 9.000000e+00 1.600000e+01
      vertex   1.990000e+01 9.000000e+00 8.000000e+00
      vertex   1.100000e+01 9.000000e+00 8.000000e+00
    endloop
  endfacet
  facet normal 0.000000e+00 9.996571e-01 -2.618492e-02
    outer loop
      vertex   8.431257e+00 4.000000e+00 -9.571068e+00
      vertex   -8.431257e+00 4.000000e+00 -9.571068e+00
      vertex   8.648287e+00 4.006859e+00 -9.309199e+00
    endloop
  endfacet
  facet normal 2.287653e-04 9.991553e-01 -4.109227e-02
    outer loop
      vertex   8.648287e+00 4.006859e+00 -9.309199e+00
      vertex   -8.431257e+00 4.000000e+00 -9.571068e+00
      vertex   0.000000e+00 4.012739e+00 -9.214372e+00
    endloop
  endfacet
  facet normal 0.000000e+00 9.980830e-01 -6.188924e-02
    outer loop
      vertex   8.648287e+00 4.006859e+00 -9.309199e+00
      vertex   0.000000e+00 4.012739e+00 -9.214372e+00
      vertex   6.110375e+00 4.012739e+00 -9.214372e+00
    endloop
  endfacet
  facet normal 0.000000e+00 9.942703e-01 -1.068951e-01
    outer loop
      vertex   6.110375e+00 4.012739e+00 -9.214372e+00
      vertex   0.000000e+00 4.012739e+00 -9.214372e+00
      vertex   6.110375e+00 4.050893e+00 -8.859494e+00
    endloop
  endfacet
  facet normal 1.146145e-03 9.942696e-01 -1.068951e-01
    outer loop
      vertex   6.110375e+00 4.012739e+00 -9.214372e+00
      vertex   6.110375e+00 4.050893e+00 -8.859494e+00
      vertex   8.869711e+00 4.027041e+00 -9.051762e+00
    endloop
  endfacet
  facet normal -3.969327e-04 9.916810e-01 -1.287193e-01
    outer loop
      vertex   8.869711e+00 4.027041e+00 -9.051762e+00
      vertex   6.110375e+00 4.050893e+00 -8.859494e+00
      vertex   9.094290e+00 4.059803e+00 -8.800052e+00
    endloop
  endfacet
  facet normal 5.984719e-04 9.841110e-01 -1.775532e-01
    outer loop
      vertex   9.094290e+00 4.059803e+00 -8.800052e+00
      vertex   6.110375e+00 4.050893e+00 -8.859494e+00
      vertex   6.110375e+00 4.114266e+00 -8.508241e+00
    endloop
  endfacet
  facet normal 4.218112e-04 9.837943e-01 -1.793005e-01
    outer loop
      vertex   9.094290e+00 4.059803e+00 -8.800052e+00
      vertex   6.110375e+00 4.114266e+00 -8.508241e+00
      vertex   9.322367e+00 4.104644e+00 -8.553478e+00
    endloop
  endfacet
  facet normal -2.868971e-04 9.737800e-01 -2.274918e-01
    outer loop
      vertex   9.322367e+00 4.104644e+00 -8.553478e+00
      vertex   6.110375e+00 4.114266e+00 -8.508241e+00
      vertex   9.554226e+00 4.161215e+00 -8.311619e+00
    endloop
  endfacet
  facet normal 9.104204e-04 9.689369e-01 -2.473064e-01
    outer loop
      vertex   9.554226e+00 4.161215e+00 -8.311619e+00
      vertex   6.110375e+00 4.114266e+00 -8.508241e+00
      vertex   6.110375e+00 4.202535e+00 -8.162405e+00
    endloop
  endfacet
  facet normal -3.904602e-04 9.613763e-01 -2.752370e-01
    outer loop
      vertex   9.554226e+00 4.161215e+00 -8.311619e+00
      vertex   6.110375e+00 4.202535e+00 -8.162405e+00
      vertex   9.788959e+00 4.228981e+00 -8.075251e+00
    endloop
  endfacet
  facet normal 6.607840e-04 9.488257e-01 -3.157995e-01
    outer loop
      vertex   9.788959e+00 4.228981e+00 -8.075251e+00
      vertex   6.110375e+00 4.202535e+00 -8.162405e+00
      vertex   6.110375e+00 4.315251e+00 -7.823747e+00
    endloop
  endfacet
  facet normal 1.428159e-04 9.465385e-01 -3.225909e-01
    outer loop
      vertex   9.788959e+00 4.228981e+00 -8.075251e+00
      vertex   6.110375e+00 4.315251e+00 -7.823747e+00
      vertex   1.002736e+01 4.307956e+00 -7.843420e+00
    endloop
  endfacet
  facet normal -1.178189e-04 9.297270e-01 -3.682494e-01
    outer loop
      vertex   1.002736e+01 4.307956e+00 -7.843420e+00
      vertex   6.110375e+00 4.315251e+00 -7.823747e+00
      vertex   1.026905e+01 4.397899e+00 -7.616416e+00
    endloop
  endfacet
  facet normal 7.180001e-04 9.238793e-01 -3.826833e-01
    outer loop
      vertex   1.026905e+01 4.397899e+00 -7.616416e+00
      vertex   6.110375e+00 4.315251e+00 -7.823747e+00
      vertex   6.110375e+00 4.451840e+00 -7.493993e+00
    endloop
  endfacet
  facet normal -3.380190e-04 9.108206e-01 -4.128022e-01
    outer loop
      vertex   1.026905e+01 4.397899e+00 -7.616416e+00
      vertex   6.110375e+00 4.451840e+00 -7.493993e+00
      vertex   1.051220e+01 4.497979e+00 -7.395795e+00
    endloop
  endfacet
  facet normal 6.125975e-04 8.942251e-01 -4.476171e-01
    outer loop
      vertex   1.051220e+01 4.497979e+00 -7.395795e+00
      vertex   6.110375e+00 4.451840e+00 -7.493993e+00
      vertex   6.110375e+00 4.611605e+00 -7.174823e+00
    endloop
  endfacet
  facet normal 4.420087e-05 8.896727e-01 -4.565988e-01
    outer loop
      vertex   1.051220e+01 4.497979e+00 -7.395795e+00
      vertex   6.110375e+00 4.611605e+00 -7.174823e+00
      vertex   1.075586e+01 4.607643e+00 -7.182093e+00
    endloop
  endfacet
  facet normal -4.098326e-05 8.668399e-01 -4.985867e-01
    outer loop
      vertex   1.075586e+01 4.607643e+00 -7.182093e+00
      vertex   6.110375e+00 4.611605e+00 -7.174823e+00
      vertex   1.099977e+01 4.726634e+00 -6.975237e+00
    endloop
  endfacet
  facet normal 5.965149e-04 8.600141e-01 -5.102699e-01
    outer loop
      vertex   1.099977e+01 4.726634e+00 -6.975237e+00
      vertex   6.110375e+00 4.611605e+00 -7.174823e+00
      vertex   6.110375e+00 4.793732e+00 -6.867864e+00
    endloop
  endfacet
  facet normal -2.816583e-04 8.422176e-01 -5.391377e-01
    outer loop
      vertex   1.099977e+01 4.726634e+00 -6.975237e+00
      vertex   6.110375e+00 4.793732e+00 -6.867864e+00
      vertex   1.124430e+01 4.855139e+00 -6.774619e+00
    endloop
  endfacet
  facet normal 5.334848e-04 8.214207e-01 -5.703226e-01
    outer loop
      vertex   1.124430e+01 4.855139e+00 -6.774619e+00
      vertex   6.110375e+00 4.793732e+00 -6.867864e+00
      vertex   6.110375e+00 4.997294e+00 -6.574679e+00
    endloop
  endfacet
  facet normal 3.250196e-05 8.153963e-01 -5.789032e-01
    outer loop
      vertex   1.124430e+01 4.855139e+00 -6.774619e+00
      vertex   6.110375e+00 4.997294e+00 -6.574679e+00
      vertex   1.148892e+01 4.993022e+00 -6.580395e+00
    endloop
  endfacet
  facet normal -3.065960e-05 7.869181e-01 -6.170574e-01
    outer loop
      vertex   1.148892e+01 4.993022e+00 -6.580395e+00
      vertex   6.110375e+00 4.997294e+00 -6.574679e+00
      vertex   1.173319e+01 5.140223e+00 -6.392685e+00
    endloop
  endfacet
  facet normal 5.167208e-04 7.786414e-01 -6.274689e-01
    outer loop
      vertex   1.173319e+01 5.140223e+00 -6.392685e+00
      vertex   6.110375e+00 4.997294e+00 -6.574679e+00
      vertex   6.110375e+00 5.221252e+00 -6.296764e+00
    endloop
  endfacet
  facet normal -2.514927e-04 7.565982e-01 -6.538800e-01
    outer loop
      vertex   1.173319e+01 5.140223e+00 -6.392685e+00
      vertex   6.110375e+00 5.221252e+00 -6.296764e+00
      vertex   1.197787e+01 5.297661e+00 -6.210609e+00
    endloop
  endfacet
  facet normal 7.145324e-04 7.235041e-01 -6.903197e-01
    outer loop
      vertex   1.197787e+01 5.297661e+00 -6.210609e+00
      vertex   6.110375e+00 5.221252e+00 -6.296764e+00
      vertex   1.222075e+01 5.464466e+00 -6.035534e+00
    endloop
  endfacet
  facet normal 0.000000e+00 7.318945e-01 -6.814179e-01
    outer loop
      vertex   1.222075e+01 5.464466e+00 -6.035534e+00
      vertex   6.110375e+00 5.221252e+00 -6.296764e+00
      vertex   0.000000e+00 5.221252e+00 -6.296764e+00
    endloop
  endfacet
  facet normal 0.000000e+00 7.318945e-01 -6.814179e-01
    outer loop
      vertex   1.222075e+01 5.464466e+00 -6.035534e+00
      vertex   0.000000e+00 5.221252e+00 -6.296764e+00
      vertex   -6.110375e+00 5.221252e+00 -6.296764e+00
    endloop
  endfacet
  facet normal 0.000000e+00 7.786415e-01 -6.274690e-01
    outer loop
      vertex   -6.110375e+00 5.221252e+00 -6.296764e+00
      vertex   0.000000e+00 5.221252e+00 -6.296764e+00
      vertex   -6.110375e+00 4.997294e+00 -6.574679e+00
    endloop
  endfacet
  facet normal -5.167208e-04 7.786414e-01 -6.274689e-01
    outer loop
      vertex   -6.110375e+00 5.221252e+00 -6.296764e+00
      vertex   -6.110375e+00 4.997294e+00 -6.574679e+00
      vertex   -1.173319e+01 5.140223e+00 -6.392685e+00
    endloop
  endfacet
  facet normal 3.066058e-05 7.869181e-01 -6.170574e-01
    outer loop
      vertex   -1.173319e+01 5.140223e+00 -6.392685e+00
      vertex   -6.110375e+00 4.997294e+00 -6.574679e+00
      vertex   -1.148892e+01 4.993022e+00 -6.580395e+00
    endloop
  endfacet
  facet normal -3.250301e-05 8.153963e-01 -5.789032e-01
    outer loop
      vertex   -1.148892e+01 4.993022e+00 -6.580395e+00
      vertex   -6.110375e+00 4.997294e+00 -6.574679e+00
      vertex   -1.124430e+01 4.855139e+00 -6.774619e+00
    endloop
  endfacet
  facet normal -5.334847e-04 8.214207e-01 -5.703226e-01
    outer loop
      vertex   -1.124430e+01 4.855139e+00 -6.774619e+00
      vertex   -6.110375e+00 4.997294e+00 -6.574679e+00
      vertex   -6.110375e+00 4.793732e+00 -6.867864e+00
    endloop
  endfacet
  facet normal 2.816579e-04 8.422176e-01 -5.391378e-01
    outer loop
      vertex   -1.124430e+01 4.855139e+00 -6.774619e+00
      vertex   -6.110375e+00 4.793732e+00 -6.867864e+00
      vertex   -1.099978e+01 4.726634e+00 -6.975236e+00
    endloop
  endfacet
  facet normal -5.965144e-04 8.600141e-01 -5.102699e-01
    outer loop
      vertex   -1.099978e+01 4.726634e+00 -6.975236e+00
      vertex   -6.110375e+00 4.793732e+00 -6.867864e+00
      vertex   -6.110375e+00 4.611605e+00 -7.174823e+00
    endloop
  endfacet
  facet normal 4.098331e-05 8.668399e-01 -4.985867e-01
    outer loop
      vertex   -1.099978e+01 4.726634e+00 -6.975236e+00
      vertex   -6.110375e+00 4.611605e+00 -7.174823e+00
      vertex   -1.075586e+01 4.607643e+00 -7.182093e+00
    endloop
  endfacet
  facet normal -4.420081e-05 8.896727e-01 -4.565989e-01
    outer loop
      vertex   -1.075586e+01 4.607643e+00 -7.182093e+00
      vertex   -6.110375e+00 4.611605e+00 -7.174823e+00
      vertex   -1.051220e+01 4.497979e+00 -7.395795e+00
    endloop
  endfacet
  facet normal -6.125985e-04 8.942251e-01 -4.476171e-01
    outer loop
      vertex   -1.051220e+01 4.497979e+00 -7.395795e+00
      vertex   -6.110375e+00 4.611605e+00 -7.174823e+00
      vertex   -6.110375e+00 4.451840e+00 -7.493993e+00
    endloop
  endfacet
  facet normal 3.380186e-04 9.108207e-01 -4.128022e-01
    outer loop
      vertex   -1.051220e+01 4.497979e+00 -7.395795e+00
      vertex   -6.110375e+00 4.451840e+00 -7.493993e+00
      vertex   -1.026905e+01 4.397899e+00 -7.616416e+00
    endloop
  endfacet
  facet normal -7.179998e-04 9.238793e-01 -3.826833e-01
    outer loop
      vertex   -1.026905e+01 4.397899e+00 -7.616416e+00
      vertex   -6.110375e+00 4.451840e+00 -7.493993e+00
      vertex   -6.110375e+00 4.315251e+00 -7.823747e+00
    endloop
  endfacet
  facet normal 1.178180e-04 9.297270e-01 -3.682494e-01
    outer loop
      vertex   -1.026905e+01 4.397899e+00 -7.616416e+00
      vertex   -6.110375e+00 4.315251e+00 -7.823747e+00
      vertex   -1.002736e+01 4.307956e+00 -7.843420e+00
    endloop
  endfacet
  facet normal -1.428158e-04 9.465384e-01 -3.225910e-01
    outer loop
      vertex   -1.002736e+01 4.307956e+00 -7.843420e+00
      vertex   -6.110375e+00 4.315251e+00 -7.823747e+00
      vertex   -9.788959e+00 4.228981e+00 -8.075251e+00
    endloop
  endfacet
  facet normal -6.607904e-04 9.488257e-01 -3.157995e-01
    outer loop
      vertex   -9.788959e+00 4.228981e+00 -8.075251e+00
      vertex   -6.110375e+00 4.315251e+00 -7.823747e+00
      vertex   -6.110375e+00 4.202535e+00 -8.162405e+00
    endloop
  endfacet
  facet normal 3.904539e-04 9.613763e-01 -2.752371e-01
    outer loop
      vertex   -9.788959e+00 4.228981e+00 -8.075251e+00
      vertex   -6.110375e+00 4.202535e+00 -8.162405e+00
      vertex   -9.554226e+00 4.161215e+00 -8.311619e+00
    endloop
  endfacet
  facet normal -9.104263e-04 9.689369e-01 -2.473064e-01
    outer loop
      vertex   -9.554226e+00 4.161215e+00 -8.311619e+00
      vertex   -6.110375e+00 4.202535e+00 -8.162405e+00
      vertex   -6.110375e+00 4.114266e+00 -8.508241e+00
    endloop
  endfacet
  facet normal 2.868961e-04 9.737800e-01 -2.274917e-01
    outer loop
      vertex   -9.554226e+00 4.161215e+00 -8.311619e+00
      vertex   -6.110375e+00 4.114266e+00 -8.508241e+00
      vertex   -9.322367e+00 4.104644e+00 -8.553478e+00
    endloop
  endfacet
  facet normal -4.218111e-04 9.837943e-01 -1.793005e-01
    outer loop
      vertex   -9.322367e+00 4.104644e+00 -8.553478e+00
      vertex   -6.110375e+00 4.114266e+00 -8.508241e+00
      vertex   -9.094290e+00 4.059803e+00 -8.800052e+00
    endloop
  endfacet
  facet normal -5.984722e-04 9.841110e-01 -1.775532e-01
    outer loop
      vertex   -9.094290e+00 4.059803e+00 -8.800052e+00
      vertex   -6.110375e+00 4.114266e+00 -8.508241e+00
      vertex   -6.110375e+00 4.050893e+00 -8.859494e+00
    endloop
  endfacet
  facet normal 3.969302e-04 9.916810e-01 -1.287193e-01
    outer loop
      vertex   -9.094290e+00 4.059803e+00 -8.800052e+00
      vertex   -6.110375e+00 4.050893e+00 -8.859494e+00
      vertex   -8.869711e+00 4.027041e+00 -9.051762e+00
    endloop
  endfacet
  facet normal -1.146145e-03 9.942696e-01 -1.068951e-01
    outer loop
      vertex   -8.869711e+00 4.027041e+00 -9.051762e+00
      vertex   -6.110375e+00 4.050893e+00 -8.859494e+00
      vertex   -6.110375e+00 4.012739e+00 -9.214372e+00
    endloop
  endfacet
  facet normal 5.914035e-04 9.969806e-01 -7.764887e-02
    outer loop
      vertex   -8.869711e+00 4.027041e+00 -9.051762e+00
      vertex   -6.110375e+00 4.012739e+00 -9.214372e+00
      vertex   -8.648287e+00 4.006859e+00 -9.309199e+00
    endloop
  endfacet
  facet normal -1.297501e-03 9.996275e-01 -2.725946e-02
    outer loop
      vertex   -8.648287e+00 4.006859e+00 -9.309199e+00
      vertex   -6.110375e+00 4.012739e+00 -9.214372e+00
      vertex   -8.431257e+00 4.000000e+00 -9.571068e+00
    endloop
  endfacet
  facet normal 0.000000e+00 9.993628e-01 -3.569233e-02
    outer loop
      vertex   -8.431257e+00 4.000000e+00 -9.571068e+00
      vertex   -6.110375e+00 4.012739e+00 -9.214372e+00
      vertex   0.000000e+00 4.012739e+00 -9.214372e+00
    endloop
  endfacet
  facet normal 2.514929e-04 7.565982e-01 -6.538800e-01
    outer loop
      vertex   -1.173319e+01 5.140223e+00 -6.392685e+00
      vertex   -1.197787e+01 5.297661e+00 -6.210609e+00
      vertex   -6.110375e+00 5.221252e+00 -6.296764e+00
    endloop
  endfacet
  facet normal -2.363551e-04 7.401122e-01 -6.724833e-01
    outer loop
      vertex   -6.110375e+00 5.221252e+00 -6.296764e+00
      vertex   -1.197787e+01 5.297661e+00 -6.210609e+00
      vertex   1.222075e+01 5.464466e+00 -6.035534e+00
    endloop
  endfacet
  facet normal 0.000000e+00 7.239996e-01 -6.898004e-01
    outer loop
      vertex   -1.197787e+01 5.297661e+00 -6.210609e+00
      vertex   -1.222075e+01 5.464466e+00 -6.035534e+00
      vertex   1.222075e+01 5.464466e+00 -6.035534e+00
    endloop
  endfacet
  facet normal -5.914031e-04 9.969806e-01 -7.764888e-02
    outer loop
      vertex   8.869711e+00 4.027041e+00 -9.051762e+00
      vertex   8.648287e+00 4.006859e+00 -9.309199e+00
      vertex   6.110375e+00 4.012739e+00 -9.214372e+00
    endloop
  endfacet
  facet normal 0.000000e+00 9.942703e-01 -1.068951e-01
    outer loop
      vertex   0.000000e+00 4.012739e+00 -9.214372e+00
      vertex   -6.110375e+00 4.012739e+00 -9.214372e+00
      vertex   0.000000e+00 4.050893e+00 -8.859494e+00
    endloop
  endfacet
  facet normal 0.000000e+00 9.942703e-01 -1.068951e-01
    outer loop
      vertex   0.000000e+00 4.050893e+00 -8.859494e+00
      vertex   -6.110375e+00 4.012739e+00 -9.214372e+00
      vertex   -6.110375e+00 4.050893e+00 -8.859494e+00
    endloop
  endfacet
  facet normal 0.000000e+00 9.841112e-01 -1.775532e-01
    outer loop
      vertex   0.000000e+00 4.050893e+00 -8.859494e+00
      vertex   -6.110375e+00 4.050893e+00 -8.859494e+00
      vertex   0.000000e+00 4.114266e+00 -8.508241e+00
    endloop
  endfacet
  facet normal 0.000000e+00 9.841112e-01 -1.775532e-01
    outer loop
      vertex   0.000000e+00 4.114266e+00 -8.508241e+00
      vertex   -6.110375e+00 4.050893e+00 -8.859494e+00
      vertex   -6.110375e+00 4.114266e+00 -8.508241e+00
    endloop
  endfacet
  facet normal 0.000000e+00 9.689373e-01 -2.473065e-01
    outer loop
      vertex   0.000000e+00 4.114266e+00 -8.508241e+00
      vertex   -6.110375e+00 4.114266e+00 -8.508241e+00
      vertex   0.000000e+00 4.202535e+00 -8.162405e+00
    endloop
  endfacet
  facet normal 0.000000e+00 9.689373e-01 -2.473065e-01
    outer loop
      vertex   0.000000e+00 4.202535e+00 -8.162405e+00
      vertex   -6.110375e+00 4.114266e+00 -8.508241e+00
      vertex   -6.110375e+00 4.202535e+00 -8.162405e+00
    endloop
  endfacet
  facet normal 0.000000e+00 9.488259e-01 -3.157996e-01
    outer loop
      vertex   0.000000e+00 4.202535e+00 -8.162405e+00
      vertex   -6.110375e+00 4.202535e+00 -8.162405e+00
      vertex   0.000000e+00 4.315251e+00 -7.823747e+00
    endloop
  endfacet
  facet normal 0.000000e+00 9.488259e-01 -3.157996e-01
    outer loop
      vertex   0.000000e+00 4.315251e+00 -7.823747e+00
      vertex   -6.110375e+00 4.202535e+00 -8.162405e+00
      vertex   -6.110375e+00 4.315251e+00 -7.823747e+00
    endloop
  endfacet
  facet normal 0.000000e+00 9.238795e-01 -3.826834e-01
    outer loop
      vertex   0.000000e+00 4.315251e+00 -7.823747e+00
      vertex   -6.110375e+00 4.315251e+00 -7.823747e+00
      vertex   0.000000e+00 4.451840e+00 -7.493993e+00
    endloop
  endfacet
  facet normal 0.000000e+00 9.238795e-01 -3.826834e-01
    outer loop
      vertex   0.000000e+00 4.451840e+00 -7.493993e+00
      vertex   -6.110375e+00 4.315251e+00 -7.823747e+00
      vertex   -6.110375e+00 4.451840e+00 -7.493993e+00
    endloop
  endfacet
  facet normal 0.000000e+00 8.942253e-01 -4.476172e-01
    outer loop
      vertex   0.000000e+00 4.451840e+00 -7.493993e+00
      vertex   -6.110375e+00 4.451840e+00 -7.493993e+00
      vertex   0.000000e+00 4.611605e+00 -7.174823e+00
    endloop
  endfacet
  facet normal 0.000000e+00 8.942253e-01 -4.476172e-01
    outer loop
      vertex   0.000000e+00 4.611605e+00 -7.174823e+00
      vertex   -6.110375e+00 4.451840e+00 -7.493993e+00
      vertex   -6.110375e+00 4.611605e+00 -7.174823e+00
    endloop
  endfacet
  facet normal 0.000000e+00 8.600142e-01 -5.102700e-01
    outer loop
      vertex   0.000000e+00 4.611605e+00 -7.174823e+00
      vertex   -6.110375e+00 4.611605e+00 -7.174823e+00
      vertex   0.000000e+00 4.793732e+00 -6.867864e+00
    endloop
  endfacet
  facet normal 0.000000e+00 8.600142e-01 -5.102700e-01
    outer loop
      vertex   0.000000e+00 4.793732e+00 -6.867864e+00
      vertex   -6.110375e+00 4.611605e+00 -7.174823e+00
      vertex   -6.110375e+00 4.793732e+00 -6.867864e+00
    endloop
  endfacet
  facet normal 0.000000e+00 8.214208e-01 -5.703226e-01
    outer loop
      vertex   0.000000e+00 4.793732e+00 -6.867864e+00
      vertex   -6.110375e+00 4.793732e+00 -6.867864e+00
      vertex   0.000000e+00 4.997294e+00 -6.574679e+00
    endloop
  endfacet
  facet normal 0.000000e+00 8.214208e-01 -5.703226e-01
    outer loop
      vertex   0.000000e+00 4.997294e+00 -6.574679e+00
      vertex   -6.110375e+00 4.793732e+00 -6.867864e+00
      vertex   -6.110375e+00 4.997294e+00 -6.574679e+00
    endloop
  endfacet
  facet normal 0.000000e+00 7.786415e-01 -6.274690e-01
    outer loop
      vertex   0.000000e+00 4.997294e+00 -6.574679e+00
      vertex   -6.110375e+00 4.997294e+00 -6.574679e+00
      vertex   0.000000e+00 5.221252e+00 -6.296764e+00
    endloop
  endfacet
  facet normal 0.000000e+00 9.841112e-01 -1.775532e-01
    outer loop
      vertex   6.110375e+00 4.114266e+00 -8.508241e+00
      vertex   6.110375e+00 4.050893e+00 -8.859494e+00
      vertex   0.000000e+00 4.050893e+00 -8.859494e+00
    endloop
  endfacet
  facet normal 0.000000e+00 9.942703e-01 -1.068951e-01
    outer loop
      vertex   0.000000e+00 4.050893e+00 -8.859494e+00
      vertex   6.110375e+00 4.050893e+00 -8.859494e+00
      vertex   0.000000e+00 4.012739e+00 -9.214372e+00
    endloop
  endfacet
  facet normal 0.000000e+00 9.841112e-01 -1.775532e-01
    outer loop
      vertex   6.110375e+00 4.114266e+00 -8.508241e+00
      vertex   0.000000e+00 4.050893e+00 -8.859494e+00
      vertex   0.000000e+00 4.114266e+00 -8.508241e+00
    endloop
  endfacet
  facet normal 0.000000e+00 9.689373e-01 -2.473065e-01
    outer loop
      vertex   6.110375e+00 4.202535e+00 -8.162405e+00
      vertex   6.110375e+00 4.114266e+00 -8.508241e+00
      vertex   0.000000e+00 4.114266e+00 -8.508241e+00
    endloop
  endfacet
  facet normal 0.000000e+00 9.689373e-01 -2.473065e-01
    outer loop
      vertex   6.110375e+00 4.202535e+00 -8.162405e+00
      vertex   0.000000e+00 4.114266e+00 -8.508241e+00
      vertex   0.000000e+00 4.202535e+00 -8.162405e+00
    endloop
  endfacet
  facet normal 0.000000e+00 9.488259e-01 -3.157996e-01
    outer loop
      vertex   6.110375e+00 4.315251e+00 -7.823747e+00
      vertex   6.110375e+00 4.202535e+00 -8.162405e+00
      vertex   0.000000e+00 4.202535e+00 -8.162405e+00
    endloop
  endfacet
  facet normal 0.000000e+00 9.488259e-01 -3.157996e-01
    outer loop
      vertex   6.110375e+00 4.315251e+00 -7.823747e+00
      vertex   0.000000e+00 4.202535e+00 -8.162405e+00
      vertex   0.000000e+00 4.315251e+00 -7.823747e+00
    endloop
  endfacet
  facet normal 0.000000e+00 9.238795e-01 -3.826834e-01
    outer loop
      vertex   6.110375e+00 4.451840e+00 -7.493993e+00
      vertex   6.110375e+00 4.315251e+00 -7.823747e+00
      vertex   0.000000e+00 4.315251e+00 -7.823747e+00
    endloop
  endfacet
  facet normal 0.000000e+00 9.238795e-01 -3.826834e-01
    outer loop
      vertex   6.110375e+00 4.451840e+00 -7.493993e+00
      vertex   0.000000e+00 4.315251e+00 -7.823747e+00
      vertex   0.000000e+00 4.451840e+00 -7.493993e+00
    endloop
  endfacet
  facet normal 0.000000e+00 8.942253e-01 -4.476172e-01
    outer loop
      vertex   6.110375e+00 4.611605e+00 -7.174823e+00
      vertex   6.110375e+00 4.451840e+00 -7.493993e+00
      vertex   0.000000e+00 4.451840e+00 -7.493993e+00
    endloop
  endfacet
  facet normal 0.000000e+00 8.942253e-01 -4.476172e-01
    outer loop
      vertex   6.110375e+00 4.611605e+00 -7.174823e+00
      vertex   0.000000e+00 4.451840e+00 -7.493993e+00
      vertex   0.000000e+00 4.611605e+00 -7.174823e+00
    endloop
  endfacet
  facet normal 0.000000e+00 8.600142e-01 -5.102700e-01
    outer loop
      vertex   6.110375e+00 4.793732e+00 -6.867864e+00
      vertex   6.110375e+00 4.611605e+00 -7.174823e+00
      vertex   0.000000e+00 4.611605e+00 -7.174823e+00
    endloop
  endfacet
  facet normal 0.000000e+00 8.600142e-01 -5.102700e-01
    outer loop
      vertex   6.110375e+00 4.793732e+00 -6.867864e+00
      vertex   0.000000e+00 4.611605e+00 -7.174823e+00
      vertex   0.000000e+00 4.793732e+00 -6.867864e+00
    endloop
  endfacet
  facet normal 0.000000e+00 8.214208e-01 -5.703226e-01
    outer loop
      vertex   6.110375e+00 4.997294e+00 -6.574679e+00
      vertex   6.110375e+00 4.793732e+00 -6.867864e+00
      vertex   0.000000e+00 4.793732e+00 -6.867864e+00
    endloop
  endfacet
  facet normal 0.000000e+00 8.214208e-01 -5.703226e-01
    outer loop
      vertex   6.110375e+00 4.997294e+00 -6.574679e+00
      vertex   0.000000e+00 4.793732e+00 -6.867864e+00
      vertex   0.000000e+00 4.997294e+00 -6.574679e+00
    endloop
  endfacet
  facet normal 0.000000e+00 7.786415e-01 -6.274690e-01
    outer loop
      vertex   6.110375e+00 5.221252e+00 -6.296764e+00
      vertex   6.110375e+00 4.997294e+00 -6.574679e+00
      vertex   0.000000e+00 4.997294e+00 -6.574679e+00
    endloop
  endfacet
  facet normal 0.000000e+00 7.786415e-01 -6.274690e-01
    outer loop
      vertex   6.110375e+00 5.221252e+00 -6.296764e+00
      vertex   0.000000e+00 4.997294e+00 -6.574679e+00
      vertex   0.000000e+00 5.221252e+00 -6.296764e+00
    endloop
  endfacet
  facet normal 2.171093e-01 3.768841e-01 -9.004565e-01
    outer loop
      vertex   1.697341e+01 8.000000e+00 -3.375645e+00
      vertex   1.684065e+01 7.946702e+00 -3.429961e+00
      vertex   1.645763e+01 7.999997e+00 -3.500004e+00
    endloop
  endfacet
  facet normal 2.180939e-01 3.938657e-01 -8.929193e-01
    outer loop
      vertex   1.645763e+01 7.999997e+00 -3.500004e+00
      vertex   1.684065e+01 7.946702e+00 -3.429961e+00
      vertex   1.628744e+01 7.699426e+00 -3.674156e+00
    endloop
  endfacet
  facet normal 2.342134e-01 3.846902e-01 -8.928368e-01
    outer loop
      vertex   1.645763e+01 7.999997e+00 -3.500004e+00
      vertex   1.628744e+01 7.699426e+00 -3.674156e+00
      vertex   1.587526e+01 7.731570e+00 -3.768430e+00
    endloop
  endfacet
  facet normal 2.340104e-01 3.944523e-01 -8.886206e-01
    outer loop
      vertex   1.587526e+01 7.731570e+00 -3.768430e+00
      vertex   1.628744e+01 7.699426e+00 -3.674156e+00
      vertex   1.574193e+01 7.435182e+00 -3.935107e+00
    endloop
  endfacet
  facet normal 2.506184e-01 3.864188e-01 -8.876210e-01
    outer loop
      vertex   1.587526e+01 7.731570e+00 -3.768430e+00
      vertex   1.574193e+01 7.435182e+00 -3.935107e+00
      vertex   1.530772e+01 7.447778e+00 -4.052222e+00
    endloop
  endfacet
  facet normal 2.498919e-01 3.951093e-01 -8.839925e-01
    outer loop
      vertex   1.530772e+01 7.447778e+00 -4.052222e+00
      vertex   1.574193e+01 7.435182e+00 -3.935107e+00
      vertex   1.520463e+01 7.154212e+00 -4.212576e+00
    endloop
  endfacet
  facet normal 2.667563e-01 3.881728e-01 -8.821355e-01
    outer loop
      vertex   1.530772e+01 7.447778e+00 -4.052222e+00
      vertex   1.520463e+01 7.154212e+00 -4.212576e+00
      vertex   1.475505e+01 7.149320e+00 -4.350680e+00
    endloop
  endfacet
  facet normal 2.663192e-01 3.914284e-01 -8.808280e-01
    outer loop
      vertex   1.475505e+01 7.149320e+00 -4.350680e+00
      vertex   1.520463e+01 7.154212e+00 -4.212576e+00
      vertex   1.483422e+01 6.948023e+00 -4.416196e+00
    endloop
  endfacet
  facet normal 2.761120e-01 3.939321e-01 -8.766867e-01
    outer loop
      vertex   1.475505e+01 7.149320e+00 -4.350680e+00
      vertex   1.483422e+01 6.948023e+00 -4.416196e+00
      vertex   1.446736e+01 6.733338e+00 -4.628206e+00
    endloop
  endfacet
  facet normal 2.767195e-01 3.930818e-01 -8.768769e-01
    outer loop
      vertex   1.446736e+01 6.733338e+00 -4.628206e+00
      vertex   1.483422e+01 6.948023e+00 -4.416196e+00
      vertex   1.490662e+01 6.742046e+00 -4.485683e+00
    endloop
  endfacet
  facet normal 2.771583e-01 3.901430e-01 -8.780500e-01
    outer loop
      vertex   1.446736e+01 6.733338e+00 -4.628206e+00
      vertex   1.490662e+01 6.742046e+00 -4.485683e+00
      vertex   1.459386e+01 6.556050e+00 -4.667051e+00
    endloop
  endfacet
  facet normal 2.028928e-01 3.819224e-01 -9.016484e-01
    outer loop
      vertex   1.749143e+01 7.999998e+00 -3.259077e+00
      vertex   1.717280e+01 7.869988e+00 -3.385847e+00
      vertex   1.697341e+01 8.000000e+00 -3.375645e+00
    endloop
  endfacet
  facet normal 2.081292e-01 3.896009e-01 -8.971585e-01
    outer loop
      vertex   1.697341e+01 8.000000e+00 -3.375645e+00
      vertex   1.717280e+01 7.869988e+00 -3.385847e+00
      vertex   1.685821e+01 7.735064e+00 -3.517419e+00
    endloop
  endfacet
  facet normal 2.111624e-01 3.882225e-01 -8.970472e-01
    outer loop
      vertex   1.697341e+01 8.000000e+00 -3.375645e+00
      vertex   1.685821e+01 7.735064e+00 -3.517419e+00
      vertex   1.684065e+01 7.946702e+00 -3.429961e+00
    endloop
  endfacet
  facet normal 2.182554e-01 3.881262e-01 -8.953897e-01
    outer loop
      vertex   1.684065e+01 7.946702e+00 -3.429961e+00
      vertex   1.685821e+01 7.735064e+00 -3.517419e+00
      vertex   1.654771e+01 7.595335e+00 -3.653675e+00
    endloop
  endfacet
  facet normal 2.239511e-01 3.836973e-01 -8.958919e-01
    outer loop
      vertex   1.684065e+01 7.946702e+00 -3.429961e+00
      vertex   1.654771e+01 7.595335e+00 -3.653675e+00
      vertex   1.628744e+01 7.699426e+00 -3.674156e+00
    endloop
  endfacet
  facet normal 2.262797e-01 3.901877e-01 -8.924971e-01
    outer loop
      vertex   1.628744e+01 7.699426e+00 -3.674156e+00
      vertex   1.654771e+01 7.595335e+00 -3.653675e+00
      vertex   1.624129e+01 7.450918e+00 -3.794499e+00
    endloop
  endfacet
  facet normal 2.379399e-01 3.871864e-01 -8.907701e-01
    outer loop
      vertex   1.628744e+01 7.699426e+00 -3.674156e+00
      vertex   1.624129e+01 7.450918e+00 -3.794499e+00
      vertex   1.589926e+01 7.281851e+00 -3.959349e+00
    endloop
  endfacet
  facet normal 2.390973e-01 3.861933e-01 -8.908913e-01
    outer loop
      vertex   1.628744e+01 7.699426e+00 -3.674156e+00
      vertex   1.589926e+01 7.281851e+00 -3.959349e+00
      vertex   1.574193e+01 7.435182e+00 -3.935107e+00
    endloop
  endfacet
  facet normal 2.453060e-01 3.919017e-01 -8.867006e-01
    outer loop
      vertex   1.574193e+01 7.435182e+00 -3.935107e+00
      vertex   1.589926e+01 7.281851e+00 -3.959349e+00
      vertex   1.556277e+01 7.107215e+00 -4.129624e+00
    endloop
  endfacet
  facet normal 2.559266e-01 3.858850e-01 -8.863376e-01
    outer loop
      vertex   1.574193e+01 7.435182e+00 -3.935107e+00
      vertex   1.556277e+01 7.107215e+00 -4.129624e+00
      vertex   1.520463e+01 7.154212e+00 -4.212576e+00
    endloop
  endfacet
  facet normal 2.560730e-01 3.911698e-01 -8.839756e-01
    outer loop
      vertex   1.520463e+01 7.154212e+00 -4.212576e+00
      vertex   1.556277e+01 7.107215e+00 -4.129624e+00
      vertex   1.523188e+01 6.927213e+00 -4.305132e+00
    endloop
  endfacet
  facet normal 2.665009e-01 3.911637e-01 -8.808906e-01
    outer loop
      vertex   1.520463e+01 7.154212e+00 -4.212576e+00
      vertex   1.523188e+01 6.927213e+00 -4.305132e+00
      vertex   1.483422e+01 6.948023e+00 -4.416196e+00
    endloop
  endfacet
  facet normal 2.665190e-01 3.908897e-01 -8.810067e-01
    outer loop
      vertex   1.483422e+01 6.948023e+00 -4.416196e+00
      vertex   1.523188e+01 6.927213e+00 -4.305132e+00
      vertex   1.490662e+01 6.742046e+00 -4.485683e+00
    endloop
  endfacet
  facet normal 2.840907e-01 3.942043e-01 -8.740111e-01
    outer loop
      vertex   1.459386e+01 6.556050e+00 -4.667051e+00
      vertex   1.428656e+01 6.365465e+00 -4.852896e+00
      vertex   1.446736e+01 6.733338e+00 -4.628206e+00
    endloop
  endfacet
  facet normal 2.896666e-01 3.911767e-01 -8.735411e-01
    outer loop
      vertex   1.446736e+01 6.733338e+00 -4.628206e+00
      vertex   1.428656e+01 6.365465e+00 -4.852896e+00
      vertex   1.410687e+01 6.511863e+00 -4.846921e+00
    endloop
  endfacet
  facet normal 2.858879e-01 3.962831e-01 -8.724837e-01
    outer loop
      vertex   1.446736e+01 6.733338e+00 -4.628206e+00
      vertex   1.410687e+01 6.511863e+00 -4.846921e+00
      vertex   1.421732e+01 6.836899e+00 -4.663101e+00
    endloop
  endfacet
  facet normal 2.989216e-01 3.907855e-01 -8.705933e-01
    outer loop
      vertex   1.421732e+01 6.836899e+00 -4.663101e+00
      vertex   1.410687e+01 6.511863e+00 -4.846921e+00
      vertex   1.369478e+01 6.511360e+00 -4.988640e+00
    endloop
  endfacet
  facet normal 2.983299e-01 3.950105e-01 -8.688878e-01
    outer loop
      vertex   1.369478e+01 6.511360e+00 -4.988640e+00
      vertex   1.410687e+01 6.511863e+00 -4.846921e+00
      vertex   1.375026e+01 6.282103e+00 -5.073818e+00
    endloop
  endfacet
  facet normal 3.090569e-01 3.960358e-01 -8.646615e-01
    outer loop
      vertex   1.369478e+01 6.511360e+00 -4.988640e+00
      vertex   1.375026e+01 6.282103e+00 -5.073818e+00
      vertex   1.339855e+01 6.044698e+00 -5.308264e+00
    endloop
  endfacet
  facet normal 3.113411e-01 3.931452e-01 -8.651610e-01
    outer loop
      vertex   1.339855e+01 6.044698e+00 -5.308264e+00
      vertex   1.375026e+01 6.282103e+00 -5.073818e+00
      vertex   1.368836e+01 5.971140e+00 -5.237399e+00
    endloop
  endfacet
  facet normal 3.117647e-01 3.963876e-01 -8.635275e-01
    outer loop
      vertex   1.339855e+01 6.044698e+00 -5.308264e+00
      vertex   1.368836e+01 5.971140e+00 -5.237399e+00
      vertex   1.338969e+01 5.762164e+00 -5.441158e+00
    endloop
  endfacet
  facet normal 2.930957e-01 3.952635e-01 -8.705525e-01
    outer loop
      vertex   1.428656e+01 6.365465e+00 -4.852896e+00
      vertex   1.398473e+01 6.170443e+00 -5.043063e+00
      vertex   1.410687e+01 6.511863e+00 -4.846921e+00
    endloop
  endfacet
  facet normal 3.006885e-01 3.919259e-01 -8.694714e-01
    outer loop
      vertex   1.410687e+01 6.511863e+00 -4.846921e+00
      vertex   1.398473e+01 6.170443e+00 -5.043063e+00
      vertex   1.375026e+01 6.282103e+00 -5.073818e+00
    endloop
  endfacet
  facet normal 3.022953e-01 3.959575e-01 -8.670843e-01
    outer loop
      vertex   1.398473e+01 6.170443e+00 -5.043063e+00
      vertex   1.368836e+01 5.971140e+00 -5.237399e+00
      vertex   1.375026e+01 6.282103e+00 -5.073818e+00
    endloop
  endfacet
  facet normal 3.216713e-01 3.947239e-01 -8.606513e-01
    outer loop
      vertex   1.339855e+01 6.044698e+00 -5.308264e+00
      vertex   1.338969e+01 5.762164e+00 -5.441158e+00
      vertex   1.305193e+01 5.799755e+00 -5.550155e+00
    endloop
  endfacet
  facet normal 3.216139e-01 3.964563e-01 -8.598761e-01
    outer loop
      vertex   1.305193e+01 5.799755e+00 -5.550155e+00
      vertex   1.338969e+01 5.762164e+00 -5.441158e+00
      vertex   1.309680e+01 5.549022e+00 -5.648977e+00
    endloop
  endfacet
  facet normal 3.316256e-01 3.967011e-01 -8.559514e-01
    outer loop
      vertex   1.305193e+01 5.799755e+00 -5.550155e+00
      vertex   1.309680e+01 5.549022e+00 -5.648977e+00
      vertex   1.271054e+01 5.547379e+00 -5.799386e+00
    endloop
  endfacet
  facet normal 3.317063e-01 3.961978e-01 -8.561531e-01
    outer loop
      vertex   1.271054e+01 5.547379e+00 -5.799386e+00
      vertex   1.309680e+01 5.549022e+00 -5.648977e+00
      vertex   1.280969e+01 5.331882e+00 -5.860699e+00
    endloop
  endfacet
  facet normal 3.394617e-01 3.985831e-01 -8.519961e-01
    outer loop
      vertex   1.271054e+01 5.547379e+00 -5.799386e+00
      vertex   1.280969e+01 5.331882e+00 -5.860699e+00
      vertex   1.252835e+01 5.110913e+00 -6.076168e+00
    endloop
  endfacet
  facet normal 3.433490e-01 3.965686e-01 -8.513782e-01
    outer loop
      vertex   1.252835e+01 5.110913e+00 -6.076168e+00
      vertex   1.222075e+01 5.464466e+00 -6.035534e+00
      vertex   1.271054e+01 5.547379e+00 -5.799386e+00
    endloop
  endfacet
  facet normal 3.429579e-01 3.977532e-01 -8.509831e-01
    outer loop
      vertex   1.271054e+01 5.547379e+00 -5.799386e+00
      vertex   1.222075e+01 5.464466e+00 -6.035534e+00
      vertex   1.269634e+01 5.824347e+00 -5.675653e+00
    endloop
  endfacet
  facet normal 3.295780e-01 3.991346e-01 -8.556108e-01
    outer loop
      vertex   1.271054e+01 5.547379e+00 -5.799386e+00
      vertex   1.269634e+01 5.824347e+00 -5.675653e+00
      vertex   1.305193e+01 5.799755e+00 -5.550155e+00
    endloop
  endfacet
  facet normal 3.300362e-01 3.936043e-01 -8.579929e-01
    outer loop
      vertex   1.305193e+01 5.799755e+00 -5.550155e+00
      vertex   1.269634e+01 5.824347e+00 -5.675653e+00
      vertex   1.318774e+01 6.173577e+00 -5.326423e+00
    endloop
  endfacet
  facet normal 3.180769e-01 3.991248e-01 -8.599572e-01
    outer loop
      vertex   1.305193e+01 5.799755e+00 -5.550155e+00
      vertex   1.318774e+01 6.173577e+00 -5.326423e+00
      vertex   1.339855e+01 6.044698e+00 -5.308264e+00
    endloop
  endfacet
  facet normal 3.143817e-01 3.924581e-01 -8.643730e-01
    outer loop
      vertex   1.339855e+01 6.044698e+00 -5.308264e+00
      vertex   1.318774e+01 6.173577e+00 -5.326423e+00
      vertex   1.369478e+01 6.511360e+00 -4.988640e+00
    endloop
  endfacet
  facet normal 2.833915e-01 3.888590e-01 -8.766287e-01
    outer loop
      vertex   1.421732e+01 6.836899e+00 -4.663101e+00
      vertex   1.475505e+01 7.149320e+00 -4.350680e+00
      vertex   1.446736e+01 6.733338e+00 -4.628206e+00
    endloop
  endfacet
  facet normal 3.423875e-01 3.958168e-01 -8.521149e-01
    outer loop
      vertex   1.222075e+01 5.464466e+00 -6.035534e+00
      vertex   1.252835e+01 5.110913e+00 -6.076168e+00
      vertex   1.197787e+01 5.297661e+00 -6.210609e+00
    endloop
  endfacet
  facet normal 3.461646e-01 4.144852e-01 -8.416484e-01
    outer loop
      vertex   1.197787e+01 5.297661e+00 -6.210609e+00
      vertex   1.252835e+01 5.110913e+00 -6.076168e+00
      vertex   1.213439e+01 5.112346e+00 -6.237494e+00
    endloop
  endfacet
  facet normal 3.527163e-01 4.192778e-01 -8.365389e-01
    outer loop
      vertex   1.197787e+01 5.297661e+00 -6.210609e+00
      vertex   1.213439e+01 5.112346e+00 -6.237494e+00
      vertex   1.173319e+01 5.140223e+00 -6.392685e+00
    endloop
  endfacet
  facet normal 3.510991e-01 4.339101e-01 -8.297297e-01
    outer loop
      vertex   1.173319e+01 5.140223e+00 -6.392685e+00
      vertex   1.213439e+01 5.112346e+00 -6.237494e+00
      vertex   1.189305e+01 4.947242e+00 -6.425958e+00
    endloop
  endfacet
  facet normal 3.701978e-01 4.470706e-01 -8.142981e-01
    outer loop
      vertex   1.173319e+01 5.140223e+00 -6.392685e+00
      vertex   1.189305e+01 4.947242e+00 -6.425958e+00
      vertex   1.165211e+01 4.792834e+00 -6.620271e+00
    endloop
  endfacet
  facet normal 3.701864e-01 4.470851e-01 -8.142954e-01
    outer loop
      vertex   1.165211e+01 4.792834e+00 -6.620271e+00
      vertex   1.189305e+01 4.947242e+00 -6.425958e+00
      vertex   1.205293e+01 4.754249e+00 -6.459238e+00
    endloop
  endfacet
  facet normal 3.686464e-01 4.612298e-01 -8.070731e-01
    outer loop
      vertex   1.165211e+01 4.792834e+00 -6.620271e+00
      vertex   1.205293e+01 4.754249e+00 -6.459238e+00
      vertex   1.181529e+01 4.592659e+00 -6.660132e+00
    endloop
  endfacet
  facet normal 3.483698e-01 4.012140e-01 -8.471516e-01
    outer loop
      vertex   1.252835e+01 5.110913e+00 -6.076168e+00
      vertex   1.243353e+01 5.036019e+00 -6.150630e+00
      vertex   1.213439e+01 5.112346e+00 -6.237494e+00
    endloop
  endfacet
  facet normal 3.503300e-01 4.205729e-01 -8.368915e-01
    outer loop
      vertex   1.213439e+01 5.112346e+00 -6.237494e+00
      vertex   1.243353e+01 5.036019e+00 -6.150630e+00
      vertex   1.224445e+01 4.892370e+00 -6.301971e+00
    endloop
  endfacet
  facet normal 3.595190e-01 4.235785e-01 -8.314610e-01
    outer loop
      vertex   1.213439e+01 5.112346e+00 -6.237494e+00
      vertex   1.224445e+01 4.892370e+00 -6.301971e+00
      vertex   1.189305e+01 4.947242e+00 -6.425958e+00
    endloop
  endfacet
  facet normal 3.591346e-01 4.394876e-01 -8.233304e-01
    outer loop
      vertex   1.189305e+01 4.947242e+00 -6.425958e+00
      vertex   1.224445e+01 4.892370e+00 -6.301971e+00
      vertex   1.205293e+01 4.754249e+00 -6.459238e+00
    endloop
  endfacet
  facet normal 3.885527e-01 4.740794e-01 -7.901111e-01
    outer loop
      vertex   1.181529e+01 4.592659e+00 -6.660132e+00
      vertex   1.157623e+01 4.440654e+00 -6.868899e+00
      vertex   1.165211e+01 4.792834e+00 -6.620271e+00
    endloop
  endfacet
  facet normal 3.737335e-01 4.798527e-01 -7.937661e-01
    outer loop
      vertex   1.165211e+01 4.792834e+00 -6.620271e+00
      vertex   1.157623e+01 4.440654e+00 -6.868899e+00
      vertex   1.141026e+01 4.647902e+00 -6.821757e+00
    endloop
  endfacet
  facet normal 3.817028e-01 4.697109e-01 -7.960368e-01
    outer loop
      vertex   1.165211e+01 4.792834e+00 -6.620271e+00
      vertex   1.141026e+01 4.647902e+00 -6.821757e+00
      vertex   1.148892e+01 4.993022e+00 -6.580395e+00
    endloop
  endfacet
  facet normal 3.667667e-01 4.755825e-01 -7.995645e-01
    outer loop
      vertex   1.148892e+01 4.993022e+00 -6.580395e+00
      vertex   1.141026e+01 4.647902e+00 -6.821757e+00
      vertex   1.124430e+01 4.855139e+00 -6.774619e+00
    endloop
  endfacet
  facet normal 3.936851e-01 4.919060e-01 -7.765568e-01
    outer loop
      vertex   1.124430e+01 4.855139e+00 -6.774619e+00
      vertex   1.141026e+01 4.647902e+00 -6.821757e+00
      vertex   1.116886e+01 4.513012e+00 -7.029581e+00
    endloop
  endfacet
  facet normal 3.784175e-01 4.980187e-01 -7.802420e-01
    outer loop
      vertex   1.124430e+01 4.855139e+00 -6.774619e+00
      vertex   1.116886e+01 4.513012e+00 -7.029581e+00
      vertex   1.099977e+01 4.726634e+00 -6.975237e+00
    endloop
  endfacet
  facet normal 4.061249e-01 5.137189e-01 -7.557483e-01
    outer loop
      vertex   1.099977e+01 4.726634e+00 -6.975237e+00
      vertex   1.116886e+01 4.513012e+00 -7.029581e+00
      vertex   1.092791e+01 4.388030e+00 -7.244022e+00
    endloop
  endfacet
  facet normal 3.904774e-01 5.201089e-01 -7.596144e-01
    outer loop
      vertex   1.099977e+01 4.726634e+00 -6.975237e+00
      vertex   1.092791e+01 4.388030e+00 -7.244022e+00
      vertex   1.075586e+01 4.607643e+00 -7.182093e+00
    endloop
  endfacet
  facet normal 4.109875e-01 5.309473e-01 -7.410696e-01
    outer loop
      vertex   1.075586e+01 4.607643e+00 -7.182093e+00
      vertex   1.092791e+01 4.388030e+00 -7.244022e+00
      vertex   1.051220e+01 4.497979e+00 -7.395795e+00
    endloop
  endfacet
  facet normal 4.109544e-01 5.457631e-01 -7.302460e-01
    outer loop
      vertex   1.051220e+01 4.497979e+00 -7.395795e+00
      vertex   1.092791e+01 4.388030e+00 -7.244022e+00
      vertex   1.068676e+01 4.272648e+00 -7.465961e+00
    endloop
  endfacet
  facet normal 4.241089e-01 5.520967e-01 -7.178585e-01
    outer loop
      vertex   1.051220e+01 4.497979e+00 -7.395795e+00
      vertex   1.068676e+01 4.272648e+00 -7.465961e+00
      vertex   1.026905e+01 4.397899e+00 -7.616416e+00
    endloop
  endfacet
  facet normal 4.243134e-01 5.668675e-01 -7.061299e-01
    outer loop
      vertex   1.026905e+01 4.397899e+00 -7.616416e+00
      vertex   1.068676e+01 4.272648e+00 -7.465961e+00
      vertex   1.044716e+01 4.167799e+00 -7.694107e+00
    endloop
  endfacet
  facet normal 4.408122e-01 5.741711e-01 -6.899363e-01
    outer loop
      vertex   1.026905e+01 4.397899e+00 -7.616416e+00
      vertex   1.044716e+01 4.167799e+00 -7.694107e+00
      vertex   1.032744e+01 4.119157e+00 -7.811083e+00
    endloop
  endfacet
  facet normal 4.408120e-01 5.741713e-01 -6.899363e-01
    outer loop
      vertex   1.032744e+01 4.119157e+00 -7.811083e+00
      vertex   1.044716e+01 4.167799e+00 -7.694107e+00
      vertex   1.062529e+01 3.937689e+00 -7.771802e+00
    endloop
  endfacet
  facet normal 4.476663e-01 5.891585e-01 -6.726717e-01
    outer loop
      vertex   1.032744e+01 4.119157e+00 -7.811083e+00
      vertex   1.062529e+01 3.937689e+00 -7.771802e+00
      vertex   1.038917e+01 3.838586e+00 -8.015736e+00
    endloop
  endfacet
  facet normal 3.936806e-01 4.919119e-01 -7.765554e-01
    outer loop
      vertex   1.141026e+01 4.647902e+00 -6.821757e+00
      vertex   1.157623e+01 4.440654e+00 -6.868899e+00
      vertex   1.116886e+01 4.513012e+00 -7.029581e+00
    endloop
  endfacet
  facet normal 3.928233e-01 5.052851e-01 -7.683598e-01
    outer loop
      vertex   1.116886e+01 4.513012e+00 -7.029581e+00
      vertex   1.157623e+01 4.440654e+00 -6.868899e+00
      vertex   1.134881e+01 4.305601e+00 -7.073979e+00
    endloop
  endfacet
  facet normal 4.125679e-01 5.182939e-01 -7.491056e-01
    outer loop
      vertex   1.116886e+01 4.513012e+00 -7.029581e+00
      vertex   1.134881e+01 4.305601e+00 -7.073979e+00
      vertex   1.109996e+01 4.168408e+00 -7.305953e+00
    endloop
  endfacet
  facet normal 4.186209e-01 5.495358e-01 -7.230262e-01
    outer loop
      vertex   1.086135e+01 4.047283e+00 -7.536165e+00
      vertex   1.068676e+01 4.272648e+00 -7.465961e+00
      vertex   1.109996e+01 4.168408e+00 -7.305953e+00
    endloop
  endfacet
  facet normal 4.190462e-01 5.351295e-01 -7.335098e-01
    outer loop
      vertex   1.109996e+01 4.168408e+00 -7.305953e+00
      vertex   1.068676e+01 4.272648e+00 -7.465961e+00
      vertex   1.092791e+01 4.388030e+00 -7.244022e+00
    endloop
  endfacet
  facet normal 3.981060e-01 5.241730e-01 -7.528309e-01
    outer loop
      vertex   1.109996e+01 4.168408e+00 -7.305953e+00
      vertex   1.092791e+01 4.388030e+00 -7.244022e+00
      vertex   1.116886e+01 4.513012e+00 -7.029581e+00
    endloop
  endfacet
  facet normal 4.324533e-01 5.561114e-01 -7.097353e-01
    outer loop
      vertex   1.068676e+01 4.272648e+00 -7.465961e+00
      vertex   1.086135e+01 4.047283e+00 -7.536165e+00
      vertex   1.044716e+01 4.167799e+00 -7.694107e+00
    endloop
  endfacet
  facet normal 4.322897e-01 5.704265e-01 -6.983833e-01
    outer loop
      vertex   1.044716e+01 4.167799e+00 -7.694107e+00
      vertex   1.086135e+01 4.047283e+00 -7.536165e+00
      vertex   1.062529e+01 3.937689e+00 -7.771802e+00
    endloop
  endfacet
  facet normal 4.609162e-01 6.104585e-01 -6.441247e-01
    outer loop
      vertex   1.015714e+01 3.751894e+00 -8.263931e+00
      vertex   9.973038e+00 3.990449e+00 -8.169583e+00
      vertex   1.038917e+01 3.838586e+00 -8.015736e+00
    endloop
  endfacet
  facet normal 4.606709e-01 5.964415e-01 -6.572974e-01
    outer loop
      vertex   1.038917e+01 3.838586e+00 -8.015736e+00
      vertex   9.973038e+00 3.990449e+00 -8.169583e+00
      vertex   1.020825e+01 4.073284e+00 -7.929565e+00
    endloop
  endfacet
  facet normal 4.437415e-01 5.897875e-01 -6.747179e-01
    outer loop
      vertex   1.038917e+01 3.838586e+00 -8.015736e+00
      vertex   1.020825e+01 4.073284e+00 -7.929565e+00
      vertex   1.032744e+01 4.119157e+00 -7.811083e+00
    endloop
  endfacet
  facet normal 4.437642e-01 5.897574e-01 -6.747292e-01
    outer loop
      vertex   1.032744e+01 4.119157e+00 -7.811083e+00
      vertex   1.020825e+01 4.073284e+00 -7.929565e+00
      vertex   1.002736e+01 4.307956e+00 -7.843420e+00
    endloop
  endfacet
  facet normal 4.362697e-01 5.748428e-01 -6.922605e-01
    outer loop
      vertex   1.032744e+01 4.119157e+00 -7.811083e+00
      vertex   1.002736e+01 4.307956e+00 -7.843420e+00
      vertex   1.026905e+01 4.397899e+00 -7.616416e+00
    endloop
  endfacet
  facet normal 4.753924e-01 6.154985e-01 -6.286205e-01
    outer loop
      vertex   9.973038e+00 3.990449e+00 -8.169583e+00
      vertex   1.015714e+01 3.751894e+00 -8.263931e+00
      vertex   9.740598e+00 3.919104e+00 -8.415222e+00
    endloop
  endfacet
  facet normal 4.758005e-01 6.293317e-01 -6.144554e-01
    outer loop
      vertex   9.740598e+00 3.919104e+00 -8.415222e+00
      vertex   1.015714e+01 3.751894e+00 -8.263931e+00
      vertex   9.927003e+00 3.676961e+00 -8.518885e+00
    endloop
  endfacet
  facet normal 4.905084e-01 6.336923e-01 -5.981937e-01
    outer loop
      vertex   9.740598e+00 3.919104e+00 -8.415222e+00
      vertex   9.927003e+00 3.676961e+00 -8.518885e+00
      vertex   9.512276e+00 3.859882e+00 -8.665178e+00
    endloop
  endfacet
  facet normal 4.911183e-01 6.471548e-01 -5.830896e-01
    outer loop
      vertex   9.512276e+00 3.859882e+00 -8.665178e+00
      vertex   9.927003e+00 3.676961e+00 -8.518885e+00
      vertex   9.702193e+00 3.615108e+00 -8.776884e+00
    endloop
  endfacet
  facet normal 5.060371e-01 6.508939e-01 -5.659184e-01
    outer loop
      vertex   9.512276e+00 3.859882e+00 -8.665178e+00
      vertex   9.702193e+00 3.615108e+00 -8.776884e+00
      vertex   9.286279e+00 3.812656e+00 -8.921579e+00
    endloop
  endfacet
  facet normal 5.066886e-01 6.640963e-01 -5.497661e-01
    outer loop
      vertex   9.286279e+00 3.812656e+00 -8.921579e+00
      vertex   9.702193e+00 3.615108e+00 -8.776884e+00
      vertex   9.478297e+00 3.565490e+00 -9.043174e+00
    endloop
  endfacet
  facet normal 5.219429e-01 6.670314e-01 -5.316434e-01
    outer loop
      vertex   9.286279e+00 3.812656e+00 -8.921579e+00
      vertex   9.478297e+00 3.565490e+00 -9.043174e+00
      vertex   9.065259e+00 3.778399e+00 -9.181547e+00
    endloop
  endfacet
  facet normal 5.227421e-01 6.796965e-01 -5.145419e-01
    outer loop
      vertex   9.065259e+00 3.778399e+00 -9.181547e+00
      vertex   9.478297e+00 3.565490e+00 -9.043174e+00
      vertex   9.260817e+00 3.529745e+00 -9.311338e+00
    endloop
  endfacet
  facet normal 5.319581e-01 6.810293e-01 -5.032094e-01
    outer loop
      vertex   9.065259e+00 3.778399e+00 -9.181547e+00
      vertex   9.260817e+00 3.529745e+00 -9.311338e+00
      vertex   8.955687e+00 3.766121e+00 -9.313995e+00
    endloop
  endfacet
  facet normal 5.404845e-01 6.923180e-01 -4.780923e-01
    outer loop
      vertex   8.955687e+00 3.766121e+00 -9.313995e+00
      vertex   9.260817e+00 3.529745e+00 -9.311338e+00
      vertex   9.043374e+00 3.507440e+00 -9.589457e+00
    endloop
  endfacet
  facet normal 5.356914e-01 6.939335e-01 -4.811352e-01
    outer loop
      vertex   8.955687e+00 3.766121e+00 -9.313995e+00
      vertex   9.043374e+00 3.507440e+00 -9.589457e+00
      vertex   8.846793e+00 3.757221e+00 -9.448073e+00
    endloop
  endfacet
  facet normal 5.485076e-01 6.949024e-01 -4.650269e-01
    outer loop
      vertex   8.846793e+00 3.757221e+00 -9.448073e+00
      vertex   9.043374e+00 3.507440e+00 -9.589457e+00
      vertex   8.739187e+00 3.751831e+00 -9.583050e+00
    endloop
  endfacet
  facet normal 5.485267e-01 6.948778e-01 -4.650412e-01
    outer loop
      vertex   8.846793e+00 3.757221e+00 -9.448073e+00
      vertex   8.739187e+00 3.751831e+00 -9.583050e+00
      vertex   8.648287e+00 4.006859e+00 -9.309199e+00
    endloop
  endfacet
  facet normal 5.432568e-01 6.967003e-01 -4.684877e-01
    outer loop
      vertex   8.648287e+00 4.006859e+00 -9.309199e+00
      vertex   8.739187e+00 3.751831e+00 -9.583050e+00
      vertex   8.431257e+00 4.000000e+00 -9.571068e+00
    endloop
  endfacet
  facet normal 5.524818e-01 7.068547e-01 -4.417242e-01
    outer loop
      vertex   8.431257e+00 4.000000e+00 -9.571068e+00
      vertex   8.739187e+00 3.751831e+00 -9.583050e+00
      vertex   8.833289e+00 3.500000e+00 -9.868338e+00
    endloop
  endfacet
  facet normal 5.572373e-01 7.050747e-01 -4.385845e-01
    outer loop
      vertex   8.833289e+00 3.500000e+00 -9.868338e+00
      vertex   8.739187e+00 3.751831e+00 -9.583050e+00
      vertex   9.043374e+00 3.507440e+00 -9.589457e+00
    endloop
  endfacet
  facet normal 5.358161e-01 6.937742e-01 -4.812259e-01
    outer loop
      vertex   8.846793e+00 3.757221e+00 -9.448073e+00
      vertex   8.648287e+00 4.006859e+00 -9.309199e+00
      vertex   8.955687e+00 3.766121e+00 -9.313995e+00
    endloop
  endfacet
  facet normal 5.267041e-01 6.826433e-01 -5.065382e-01
    outer loop
      vertex   8.955687e+00 3.766121e+00 -9.313995e+00
      vertex   8.648287e+00 4.006859e+00 -9.309199e+00
      vertex   8.869711e+00 4.027041e+00 -9.051762e+00
    endloop
  endfacet
  facet normal 5.319583e-01 6.810291e-01 -5.032095e-01
    outer loop
      vertex   8.955687e+00 3.766121e+00 -9.313995e+00
      vertex   8.869711e+00 4.027041e+00 -9.051762e+00
      vertex   9.065259e+00 3.778399e+00 -9.181547e+00
    endloop
  endfacet
  facet normal 5.133641e-01 6.782090e-01 -5.258229e-01
    outer loop
      vertex   9.065259e+00 3.778399e+00 -9.181547e+00
      vertex   8.869711e+00 4.027041e+00 -9.051762e+00
      vertex   9.286279e+00 3.812656e+00 -8.921579e+00
    endloop
  endfacet
  facet normal 5.121314e-01 6.650826e-01 -5.434948e-01
    outer loop
      vertex   8.869711e+00 4.027041e+00 -9.051762e+00
      vertex   9.094290e+00 4.059803e+00 -8.800052e+00
      vertex   9.286279e+00 3.812656e+00 -8.921579e+00
    endloop
  endfacet
  facet normal 4.975190e-01 6.620785e-01 -5.604703e-01
    outer loop
      vertex   9.286279e+00 3.812656e+00 -8.921579e+00
      vertex   9.094290e+00 4.059803e+00 -8.800052e+00
      vertex   9.512276e+00 3.859882e+00 -8.665178e+00
    endloop
  endfacet
  facet normal 4.963911e-01 6.485079e-01 -5.770905e-01
    outer loop
      vertex   9.094290e+00 4.059803e+00 -8.800052e+00
      vertex   9.322367e+00 4.104644e+00 -8.553478e+00
      vertex   9.512276e+00 3.859882e+00 -8.665178e+00
    endloop
  endfacet
  facet normal 4.821209e-01 6.447675e-01 -5.931562e-01
    outer loop
      vertex   9.512276e+00 3.859882e+00 -8.665178e+00
      vertex   9.322367e+00 4.104644e+00 -8.553478e+00
      vertex   9.740598e+00 3.919104e+00 -8.415222e+00
    endloop
  endfacet
  facet normal 4.810991e-01 6.308383e-01 -6.087584e-01
    outer loop
      vertex   9.322367e+00 4.104644e+00 -8.553478e+00
      vertex   9.554226e+00 4.161215e+00 -8.311619e+00
      vertex   9.740598e+00 3.919104e+00 -8.415222e+00
    endloop
  endfacet
  facet normal 4.670643e-01 6.265331e-01 -6.239449e-01
    outer loop
      vertex   9.740598e+00 3.919104e+00 -8.415222e+00
      vertex   9.554226e+00 4.161215e+00 -8.311619e+00
      vertex   9.973038e+00 3.990449e+00 -8.169583e+00
    endloop
  endfacet
  facet normal 4.662117e-01 6.123064e-01 -6.385354e-01
    outer loop
      vertex   9.554226e+00 4.161215e+00 -8.311619e+00
      vertex   9.788959e+00 4.228981e+00 -8.075251e+00
      vertex   9.973038e+00 3.990449e+00 -8.169583e+00
    endloop
  endfacet
  facet normal 4.524240e-01 6.073832e-01 -6.529917e-01
    outer loop
      vertex   9.973038e+00 3.990449e+00 -8.169583e+00
      vertex   9.788959e+00 4.228981e+00 -8.075251e+00
      vertex   1.020825e+01 4.073284e+00 -7.929565e+00
    endloop
  endfacet
  facet normal 4.517793e-01 5.929409e-01 -6.665708e-01
    outer loop
      vertex   9.788959e+00 4.228981e+00 -8.075251e+00
      vertex   1.002736e+01 4.307956e+00 -7.843420e+00
      vertex   1.020825e+01 4.073284e+00 -7.929565e+00
    endloop
  endfacet
  facet normal 3.555586e-01 4.527140e-01 -8.176968e-01
    outer loop
      vertex   1.148892e+01 4.993022e+00 -6.580395e+00
      vertex   1.173319e+01 5.140223e+00 -6.392685e+00
      vertex   1.165211e+01 4.792834e+00 -6.620271e+00
    endloop
  endfacet
  facet normal 5.759509e-01 7.070515e-01 -4.103155e-01
    outer loop
      vertex   8.431257e+00 4.000000e+00 -9.571068e+00
      vertex   8.833289e+00 3.500000e+00 -9.868338e+00
      vertex   8.019486e+00 4.000000e+00 -1.014906e+01
    endloop
  endfacet
  facet normal 5.759575e-01 7.075664e-01 -4.094176e-01
    outer loop
      vertex   8.019486e+00 4.000000e+00 -1.014906e+01
      vertex   8.833289e+00 3.500000e+00 -9.868338e+00
      vertex   8.408786e+00 3.500000e+00 -1.046552e+01
    endloop
  endfacet
  facet normal 5.905012e-01 7.065718e-01 -3.899547e-01
    outer loop
      vertex   8.019486e+00 4.000000e+00 -1.014906e+01
      vertex   8.408786e+00 3.500000e+00 -1.046552e+01
      vertex   7.628414e+00 4.000000e+00 -1.074125e+01
    endloop
  endfacet
  facet normal 5.904990e-01 7.080257e-01 -3.873120e-01
    outer loop
      vertex   7.628414e+00 4.000000e+00 -1.074125e+01
      vertex   8.408786e+00 3.500000e+00 -1.046552e+01
      vertex   8.006941e+00 3.500000e+00 -1.107817e+01
    endloop
  endfacet
  facet normal 6.042806e-01 7.061512e-01 -3.690467e-01
    outer loop
      vertex   7.628414e+00 4.000000e+00 -1.074125e+01
      vertex   8.006941e+00 3.500000e+00 -1.107817e+01
      vertex   7.258530e+00 4.000000e+00 -1.134691e+01
    endloop
  endfacet
  facet normal 6.042461e-01 7.084230e-01 -3.647238e-01
    outer loop
      vertex   7.258530e+00 4.000000e+00 -1.134691e+01
      vertex   8.006941e+00 3.500000e+00 -1.107817e+01
      vertex   7.628318e+00 3.500000e+00 -1.170545e+01
    endloop
  endfacet
  facet normal 6.172673e-01 7.057902e-01 -3.476223e-01
    outer loop
      vertex   7.258530e+00 4.000000e+00 -1.134691e+01
      vertex   7.628318e+00 3.500000e+00 -1.170545e+01
      vertex   6.910295e+00 4.000000e+00 -1.196526e+01
    endloop
  endfacet
  facet normal 6.171841e-01 7.087587e-01 -3.416794e-01
    outer loop
      vertex   6.910295e+00 4.000000e+00 -1.196526e+01
      vertex   7.628318e+00 3.500000e+00 -1.170545e+01
      vertex   7.273449e+00 3.500000e+00 -1.234646e+01
    endloop
  endfacet
  facet normal 6.294412e-01 7.054888e-01 -3.257134e-01
    outer loop
      vertex   6.910295e+00 4.000000e+00 -1.196526e+01
      vertex   7.273449e+00 3.500000e+00 -1.234646e+01
      vertex   6.584146e+00 4.000000e+00 -1.259554e+01
    endloop
  endfacet
  facet normal 6.292991e-01 7.090330e-01 -3.182057e-01
    outer loop
      vertex   6.584146e+00 4.000000e+00 -1.259554e+01
      vertex   7.273449e+00 3.500000e+00 -1.234646e+01
      vertex   6.942830e+00 3.500000e+00 -1.300030e+01
    endloop
  endfacet
  facet normal 6.407833e-01 7.052475e-01 -3.033525e-01
    outer loop
      vertex   6.584146e+00 4.000000e+00 -1.259554e+01
      vertex   6.942830e+00 3.500000e+00 -1.300030e+01
      vertex   6.280490e+00 4.000000e+00 -1.323697e+01
    endloop
  endfacet
  facet normal 6.405779e-01 7.092461e-01 -2.943296e-01
    outer loop
      vertex   6.280490e+00 4.000000e+00 -1.323697e+01
      vertex   6.942830e+00 3.500000e+00 -1.300030e+01
      vertex   6.636925e+00 3.500000e+00 -1.366607e+01
    endloop
  endfacet
  facet normal 6.512759e-01 7.050663e-01 -2.805730e-01
    outer loop
      vertex   6.280490e+00 4.000000e+00 -1.323697e+01
      vertex   6.636925e+00 3.500000e+00 -1.366607e+01
      vertex   5.999708e+00 4.000000e+00 -1.388873e+01
    endloop
  endfacet
  facet normal 6.510081e-01 7.093983e-01 -2.700788e-01
    outer loop
      vertex   5.999708e+00 4.000000e+00 -1.388873e+01
      vertex   6.636925e+00 3.500000e+00 -1.366607e+01
      vertex   6.356164e+00 3.500000e+00 -1.434283e+01
    endloop
  endfacet
  facet normal 6.609028e-01 7.049455e-01 -2.574090e-01
    outer loop
      vertex   5.999708e+00 4.000000e+00 -1.388873e+01
      vertex   6.356164e+00 3.500000e+00 -1.434283e+01
      vertex   5.742152e+00 4.000000e+00 -1.455001e+01
    endloop
  endfacet
  facet normal 6.605783e-01 7.094895e-01 -2.454812e-01
    outer loop
      vertex   5.742152e+00 4.000000e+00 -1.455001e+01
      vertex   6.356164e+00 3.500000e+00 -1.434283e+01
      vertex   6.100941e+00 3.500000e+00 -1.502963e+01
    endloop
  endfacet
  facet normal 6.696492e-01 7.048850e-01 -2.338953e-01
    outer loop
      vertex   5.742152e+00 4.000000e+00 -1.455001e+01
      vertex   6.100941e+00 3.500000e+00 -1.502963e+01
      vertex   5.508142e+00 4.000000e+00 -1.521999e+01
    endloop
  endfacet
  facet normal 6.692778e-01 7.095199e-01 -2.205648e-01
    outer loop
      vertex   5.508142e+00 4.000000e+00 -1.521999e+01
      vertex   6.100941e+00 3.500000e+00 -1.502963e+01
      vertex   5.871612e+00 3.500000e+00 -1.572550e+01
    endloop
  endfacet
  facet normal 6.775019e-01 7.048850e-01 -2.100671e-01
    outer loop
      vertex   5.508142e+00 4.000000e+00 -1.521999e+01
      vertex   5.871612e+00 3.500000e+00 -1.572550e+01
      vertex   5.297972e+00 4.000000e+00 -1.589782e+01
    endloop
  endfacet
  facet normal 6.770966e-01 7.094895e-01 -1.953582e-01
    outer loop
      vertex   5.297972e+00 4.000000e+00 -1.589782e+01
      vertex   5.871612e+00 3.500000e+00 -1.572550e+01
      vertex   5.668501e+00 3.500000e+00 -1.642946e+01
    endloop
  endfacet
  facet normal 6.844491e-01 7.049455e-01 -1.859604e-01
    outer loop
      vertex   5.297972e+00 4.000000e+00 -1.589782e+01
      vertex   5.668501e+00 3.500000e+00 -1.642946e+01
      vertex   5.111904e+00 4.000000e+00 -1.658266e+01
    endloop
  endfacet
  facet normal 6.840259e-01 7.093983e-01 -1.698902e-01
    outer loop
      vertex   5.111904e+00 4.000000e+00 -1.658266e+01
      vertex   5.668501e+00 3.500000e+00 -1.642946e+01
      vertex   5.491891e+00 3.500000e+00 -1.714054e+01
    endloop
  endfacet
  facet normal 6.904804e-01 7.050663e-01 -1.616114e-01
    outer loop
      vertex   5.111904e+00 4.000000e+00 -1.658266e+01
      vertex   5.491891e+00 3.500000e+00 -1.714054e+01
      vertex   4.950173e+00 4.000000e+00 -1.727366e+01
    endloop
  endfacet
  facet normal 6.900574e-01 7.092461e-01 -1.441898e-01
    outer loop
      vertex   4.950173e+00 4.000000e+00 -1.727366e+01
      vertex   5.491891e+00 3.500000e+00 -1.714054e+01
      vertex   5.342031e+00 3.500000e+00 -1.785774e+01
    endloop
  endfacet
  facet normal 6.955871e-01 7.052475e-01 -1.370570e-01
    outer loop
      vertex   4.950173e+00 4.000000e+00 -1.727366e+01
      vertex   5.342031e+00 3.500000e+00 -1.785774e+01
      vertex   4.812979e+00 4.000000e+00 -1.796994e+01
    endloop
  endfacet
  facet normal 6.951838e-01 7.090330e-01 -1.182862e-01
    outer loop
      vertex   4.812979e+00 4.000000e+00 -1.796994e+01
      vertex   5.342031e+00 3.500000e+00 -1.785774e+01
      vertex   5.219130e+00 3.500000e+00 -1.858004e+01
    endloop
  endfacet
  facet normal 6.997618e-01 7.054888e-01 -1.123340e-01
    outer loop
      vertex   4.812979e+00 4.000000e+00 -1.796994e+01
      vertex   5.219130e+00 3.500000e+00 -1.858004e+01
      vertex   4.700495e+00 4.000000e+00 -1.867064e+01
    endloop
  endfacet
  facet normal 6.993987e-01 7.087587e-01 -9.220892e-02
    outer loop
      vertex   4.700495e+00 4.000000e+00 -1.867064e+01
      vertex   5.219130e+00 3.500000e+00 -1.858004e+01
      vertex   5.123362e+00 3.500000e+00 -1.930644e+01
    endloop
  endfacet
  facet normal 7.029990e-01 7.057902e-01 -8.747993e-02
    outer loop
      vertex   4.700495e+00 4.000000e+00 -1.867064e+01
      vertex   5.123362e+00 3.500000e+00 -1.930644e+01
      vertex   4.612861e+00 4.000000e+00 -1.937488e+01
    endloop
  endfacet
  facet normal 7.026965e-01 7.084230e-01 -6.598757e-02
    outer loop
      vertex   4.612861e+00 4.000000e+00 -1.937488e+01
      vertex   5.123362e+00 3.500000e+00 -1.930644e+01
      vertex   5.054859e+00 3.500000e+00 -2.003592e+01
    endloop
  endfacet
  facet normal 7.052944e-01 7.061512e-01 -6.253217e-02
    outer loop
      vertex   4.612861e+00 4.000000e+00 -1.937488e+01
      vertex   5.054859e+00 3.500000e+00 -2.003592e+01
      vertex   4.550186e+00 4.000000e+00 -2.008177e+01
    endloop
  endfacet
  facet normal 7.050726e-01 7.080257e-01 -3.965198e-02
    outer loop
      vertex   4.550186e+00 4.000000e+00 -2.008177e+01
      vertex   5.054859e+00 3.500000e+00 -2.003592e+01
      vertex   5.013720e+00 3.500000e+00 -2.076744e+01
    endloop
  endfacet
  facet normal 7.066456e-01 7.065718e-01 -3.752837e-02
    outer loop
      vertex   4.550186e+00 4.000000e+00 -2.008177e+01
      vertex   5.013720e+00 3.500000e+00 -2.076744e+01
      vertex   4.512551e+00 4.000000e+00 -2.079044e+01
    endloop
  endfacet
  facet normal 7.065230e-01 7.075664e-01 -1.323212e-02
    outer loop
      vertex   4.512551e+00 4.000000e+00 -2.079044e+01
      vertex   5.013720e+00 3.500000e+00 -2.076744e+01
      vertex   5.000000e+00 3.500000e+00 -2.150000e+01
    endloop
  endfacet
  facet normal 7.070515e-01 7.070515e-01 -1.250620e-02
    outer loop
      vertex   4.512551e+00 4.000000e+00 -2.079044e+01
      vertex   5.000000e+00 3.500000e+00 -2.150000e+01
      vertex   4.500000e+00 4.000000e+00 -2.150000e+01
    endloop
  endfacet
  facet normal -7.070515e-01 7.070515e-01 -1.250620e-02
    outer loop
      vertex   -4.500000e+00 4.000000e+00 -2.150000e+01
      vertex   -5.000000e+00 3.500000e+00 -2.150000e+01
      vertex   -4.512551e+00 4.000000e+00 -2.079044e+01
    endloop
  endfacet
  facet normal -7.065230e-01 7.075664e-01 -1.323212e-02
    outer loop
      vertex   -4.512551e+00 4.000000e+00 -2.079044e+01
      vertex   -5.000000e+00 3.500000e+00 -2.150000e+01
      vertex   -5.013720e+00 3.500000e+00 -2.076744e+01
    endloop
  endfacet
  facet normal -7.066456e-01 7.065718e-01 -3.752837e-02
    outer loop
      vertex   -4.512551e+00 4.000000e+00 -2.079044e+01
      vertex   -5.013720e+00 3.500000e+00 -2.076744e+01
      vertex   -4.550186e+00 4.000000e+00 -2.008177e+01
    endloop
  endfacet
  facet normal -7.050726e-01 7.080257e-01 -3.965198e-02
    outer loop
      vertex   -4.550186e+00 4.000000e+00 -2.008177e+01
      vertex   -5.013720e+00 3.500000e+00 -2.076744e+01
      vertex   -5.054859e+00 3.500000e+00 -2.003592e+01
    endloop
  endfacet
  facet normal -7.052944e-01 7.061512e-01 -6.253217e-02
    outer loop
      vertex   -4.550186e+00 4.000000e+00 -2.008177e+01
      vertex   -5.054859e+00 3.500000e+00 -2.003592e+01
      vertex   -4.612861e+00 4.000000e+00 -1.937488e+01
    endloop
  endfacet
  facet normal -7.026965e-01 7.084230e-01 -6.598757e-02
    outer loop
      vertex   -4.612861e+00 4.000000e+00 -1.937488e+01
      vertex   -5.054859e+00 3.500000e+00 -2.003592e+01
      vertex   -5.123362e+00 3.500000e+00 -1.930644e+01
    endloop
  endfacet
  facet normal -7.029990e-01 7.057902e-01 -8.747993e-02
    outer loop
      vertex   -4.612861e+00 4.000000e+00 -1.937488e+01
      vertex   -5.123362e+00 3.500000e+00 -1.930644e+01
      vertex   -4.700495e+00 4.000000e+00 -1.867064e+01
    endloop
  endfacet
  facet normal -6.993987e-01 7.087587e-01 -9.220892e-02
    outer loop
      vertex   -4.700495e+00 4.000000e+00 -1.867064e+01
      vertex   -5.123362e+00 3.500000e+00 -1.930644e+01
      vertex   -5.219130e+00 3.500000e+00 -1.858004e+01
    endloop
  endfacet
  facet normal -6.997618e-01 7.054888e-01 -1.123340e-01
    outer loop
      vertex   -4.700495e+00 4.000000e+00 -1.867064e+01
      vertex   -5.219130e+00 3.500000e+00 -1.858004e+01
      vertex   -4.812979e+00 4.000000e+00 -1.796994e+01
    endloop
  endfacet
  facet normal -6.951838e-01 7.090330e-01 -1.182862e-01
    outer loop
      vertex   -4.812979e+00 4.000000e+00 -1.796994e+01
      vertex   -5.219130e+00 3.500000e+00 -1.858004e+01
      vertex   -5.342031e+00 3.500000e+00 -1.785774e+01
    endloop
  endfacet
  facet normal -6.955871e-01 7.052475e-01 -1.370570e-01
    outer loop
      vertex   -4.812979e+00 4.000000e+00 -1.796994e+01
      vertex   -5.342031e+00 3.500000e+00 -1.785774e+01
      vertex   -4.950173e+00 4.000000e+00 -1.727366e+01
    endloop
  endfacet
  facet normal -6.900574e-01 7.092461e-01 -1.441898e-01
    outer loop
      vertex   -4.950173e+00 4.000000e+00 -1.727366e+01
      vertex   -5.342031e+00 3.500000e+00 -1.785774e+01
      vertex   -5.491891e+00 3.500000e+00 -1.714054e+01
    endloop
  endfacet
  facet normal -6.904804e-01 7.050663e-01 -1.616114e-01
    outer loop
      vertex   -4.950173e+00 4.000000e+00 -1.727366e+01
      vertex   -5.491891e+00 3.500000e+00 -1.714054e+01
      vertex   -5.111904e+00 4.000000e+00 -1.658266e+01
    endloop
  endfacet
  facet normal -6.840259e-01 7.093983e-01 -1.698902e-01
    outer loop
      vertex   -5.111904e+00 4.000000e+00 -1.658266e+01
      vertex   -5.491891e+00 3.500000e+00 -1.714054e+01
      vertex   -5.668501e+00 3.500000e+00 -1.642946e+01
    endloop
  endfacet
  facet normal -6.844491e-01 7.049455e-01 -1.859604e-01
    outer loop
      vertex   -5.111904e+00 4.000000e+00 -1.658266e+01
      vertex   -5.668501e+00 3.500000e+00 -1.642946e+01
      vertex   -5.297972e+00 4.000000e+00 -1.589782e+01
    endloop
  endfacet
  facet normal -6.770966e-01 7.094895e-01 -1.953582e-01
    outer loop
      vertex   -5.297972e+00 4.000000e+00 -1.589782e+01
      vertex   -5.668501e+00 3.500000e+00 -1.642946e+01
      vertex   -5.871612e+00 3.500000e+00 -1.572550e+01
    endloop
  endfacet
  facet normal -6.775019e-01 7.048850e-01 -2.100671e-01
    outer loop
      vertex   -5.297972e+00 4.000000e+00 -1.589782e+01
      vertex   -5.871612e+00 3.500000e+00 -1.572550e+01
      vertex   -5.508142e+00 4.000000e+00 -1.521999e+01
    endloop
  endfacet
  facet normal -6.692778e-01 7.095199e-01 -2.205648e-01
    outer loop
      vertex   -5.508142e+00 4.000000e+00 -1.521999e+01
      vertex   -5.871612e+00 3.500000e+00 -1.572550e+01
      vertex   -6.100941e+00 3.500000e+00 -1.502963e+01
    endloop
  endfacet
  facet normal -6.696492e-01 7.048850e-01 -2.338953e-01
    outer loop
      vertex   -5.508142e+00 4.000000e+00 -1.521999e+01
      vertex   -6.100941e+00 3.500000e+00 -1.502963e+01
      vertex   -5.742152e+00 4.000000e+00 -1.455001e+01
    endloop
  endfacet
  facet normal -6.605783e-01 7.094895e-01 -2.454812e-01
    outer loop
      vertex   -5.742152e+00 4.000000e+00 -1.455001e+01
      vertex   -6.100941e+00 3.500000e+00 -1.502963e+01
      vertex   -6.356164e+00 3.500000e+00 -1.434283e+01
    endloop
  endfacet
  facet normal -6.609028e-01 7.049455e-01 -2.574090e-01
    outer loop
      vertex   -5.742152e+00 4.000000e+00 -1.455001e+01
      vertex   -6.356164e+00 3.500000e+00 -1.434283e+01
      vertex   -5.999708e+00 4.000000e+00 -1.388873e+01
    endloop
  endfacet
  facet normal -6.510081e-01 7.093983e-01 -2.700788e-01
    outer loop
      vertex   -5.999708e+00 4.000000e+00 -1.388873e+01
      vertex   -6.356164e+00 3.500000e+00 -1.434283e+01
      vertex   -6.636925e+00 3.500000e+00 -1.366607e+01
    endloop
  endfacet
  facet normal -6.512759e-01 7.050663e-01 -2.805730e-01
    outer loop
      vertex   -5.999708e+00 4.000000e+00 -1.388873e+01
      vertex   -6.636925e+00 3.500000e+00 -1.366607e+01
      vertex   -6.280490e+00 4.000000e+00 -1.323697e+01
    endloop
  endfacet
  facet normal -6.405779e-01 7.092461e-01 -2.943296e-01
    outer loop
      vertex   -6.280490e+00 4.000000e+00 -1.323697e+01
      vertex   -6.636925e+00 3.500000e+00 -1.366607e+01
      vertex   -6.942830e+00 3.500000e+00 -1.300030e+01
    endloop
  endfacet
  facet normal -6.407833e-01 7.052475e-01 -3.033525e-01
    outer loop
      vertex   -6.280490e+00 4.000000e+00 -1.323697e+01
      vertex   -6.942830e+00 3.500000e+00 -1.300030e+01
      vertex   -6.584146e+00 4.000000e+00 -1.259554e+01
    endloop
  endfacet
  facet normal -6.292991e-01 7.090330e-01 -3.182057e-01
    outer loop
      vertex   -6.584146e+00 4.000000e+00 -1.259554e+01
      vertex   -6.942830e+00 3.500000e+00 -1.300030e+01
      vertex   -7.273449e+00 3.500000e+00 -1.234646e+01
    endloop
  endfacet
  facet normal -6.294412e-01 7.054888e-01 -3.257134e-01
    outer loop
      vertex   -6.584146e+00 4.000000e+00 -1.259554e+01
      vertex   -7.273449e+00 3.500000e+00 -1.234646e+01
      vertex   -6.910295e+00 4.000000e+00 -1.196526e+01
    endloop
  endfacet
  facet normal -6.171841e-01 7.087587e-01 -3.416794e-01
    outer loop
      vertex   -6.910295e+00 4.000000e+00 -1.196526e+01
      vertex   -7.273449e+00 3.500000e+00 -1.234646e+01
      vertex   -7.628318e+00 3.500000e+00 -1.170545e+01
    endloop
  endfacet
  facet normal -6.172673e-01 7.057902e-01 -3.476223e-01
    outer loop
      vertex   -6.910295e+00 4.000000e+00 -1.196526e+01
      vertex   -7.628318e+00 3.500000e+00 -1.170545e+01
      vertex   -7.258530e+00 4.000000e+00 -1.134691e+01
    endloop
  endfacet
  facet normal -6.042461e-01 7.084230e-01 -3.647238e-01
    outer loop
      vertex   -7.258530e+00 4.000000e+00 -1.134691e+01
      vertex   -7.628318e+00 3.500000e+00 -1.170545e+01
      vertex   -8.006941e+00 3.500000e+00 -1.107817e+01
    endloop
  endfacet
  facet normal -6.042806e-01 7.061512e-01 -3.690467e-01
    outer loop
      vertex   -7.258530e+00 4.000000e+00 -1.134691e+01
      vertex   -8.006941e+00 3.500000e+00 -1.107817e+01
      vertex   -7.628414e+00 4.000000e+00 -1.074125e+01
    endloop
  endfacet
  facet normal -5.904990e-01 7.080257e-01 -3.873120e-01
    outer loop
      vertex   -7.628414e+00 4.000000e+00 -1.074125e+01
      vertex   -8.006941e+00 3.500000e+00 -1.107817e+01
      vertex   -8.408786e+00 3.500000e+00 -1.046552e+01
    endloop
  endfacet
  facet normal -5.905012e-01 7.065718e-01 -3.899547e-01
    outer loop
      vertex   -7.628414e+00 4.000000e+00 -1.074125e+01
      vertex   -8.408786e+00 3.500000e+00 -1.046552e+01
      vertex   -8.019486e+00 4.000000e+00 -1.014906e+01
    endloop
  endfacet
  facet normal -5.759575e-01 7.075664e-01 -4.094176e-01
    outer loop
      vertex   -8.019486e+00 4.000000e+00 -1.014906e+01
      vertex   -8.408786e+00 3.500000e+00 -1.046552e+01
      vertex   -8.833289e+00 3.500000e+00 -9.868338e+00
    endloop
  endfacet
  facet normal -5.759509e-01 7.070515e-01 -4.103155e-01
    outer loop
      vertex   -8.019486e+00 4.000000e+00 -1.014906e+01
      vertex   -8.833289e+00 3.500000e+00 -9.868338e+00
      vertex   -8.431257e+00 4.000000e+00 -9.571068e+00
    endloop
  endfacet
  facet normal -5.448600e-01 6.945878e-01 -4.697610e-01
    outer loop
      vertex   -8.648287e+00 4.006859e+00 -9.309199e+00
      vertex   -8.431257e+00 4.000000e+00 -9.571068e+00
      vertex   -8.846792e+00 3.757223e+00 -9.448073e+00
    endloop
  endfacet
  facet normal -5.460472e-01 7.066173e-01 -4.500273e-01
    outer loop
      vertex   -8.846792e+00 3.757223e+00 -9.448073e+00
      vertex   -8.431257e+00 4.000000e+00 -9.571068e+00
      vertex   -8.833289e+00 3.500000e+00 -9.868338e+00
    endloop
  endfacet
  facet normal -5.737131e-01 6.902587e-01 -4.409039e-01
    outer loop
      vertex   -8.846792e+00 3.757223e+00 -9.448073e+00
      vertex   -8.833289e+00 3.500000e+00 -9.868338e+00
      vertex   -8.965516e+00 3.502986e+00 -9.691607e+00
    endloop
  endfacet
  facet normal -5.511483e-01 6.969145e-01 -4.588527e-01
    outer loop
      vertex   -8.965516e+00 3.502986e+00 -9.691607e+00
      vertex   -9.111449e+00 3.512896e+00 -9.501270e+00
      vertex   -8.846792e+00 3.757223e+00 -9.448073e+00
    endloop
  endfacet
  facet normal -5.346834e-01 6.864742e-01 -4.928152e-01
    outer loop
      vertex   -8.846792e+00 3.757223e+00 -9.448073e+00
      vertex   -9.111449e+00 3.512896e+00 -9.501270e+00
      vertex   -9.065258e+00 3.778400e+00 -9.181546e+00
    endloop
  endfacet
  facet normal -5.382287e-01 6.818605e-01 -4.953546e-01
    outer loop
      vertex   -8.846792e+00 3.757223e+00 -9.448073e+00
      vertex   -9.065258e+00 3.778400e+00 -9.181546e+00
      vertex   -8.869711e+00 4.027041e+00 -9.051762e+00
    endloop
  endfacet
  facet normal -5.133632e-01 6.782089e-01 -5.258240e-01
    outer loop
      vertex   -8.869711e+00 4.027041e+00 -9.051762e+00
      vertex   -9.065258e+00 3.778400e+00 -9.181546e+00
      vertex   -9.286293e+00 3.812661e+00 -8.921560e+00
    endloop
  endfacet
  facet normal -5.121313e-01 6.650828e-01 -5.434947e-01
    outer loop
      vertex   -8.869711e+00 4.027041e+00 -9.051762e+00
      vertex   -9.286293e+00 3.812661e+00 -8.921560e+00
      vertex   -9.094290e+00 4.059803e+00 -8.800052e+00
    endloop
  endfacet
  facet normal -4.975188e-01 6.620773e-01 -5.604719e-01
    outer loop
      vertex   -9.094290e+00 4.059803e+00 -8.800052e+00
      vertex   -9.286293e+00 3.812661e+00 -8.921560e+00
      vertex   -9.512275e+00 3.859883e+00 -8.665178e+00
    endloop
  endfacet
  facet normal -4.963911e-01 6.485079e-01 -5.770905e-01
    outer loop
      vertex   -9.094290e+00 4.059803e+00 -8.800052e+00
      vertex   -9.512275e+00 3.859883e+00 -8.665178e+00
      vertex   -9.322367e+00 4.104644e+00 -8.553478e+00
    endloop
  endfacet
  facet normal -4.860733e-01 6.458281e-01 -5.887604e-01
    outer loop
      vertex   -9.322367e+00 4.104644e+00 -8.553478e+00
      vertex   -9.512275e+00 3.859883e+00 -8.665178e+00
      vertex   -9.664353e+00 3.898095e+00 -8.497709e+00
    endloop
  endfacet
  facet normal -4.806255e-01 6.314900e-01 -6.084567e-01
    outer loop
      vertex   -9.322367e+00 4.104644e+00 -8.553478e+00
      vertex   -9.664353e+00 3.898095e+00 -8.497709e+00
      vertex   -9.554226e+00 4.161215e+00 -8.311619e+00
    endloop
  endfacet
  facet normal -4.673663e-01 6.324735e-01 -6.176941e-01
    outer loop
      vertex   -9.554226e+00 4.161215e+00 -8.311619e+00
      vertex   -9.664353e+00 3.898095e+00 -8.497709e+00
      vertex   -9.973037e+00 3.990451e+00 -8.169583e+00
    endloop
  endfacet
  facet normal -4.662117e-01 6.123065e-01 -6.385353e-01
    outer loop
      vertex   -9.554226e+00 4.161215e+00 -8.311619e+00
      vertex   -9.973037e+00 3.990451e+00 -8.169583e+00
      vertex   -9.788959e+00 4.228981e+00 -8.075251e+00
    endloop
  endfacet
  facet normal -4.524231e-01 6.073830e-01 -6.529925e-01
    outer loop
      vertex   -9.788959e+00 4.228981e+00 -8.075251e+00
      vertex   -9.973037e+00 3.990451e+00 -8.169583e+00
      vertex   -1.020827e+01 4.073292e+00 -7.929548e+00
    endloop
  endfacet
  facet normal -4.517790e-01 5.929412e-01 -6.665706e-01
    outer loop
      vertex   -9.788959e+00 4.228981e+00 -8.075251e+00
      vertex   -1.020827e+01 4.073292e+00 -7.929548e+00
      vertex   -1.002736e+01 4.307956e+00 -7.843420e+00
    endloop
  endfacet
  facet normal -4.437637e-01 5.897567e-01 -6.747302e-01
    outer loop
      vertex   -1.002736e+01 4.307956e+00 -7.843420e+00
      vertex   -1.020827e+01 4.073292e+00 -7.929548e+00
      vertex   -1.032744e+01 4.119159e+00 -7.811082e+00
    endloop
  endfacet
  facet normal -4.362696e-01 5.748428e-01 -6.922605e-01
    outer loop
      vertex   -1.002736e+01 4.307956e+00 -7.843420e+00
      vertex   -1.032744e+01 4.119159e+00 -7.811082e+00
      vertex   -1.026905e+01 4.397899e+00 -7.616416e+00
    endloop
  endfacet
  facet normal -4.408121e-01 5.741711e-01 -6.899364e-01
    outer loop
      vertex   -1.026905e+01 4.397899e+00 -7.616416e+00
      vertex   -1.032744e+01 4.119159e+00 -7.811082e+00
      vertex   -1.044716e+01 4.167801e+00 -7.694107e+00
    endloop
  endfacet
  facet normal -4.243125e-01 5.668672e-01 -7.061307e-01
    outer loop
      vertex   -1.026905e+01 4.397899e+00 -7.616416e+00
      vertex   -1.044716e+01 4.167801e+00 -7.694107e+00
      vertex   -1.068678e+01 4.272657e+00 -7.465944e+00
    endloop
  endfacet
  facet normal -4.324529e-01 5.561106e-01 -7.097363e-01
    outer loop
      vertex   -1.068678e+01 4.272657e+00 -7.465944e+00
      vertex   -1.044716e+01 4.167801e+00 -7.694107e+00
      vertex   -1.086139e+01 4.047300e+00 -7.536132e+00
    endloop
  endfacet
  facet normal -4.186209e-01 5.495333e-01 -7.230281e-01
    outer loop
      vertex   -1.068678e+01 4.272657e+00 -7.465944e+00
      vertex   -1.086139e+01 4.047300e+00 -7.536132e+00
      vertex   -1.109996e+01 4.168408e+00 -7.305953e+00
    endloop
  endfacet
  facet normal -5.438303e-01 6.825503e-01 -4.882353e-01
    outer loop
      vertex   -9.111449e+00 3.512896e+00 -9.501270e+00
      vertex   -9.260817e+00 3.529745e+00 -9.311338e+00
      vertex   -9.065258e+00 3.778400e+00 -9.181546e+00
    endloop
  endfacet
  facet normal -5.227403e-01 6.796962e-01 -5.145441e-01
    outer loop
      vertex   -9.065258e+00 3.778400e+00 -9.181546e+00
      vertex   -9.260817e+00 3.529745e+00 -9.311338e+00
      vertex   -9.478328e+00 3.565496e+00 -9.043136e+00
    endloop
  endfacet
  facet normal -5.219423e-01 6.670307e-01 -5.316448e-01
    outer loop
      vertex   -9.065258e+00 3.778400e+00 -9.181546e+00
      vertex   -9.478328e+00 3.565496e+00 -9.043136e+00
      vertex   -9.286293e+00 3.812661e+00 -8.921560e+00
    endloop
  endfacet
  facet normal -5.066883e-01 6.640941e-01 -5.497690e-01
    outer loop
      vertex   -9.286293e+00 3.812661e+00 -8.921560e+00
      vertex   -9.478328e+00 3.565496e+00 -9.043136e+00
      vertex   -9.702193e+00 3.615108e+00 -8.776884e+00
    endloop
  endfacet
  facet normal -5.060362e-01 6.508936e-01 -5.659194e-01
    outer loop
      vertex   -9.286293e+00 3.812661e+00 -8.921560e+00
      vertex   -9.702193e+00 3.615108e+00 -8.776884e+00
      vertex   -9.512275e+00 3.859883e+00 -8.665178e+00
    endloop
  endfacet
  facet normal -4.860732e-01 6.458283e-01 -5.887603e-01
    outer loop
      vertex   -9.512275e+00 3.859883e+00 -8.665178e+00
      vertex   -9.702193e+00 3.615108e+00 -8.776884e+00
      vertex   -9.664353e+00 3.898095e+00 -8.497709e+00
    endloop
  endfacet
  facet normal -4.942905e-01 6.431054e-01 -5.848865e-01
    outer loop
      vertex   -9.702193e+00 3.615108e+00 -8.776884e+00
      vertex   -9.927035e+00 3.676971e+00 -8.518849e+00
      vertex   -9.664353e+00 3.898095e+00 -8.497709e+00
    endloop
  endfacet
  facet normal -4.744922e-01 6.231117e-01 -6.217627e-01
    outer loop
      vertex   -9.664353e+00 3.898095e+00 -8.497709e+00
      vertex   -9.927035e+00 3.676971e+00 -8.518849e+00
      vertex   -9.973037e+00 3.990451e+00 -8.169583e+00
    endloop
  endfacet
  facet normal -4.842348e-01 6.184697e-01 -6.188795e-01
    outer loop
      vertex   -9.927035e+00 3.676971e+00 -8.518849e+00
      vertex   -1.015714e+01 3.751894e+00 -8.263931e+00
      vertex   -9.973037e+00 3.990451e+00 -8.169583e+00
    endloop
  endfacet
  facet normal -4.609146e-01 6.104576e-01 -6.441267e-01
    outer loop
      vertex   -9.973037e+00 3.990451e+00 -8.169583e+00
      vertex   -1.015714e+01 3.751894e+00 -8.263931e+00
      vertex   -1.038921e+01 3.838599e+00 -8.015702e+00
    endloop
  endfacet
  facet normal -4.606704e-01 5.964407e-01 -6.572985e-01
    outer loop
      vertex   -9.973037e+00 3.990451e+00 -8.169583e+00
      vertex   -1.038921e+01 3.838599e+00 -8.015702e+00
      vertex   -1.020827e+01 4.073292e+00 -7.929548e+00
    endloop
  endfacet
  facet normal -4.463514e-01 5.908280e-01 -6.720809e-01
    outer loop
      vertex   -1.020827e+01 4.073292e+00 -7.929548e+00
      vertex   -1.038921e+01 3.838599e+00 -8.015702e+00
      vertex   -1.062529e+01 3.937689e+00 -7.771803e+00
    endloop
  endfacet
  facet normal -4.463699e-01 5.863071e-01 -6.760162e-01
    outer loop
      vertex   -1.020827e+01 4.073292e+00 -7.929548e+00
      vertex   -1.062529e+01 3.937689e+00 -7.771803e+00
      vertex   -1.032744e+01 4.119159e+00 -7.811082e+00
    endloop
  endfacet
  facet normal -4.408118e-01 5.741715e-01 -6.899362e-01
    outer loop
      vertex   -1.032744e+01 4.119159e+00 -7.811082e+00
      vertex   -1.062529e+01 3.937689e+00 -7.771803e+00
      vertex   -1.044716e+01 4.167801e+00 -7.694107e+00
    endloop
  endfacet
  facet normal -4.322881e-01 5.704261e-01 -6.983846e-01
    outer loop
      vertex   -1.062529e+01 3.937689e+00 -7.771803e+00
      vertex   -1.086139e+01 4.047300e+00 -7.536132e+00
      vertex   -1.044716e+01 4.167801e+00 -7.694107e+00
    endloop
  endfacet
  facet normal -4.190455e-01 5.351290e-01 -7.335106e-01
    outer loop
      vertex   -1.068678e+01 4.272657e+00 -7.465944e+00
      vertex   -1.109996e+01 4.168408e+00 -7.305953e+00
      vertex   -1.092791e+01 4.388032e+00 -7.244021e+00
    endloop
  endfacet
  facet normal -4.054792e-01 5.280641e-01 -7.461467e-01
    outer loop
      vertex   -1.092791e+01 4.388032e+00 -7.244021e+00
      vertex   -1.109996e+01 4.168408e+00 -7.305953e+00
      vertex   -1.133776e+01 4.299273e+00 -7.084111e+00
    endloop
  endfacet
  facet normal -4.061192e-01 5.137343e-01 -7.557409e-01
    outer loop
      vertex   -1.092791e+01 4.388032e+00 -7.244021e+00
      vertex   -1.133776e+01 4.299273e+00 -7.084111e+00
      vertex   -1.116876e+01 4.512959e+00 -7.029669e+00
    endloop
  endfacet
  facet normal -3.927600e-01 5.062330e-01 -7.677680e-01
    outer loop
      vertex   -1.116876e+01 4.512959e+00 -7.029669e+00
      vertex   -1.133776e+01 4.299273e+00 -7.084111e+00
      vertex   -1.157623e+01 4.440654e+00 -6.868899e+00
    endloop
  endfacet
  facet normal -3.936848e-01 4.919143e-01 -7.765517e-01
    outer loop
      vertex   -1.116876e+01 4.512959e+00 -7.029669e+00
      vertex   -1.157623e+01 4.440654e+00 -6.868899e+00
      vertex   -1.141026e+01 4.647903e+00 -6.821757e+00
    endloop
  endfacet
  facet normal -3.737381e-01 4.798553e-01 -7.937624e-01
    outer loop
      vertex   -1.141026e+01 4.647903e+00 -6.821757e+00
      vertex   -1.157623e+01 4.440654e+00 -6.868899e+00
      vertex   -1.165200e+01 4.792766e+00 -6.620361e+00
    endloop
  endfacet
  facet normal -3.817125e-01 4.697070e-01 -7.960345e-01
    outer loop
      vertex   -1.141026e+01 4.647903e+00 -6.821757e+00
      vertex   -1.165200e+01 4.792766e+00 -6.620361e+00
      vertex   -1.148892e+01 4.993022e+00 -6.580395e+00
    endloop
  endfacet
  facet normal -3.555500e-01 4.527252e-01 -8.176944e-01
    outer loop
      vertex   -1.148892e+01 4.993022e+00 -6.580395e+00
      vertex   -1.165200e+01 4.792766e+00 -6.620361e+00
      vertex   -1.173319e+01 5.140223e+00 -6.392685e+00
    endloop
  endfacet
  facet normal -3.702022e-01 4.470736e-01 -8.142945e-01
    outer loop
      vertex   -1.173319e+01 5.140223e+00 -6.392685e+00
      vertex   -1.165200e+01 4.792766e+00 -6.620361e+00
      vertex   -1.189305e+01 4.947244e+00 -6.425958e+00
    endloop
  endfacet
  facet normal -3.559075e-01 4.372374e-01 -8.259257e-01
    outer loop
      vertex   -1.173319e+01 5.140223e+00 -6.392685e+00
      vertex   -1.189305e+01 4.947244e+00 -6.425958e+00
      vertex   -1.201363e+01 5.028390e+00 -6.331039e+00
    endloop
  endfacet
  facet normal -3.558959e-01 4.372517e-01 -8.259232e-01
    outer loop
      vertex   -1.201363e+01 5.028390e+00 -6.331039e+00
      vertex   -1.189305e+01 4.947244e+00 -6.425958e+00
      vertex   -1.205293e+01 4.754249e+00 -6.459238e+00
    endloop
  endfacet
  facet normal -3.579661e-01 4.371540e-01 -8.250797e-01
    outer loop
      vertex   -1.201363e+01 5.028390e+00 -6.331039e+00
      vertex   -1.205293e+01 4.754249e+00 -6.459238e+00
      vertex   -1.229260e+01 4.928251e+00 -6.263063e+00
    endloop
  endfacet
  facet normal -3.885639e-01 4.740826e-01 -7.901037e-01
    outer loop
      vertex   -1.157623e+01 4.440654e+00 -6.868899e+00
      vertex   -1.181507e+01 4.592515e+00 -6.660320e+00
      vertex   -1.165200e+01 4.792766e+00 -6.620361e+00
    endloop
  endfacet
  facet normal -3.622191e-01 4.570653e-01 -8.123353e-01
    outer loop
      vertex   -1.165200e+01 4.792766e+00 -6.620361e+00
      vertex   -1.181507e+01 4.592515e+00 -6.660320e+00
      vertex   -1.189305e+01 4.947244e+00 -6.425958e+00
    endloop
  endfacet
  facet normal -3.767195e-01 4.515522e-01 -8.088158e-01
    outer loop
      vertex   -1.181507e+01 4.592515e+00 -6.660320e+00
      vertex   -1.205293e+01 4.754249e+00 -6.459238e+00
      vertex   -1.189305e+01 4.947244e+00 -6.425958e+00
    endloop
  endfacet
  facet normal -3.468888e-01 4.135958e-01 -8.417878e-01
    outer loop
      vertex   -1.252835e+01 5.110913e+00 -6.076168e+00
      vertex   -1.225442e+01 5.198557e+00 -6.145989e+00
      vertex   -1.229260e+01 4.928251e+00 -6.263063e+00
    endloop
  endfacet
  facet normal -3.451154e-01 4.136494e-01 -8.424901e-01
    outer loop
      vertex   -1.229260e+01 4.928251e+00 -6.263063e+00
      vertex   -1.225442e+01 5.198557e+00 -6.145989e+00
      vertex   -1.213523e+01 5.112944e+00 -6.236845e+00
    endloop
  endfacet
  facet normal -3.544680e-01 4.205759e-01 -8.351457e-01
    outer loop
      vertex   -1.229260e+01 4.928251e+00 -6.263063e+00
      vertex   -1.213523e+01 5.112944e+00 -6.236845e+00
      vertex   -1.201363e+01 5.028390e+00 -6.331039e+00
    endloop
  endfacet
  facet normal -3.544563e-01 4.205903e-01 -8.351434e-01
    outer loop
      vertex   -1.201363e+01 5.028390e+00 -6.331039e+00
      vertex   -1.213523e+01 5.112944e+00 -6.236845e+00
      vertex   -1.197787e+01 5.297661e+00 -6.210609e+00
    endloop
  endfacet
  facet normal -3.515984e-01 4.207212e-01 -8.362848e-01
    outer loop
      vertex   -1.201363e+01 5.028390e+00 -6.331039e+00
      vertex   -1.197787e+01 5.297661e+00 -6.210609e+00
      vertex   -1.173319e+01 5.140223e+00 -6.392685e+00
    endloop
  endfacet
  facet normal -3.439162e-01 3.970120e-01 -8.509425e-01
    outer loop
      vertex   -1.252835e+01 5.110913e+00 -6.076168e+00
      vertex   -1.222075e+01 5.464466e+00 -6.035534e+00
      vertex   -1.225442e+01 5.198557e+00 -6.145989e+00
    endloop
  endfacet
  facet normal -3.413713e-01 3.970985e-01 -8.519263e-01
    outer loop
      vertex   -1.225442e+01 5.198557e+00 -6.145989e+00
      vertex   -1.222075e+01 5.464466e+00 -6.035534e+00
      vertex   -1.197787e+01 5.297661e+00 -6.210609e+00
    endloop
  endfacet
  facet normal -3.451026e-01 4.136648e-01 -8.424878e-01
    outer loop
      vertex   -1.225442e+01 5.198557e+00 -6.145989e+00
      vertex   -1.197787e+01 5.297661e+00 -6.210609e+00
      vertex   -1.213523e+01 5.112944e+00 -6.236845e+00
    endloop
  endfacet
  facet normal -3.667668e-01 4.755825e-01 -7.995645e-01
    outer loop
      vertex   -1.148892e+01 4.993022e+00 -6.580395e+00
      vertex   -1.124430e+01 4.855139e+00 -6.774619e+00
      vertex   -1.141026e+01 4.647903e+00 -6.821757e+00
    endloop
  endfacet
  facet normal -3.862791e-01 4.874535e-01 -7.830566e-01
    outer loop
      vertex   -1.141026e+01 4.647903e+00 -6.821757e+00
      vertex   -1.124430e+01 4.855139e+00 -6.774619e+00
      vertex   -1.099978e+01 4.726634e+00 -6.975236e+00
    endloop
  endfacet
  facet normal -3.857085e-01 5.022028e-01 -7.739647e-01
    outer loop
      vertex   -1.141026e+01 4.647903e+00 -6.821757e+00
      vertex   -1.099978e+01 4.726634e+00 -6.975236e+00
      vertex   -1.116876e+01 4.512959e+00 -7.029669e+00
    endloop
  endfacet
  facet normal -3.983885e-01 5.093793e-01 -7.627708e-01
    outer loop
      vertex   -1.116876e+01 4.512959e+00 -7.029669e+00
      vertex   -1.099978e+01 4.726634e+00 -6.975236e+00
      vertex   -1.075586e+01 4.607643e+00 -7.182093e+00
    endloop
  endfacet
  facet normal -3.981106e-01 5.241749e-01 -7.528271e-01
    outer loop
      vertex   -1.116876e+01 4.512959e+00 -7.029669e+00
      vertex   -1.075586e+01 4.607643e+00 -7.182093e+00
      vertex   -1.092791e+01 4.388032e+00 -7.244021e+00
    endloop
  endfacet
  facet normal -4.109875e-01 5.309473e-01 -7.410696e-01
    outer loop
      vertex   -1.092791e+01 4.388032e+00 -7.244021e+00
      vertex   -1.075586e+01 4.607643e+00 -7.182093e+00
      vertex   -1.051220e+01 4.497979e+00 -7.395795e+00
    endloop
  endfacet
  facet normal -4.109543e-01 5.457617e-01 -7.302470e-01
    outer loop
      vertex   -1.092791e+01 4.388032e+00 -7.244021e+00
      vertex   -1.051220e+01 4.497979e+00 -7.395795e+00
      vertex   -1.068678e+01 4.272657e+00 -7.465944e+00
    endloop
  endfacet
  facet normal -4.241087e-01 5.520970e-01 -7.178584e-01
    outer loop
      vertex   -1.068678e+01 4.272657e+00 -7.465944e+00
      vertex   -1.051220e+01 4.497979e+00 -7.395795e+00
      vertex   -1.026905e+01 4.397899e+00 -7.616416e+00
    endloop
  endfacet
  facet normal -5.196091e-01 6.919806e-01 -5.011678e-01
    outer loop
      vertex   -8.869711e+00 4.027041e+00 -9.051762e+00
      vertex   -8.648287e+00 4.006859e+00 -9.309199e+00
      vertex   -8.846792e+00 3.757223e+00 -9.448073e+00
    endloop
  endfacet
  facet normal -2.028914e-01 3.819250e-01 -9.016476e-01
    outer loop
      vertex   -1.749143e+01 7.999998e+00 -3.259077e+00
      vertex   -1.697349e+01 8.000000e+00 -3.375625e+00
      vertex   -1.717280e+01 7.869988e+00 -3.385847e+00
    endloop
  endfacet
  facet normal -2.081290e-01 3.896012e-01 -8.971584e-01
    outer loop
      vertex   -1.717280e+01 7.869988e+00 -3.385847e+00
      vertex   -1.697349e+01 8.000000e+00 -3.375625e+00
      vertex   -1.685821e+01 7.735064e+00 -3.517419e+00
    endloop
  endfacet
  facet normal -2.120214e-01 3.878304e-01 -8.970142e-01
    outer loop
      vertex   -1.685821e+01 7.735064e+00 -3.517419e+00
      vertex   -1.697349e+01 8.000000e+00 -3.375625e+00
      vertex   -1.679667e+01 7.927785e+00 -3.448642e+00
    endloop
  endfacet
  facet normal -2.183544e-01 3.891119e-01 -8.949376e-01
    outer loop
      vertex   -1.685821e+01 7.735064e+00 -3.517419e+00
      vertex   -1.679667e+01 7.927785e+00 -3.448642e+00
      vertex   -1.649759e+01 7.795769e+00 -3.579013e+00
    endloop
  endfacet
  facet normal -2.184351e-01 3.889704e-01 -8.949794e-01
    outer loop
      vertex   -1.649759e+01 7.795769e+00 -3.579013e+00
      vertex   -1.679667e+01 7.927785e+00 -3.448642e+00
      vertex   -1.645764e+01 7.999997e+00 -3.500004e+00
    endloop
  endfacet
  facet normal -2.268874e-01 3.896883e-01 -8.925610e-01
    outer loop
      vertex   -1.649759e+01 7.795769e+00 -3.579013e+00
      vertex   -1.645764e+01 7.999997e+00 -3.500004e+00
      vertex   -1.620070e+01 7.658787e+00 -3.714289e+00
    endloop
  endfacet
  facet normal -2.344928e-01 3.842164e-01 -8.929674e-01
    outer loop
      vertex   -1.620070e+01 7.658787e+00 -3.714289e+00
      vertex   -1.645764e+01 7.999997e+00 -3.500004e+00
      vertex   -1.587526e+01 7.731566e+00 -3.768434e+00
    endloop
  endfacet
  facet normal -2.353772e-01 3.903155e-01 -8.900850e-01
    outer loop
      vertex   -1.620070e+01 7.658787e+00 -3.714289e+00
      vertex   -1.587526e+01 7.731566e+00 -3.768434e+00
      vertex   -1.590607e+01 7.516877e+00 -3.854430e+00
    endloop
  endfacet
  facet normal -2.440870e-01 3.905783e-01 -8.876205e-01
    outer loop
      vertex   -1.590607e+01 7.516877e+00 -3.854430e+00
      vertex   -1.587526e+01 7.731566e+00 -3.768434e+00
      vertex   -1.561379e+01 7.370078e+00 -3.999400e+00
    endloop
  endfacet
  facet normal -2.448955e-01 3.893023e-01 -8.879583e-01
    outer loop
      vertex   -1.590607e+01 7.516877e+00 -3.854430e+00
      vertex   -1.561379e+01 7.370078e+00 -3.999400e+00
      vertex   -1.589926e+01 7.281851e+00 -3.959349e+00
    endloop
  endfacet
  facet normal -2.454586e-01 3.916675e-01 -8.867619e-01
    outer loop
      vertex   -1.589926e+01 7.281851e+00 -3.959349e+00
      vertex   -1.561379e+01 7.370078e+00 -3.999400e+00
      vertex   -1.556277e+01 7.107215e+00 -4.129624e+00
    endloop
  endfacet
  facet normal -2.537486e-01 3.893974e-01 -8.854272e-01
    outer loop
      vertex   -1.556277e+01 7.107215e+00 -4.129624e+00
      vertex   -1.561379e+01 7.370078e+00 -3.999400e+00
      vertex   -1.532393e+01 7.218426e+00 -4.149162e+00
    endloop
  endfacet
  facet normal -2.550979e-01 3.926133e-01 -8.836175e-01
    outer loop
      vertex   -1.556277e+01 7.107215e+00 -4.129624e+00
      vertex   -1.532393e+01 7.218426e+00 -4.149162e+00
      vertex   -1.523188e+01 6.927213e+00 -4.305132e+00
    endloop
  endfacet
  facet normal -2.623952e-01 3.898233e-01 -8.827154e-01
    outer loop
      vertex   -1.523188e+01 6.927213e+00 -4.305132e+00
      vertex   -1.532393e+01 7.218426e+00 -4.149162e+00
      vertex   -1.503658e+01 7.061962e+00 -4.303677e+00
    endloop
  endfacet
  facet normal -2.648222e-01 3.933161e-01 -8.804383e-01
    outer loop
      vertex   -1.523188e+01 6.927213e+00 -4.305132e+00
      vertex   -1.503658e+01 7.061962e+00 -4.303677e+00
      vertex   -1.490662e+01 6.742046e+00 -4.485683e+00
    endloop
  endfacet
  facet normal -2.723236e-01 3.898450e-01 -8.796936e-01
    outer loop
      vertex   -1.490662e+01 6.742046e+00 -4.485683e+00
      vertex   -1.503658e+01 7.061962e+00 -4.303677e+00
      vertex   -1.468887e+01 6.864231e+00 -4.498943e+00
    endloop
  endfacet
  facet normal -2.744472e-01 3.938974e-01 -8.772249e-01
    outer loop
      vertex   -1.490662e+01 6.742046e+00 -4.485683e+00
      vertex   -1.468887e+01 6.864231e+00 -4.498943e+00
      vertex   -1.459386e+01 6.556050e+00 -4.667051e+00
    endloop
  endfacet
  facet normal -2.826349e-01 3.907277e-01 -8.760419e-01
    outer loop
      vertex   -1.459386e+01 6.556050e+00 -4.667051e+00
      vertex   -1.468887e+01 6.864231e+00 -4.498943e+00
      vertex   -1.434573e+01 6.659797e+00 -4.700830e+00
    endloop
  endfacet
  facet normal -2.839077e-01 3.944495e-01 -8.739600e-01
    outer loop
      vertex   -1.459386e+01 6.556050e+00 -4.667051e+00
      vertex   -1.434573e+01 6.659797e+00 -4.700830e+00
      vertex   -1.428656e+01 6.365465e+00 -4.852896e+00
    endloop
  endfacet
  facet normal -2.928114e-01 3.917647e-01 -8.722281e-01
    outer loop
      vertex   -1.428656e+01 6.365465e+00 -4.852896e+00
      vertex   -1.434573e+01 6.659797e+00 -4.700830e+00
      vertex   -1.400559e+01 6.447706e+00 -4.910279e+00
    endloop
  endfacet
  facet normal -2.933949e-01 3.948743e-01 -8.706283e-01
    outer loop
      vertex   -1.428656e+01 6.365465e+00 -4.852896e+00
      vertex   -1.400559e+01 6.447706e+00 -4.910279e+00
      vertex   -1.398473e+01 6.170443e+00 -5.043063e+00
    endloop
  endfacet
  facet normal -3.027939e-01 3.930250e-01 -8.682437e-01
    outer loop
      vertex   -1.398473e+01 6.170443e+00 -5.043063e+00
      vertex   -1.400559e+01 6.447706e+00 -4.910279e+00
      vertex   -1.367030e+01 6.229089e+00 -5.126172e+00
    endloop
  endfacet
  facet normal -3.029240e-01 3.951623e-01 -8.672277e-01
    outer loop
      vertex   -1.398473e+01 6.170443e+00 -5.043063e+00
      vertex   -1.367030e+01 6.229089e+00 -5.126172e+00
      vertex   -1.368836e+01 5.971140e+00 -5.237399e+00
    endloop
  endfacet
  facet normal -3.125673e-01 3.944913e-01 -8.641055e-01
    outer loop
      vertex   -1.368836e+01 5.971140e+00 -5.237399e+00
      vertex   -1.367030e+01 6.229089e+00 -5.126172e+00
      vertex   -1.333941e+01 6.003688e+00 -5.348763e+00
    endloop
  endfacet
  facet normal -3.125218e-01 3.954554e-01 -8.636812e-01
    outer loop
      vertex   -1.368836e+01 5.971140e+00 -5.237399e+00
      vertex   -1.333941e+01 6.003688e+00 -5.348763e+00
      vertex   -1.338969e+01 5.762164e+00 -5.441158e+00
    endloop
  endfacet
  facet normal -3.222556e-01 3.960124e-01 -8.598404e-01
    outer loop
      vertex   -1.338969e+01 5.762164e+00 -5.441158e+00
      vertex   -1.333941e+01 6.003688e+00 -5.348763e+00
      vertex   -1.301307e+01 5.771593e+00 -5.577966e+00
    endloop
  endfacet
  facet normal -3.223036e-01 3.956285e-01 -8.599991e-01
    outer loop
      vertex   -1.338969e+01 5.762164e+00 -5.441158e+00
      vertex   -1.301307e+01 5.771593e+00 -5.577966e+00
      vertex   -1.309680e+01 5.549022e+00 -5.648977e+00
    endloop
  endfacet
  facet normal -3.317469e-01 3.977233e-01 -8.554298e-01
    outer loop
      vertex   -1.309680e+01 5.549022e+00 -5.648977e+00
      vertex   -1.301307e+01 5.771593e+00 -5.577966e+00
      vertex   -1.269141e+01 5.532893e+00 -5.813692e+00
    endloop
  endfacet
  facet normal -3.321499e-01 3.956780e-01 -8.562216e-01
    outer loop
      vertex   -1.309680e+01 5.549022e+00 -5.648977e+00
      vertex   -1.269141e+01 5.532893e+00 -5.813692e+00
      vertex   -1.280969e+01 5.331882e+00 -5.860699e+00
    endloop
  endfacet
  facet normal -3.392293e-01 3.988482e-01 -8.519646e-01
    outer loop
      vertex   -1.280969e+01 5.331882e+00 -5.860699e+00
      vertex   -1.269141e+01 5.532893e+00 -5.813692e+00
      vertex   -1.252835e+01 5.110913e+00 -6.076168e+00
    endloop
  endfacet
  facet normal -3.435452e-01 3.967220e-01 -8.512275e-01
    outer loop
      vertex   -1.252835e+01 5.110913e+00 -6.076168e+00
      vertex   -1.269141e+01 5.532893e+00 -5.813692e+00
      vertex   -1.222075e+01 5.464466e+00 -6.035534e+00
    endloop
  endfacet
  facet normal -3.433838e-01 3.972480e-01 -8.510473e-01
    outer loop
      vertex   -1.222075e+01 5.464466e+00 -6.035534e+00
      vertex   -1.269141e+01 5.532893e+00 -5.813692e+00
      vertex   -1.269638e+01 5.824365e+00 -5.675635e+00
    endloop
  endfacet
  facet normal -3.303028e-01 3.994339e-01 -8.551916e-01
    outer loop
      vertex   -1.269638e+01 5.824365e+00 -5.675635e+00
      vertex   -1.269141e+01 5.532893e+00 -5.813692e+00
      vertex   -1.301307e+01 5.771593e+00 -5.577966e+00
    endloop
  endfacet
  facet normal -3.301745e-01 3.934281e-01 -8.580205e-01
    outer loop
      vertex   -1.269638e+01 5.824365e+00 -5.675635e+00
      vertex   -1.301307e+01 5.771593e+00 -5.577966e+00
      vertex   -1.318783e+01 6.173629e+00 -5.326371e+00
    endloop
  endfacet
  facet normal -3.200435e-01 3.987081e-01 -8.594207e-01
    outer loop
      vertex   -1.318783e+01 6.173629e+00 -5.326371e+00
      vertex   -1.301307e+01 5.771593e+00 -5.577966e+00
      vertex   -1.333941e+01 6.003688e+00 -5.348763e+00
    endloop
  endfacet
  facet normal -3.134093e-01 3.934313e-01 -8.642838e-01
    outer loop
      vertex   -1.318783e+01 6.173629e+00 -5.326371e+00
      vertex   -1.333941e+01 6.003688e+00 -5.348763e+00
      vertex   -1.367030e+01 6.229089e+00 -5.126172e+00
    endloop
  endfacet
  facet normal -2.169484e-01 3.785705e-01 -8.997876e-01
    outer loop
      vertex   -1.697349e+01 8.000000e+00 -3.375625e+00
      vertex   -1.645764e+01 7.999997e+00 -3.500004e+00
      vertex   -1.679667e+01 7.927785e+00 -3.448642e+00
    endloop
  endfacet
  facet normal -2.511221e-01 3.856209e-01 -8.878256e-01
    outer loop
      vertex   -1.587526e+01 7.731566e+00 -3.768434e+00
      vertex   -1.530771e+01 7.447768e+00 -4.052232e+00
      vertex   -1.561379e+01 7.370078e+00 -3.999400e+00
    endloop
  endfacet
  facet normal -2.521723e-01 3.918056e-01 -8.848149e-01
    outer loop
      vertex   -1.561379e+01 7.370078e+00 -3.999400e+00
      vertex   -1.530771e+01 7.447768e+00 -4.052232e+00
      vertex   -1.532393e+01 7.218426e+00 -4.149162e+00
    endloop
  endfacet
  facet normal -2.613284e-01 3.914043e-01 -8.823322e-01
    outer loop
      vertex   -1.532393e+01 7.218426e+00 -4.149162e+00
      vertex   -1.530771e+01 7.447768e+00 -4.052232e+00
      vertex   -1.503658e+01 7.061962e+00 -4.303677e+00
    endloop
  endfacet
  facet normal -2.674456e-01 3.871376e-01 -8.823816e-01
    outer loop
      vertex   -1.503658e+01 7.061962e+00 -4.303677e+00
      vertex   -1.530771e+01 7.447768e+00 -4.052232e+00
      vertex   -1.475504e+01 7.149314e+00 -4.350686e+00
    endloop
  endfacet
  facet normal -2.690934e-01 3.944702e-01 -8.786251e-01
    outer loop
      vertex   -1.503658e+01 7.061962e+00 -4.303677e+00
      vertex   -1.475504e+01 7.149314e+00 -4.350686e+00
      vertex   -1.468887e+01 6.864231e+00 -4.498943e+00
    endloop
  endfacet
  facet normal -2.824559e-01 3.901818e-01 -8.763429e-01
    outer loop
      vertex   -1.468887e+01 6.864231e+00 -4.498943e+00
      vertex   -1.475504e+01 7.149314e+00 -4.350686e+00
      vertex   -1.421737e+01 6.836932e+00 -4.663068e+00
    endloop
  endfacet
  facet normal -2.822487e-01 3.912630e-01 -8.759275e-01
    outer loop
      vertex   -1.468887e+01 6.864231e+00 -4.498943e+00
      vertex   -1.421737e+01 6.836932e+00 -4.663068e+00
      vertex   -1.434573e+01 6.659797e+00 -4.700830e+00
    endloop
  endfacet
  facet normal -2.898088e-01 3.957800e-01 -8.714178e-01
    outer loop
      vertex   -1.434573e+01 6.659797e+00 -4.700830e+00
      vertex   -1.421737e+01 6.836932e+00 -4.663068e+00
      vertex   -1.400559e+01 6.447706e+00 -4.910279e+00
    endloop
  endfacet
  facet normal -2.994282e-01 3.901054e-01 -8.707241e-01
    outer loop
      vertex   -1.421737e+01 6.836932e+00 -4.663068e+00
      vertex   -1.369490e+01 6.511427e+00 -4.988573e+00
      vertex   -1.400559e+01 6.447706e+00 -4.910279e+00
    endloop
  endfacet
  facet normal -2.999781e-01 3.966711e-01 -8.675628e-01
    outer loop
      vertex   -1.400559e+01 6.447706e+00 -4.910279e+00
      vertex   -1.369490e+01 6.511427e+00 -4.988573e+00
      vertex   -1.367030e+01 6.229089e+00 -5.126172e+00
    endloop
  endfacet
  facet normal -3.133012e-01 3.938404e-01 -8.641366e-01
    outer loop
      vertex   -1.369490e+01 6.511427e+00 -4.988573e+00
      vertex   -1.318783e+01 6.173629e+00 -5.326371e+00
      vertex   -1.367030e+01 6.229089e+00 -5.126172e+00
    endloop
  endfacet
  facet normal -2.359159e-01 3.904265e-01 -8.898937e-01
    outer loop
      vertex   -1.589926e+01 7.281851e+00 -3.959349e+00
      vertex   -1.624129e+01 7.450918e+00 -3.794499e+00
      vertex   -1.590607e+01 7.516877e+00 -3.854430e+00
    endloop
  endfacet
  facet normal -2.358214e-01 3.895906e-01 -8.902850e-01
    outer loop
      vertex   -1.590607e+01 7.516877e+00 -3.854430e+00
      vertex   -1.624129e+01 7.450918e+00 -3.794499e+00
      vertex   -1.620070e+01 7.658787e+00 -3.714289e+00
    endloop
  endfacet
  facet normal -2.270678e-01 3.888779e-01 -8.928685e-01
    outer loop
      vertex   -1.624129e+01 7.450918e+00 -3.794499e+00
      vertex   -1.654771e+01 7.595335e+00 -3.653675e+00
      vertex   -1.620070e+01 7.658787e+00 -3.714289e+00
    endloop
  endfacet
  facet normal -2.271118e-01 3.893089e-01 -8.926695e-01
    outer loop
      vertex   -1.620070e+01 7.658787e+00 -3.714289e+00
      vertex   -1.654771e+01 7.595335e+00 -3.653675e+00
      vertex   -1.649759e+01 7.795769e+00 -3.579013e+00
    endloop
  endfacet
  facet normal -2.182640e-01 3.881114e-01 -8.953940e-01
    outer loop
      vertex   -1.654771e+01 7.595335e+00 -3.653675e+00
      vertex   -1.685821e+01 7.735064e+00 -3.517419e+00
      vertex   -1.649759e+01 7.795769e+00 -3.579013e+00
    endloop
  endfacet
  facet normal 1.770964e-01 -7.057770e-01 -6.859415e-01
    outer loop
      vertex   1.990000e+01 0.000000e+00 -1.985541e+00
      vertex   1.919846e+01 0.000000e+00 -2.166664e+00
      vertex   1.990000e+01 5.000000e-01 -2.500000e+00
    endloop
  endfacet
  facet normal 1.808682e-01 -7.085204e-01 -6.821184e-01
    outer loop
      vertex   1.990000e+01 5.000000e-01 -2.500000e+00
      vertex   1.919846e+01 0.000000e+00 -2.166664e+00
      vertex   1.920136e+01 5.000000e-01 -2.685250e+00
    endloop
  endfacet
  facet normal 2.017850e-01 -7.056433e-01 -6.792277e-01
    outer loop
      vertex   1.920136e+01 5.000000e-01 -2.685250e+00
      vertex   1.919846e+01 0.000000e+00 -2.166664e+00
      vertex   1.850392e+01 0.000000e+00 -2.372998e+00
    endloop
  endfacet
  facet normal 2.059027e-01 -7.086509e-01 -6.748466e-01
    outer loop
      vertex   1.920136e+01 5.000000e-01 -2.685250e+00
      vertex   1.850392e+01 0.000000e+00 -2.372998e+00
      vertex   1.851003e+01 5.000000e-01 -2.896180e+00
    endloop
  endfacet
  facet normal 2.262167e-01 -7.055192e-01 -6.716164e-01
    outer loop
      vertex   1.851003e+01 5.000000e-01 -2.896180e+00
      vertex   1.850392e+01 0.000000e+00 -2.372998e+00
      vertex   1.781729e+01 0.000000e+00 -2.604274e+00
    endloop
  endfacet
  facet normal 2.306502e-01 -7.087716e-01 -6.666658e-01
    outer loop
      vertex   1.851003e+01 5.000000e-01 -2.896180e+00
      vertex   1.781729e+01 0.000000e+00 -2.604274e+00
      vertex   1.782697e+01 5.000000e-01 -3.132502e+00
    endloop
  endfacet
  facet normal 2.503584e-01 -7.054048e-01 -6.631175e-01
    outer loop
      vertex   1.782697e+01 5.000000e-01 -3.132502e+00
      vertex   1.781729e+01 0.000000e+00 -2.604274e+00
      vertex   1.713945e+01 0.000000e+00 -2.860190e+00
    endloop
  endfacet
  facet normal 2.550779e-01 -7.088824e-01 -6.575872e-01
    outer loop
      vertex   1.782697e+01 5.000000e-01 -3.132502e+00
      vertex   1.713945e+01 0.000000e+00 -2.860190e+00
      vertex   1.715311e+01 5.000000e-01 -3.393894e+00
    endloop
  endfacet
  facet normal 2.741777e-01 -7.052999e-01 -6.537420e-01
    outer loop
      vertex   1.715311e+01 5.000000e-01 -3.393894e+00
      vertex   1.713945e+01 0.000000e+00 -2.860190e+00
      vertex   1.647129e+01 0.000000e+00 -3.140414e+00
    endloop
  endfacet
  facet normal 2.791538e-01 -7.089834e-01 -6.476231e-01
    outer loop
      vertex   1.715311e+01 5.000000e-01 -3.393894e+00
      vertex   1.647129e+01 0.000000e+00 -3.140414e+00
      vertex   1.648936e+01 5.000000e-01 -3.679999e+00
    endloop
  endfacet
  facet normal 2.976423e-01 -7.052047e-01 -6.435024e-01
    outer loop
      vertex   1.648936e+01 5.000000e-01 -3.679999e+00
      vertex   1.647129e+01 0.000000e+00 -3.140414e+00
      vertex   1.581369e+01 0.000000e+00 -3.444578e+00
    endloop
  endfacet
  facet normal 3.028459e-01 -7.090746e-01 -6.367869e-01
    outer loop
      vertex   1.648936e+01 5.000000e-01 -3.679999e+00
      vertex   1.581369e+01 0.000000e+00 -3.444578e+00
      vertex   1.583663e+01 5.000000e-01 -3.990426e+00
    endloop
  endfacet
  facet normal 3.207206e-01 -7.051192e-01 -6.324123e-01
    outer loop
      vertex   1.583663e+01 5.000000e-01 -3.990426e+00
      vertex   1.581369e+01 0.000000e+00 -3.444578e+00
      vertex   1.516749e+01 0.000000e+00 -3.772287e+00
    endloop
  endfacet
  facet normal 3.261231e-01 -7.091560e-01 -6.250931e-01
    outer loop
      vertex   1.583663e+01 5.000000e-01 -3.990426e+00
      vertex   1.516749e+01 0.000000e+00 -3.772287e+00
      vertex   1.519582e+01 5.000000e-01 -4.324752e+00
    endloop
  endfacet
  facet normal 3.433815e-01 -7.050433e-01 -6.204862e-01
    outer loop
      vertex   1.519582e+01 5.000000e-01 -4.324752e+00
      vertex   1.516749e+01 0.000000e+00 -3.772287e+00
      vertex   1.453356e+01 0.000000e+00 -4.123114e+00
    endloop
  endfacet
  facet normal 3.489547e-01 -7.092276e-01 -6.125576e-01
    outer loop
      vertex   1.519582e+01 5.000000e-01 -4.324752e+00
      vertex   1.453356e+01 0.000000e+00 -4.123114e+00
      vertex   1.456779e+01 5.000000e-01 -4.682520e+00
    endloop
  endfacet
  facet normal 3.655945e-01 -7.049770e-01 -6.077401e-01
    outer loop
      vertex   1.456779e+01 5.000000e-01 -4.682520e+00
      vertex   1.453356e+01 0.000000e+00 -4.123114e+00
      vertex   1.391270e+01 0.000000e+00 -4.496601e+00
    endloop
  endfacet
  facet normal 3.713106e-01 -7.092895e-01 -5.991969e-01
    outer loop
      vertex   1.456779e+01 5.000000e-01 -4.682520e+00
      vertex   1.391270e+01 0.000000e+00 -4.496601e+00
      vertex   1.395340e+01 5.000000e-01 -5.063243e+00
    endloop
  endfacet
  facet normal 3.873295e-01 -7.049205e-01 -5.941910e-01
    outer loop
      vertex   1.395340e+01 5.000000e-01 -5.063243e+00
      vertex   1.391270e+01 0.000000e+00 -4.496601e+00
      vertex   1.330573e+01 0.000000e+00 -4.892260e+00
    endloop
  endfacet
  facet normal 3.931612e-01 -7.093415e-01 -5.850290e-01
    outer loop
      vertex   1.395340e+01 5.000000e-01 -5.063243e+00
      vertex   1.330573e+01 0.000000e+00 -4.892260e+00
      vertex   1.335350e+01 5.000000e-01 -5.466400e+00
    endloop
  endfacet
  facet normal 4.085573e-01 -7.048736e-01 -5.798570e-01
    outer loop
      vertex   1.335350e+01 5.000000e-01 -5.466400e+00
      vertex   1.330573e+01 0.000000e+00 -4.892260e+00
      vertex   1.271344e+01 0.000000e+00 -5.309577e+00
    endloop
  endfacet
  facet normal 4.144778e-01 -7.093838e-01 -5.700726e-01
    outer loop
      vertex   1.335350e+01 5.000000e-01 -5.466400e+00
      vertex   1.271344e+01 0.000000e+00 -5.309577e+00
      vertex   1.276890e+01 5.000000e-01 -5.891441e+00
    endloop
  endfacet
  facet normal 4.292492e-01 -7.048365e-01 -5.647572e-01
    outer loop
      vertex   1.276890e+01 5.000000e-01 -5.891441e+00
      vertex   1.271344e+01 0.000000e+00 -5.309577e+00
      vertex   1.213660e+01 0.000000e+00 -5.748006e+00
    endloop
  endfacet
  facet normal 4.352322e-01 -7.094163e-01 -5.543478e-01
    outer loop
      vertex   1.276890e+01 5.000000e-01 -5.891441e+00
      vertex   1.213660e+01 0.000000e+00 -5.748006e+00
      vertex   1.220039e+01 5.000000e-01 -6.337787e+00
    endloop
  endfacet
  facet normal 4.493774e-01 -7.048090e-01 -5.489118e-01
    outer loop
      vertex   1.220039e+01 5.000000e-01 -6.337787e+00
      vertex   1.213660e+01 0.000000e+00 -5.748006e+00
      vertex   1.157597e+01 0.000000e+00 -6.206976e+00
    endloop
  endfacet
  facet normal 4.553970e-01 -7.094391e-01 -5.378753e-01
    outer loop
      vertex   1.220039e+01 5.000000e-01 -6.337787e+00
      vertex   1.157597e+01 0.000000e+00 -6.206976e+00
      vertex   1.164877e+01 5.000000e-01 -6.804827e+00
    endloop
  endfacet
  facet normal 4.689148e-01 -7.047912e-01 -5.323422e-01
    outer loop
      vertex   1.164877e+01 5.000000e-01 -6.804827e+00
      vertex   1.157597e+01 0.000000e+00 -6.206976e+00
      vertex   1.103228e+01 0.000000e+00 -6.685888e+00
    endloop
  endfacet
  facet normal 4.749455e-01 -7.094521e-01 -5.206770e-01
    outer loop
      vertex   1.164877e+01 5.000000e-01 -6.804827e+00
      vertex   1.103228e+01 0.000000e+00 -6.685888e+00
      vertex   1.111477e+01 5.000000e-01 -7.291924e+00
    endloop
  endfacet
  facet normal 4.878350e-01 -7.047831e-01 -5.150706e-01
    outer loop
      vertex   1.111477e+01 5.000000e-01 -7.291924e+00
      vertex   1.103228e+01 0.000000e+00 -6.685888e+00
      vertex   1.050623e+01 0.000000e+00 -7.184119e+00
    endloop
  endfacet
  facet normal 4.938520e-01 -7.094553e-01 -5.027757e-01
    outer loop
      vertex   1.111477e+01 5.000000e-01 -7.291924e+00
      vertex   1.050623e+01 0.000000e+00 -7.184119e+00
      vertex   1.059913e+01 5.000000e-01 -7.798414e+00
    endloop
  endfacet
  facet normal 5.061126e-01 -7.047848e-01 -4.971202e-01
    outer loop
      vertex   1.059913e+01 5.000000e-01 -7.798414e+00
      vertex   1.050623e+01 0.000000e+00 -7.184119e+00
      vertex   9.998520e+00 0.000000e+00 -7.701018e+00
    endloop
  endfacet
  facet normal 5.120913e-01 -7.094488e-01 -4.841951e-01
    outer loop
      vertex   1.059913e+01 5.000000e-01 -7.798414e+00
      vertex   9.998520e+00 0.000000e+00 -7.701018e+00
      vertex   1.010254e+01 5.000000e-01 -8.323606e+00
    endloop
  endfacet
  facet normal 5.237230e-01 -7.047961e-01 -4.785151e-01
    outer loop
      vertex   1.010254e+01 5.000000e-01 -8.323606e+00
      vertex   9.998520e+00 0.000000e+00 -7.701018e+00
      vertex   9.509799e+00 0.000000e+00 -8.235911e+00
    endloop
  endfacet
  facet normal 5.296394e-01 -7.094325e-01 -4.649597e-01
    outer loop
      vertex   1.010254e+01 5.000000e-01 -8.323606e+00
      vertex   9.509799e+00 0.000000e+00 -8.235911e+00
      vertex   9.625702e+00 5.000000e-01 -8.866781e+00
    endloop
  endfacet
  facet normal 5.406426e-01 -7.048171e-01 -4.592803e-01
    outer loop
      vertex   9.625702e+00 5.000000e-01 -8.866781e+00
      vertex   9.509799e+00 0.000000e+00 -8.235911e+00
      vertex   9.040709e+00 0.000000e+00 -8.788101e+00
    endloop
  endfacet
  facet normal 5.464731e-01 -7.094065e-01 -4.450951e-01
    outer loop
      vertex   9.625702e+00 5.000000e-01 -8.866781e+00
      vertex   9.040709e+00 0.000000e+00 -8.788101e+00
      vertex   9.169248e+00 5.000000e-01 -9.427200e+00
    endloop
  endfacet
  facet normal 5.568486e-01 -7.048479e-01 -4.394418e-01
    outer loop
      vertex   9.169248e+00 5.000000e-01 -9.427200e+00
      vertex   9.040709e+00 0.000000e+00 -8.788101e+00
      vertex   8.591862e+00 0.000000e+00 -9.356867e+00
    endloop
  endfacet
  facet normal 5.625699e-01 -7.093707e-01 -4.246273e-01
    outer loop
      vertex   9.169248e+00 5.000000e-01 -9.427200e+00
      vertex   8.591862e+00 0.000000e+00 -9.356867e+00
      vertex   8.733807e+00 5.000000e-01 -1.000410e+01
    endloop
  endfacet
  facet normal 5.723194e-01 -7.048883e-01 -4.190263e-01
    outer loop
      vertex   8.733807e+00 5.000000e-01 -1.000410e+01
      vertex   8.591862e+00 0.000000e+00 -9.356867e+00
      vertex   8.163844e+00 0.000000e+00 -9.941468e+00
    endloop
  endfacet
  facet normal 5.779085e-01 -7.093252e-01 -4.035834e-01
    outer loop
      vertex   8.733807e+00 5.000000e-01 -1.000410e+01
      vertex   8.163844e+00 0.000000e+00 -9.941468e+00
      vertex   8.319973e+00 5.000000e-01 -1.059668e+01
    endloop
  endfacet
  facet normal 5.870341e-01 -7.049384e-01 -3.980613e-01
    outer loop
      vertex   8.319973e+00 5.000000e-01 -1.059668e+01
      vertex   8.163844e+00 0.000000e+00 -9.941468e+00
      vertex   7.757211e+00 0.000000e+00 -1.054114e+01
    endloop
  endfacet
  facet normal 5.924686e-01 -7.092698e-01 -3.819913e-01
    outer loop
      vertex   8.319973e+00 5.000000e-01 -1.059668e+01
      vertex   7.757211e+00 0.000000e+00 -1.054114e+01
      vertex   7.928309e+00 5.000000e-01 -1.120415e+01
    endloop
  endfacet
  facet normal 6.009732e-01 -7.049982e-01 -3.765751e-01
    outer loop
      vertex   7.928309e+00 5.000000e-01 -1.120415e+01
      vertex   7.757211e+00 0.000000e+00 -1.054114e+01
      vertex   7.372496e+00 0.000000e+00 -1.115511e+01
    endloop
  endfacet
  facet normal 6.062306e-01 -7.092047e-01 -3.598793e-01
    outer loop
      vertex   7.928309e+00 5.000000e-01 -1.120415e+01
      vertex   7.372496e+00 0.000000e+00 -1.115511e+01
      vertex   7.559353e+00 5.000000e-01 -1.182568e+01
    endloop
  endfacet
  facet normal 6.141179e-01 -7.050676e-01 -3.545967e-01
    outer loop
      vertex   7.559353e+00 5.000000e-01 -1.182568e+01
      vertex   7.372496e+00 0.000000e+00 -1.115511e+01
      vertex   7.010198e+00 0.000000e+00 -1.178256e+01
    endloop
  endfacet
  facet normal 6.191763e-01 -7.091298e-01 -3.372767e-01
    outer loop
      vertex   7.559353e+00 5.000000e-01 -1.182568e+01
      vertex   7.010198e+00 0.000000e+00 -1.178256e+01
      vertex   7.213605e+00 5.000000e-01 -1.246040e+01
    endloop
  endfacet
  facet normal 6.264508e-01 -7.051468e-01 -3.321556e-01
    outer loop
      vertex   7.213605e+00 5.000000e-01 -1.246040e+01
      vertex   7.010198e+00 0.000000e+00 -1.178256e+01
      vertex   6.670791e+00 0.000000e+00 -1.242269e+01
    endloop
  endfacet
  facet normal 6.312884e-01 -7.090452e-01 -3.142132e-01
    outer loop
      vertex   7.213605e+00 5.000000e-01 -1.246040e+01
      vertex   6.670791e+00 0.000000e+00 -1.242269e+01
      vertex   6.891540e+00 5.000000e-01 -1.310747e+01
    endloop
  endfacet
  facet normal 6.379555e-01 -7.052356e-01 -3.092823e-01
    outer loop
      vertex   6.891540e+00 5.000000e-01 -1.310747e+01
      vertex   6.670791e+00 0.000000e+00 -1.242269e+01
      vertex   6.354718e+00 0.000000e+00 -1.307465e+01
    endloop
  endfacet
  facet normal 6.425506e-01 -7.089507e-01 -2.907192e-01
    outer loop
      vertex   6.891540e+00 5.000000e-01 -1.310747e+01
      vertex   6.354718e+00 0.000000e+00 -1.307465e+01
      vertex   6.593595e+00 5.000000e-01 -1.376599e+01
    endloop
  endfacet
  facet normal 6.486167e-01 -7.053340e-01 -2.860075e-01
    outer loop
      vertex   6.593595e+00 5.000000e-01 -1.376599e+01
      vertex   6.354718e+00 0.000000e+00 -1.307465e+01
      vertex   6.062390e+00 0.000000e+00 -1.373760e+01
    endloop
  endfacet
  facet normal 6.529478e-01 -7.088464e-01 -2.668258e-01
    outer loop
      vertex   6.593595e+00 5.000000e-01 -1.376599e+01
      vertex   6.062390e+00 0.000000e+00 -1.373760e+01
      vertex   6.320179e+00 5.000000e-01 -1.443506e+01
    endloop
  endfacet
  facet normal 6.584203e-01 -7.054421e-01 -2.623626e-01
    outer loop
      vertex   6.320179e+00 5.000000e-01 -1.443506e+01
      vertex   6.062390e+00 0.000000e+00 -1.373760e+01
      vertex   5.794189e+00 0.000000e+00 -1.441067e+01
    endloop
  endfacet
  facet normal 6.624659e-01 -7.087322e-01 -2.425645e-01
    outer loop
      vertex   6.320179e+00 5.000000e-01 -1.443506e+01
      vertex   5.794189e+00 0.000000e+00 -1.441067e+01
      vertex   6.071663e+00 5.000000e-01 -1.511378e+01
    endloop
  endfacet
  facet normal 6.673534e-01 -7.055598e-01 -2.383796e-01
    outer loop
      vertex   6.071663e+00 5.000000e-01 -1.511378e+01
      vertex   5.794189e+00 0.000000e+00 -1.441067e+01
      vertex   5.550464e+00 0.000000e+00 -1.509299e+01
    endloop
  endfacet
  facet normal 6.710922e-01 -7.086083e-01 -2.179671e-01
    outer loop
      vertex   6.071663e+00 5.000000e-01 -1.511378e+01
      vertex   5.550464e+00 0.000000e+00 -1.509299e+01
      vertex   5.848388e+00 5.000000e-01 -1.580122e+01
    endloop
  endfacet
  facet normal 6.754043e-01 -7.056871e-01 -2.140908e-01
    outer loop
      vertex   5.848388e+00 5.000000e-01 -1.580122e+01
      vertex   5.550464e+00 0.000000e+00 -1.509299e+01
      vertex   5.331534e+00 0.000000e+00 -1.578366e+01
    endloop
  endfacet
  facet normal 6.788147e-01 -7.084744e-01 -1.930662e-01
    outer loop
      vertex   5.848388e+00 5.000000e-01 -1.580122e+01
      vertex   5.331534e+00 0.000000e+00 -1.578366e+01
      vertex   5.650658e+00 5.000000e-01 -1.649643e+01
    endloop
  endfacet
  facet normal 6.825623e-01 -7.058239e-01 -1.895290e-01
    outer loop
      vertex   5.650658e+00 5.000000e-01 -1.649643e+01
      vertex   5.331534e+00 0.000000e+00 -1.578366e+01
      vertex   5.137683e+00 0.000000e+00 -1.648179e+01
    endloop
  endfacet
  facet normal 6.856231e-01 -7.083307e-01 -1.678945e-01
    outer loop
      vertex   5.650658e+00 5.000000e-01 -1.649643e+01
      vertex   5.137683e+00 0.000000e+00 -1.648179e+01
      vertex   5.478742e+00 5.000000e-01 -1.719847e+01
    endloop
  endfacet
  facet normal 6.888183e-01 -7.059704e-01 -1.647273e-01
    outer loop
      vertex   5.478742e+00 5.000000e-01 -1.719847e+01
      vertex   5.137683e+00 0.000000e+00 -1.648179e+01
      vertex   4.969165e+00 0.000000e+00 -1.718646e+01
    endloop
  endfacet
  facet normal 6.915079e-01 -7.081771e-01 -1.424854e-01
    outer loop
      vertex   5.478742e+00 5.000000e-01 -1.719847e+01
      vertex   4.969165e+00 0.000000e+00 -1.718646e+01
      vertex   5.332877e+00 5.000000e-01 -1.790639e+01
    endloop
  endfacet
  facet normal 6.941643e-01 -7.061264e-01 -1.397191e-01
    outer loop
      vertex   5.332877e+00 5.000000e-01 -1.790639e+01
      vertex   4.969165e+00 0.000000e+00 -1.718646e+01
      vertex   4.826199e+00 0.000000e+00 -1.789676e+01
    endloop
  endfacet
  facet normal 6.964608e-01 -7.080136e-01 -1.168722e-01
    outer loop
      vertex   5.332877e+00 5.000000e-01 -1.790639e+01
      vertex   4.826199e+00 0.000000e+00 -1.789676e+01
      vertex   5.213259e+00 5.000000e-01 -1.861921e+01
    endloop
  endfacet
  facet normal 6.985933e-01 -7.062920e-01 -1.145382e-01
    outer loop
      vertex   5.213259e+00 5.000000e-01 -1.861921e+01
      vertex   4.826199e+00 0.000000e+00 -1.789676e+01
      vertex   4.708972e+00 0.000000e+00 -1.861175e+01
    endloop
  endfacet
  facet normal 7.004750e-01 -7.078401e-01 -9.108888e-02
    outer loop
      vertex   5.213259e+00 5.000000e-01 -1.861921e+01
      vertex   4.708972e+00 0.000000e+00 -1.861175e+01
      vertex   5.120054e+00 5.000000e-01 -1.933596e+01
    endloop
  endfacet
  facet normal 7.021000e-01 -7.064670e-01 -8.921853e-02
    outer loop
      vertex   5.120054e+00 5.000000e-01 -1.933596e+01
      vertex   4.708972e+00 0.000000e+00 -1.861175e+01
      vertex   4.617636e+00 0.000000e+00 -1.933051e+01
    endloop
  endfacet
  facet normal 7.035446e-01 -7.076567e-01 -6.516939e-02
    outer loop
      vertex   5.120054e+00 5.000000e-01 -1.933596e+01
      vertex   4.617636e+00 0.000000e+00 -1.933051e+01
      vertex   5.053388e+00 5.000000e-01 -2.005566e+01
    endloop
  endfacet
  facet normal 7.046799e-01 -7.066516e-01 -6.379414e-02
    outer loop
      vertex   5.053388e+00 5.000000e-01 -2.005566e+01
      vertex   4.617636e+00 0.000000e+00 -1.933051e+01
      vertex   4.552311e+00 0.000000e+00 -2.005210e+01
    endloop
  endfacet
  facet normal 7.056650e-01 -7.074633e-01 -3.914797e-02
    outer loop
      vertex   5.053388e+00 5.000000e-01 -2.005566e+01
      vertex   4.552311e+00 0.000000e+00 -2.005210e+01
      vertex   5.013351e+00 5.000000e-01 -2.077734e+01
    endloop
  endfacet
  facet normal 7.063302e-01 -7.068457e-01 -3.829929e-02
    outer loop
      vertex   5.013351e+00 5.000000e-01 -2.077734e+01
      vertex   4.552311e+00 0.000000e+00 -2.005210e+01
      vertex   4.513082e+00 0.000000e+00 -2.077558e+01
    endloop
  endfacet
  facet normal 7.068330e-01 -7.072599e-01 -1.305902e-02
    outer loop
      vertex   5.013351e+00 5.000000e-01 -2.077734e+01
      vertex   4.513082e+00 0.000000e+00 -2.077558e+01
      vertex   5.000000e+00 5.000000e-01 -2.150000e+01
    endloop
  endfacet
  facet normal 7.070491e-01 -7.070491e-01 -1.276831e-02
    outer loop
      vertex   5.000000e+00 5.000000e-01 -2.150000e+01
      vertex   4.513082e+00 0.000000e+00 -2.077558e+01
      vertex   4.500000e+00 0.000000e+00 -2.150000e+01
    endloop
  endfacet
  facet normal 7.068708e-01 -7.068708e-01 -2.583359e-02
    outer loop
      vertex   5.000000e+00 5.000000e-01 -2.150000e+01
      vertex   4.500000e+00 0.000000e+00 -2.150000e+01
      vertex   4.986661e+00 5.000000e-01 -2.186498e+01
    endloop
  endfacet
  facet normal 7.063873e-01 -7.073074e-01 -2.707643e-02
    outer loop
      vertex   4.986661e+00 5.000000e-01 -2.186498e+01
      vertex   4.500000e+00 0.000000e+00 -2.150000e+01
      vertex   4.486796e+00 0.000000e+00 -2.184447e+01
    endloop
  endfacet
  facet normal 7.034912e-01 -7.064761e-01 -7.740604e-02
    outer loop
      vertex   4.986661e+00 5.000000e-01 -2.186498e+01
      vertex   4.486796e+00 0.000000e+00 -2.184447e+01
      vertex   4.946717e+00 5.000000e-01 -2.222801e+01
    endloop
  endfacet
  facet normal 7.018296e-01 -7.077220e-01 -8.102281e-02
    outer loop
      vertex   4.946717e+00 5.000000e-01 -2.222801e+01
      vertex   4.486796e+00 0.000000e+00 -2.184447e+01
      vertex   4.447262e+00 0.000000e+00 -2.218692e+01
    endloop
  endfacet
  facet normal 6.963123e-01 -7.061213e-01 -1.286154e-01
    outer loop
      vertex   4.946717e+00 5.000000e-01 -2.222801e+01
      vertex   4.447262e+00 0.000000e+00 -2.218692e+01
      vertex   4.880379e+00 5.000000e-01 -2.258715e+01
    endloop
  endfacet
  facet normal 6.932048e-01 -7.080912e-01 -1.344392e-01
    outer loop
      vertex   4.880379e+00 5.000000e-01 -2.258715e+01
      vertex   4.447262e+00 0.000000e+00 -2.218692e+01
      vertex   4.381629e+00 0.000000e+00 -2.252534e+01
    endloop
  endfacet
  facet normal 6.853699e-01 -7.058066e-01 -1.791792e-01
    outer loop
      vertex   4.880379e+00 5.000000e-01 -2.258715e+01
      vertex   4.381629e+00 0.000000e+00 -2.252534e+01
      vertex   4.788003e+00 5.000000e-01 -2.294050e+01
    endloop
  endfacet
  facet normal 6.805662e-01 -7.084152e-01 -1.870229e-01
    outer loop
      vertex   4.788003e+00 5.000000e-01 -2.294050e+01
      vertex   4.381629e+00 0.000000e+00 -2.252534e+01
      vertex   4.290284e+00 0.000000e+00 -2.285774e+01
    endloop
  endfacet
  facet normal 6.707210e-01 -7.055321e-01 -2.288182e-01
    outer loop
      vertex   4.788003e+00 5.000000e-01 -2.294050e+01
      vertex   4.290284e+00 0.000000e+00 -2.285774e+01
      vertex   4.670081e+00 5.000000e-01 -2.328615e+01
    endloop
  endfacet
  facet normal 6.639893e-01 -7.086941e-01 -2.384763e-01
    outer loop
      vertex   4.670081e+00 5.000000e-01 -2.328615e+01
      vertex   4.290284e+00 0.000000e+00 -2.285774e+01
      vertex   4.173761e+00 0.000000e+00 -2.318218e+01
    endloop
  endfacet
  facet normal 6.524434e-01 -7.052981e-01 -2.772584e-01
    outer loop
      vertex   4.670081e+00 5.000000e-01 -2.328615e+01
      vertex   4.173761e+00 0.000000e+00 -2.318218e+01
      vertex   4.527241e+00 5.000000e-01 -2.362228e+01
    endloop
  endfacet
  facet normal 6.435712e-01 -7.089281e-01 -2.885082e-01
    outer loop
      vertex   4.527241e+00 5.000000e-01 -2.362228e+01
      vertex   4.173761e+00 0.000000e+00 -2.318218e+01
      vertex   4.032745e+00 0.000000e+00 -2.349674e+01
    endloop
  endfacet
  facet normal 6.306355e-01 -7.051046e-01 -3.242321e-01
    outer loop
      vertex   4.527241e+00 5.000000e-01 -2.362228e+01
      vertex   4.032745e+00 0.000000e+00 -2.349674e+01
      vertex   4.360247e+00 5.000000e-01 -2.394709e+01
    endloop
  endfacet
  facet normal 6.194306e-01 -7.091174e-01 -3.368357e-01
    outer loop
      vertex   4.360247e+00 5.000000e-01 -2.394709e+01
      vertex   4.032745e+00 0.000000e+00 -2.349674e+01
      vertex   3.868063e+00 0.000000e+00 -2.379958e+01
    endloop
  endfacet
  facet normal 6.054154e-01 -7.049517e-01 -3.694797e-01
    outer loop
      vertex   4.360247e+00 5.000000e-01 -2.394709e+01
      vertex   3.868063e+00 0.000000e+00 -2.379958e+01
      vertex   4.169989e+00 5.000000e-01 -2.425884e+01
    endloop
  endfacet
  facet normal 5.917064e-01 -7.092621e-01 -3.831852e-01
    outer loop
      vertex   4.169989e+00 5.000000e-01 -2.425884e+01
      vertex   3.868063e+00 0.000000e+00 -2.379958e+01
      vertex   3.680682e+00 0.000000e+00 -2.408893e+01
    endloop
  endfacet
  facet normal 5.769207e-01 -7.048395e-01 -4.127514e-01
    outer loop
      vertex   4.169989e+00 5.000000e-01 -2.425884e+01
      vertex   3.680682e+00 0.000000e+00 -2.408893e+01
      vertex   3.957482e+00 5.000000e-01 -2.455587e+01
    endloop
  endfacet
  facet normal 5.605576e-01 -7.093622e-01 -4.272945e-01
    outer loop
      vertex   3.957482e+00 5.000000e-01 -2.455587e+01
      vertex   3.680682e+00 0.000000e+00 -2.408893e+01
      vertex   3.471701e+00 0.000000e+00 -2.436309e+01
    endloop
  endfacet
  facet normal 5.453073e-01 -7.047681e-01 -4.538082e-01
    outer loop
      vertex   3.957482e+00 5.000000e-01 -2.455587e+01
      vertex   3.471701e+00 0.000000e+00 -2.436309e+01
      vertex   3.723861e+00 5.000000e-01 -2.483659e+01
    endloop
  endfacet
  facet normal 5.261619e-01 -7.094177e-01 -4.689137e-01
    outer loop
      vertex   3.723861e+00 5.000000e-01 -2.483659e+01
      vertex   3.471701e+00 0.000000e+00 -2.436309e+01
      vertex   3.242347e+00 0.000000e+00 -2.462045e+01
    endloop
  endfacet
  facet normal 5.107486e-01 -7.047375e-01 -4.924236e-01
    outer loop
      vertex   3.723861e+00 5.000000e-01 -2.483659e+01
      vertex   3.242347e+00 0.000000e+00 -2.462045e+01
      vertex   3.470371e+00 5.000000e-01 -2.509952e+01
    endloop
  endfacet
  facet normal 4.887153e-01 -7.094289e-01 -5.078071e-01
    outer loop
      vertex   3.470371e+00 5.000000e-01 -2.509952e+01
      vertex   3.242347e+00 0.000000e+00 -2.462045e+01
      vertex   2.993966e+00 0.000000e+00 -2.485949e+01
    endloop
  endfacet
  facet normal 4.734347e-01 -7.047477e-01 -5.283846e-01
    outer loop
      vertex   3.470371e+00 5.000000e-01 -2.509952e+01
      vertex   2.993966e+00 0.000000e+00 -2.485949e+01
      vertex   3.198365e+00 5.000000e-01 -2.534324e+01
    endloop
  endfacet
  facet normal 4.484304e-01 -7.093955e-01 -5.437538e-01
    outer loop
      vertex   3.198365e+00 5.000000e-01 -2.534324e+01
      vertex   2.993966e+00 0.000000e+00 -2.485949e+01
      vertex   2.728014e+00 0.000000e+00 -2.507882e+01
    endloop
  endfacet
  facet normal 4.335711e-01 -7.047987e-01 -5.614934e-01
    outer loop
      vertex   3.198365e+00 5.000000e-01 -2.534324e+01
      vertex   2.728014e+00 0.000000e+00 -2.507882e+01
      vertex   2.909295e+00 5.000000e-01 -2.556645e+01
    endloop
  endfacet
  facet normal 4.055358e-01 -7.093177e-01 -5.765494e-01
    outer loop
      vertex   2.909295e+00 5.000000e-01 -2.556645e+01
      vertex   2.728014e+00 0.000000e+00 -2.507882e+01
      vertex   2.446054e+00 0.000000e+00 -2.527714e+01
    endloop
  endfacet
  facet normal 3.913778e-01 -7.048905e-01 -5.915681e-01
    outer loop
      vertex   2.909295e+00 5.000000e-01 -2.556645e+01
      vertex   2.446054e+00 0.000000e+00 -2.527714e+01
      vertex   2.604702e+00 5.000000e-01 -2.576797e+01
    endloop
  endfacet
  facet normal 3.602743e-01 -7.091953e-01 -6.060069e-01
    outer loop
      vertex   2.604702e+00 5.000000e-01 -2.576797e+01
      vertex   2.446054e+00 0.000000e+00 -2.527714e+01
      vertex   2.149739e+00 0.000000e+00 -2.545331e+01
    endloop
  endfacet
  facet normal 3.470875e-01 -7.050231e-01 -6.184438e-01
    outer loop
      vertex   2.604702e+00 5.000000e-01 -2.576797e+01
      vertex   2.149739e+00 0.000000e+00 -2.545331e+01
      vertex   2.286212e+00 5.000000e-01 -2.594671e+01
    endloop
  endfacet
  facet normal 3.129023e-01 -7.090283e-01 -6.319580e-01
    outer loop
      vertex   2.286212e+00 5.000000e-01 -2.594671e+01
      vertex   2.149739e+00 0.000000e+00 -2.545331e+01
      vertex   1.840809e+00 0.000000e+00 -2.560627e+01
    endloop
  endfacet
  facet normal 3.009450e-01 -7.051963e-01 -6.419738e-01
    outer loop
      vertex   2.286212e+00 5.000000e-01 -2.594671e+01
      vertex   1.840809e+00 0.000000e+00 -2.560627e+01
      vertex   1.955524e+00 5.000000e-01 -2.610173e+01
    endloop
  endfacet
  facet normal 2.636878e-01 -7.088167e-01 -6.542535e-01
    outer loop
      vertex   1.955524e+00 5.000000e-01 -2.610173e+01
      vertex   1.840809e+00 0.000000e+00 -2.560627e+01
      vertex   1.521076e+00 0.000000e+00 -2.573513e+01
    endloop
  endfacet
  facet normal 2.532051e-01 -7.054101e-01 -6.620301e-01
    outer loop
      vertex   1.955524e+00 5.000000e-01 -2.610173e+01
      vertex   1.521076e+00 0.000000e+00 -2.573513e+01
      vertex   1.614402e+00 5.000000e-01 -2.623220e+01
    endloop
  endfacet
  facet normal 2.129092e-01 -7.085602e-01 -6.727645e-01
    outer loop
      vertex   1.614402e+00 5.000000e-01 -2.623220e+01
      vertex   1.521076e+00 0.000000e+00 -2.573513e+01
      vertex   1.192417e+00 0.000000e+00 -2.583914e+01
    endloop
  endfacet
  facet normal 2.041315e-01 -7.056643e-01 -6.785044e-01
    outer loop
      vertex   1.614402e+00 5.000000e-01 -2.623220e+01
      vertex   1.192417e+00 0.000000e+00 -2.583914e+01
      vertex   1.264667e+00 5.000000e-01 -2.633742e+01
    endloop
  endfacet
  facet normal 1.608538e-01 -7.082588e-01 -6.873831e-01
    outer loop
      vertex   1.264667e+00 5.000000e-01 -2.633742e+01
      vertex   1.192417e+00 0.000000e+00 -2.583914e+01
      vertex   8.567600e-01 0.000000e+00 -2.591769e+01
    endloop
  endfacet
  facet normal 1.539955e-01 -7.059589e-01 -6.913085e-01
    outer loop
      vertex   1.264667e+00 5.000000e-01 -2.633742e+01
      vertex   8.567600e-01 0.000000e+00 -2.591769e+01
      vertex   9.081843e-01 5.000000e-01 -2.641683e+01
    endloop
  endfacet
  facet normal 1.078162e-01 -7.079123e-01 -6.980228e-01
    outer loop
      vertex   9.081843e-01 5.000000e-01 -2.641683e+01
      vertex   8.567600e-01 0.000000e+00 -2.591769e+01
      vertex   5.160754e-01 0.000000e+00 -2.597031e+01
    endloop
  endfacet
  facet normal 1.030738e-01 -7.062937e-01 -7.003749e-01
    outer loop
      vertex   9.081843e-01 5.000000e-01 -2.641683e+01
      vertex   5.160754e-01 0.000000e+00 -2.597031e+01
      vertex   5.468560e-01 5.000000e-01 -2.647000e+01
    endloop
  endfacet
  facet normal 5.409681e-02 -7.075204e-01 -7.046193e-01
    outer loop
      vertex   5.468560e-01 5.000000e-01 -2.647000e+01
      vertex   5.160754e-01 0.000000e+00 -2.597031e+01
      vertex   1.723623e-01 0.000000e+00 -2.599670e+01
    endloop
  endfacet
  facet normal 5.164746e-02 -7.066685e-01 -7.056573e-01
    outer loop
      vertex   5.468560e-01 5.000000e-01 -2.647000e+01
      vertex   1.723623e-01 0.000000e+00 -2.599670e+01
      vertex   1.826101e-01 5.000000e-01 -2.649666e+01
    endloop
  endfacet
  facet normal 0.000000e+00 -7.070830e-01 -7.071305e-01
    outer loop
      vertex   1.826101e-01 5.000000e-01 -2.649666e+01
      vertex   1.723623e-01 0.000000e+00 -2.599670e+01
      vertex   -1.723623e-01 0.000000e+00 -2.599670e+01
    endloop
  endfacet
  facet normal -0.000000e+00 -7.070830e-01 -7.071305e-01
    outer loop
      vertex   1.826101e-01 5.000000e-01 -2.649666e+01
      vertex   -1.723623e-01 0.000000e+00 -2.599670e+01
      vertex   -1.826101e-01 5.000000e-01 -2.649666e+01
    endloop
  endfacet
  facet normal -5.164746e-02 -7.066685e-01 -7.056573e-01
    outer loop
      vertex   -1.826101e-01 5.000000e-01 -2.649666e+01
      vertex   -1.723623e-01 0.000000e+00 -2.599670e+01
      vertex   -5.468560e-01 5.000000e-01 -2.647000e+01
    endloop
  endfacet
  facet normal -5.409681e-02 -7.075204e-01 -7.046193e-01
    outer loop
      vertex   -5.468560e-01 5.000000e-01 -2.647000e+01
      vertex   -1.723623e-01 0.000000e+00 -2.599670e+01
      vertex   -5.160754e-01 0.000000e+00 -2.597031e+01
    endloop
  endfacet
  facet normal -1.030738e-01 -7.062937e-01 -7.003749e-01
    outer loop
      vertex   -5.468560e-01 5.000000e-01 -2.647000e+01
      vertex   -5.160754e-01 0.000000e+00 -2.597031e+01
      vertex   -9.081843e-01 5.000000e-01 -2.641683e+01
    endloop
  endfacet
  facet normal -1.078162e-01 -7.079123e-01 -6.980228e-01
    outer loop
      vertex   -9.081843e-01 5.000000e-01 -2.641683e+01
      vertex   -5.160754e-01 0.000000e+00 -2.597031e+01
      vertex   -8.567600e-01 0.000000e+00 -2.591769e+01
    endloop
  endfacet
  facet normal -1.539955e-01 -7.059589e-01 -6.913085e-01
    outer loop
      vertex   -9.081843e-01 5.000000e-01 -2.641683e+01
      vertex   -8.567600e-01 0.000000e+00 -2.591769e+01
      vertex   -1.264667e+00 5.000000e-01 -2.633742e+01
    endloop
  endfacet
  facet normal -1.608538e-01 -7.082588e-01 -6.873831e-01
    outer loop
      vertex   -1.264667e+00 5.000000e-01 -2.633742e+01
      vertex   -8.567600e-01 0.000000e+00 -2.591769e+01
      vertex   -1.192417e+00 0.000000e+00 -2.583914e+01
    endloop
  endfacet
  facet normal -2.041315e-01 -7.056643e-01 -6.785044e-01
    outer loop
      vertex   -1.264667e+00 5.000000e-01 -2.633742e+01
      vertex   -1.192417e+00 0.000000e+00 -2.583914e+01
      vertex   -1.614402e+00 5.000000e-01 -2.623220e+01
    endloop
  endfacet
  facet normal -2.129092e-01 -7.085602e-01 -6.727645e-01
    outer loop
      vertex   -1.614402e+00 5.000000e-01 -2.623220e+01
      vertex   -1.192417e+00 0.000000e+00 -2.583914e+01
      vertex   -1.521076e+00 0.000000e+00 -2.573513e+01
    endloop
  endfacet
  facet normal -2.532051e-01 -7.054101e-01 -6.620301e-01
    outer loop
      vertex   -1.614402e+00 5.000000e-01 -2.623220e+01
      vertex   -1.521076e+00 0.000000e+00 -2.573513e+01
      vertex   -1.955524e+00 5.000000e-01 -2.610173e+01
    endloop
  endfacet
  facet normal -2.636878e-01 -7.088167e-01 -6.542535e-01
    outer loop
      vertex   -1.955524e+00 5.000000e-01 -2.610173e+01
      vertex   -1.521076e+00 0.000000e+00 -2.573513e+01
      vertex   -1.840809e+00 0.000000e+00 -2.560627e+01
    endloop
  endfacet
  facet normal -3.009450e-01 -7.051963e-01 -6.419738e-01
    outer loop
      vertex   -1.955524e+00 5.000000e-01 -2.610173e+01
      vertex   -1.840809e+00 0.000000e+00 -2.560627e+01
      vertex   -2.286212e+00 5.000000e-01 -2.594671e+01
    endloop
  endfacet
  facet normal -3.129023e-01 -7.090283e-01 -6.319580e-01
    outer loop
      vertex   -2.286212e+00 5.000000e-01 -2.594671e+01
      vertex   -1.840809e+00 0.000000e+00 -2.560627e+01
      vertex   -2.149739e+00 0.000000e+00 -2.545331e+01
    endloop
  endfacet
  facet normal -3.470875e-01 -7.050231e-01 -6.184438e-01
    outer loop
      vertex   -2.286212e+00 5.000000e-01 -2.594671e+01
      vertex   -2.149739e+00 0.000000e+00 -2.545331e+01
      vertex   -2.604702e+00 5.000000e-01 -2.576797e+01
    endloop
  endfacet
  facet normal -3.602743e-01 -7.091953e-01 -6.060069e-01
    outer loop
      vertex   -2.604702e+00 5.000000e-01 -2.576797e+01
      vertex   -2.149739e+00 0.000000e+00 -2.545331e+01
      vertex   -2.446054e+00 0.000000e+00 -2.527714e+01
    endloop
  endfacet
  facet normal -3.913778e-01 -7.048905e-01 -5.915681e-01
    outer loop
      vertex   -2.604702e+00 5.000000e-01 -2.576797e+01
      vertex   -2.446054e+00 0.000000e+00 -2.527714e+01
      vertex   -2.909295e+00 5.000000e-01 -2.556645e+01
    endloop
  endfacet
  facet normal -4.055358e-01 -7.093177e-01 -5.765494e-01
    outer loop
      vertex   -2.909295e+00 5.000000e-01 -2.556645e+01
      vertex   -2.446054e+00 0.000000e+00 -2.527714e+01
      vertex   -2.728014e+00 0.000000e+00 -2.507882e+01
    endloop
  endfacet
  facet normal -4.335711e-01 -7.047987e-01 -5.614934e-01
    outer loop
      vertex   -2.909295e+00 5.000000e-01 -2.556645e+01
      vertex   -2.728014e+00 0.000000e+00 -2.507882e+01
      vertex   -3.198365e+00 5.000000e-01 -2.534324e+01
    endloop
  endfacet
  facet normal -4.484304e-01 -7.093955e-01 -5.437538e-01
    outer loop
      vertex   -3.198365e+00 5.000000e-01 -2.534324e+01
      vertex   -2.728014e+00 0.000000e+00 -2.507882e+01
      vertex   -2.993966e+00 0.000000e+00 -2.485949e+01
    endloop
  endfacet
  facet normal -4.734347e-01 -7.047477e-01 -5.283846e-01
    outer loop
      vertex   -3.198365e+00 5.000000e-01 -2.534324e+01
      vertex   -2.993966e+00 0.000000e+00 -2.485949e+01
      vertex   -3.470371e+00 5.000000e-01 -2.509952e+01
    endloop
  endfacet
  facet normal -4.887153e-01 -7.094289e-01 -5.078071e-01
    outer loop
      vertex   -3.470371e+00 5.000000e-01 -2.509952e+01
      vertex   -2.993966e+00 0.000000e+00 -2.485949e+01
      vertex   -3.242347e+00 0.000000e+00 -2.462045e+01
    endloop
  endfacet
  facet normal -5.107486e-01 -7.047375e-01 -4.924236e-01
    outer loop
      vertex   -3.470371e+00 5.000000e-01 -2.509952e+01
      vertex   -3.242347e+00 0.000000e+00 -2.462045e+01
      vertex   -3.723861e+00 5.000000e-01 -2.483659e+01
    endloop
  endfacet
  facet normal -5.261619e-01 -7.094177e-01 -4.689137e-01
    outer loop
      vertex   -3.723861e+00 5.000000e-01 -2.483659e+01
      vertex   -3.242347e+00 0.000000e+00 -2.462045e+01
      vertex   -3.471701e+00 0.000000e+00 -2.436309e+01
    endloop
  endfacet
  facet normal -5.453073e-01 -7.047681e-01 -4.538082e-01
    outer loop
      vertex   -3.723861e+00 5.000000e-01 -2.483659e+01
      vertex   -3.471701e+00 0.000000e+00 -2.436309e+01
      vertex   -3.957482e+00 5.000000e-01 -2.455587e+01
    endloop
  endfacet
  facet normal -5.605576e-01 -7.093622e-01 -4.272945e-01
    outer loop
      vertex   -3.957482e+00 5.000000e-01 -2.455587e+01
      vertex   -3.471701e+00 0.000000e+00 -2.436309e+01
      vertex   -3.680682e+00 0.000000e+00 -2.408893e+01
    endloop
  endfacet
  facet normal -5.769207e-01 -7.048395e-01 -4.127514e-01
    outer loop
      vertex   -3.957482e+00 5.000000e-01 -2.455587e+01
      vertex   -3.680682e+00 0.000000e+00 -2.408893e+01
      vertex   -4.169989e+00 5.000000e-01 -2.425884e+01
    endloop
  endfacet
  facet normal -5.917064e-01 -7.092621e-01 -3.831852e-01
    outer loop
      vertex   -4.169989e+00 5.000000e-01 -2.425884e+01
      vertex   -3.680682e+00 0.000000e+00 -2.408893e+01
      vertex   -3.868063e+00 0.000000e+00 -2.379958e+01
    endloop
  endfacet
  facet normal -6.054154e-01 -7.049517e-01 -3.694797e-01
    outer loop
      vertex   -4.169989e+00 5.000000e-01 -2.425884e+01
      vertex   -3.868063e+00 0.000000e+00 -2.379958e+01
      vertex   -4.360247e+00 5.000000e-01 -2.394709e+01
    endloop
  endfacet
  facet normal -6.194306e-01 -7.091174e-01 -3.368357e-01
    outer loop
      vertex   -4.360247e+00 5.000000e-01 -2.394709e+01
      vertex   -3.868063e+00 0.000000e+00 -2.379958e+01
      vertex   -4.032745e+00 0.000000e+00 -2.349674e+01
    endloop
  endfacet
  facet normal -6.306355e-01 -7.051046e-01 -3.242321e-01
    outer loop
      vertex   -4.360247e+00 5.000000e-01 -2.394709e+01
      vertex   -4.032745e+00 0.000000e+00 -2.349674e+01
      vertex   -4.527241e+00 5.000000e-01 -2.362228e+01
    endloop
  endfacet
  facet normal -6.435712e-01 -7.089281e-01 -2.885082e-01
    outer loop
      vertex   -4.527241e+00 5.000000e-01 -2.362228e+01
      vertex   -4.032745e+00 0.000000e+00 -2.349674e+01
      vertex   -4.173761e+00 0.000000e+00 -2.318218e+01
    endloop
  endfacet
  facet normal -6.524434e-01 -7.052981e-01 -2.772584e-01
    outer loop
      vertex   -4.527241e+00 5.000000e-01 -2.362228e+01
      vertex   -4.173761e+00 0.000000e+00 -2.318218e+01
      vertex   -4.670081e+00 5.000000e-01 -2.328615e+01
    endloop
  endfacet
  facet normal -6.639893e-01 -7.086941e-01 -2.384763e-01
    outer loop
      vertex   -4.670081e+00 5.000000e-01 -2.328615e+01
      vertex   -4.173761e+00 0.000000e+00 -2.318218e+01
      vertex   -4.290284e+00 0.000000e+00 -2.285774e+01
    endloop
  endfacet
  facet normal -6.707210e-01 -7.055321e-01 -2.288182e-01
    outer loop
      vertex   -4.670081e+00 5.000000e-01 -2.328615e+01
      vertex   -4.290284e+00 0.000000e+00 -2.285774e+01
      vertex   -4.788003e+00 5.000000e-01 -2.294050e+01
    endloop
  endfacet
  facet normal -6.805662e-01 -7.084152e-01 -1.870229e-01
    outer loop
      vertex   -4.788003e+00 5.000000e-01 -2.294050e+01
      vertex   -4.290284e+00 0.000000e+00 -2.285774e+01
      vertex   -4.381629e+00 0.000000e+00 -2.252534e+01
    endloop
  endfacet
  facet normal -6.853699e-01 -7.058066e-01 -1.791792e-01
    outer loop
      vertex   -4.788003e+00 5.000000e-01 -2.294050e+01
      vertex   -4.381629e+00 0.000000e+00 -2.252534e+01
      vertex   -4.880379e+00 5.000000e-01 -2.258715e+01
    endloop
  endfacet
  facet normal -6.932048e-01 -7.080912e-01 -1.344392e-01
    outer loop
      vertex   -4.880379e+00 5.000000e-01 -2.258715e+01
      vertex   -4.381629e+00 0.000000e+00 -2.252534e+01
      vertex   -4.447262e+00 0.000000e+00 -2.218692e+01
    endloop
  endfacet
  facet normal -6.963123e-01 -7.061213e-01 -1.286154e-01
    outer loop
      vertex   -4.880379e+00 5.000000e-01 -2.258715e+01
      vertex   -4.447262e+00 0.000000e+00 -2.218692e+01
      vertex   -4.946717e+00 5.000000e-01 -2.222801e+01
    endloop
  endfacet
  facet normal -7.018296e-01 -7.077220e-01 -8.102281e-02
    outer loop
      vertex   -4.946717e+00 5.000000e-01 -2.222801e+01
      vertex   -4.447262e+00 0.000000e+00 -2.218692e+01
      vertex   -4.486796e+00 0.000000e+00 -2.184447e+01
    endloop
  endfacet
  facet normal -7.034912e-01 -7.064761e-01 -7.740604e-02
    outer loop
      vertex   -4.946717e+00 5.000000e-01 -2.222801e+01
      vertex   -4.486796e+00 0.000000e+00 -2.184447e+01
      vertex   -4.986661e+00 5.000000e-01 -2.186498e+01
    endloop
  endfacet
  facet normal -7.063873e-01 -7.073074e-01 -2.707643e-02
    outer loop
      vertex   -4.986661e+00 5.000000e-01 -2.186498e+01
      vertex   -4.486796e+00 0.000000e+00 -2.184447e+01
      vertex   -4.500000e+00 0.000000e+00 -2.150000e+01
    endloop
  endfacet
  facet normal -7.068708e-01 -7.068708e-01 -2.583359e-02
    outer loop
      vertex   -4.986661e+00 5.000000e-01 -2.186498e+01
      vertex   -4.500000e+00 0.000000e+00 -2.150000e+01
      vertex   -5.000000e+00 5.000000e-01 -2.150000e+01
    endloop
  endfacet
  facet normal -7.070491e-01 -7.070491e-01 -1.276831e-02
    outer loop
      vertex   -4.500000e+00 0.000000e+00 -2.150000e+01
      vertex   -4.513082e+00 0.000000e+00 -2.077558e+01
      vertex   -5.000000e+00 5.000000e-01 -2.150000e+01
    endloop
  endfacet
  facet normal -7.068330e-01 -7.072599e-01 -1.305902e-02
    outer loop
      vertex   -5.000000e+00 5.000000e-01 -2.150000e+01
      vertex   -4.513082e+00 0.000000e+00 -2.077558e+01
      vertex   -5.013351e+00 5.000000e-01 -2.077734e+01
    endloop
  endfacet
  facet normal -7.063302e-01 -7.068457e-01 -3.829929e-02
    outer loop
      vertex   -5.013351e+00 5.000000e-01 -2.077734e+01
      vertex   -4.513082e+00 0.000000e+00 -2.077558e+01
      vertex   -4.552311e+00 0.000000e+00 -2.005210e+01
    endloop
  endfacet
  facet normal -7.056650e-01 -7.074633e-01 -3.914797e-02
    outer loop
      vertex   -5.013351e+00 5.000000e-01 -2.077734e+01
      vertex   -4.552311e+00 0.000000e+00 -2.005210e+01
      vertex   -5.053388e+00 5.000000e-01 -2.005566e+01
    endloop
  endfacet
  facet normal -7.046799e-01 -7.066516e-01 -6.379414e-02
    outer loop
      vertex   -5.053388e+00 5.000000e-01 -2.005566e+01
      vertex   -4.552311e+00 0.000000e+00 -2.005210e+01
      vertex   -4.617636e+00 0.000000e+00 -1.933051e+01
    endloop
  endfacet
  facet normal -7.035446e-01 -7.076567e-01 -6.516939e-02
    outer loop
      vertex   -5.053388e+00 5.000000e-01 -2.005566e+01
      vertex   -4.617636e+00 0.000000e+00 -1.933051e+01
      vertex   -5.120054e+00 5.000000e-01 -1.933596e+01
    endloop
  endfacet
  facet normal -7.021000e-01 -7.064670e-01 -8.921853e-02
    outer loop
      vertex   -5.120054e+00 5.000000e-01 -1.933596e+01
      vertex   -4.617636e+00 0.000000e+00 -1.933051e+01
      vertex   -4.708972e+00 0.000000e+00 -1.861175e+01
    endloop
  endfacet
  facet normal -7.004750e-01 -7.078401e-01 -9.108888e-02
    outer loop
      vertex   -5.120054e+00 5.000000e-01 -1.933596e+01
      vertex   -4.708972e+00 0.000000e+00 -1.861175e+01
      vertex   -5.213259e+00 5.000000e-01 -1.861921e+01
    endloop
  endfacet
  facet normal -6.985933e-01 -7.062920e-01 -1.145382e-01
    outer loop
      vertex   -5.213259e+00 5.000000e-01 -1.861921e+01
      vertex   -4.708972e+00 0.000000e+00 -1.861175e+01
      vertex   -4.826199e+00 0.000000e+00 -1.789676e+01
    endloop
  endfacet
  facet normal -6.964608e-01 -7.080136e-01 -1.168722e-01
    outer loop
      vertex   -5.213259e+00 5.000000e-01 -1.861921e+01
      vertex   -4.826199e+00 0.000000e+00 -1.789676e+01
      vertex   -5.332877e+00 5.000000e-01 -1.790639e+01
    endloop
  endfacet
  facet normal -6.941643e-01 -7.061264e-01 -1.397191e-01
    outer loop
      vertex   -5.332877e+00 5.000000e-01 -1.790639e+01
      vertex   -4.826199e+00 0.000000e+00 -1.789676e+01
      vertex   -4.969165e+00 0.000000e+00 -1.718646e+01
    endloop
  endfacet
  facet normal -6.915079e-01 -7.081771e-01 -1.424854e-01
    outer loop
      vertex   -5.332877e+00 5.000000e-01 -1.790639e+01
      vertex   -4.969165e+00 0.000000e+00 -1.718646e+01
      vertex   -5.478742e+00 5.000000e-01 -1.719847e+01
    endloop
  endfacet
  facet normal -6.888183e-01 -7.059704e-01 -1.647273e-01
    outer loop
      vertex   -5.478742e+00 5.000000e-01 -1.719847e+01
      vertex   -4.969165e+00 0.000000e+00 -1.718646e+01
      vertex   -5.137683e+00 0.000000e+00 -1.648179e+01
    endloop
  endfacet
  facet normal -6.856231e-01 -7.083307e-01 -1.678945e-01
    outer loop
      vertex   -5.478742e+00 5.000000e-01 -1.719847e+01
      vertex   -5.137683e+00 0.000000e+00 -1.648179e+01
      vertex   -5.650658e+00 5.000000e-01 -1.649643e+01
    endloop
  endfacet
  facet normal -6.825623e-01 -7.058239e-01 -1.895290e-01
    outer loop
      vertex   -5.650658e+00 5.000000e-01 -1.649643e+01
      vertex   -5.137683e+00 0.000000e+00 -1.648179e+01
      vertex   -5.331534e+00 0.000000e+00 -1.578366e+01
    endloop
  endfacet
  facet normal -6.788147e-01 -7.084744e-01 -1.930662e-01
    outer loop
      vertex   -5.650658e+00 5.000000e-01 -1.649643e+01
      vertex   -5.331534e+00 0.000000e+00 -1.578366e+01
      vertex   -5.848388e+00 5.000000e-01 -1.580122e+01
    endloop
  endfacet
  facet normal -6.754043e-01 -7.056871e-01 -2.140908e-01
    outer loop
      vertex   -5.848388e+00 5.000000e-01 -1.580122e+01
      vertex   -5.331534e+00 0.000000e+00 -1.578366e+01
      vertex   -5.550464e+00 0.000000e+00 -1.509299e+01
    endloop
  endfacet
  facet normal -6.710922e-01 -7.086083e-01 -2.179671e-01
    outer loop
      vertex   -5.848388e+00 5.000000e-01 -1.580122e+01
      vertex   -5.550464e+00 0.000000e+00 -1.509299e+01
      vertex   -6.071663e+00 5.000000e-01 -1.511378e+01
    endloop
  endfacet
  facet normal -6.673534e-01 -7.055598e-01 -2.383796e-01
    outer loop
      vertex   -6.071663e+00 5.000000e-01 -1.511378e+01
      vertex   -5.550464e+00 0.000000e+00 -1.509299e+01
      vertex   -5.794189e+00 0.000000e+00 -1.441067e+01
    endloop
  endfacet
  facet normal -6.624659e-01 -7.087322e-01 -2.425645e-01
    outer loop
      vertex   -6.071663e+00 5.000000e-01 -1.511378e+01
      vertex   -5.794189e+00 0.000000e+00 -1.441067e+01
      vertex   -6.320179e+00 5.000000e-01 -1.443506e+01
    endloop
  endfacet
  facet normal -6.584203e-01 -7.054421e-01 -2.623626e-01
    outer loop
      vertex   -6.320179e+00 5.000000e-01 -1.443506e+01
      vertex   -5.794189e+00 0.000000e+00 -1.441067e+01
      vertex   -6.062390e+00 0.000000e+00 -1.373760e+01
    endloop
  endfacet
  facet normal -6.529478e-01 -7.088464e-01 -2.668258e-01
    outer loop
      vertex   -6.320179e+00 5.000000e-01 -1.443506e+01
      vertex   -6.062390e+00 0.000000e+00 -1.373760e+01
      vertex   -6.593595e+00 5.000000e-01 -1.376599e+01
    endloop
  endfacet
  facet normal -6.486167e-01 -7.053340e-01 -2.860075e-01
    outer loop
      vertex   -6.593595e+00 5.000000e-01 -1.376599e+01
      vertex   -6.062390e+00 0.000000e+00 -1.373760e+01
      vertex   -6.354718e+00 0.000000e+00 -1.307465e+01
    endloop
  endfacet
  facet normal -6.425506e-01 -7.089507e-01 -2.907192e-01
    outer loop
      vertex   -6.593595e+00 5.000000e-01 -1.376599e+01
      vertex   -6.354718e+00 0.000000e+00 -1.307465e+01
      vertex   -6.891540e+00 5.000000e-01 -1.310747e+01
    endloop
  endfacet
  facet normal -6.379555e-01 -7.052356e-01 -3.092823e-01
    outer loop
      vertex   -6.891540e+00 5.000000e-01 -1.310747e+01
      vertex   -6.354718e+00 0.000000e+00 -1.307465e+01
      vertex   -6.670791e+00 0.000000e+00 -1.242269e+01
    endloop
  endfacet
  facet normal -6.312884e-01 -7.090452e-01 -3.142132e-01
    outer loop
      vertex   -6.891540e+00 5.000000e-01 -1.310747e+01
      vertex   -6.670791e+00 0.000000e+00 -1.242269e+01
      vertex   -7.213605e+00 5.000000e-01 -1.246040e+01
    endloop
  endfacet
  facet normal -6.264508e-01 -7.051468e-01 -3.321556e-01
    outer loop
      vertex   -7.213605e+00 5.000000e-01 -1.246040e+01
      vertex   -6.670791e+00 0.000000e+00 -1.242269e+01
      vertex   -7.010198e+00 0.000000e+00 -1.178256e+01
    endloop
  endfacet
  facet normal -6.191763e-01 -7.091298e-01 -3.372767e-01
    outer loop
      vertex   -7.213605e+00 5.000000e-01 -1.246040e+01
      vertex   -7.010198e+00 0.000000e+00 -1.178256e+01
      vertex   -7.559353e+00 5.000000e-01 -1.182568e+01
    endloop
  endfacet
  facet normal -6.141179e-01 -7.050676e-01 -3.545967e-01
    outer loop
      vertex   -7.559353e+00 5.000000e-01 -1.182568e+01
      vertex   -7.010198e+00 0.000000e+00 -1.178256e+01
      vertex   -7.372496e+00 0.000000e+00 -1.115511e+01
    endloop
  endfacet
  facet normal -6.062306e-01 -7.092047e-01 -3.598793e-01
    outer loop
      vertex   -7.559353e+00 5.000000e-01 -1.182568e+01
      vertex   -7.372496e+00 0.000000e+00 -1.115511e+01
      vertex   -7.928309e+00 5.000000e-01 -1.120415e+01
    endloop
  endfacet
  facet normal -6.009732e-01 -7.049982e-01 -3.765751e-01
    outer loop
      vertex   -7.928309e+00 5.000000e-01 -1.120415e+01
      vertex   -7.372496e+00 0.000000e+00 -1.115511e+01
      vertex   -7.757211e+00 0.000000e+00 -1.054114e+01
    endloop
  endfacet
  facet normal -5.924686e-01 -7.092698e-01 -3.819913e-01
    outer loop
      vertex   -7.928309e+00 5.000000e-01 -1.120415e+01
      vertex   -7.757211e+00 0.000000e+00 -1.054114e+01
      vertex   -8.319973e+00 5.000000e-01 -1.059668e+01
    endloop
  endfacet
  facet normal -5.870341e-01 -7.049384e-01 -3.980613e-01
    outer loop
      vertex   -8.319973e+00 5.000000e-01 -1.059668e+01
      vertex   -7.757211e+00 0.000000e+00 -1.054114e+01
      vertex   -8.163844e+00 0.000000e+00 -9.941468e+00
    endloop
  endfacet
  facet normal -5.779085e-01 -7.093252e-01 -4.035834e-01
    outer loop
      vertex   -8.319973e+00 5.000000e-01 -1.059668e+01
      vertex   -8.163844e+00 0.000000e+00 -9.941468e+00
      vertex   -8.733807e+00 5.000000e-01 -1.000410e+01
    endloop
  endfacet
  facet normal -5.723194e-01 -7.048883e-01 -4.190263e-01
    outer loop
      vertex   -8.733807e+00 5.000000e-01 -1.000410e+01
      vertex   -8.163844e+00 0.000000e+00 -9.941468e+00
      vertex   -8.591862e+00 0.000000e+00 -9.356867e+00
    endloop
  endfacet
  facet normal -5.625699e-01 -7.093707e-01 -4.246273e-01
    outer loop
      vertex   -8.733807e+00 5.000000e-01 -1.000410e+01
      vertex   -8.591862e+00 0.000000e+00 -9.356867e+00
      vertex   -9.169248e+00 5.000000e-01 -9.427200e+00
    endloop
  endfacet
  facet normal -5.568486e-01 -7.048479e-01 -4.394418e-01
    outer loop
      vertex   -9.169248e+00 5.000000e-01 -9.427200e+00
      vertex   -8.591862e+00 0.000000e+00 -9.356867e+00
      vertex   -9.040709e+00 0.000000e+00 -8.788101e+00
    endloop
  endfacet
  facet normal -5.464731e-01 -7.094065e-01 -4.450951e-01
    outer loop
      vertex   -9.169248e+00 5.000000e-01 -9.427200e+00
      vertex   -9.040709e+00 0.000000e+00 -8.788101e+00
      vertex   -9.625702e+00 5.000000e-01 -8.866781e+00
    endloop
  endfacet
  facet normal -5.406426e-01 -7.048171e-01 -4.592803e-01
    outer loop
      vertex   -9.625702e+00 5.000000e-01 -8.866781e+00
      vertex   -9.040709e+00 0.000000e+00 -8.788101e+00
      vertex   -9.509799e+00 0.000000e+00 -8.235911e+00
    endloop
  endfacet
  facet normal -5.296394e-01 -7.094325e-01 -4.649597e-01
    outer loop
      vertex   -9.625702e+00 5.000000e-01 -8.866781e+00
      vertex   -9.509799e+00 0.000000e+00 -8.235911e+00
      vertex   -1.010254e+01 5.000000e-01 -8.323606e+00
    endloop
  endfacet
  facet normal -5.237230e-01 -7.047961e-01 -4.785151e-01
    outer loop
      vertex   -1.010254e+01 5.000000e-01 -8.323606e+00
      vertex   -9.509799e+00 0.000000e+00 -8.235911e+00
      vertex   -9.998520e+00 0.000000e+00 -7.701018e+00
    endloop
  endfacet
  facet normal -5.120913e-01 -7.094488e-01 -4.841951e-01
    outer loop
      vertex   -1.010254e+01 5.000000e-01 -8.323606e+00
      vertex   -9.998520e+00 0.000000e+00 -7.701018e+00
      vertex   -1.059913e+01 5.000000e-01 -7.798414e+00
    endloop
  endfacet
  facet normal -5.061126e-01 -7.047848e-01 -4.971202e-01
    outer loop
      vertex   -1.059913e+01 5.000000e-01 -7.798414e+00
      vertex   -9.998520e+00 0.000000e+00 -7.701018e+00
      vertex   -1.050623e+01 0.000000e+00 -7.184119e+00
    endloop
  endfacet
  facet normal -4.938520e-01 -7.094553e-01 -5.027757e-01
    outer loop
      vertex   -1.059913e+01 5.000000e-01 -7.798414e+00
      vertex   -1.050623e+01 0.000000e+00 -7.184119e+00
      vertex   -1.111477e+01 5.000000e-01 -7.291924e+00
    endloop
  endfacet
  facet normal -4.878350e-01 -7.047831e-01 -5.150706e-01
    outer loop
      vertex   -1.111477e+01 5.000000e-01 -7.291924e+00
      vertex   -1.050623e+01 0.000000e+00 -7.184119e+00
      vertex   -1.103228e+01 0.000000e+00 -6.685888e+00
    endloop
  endfacet
  facet normal -4.749455e-01 -7.094521e-01 -5.206770e-01
    outer loop
      vertex   -1.111477e+01 5.000000e-01 -7.291924e+00
      vertex   -1.103228e+01 0.000000e+00 -6.685888e+00
      vertex   -1.164877e+01 5.000000e-01 -6.804827e+00
    endloop
  endfacet
  facet normal -4.689148e-01 -7.047912e-01 -5.323422e-01
    outer loop
      vertex   -1.164877e+01 5.000000e-01 -6.804827e+00
      vertex   -1.103228e+01 0.000000e+00 -6.685888e+00
      vertex   -1.157597e+01 0.000000e+00 -6.206976e+00
    endloop
  endfacet
  facet normal -4.553970e-01 -7.094391e-01 -5.378753e-01
    outer loop
      vertex   -1.164877e+01 5.000000e-01 -6.804827e+00
      vertex   -1.157597e+01 0.000000e+00 -6.206976e+00
      vertex   -1.220039e+01 5.000000e-01 -6.337787e+00
    endloop
  endfacet
  facet normal -4.493774e-01 -7.048090e-01 -5.489118e-01
    outer loop
      vertex   -1.220039e+01 5.000000e-01 -6.337787e+00
      vertex   -1.157597e+01 0.000000e+00 -6.206976e+00
      vertex   -1.213660e+01 0.000000e+00 -5.748006e+00
    endloop
  endfacet
  facet normal -4.352322e-01 -7.094163e-01 -5.543478e-01
    outer loop
      vertex   -1.220039e+01 5.000000e-01 -6.337787e+00
      vertex   -1.213660e+01 0.000000e+00 -5.748006e+00
      vertex   -1.276890e+01 5.000000e-01 -5.891441e+00
    endloop
  endfacet
  facet normal -4.292492e-01 -7.048365e-01 -5.647572e-01
    outer loop
      vertex   -1.276890e+01 5.000000e-01 -5.891441e+00
      vertex   -1.213660e+01 0.000000e+00 -5.748006e+00
      vertex   -1.271344e+01 0.000000e+00 -5.309577e+00
    endloop
  endfacet
  facet normal -4.144778e-01 -7.093838e-01 -5.700726e-01
    outer loop
      vertex   -1.276890e+01 5.000000e-01 -5.891441e+00
      vertex   -1.271344e+01 0.000000e+00 -5.309577e+00
      vertex   -1.335350e+01 5.000000e-01 -5.466400e+00
    endloop
  endfacet
  facet normal -4.085573e-01 -7.048736e-01 -5.798570e-01
    outer loop
      vertex   -1.335350e+01 5.000000e-01 -5.466400e+00
      vertex   -1.271344e+01 0.000000e+00 -5.309577e+00
      vertex   -1.330573e+01 0.000000e+00 -4.892260e+00
    endloop
  endfacet
  facet normal -3.931612e-01 -7.093415e-01 -5.850290e-01
    outer loop
      vertex   -1.335350e+01 5.000000e-01 -5.466400e+00
      vertex   -1.330573e+01 0.000000e+00 -4.892260e+00
      vertex   -1.395340e+01 5.000000e-01 -5.063243e+00
    endloop
  endfacet
  facet normal -3.873295e-01 -7.049205e-01 -5.941910e-01
    outer loop
      vertex   -1.395340e+01 5.000000e-01 -5.063243e+00
      vertex   -1.330573e+01 0.000000e+00 -4.892260e+00
      vertex   -1.391270e+01 0.000000e+00 -4.496601e+00
    endloop
  endfacet
  facet normal -3.713106e-01 -7.092895e-01 -5.991969e-01
    outer loop
      vertex   -1.395340e+01 5.000000e-01 -5.063243e+00
      vertex   -1.391270e+01 0.000000e+00 -4.496601e+00
      vertex   -1.456779e+01 5.000000e-01 -4.682520e+00
    endloop
  endfacet
  facet normal -3.655945e-01 -7.049770e-01 -6.077401e-01
    outer loop
      vertex   -1.456779e+01 5.000000e-01 -4.682520e+00
      vertex   -1.391270e+01 0.000000e+00 -4.496601e+00
      vertex   -1.453356e+01 0.000000e+00 -4.123114e+00
    endloop
  endfacet
  facet normal -3.489547e-01 -7.092276e-01 -6.125576e-01
    outer loop
      vertex   -1.456779e+01 5.000000e-01 -4.682520e+00
      vertex   -1.453356e+01 0.000000e+00 -4.123114e+00
      vertex   -1.519582e+01 5.000000e-01 -4.324752e+00
    endloop
  endfacet
  facet normal -3.433815e-01 -7.050433e-01 -6.204862e-01
    outer loop
      vertex   -1.519582e+01 5.000000e-01 -4.324752e+00
      vertex   -1.453356e+01 0.000000e+00 -4.123114e+00
      vertex   -1.516749e+01 0.000000e+00 -3.772287e+00
    endloop
  endfacet
  facet normal -3.261231e-01 -7.091560e-01 -6.250931e-01
    outer loop
      vertex   -1.519582e+01 5.000000e-01 -4.324752e+00
      vertex   -1.516749e+01 0.000000e+00 -3.772287e+00
      vertex   -1.583663e+01 5.000000e-01 -3.990426e+00
    endloop
  endfacet
  facet normal -3.207206e-01 -7.051192e-01 -6.324123e-01
    outer loop
      vertex   -1.583663e+01 5.000000e-01 -3.990426e+00
      vertex   -1.516749e+01 0.000000e+00 -3.772287e+00
      vertex   -1.581369e+01 0.000000e+00 -3.444578e+00
    endloop
  endfacet
  facet normal -3.028459e-01 -7.090746e-01 -6.367869e-01
    outer loop
      vertex   -1.583663e+01 5.000000e-01 -3.990426e+00
      vertex   -1.581369e+01 0.000000e+00 -3.444578e+00
      vertex   -1.648936e+01 5.000000e-01 -3.679999e+00
    endloop
  endfacet
  facet normal -2.976423e-01 -7.052047e-01 -6.435024e-01
    outer loop
      vertex   -1.648936e+01 5.000000e-01 -3.679999e+00
      vertex   -1.581369e+01 0.000000e+00 -3.444578e+00
      vertex   -1.647129e+01 0.000000e+00 -3.140414e+00
    endloop
  endfacet
  facet normal -2.791538e-01 -7.089834e-01 -6.476231e-01
    outer loop
      vertex   -1.648936e+01 5.000000e-01 -3.679999e+00
      vertex   -1.647129e+01 0.000000e+00 -3.140414e+00
      vertex   -1.715311e+01 5.000000e-01 -3.393894e+00
    endloop
  endfacet
  facet normal -2.741777e-01 -7.052999e-01 -6.537420e-01
    outer loop
      vertex   -1.715311e+01 5.000000e-01 -3.393894e+00
      vertex   -1.647129e+01 0.000000e+00 -3.140414e+00
      vertex   -1.713945e+01 0.000000e+00 -2.860190e+00
    endloop
  endfacet
  facet normal -2.550779e-01 -7.088824e-01 -6.575872e-01
    outer loop
      vertex   -1.715311e+01 5.000000e-01 -3.393894e+00
      vertex   -1.713945e+01 0.000000e+00 -2.860190e+00
      vertex   -1.782697e+01 5.000000e-01 -3.132502e+00
    endloop
  endfacet
  facet normal -2.503584e-01 -7.054048e-01 -6.631175e-01
    outer loop
      vertex   -1.782697e+01 5.000000e-01 -3.132502e+00
      vertex   -1.713945e+01 0.000000e+00 -2.860190e+00
      vertex   -1.781729e+01 0.000000e+00 -2.604274e+00
    endloop
  endfacet
  facet normal -2.306502e-01 -7.087716e-01 -6.666658e-01
    outer loop
      vertex   -1.782697e+01 5.000000e-01 -3.132502e+00
      vertex   -1.781729e+01 0.000000e+00 -2.604274e+00
      vertex   -1.851003e+01 5.000000e-01 -2.896180e+00
    endloop
  endfacet
  facet normal -2.262167e-01 -7.055192e-01 -6.716164e-01
    outer loop
      vertex   -1.851003e+01 5.000000e-01 -2.896180e+00
      vertex   -1.781729e+01 0.000000e+00 -2.604274e+00
      vertex   -1.850392e+01 0.000000e+00 -2.372998e+00
    endloop
  endfacet
  facet normal -2.059027e-01 -7.086509e-01 -6.748466e-01
    outer loop
      vertex   -1.851003e+01 5.000000e-01 -2.896180e+00
      vertex   -1.850392e+01 0.000000e+00 -2.372998e+00
      vertex   -1.920136e+01 5.000000e-01 -2.685250e+00
    endloop
  endfacet
  facet normal -2.017850e-01 -7.056433e-01 -6.792277e-01
    outer loop
      vertex   -1.920136e+01 5.000000e-01 -2.685250e+00
      vertex   -1.850392e+01 0.000000e+00 -2.372998e+00
      vertex   -1.919846e+01 0.000000e+00 -2.166664e+00
    endloop
  endfacet
  facet normal -1.808682e-01 -7.085204e-01 -6.821184e-01
    outer loop
      vertex   -1.920136e+01 5.000000e-01 -2.685250e+00
      vertex   -1.919846e+01 0.000000e+00 -2.166664e+00
      vertex   -1.990000e+01 5.000000e-01 -2.500000e+00
    endloop
  endfacet
  facet normal -1.770964e-01 -7.057770e-01 -6.859415e-01
    outer loop
      vertex   -1.990000e+01 5.000000e-01 -2.500000e+00
      vertex   -1.919846e+01 0.000000e+00 -2.166664e+00
      vertex   -1.990000e+01 0.000000e+00 -1.985541e+00
    endloop
  endfacet
  facet normal 0.000000e+00 0.000000e+00 -1.000000e+00
    outer loop
      vertex   1.100000e+01 8.500000e+00 7.500000e+00
      vertex   1.990000e+01 8.500000e+00 7.500000e+00
      vertex   1.100000e+01 8.000000e+00 7.500000e+00
    endloop
  endfacet
  facet normal 0.000000e+00 0.000000e+00 -1.000000e+00
    outer loop
      vertex   1.100000e+01 8.000000e+00 7.500000e+00
      vertex   1.990000e+01 8.500000e+00 7.500000e+00
      vertex   1.990000e+01 8.000000e+00 7.500000e+00
    endloop
  endfacet
  facet normal 0.000000e+00 0.000000e+00 1.000000e+00
    outer loop
      vertex   1.990000e+01 8.500000e+00 1.650000e+01
      vertex   1.100000e+01 8.500000e+00 1.650000e+01
      vertex   1.990000e+01 8.000000e+00 1.650000e+01
    endloop
  endfacet
  facet normal 0.000000e+00 0.000000e+00 1.000000e+00
    outer loop
      vertex   1.990000e+01 8.000000e+00 1.650000e+01
      vertex   1.100000e+01 8.500000e+00 1.650000e+01
      vertex   1.100000e+01 8.000000e+00 1.650000e+01
    endloop
  endfacet
  facet normal 0.000000e+00 0.000000e+00 1.000000e+00
    outer loop
      vertex   -1.100000e+01 8.500000e+00 1.650000e+01
      vertex   -1.990000e+01 8.500000e+00 1.650000e+01
      vertex   -1.100000e+01 8.000000e+00 1.650000e+01
    endloop
  endfacet
  facet normal 0.000000e+00 0.000000e+00 1.000000e+00
    outer loop
      vertex   -1.100000e+01 8.000000e+00 1.650000e+01
      vertex   -1.990000e+01 8.500000e+00 1.650000e+01
      vertex   -1.990000e+01 8.000000e+00 1.650000e+01
    endloop
  endfacet
  facet normal 0.000000e+00 0.000000e+00 -1.000000e+00
    outer loop
      vertex   -1.990000e+01 8.500000e+00 7.500000e+00
      vertex   -1.100000e+01 8.500000e+00 7.500000e+00
      vertex   -1.990000e+01 8.000000e+00 7.500000e+00
    endloop
  endfacet
  facet normal 0.000000e+00 0.000000e+00 -1.000000e+00
    outer loop
      vertex   -1.990000e+01 8.000000e+00 7.500000e+00
      vertex   -1.100000e+01 8.500000e+00 7.500000e+00
      vertex   -1.100000e+01 8.000000e+00 7.500000e+00
    endloop
  endfacet
  facet normal 0.000000e+00 7.071068e-01 -7.071068e-01
    outer loop
      vertex   -1.100000e+01 8.500000e+00 7.500000e+00
      vertex   -1.990000e+01 8.500000e+00 7.500000e+00
      vertex   -1.100000e+01 9.000000e+00 8.000000e+00
    endloop
  endfacet
  facet normal 0.000000e+00 7.071068e-01 -7.071068e-01
    outer loop
      vertex   -1.100000e+01 9.000000e+00 8.000000e+00
      vertex   -1.990000e+01 8.500000e+00 7.500000e+00
      vertex   -1.990000e+01 9.000000e+00 8.000000e+00
    endloop
  endfacet
  facet normal -0.000000e+00 7.071068e-01 7.071068e-01
    outer loop
      vertex   -1.990000e+01 8.500000e+00 1.650000e+01
      vertex   -1.100000e+01 8.500000e+00 1.650000e+01
      vertex   -1.990000e+01 9.000000e+00 1.600000e+01
    endloop
  endfacet
  facet normal -0.000000e+00 7.071068e-01 7.071068e-01
    outer loop
      vertex   -1.990000e+01 9.000000e+00 1.600000e+01
      vertex   -1.100000e+01 8.500000e+00 1.650000e+01
      vertex   -1.100000e+01 9.000000e+00 1.600000e+01
    endloop
  endfacet
  facet normal 0.000000e+00 7.071068e-01 -7.071068e-01
    outer loop
      vertex   1.990000e+01 8.500000e+00 7.500000e+00
      vertex   1.100000e+01 8.500000e+00 7.500000e+00
      vertex   1.990000e+01 9.000000e+00 8.000000e+00
    endloop
  endfacet
  facet normal 0.000000e+00 7.071068e-01 -7.071068e-01
    outer loop
      vertex   1.990000e+01 9.000000e+00 8.000000e+00
      vertex   1.100000e+01 8.500000e+00 7.500000e+00
      vertex   1.100000e+01 9.000000e+00 8.000000e+00
    endloop
  endfacet
  facet normal -0.000000e+00 7.071068e-01 7.071068e-01
    outer loop
      vertex   1.100000e+01 8.500000e+00 1.650000e+01
      vertex   1.990000e+01 8.500000e+00 1.650000e+01
      vertex   1.100000e+01 9.000000e+00 1.600000e+01
    endloop
  endfacet
  facet normal -0.000000e+00 7.071068e-01 7.071068e-01
    outer loop
      vertex   1.100000e+01 9.000000e+00 1.600000e+01
      vertex   1.990000e+01 8.500000e+00 1.650000e+01
      vertex   1.990000e+01 9.000000e+00 1.600000e+01
    endloop
  endfacet
endsolid
