ISO-10303-21;
HEADER;
/* Generated by software containing ST-Developer
 * from STEP Tools, Inc. (www.steptools.com) 
 */

FILE_DESCRIPTION(
/* description */ ('STEP AP214'),
/* implementation_level */ '2;1');

FILE_NAME(
/* name */ '2x_extrude_gear.step',
/* time_stamp */ '2026-09-12T10:21:44+02:00',
/* author */ (''),
/* organization */ (''),
/* preprocessor_version */ 'ST-DEVELOPER v20.2',
/* originating_system */ 'Autodesk Translation Framework v15.15.0.0',
/* authorisation */ '');

FILE_SCHEMA (('AUTOMOTIVE_DESIGN { 1 0 10303 214 3 1 1 }'));
ENDSEC;

DATA;
#10=MECHANICAL_DESIGN_GEOMETRIC_PRESENTATION_REPRESENTATION('',(#25),#8330);
#11=ITEM_DEFINED_TRANSFORMATION($,$,#3946,#4308);
#12=ITEM_DEFINED_TRANSFORMATION($,$,#3945,#4309);
#13=ITEM_DEFINED_TRANSFORMATION($,$,#3944,#4310);
#14=(
REPRESENTATION_RELATIONSHIP($,$,#8349,#8348)
REPRESENTATION_RELATIONSHIP_WITH_TRANSFORMATION(#11)
SHAPE_REPRESENTATION_RELATIONSHIP()
);
#15=(
REPRESENTATION_RELATIONSHIP($,$,#8348,#8347)
REPRESENTATION_RELATIONSHIP_WITH_TRANSFORMATION(#12)
SHAPE_REPRESENTATION_RELATIONSHIP()
);
#16=(
REPRESENTATION_RELATIONSHIP($,$,#8347,#8346)
REPRESENTATION_RELATIONSHIP_WITH_TRANSFORMATION(#13)
SHAPE_REPRESENTATION_RELATIONSHIP()
);
#17=CONTEXT_DEPENDENT_SHAPE_REPRESENTATION(#14,#8343);
#18=CONTEXT_DEPENDENT_SHAPE_REPRESENTATION(#15,#8344);
#19=CONTEXT_DEPENDENT_SHAPE_REPRESENTATION(#16,#8345);
#20=NEXT_ASSEMBLY_USAGE_OCCURRENCE('extrude_gear:1','extrude_gear:1',
'extrude_gear:1',#8353,#8354,'extrude_gear:1');
#21=NEXT_ASSEMBLY_USAGE_OCCURRENCE('extrude_gear_assumble:1',
'extrude_gear_assumble:1','extrude_gear_assumble:1',#8352,#8353,
'extrude_gear_assumble:1');
#22=NEXT_ASSEMBLY_USAGE_OCCURRENCE('gear_set_assumble:1',
'gear_set_assumble:1','gear_set_assumble:1',#8351,#8352,
'gear_set_assumble:1');
#23=SHAPE_REPRESENTATION_RELATIONSHIP('SRR','None',#8349,#24);
#24=ADVANCED_BREP_SHAPE_REPRESENTATION('',(#26),#8329);
#25=STYLED_ITEM('',(#8372),#26);
#26=MANIFOLD_SOLID_BREP('Body1',#3930);
#27=B_SPLINE_SURFACE_WITH_KNOTS('',4,1,((#7096,#7097),(#7098,#7099),(#7100,
#7101),(#7102,#7103),(#7104,#7105),(#7106,#7107),(#7108,#7109),(#7110,#7111),
(#7112,#7113),(#7114,#7115)),.UNSPECIFIED.,.F.,.F.,.F.,(5,1,1,1,1,1,5),
(2,2),(0.787842817970721,0.816980396086984,0.862480781482843,0.88055910052511,
0.89400723234716,0.903714171653078,0.909090919084766),(0.,0.96),
 .UNSPECIFIED.);
#28=B_SPLINE_SURFACE_WITH_KNOTS('',4,1,((#7116,#7117),(#7118,#7119),(#7120,
#7121),(#7122,#7123),(#7124,#7125),(#7126,#7127),(#7128,#7129),(#7130,#7131),
(#7132,#7133),(#7134,#7135)),.UNSPECIFIED.,.F.,.F.,.F.,(5,1,1,1,1,1,5),
(2,2),(0.787842817970721,0.816980396086984,0.862480781482843,0.88055910052511,
0.89400723234716,0.903714171653078,0.909090919084766),(0.,0.96),
 .UNSPECIFIED.);
#29=B_SPLINE_SURFACE_WITH_KNOTS('',4,1,((#7141,#7142),(#7143,#7144),(#7145,
#7146),(#7147,#7148),(#7149,#7150),(#7151,#7152),(#7153,#7154),(#7155,#7156),
(#7157,#7158),(#7159,#7160)),.UNSPECIFIED.,.F.,.F.,.F.,(5,1,1,1,1,1,5),
(2,2),(0.787842817970722,0.816980396086984,0.862480781482843,0.88055910052511,
0.89400723234716,0.903714171653078,0.909090919084766),(0.,0.96),
 .UNSPECIFIED.);
#30=B_SPLINE_SURFACE_WITH_KNOTS('',4,1,((#7170,#7171),(#7172,#7173),(#7174,
#7175),(#7176,#7177),(#7178,#7179),(#7180,#7181),(#7182,#7183),(#7184,#7185),
(#7186,#7187),(#7188,#7189)),.UNSPECIFIED.,.F.,.F.,.F.,(5,1,1,1,1,1,5),
(2,2),(0.787842817970721,0.816980396086984,0.862480781482843,0.88055910052511,
0.89400723234716,0.903714171653078,0.909090919084766),(0.,0.96),
 .UNSPECIFIED.);
#31=B_SPLINE_SURFACE_WITH_KNOTS('',4,1,((#7192,#7193),(#7194,#7195),(#7196,
#7197),(#7198,#7199),(#7200,#7201),(#7202,#7203),(#7204,#7205),(#7206,#7207),
(#7208,#7209),(#7210,#7211)),.UNSPECIFIED.,.F.,.F.,.F.,(5,1,1,1,1,1,5),
(2,2),(0.787842817970722,0.816980396086984,0.862480781482843,0.88055910052511,
0.89400723234716,0.903714171653078,0.909090919084766),(0.,0.96),
 .UNSPECIFIED.);
#32=B_SPLINE_SURFACE_WITH_KNOTS('',4,1,((#7221,#7222),(#7223,#7224),(#7225,
#7226),(#7227,#7228),(#7229,#7230),(#7231,#7232),(#7233,#7234),(#7235,#7236),
(#7237,#7238),(#7239,#7240)),.UNSPECIFIED.,.F.,.F.,.F.,(5,1,1,1,1,1,5),
(2,2),(0.787842817970722,0.816980396086984,0.862480781482843,0.88055910052511,
0.89400723234716,0.903714171653078,0.909090919084766),(0.,0.96),
 .UNSPECIFIED.);
#33=B_SPLINE_SURFACE_WITH_KNOTS('',4,1,((#7243,#7244),(#7245,#7246),(#7247,
#7248),(#7249,#7250),(#7251,#7252),(#7253,#7254),(#7255,#7256),(#7257,#7258),
(#7259,#7260),(#7261,#7262)),.UNSPECIFIED.,.F.,.F.,.F.,(5,1,1,1,1,1,5),
(2,2),(0.787842817970722,0.816980396086984,0.862480781482843,0.88055910052511,
0.89400723234716,0.903714171653078,0.909090919084766),(0.,0.96),
 .UNSPECIFIED.);
#34=B_SPLINE_SURFACE_WITH_KNOTS('',4,1,((#7272,#7273),(#7274,#7275),(#7276,
#7277),(#7278,#7279),(#7280,#7281),(#7282,#7283),(#7284,#7285),(#7286,#7287),
(#7288,#7289),(#7290,#7291)),.UNSPECIFIED.,.F.,.F.,.F.,(5,1,1,1,1,1,5),
(2,2),(0.787842817970721,0.816980396086984,0.862480781482843,0.88055910052511,
0.89400723234716,0.903714171653078,0.909090919084766),(0.,0.96),
 .UNSPECIFIED.);
#35=B_SPLINE_SURFACE_WITH_KNOTS('',4,1,((#7294,#7295),(#7296,#7297),(#7298,
#7299),(#7300,#7301),(#7302,#7303),(#7304,#7305),(#7306,#7307),(#7308,#7309),
(#7310,#7311),(#7312,#7313)),.UNSPECIFIED.,.F.,.F.,.F.,(5,1,1,1,1,1,5),
(2,2),(0.787842817970722,0.816980396086984,0.862480781482843,0.88055910052511,
0.89400723234716,0.903714171653078,0.909090919084766),(0.,0.96),
 .UNSPECIFIED.);
#36=B_SPLINE_SURFACE_WITH_KNOTS('',4,1,((#7323,#7324),(#7325,#7326),(#7327,
#7328),(#7329,#7330),(#7331,#7332),(#7333,#7334),(#7335,#7336),(#7337,#7338),
(#7339,#7340),(#7341,#7342)),.UNSPECIFIED.,.F.,.F.,.F.,(5,1,1,1,1,1,5),
(2,2),(0.787842817970722,0.816980396086984,0.862480781482843,0.88055910052511,
0.89400723234716,0.903714171653078,0.909090919084766),(0.,0.96),
 .UNSPECIFIED.);
#37=B_SPLINE_SURFACE_WITH_KNOTS('',4,1,((#7345,#7346),(#7347,#7348),(#7349,
#7350),(#7351,#7352),(#7353,#7354),(#7355,#7356),(#7357,#7358),(#7359,#7360),
(#7361,#7362),(#7363,#7364)),.UNSPECIFIED.,.F.,.F.,.F.,(5,1,1,1,1,1,5),
(2,2),(0.787842817970722,0.816980396086984,0.862480781482843,0.88055910052511,
0.89400723234716,0.903714171653078,0.909090919084766),(0.,0.96),
 .UNSPECIFIED.);
#38=B_SPLINE_SURFACE_WITH_KNOTS('',4,1,((#7374,#7375),(#7376,#7377),(#7378,
#7379),(#7380,#7381),(#7382,#7383),(#7384,#7385),(#7386,#7387),(#7388,#7389),
(#7390,#7391),(#7392,#7393)),.UNSPECIFIED.,.F.,.F.,.F.,(5,1,1,1,1,1,5),
(2,2),(0.787842817970721,0.816980396086984,0.862480781482843,0.88055910052511,
0.89400723234716,0.903714171653078,0.909090919084766),(0.,0.96),
 .UNSPECIFIED.);
#39=B_SPLINE_SURFACE_WITH_KNOTS('',4,1,((#7396,#7397),(#7398,#7399),(#7400,
#7401),(#7402,#7403),(#7404,#7405),(#7406,#7407),(#7408,#7409),(#7410,#7411),
(#7412,#7413),(#7414,#7415)),.UNSPECIFIED.,.F.,.F.,.F.,(5,1,1,1,1,1,5),
(2,2),(0.787842817970722,0.816980396086984,0.862480781482843,0.88055910052511,
0.89400723234716,0.903714171653078,0.909090919084766),(0.,0.96),
 .UNSPECIFIED.);
#40=B_SPLINE_SURFACE_WITH_KNOTS('',4,1,((#7425,#7426),(#7427,#7428),(#7429,
#7430),(#7431,#7432),(#7433,#7434),(#7435,#7436),(#7437,#7438),(#7439,#7440),
(#7441,#7442),(#7443,#7444)),.UNSPECIFIED.,.F.,.F.,.F.,(5,1,1,1,1,1,5),
(2,2),(0.787842817970722,0.816980396086984,0.862480781482843,0.88055910052511,
0.89400723234716,0.903714171653078,0.909090919084766),(0.,0.96),
 .UNSPECIFIED.);
#41=B_SPLINE_SURFACE_WITH_KNOTS('',4,1,((#7447,#7448),(#7449,#7450),(#7451,
#7452),(#7453,#7454),(#7455,#7456),(#7457,#7458),(#7459,#7460),(#7461,#7462),
(#7463,#7464),(#7465,#7466)),.UNSPECIFIED.,.F.,.F.,.F.,(5,1,1,1,1,1,5),
(2,2),(0.787842817970722,0.816980396086984,0.862480781482843,0.88055910052511,
0.89400723234716,0.903714171653078,0.909090919084766),(0.,0.96),
 .UNSPECIFIED.);
#42=B_SPLINE_SURFACE_WITH_KNOTS('',4,1,((#7476,#7477),(#7478,#7479),(#7480,
#7481),(#7482,#7483),(#7484,#7485),(#7486,#7487),(#7488,#7489),(#7490,#7491),
(#7492,#7493),(#7494,#7495)),.UNSPECIFIED.,.F.,.F.,.F.,(5,1,1,1,1,1,5),
(2,2),(0.787842817970721,0.816980396086984,0.862480781482843,0.88055910052511,
0.89400723234716,0.903714171653078,0.909090919084766),(0.,0.96),
 .UNSPECIFIED.);
#43=B_SPLINE_SURFACE_WITH_KNOTS('',4,1,((#7498,#7499),(#7500,#7501),(#7502,
#7503),(#7504,#7505),(#7506,#7507),(#7508,#7509),(#7510,#7511),(#7512,#7513),
(#7514,#7515),(#7516,#7517)),.UNSPECIFIED.,.F.,.F.,.F.,(5,1,1,1,1,1,5),
(2,2),(0.787842817970722,0.816980396086984,0.862480781482843,0.88055910052511,
0.89400723234716,0.903714171653078,0.909090919084766),(0.,0.96),
 .UNSPECIFIED.);
#44=B_SPLINE_SURFACE_WITH_KNOTS('',4,1,((#7527,#7528),(#7529,#7530),(#7531,
#7532),(#7533,#7534),(#7535,#7536),(#7537,#7538),(#7539,#7540),(#7541,#7542),
(#7543,#7544),(#7545,#7546)),.UNSPECIFIED.,.F.,.F.,.F.,(5,1,1,1,1,1,5),
(2,2),(0.787842817970722,0.816980396086984,0.862480781482843,0.88055910052511,
0.89400723234716,0.903714171653078,0.909090919084766),(0.,0.96),
 .UNSPECIFIED.);
#45=B_SPLINE_SURFACE_WITH_KNOTS('',4,1,((#7549,#7550),(#7551,#7552),(#7553,
#7554),(#7555,#7556),(#7557,#7558),(#7559,#7560),(#7561,#7562),(#7563,#7564),
(#7565,#7566),(#7567,#7568)),.UNSPECIFIED.,.F.,.F.,.F.,(5,1,1,1,1,1,5),
(2,2),(0.787842817970721,0.816980396086984,0.862480781482843,0.88055910052511,
0.89400723234716,0.903714171653078,0.909090919084766),(0.,0.96),
 .UNSPECIFIED.);
#46=B_SPLINE_SURFACE_WITH_KNOTS('',4,1,((#7578,#7579),(#7580,#7581),(#7582,
#7583),(#7584,#7585),(#7586,#7587),(#7588,#7589),(#7590,#7591),(#7592,#7593),
(#7594,#7595),(#7596,#7597)),.UNSPECIFIED.,.F.,.F.,.F.,(5,1,1,1,1,1,5),
(2,2),(0.787842817970722,0.816980396086984,0.862480781482843,0.88055910052511,
0.89400723234716,0.903714171653078,0.909090919084766),(0.,0.96),
 .UNSPECIFIED.);
#47=B_SPLINE_SURFACE_WITH_KNOTS('',4,1,((#7600,#7601),(#7602,#7603),(#7604,
#7605),(#7606,#7607),(#7608,#7609),(#7610,#7611),(#7612,#7613),(#7614,#7615),
(#7616,#7617),(#7618,#7619)),.UNSPECIFIED.,.F.,.F.,.F.,(5,1,1,1,1,1,5),
(2,2),(0.787842817970721,0.816980396086984,0.862480781482843,0.88055910052511,
0.89400723234716,0.903714171653078,0.909090919084766),(0.,0.96),
 .UNSPECIFIED.);
#48=B_SPLINE_SURFACE_WITH_KNOTS('',4,1,((#7629,#7630),(#7631,#7632),(#7633,
#7634),(#7635,#7636),(#7637,#7638),(#7639,#7640),(#7641,#7642),(#7643,#7644),
(#7645,#7646),(#7647,#7648)),.UNSPECIFIED.,.F.,.F.,.F.,(5,1,1,1,1,1,5),
(2,2),(0.787842817970721,0.816980396086984,0.862480781482843,0.88055910052511,
0.89400723234716,0.903714171653078,0.909090919084766),(0.,0.96),
 .UNSPECIFIED.);
#49=B_SPLINE_SURFACE_WITH_KNOTS('',4,1,((#7651,#7652),(#7653,#7654),(#7655,
#7656),(#7657,#7658),(#7659,#7660),(#7661,#7662),(#7663,#7664),(#7665,#7666),
(#7667,#7668),(#7669,#7670)),.UNSPECIFIED.,.F.,.F.,.F.,(5,1,1,1,1,1,5),
(2,2),(0.787842817970721,0.816980396086984,0.862480781482843,0.88055910052511,
0.89400723234716,0.903714171653078,0.909090919084766),(0.,0.96),
 .UNSPECIFIED.);
#50=B_SPLINE_SURFACE_WITH_KNOTS('',4,1,((#7680,#7681),(#7682,#7683),(#7684,
#7685),(#7686,#7687),(#7688,#7689),(#7690,#7691),(#7692,#7693),(#7694,#7695),
(#7696,#7697),(#7698,#7699)),.UNSPECIFIED.,.F.,.F.,.F.,(5,1,1,1,1,1,5),
(2,2),(0.787842817970721,0.816980396086984,0.862480781482843,0.88055910052511,
0.89400723234716,0.903714171653078,0.909090919084766),(0.,0.96),
 .UNSPECIFIED.);
#51=B_SPLINE_SURFACE_WITH_KNOTS('',4,1,((#7702,#7703),(#7704,#7705),(#7706,
#7707),(#7708,#7709),(#7710,#7711),(#7712,#7713),(#7714,#7715),(#7716,#7717),
(#7718,#7719),(#7720,#7721)),.UNSPECIFIED.,.F.,.F.,.F.,(5,1,1,1,1,1,5),
(2,2),(0.787842817970722,0.816980396086984,0.862480781482843,0.88055910052511,
0.89400723234716,0.903714171653078,0.909090919084766),(0.,0.96),
 .UNSPECIFIED.);
#52=B_SPLINE_SURFACE_WITH_KNOTS('',4,1,((#7731,#7732),(#7733,#7734),(#7735,
#7736),(#7737,#7738),(#7739,#7740),(#7741,#7742),(#7743,#7744),(#7745,#7746),
(#7747,#7748),(#7749,#7750)),.UNSPECIFIED.,.F.,.F.,.F.,(5,1,1,1,1,1,5),
(2,2),(0.787842817970721,0.816980396086984,0.862480781482843,0.88055910052511,
0.89400723234716,0.903714171653078,0.909090919084766),(0.,0.96),
 .UNSPECIFIED.);
#53=B_SPLINE_SURFACE_WITH_KNOTS('',4,1,((#7753,#7754),(#7755,#7756),(#7757,
#7758),(#7759,#7760),(#7761,#7762),(#7763,#7764),(#7765,#7766),(#7767,#7768),
(#7769,#7770),(#7771,#7772)),.UNSPECIFIED.,.F.,.F.,.F.,(5,1,1,1,1,1,5),
(2,2),(0.787842817970722,0.816980396086984,0.862480781482843,0.88055910052511,
0.89400723234716,0.903714171653078,0.909090919084766),(0.,0.96),
 .UNSPECIFIED.);
#54=B_SPLINE_SURFACE_WITH_KNOTS('',4,1,((#7782,#7783),(#7784,#7785),(#7786,
#7787),(#7788,#7789),(#7790,#7791),(#7792,#7793),(#7794,#7795),(#7796,#7797),
(#7798,#7799),(#7800,#7801)),.UNSPECIFIED.,.F.,.F.,.F.,(5,1,1,1,1,1,5),
(2,2),(0.787842817970721,0.816980396086984,0.862480781482843,0.88055910052511,
0.89400723234716,0.903714171653078,0.909090919084766),(0.,0.96),
 .UNSPECIFIED.);
#55=B_SPLINE_SURFACE_WITH_KNOTS('',4,1,((#7804,#7805),(#7806,#7807),(#7808,
#7809),(#7810,#7811),(#7812,#7813),(#7814,#7815),(#7816,#7817),(#7818,#7819),
(#7820,#7821),(#7822,#7823)),.UNSPECIFIED.,.F.,.F.,.F.,(5,1,1,1,1,1,5),
(2,2),(0.787842817970721,0.816980396086984,0.862480781482843,0.88055910052511,
0.89400723234716,0.903714171653078,0.909090919084766),(0.,0.96),
 .UNSPECIFIED.);
#56=B_SPLINE_SURFACE_WITH_KNOTS('',4,1,((#7833,#7834),(#7835,#7836),(#7837,
#7838),(#7839,#7840),(#7841,#7842),(#7843,#7844),(#7845,#7846),(#7847,#7848),
(#7849,#7850),(#7851,#7852)),.UNSPECIFIED.,.F.,.F.,.F.,(5,1,1,1,1,1,5),
(2,2),(0.787842817970721,0.816980396086984,0.862480781482843,0.88055910052511,
0.89400723234716,0.903714171653078,0.909090919084766),(0.,0.96),
 .UNSPECIFIED.);
#57=B_SPLINE_SURFACE_WITH_KNOTS('',4,1,((#7855,#7856),(#7857,#7858),(#7859,
#7860),(#7861,#7862),(#7863,#7864),(#7865,#7866),(#7867,#7868),(#7869,#7870),
(#7871,#7872),(#7873,#7874)),.UNSPECIFIED.,.F.,.F.,.F.,(5,1,1,1,1,1,5),
(2,2),(0.787842817970721,0.816980396086984,0.862480781482843,0.88055910052511,
0.89400723234716,0.903714171653078,0.909090919084766),(0.,0.96),
 .UNSPECIFIED.);
#58=B_SPLINE_SURFACE_WITH_KNOTS('',4,1,((#7884,#7885),(#7886,#7887),(#7888,
#7889),(#7890,#7891),(#7892,#7893),(#7894,#7895),(#7896,#7897),(#7898,#7899),
(#7900,#7901),(#7902,#7903)),.UNSPECIFIED.,.F.,.F.,.F.,(5,1,1,1,1,1,5),
(2,2),(0.787842817970721,0.816980396086984,0.862480781482843,0.88055910052511,
0.89400723234716,0.903714171653078,0.909090919084766),(0.,0.96),
 .UNSPECIFIED.);
#59=B_SPLINE_SURFACE_WITH_KNOTS('',4,1,((#7906,#7907),(#7908,#7909),(#7910,
#7911),(#7912,#7913),(#7914,#7915),(#7916,#7917),(#7918,#7919),(#7920,#7921),
(#7922,#7923),(#7924,#7925)),.UNSPECIFIED.,.F.,.F.,.F.,(5,1,1,1,1,1,5),
(2,2),(0.787842817970722,0.816980396086984,0.862480781482843,0.88055910052511,
0.89400723234716,0.903714171653078,0.909090919084766),(0.,0.96),
 .UNSPECIFIED.);
#60=B_SPLINE_SURFACE_WITH_KNOTS('',4,1,((#7935,#7936),(#7937,#7938),(#7939,
#7940),(#7941,#7942),(#7943,#7944),(#7945,#7946),(#7947,#7948),(#7949,#7950),
(#7951,#7952),(#7953,#7954)),.UNSPECIFIED.,.F.,.F.,.F.,(5,1,1,1,1,1,5),
(2,2),(0.787842817970722,0.816980396086984,0.862480781482843,0.88055910052511,
0.89400723234716,0.903714171653078,0.909090919084766),(0.,0.96),
 .UNSPECIFIED.);
#61=B_SPLINE_SURFACE_WITH_KNOTS('',4,1,((#7957,#7958),(#7959,#7960),(#7961,
#7962),(#7963,#7964),(#7965,#7966),(#7967,#7968),(#7969,#7970),(#7971,#7972),
(#7973,#7974),(#7975,#7976)),.UNSPECIFIED.,.F.,.F.,.F.,(5,1,1,1,1,1,5),
(2,2),(0.787842817970722,0.816980396086984,0.862480781482843,0.88055910052511,
0.89400723234716,0.903714171653078,0.909090919084766),(0.,0.96),
 .UNSPECIFIED.);
#62=B_SPLINE_SURFACE_WITH_KNOTS('',4,1,((#7986,#7987),(#7988,#7989),(#7990,
#7991),(#7992,#7993),(#7994,#7995),(#7996,#7997),(#7998,#7999),(#8000,#8001),
(#8002,#8003),(#8004,#8005)),.UNSPECIFIED.,.F.,.F.,.F.,(5,1,1,1,1,1,5),
(2,2),(0.787842817970722,0.816980396086984,0.862480781482843,0.88055910052511,
0.89400723234716,0.903714171653078,0.909090919084766),(0.,0.96),
 .UNSPECIFIED.);
#63=B_SPLINE_SURFACE_WITH_KNOTS('',4,1,((#8008,#8009),(#8010,#8011),(#8012,
#8013),(#8014,#8015),(#8016,#8017),(#8018,#8019),(#8020,#8021),(#8022,#8023),
(#8024,#8025),(#8026,#8027)),.UNSPECIFIED.,.F.,.F.,.F.,(5,1,1,1,1,1,5),
(2,2),(0.787842817970721,0.816980396086984,0.862480781482843,0.88055910052511,
0.89400723234716,0.903714171653078,0.909090919084766),(0.,0.96),
 .UNSPECIFIED.);
#64=B_SPLINE_SURFACE_WITH_KNOTS('',4,1,((#8037,#8038),(#8039,#8040),(#8041,
#8042),(#8043,#8044),(#8045,#8046),(#8047,#8048),(#8049,#8050),(#8051,#8052),
(#8053,#8054),(#8055,#8056)),.UNSPECIFIED.,.F.,.F.,.F.,(5,1,1,1,1,1,5),
(2,2),(0.787842817970721,0.816980396086984,0.862480781482843,0.88055910052511,
0.89400723234716,0.903714171653078,0.909090919084766),(0.,0.96),
 .UNSPECIFIED.);
#65=B_SPLINE_SURFACE_WITH_KNOTS('',4,1,((#8059,#8060),(#8061,#8062),(#8063,
#8064),(#8065,#8066),(#8067,#8068),(#8069,#8070),(#8071,#8072),(#8073,#8074),
(#8075,#8076),(#8077,#8078)),.UNSPECIFIED.,.F.,.F.,.F.,(5,1,1,1,1,1,5),
(2,2),(0.787842817970722,0.816980396086984,0.862480781482843,0.88055910052511,
0.89400723234716,0.903714171653078,0.909090919084766),(0.,0.96),
 .UNSPECIFIED.);
#66=B_SPLINE_SURFACE_WITH_KNOTS('',4,1,((#8088,#8089),(#8090,#8091),(#8092,
#8093),(#8094,#8095),(#8096,#8097),(#8098,#8099),(#8100,#8101),(#8102,#8103),
(#8104,#8105),(#8106,#8107)),.UNSPECIFIED.,.F.,.F.,.F.,(5,1,1,1,1,1,5),
(2,2),(0.787842817970721,0.816980396086984,0.862480781482843,0.88055910052511,
0.89400723234716,0.903714171653078,0.909090919084766),(0.,0.96),
 .UNSPECIFIED.);
#67=B_SPLINE_SURFACE_WITH_KNOTS('',4,1,((#8110,#8111),(#8112,#8113),(#8114,
#8115),(#8116,#8117),(#8118,#8119),(#8120,#8121),(#8122,#8123),(#8124,#8125),
(#8126,#8127),(#8128,#8129)),.UNSPECIFIED.,.F.,.F.,.F.,(5,1,1,1,1,1,5),
(2,2),(0.787842817970721,0.816980396086984,0.862480781482843,0.88055910052511,
0.89400723234716,0.903714171653078,0.909090919084766),(0.,0.96),
 .UNSPECIFIED.);
#68=B_SPLINE_SURFACE_WITH_KNOTS('',4,1,((#8139,#8140),(#8141,#8142),(#8143,
#8144),(#8145,#8146),(#8147,#8148),(#8149,#8150),(#8151,#8152),(#8153,#8154),
(#8155,#8156),(#8157,#8158)),.UNSPECIFIED.,.F.,.F.,.F.,(5,1,1,1,1,1,5),
(2,2),(0.787842817970722,0.816980396086984,0.862480781482843,0.88055910052511,
0.89400723234716,0.903714171653078,0.909090919084766),(0.,0.96),
 .UNSPECIFIED.);
#69=B_SPLINE_SURFACE_WITH_KNOTS('',4,1,((#8161,#8162),(#8163,#8164),(#8165,
#8166),(#8167,#8168),(#8169,#8170),(#8171,#8172),(#8173,#8174),(#8175,#8176),
(#8177,#8178),(#8179,#8180)),.UNSPECIFIED.,.F.,.F.,.F.,(5,1,1,1,1,1,5),
(2,2),(0.787842817970722,0.816980396086984,0.862480781482843,0.88055910052511,
0.89400723234716,0.903714171653078,0.909090919084766),(0.,0.96),
 .UNSPECIFIED.);
#70=B_SPLINE_SURFACE_WITH_KNOTS('',4,1,((#8190,#8191),(#8192,#8193),(#8194,
#8195),(#8196,#8197),(#8198,#8199),(#8200,#8201),(#8202,#8203),(#8204,#8205),
(#8206,#8207),(#8208,#8209)),.UNSPECIFIED.,.F.,.F.,.F.,(5,1,1,1,1,1,5),
(2,2),(0.787842817970721,0.816980396086984,0.862480781482843,0.88055910052511,
0.89400723234716,0.903714171653078,0.909090919084766),(0.,0.96),
 .UNSPECIFIED.);
#71=B_SPLINE_SURFACE_WITH_KNOTS('',4,1,((#8212,#8213),(#8214,#8215),(#8216,
#8217),(#8218,#8219),(#8220,#8221),(#8222,#8223),(#8224,#8225),(#8226,#8227),
(#8228,#8229),(#8230,#8231)),.UNSPECIFIED.,.F.,.F.,.F.,(5,1,1,1,1,1,5),
(2,2),(0.787842817970722,0.816980396086984,0.862480781482843,0.88055910052511,
0.89400723234716,0.903714171653078,0.909090919084766),(0.,0.96),
 .UNSPECIFIED.);
#72=B_SPLINE_SURFACE_WITH_KNOTS('',4,1,((#8241,#8242),(#8243,#8244),(#8245,
#8246),(#8247,#8248),(#8249,#8250),(#8251,#8252),(#8253,#8254),(#8255,#8256),
(#8257,#8258),(#8259,#8260)),.UNSPECIFIED.,.F.,.F.,.F.,(5,1,1,1,1,1,5),
(2,2),(0.787842817970722,0.816980396086984,0.862480781482843,0.88055910052511,
0.89400723234716,0.903714171653078,0.909090919084766),(0.,0.96),
 .UNSPECIFIED.);
#73=B_SPLINE_SURFACE_WITH_KNOTS('',4,1,((#8263,#8264),(#8265,#8266),(#8267,
#8268),(#8269,#8270),(#8271,#8272),(#8273,#8274),(#8275,#8276),(#8277,#8278),
(#8279,#8280),(#8281,#8282)),.UNSPECIFIED.,.F.,.F.,.F.,(5,1,1,1,1,1,5),
(2,2),(0.787842817970722,0.816980396086984,0.862480781482843,0.88055910052511,
0.89400723234716,0.903714171653078,0.909090919084766),(0.,0.96),
 .UNSPECIFIED.);
#74=B_SPLINE_SURFACE_WITH_KNOTS('',4,1,((#8292,#8293),(#8294,#8295),(#8296,
#8297),(#8298,#8299),(#8300,#8301),(#8302,#8303),(#8304,#8305),(#8306,#8307),
(#8308,#8309),(#8310,#8311)),.UNSPECIFIED.,.F.,.F.,.F.,(5,1,1,1,1,1,5),
(2,2),(0.787842817970721,0.816980396086984,0.862480781482843,0.88055910052511,
0.89400723234716,0.903714171653078,0.909090919084766),(0.,0.96),
 .UNSPECIFIED.);
#75=FACE_BOUND('',#569,.T.);
#76=FACE_BOUND('',#570,.T.);
#77=FACE_BOUND('',#571,.T.);
#78=FACE_BOUND('',#573,.T.);
#79=FACE_BOUND('',#743,.T.);
#80=FACE_BOUND('',#745,.T.);
#81=B_SPLINE_CURVE_WITH_KNOTS('',4,(#5602,#5603,#5604,#5605,#5606,#5607,
#5608,#5609,#5610,#5611),.UNSPECIFIED.,.F.,.F.,(5,1,1,1,1,1,5),(0.787842817970722,
0.816980396086984,0.862480781482843,0.88055910052511,0.89400723234716,0.903714171653078,
0.909090919084766),.UNSPECIFIED.);
#82=B_SPLINE_CURVE_WITH_KNOTS('',4,(#5613,#5614,#5615,#5616,#5617,#5618,
#5619,#5620,#5621,#5622),.UNSPECIFIED.,.F.,.F.,(5,1,1,1,1,1,5),(0.787842817970721,
0.816980396086984,0.862480781482843,0.88055910052511,0.89400723234716,0.903714171653078,
0.909090919084766),.UNSPECIFIED.);
#83=B_SPLINE_CURVE_WITH_KNOTS('',4,(#5633,#5634,#5635,#5636,#5637,#5638,
#5639,#5640,#5641,#5642),.UNSPECIFIED.,.F.,.F.,(5,1,1,1,1,1,5),(0.787842817970722,
0.816980396086984,0.862480781482843,0.88055910052511,0.89400723234716,0.903714171653078,
0.909090919084766),.UNSPECIFIED.);
#84=B_SPLINE_CURVE_WITH_KNOTS('',4,(#5644,#5645,#5646,#5647,#5648,#5649,
#5650,#5651,#5652,#5653),.UNSPECIFIED.,.F.,.F.,(5,1,1,1,1,1,5),(0.787842817970722,
0.816980396086984,0.862480781482843,0.88055910052511,0.89400723234716,0.903714171653078,
0.909090919084766),.UNSPECIFIED.);
#85=B_SPLINE_CURVE_WITH_KNOTS('',4,(#5664,#5665,#5666,#5667,#5668,#5669,
#5670,#5671,#5672,#5673),.UNSPECIFIED.,.F.,.F.,(5,1,1,1,1,1,5),(0.787842817970721,
0.816980396086984,0.862480781482843,0.88055910052511,0.89400723234716,0.903714171653078,
0.909090919084766),.UNSPECIFIED.);
#86=B_SPLINE_CURVE_WITH_KNOTS('',4,(#5675,#5676,#5677,#5678,#5679,#5680,
#5681,#5682,#5683,#5684),.UNSPECIFIED.,.F.,.F.,(5,1,1,1,1,1,5),(0.787842817970722,
0.816980396086984,0.862480781482843,0.88055910052511,0.89400723234716,0.903714171653078,
0.909090919084766),.UNSPECIFIED.);
#87=B_SPLINE_CURVE_WITH_KNOTS('',4,(#5695,#5696,#5697,#5698,#5699,#5700,
#5701,#5702,#5703,#5704),.UNSPECIFIED.,.F.,.F.,(5,1,1,1,1,1,5),(0.787842817970722,
0.816980396086984,0.862480781482843,0.88055910052511,0.89400723234716,0.903714171653078,
0.909090919084766),.UNSPECIFIED.);
#88=B_SPLINE_CURVE_WITH_KNOTS('',4,(#5706,#5707,#5708,#5709,#5710,#5711,
#5712,#5713,#5714,#5715),.UNSPECIFIED.,.F.,.F.,(5,1,1,1,1,1,5),(0.787842817970721,
0.816980396086984,0.862480781482843,0.88055910052511,0.89400723234716,0.903714171653078,
0.909090919084766),.UNSPECIFIED.);
#89=B_SPLINE_CURVE_WITH_KNOTS('',4,(#5726,#5727,#5728,#5729,#5730,#5731,
#5732,#5733,#5734,#5735),.UNSPECIFIED.,.F.,.F.,(5,1,1,1,1,1,5),(0.787842817970722,
0.816980396086984,0.862480781482843,0.88055910052511,0.89400723234716,0.903714171653078,
0.909090919084766),.UNSPECIFIED.);
#90=B_SPLINE_CURVE_WITH_KNOTS('',4,(#5737,#5738,#5739,#5740,#5741,#5742,
#5743,#5744,#5745,#5746),.UNSPECIFIED.,.F.,.F.,(5,1,1,1,1,1,5),(0.787842817970721,
0.816980396086984,0.862480781482843,0.88055910052511,0.89400723234716,0.903714171653078,
0.909090919084766),.UNSPECIFIED.);
#91=B_SPLINE_CURVE_WITH_KNOTS('',4,(#5757,#5758,#5759,#5760,#5761,#5762,
#5763,#5764,#5765,#5766),.UNSPECIFIED.,.F.,.F.,(5,1,1,1,1,1,5),(0.787842817970722,
0.816980396086984,0.862480781482843,0.88055910052511,0.89400723234716,0.903714171653078,
0.909090919084766),.UNSPECIFIED.);
#92=B_SPLINE_CURVE_WITH_KNOTS('',4,(#5768,#5769,#5770,#5771,#5772,#5773,
#5774,#5775,#5776,#5777),.UNSPECIFIED.,.F.,.F.,(5,1,1,1,1,1,5),(0.787842817970722,
0.816980396086984,0.862480781482843,0.88055910052511,0.89400723234716,0.903714171653078,
0.909090919084766),.UNSPECIFIED.);
#93=B_SPLINE_CURVE_WITH_KNOTS('',4,(#5788,#5789,#5790,#5791,#5792,#5793,
#5794,#5795,#5796,#5797),.UNSPECIFIED.,.F.,.F.,(5,1,1,1,1,1,5),(0.787842817970722,
0.816980396086984,0.862480781482843,0.88055910052511,0.89400723234716,0.903714171653078,
0.909090919084766),.UNSPECIFIED.);
#94=B_SPLINE_CURVE_WITH_KNOTS('',4,(#5799,#5800,#5801,#5802,#5803,#5804,
#5805,#5806,#5807,#5808),.UNSPECIFIED.,.F.,.F.,(5,1,1,1,1,1,5),(0.787842817970722,
0.816980396086984,0.862480781482843,0.88055910052511,0.89400723234716,0.903714171653078,
0.909090919084766),.UNSPECIFIED.);
#95=B_SPLINE_CURVE_WITH_KNOTS('',4,(#5819,#5820,#5821,#5822,#5823,#5824,
#5825,#5826,#5827,#5828),.UNSPECIFIED.,.F.,.F.,(5,1,1,1,1,1,5),(0.787842817970722,
0.816980396086984,0.862480781482843,0.88055910052511,0.89400723234716,0.903714171653078,
0.909090919084766),.UNSPECIFIED.);
#96=B_SPLINE_CURVE_WITH_KNOTS('',4,(#5830,#5831,#5832,#5833,#5834,#5835,
#5836,#5837,#5838,#5839),.UNSPECIFIED.,.F.,.F.,(5,1,1,1,1,1,5),(0.787842817970721,
0.816980396086984,0.862480781482843,0.88055910052511,0.89400723234716,0.903714171653078,
0.909090919084766),.UNSPECIFIED.);
#97=B_SPLINE_CURVE_WITH_KNOTS('',4,(#5850,#5851,#5852,#5853,#5854,#5855,
#5856,#5857,#5858,#5859),.UNSPECIFIED.,.F.,.F.,(5,1,1,1,1,1,5),(0.787842817970722,
0.816980396086984,0.862480781482843,0.88055910052511,0.89400723234716,0.903714171653078,
0.909090919084766),.UNSPECIFIED.);
#98=B_SPLINE_CURVE_WITH_KNOTS('',4,(#5861,#5862,#5863,#5864,#5865,#5866,
#5867,#5868,#5869,#5870),.UNSPECIFIED.,.F.,.F.,(5,1,1,1,1,1,5),(0.787842817970721,
0.816980396086984,0.862480781482843,0.88055910052511,0.89400723234716,0.903714171653078,
0.909090919084766),.UNSPECIFIED.);
#99=B_SPLINE_CURVE_WITH_KNOTS('',4,(#5881,#5882,#5883,#5884,#5885,#5886,
#5887,#5888,#5889,#5890),.UNSPECIFIED.,.F.,.F.,(5,1,1,1,1,1,5),(0.787842817970721,
0.816980396086984,0.862480781482843,0.88055910052511,0.89400723234716,0.903714171653078,
0.909090919084766),.UNSPECIFIED.);
#100=B_SPLINE_CURVE_WITH_KNOTS('',4,(#5892,#5893,#5894,#5895,#5896,#5897,
#5898,#5899,#5900,#5901),.UNSPECIFIED.,.F.,.F.,(5,1,1,1,1,1,5),(0.787842817970721,
0.816980396086984,0.862480781482843,0.88055910052511,0.89400723234716,0.903714171653078,
0.909090919084766),.UNSPECIFIED.);
#101=B_SPLINE_CURVE_WITH_KNOTS('',4,(#5912,#5913,#5914,#5915,#5916,#5917,
#5918,#5919,#5920,#5921),.UNSPECIFIED.,.F.,.F.,(5,1,1,1,1,1,5),(0.787842817970722,
0.816980396086984,0.862480781482843,0.88055910052511,0.89400723234716,0.903714171653078,
0.909090919084766),.UNSPECIFIED.);
#102=B_SPLINE_CURVE_WITH_KNOTS('',4,(#5923,#5924,#5925,#5926,#5927,#5928,
#5929,#5930,#5931,#5932),.UNSPECIFIED.,.F.,.F.,(5,1,1,1,1,1,5),(0.787842817970721,
0.816980396086984,0.862480781482843,0.88055910052511,0.89400723234716,0.903714171653078,
0.909090919084766),.UNSPECIFIED.);
#103=B_SPLINE_CURVE_WITH_KNOTS('',4,(#5943,#5944,#5945,#5946,#5947,#5948,
#5949,#5950,#5951,#5952),.UNSPECIFIED.,.F.,.F.,(5,1,1,1,1,1,5),(0.787842817970721,
0.816980396086984,0.862480781482843,0.88055910052511,0.89400723234716,0.903714171653078,
0.909090919084766),.UNSPECIFIED.);
#104=B_SPLINE_CURVE_WITH_KNOTS('',4,(#5954,#5955,#5956,#5957,#5958,#5959,
#5960,#5961,#5962,#5963),.UNSPECIFIED.,.F.,.F.,(5,1,1,1,1,1,5),(0.787842817970721,
0.816980396086984,0.862480781482843,0.88055910052511,0.89400723234716,0.903714171653078,
0.909090919084766),.UNSPECIFIED.);
#105=B_SPLINE_CURVE_WITH_KNOTS('',4,(#5974,#5975,#5976,#5977,#5978,#5979,
#5980,#5981,#5982,#5983),.UNSPECIFIED.,.F.,.F.,(5,1,1,1,1,1,5),(0.787842817970721,
0.816980396086984,0.862480781482843,0.88055910052511,0.89400723234716,0.903714171653078,
0.909090919084766),.UNSPECIFIED.);
#106=B_SPLINE_CURVE_WITH_KNOTS('',4,(#5985,#5986,#5987,#5988,#5989,#5990,
#5991,#5992,#5993,#5994),.UNSPECIFIED.,.F.,.F.,(5,1,1,1,1,1,5),(0.787842817970722,
0.816980396086984,0.862480781482843,0.88055910052511,0.89400723234716,0.903714171653078,
0.909090919084766),.UNSPECIFIED.);
#107=B_SPLINE_CURVE_WITH_KNOTS('',4,(#6005,#6006,#6007,#6008,#6009,#6010,
#6011,#6012,#6013,#6014),.UNSPECIFIED.,.F.,.F.,(5,1,1,1,1,1,5),(0.787842817970721,
0.816980396086984,0.862480781482843,0.88055910052511,0.89400723234716,0.903714171653078,
0.909090919084766),.UNSPECIFIED.);
#108=B_SPLINE_CURVE_WITH_KNOTS('',4,(#6016,#6017,#6018,#6019,#6020,#6021,
#6022,#6023,#6024,#6025),.UNSPECIFIED.,.F.,.F.,(5,1,1,1,1,1,5),(0.787842817970722,
0.816980396086984,0.862480781482843,0.88055910052511,0.89400723234716,0.903714171653078,
0.909090919084766),.UNSPECIFIED.);
#109=B_SPLINE_CURVE_WITH_KNOTS('',4,(#6036,#6037,#6038,#6039,#6040,#6041,
#6042,#6043,#6044,#6045),.UNSPECIFIED.,.F.,.F.,(5,1,1,1,1,1,5),(0.787842817970722,
0.816980396086984,0.862480781482843,0.88055910052511,0.89400723234716,0.903714171653078,
0.909090919084766),.UNSPECIFIED.);
#110=B_SPLINE_CURVE_WITH_KNOTS('',4,(#6047,#6048,#6049,#6050,#6051,#6052,
#6053,#6054,#6055,#6056),.UNSPECIFIED.,.F.,.F.,(5,1,1,1,1,1,5),(0.787842817970721,
0.816980396086984,0.862480781482843,0.88055910052511,0.89400723234716,0.903714171653078,
0.909090919084766),.UNSPECIFIED.);
#111=B_SPLINE_CURVE_WITH_KNOTS('',4,(#6067,#6068,#6069,#6070,#6071,#6072,
#6073,#6074,#6075,#6076),.UNSPECIFIED.,.F.,.F.,(5,1,1,1,1,1,5),(0.787842817970722,
0.816980396086984,0.862480781482843,0.88055910052511,0.89400723234716,0.903714171653078,
0.909090919084766),.UNSPECIFIED.);
#112=B_SPLINE_CURVE_WITH_KNOTS('',4,(#6078,#6079,#6080,#6081,#6082,#6083,
#6084,#6085,#6086,#6087),.UNSPECIFIED.,.F.,.F.,(5,1,1,1,1,1,5),(0.787842817970721,
0.816980396086984,0.862480781482843,0.88055910052511,0.89400723234716,0.903714171653078,
0.909090919084766),.UNSPECIFIED.);
#113=B_SPLINE_CURVE_WITH_KNOTS('',4,(#6098,#6099,#6100,#6101,#6102,#6103,
#6104,#6105,#6106,#6107),.UNSPECIFIED.,.F.,.F.,(5,1,1,1,1,1,5),(0.787842817970722,
0.816980396086984,0.862480781482843,0.88055910052511,0.89400723234716,0.903714171653078,
0.909090919084766),.UNSPECIFIED.);
#114=B_SPLINE_CURVE_WITH_KNOTS('',4,(#6109,#6110,#6111,#6112,#6113,#6114,
#6115,#6116,#6117,#6118),.UNSPECIFIED.,.F.,.F.,(5,1,1,1,1,1,5),(0.787842817970721,
0.816980396086984,0.862480781482843,0.88055910052511,0.89400723234716,0.903714171653078,
0.909090919084766),.UNSPECIFIED.);
#115=B_SPLINE_CURVE_WITH_KNOTS('',4,(#6129,#6130,#6131,#6132,#6133,#6134,
#6135,#6136,#6137,#6138),.UNSPECIFIED.,.F.,.F.,(5,1,1,1,1,1,5),(0.787842817970721,
0.816980396086984,0.862480781482843,0.88055910052511,0.89400723234716,0.903714171653078,
0.909090919084766),.UNSPECIFIED.);
#116=B_SPLINE_CURVE_WITH_KNOTS('',4,(#6140,#6141,#6142,#6143,#6144,#6145,
#6146,#6147,#6148,#6149),.UNSPECIFIED.,.F.,.F.,(5,1,1,1,1,1,5),(0.787842817970721,
0.816980396086984,0.862480781482843,0.88055910052511,0.89400723234716,0.903714171653078,
0.909090919084766),.UNSPECIFIED.);
#117=B_SPLINE_CURVE_WITH_KNOTS('',4,(#6160,#6161,#6162,#6163,#6164,#6165,
#6166,#6167,#6168,#6169),.UNSPECIFIED.,.F.,.F.,(5,1,1,1,1,1,5),(0.787842817970721,
0.816980396086984,0.862480781482843,0.88055910052511,0.89400723234716,0.903714171653078,
0.909090919084766),.UNSPECIFIED.);
#118=B_SPLINE_CURVE_WITH_KNOTS('',4,(#6171,#6172,#6173,#6174,#6175,#6176,
#6177,#6178,#6179,#6180),.UNSPECIFIED.,.F.,.F.,(5,1,1,1,1,1,5),(0.787842817970722,
0.816980396086984,0.862480781482843,0.88055910052511,0.89400723234716,0.903714171653078,
0.909090919084766),.UNSPECIFIED.);
#119=B_SPLINE_CURVE_WITH_KNOTS('',4,(#6191,#6192,#6193,#6194,#6195,#6196,
#6197,#6198,#6199,#6200),.UNSPECIFIED.,.F.,.F.,(5,1,1,1,1,1,5),(0.787842817970722,
0.816980396086984,0.862480781482843,0.88055910052511,0.89400723234716,0.903714171653078,
0.909090919084766),.UNSPECIFIED.);
#120=B_SPLINE_CURVE_WITH_KNOTS('',4,(#6202,#6203,#6204,#6205,#6206,#6207,
#6208,#6209,#6210,#6211),.UNSPECIFIED.,.F.,.F.,(5,1,1,1,1,1,5),(0.787842817970722,
0.816980396086984,0.862480781482843,0.88055910052511,0.89400723234716,0.903714171653078,
0.909090919084766),.UNSPECIFIED.);
#121=B_SPLINE_CURVE_WITH_KNOTS('',4,(#6222,#6223,#6224,#6225,#6226,#6227,
#6228,#6229,#6230,#6231),.UNSPECIFIED.,.F.,.F.,(5,1,1,1,1,1,5),(0.787842817970722,
0.816980396086984,0.862480781482843,0.88055910052511,0.89400723234716,0.903714171653078,
0.909090919084766),.UNSPECIFIED.);
#122=B_SPLINE_CURVE_WITH_KNOTS('',4,(#6233,#6234,#6235,#6236,#6237,#6238,
#6239,#6240,#6241,#6242),.UNSPECIFIED.,.F.,.F.,(5,1,1,1,1,1,5),(0.787842817970721,
0.816980396086984,0.862480781482843,0.88055910052511,0.89400723234716,0.903714171653078,
0.909090919084766),.UNSPECIFIED.);
#123=B_SPLINE_CURVE_WITH_KNOTS('',4,(#6253,#6254,#6255,#6256,#6257,#6258,
#6259,#6260,#6261,#6262),.UNSPECIFIED.,.F.,.F.,(5,1,1,1,1,1,5),(0.787842817970721,
0.816980396086984,0.862480781482843,0.88055910052511,0.89400723234716,0.903714171653078,
0.909090919084766),.UNSPECIFIED.);
#124=B_SPLINE_CURVE_WITH_KNOTS('',4,(#6264,#6265,#6266,#6267,#6268,#6269,
#6270,#6271,#6272,#6273),.UNSPECIFIED.,.F.,.F.,(5,1,1,1,1,1,5),(0.787842817970721,
0.816980396086984,0.862480781482843,0.88055910052511,0.89400723234716,0.903714171653078,
0.909090919084766),.UNSPECIFIED.);
#125=B_SPLINE_CURVE_WITH_KNOTS('',4,(#6284,#6285,#6286,#6287,#6288,#6289,
#6290,#6291,#6292,#6293),.UNSPECIFIED.,.F.,.F.,(5,1,1,1,1,1,5),(0.787842817970722,
0.816980396086984,0.862480781482843,0.88055910052511,0.89400723234716,0.903714171653078,
0.909090919084766),.UNSPECIFIED.);
#126=B_SPLINE_CURVE_WITH_KNOTS('',4,(#6295,#6296,#6297,#6298,#6299,#6300,
#6301,#6302,#6303,#6304),.UNSPECIFIED.,.F.,.F.,(5,1,1,1,1,1,5),(0.787842817970722,
0.816980396086984,0.862480781482843,0.88055910052511,0.89400723234716,0.903714171653078,
0.909090919084766),.UNSPECIFIED.);
#127=B_SPLINE_CURVE_WITH_KNOTS('',4,(#6315,#6316,#6317,#6318,#6319,#6320,
#6321,#6322,#6323,#6324),.UNSPECIFIED.,.F.,.F.,(5,1,1,1,1,1,5),(0.787842817970722,
0.816980396086984,0.862480781482843,0.88055910052511,0.89400723234716,0.903714171653078,
0.909090919084766),.UNSPECIFIED.);
#128=B_SPLINE_CURVE_WITH_KNOTS('',4,(#6326,#6327,#6328,#6329,#6330,#6331,
#6332,#6333,#6334,#6335),.UNSPECIFIED.,.F.,.F.,(5,1,1,1,1,1,5),(0.787842817970721,
0.816980396086984,0.862480781482843,0.88055910052511,0.89400723234716,0.903714171653078,
0.909090919084766),.UNSPECIFIED.);
#129=B_SPLINE_CURVE_WITH_KNOTS('',4,(#6347,#6348,#6349,#6350,#6351,#6352,
#6353,#6354,#6355,#6356),.UNSPECIFIED.,.F.,.F.,(5,1,1,1,1,1,5),(0.787842817970722,
0.816980396086984,0.862480781482843,0.88055910052511,0.89400723234716,0.903714171653078,
0.909090919084766),.UNSPECIFIED.);
#130=B_SPLINE_CURVE_WITH_KNOTS('',4,(#6367,#6368,#6369,#6370,#6371,#6372,
#6373,#6374,#6375,#6376),.UNSPECIFIED.,.F.,.F.,(5,1,1,1,1,1,5),(0.787842817970721,
0.816980396086984,0.862480781482843,0.88055910052511,0.89400723234716,0.903714171653078,
0.909090919084766),.UNSPECIFIED.);
#131=B_SPLINE_CURVE_WITH_KNOTS('',4,(#6378,#6379,#6380,#6381,#6382,#6383,
#6384,#6385,#6386,#6387),.UNSPECIFIED.,.F.,.F.,(5,1,1,1,1,1,5),(0.787842817970722,
0.816980396086984,0.862480781482843,0.88055910052511,0.89400723234716,0.903714171653078,
0.909090919084766),.UNSPECIFIED.);
#132=B_SPLINE_CURVE_WITH_KNOTS('',4,(#6398,#6399,#6400,#6401,#6402,#6403,
#6404,#6405,#6406,#6407),.UNSPECIFIED.,.F.,.F.,(5,1,1,1,1,1,5),(0.787842817970722,
0.816980396086984,0.862480781482843,0.88055910052511,0.89400723234716,0.903714171653078,
0.909090919084766),.UNSPECIFIED.);
#133=B_SPLINE_CURVE_WITH_KNOTS('',4,(#6409,#6410,#6411,#6412,#6413,#6414,
#6415,#6416,#6417,#6418),.UNSPECIFIED.,.F.,.F.,(5,1,1,1,1,1,5),(0.787842817970722,
0.816980396086984,0.862480781482843,0.88055910052511,0.89400723234716,0.903714171653078,
0.909090919084766),.UNSPECIFIED.);
#134=B_SPLINE_CURVE_WITH_KNOTS('',4,(#6429,#6430,#6431,#6432,#6433,#6434,
#6435,#6436,#6437,#6438),.UNSPECIFIED.,.F.,.F.,(5,1,1,1,1,1,5),(0.787842817970721,
0.816980396086984,0.862480781482843,0.88055910052511,0.89400723234716,0.903714171653078,
0.909090919084766),.UNSPECIFIED.);
#135=B_SPLINE_CURVE_WITH_KNOTS('',4,(#6440,#6441,#6442,#6443,#6444,#6445,
#6446,#6447,#6448,#6449),.UNSPECIFIED.,.F.,.F.,(5,1,1,1,1,1,5),(0.787842817970721,
0.816980396086984,0.862480781482843,0.88055910052511,0.89400723234716,0.903714171653078,
0.909090919084766),.UNSPECIFIED.);
#136=B_SPLINE_CURVE_WITH_KNOTS('',4,(#6460,#6461,#6462,#6463,#6464,#6465,
#6466,#6467,#6468,#6469),.UNSPECIFIED.,.F.,.F.,(5,1,1,1,1,1,5),(0.787842817970721,
0.816980396086984,0.862480781482843,0.88055910052511,0.89400723234716,0.903714171653078,
0.909090919084766),.UNSPECIFIED.);
#137=B_SPLINE_CURVE_WITH_KNOTS('',4,(#6471,#6472,#6473,#6474,#6475,#6476,
#6477,#6478,#6479,#6480),.UNSPECIFIED.,.F.,.F.,(5,1,1,1,1,1,5),(0.787842817970722,
0.816980396086984,0.862480781482843,0.88055910052511,0.89400723234716,0.903714171653078,
0.909090919084766),.UNSPECIFIED.);
#138=B_SPLINE_CURVE_WITH_KNOTS('',4,(#6491,#6492,#6493,#6494,#6495,#6496,
#6497,#6498,#6499,#6500),.UNSPECIFIED.,.F.,.F.,(5,1,1,1,1,1,5),(0.787842817970722,
0.816980396086984,0.862480781482843,0.88055910052511,0.89400723234716,0.903714171653078,
0.909090919084766),.UNSPECIFIED.);
#139=B_SPLINE_CURVE_WITH_KNOTS('',4,(#6502,#6503,#6504,#6505,#6506,#6507,
#6508,#6509,#6510,#6511),.UNSPECIFIED.,.F.,.F.,(5,1,1,1,1,1,5),(0.787842817970722,
0.816980396086984,0.862480781482843,0.88055910052511,0.89400723234716,0.903714171653078,
0.909090919084766),.UNSPECIFIED.);
#140=B_SPLINE_CURVE_WITH_KNOTS('',4,(#6522,#6523,#6524,#6525,#6526,#6527,
#6528,#6529,#6530,#6531),.UNSPECIFIED.,.F.,.F.,(5,1,1,1,1,1,5),(0.787842817970722,
0.816980396086984,0.862480781482843,0.88055910052511,0.89400723234716,0.903714171653078,
0.909090919084766),.UNSPECIFIED.);
#141=B_SPLINE_CURVE_WITH_KNOTS('',4,(#6533,#6534,#6535,#6536,#6537,#6538,
#6539,#6540,#6541,#6542),.UNSPECIFIED.,.F.,.F.,(5,1,1,1,1,1,5),(0.787842817970721,
0.816980396086984,0.862480781482843,0.88055910052511,0.89400723234716,0.903714171653078,
0.909090919084766),.UNSPECIFIED.);
#142=B_SPLINE_CURVE_WITH_KNOTS('',4,(#6553,#6554,#6555,#6556,#6557,#6558,
#6559,#6560,#6561,#6562),.UNSPECIFIED.,.F.,.F.,(5,1,1,1,1,1,5),(0.787842817970721,
0.816980396086984,0.862480781482843,0.88055910052511,0.89400723234716,0.903714171653078,
0.909090919084766),.UNSPECIFIED.);
#143=B_SPLINE_CURVE_WITH_KNOTS('',4,(#6564,#6565,#6566,#6567,#6568,#6569,
#6570,#6571,#6572,#6573),.UNSPECIFIED.,.F.,.F.,(5,1,1,1,1,1,5),(0.787842817970721,
0.816980396086984,0.862480781482843,0.88055910052511,0.89400723234716,0.903714171653078,
0.909090919084766),.UNSPECIFIED.);
#144=B_SPLINE_CURVE_WITH_KNOTS('',4,(#6584,#6585,#6586,#6587,#6588,#6589,
#6590,#6591,#6592,#6593),.UNSPECIFIED.,.F.,.F.,(5,1,1,1,1,1,5),(0.787842817970721,
0.816980396086984,0.862480781482843,0.88055910052511,0.89400723234716,0.903714171653078,
0.909090919084766),.UNSPECIFIED.);
#145=B_SPLINE_CURVE_WITH_KNOTS('',4,(#6595,#6596,#6597,#6598,#6599,#6600,
#6601,#6602,#6603,#6604),.UNSPECIFIED.,.F.,.F.,(5,1,1,1,1,1,5),(0.787842817970722,
0.816980396086984,0.862480781482843,0.88055910052511,0.89400723234716,0.903714171653078,
0.909090919084766),.UNSPECIFIED.);
#146=B_SPLINE_CURVE_WITH_KNOTS('',4,(#6615,#6616,#6617,#6618,#6619,#6620,
#6621,#6622,#6623,#6624),.UNSPECIFIED.,.F.,.F.,(5,1,1,1,1,1,5),(0.787842817970721,
0.816980396086984,0.862480781482843,0.88055910052511,0.89400723234716,0.903714171653078,
0.909090919084766),.UNSPECIFIED.);
#147=B_SPLINE_CURVE_WITH_KNOTS('',4,(#6626,#6627,#6628,#6629,#6630,#6631,
#6632,#6633,#6634,#6635),.UNSPECIFIED.,.F.,.F.,(5,1,1,1,1,1,5),(0.787842817970722,
0.816980396086984,0.862480781482843,0.88055910052511,0.89400723234716,0.903714171653078,
0.909090919084766),.UNSPECIFIED.);
#148=B_SPLINE_CURVE_WITH_KNOTS('',4,(#6646,#6647,#6648,#6649,#6650,#6651,
#6652,#6653,#6654,#6655),.UNSPECIFIED.,.F.,.F.,(5,1,1,1,1,1,5),(0.787842817970721,
0.816980396086984,0.862480781482843,0.88055910052511,0.89400723234716,0.903714171653078,
0.909090919084766),.UNSPECIFIED.);
#149=B_SPLINE_CURVE_WITH_KNOTS('',4,(#6657,#6658,#6659,#6660,#6661,#6662,
#6663,#6664,#6665,#6666),.UNSPECIFIED.,.F.,.F.,(5,1,1,1,1,1,5),(0.787842817970722,
0.816980396086984,0.862480781482843,0.88055910052511,0.89400723234716,0.903714171653078,
0.909090919084766),.UNSPECIFIED.);
#150=B_SPLINE_CURVE_WITH_KNOTS('',4,(#6677,#6678,#6679,#6680,#6681,#6682,
#6683,#6684,#6685,#6686),.UNSPECIFIED.,.F.,.F.,(5,1,1,1,1,1,5),(0.787842817970722,
0.816980396086984,0.862480781482843,0.88055910052511,0.89400723234716,0.903714171653078,
0.909090919084766),.UNSPECIFIED.);
#151=B_SPLINE_CURVE_WITH_KNOTS('',4,(#6688,#6689,#6690,#6691,#6692,#6693,
#6694,#6695,#6696,#6697),.UNSPECIFIED.,.F.,.F.,(5,1,1,1,1,1,5),(0.787842817970721,
0.816980396086984,0.862480781482843,0.88055910052511,0.89400723234716,0.903714171653078,
0.909090919084766),.UNSPECIFIED.);
#152=B_SPLINE_CURVE_WITH_KNOTS('',4,(#6708,#6709,#6710,#6711,#6712,#6713,
#6714,#6715,#6716,#6717),.UNSPECIFIED.,.F.,.F.,(5,1,1,1,1,1,5),(0.787842817970722,
0.816980396086984,0.862480781482843,0.88055910052511,0.89400723234716,0.903714171653078,
0.909090919084766),.UNSPECIFIED.);
#153=B_SPLINE_CURVE_WITH_KNOTS('',4,(#6719,#6720,#6721,#6722,#6723,#6724,
#6725,#6726,#6727,#6728),.UNSPECIFIED.,.F.,.F.,(5,1,1,1,1,1,5),(0.787842817970721,
0.816980396086984,0.862480781482843,0.88055910052511,0.89400723234716,0.903714171653078,
0.909090919084766),.UNSPECIFIED.);
#154=B_SPLINE_CURVE_WITH_KNOTS('',4,(#6739,#6740,#6741,#6742,#6743,#6744,
#6745,#6746,#6747,#6748),.UNSPECIFIED.,.F.,.F.,(5,1,1,1,1,1,5),(0.787842817970721,
0.816980396086984,0.862480781482843,0.88055910052511,0.89400723234716,0.903714171653078,
0.909090919084766),.UNSPECIFIED.);
#155=B_SPLINE_CURVE_WITH_KNOTS('',4,(#6750,#6751,#6752,#6753,#6754,#6755,
#6756,#6757,#6758,#6759),.UNSPECIFIED.,.F.,.F.,(5,1,1,1,1,1,5),(0.787842817970721,
0.816980396086984,0.862480781482843,0.88055910052511,0.89400723234716,0.903714171653078,
0.909090919084766),.UNSPECIFIED.);
#156=B_SPLINE_CURVE_WITH_KNOTS('',4,(#6770,#6771,#6772,#6773,#6774,#6775,
#6776,#6777,#6778,#6779),.UNSPECIFIED.,.F.,.F.,(5,1,1,1,1,1,5),(0.787842817970721,
0.816980396086984,0.862480781482843,0.88055910052511,0.89400723234716,0.903714171653078,
0.909090919084766),.UNSPECIFIED.);
#157=B_SPLINE_CURVE_WITH_KNOTS('',4,(#6781,#6782,#6783,#6784,#6785,#6786,
#6787,#6788,#6789,#6790),.UNSPECIFIED.,.F.,.F.,(5,1,1,1,1,1,5),(0.787842817970722,
0.816980396086984,0.862480781482843,0.88055910052511,0.89400723234716,0.903714171653078,
0.909090919084766),.UNSPECIFIED.);
#158=B_SPLINE_CURVE_WITH_KNOTS('',4,(#6801,#6802,#6803,#6804,#6805,#6806,
#6807,#6808,#6809,#6810),.UNSPECIFIED.,.F.,.F.,(5,1,1,1,1,1,5),(0.787842817970721,
0.816980396086984,0.862480781482843,0.88055910052511,0.89400723234716,0.903714171653078,
0.909090919084766),.UNSPECIFIED.);
#159=B_SPLINE_CURVE_WITH_KNOTS('',4,(#6812,#6813,#6814,#6815,#6816,#6817,
#6818,#6819,#6820,#6821),.UNSPECIFIED.,.F.,.F.,(5,1,1,1,1,1,5),(0.787842817970721,
0.816980396086984,0.862480781482843,0.88055910052511,0.89400723234716,0.903714171653078,
0.909090919084766),.UNSPECIFIED.);
#160=B_SPLINE_CURVE_WITH_KNOTS('',4,(#6832,#6833,#6834,#6835,#6836,#6837,
#6838,#6839,#6840,#6841),.UNSPECIFIED.,.F.,.F.,(5,1,1,1,1,1,5),(0.787842817970721,
0.816980396086984,0.862480781482843,0.88055910052511,0.89400723234716,0.903714171653078,
0.909090919084766),.UNSPECIFIED.);
#161=B_SPLINE_CURVE_WITH_KNOTS('',4,(#6843,#6844,#6845,#6846,#6847,#6848,
#6849,#6850,#6851,#6852),.UNSPECIFIED.,.F.,.F.,(5,1,1,1,1,1,5),(0.787842817970722,
0.816980396086984,0.862480781482843,0.88055910052511,0.89400723234716,0.903714171653078,
0.909090919084766),.UNSPECIFIED.);
#162=B_SPLINE_CURVE_WITH_KNOTS('',4,(#6863,#6864,#6865,#6866,#6867,#6868,
#6869,#6870,#6871,#6872),.UNSPECIFIED.,.F.,.F.,(5,1,1,1,1,1,5),(0.787842817970721,
0.816980396086984,0.862480781482843,0.88055910052511,0.89400723234716,0.903714171653078,
0.909090919084766),.UNSPECIFIED.);
#163=B_SPLINE_CURVE_WITH_KNOTS('',4,(#6874,#6875,#6876,#6877,#6878,#6879,
#6880,#6881,#6882,#6883),.UNSPECIFIED.,.F.,.F.,(5,1,1,1,1,1,5),(0.787842817970722,
0.816980396086984,0.862480781482843,0.88055910052511,0.89400723234716,0.903714171653078,
0.909090919084766),.UNSPECIFIED.);
#164=B_SPLINE_CURVE_WITH_KNOTS('',4,(#6894,#6895,#6896,#6897,#6898,#6899,
#6900,#6901,#6902,#6903),.UNSPECIFIED.,.F.,.F.,(5,1,1,1,1,1,5),(0.787842817970722,
0.816980396086984,0.862480781482843,0.88055910052511,0.89400723234716,0.903714171653078,
0.909090919084766),.UNSPECIFIED.);
#165=B_SPLINE_CURVE_WITH_KNOTS('',4,(#6905,#6906,#6907,#6908,#6909,#6910,
#6911,#6912,#6913,#6914),.UNSPECIFIED.,.F.,.F.,(5,1,1,1,1,1,5),(0.787842817970722,
0.816980396086984,0.862480781482843,0.88055910052511,0.89400723234716,0.903714171653078,
0.909090919084766),.UNSPECIFIED.);
#166=B_SPLINE_CURVE_WITH_KNOTS('',4,(#6925,#6926,#6927,#6928,#6929,#6930,
#6931,#6932,#6933,#6934),.UNSPECIFIED.,.F.,.F.,(5,1,1,1,1,1,5),(0.787842817970722,
0.816980396086984,0.862480781482843,0.88055910052511,0.89400723234716,0.903714171653078,
0.909090919084766),.UNSPECIFIED.);
#167=B_SPLINE_CURVE_WITH_KNOTS('',4,(#6936,#6937,#6938,#6939,#6940,#6941,
#6942,#6943,#6944,#6945),.UNSPECIFIED.,.F.,.F.,(5,1,1,1,1,1,5),(0.787842817970722,
0.816980396086984,0.862480781482843,0.88055910052511,0.89400723234716,0.903714171653078,
0.909090919084766),.UNSPECIFIED.);
#168=B_SPLINE_CURVE_WITH_KNOTS('',4,(#6956,#6957,#6958,#6959,#6960,#6961,
#6962,#6963,#6964,#6965),.UNSPECIFIED.,.F.,.F.,(5,1,1,1,1,1,5),(0.787842817970721,
0.816980396086984,0.862480781482843,0.88055910052511,0.89400723234716,0.903714171653078,
0.909090919084766),.UNSPECIFIED.);
#169=B_SPLINE_CURVE_WITH_KNOTS('',4,(#6967,#6968,#6969,#6970,#6971,#6972,
#6973,#6974,#6975,#6976),.UNSPECIFIED.,.F.,.F.,(5,1,1,1,1,1,5),(0.787842817970722,
0.816980396086984,0.862480781482843,0.88055910052511,0.89400723234716,0.903714171653078,
0.909090919084766),.UNSPECIFIED.);
#170=B_SPLINE_CURVE_WITH_KNOTS('',4,(#6987,#6988,#6989,#6990,#6991,#6992,
#6993,#6994,#6995,#6996),.UNSPECIFIED.,.F.,.F.,(5,1,1,1,1,1,5),(0.787842817970721,
0.816980396086984,0.862480781482843,0.88055910052511,0.89400723234716,0.903714171653078,
0.909090919084766),.UNSPECIFIED.);
#171=B_SPLINE_CURVE_WITH_KNOTS('',4,(#6998,#6999,#7000,#7001,#7002,#7003,
#7004,#7005,#7006,#7007),.UNSPECIFIED.,.F.,.F.,(5,1,1,1,1,1,5),(0.787842817970722,
0.816980396086984,0.862480781482843,0.88055910052511,0.89400723234716,0.903714171653078,
0.909090919084766),.UNSPECIFIED.);
#172=B_SPLINE_CURVE_WITH_KNOTS('',4,(#7018,#7019,#7020,#7021,#7022,#7023,
#7024,#7025,#7026,#7027),.UNSPECIFIED.,.F.,.F.,(5,1,1,1,1,1,5),(0.787842817970722,
0.816980396086984,0.862480781482843,0.88055910052511,0.89400723234716,0.903714171653078,
0.909090919084766),.UNSPECIFIED.);
#173=B_SPLINE_CURVE_WITH_KNOTS('',4,(#7029,#7030,#7031,#7032,#7033,#7034,
#7035,#7036,#7037,#7038),.UNSPECIFIED.,.F.,.F.,(5,1,1,1,1,1,5),(0.787842817970721,
0.816980396086984,0.862480781482843,0.88055910052511,0.89400723234716,0.903714171653078,
0.909090919084766),.UNSPECIFIED.);
#174=B_SPLINE_CURVE_WITH_KNOTS('',4,(#7049,#7050,#7051,#7052,#7053,#7054,
#7055,#7056,#7057,#7058),.UNSPECIFIED.,.F.,.F.,(5,1,1,1,1,1,5),(0.787842817970722,
0.816980396086984,0.862480781482843,0.88055910052511,0.89400723234716,0.903714171653078,
0.909090919084766),.UNSPECIFIED.);
#175=B_SPLINE_CURVE_WITH_KNOTS('',4,(#7060,#7061,#7062,#7063,#7064,#7065,
#7066,#7067,#7068,#7069),.UNSPECIFIED.,.F.,.F.,(5,1,1,1,1,1,5),(0.787842817970722,
0.816980396086984,0.862480781482843,0.88055910052511,0.89400723234716,0.903714171653078,
0.909090919084766),.UNSPECIFIED.);
#176=B_SPLINE_CURVE_WITH_KNOTS('',4,(#7080,#7081,#7082,#7083,#7084,#7085,
#7086,#7087,#7088,#7089),.UNSPECIFIED.,.F.,.F.,(5,1,1,1,1,1,5),(0.787842817970721,
0.816980396086984,0.862480781482843,0.88055910052511,0.89400723234716,0.903714171653078,
0.909090919084766),.UNSPECIFIED.);
#177=PLANE('',#4038);
#178=PLANE('',#4111);
#179=PLANE('',#4185);
#180=PLANE('',#4186);
#181=PLANE('',#4189);
#182=PLANE('',#4193);
#183=PLANE('',#4194);
#184=PLANE('',#4198);
#185=PLANE('',#4199);
#186=PLANE('',#4203);
#187=PLANE('',#4204);
#188=PLANE('',#4208);
#189=PLANE('',#4209);
#190=PLANE('',#4213);
#191=PLANE('',#4214);
#192=PLANE('',#4218);
#193=PLANE('',#4219);
#194=PLANE('',#4223);
#195=PLANE('',#4224);
#196=PLANE('',#4228);
#197=PLANE('',#4229);
#198=PLANE('',#4233);
#199=PLANE('',#4234);
#200=PLANE('',#4238);
#201=PLANE('',#4239);
#202=PLANE('',#4243);
#203=PLANE('',#4244);
#204=PLANE('',#4248);
#205=PLANE('',#4249);
#206=PLANE('',#4253);
#207=PLANE('',#4254);
#208=PLANE('',#4258);
#209=PLANE('',#4259);
#210=PLANE('',#4263);
#211=PLANE('',#4264);
#212=PLANE('',#4268);
#213=PLANE('',#4269);
#214=PLANE('',#4273);
#215=PLANE('',#4274);
#216=PLANE('',#4278);
#217=PLANE('',#4279);
#218=PLANE('',#4283);
#219=PLANE('',#4284);
#220=PLANE('',#4288);
#221=PLANE('',#4289);
#222=PLANE('',#4293);
#223=PLANE('',#4294);
#224=PLANE('',#4298);
#225=PLANE('',#4299);
#226=PLANE('',#4303);
#227=PLANE('',#4304);
#228=PLANE('',#4305);
#229=PLANE('',#4306);
#230=PLANE('',#4307);
#231=CYLINDRICAL_SURFACE('',#3953,1.45);
#232=CYLINDRICAL_SURFACE('',#3955,1.45);
#233=CYLINDRICAL_SURFACE('',#3957,3.25);
#234=CYLINDRICAL_SURFACE('',#3960,5.);
#235=CYLINDRICAL_SURFACE('',#3963,3.75);
#236=CYLINDRICAL_SURFACE('',#3966,9.1);
#237=CYLINDRICAL_SURFACE('',#3969,9.1);
#238=CYLINDRICAL_SURFACE('',#3972,9.1);
#239=CYLINDRICAL_SURFACE('',#3975,9.1);
#240=CYLINDRICAL_SURFACE('',#3978,9.1);
#241=CYLINDRICAL_SURFACE('',#3981,9.1);
#242=CYLINDRICAL_SURFACE('',#3984,9.1);
#243=CYLINDRICAL_SURFACE('',#3987,9.1);
#244=CYLINDRICAL_SURFACE('',#3990,9.1);
#245=CYLINDRICAL_SURFACE('',#3993,9.1);
#246=CYLINDRICAL_SURFACE('',#3996,9.1);
#247=CYLINDRICAL_SURFACE('',#3999,9.1);
#248=CYLINDRICAL_SURFACE('',#4002,9.1);
#249=CYLINDRICAL_SURFACE('',#4005,9.1);
#250=CYLINDRICAL_SURFACE('',#4008,9.1);
#251=CYLINDRICAL_SURFACE('',#4011,9.1);
#252=CYLINDRICAL_SURFACE('',#4014,9.1);
#253=CYLINDRICAL_SURFACE('',#4017,9.1);
#254=CYLINDRICAL_SURFACE('',#4020,9.1);
#255=CYLINDRICAL_SURFACE('',#4023,9.1);
#256=CYLINDRICAL_SURFACE('',#4026,9.1);
#257=CYLINDRICAL_SURFACE('',#4029,9.1);
#258=CYLINDRICAL_SURFACE('',#4032,9.1);
#259=CYLINDRICAL_SURFACE('',#4035,9.1);
#260=CYLINDRICAL_SURFACE('',#4184,7.525);
#261=CYLINDRICAL_SURFACE('',#4187,0.266);
#262=CYLINDRICAL_SURFACE('',#4188,0.266);
#263=CYLINDRICAL_SURFACE('',#4190,0.266);
#264=CYLINDRICAL_SURFACE('',#4191,7.525);
#265=CYLINDRICAL_SURFACE('',#4192,0.265999999999999);
#266=CYLINDRICAL_SURFACE('',#4195,0.266000000000001);
#267=CYLINDRICAL_SURFACE('',#4196,7.525);
#268=CYLINDRICAL_SURFACE('',#4197,0.266);
#269=CYLINDRICAL_SURFACE('',#4200,0.266);
#270=CYLINDRICAL_SURFACE('',#4201,7.525);
#271=CYLINDRICAL_SURFACE('',#4202,0.266);
#272=CYLINDRICAL_SURFACE('',#4205,0.266);
#273=CYLINDRICAL_SURFACE('',#4206,7.525);
#274=CYLINDRICAL_SURFACE('',#4207,0.266);
#275=CYLINDRICAL_SURFACE('',#4210,0.266);
#276=CYLINDRICAL_SURFACE('',#4211,7.525);
#277=CYLINDRICAL_SURFACE('',#4212,0.266);
#278=CYLINDRICAL_SURFACE('',#4215,0.266);
#279=CYLINDRICAL_SURFACE('',#4216,7.525);
#280=CYLINDRICAL_SURFACE('',#4217,0.266);
#281=CYLINDRICAL_SURFACE('',#4220,0.266);
#282=CYLINDRICAL_SURFACE('',#4221,7.525);
#283=CYLINDRICAL_SURFACE('',#4222,0.266);
#284=CYLINDRICAL_SURFACE('',#4225,0.266);
#285=CYLINDRICAL_SURFACE('',#4226,7.525);
#286=CYLINDRICAL_SURFACE('',#4227,0.266);
#287=CYLINDRICAL_SURFACE('',#4230,0.266);
#288=CYLINDRICAL_SURFACE('',#4231,7.525);
#289=CYLINDRICAL_SURFACE('',#4232,0.266);
#290=CYLINDRICAL_SURFACE('',#4235,0.266);
#291=CYLINDRICAL_SURFACE('',#4236,7.525);
#292=CYLINDRICAL_SURFACE('',#4237,0.266);
#293=CYLINDRICAL_SURFACE('',#4240,0.266);
#294=CYLINDRICAL_SURFACE('',#4241,7.525);
#295=CYLINDRICAL_SURFACE('',#4242,0.266);
#296=CYLINDRICAL_SURFACE('',#4245,0.266000000000001);
#297=CYLINDRICAL_SURFACE('',#4246,7.525);
#298=CYLINDRICAL_SURFACE('',#4247,0.266);
#299=CYLINDRICAL_SURFACE('',#4250,0.265999999999999);
#300=CYLINDRICAL_SURFACE('',#4251,7.525);
#301=CYLINDRICAL_SURFACE('',#4252,0.265999999999999);
#302=CYLINDRICAL_SURFACE('',#4255,0.266);
#303=CYLINDRICAL_SURFACE('',#4256,7.525);
#304=CYLINDRICAL_SURFACE('',#4257,0.266);
#305=CYLINDRICAL_SURFACE('',#4260,0.266);
#306=CYLINDRICAL_SURFACE('',#4261,7.525);
#307=CYLINDRICAL_SURFACE('',#4262,0.266);
#308=CYLINDRICAL_SURFACE('',#4265,0.266);
#309=CYLINDRICAL_SURFACE('',#4266,7.525);
#310=CYLINDRICAL_SURFACE('',#4267,0.266);
#311=CYLINDRICAL_SURFACE('',#4270,0.266);
#312=CYLINDRICAL_SURFACE('',#4271,7.525);
#313=CYLINDRICAL_SURFACE('',#4272,0.266);
#314=CYLINDRICAL_SURFACE('',#4275,0.266);
#315=CYLINDRICAL_SURFACE('',#4276,7.525);
#316=CYLINDRICAL_SURFACE('',#4277,0.266);
#317=CYLINDRICAL_SURFACE('',#4280,0.266000000000001);
#318=CYLINDRICAL_SURFACE('',#4281,7.525);
#319=CYLINDRICAL_SURFACE('',#4282,0.266);
#320=CYLINDRICAL_SURFACE('',#4285,0.266);
#321=CYLINDRICAL_SURFACE('',#4286,7.525);
#322=CYLINDRICAL_SURFACE('',#4287,0.266);
#323=CYLINDRICAL_SURFACE('',#4290,0.266);
#324=CYLINDRICAL_SURFACE('',#4291,7.525);
#325=CYLINDRICAL_SURFACE('',#4292,0.266);
#326=CYLINDRICAL_SURFACE('',#4295,0.266);
#327=CYLINDRICAL_SURFACE('',#4296,7.525);
#328=CYLINDRICAL_SURFACE('',#4297,0.266);
#329=CYLINDRICAL_SURFACE('',#4300,0.266);
#330=CYLINDRICAL_SURFACE('',#4301,7.525);
#331=CYLINDRICAL_SURFACE('',#4302,0.266);
#332=FACE_OUTER_BOUND('',#537,.T.);
#333=FACE_OUTER_BOUND('',#538,.T.);
#334=FACE_OUTER_BOUND('',#539,.T.);
#335=FACE_OUTER_BOUND('',#540,.T.);
#336=FACE_OUTER_BOUND('',#541,.T.);
#337=FACE_OUTER_BOUND('',#542,.T.);
#338=FACE_OUTER_BOUND('',#543,.T.);
#339=FACE_OUTER_BOUND('',#544,.T.);
#340=FACE_OUTER_BOUND('',#545,.T.);
#341=FACE_OUTER_BOUND('',#546,.T.);
#342=FACE_OUTER_BOUND('',#547,.T.);
#343=FACE_OUTER_BOUND('',#548,.T.);
#344=FACE_OUTER_BOUND('',#549,.T.);
#345=FACE_OUTER_BOUND('',#550,.T.);
#346=FACE_OUTER_BOUND('',#551,.T.);
#347=FACE_OUTER_BOUND('',#552,.T.);
#348=FACE_OUTER_BOUND('',#553,.T.);
#349=FACE_OUTER_BOUND('',#554,.T.);
#350=FACE_OUTER_BOUND('',#555,.T.);
#351=FACE_OUTER_BOUND('',#556,.T.);
#352=FACE_OUTER_BOUND('',#557,.T.);
#353=FACE_OUTER_BOUND('',#558,.T.);
#354=FACE_OUTER_BOUND('',#559,.T.);
#355=FACE_OUTER_BOUND('',#560,.T.);
#356=FACE_OUTER_BOUND('',#561,.T.);
#357=FACE_OUTER_BOUND('',#562,.T.);
#358=FACE_OUTER_BOUND('',#563,.T.);
#359=FACE_OUTER_BOUND('',#564,.T.);
#360=FACE_OUTER_BOUND('',#565,.T.);
#361=FACE_OUTER_BOUND('',#566,.T.);
#362=FACE_OUTER_BOUND('',#567,.T.);
#363=FACE_OUTER_BOUND('',#568,.T.);
#364=FACE_OUTER_BOUND('',#572,.T.);
#365=FACE_OUTER_BOUND('',#574,.T.);
#366=FACE_OUTER_BOUND('',#575,.T.);
#367=FACE_OUTER_BOUND('',#576,.T.);
#368=FACE_OUTER_BOUND('',#577,.T.);
#369=FACE_OUTER_BOUND('',#578,.T.);
#370=FACE_OUTER_BOUND('',#579,.T.);
#371=FACE_OUTER_BOUND('',#580,.T.);
#372=FACE_OUTER_BOUND('',#581,.T.);
#373=FACE_OUTER_BOUND('',#582,.T.);
#374=FACE_OUTER_BOUND('',#583,.T.);
#375=FACE_OUTER_BOUND('',#584,.T.);
#376=FACE_OUTER_BOUND('',#585,.T.);
#377=FACE_OUTER_BOUND('',#586,.T.);
#378=FACE_OUTER_BOUND('',#587,.T.);
#379=FACE_OUTER_BOUND('',#588,.T.);
#380=FACE_OUTER_BOUND('',#589,.T.);
#381=FACE_OUTER_BOUND('',#590,.T.);
#382=FACE_OUTER_BOUND('',#591,.T.);
#383=FACE_OUTER_BOUND('',#592,.T.);
#384=FACE_OUTER_BOUND('',#593,.T.);
#385=FACE_OUTER_BOUND('',#594,.T.);
#386=FACE_OUTER_BOUND('',#595,.T.);
#387=FACE_OUTER_BOUND('',#596,.T.);
#388=FACE_OUTER_BOUND('',#597,.T.);
#389=FACE_OUTER_BOUND('',#598,.T.);
#390=FACE_OUTER_BOUND('',#599,.T.);
#391=FACE_OUTER_BOUND('',#600,.T.);
#392=FACE_OUTER_BOUND('',#601,.T.);
#393=FACE_OUTER_BOUND('',#602,.T.);
#394=FACE_OUTER_BOUND('',#603,.T.);
#395=FACE_OUTER_BOUND('',#604,.T.);
#396=FACE_OUTER_BOUND('',#605,.T.);
#397=FACE_OUTER_BOUND('',#606,.T.);
#398=FACE_OUTER_BOUND('',#607,.T.);
#399=FACE_OUTER_BOUND('',#608,.T.);
#400=FACE_OUTER_BOUND('',#609,.T.);
#401=FACE_OUTER_BOUND('',#610,.T.);
#402=FACE_OUTER_BOUND('',#611,.T.);
#403=FACE_OUTER_BOUND('',#612,.T.);
#404=FACE_OUTER_BOUND('',#613,.T.);
#405=FACE_OUTER_BOUND('',#614,.T.);
#406=FACE_OUTER_BOUND('',#615,.T.);
#407=FACE_OUTER_BOUND('',#616,.T.);
#408=FACE_OUTER_BOUND('',#617,.T.);
#409=FACE_OUTER_BOUND('',#618,.T.);
#410=FACE_OUTER_BOUND('',#619,.T.);
#411=FACE_OUTER_BOUND('',#620,.T.);
#412=FACE_OUTER_BOUND('',#621,.T.);
#413=FACE_OUTER_BOUND('',#622,.T.);
#414=FACE_OUTER_BOUND('',#623,.T.);
#415=FACE_OUTER_BOUND('',#624,.T.);
#416=FACE_OUTER_BOUND('',#625,.T.);
#417=FACE_OUTER_BOUND('',#626,.T.);
#418=FACE_OUTER_BOUND('',#627,.T.);
#419=FACE_OUTER_BOUND('',#628,.T.);
#420=FACE_OUTER_BOUND('',#629,.T.);
#421=FACE_OUTER_BOUND('',#630,.T.);
#422=FACE_OUTER_BOUND('',#631,.T.);
#423=FACE_OUTER_BOUND('',#632,.T.);
#424=FACE_OUTER_BOUND('',#633,.T.);
#425=FACE_OUTER_BOUND('',#634,.T.);
#426=FACE_OUTER_BOUND('',#635,.T.);
#427=FACE_OUTER_BOUND('',#636,.T.);
#428=FACE_OUTER_BOUND('',#637,.T.);
#429=FACE_OUTER_BOUND('',#638,.T.);
#430=FACE_OUTER_BOUND('',#639,.T.);
#431=FACE_OUTER_BOUND('',#640,.T.);
#432=FACE_OUTER_BOUND('',#641,.T.);
#433=FACE_OUTER_BOUND('',#642,.T.);
#434=FACE_OUTER_BOUND('',#643,.T.);
#435=FACE_OUTER_BOUND('',#644,.T.);
#436=FACE_OUTER_BOUND('',#645,.T.);
#437=FACE_OUTER_BOUND('',#646,.T.);
#438=FACE_OUTER_BOUND('',#647,.T.);
#439=FACE_OUTER_BOUND('',#648,.T.);
#440=FACE_OUTER_BOUND('',#649,.T.);
#441=FACE_OUTER_BOUND('',#650,.T.);
#442=FACE_OUTER_BOUND('',#651,.T.);
#443=FACE_OUTER_BOUND('',#652,.T.);
#444=FACE_OUTER_BOUND('',#653,.T.);
#445=FACE_OUTER_BOUND('',#654,.T.);
#446=FACE_OUTER_BOUND('',#655,.T.);
#447=FACE_OUTER_BOUND('',#656,.T.);
#448=FACE_OUTER_BOUND('',#657,.T.);
#449=FACE_OUTER_BOUND('',#658,.T.);
#450=FACE_OUTER_BOUND('',#659,.T.);
#451=FACE_OUTER_BOUND('',#660,.T.);
#452=FACE_OUTER_BOUND('',#661,.T.);
#453=FACE_OUTER_BOUND('',#662,.T.);
#454=FACE_OUTER_BOUND('',#663,.T.);
#455=FACE_OUTER_BOUND('',#664,.T.);
#456=FACE_OUTER_BOUND('',#665,.T.);
#457=FACE_OUTER_BOUND('',#666,.T.);
#458=FACE_OUTER_BOUND('',#667,.T.);
#459=FACE_OUTER_BOUND('',#668,.T.);
#460=FACE_OUTER_BOUND('',#669,.T.);
#461=FACE_OUTER_BOUND('',#670,.T.);
#462=FACE_OUTER_BOUND('',#671,.T.);
#463=FACE_OUTER_BOUND('',#672,.T.);
#464=FACE_OUTER_BOUND('',#673,.T.);
#465=FACE_OUTER_BOUND('',#674,.T.);
#466=FACE_OUTER_BOUND('',#675,.T.);
#467=FACE_OUTER_BOUND('',#676,.T.);
#468=FACE_OUTER_BOUND('',#677,.T.);
#469=FACE_OUTER_BOUND('',#678,.T.);
#470=FACE_OUTER_BOUND('',#679,.T.);
#471=FACE_OUTER_BOUND('',#680,.T.);
#472=FACE_OUTER_BOUND('',#681,.T.);
#473=FACE_OUTER_BOUND('',#682,.T.);
#474=FACE_OUTER_BOUND('',#683,.T.);
#475=FACE_OUTER_BOUND('',#684,.T.);
#476=FACE_OUTER_BOUND('',#685,.T.);
#477=FACE_OUTER_BOUND('',#686,.T.);
#478=FACE_OUTER_BOUND('',#687,.T.);
#479=FACE_OUTER_BOUND('',#688,.T.);
#480=FACE_OUTER_BOUND('',#689,.T.);
#481=FACE_OUTER_BOUND('',#690,.T.);
#482=FACE_OUTER_BOUND('',#691,.T.);
#483=FACE_OUTER_BOUND('',#692,.T.);
#484=FACE_OUTER_BOUND('',#693,.T.);
#485=FACE_OUTER_BOUND('',#694,.T.);
#486=FACE_OUTER_BOUND('',#695,.T.);
#487=FACE_OUTER_BOUND('',#696,.T.);
#488=FACE_OUTER_BOUND('',#697,.T.);
#489=FACE_OUTER_BOUND('',#698,.T.);
#490=FACE_OUTER_BOUND('',#699,.T.);
#491=FACE_OUTER_BOUND('',#700,.T.);
#492=FACE_OUTER_BOUND('',#701,.T.);
#493=FACE_OUTER_BOUND('',#702,.T.);
#494=FACE_OUTER_BOUND('',#703,.T.);
#495=FACE_OUTER_BOUND('',#704,.T.);
#496=FACE_OUTER_BOUND('',#705,.T.);
#497=FACE_OUTER_BOUND('',#706,.T.);
#498=FACE_OUTER_BOUND('',#707,.T.);
#499=FACE_OUTER_BOUND('',#708,.T.);
#500=FACE_OUTER_BOUND('',#709,.T.);
#501=FACE_OUTER_BOUND('',#710,.T.);
#502=FACE_OUTER_BOUND('',#711,.T.);
#503=FACE_OUTER_BOUND('',#712,.T.);
#504=FACE_OUTER_BOUND('',#713,.T.);
#505=FACE_OUTER_BOUND('',#714,.T.);
#506=FACE_OUTER_BOUND('',#715,.T.);
#507=FACE_OUTER_BOUND('',#716,.T.);
#508=FACE_OUTER_BOUND('',#717,.T.);
#509=FACE_OUTER_BOUND('',#718,.T.);
#510=FACE_OUTER_BOUND('',#719,.T.);
#511=FACE_OUTER_BOUND('',#720,.T.);
#512=FACE_OUTER_BOUND('',#721,.T.);
#513=FACE_OUTER_BOUND('',#722,.T.);
#514=FACE_OUTER_BOUND('',#723,.T.);
#515=FACE_OUTER_BOUND('',#724,.T.);
#516=FACE_OUTER_BOUND('',#725,.T.);
#517=FACE_OUTER_BOUND('',#726,.T.);
#518=FACE_OUTER_BOUND('',#727,.T.);
#519=FACE_OUTER_BOUND('',#728,.T.);
#520=FACE_OUTER_BOUND('',#729,.T.);
#521=FACE_OUTER_BOUND('',#730,.T.);
#522=FACE_OUTER_BOUND('',#731,.T.);
#523=FACE_OUTER_BOUND('',#732,.T.);
#524=FACE_OUTER_BOUND('',#733,.T.);
#525=FACE_OUTER_BOUND('',#734,.T.);
#526=FACE_OUTER_BOUND('',#735,.T.);
#527=FACE_OUTER_BOUND('',#736,.T.);
#528=FACE_OUTER_BOUND('',#737,.T.);
#529=FACE_OUTER_BOUND('',#738,.T.);
#530=FACE_OUTER_BOUND('',#739,.T.);
#531=FACE_OUTER_BOUND('',#740,.T.);
#532=FACE_OUTER_BOUND('',#741,.T.);
#533=FACE_OUTER_BOUND('',#742,.T.);
#534=FACE_OUTER_BOUND('',#744,.T.);
#535=FACE_OUTER_BOUND('',#746,.T.);
#536=FACE_OUTER_BOUND('',#747,.T.);
#537=EDGE_LOOP('',(#2533,#2534,#2535,#2536));
#538=EDGE_LOOP('',(#2537,#2538,#2539,#2540));
#539=EDGE_LOOP('',(#2541,#2542,#2543,#2544));
#540=EDGE_LOOP('',(#2545,#2546,#2547,#2548));
#541=EDGE_LOOP('',(#2549,#2550,#2551,#2552));
#542=EDGE_LOOP('',(#2553,#2554,#2555,#2556));
#543=EDGE_LOOP('',(#2557,#2558,#2559,#2560));
#544=EDGE_LOOP('',(#2561,#2562,#2563,#2564));
#545=EDGE_LOOP('',(#2565,#2566,#2567,#2568));
#546=EDGE_LOOP('',(#2569,#2570,#2571,#2572));
#547=EDGE_LOOP('',(#2573,#2574,#2575,#2576));
#548=EDGE_LOOP('',(#2577,#2578,#2579,#2580));
#549=EDGE_LOOP('',(#2581,#2582,#2583,#2584));
#550=EDGE_LOOP('',(#2585,#2586,#2587,#2588));
#551=EDGE_LOOP('',(#2589,#2590,#2591,#2592));
#552=EDGE_LOOP('',(#2593,#2594,#2595,#2596));
#553=EDGE_LOOP('',(#2597,#2598,#2599,#2600));
#554=EDGE_LOOP('',(#2601,#2602,#2603,#2604));
#555=EDGE_LOOP('',(#2605,#2606,#2607,#2608));
#556=EDGE_LOOP('',(#2609,#2610,#2611,#2612));
#557=EDGE_LOOP('',(#2613,#2614,#2615,#2616));
#558=EDGE_LOOP('',(#2617,#2618,#2619,#2620));
#559=EDGE_LOOP('',(#2621,#2622,#2623,#2624));
#560=EDGE_LOOP('',(#2625,#2626,#2627,#2628));
#561=EDGE_LOOP('',(#2629,#2630,#2631,#2632));
#562=EDGE_LOOP('',(#2633,#2634,#2635,#2636));
#563=EDGE_LOOP('',(#2637,#2638,#2639,#2640));
#564=EDGE_LOOP('',(#2641,#2642,#2643,#2644));
#565=EDGE_LOOP('',(#2645,#2646,#2647,#2648));
#566=EDGE_LOOP('',(#2649,#2650,#2651,#2652));
#567=EDGE_LOOP('',(#2653,#2654,#2655,#2656));
#568=EDGE_LOOP('',(#2657,#2658,#2659,#2660,#2661,#2662,#2663,#2664,#2665,
#2666,#2667,#2668,#2669,#2670,#2671,#2672,#2673,#2674,#2675,#2676,#2677,
#2678,#2679,#2680,#2681,#2682,#2683,#2684,#2685,#2686,#2687,#2688,#2689,
#2690,#2691,#2692,#2693,#2694,#2695,#2696,#2697,#2698,#2699,#2700,#2701,
#2702,#2703,#2704,#2705,#2706,#2707,#2708,#2709,#2710,#2711,#2712,#2713,
#2714,#2715,#2716,#2717,#2718,#2719,#2720,#2721,#2722,#2723,#2724,#2725,
#2726,#2727,#2728,#2729,#2730,#2731,#2732,#2733,#2734,#2735,#2736,#2737,
#2738,#2739,#2740,#2741,#2742,#2743,#2744,#2745,#2746,#2747,#2748,#2749,
#2750,#2751,#2752,#2753,#2754,#2755,#2756,#2757,#2758,#2759,#2760,#2761,
#2762,#2763,#2764,#2765,#2766,#2767,#2768,#2769,#2770,#2771,#2772,#2773,
#2774,#2775,#2776,#2777,#2778,#2779,#2780,#2781,#2782,#2783,#2784,#2785,
#2786,#2787,#2788,#2789,#2790,#2791,#2792,#2793,#2794,#2795,#2796,#2797,
#2798,#2799,#2800,#2801,#2802,#2803,#2804,#2805,#2806,#2807,#2808,#2809,
#2810,#2811,#2812,#2813,#2814,#2815,#2816,#2817,#2818,#2819,#2820,#2821,
#2822,#2823,#2824,#2825,#2826,#2827,#2828,#2829,#2830,#2831,#2832,#2833,
#2834,#2835,#2836,#2837,#2838,#2839,#2840,#2841,#2842,#2843,#2844,#2845,
#2846,#2847,#2848));
#569=EDGE_LOOP('',(#2849));
#570=EDGE_LOOP('',(#2850));
#571=EDGE_LOOP('',(#2851));
#572=EDGE_LOOP('',(#2852,#2853,#2854,#2855,#2856,#2857,#2858,#2859,#2860,
#2861,#2862,#2863,#2864,#2865,#2866,#2867,#2868,#2869,#2870,#2871,#2872,
#2873,#2874,#2875,#2876,#2877,#2878,#2879,#2880,#2881,#2882,#2883,#2884,
#2885,#2886,#2887,#2888,#2889,#2890,#2891,#2892,#2893,#2894,#2895,#2896,
#2897,#2898,#2899,#2900,#2901,#2902,#2903,#2904,#2905,#2906,#2907,#2908,
#2909,#2910,#2911,#2912,#2913,#2914,#2915,#2916,#2917,#2918,#2919,#2920,
#2921,#2922,#2923,#2924,#2925,#2926,#2927,#2928,#2929,#2930,#2931,#2932,
#2933,#2934,#2935,#2936,#2937,#2938,#2939,#2940,#2941,#2942,#2943,#2944,
#2945,#2946,#2947,#2948,#2949,#2950,#2951,#2952,#2953,#2954,#2955,#2956,
#2957,#2958,#2959,#2960,#2961,#2962,#2963,#2964,#2965,#2966,#2967,#2968,
#2969,#2970,#2971,#2972,#2973,#2974,#2975,#2976,#2977,#2978,#2979,#2980,
#2981,#2982,#2983,#2984,#2985,#2986,#2987,#2988,#2989,#2990,#2991,#2992,
#2993,#2994,#2995,#2996,#2997,#2998,#2999,#3000,#3001,#3002,#3003,#3004,
#3005,#3006,#3007,#3008,#3009,#3010,#3011,#3012,#3013,#3014,#3015,#3016,
#3017,#3018,#3019,#3020,#3021,#3022,#3023,#3024,#3025,#3026,#3027,#3028,
#3029,#3030,#3031,#3032,#3033,#3034,#3035,#3036,#3037,#3038,#3039,#3040,
#3041,#3042,#3043));
#573=EDGE_LOOP('',(#3044));
#574=EDGE_LOOP('',(#3045,#3046,#3047,#3048));
#575=EDGE_LOOP('',(#3049,#3050,#3051,#3052));
#576=EDGE_LOOP('',(#3053,#3054,#3055,#3056));
#577=EDGE_LOOP('',(#3057,#3058,#3059,#3060));
#578=EDGE_LOOP('',(#3061,#3062,#3063,#3064));
#579=EDGE_LOOP('',(#3065,#3066,#3067,#3068));
#580=EDGE_LOOP('',(#3069,#3070,#3071,#3072));
#581=EDGE_LOOP('',(#3073,#3074,#3075,#3076));
#582=EDGE_LOOP('',(#3077,#3078,#3079,#3080));
#583=EDGE_LOOP('',(#3081,#3082,#3083,#3084));
#584=EDGE_LOOP('',(#3085,#3086,#3087,#3088));
#585=EDGE_LOOP('',(#3089,#3090,#3091,#3092));
#586=EDGE_LOOP('',(#3093,#3094,#3095,#3096));
#587=EDGE_LOOP('',(#3097,#3098,#3099,#3100));
#588=EDGE_LOOP('',(#3101,#3102,#3103,#3104));
#589=EDGE_LOOP('',(#3105,#3106,#3107,#3108));
#590=EDGE_LOOP('',(#3109,#3110,#3111,#3112));
#591=EDGE_LOOP('',(#3113,#3114,#3115,#3116));
#592=EDGE_LOOP('',(#3117,#3118,#3119,#3120));
#593=EDGE_LOOP('',(#3121,#3122,#3123,#3124));
#594=EDGE_LOOP('',(#3125,#3126,#3127,#3128));
#595=EDGE_LOOP('',(#3129,#3130,#3131,#3132));
#596=EDGE_LOOP('',(#3133,#3134,#3135,#3136));
#597=EDGE_LOOP('',(#3137,#3138,#3139,#3140));
#598=EDGE_LOOP('',(#3141,#3142,#3143,#3144));
#599=EDGE_LOOP('',(#3145,#3146,#3147,#3148));
#600=EDGE_LOOP('',(#3149,#3150,#3151,#3152));
#601=EDGE_LOOP('',(#3153,#3154,#3155,#3156));
#602=EDGE_LOOP('',(#3157,#3158,#3159,#3160));
#603=EDGE_LOOP('',(#3161,#3162,#3163,#3164));
#604=EDGE_LOOP('',(#3165,#3166,#3167,#3168));
#605=EDGE_LOOP('',(#3169,#3170,#3171,#3172));
#606=EDGE_LOOP('',(#3173,#3174,#3175,#3176));
#607=EDGE_LOOP('',(#3177,#3178,#3179,#3180));
#608=EDGE_LOOP('',(#3181,#3182,#3183,#3184));
#609=EDGE_LOOP('',(#3185,#3186,#3187,#3188));
#610=EDGE_LOOP('',(#3189,#3190,#3191,#3192));
#611=EDGE_LOOP('',(#3193,#3194,#3195,#3196));
#612=EDGE_LOOP('',(#3197,#3198,#3199,#3200));
#613=EDGE_LOOP('',(#3201,#3202,#3203,#3204));
#614=EDGE_LOOP('',(#3205,#3206,#3207,#3208));
#615=EDGE_LOOP('',(#3209,#3210,#3211,#3212));
#616=EDGE_LOOP('',(#3213,#3214,#3215,#3216));
#617=EDGE_LOOP('',(#3217,#3218,#3219,#3220));
#618=EDGE_LOOP('',(#3221,#3222,#3223,#3224));
#619=EDGE_LOOP('',(#3225,#3226,#3227,#3228));
#620=EDGE_LOOP('',(#3229,#3230,#3231,#3232));
#621=EDGE_LOOP('',(#3233,#3234,#3235,#3236));
#622=EDGE_LOOP('',(#3237,#3238,#3239,#3240));
#623=EDGE_LOOP('',(#3241,#3242,#3243,#3244));
#624=EDGE_LOOP('',(#3245,#3246,#3247,#3248));
#625=EDGE_LOOP('',(#3249,#3250,#3251,#3252));
#626=EDGE_LOOP('',(#3253,#3254,#3255,#3256));
#627=EDGE_LOOP('',(#3257,#3258,#3259,#3260));
#628=EDGE_LOOP('',(#3261,#3262,#3263,#3264));
#629=EDGE_LOOP('',(#3265,#3266,#3267,#3268));
#630=EDGE_LOOP('',(#3269,#3270,#3271,#3272));
#631=EDGE_LOOP('',(#3273,#3274,#3275,#3276));
#632=EDGE_LOOP('',(#3277,#3278,#3279,#3280));
#633=EDGE_LOOP('',(#3281,#3282,#3283,#3284));
#634=EDGE_LOOP('',(#3285,#3286,#3287,#3288));
#635=EDGE_LOOP('',(#3289,#3290,#3291,#3292));
#636=EDGE_LOOP('',(#3293,#3294,#3295,#3296));
#637=EDGE_LOOP('',(#3297,#3298,#3299,#3300));
#638=EDGE_LOOP('',(#3301,#3302,#3303,#3304));
#639=EDGE_LOOP('',(#3305,#3306,#3307,#3308));
#640=EDGE_LOOP('',(#3309,#3310,#3311,#3312));
#641=EDGE_LOOP('',(#3313,#3314,#3315,#3316));
#642=EDGE_LOOP('',(#3317,#3318,#3319,#3320));
#643=EDGE_LOOP('',(#3321,#3322,#3323,#3324));
#644=EDGE_LOOP('',(#3325,#3326,#3327,#3328));
#645=EDGE_LOOP('',(#3329,#3330,#3331,#3332));
#646=EDGE_LOOP('',(#3333,#3334,#3335,#3336));
#647=EDGE_LOOP('',(#3337,#3338,#3339,#3340));
#648=EDGE_LOOP('',(#3341,#3342,#3343,#3344));
#649=EDGE_LOOP('',(#3345,#3346,#3347,#3348));
#650=EDGE_LOOP('',(#3349,#3350,#3351,#3352));
#651=EDGE_LOOP('',(#3353,#3354,#3355,#3356));
#652=EDGE_LOOP('',(#3357,#3358,#3359,#3360));
#653=EDGE_LOOP('',(#3361,#3362,#3363,#3364));
#654=EDGE_LOOP('',(#3365,#3366,#3367,#3368));
#655=EDGE_LOOP('',(#3369,#3370,#3371,#3372));
#656=EDGE_LOOP('',(#3373,#3374,#3375,#3376));
#657=EDGE_LOOP('',(#3377,#3378,#3379,#3380));
#658=EDGE_LOOP('',(#3381,#3382,#3383,#3384));
#659=EDGE_LOOP('',(#3385,#3386,#3387,#3388));
#660=EDGE_LOOP('',(#3389,#3390,#3391,#3392));
#661=EDGE_LOOP('',(#3393,#3394,#3395,#3396));
#662=EDGE_LOOP('',(#3397,#3398,#3399,#3400));
#663=EDGE_LOOP('',(#3401,#3402,#3403,#3404));
#664=EDGE_LOOP('',(#3405,#3406,#3407,#3408));
#665=EDGE_LOOP('',(#3409,#3410,#3411,#3412));
#666=EDGE_LOOP('',(#3413,#3414,#3415,#3416));
#667=EDGE_LOOP('',(#3417,#3418,#3419,#3420));
#668=EDGE_LOOP('',(#3421,#3422,#3423,#3424));
#669=EDGE_LOOP('',(#3425,#3426,#3427,#3428));
#670=EDGE_LOOP('',(#3429,#3430,#3431,#3432));
#671=EDGE_LOOP('',(#3433,#3434,#3435,#3436));
#672=EDGE_LOOP('',(#3437,#3438,#3439,#3440));
#673=EDGE_LOOP('',(#3441,#3442,#3443,#3444));
#674=EDGE_LOOP('',(#3445,#3446,#3447,#3448));
#675=EDGE_LOOP('',(#3449,#3450,#3451,#3452));
#676=EDGE_LOOP('',(#3453,#3454,#3455,#3456));
#677=EDGE_LOOP('',(#3457,#3458,#3459,#3460));
#678=EDGE_LOOP('',(#3461,#3462,#3463,#3464));
#679=EDGE_LOOP('',(#3465,#3466,#3467,#3468));
#680=EDGE_LOOP('',(#3469,#3470,#3471,#3472));
#681=EDGE_LOOP('',(#3473,#3474,#3475,#3476));
#682=EDGE_LOOP('',(#3477,#3478,#3479,#3480));
#683=EDGE_LOOP('',(#3481,#3482,#3483,#3484));
#684=EDGE_LOOP('',(#3485,#3486,#3487,#3488));
#685=EDGE_LOOP('',(#3489,#3490,#3491,#3492));
#686=EDGE_LOOP('',(#3493,#3494,#3495,#3496));
#687=EDGE_LOOP('',(#3497,#3498,#3499,#3500));
#688=EDGE_LOOP('',(#3501,#3502,#3503,#3504));
#689=EDGE_LOOP('',(#3505,#3506,#3507,#3508));
#690=EDGE_LOOP('',(#3509,#3510,#3511,#3512));
#691=EDGE_LOOP('',(#3513,#3514,#3515,#3516));
#692=EDGE_LOOP('',(#3517,#3518,#3519,#3520));
#693=EDGE_LOOP('',(#3521,#3522,#3523,#3524));
#694=EDGE_LOOP('',(#3525,#3526,#3527,#3528));
#695=EDGE_LOOP('',(#3529,#3530,#3531,#3532));
#696=EDGE_LOOP('',(#3533,#3534,#3535,#3536));
#697=EDGE_LOOP('',(#3537,#3538,#3539,#3540));
#698=EDGE_LOOP('',(#3541,#3542,#3543,#3544));
#699=EDGE_LOOP('',(#3545,#3546,#3547,#3548));
#700=EDGE_LOOP('',(#3549,#3550,#3551,#3552));
#701=EDGE_LOOP('',(#3553,#3554,#3555,#3556));
#702=EDGE_LOOP('',(#3557,#3558,#3559,#3560));
#703=EDGE_LOOP('',(#3561,#3562,#3563,#3564));
#704=EDGE_LOOP('',(#3565,#3566,#3567,#3568));
#705=EDGE_LOOP('',(#3569,#3570,#3571,#3572));
#706=EDGE_LOOP('',(#3573,#3574,#3575,#3576));
#707=EDGE_LOOP('',(#3577,#3578,#3579,#3580));
#708=EDGE_LOOP('',(#3581,#3582,#3583,#3584));
#709=EDGE_LOOP('',(#3585,#3586,#3587,#3588));
#710=EDGE_LOOP('',(#3589,#3590,#3591,#3592));
#711=EDGE_LOOP('',(#3593,#3594,#3595,#3596));
#712=EDGE_LOOP('',(#3597,#3598,#3599,#3600));
#713=EDGE_LOOP('',(#3601,#3602,#3603,#3604));
#714=EDGE_LOOP('',(#3605,#3606,#3607,#3608));
#715=EDGE_LOOP('',(#3609,#3610,#3611,#3612));
#716=EDGE_LOOP('',(#3613,#3614,#3615,#3616));
#717=EDGE_LOOP('',(#3617,#3618,#3619,#3620));
#718=EDGE_LOOP('',(#3621,#3622,#3623,#3624));
#719=EDGE_LOOP('',(#3625,#3626,#3627,#3628));
#720=EDGE_LOOP('',(#3629,#3630,#3631,#3632));
#721=EDGE_LOOP('',(#3633,#3634,#3635,#3636));
#722=EDGE_LOOP('',(#3637,#3638,#3639,#3640));
#723=EDGE_LOOP('',(#3641,#3642,#3643,#3644));
#724=EDGE_LOOP('',(#3645,#3646,#3647,#3648));
#725=EDGE_LOOP('',(#3649,#3650,#3651,#3652));
#726=EDGE_LOOP('',(#3653,#3654,#3655,#3656));
#727=EDGE_LOOP('',(#3657,#3658,#3659,#3660));
#728=EDGE_LOOP('',(#3661,#3662,#3663,#3664));
#729=EDGE_LOOP('',(#3665,#3666,#3667,#3668));
#730=EDGE_LOOP('',(#3669,#3670,#3671,#3672));
#731=EDGE_LOOP('',(#3673,#3674,#3675,#3676));
#732=EDGE_LOOP('',(#3677,#3678,#3679,#3680));
#733=EDGE_LOOP('',(#3681,#3682,#3683,#3684));
#734=EDGE_LOOP('',(#3685,#3686,#3687,#3688));
#735=EDGE_LOOP('',(#3689,#3690,#3691,#3692));
#736=EDGE_LOOP('',(#3693,#3694,#3695,#3696));
#737=EDGE_LOOP('',(#3697,#3698,#3699,#3700));
#738=EDGE_LOOP('',(#3701,#3702,#3703,#3704));
#739=EDGE_LOOP('',(#3705,#3706,#3707,#3708));
#740=EDGE_LOOP('',(#3709,#3710,#3711,#3712));
#741=EDGE_LOOP('',(#3713,#3714,#3715,#3716));
#742=EDGE_LOOP('',(#3717));
#743=EDGE_LOOP('',(#3718));
#744=EDGE_LOOP('',(#3719));
#745=EDGE_LOOP('',(#3720));
#746=EDGE_LOOP('',(#3721));
#747=EDGE_LOOP('',(#3722));
#748=LINE('',#5350,#1043);
#749=LINE('',#5356,#1044);
#750=LINE('',#5361,#1045);
#751=LINE('',#5365,#1046);
#752=LINE('',#5370,#1047);
#753=LINE('',#5376,#1048);
#754=LINE('',#5382,#1049);
#755=LINE('',#5387,#1050);
#756=LINE('',#5391,#1051);
#757=LINE('',#5396,#1052);
#758=LINE('',#5400,#1053);
#759=LINE('',#5407,#1054);
#760=LINE('',#5410,#1055);
#761=LINE('',#5416,#1056);
#762=LINE('',#5419,#1057);
#763=LINE('',#5423,#1058);
#764=LINE('',#5427,#1059);
#765=LINE('',#5432,#1060);
#766=LINE('',#5436,#1061);
#767=LINE('',#5441,#1062);
#768=LINE('',#5445,#1063);
#769=LINE('',#5450,#1064);
#770=LINE('',#5454,#1065);
#771=LINE('',#5459,#1066);
#772=LINE('',#5463,#1067);
#773=LINE('',#5470,#1068);
#774=LINE('',#5473,#1069);
#775=LINE('',#5477,#1070);
#776=LINE('',#5481,#1071);
#777=LINE('',#5486,#1072);
#778=LINE('',#5490,#1073);
#779=LINE('',#5495,#1074);
#780=LINE('',#5499,#1075);
#781=LINE('',#5504,#1076);
#782=LINE('',#5508,#1077);
#783=LINE('',#5515,#1078);
#784=LINE('',#5518,#1079);
#785=LINE('',#5524,#1080);
#786=LINE('',#5527,#1081);
#787=LINE('',#5531,#1082);
#788=LINE('',#5535,#1083);
#789=LINE('',#5540,#1084);
#790=LINE('',#5544,#1085);
#791=LINE('',#5549,#1086);
#792=LINE('',#5553,#1087);
#793=LINE('',#5560,#1088);
#794=LINE('',#5563,#1089);
#795=LINE('',#5567,#1090);
#796=LINE('',#5571,#1091);
#797=LINE('',#5578,#1092);
#798=LINE('',#5581,#1093);
#799=LINE('',#5585,#1094);
#800=LINE('',#5589,#1095);
#801=LINE('',#5596,#1096);
#802=LINE('',#5599,#1097);
#803=LINE('',#5624,#1098);
#804=LINE('',#5632,#1099);
#805=LINE('',#5655,#1100);
#806=LINE('',#5663,#1101);
#807=LINE('',#5686,#1102);
#808=LINE('',#5694,#1103);
#809=LINE('',#5717,#1104);
#810=LINE('',#5725,#1105);
#811=LINE('',#5748,#1106);
#812=LINE('',#5756,#1107);
#813=LINE('',#5779,#1108);
#814=LINE('',#5787,#1109);
#815=LINE('',#5810,#1110);
#816=LINE('',#5818,#1111);
#817=LINE('',#5841,#1112);
#818=LINE('',#5849,#1113);
#819=LINE('',#5872,#1114);
#820=LINE('',#5880,#1115);
#821=LINE('',#5903,#1116);
#822=LINE('',#5911,#1117);
#823=LINE('',#5934,#1118);
#824=LINE('',#5942,#1119);
#825=LINE('',#5965,#1120);
#826=LINE('',#5973,#1121);
#827=LINE('',#5996,#1122);
#828=LINE('',#6004,#1123);
#829=LINE('',#6027,#1124);
#830=LINE('',#6035,#1125);
#831=LINE('',#6058,#1126);
#832=LINE('',#6066,#1127);
#833=LINE('',#6089,#1128);
#834=LINE('',#6097,#1129);
#835=LINE('',#6120,#1130);
#836=LINE('',#6128,#1131);
#837=LINE('',#6151,#1132);
#838=LINE('',#6159,#1133);
#839=LINE('',#6182,#1134);
#840=LINE('',#6190,#1135);
#841=LINE('',#6213,#1136);
#842=LINE('',#6221,#1137);
#843=LINE('',#6244,#1138);
#844=LINE('',#6252,#1139);
#845=LINE('',#6275,#1140);
#846=LINE('',#6283,#1141);
#847=LINE('',#6306,#1142);
#848=LINE('',#6314,#1143);
#849=LINE('',#6337,#1144);
#850=LINE('',#6344,#1145);
#851=LINE('',#6358,#1146);
#852=LINE('',#6366,#1147);
#853=LINE('',#6389,#1148);
#854=LINE('',#6397,#1149);
#855=LINE('',#6420,#1150);
#856=LINE('',#6428,#1151);
#857=LINE('',#6451,#1152);
#858=LINE('',#6459,#1153);
#859=LINE('',#6482,#1154);
#860=LINE('',#6490,#1155);
#861=LINE('',#6513,#1156);
#862=LINE('',#6521,#1157);
#863=LINE('',#6544,#1158);
#864=LINE('',#6552,#1159);
#865=LINE('',#6575,#1160);
#866=LINE('',#6583,#1161);
#867=LINE('',#6606,#1162);
#868=LINE('',#6614,#1163);
#869=LINE('',#6637,#1164);
#870=LINE('',#6645,#1165);
#871=LINE('',#6668,#1166);
#872=LINE('',#6676,#1167);
#873=LINE('',#6699,#1168);
#874=LINE('',#6707,#1169);
#875=LINE('',#6730,#1170);
#876=LINE('',#6738,#1171);
#877=LINE('',#6761,#1172);
#878=LINE('',#6769,#1173);
#879=LINE('',#6792,#1174);
#880=LINE('',#6800,#1175);
#881=LINE('',#6823,#1176);
#882=LINE('',#6831,#1177);
#883=LINE('',#6854,#1178);
#884=LINE('',#6862,#1179);
#885=LINE('',#6885,#1180);
#886=LINE('',#6893,#1181);
#887=LINE('',#6916,#1182);
#888=LINE('',#6924,#1183);
#889=LINE('',#6947,#1184);
#890=LINE('',#6955,#1185);
#891=LINE('',#6978,#1186);
#892=LINE('',#6986,#1187);
#893=LINE('',#7009,#1188);
#894=LINE('',#7017,#1189);
#895=LINE('',#7040,#1190);
#896=LINE('',#7048,#1191);
#897=LINE('',#7071,#1192);
#898=LINE('',#7079,#1193);
#899=LINE('',#7091,#1194);
#900=LINE('',#7092,#1195);
#901=LINE('',#7094,#1196);
#902=LINE('',#7095,#1197);
#903=LINE('',#7136,#1198);
#904=LINE('',#7138,#1199);
#905=LINE('',#7161,#1200);
#906=LINE('',#7163,#1201);
#907=LINE('',#7165,#1202);
#908=LINE('',#7167,#1203);
#909=LINE('',#7169,#1204);
#910=LINE('',#7190,#1205);
#911=LINE('',#7212,#1206);
#912=LINE('',#7214,#1207);
#913=LINE('',#7216,#1208);
#914=LINE('',#7218,#1209);
#915=LINE('',#7220,#1210);
#916=LINE('',#7241,#1211);
#917=LINE('',#7263,#1212);
#918=LINE('',#7265,#1213);
#919=LINE('',#7267,#1214);
#920=LINE('',#7269,#1215);
#921=LINE('',#7271,#1216);
#922=LINE('',#7292,#1217);
#923=LINE('',#7314,#1218);
#924=LINE('',#7316,#1219);
#925=LINE('',#7318,#1220);
#926=LINE('',#7320,#1221);
#927=LINE('',#7322,#1222);
#928=LINE('',#7343,#1223);
#929=LINE('',#7365,#1224);
#930=LINE('',#7367,#1225);
#931=LINE('',#7369,#1226);
#932=LINE('',#7371,#1227);
#933=LINE('',#7373,#1228);
#934=LINE('',#7394,#1229);
#935=LINE('',#7416,#1230);
#936=LINE('',#7418,#1231);
#937=LINE('',#7420,#1232);
#938=LINE('',#7422,#1233);
#939=LINE('',#7424,#1234);
#940=LINE('',#7445,#1235);
#941=LINE('',#7467,#1236);
#942=LINE('',#7469,#1237);
#943=LINE('',#7471,#1238);
#944=LINE('',#7473,#1239);
#945=LINE('',#7475,#1240);
#946=LINE('',#7496,#1241);
#947=LINE('',#7518,#1242);
#948=LINE('',#7520,#1243);
#949=LINE('',#7522,#1244);
#950=LINE('',#7524,#1245);
#951=LINE('',#7526,#1246);
#952=LINE('',#7547,#1247);
#953=LINE('',#7569,#1248);
#954=LINE('',#7571,#1249);
#955=LINE('',#7573,#1250);
#956=LINE('',#7575,#1251);
#957=LINE('',#7577,#1252);
#958=LINE('',#7598,#1253);
#959=LINE('',#7620,#1254);
#960=LINE('',#7622,#1255);
#961=LINE('',#7624,#1256);
#962=LINE('',#7626,#1257);
#963=LINE('',#7628,#1258);
#964=LINE('',#7649,#1259);
#965=LINE('',#7671,#1260);
#966=LINE('',#7673,#1261);
#967=LINE('',#7675,#1262);
#968=LINE('',#7677,#1263);
#969=LINE('',#7679,#1264);
#970=LINE('',#7700,#1265);
#971=LINE('',#7722,#1266);
#972=LINE('',#7724,#1267);
#973=LINE('',#7726,#1268);
#974=LINE('',#7728,#1269);
#975=LINE('',#7730,#1270);
#976=LINE('',#7751,#1271);
#977=LINE('',#7773,#1272);
#978=LINE('',#7775,#1273);
#979=LINE('',#7777,#1274);
#980=LINE('',#7779,#1275);
#981=LINE('',#7781,#1276);
#982=LINE('',#7802,#1277);
#983=LINE('',#7824,#1278);
#984=LINE('',#7826,#1279);
#985=LINE('',#7828,#1280);
#986=LINE('',#7830,#1281);
#987=LINE('',#7832,#1282);
#988=LINE('',#7853,#1283);
#989=LINE('',#7875,#1284);
#990=LINE('',#7877,#1285);
#991=LINE('',#7879,#1286);
#992=LINE('',#7881,#1287);
#993=LINE('',#7883,#1288);
#994=LINE('',#7904,#1289);
#995=LINE('',#7926,#1290);
#996=LINE('',#7928,#1291);
#997=LINE('',#7930,#1292);
#998=LINE('',#7932,#1293);
#999=LINE('',#7934,#1294);
#1000=LINE('',#7955,#1295);
#1001=LINE('',#7977,#1296);
#1002=LINE('',#7979,#1297);
#1003=LINE('',#7981,#1298);
#1004=LINE('',#7983,#1299);
#1005=LINE('',#7985,#1300);
#1006=LINE('',#8006,#1301);
#1007=LINE('',#8028,#1302);
#1008=LINE('',#8030,#1303);
#1009=LINE('',#8032,#1304);
#1010=LINE('',#8034,#1305);
#1011=LINE('',#8036,#1306);
#1012=LINE('',#8057,#1307);
#1013=LINE('',#8079,#1308);
#1014=LINE('',#8081,#1309);
#1015=LINE('',#8083,#1310);
#1016=LINE('',#8085,#1311);
#1017=LINE('',#8087,#1312);
#1018=LINE('',#8108,#1313);
#1019=LINE('',#8130,#1314);
#1020=LINE('',#8132,#1315);
#1021=LINE('',#8134,#1316);
#1022=LINE('',#8136,#1317);
#1023=LINE('',#8138,#1318);
#1024=LINE('',#8159,#1319);
#1025=LINE('',#8181,#1320);
#1026=LINE('',#8183,#1321);
#1027=LINE('',#8185,#1322);
#1028=LINE('',#8187,#1323);
#1029=LINE('',#8189,#1324);
#1030=LINE('',#8210,#1325);
#1031=LINE('',#8232,#1326);
#1032=LINE('',#8234,#1327);
#1033=LINE('',#8236,#1328);
#1034=LINE('',#8238,#1329);
#1035=LINE('',#8240,#1330);
#1036=LINE('',#8261,#1331);
#1037=LINE('',#8283,#1332);
#1038=LINE('',#8285,#1333);
#1039=LINE('',#8287,#1334);
#1040=LINE('',#8289,#1335);
#1041=LINE('',#8291,#1336);
#1042=LINE('',#8312,#1337);
#1043=VECTOR('',#4323,1.05);
#1044=VECTOR('',#4330,1.05);
#1045=VECTOR('',#4337,1.45);
#1046=VECTOR('',#4342,1.45);
#1047=VECTOR('',#4347,3.25);
#1048=VECTOR('',#4354,5.);
#1049=VECTOR('',#4361,3.75);
#1050=VECTOR('',#4366,1000.);
#1051=VECTOR('',#4369,1000.);
#1052=VECTOR('',#4374,1000.);
#1053=VECTOR('',#4377,1000.);
#1054=VECTOR('',#4384,1000.);
#1055=VECTOR('',#4387,1000.);
#1056=VECTOR('',#4392,1000.);
#1057=VECTOR('',#4395,1000.);
#1058=VECTOR('',#4398,1000.);
#1059=VECTOR('',#4401,1000.);
#1060=VECTOR('',#4406,1000.);
#1061=VECTOR('',#4409,1000.);
#1062=VECTOR('',#4414,1000.);
#1063=VECTOR('',#4417,1000.);
#1064=VECTOR('',#4422,1000.);
#1065=VECTOR('',#4425,1000.);
#1066=VECTOR('',#4430,1000.);
#1067=VECTOR('',#4433,1000.);
#1068=VECTOR('',#4440,1000.);
#1069=VECTOR('',#4443,1000.);
#1070=VECTOR('',#4446,1000.);
#1071=VECTOR('',#4449,1000.);
#1072=VECTOR('',#4454,1000.);
#1073=VECTOR('',#4457,1000.);
#1074=VECTOR('',#4462,1000.);
#1075=VECTOR('',#4465,1000.);
#1076=VECTOR('',#4470,1000.);
#1077=VECTOR('',#4473,1000.);
#1078=VECTOR('',#4480,1000.);
#1079=VECTOR('',#4483,1000.);
#1080=VECTOR('',#4488,1000.);
#1081=VECTOR('',#4491,1000.);
#1082=VECTOR('',#4494,1000.);
#1083=VECTOR('',#4497,1000.);
#1084=VECTOR('',#4502,1000.);
#1085=VECTOR('',#4505,1000.);
#1086=VECTOR('',#4510,1000.);
#1087=VECTOR('',#4513,1000.);
#1088=VECTOR('',#4520,1000.);
#1089=VECTOR('',#4523,1000.);
#1090=VECTOR('',#4526,1000.);
#1091=VECTOR('',#4529,1000.);
#1092=VECTOR('',#4536,1000.);
#1093=VECTOR('',#4539,1000.);
#1094=VECTOR('',#4542,1000.);
#1095=VECTOR('',#4545,1000.);
#1096=VECTOR('',#4552,1000.);
#1097=VECTOR('',#4555,1000.);
#1098=VECTOR('',#4558,1000.);
#1099=VECTOR('',#4565,1000.);
#1100=VECTOR('',#4566,1000.);
#1101=VECTOR('',#4573,1000.);
#1102=VECTOR('',#4574,1000.);
#1103=VECTOR('',#4581,1000.);
#1104=VECTOR('',#4582,1000.);
#1105=VECTOR('',#4589,1000.);
#1106=VECTOR('',#4590,1000.);
#1107=VECTOR('',#4597,1000.);
#1108=VECTOR('',#4598,1000.);
#1109=VECTOR('',#4605,1000.);
#1110=VECTOR('',#4606,1000.);
#1111=VECTOR('',#4613,1000.);
#1112=VECTOR('',#4614,1000.);
#1113=VECTOR('',#4621,1000.);
#1114=VECTOR('',#4622,1000.);
#1115=VECTOR('',#4629,1000.);
#1116=VECTOR('',#4630,1000.);
#1117=VECTOR('',#4637,1000.);
#1118=VECTOR('',#4638,1000.);
#1119=VECTOR('',#4645,1000.);
#1120=VECTOR('',#4646,1000.);
#1121=VECTOR('',#4653,1000.);
#1122=VECTOR('',#4654,1000.);
#1123=VECTOR('',#4661,1000.);
#1124=VECTOR('',#4662,1000.);
#1125=VECTOR('',#4669,1000.);
#1126=VECTOR('',#4670,1000.);
#1127=VECTOR('',#4677,1000.);
#1128=VECTOR('',#4678,1000.);
#1129=VECTOR('',#4685,1000.);
#1130=VECTOR('',#4686,1000.);
#1131=VECTOR('',#4693,1000.);
#1132=VECTOR('',#4694,1000.);
#1133=VECTOR('',#4701,1000.);
#1134=VECTOR('',#4702,1000.);
#1135=VECTOR('',#4709,1000.);
#1136=VECTOR('',#4710,1000.);
#1137=VECTOR('',#4717,1000.);
#1138=VECTOR('',#4718,1000.);
#1139=VECTOR('',#4725,1000.);
#1140=VECTOR('',#4726,1000.);
#1141=VECTOR('',#4733,1000.);
#1142=VECTOR('',#4734,1000.);
#1143=VECTOR('',#4741,1000.);
#1144=VECTOR('',#4742,1000.);
#1145=VECTOR('',#4749,1000.);
#1146=VECTOR('',#4752,1000.);
#1147=VECTOR('',#4759,1000.);
#1148=VECTOR('',#4760,1000.);
#1149=VECTOR('',#4767,1000.);
#1150=VECTOR('',#4768,1000.);
#1151=VECTOR('',#4775,1000.);
#1152=VECTOR('',#4776,1000.);
#1153=VECTOR('',#4783,1000.);
#1154=VECTOR('',#4784,1000.);
#1155=VECTOR('',#4791,1000.);
#1156=VECTOR('',#4792,1000.);
#1157=VECTOR('',#4799,1000.);
#1158=VECTOR('',#4800,1000.);
#1159=VECTOR('',#4807,1000.);
#1160=VECTOR('',#4808,1000.);
#1161=VECTOR('',#4815,1000.);
#1162=VECTOR('',#4816,1000.);
#1163=VECTOR('',#4823,1000.);
#1164=VECTOR('',#4824,1000.);
#1165=VECTOR('',#4831,1000.);
#1166=VECTOR('',#4832,1000.);
#1167=VECTOR('',#4839,1000.);
#1168=VECTOR('',#4840,1000.);
#1169=VECTOR('',#4847,1000.);
#1170=VECTOR('',#4848,1000.);
#1171=VECTOR('',#4855,1000.);
#1172=VECTOR('',#4856,1000.);
#1173=VECTOR('',#4863,1000.);
#1174=VECTOR('',#4864,1000.);
#1175=VECTOR('',#4871,1000.);
#1176=VECTOR('',#4872,1000.);
#1177=VECTOR('',#4879,1000.);
#1178=VECTOR('',#4880,1000.);
#1179=VECTOR('',#4887,1000.);
#1180=VECTOR('',#4888,1000.);
#1181=VECTOR('',#4895,1000.);
#1182=VECTOR('',#4896,1000.);
#1183=VECTOR('',#4903,1000.);
#1184=VECTOR('',#4904,1000.);
#1185=VECTOR('',#4911,1000.);
#1186=VECTOR('',#4912,1000.);
#1187=VECTOR('',#4919,1000.);
#1188=VECTOR('',#4920,1000.);
#1189=VECTOR('',#4927,1000.);
#1190=VECTOR('',#4928,1000.);
#1191=VECTOR('',#4935,1000.);
#1192=VECTOR('',#4936,1000.);
#1193=VECTOR('',#4943,1000.);
#1194=VECTOR('',#4946,1000.);
#1195=VECTOR('',#4947,1000.);
#1196=VECTOR('',#4950,1000.);
#1197=VECTOR('',#4951,1000.);
#1198=VECTOR('',#4952,1000.);
#1199=VECTOR('',#4955,1000.);
#1200=VECTOR('',#4960,1000.);
#1201=VECTOR('',#4963,1000.);
#1202=VECTOR('',#4966,1000.);
#1203=VECTOR('',#4969,1000.);
#1204=VECTOR('',#4972,1000.);
#1205=VECTOR('',#4973,1000.);
#1206=VECTOR('',#4976,1000.);
#1207=VECTOR('',#4979,1000.);
#1208=VECTOR('',#4982,1000.);
#1209=VECTOR('',#4985,1000.);
#1210=VECTOR('',#4988,1000.);
#1211=VECTOR('',#4989,1000.);
#1212=VECTOR('',#4992,1000.);
#1213=VECTOR('',#4995,1000.);
#1214=VECTOR('',#4998,1000.);
#1215=VECTOR('',#5001,1000.);
#1216=VECTOR('',#5004,1000.);
#1217=VECTOR('',#5005,1000.);
#1218=VECTOR('',#5008,1000.);
#1219=VECTOR('',#5011,1000.);
#1220=VECTOR('',#5014,1000.);
#1221=VECTOR('',#5017,1000.);
#1222=VECTOR('',#5020,1000.);
#1223=VECTOR('',#5021,1000.);
#1224=VECTOR('',#5024,1000.);
#1225=VECTOR('',#5027,1000.);
#1226=VECTOR('',#5030,1000.);
#1227=VECTOR('',#5033,1000.);
#1228=VECTOR('',#5036,1000.);
#1229=VECTOR('',#5037,1000.);
#1230=VECTOR('',#5040,1000.);
#1231=VECTOR('',#5043,1000.);
#1232=VECTOR('',#5046,1000.);
#1233=VECTOR('',#5049,1000.);
#1234=VECTOR('',#5052,1000.);
#1235=VECTOR('',#5053,1000.);
#1236=VECTOR('',#5056,1000.);
#1237=VECTOR('',#5059,1000.);
#1238=VECTOR('',#5062,1000.);
#1239=VECTOR('',#5065,1000.);
#1240=VECTOR('',#5068,1000.);
#1241=VECTOR('',#5069,1000.);
#1242=VECTOR('',#5072,1000.);
#1243=VECTOR('',#5075,1000.);
#1244=VECTOR('',#5078,1000.);
#1245=VECTOR('',#5081,1000.);
#1246=VECTOR('',#5084,1000.);
#1247=VECTOR('',#5085,1000.);
#1248=VECTOR('',#5088,1000.);
#1249=VECTOR('',#5091,1000.);
#1250=VECTOR('',#5094,1000.);
#1251=VECTOR('',#5097,1000.);
#1252=VECTOR('',#5100,1000.);
#1253=VECTOR('',#5101,1000.);
#1254=VECTOR('',#5104,1000.);
#1255=VECTOR('',#5107,1000.);
#1256=VECTOR('',#5110,1000.);
#1257=VECTOR('',#5113,1000.);
#1258=VECTOR('',#5116,1000.);
#1259=VECTOR('',#5117,1000.);
#1260=VECTOR('',#5120,1000.);
#1261=VECTOR('',#5123,1000.);
#1262=VECTOR('',#5126,1000.);
#1263=VECTOR('',#5129,1000.);
#1264=VECTOR('',#5132,1000.);
#1265=VECTOR('',#5133,1000.);
#1266=VECTOR('',#5136,1000.);
#1267=VECTOR('',#5139,1000.);
#1268=VECTOR('',#5142,1000.);
#1269=VECTOR('',#5145,1000.);
#1270=VECTOR('',#5148,1000.);
#1271=VECTOR('',#5149,1000.);
#1272=VECTOR('',#5152,1000.);
#1273=VECTOR('',#5155,1000.);
#1274=VECTOR('',#5158,1000.);
#1275=VECTOR('',#5161,1000.);
#1276=VECTOR('',#5164,1000.);
#1277=VECTOR('',#5165,1000.);
#1278=VECTOR('',#5168,1000.);
#1279=VECTOR('',#5171,1000.);
#1280=VECTOR('',#5174,1000.);
#1281=VECTOR('',#5177,1000.);
#1282=VECTOR('',#5180,1000.);
#1283=VECTOR('',#5181,1000.);
#1284=VECTOR('',#5184,1000.);
#1285=VECTOR('',#5187,1000.);
#1286=VECTOR('',#5190,1000.);
#1287=VECTOR('',#5193,1000.);
#1288=VECTOR('',#5196,1000.);
#1289=VECTOR('',#5197,1000.);
#1290=VECTOR('',#5200,1000.);
#1291=VECTOR('',#5203,1000.);
#1292=VECTOR('',#5206,1000.);
#1293=VECTOR('',#5209,1000.);
#1294=VECTOR('',#5212,1000.);
#1295=VECTOR('',#5213,1000.);
#1296=VECTOR('',#5216,1000.);
#1297=VECTOR('',#5219,1000.);
#1298=VECTOR('',#5222,1000.);
#1299=VECTOR('',#5225,1000.);
#1300=VECTOR('',#5228,1000.);
#1301=VECTOR('',#5229,1000.);
#1302=VECTOR('',#5232,1000.);
#1303=VECTOR('',#5235,1000.);
#1304=VECTOR('',#5238,1000.);
#1305=VECTOR('',#5241,1000.);
#1306=VECTOR('',#5244,1000.);
#1307=VECTOR('',#5245,1000.);
#1308=VECTOR('',#5248,1000.);
#1309=VECTOR('',#5251,1000.);
#1310=VECTOR('',#5254,1000.);
#1311=VECTOR('',#5257,1000.);
#1312=VECTOR('',#5260,1000.);
#1313=VECTOR('',#5261,1000.);
#1314=VECTOR('',#5264,1000.);
#1315=VECTOR('',#5267,1000.);
#1316=VECTOR('',#5270,1000.);
#1317=VECTOR('',#5273,1000.);
#1318=VECTOR('',#5276,1000.);
#1319=VECTOR('',#5277,1000.);
#1320=VECTOR('',#5280,1000.);
#1321=VECTOR('',#5283,1000.);
#1322=VECTOR('',#5286,1000.);
#1323=VECTOR('',#5289,1000.);
#1324=VECTOR('',#5292,1000.);
#1325=VECTOR('',#5293,1000.);
#1326=VECTOR('',#5296,1000.);
#1327=VECTOR('',#5299,1000.);
#1328=VECTOR('',#5302,1000.);
#1329=VECTOR('',#5305,1000.);
#1330=VECTOR('',#5308,1000.);
#1331=VECTOR('',#5309,1000.);
#1332=VECTOR('',#5312,1000.);
#1333=VECTOR('',#5315,1000.);
#1334=VECTOR('',#5318,1000.);
#1335=VECTOR('',#5321,1000.);
#1336=VECTOR('',#5324,1000.);
#1337=VECTOR('',#5325,1000.);
#1338=CIRCLE('',#3948,1.45);
#1339=CIRCLE('',#3949,1.05);
#1340=CIRCLE('',#3951,1.45);
#1341=CIRCLE('',#3952,1.05);
#1342=CIRCLE('',#3954,1.45);
#1343=CIRCLE('',#3956,1.45);
#1344=CIRCLE('',#3958,3.25);
#1345=CIRCLE('',#3959,3.25);
#1346=CIRCLE('',#3961,5.);
#1347=CIRCLE('',#3962,5.);
#1348=CIRCLE('',#3964,3.75);
#1349=CIRCLE('',#3965,3.75);
#1350=CIRCLE('',#3967,9.1);
#1351=CIRCLE('',#3968,9.1);
#1352=CIRCLE('',#3970,9.1);
#1353=CIRCLE('',#3971,9.1);
#1354=CIRCLE('',#3973,9.1);
#1355=CIRCLE('',#3974,9.1);
#1356=CIRCLE('',#3976,9.1);
#1357=CIRCLE('',#3977,9.1);
#1358=CIRCLE('',#3979,9.1);
#1359=CIRCLE('',#3980,9.1);
#1360=CIRCLE('',#3982,9.1);
#1361=CIRCLE('',#3983,9.1);
#1362=CIRCLE('',#3985,9.1);
#1363=CIRCLE('',#3986,9.1);
#1364=CIRCLE('',#3988,9.1);
#1365=CIRCLE('',#3989,9.1);
#1366=CIRCLE('',#3991,9.1);
#1367=CIRCLE('',#3992,9.1);
#1368=CIRCLE('',#3994,9.1);
#1369=CIRCLE('',#3995,9.1);
#1370=CIRCLE('',#3997,9.1);
#1371=CIRCLE('',#3998,9.1);
#1372=CIRCLE('',#4000,9.1);
#1373=CIRCLE('',#4001,9.1);
#1374=CIRCLE('',#4003,9.1);
#1375=CIRCLE('',#4004,9.1);
#1376=CIRCLE('',#4006,9.1);
#1377=CIRCLE('',#4007,9.1);
#1378=CIRCLE('',#4009,9.1);
#1379=CIRCLE('',#4010,9.1);
#1380=CIRCLE('',#4012,9.1);
#1381=CIRCLE('',#4013,9.1);
#1382=CIRCLE('',#4015,9.1);
#1383=CIRCLE('',#4016,9.1);
#1384=CIRCLE('',#4018,9.1);
#1385=CIRCLE('',#4019,9.1);
#1386=CIRCLE('',#4021,9.1);
#1387=CIRCLE('',#4022,9.1);
#1388=CIRCLE('',#4024,9.1);
#1389=CIRCLE('',#4025,9.1);
#1390=CIRCLE('',#4027,9.1);
#1391=CIRCLE('',#4028,9.1);
#1392=CIRCLE('',#4030,9.1);
#1393=CIRCLE('',#4031,9.1);
#1394=CIRCLE('',#4033,9.1);
#1395=CIRCLE('',#4034,9.1);
#1396=CIRCLE('',#4036,9.1);
#1397=CIRCLE('',#4037,9.1);
#1398=CIRCLE('',#4039,0.266);
#1399=CIRCLE('',#4040,7.525);
#1400=CIRCLE('',#4041,0.266);
#1401=CIRCLE('',#4042,0.266);
#1402=CIRCLE('',#4043,7.525);
#1403=CIRCLE('',#4044,0.266);
#1404=CIRCLE('',#4045,0.266);
#1405=CIRCLE('',#4046,7.525);
#1406=CIRCLE('',#4047,0.266000000000001);
#1407=CIRCLE('',#4048,0.266);
#1408=CIRCLE('',#4049,7.525);
#1409=CIRCLE('',#4050,0.266);
#1410=CIRCLE('',#4051,0.266);
#1411=CIRCLE('',#4052,7.525);
#1412=CIRCLE('',#4053,0.266);
#1413=CIRCLE('',#4054,0.266);
#1414=CIRCLE('',#4055,7.525);
#1415=CIRCLE('',#4056,0.266);
#1416=CIRCLE('',#4057,0.266);
#1417=CIRCLE('',#4058,7.525);
#1418=CIRCLE('',#4059,0.266);
#1419=CIRCLE('',#4060,0.266);
#1420=CIRCLE('',#4061,7.525);
#1421=CIRCLE('',#4062,0.266);
#1422=CIRCLE('',#4063,0.266);
#1423=CIRCLE('',#4064,7.525);
#1424=CIRCLE('',#4065,0.266);
#1425=CIRCLE('',#4066,0.265999999999999);
#1426=CIRCLE('',#4067,7.525);
#1427=CIRCLE('',#4068,0.266);
#1428=CIRCLE('',#4069,0.266);
#1429=CIRCLE('',#4070,7.525);
#1430=CIRCLE('',#4071,0.266);
#1431=CIRCLE('',#4072,0.266);
#1432=CIRCLE('',#4073,7.525);
#1433=CIRCLE('',#4074,0.266);
#1434=CIRCLE('',#4075,0.266);
#1435=CIRCLE('',#4076,7.525);
#1436=CIRCLE('',#4077,0.266);
#1437=CIRCLE('',#4078,0.266);
#1438=CIRCLE('',#4079,7.525);
#1439=CIRCLE('',#4080,0.266);
#1440=CIRCLE('',#4081,0.266);
#1441=CIRCLE('',#4082,7.525);
#1442=CIRCLE('',#4083,0.266000000000001);
#1443=CIRCLE('',#4084,0.265999999999999);
#1444=CIRCLE('',#4085,7.525);
#1445=CIRCLE('',#4086,0.266);
#1446=CIRCLE('',#4087,0.266);
#1447=CIRCLE('',#4088,7.525);
#1448=CIRCLE('',#4089,0.266);
#1449=CIRCLE('',#4090,0.266);
#1450=CIRCLE('',#4091,7.525);
#1451=CIRCLE('',#4092,0.266);
#1452=CIRCLE('',#4093,0.266);
#1453=CIRCLE('',#4094,7.525);
#1454=CIRCLE('',#4095,0.266);
#1455=CIRCLE('',#4096,0.266);
#1456=CIRCLE('',#4097,7.525);
#1457=CIRCLE('',#4098,0.266);
#1458=CIRCLE('',#4099,0.266);
#1459=CIRCLE('',#4100,7.525);
#1460=CIRCLE('',#4101,0.266);
#1461=CIRCLE('',#4102,0.266);
#1462=CIRCLE('',#4103,7.525);
#1463=CIRCLE('',#4104,0.266000000000001);
#1464=CIRCLE('',#4105,0.266);
#1465=CIRCLE('',#4106,7.525);
#1466=CIRCLE('',#4107,0.266);
#1467=CIRCLE('',#4108,0.266);
#1468=CIRCLE('',#4109,7.525);
#1469=CIRCLE('',#4110,0.266);
#1470=CIRCLE('',#4112,0.266);
#1471=CIRCLE('',#4113,7.525);
#1472=CIRCLE('',#4114,0.266);
#1473=CIRCLE('',#4115,0.266);
#1474=CIRCLE('',#4116,7.525);
#1475=CIRCLE('',#4117,0.266);
#1476=CIRCLE('',#4118,0.266000000000001);
#1477=CIRCLE('',#4119,7.525);
#1478=CIRCLE('',#4120,0.266);
#1479=CIRCLE('',#4121,0.266);
#1480=CIRCLE('',#4122,7.525);
#1481=CIRCLE('',#4123,0.266);
#1482=CIRCLE('',#4124,0.266);
#1483=CIRCLE('',#4125,7.525);
#1484=CIRCLE('',#4126,0.266);
#1485=CIRCLE('',#4127,0.266);
#1486=CIRCLE('',#4128,7.525);
#1487=CIRCLE('',#4129,0.266);
#1488=CIRCLE('',#4130,0.266);
#1489=CIRCLE('',#4131,7.525);
#1490=CIRCLE('',#4132,0.266);
#1491=CIRCLE('',#4133,0.266);
#1492=CIRCLE('',#4134,7.525);
#1493=CIRCLE('',#4135,0.266);
#1494=CIRCLE('',#4136,0.265999999999999);
#1495=CIRCLE('',#4137,7.525);
#1496=CIRCLE('',#4138,0.265999999999999);
#1497=CIRCLE('',#4139,0.266000000000001);
#1498=CIRCLE('',#4140,7.525);
#1499=CIRCLE('',#4141,0.266);
#1500=CIRCLE('',#4142,0.266);
#1501=CIRCLE('',#4143,7.525);
#1502=CIRCLE('',#4144,0.266);
#1503=CIRCLE('',#4145,0.266);
#1504=CIRCLE('',#4146,7.525);
#1505=CIRCLE('',#4147,0.266);
#1506=CIRCLE('',#4148,0.266);
#1507=CIRCLE('',#4149,7.525);
#1508=CIRCLE('',#4150,0.266);
#1509=CIRCLE('',#4151,0.266);
#1510=CIRCLE('',#4152,7.525);
#1511=CIRCLE('',#4153,0.266);
#1512=CIRCLE('',#4154,0.266);
#1513=CIRCLE('',#4155,7.525);
#1514=CIRCLE('',#4156,0.265999999999999);
#1515=CIRCLE('',#4157,0.266);
#1516=CIRCLE('',#4158,7.525);
#1517=CIRCLE('',#4159,0.266);
#1518=CIRCLE('',#4160,0.266);
#1519=CIRCLE('',#4161,7.525);
#1520=CIRCLE('',#4162,0.266);
#1521=CIRCLE('',#4163,0.266);
#1522=CIRCLE('',#4164,7.525);
#1523=CIRCLE('',#4165,0.266);
#1524=CIRCLE('',#4166,0.266);
#1525=CIRCLE('',#4167,7.525);
#1526=CIRCLE('',#4168,0.266);
#1527=CIRCLE('',#4169,0.266);
#1528=CIRCLE('',#4170,7.525);
#1529=CIRCLE('',#4171,0.266);
#1530=CIRCLE('',#4172,0.266);
#1531=CIRCLE('',#4173,7.525);
#1532=CIRCLE('',#4174,0.266);
#1533=CIRCLE('',#4175,0.266000000000001);
#1534=CIRCLE('',#4176,7.525);
#1535=CIRCLE('',#4177,0.266);
#1536=CIRCLE('',#4178,0.266);
#1537=CIRCLE('',#4179,7.525);
#1538=CIRCLE('',#4180,0.266);
#1539=CIRCLE('',#4181,0.266);
#1540=CIRCLE('',#4182,7.525);
#1541=CIRCLE('',#4183,0.266);
#1542=VERTEX_POINT('',#5347);
#1543=VERTEX_POINT('',#5349);
#1544=VERTEX_POINT('',#5353);
#1545=VERTEX_POINT('',#5355);
#1546=VERTEX_POINT('',#5359);
#1547=VERTEX_POINT('',#5363);
#1548=VERTEX_POINT('',#5367);
#1549=VERTEX_POINT('',#5369);
#1550=VERTEX_POINT('',#5373);
#1551=VERTEX_POINT('',#5375);
#1552=VERTEX_POINT('',#5379);
#1553=VERTEX_POINT('',#5381);
#1554=VERTEX_POINT('',#5385);
#1555=VERTEX_POINT('',#5386);
#1556=VERTEX_POINT('',#5388);
#1557=VERTEX_POINT('',#5390);
#1558=VERTEX_POINT('',#5394);
#1559=VERTEX_POINT('',#5395);
#1560=VERTEX_POINT('',#5397);
#1561=VERTEX_POINT('',#5399);
#1562=VERTEX_POINT('',#5403);
#1563=VERTEX_POINT('',#5404);
#1564=VERTEX_POINT('',#5406);
#1565=VERTEX_POINT('',#5408);
#1566=VERTEX_POINT('',#5412);
#1567=VERTEX_POINT('',#5413);
#1568=VERTEX_POINT('',#5415);
#1569=VERTEX_POINT('',#5417);
#1570=VERTEX_POINT('',#5421);
#1571=VERTEX_POINT('',#5422);
#1572=VERTEX_POINT('',#5424);
#1573=VERTEX_POINT('',#5426);
#1574=VERTEX_POINT('',#5430);
#1575=VERTEX_POINT('',#5431);
#1576=VERTEX_POINT('',#5433);
#1577=VERTEX_POINT('',#5435);
#1578=VERTEX_POINT('',#5439);
#1579=VERTEX_POINT('',#5440);
#1580=VERTEX_POINT('',#5442);
#1581=VERTEX_POINT('',#5444);
#1582=VERTEX_POINT('',#5448);
#1583=VERTEX_POINT('',#5449);
#1584=VERTEX_POINT('',#5451);
#1585=VERTEX_POINT('',#5453);
#1586=VERTEX_POINT('',#5457);
#1587=VERTEX_POINT('',#5458);
#1588=VERTEX_POINT('',#5460);
#1589=VERTEX_POINT('',#5462);
#1590=VERTEX_POINT('',#5466);
#1591=VERTEX_POINT('',#5467);
#1592=VERTEX_POINT('',#5469);
#1593=VERTEX_POINT('',#5471);
#1594=VERTEX_POINT('',#5475);
#1595=VERTEX_POINT('',#5476);
#1596=VERTEX_POINT('',#5478);
#1597=VERTEX_POINT('',#5480);
#1598=VERTEX_POINT('',#5484);
#1599=VERTEX_POINT('',#5485);
#1600=VERTEX_POINT('',#5487);
#1601=VERTEX_POINT('',#5489);
#1602=VERTEX_POINT('',#5493);
#1603=VERTEX_POINT('',#5494);
#1604=VERTEX_POINT('',#5496);
#1605=VERTEX_POINT('',#5498);
#1606=VERTEX_POINT('',#5502);
#1607=VERTEX_POINT('',#5503);
#1608=VERTEX_POINT('',#5505);
#1609=VERTEX_POINT('',#5507);
#1610=VERTEX_POINT('',#5511);
#1611=VERTEX_POINT('',#5512);
#1612=VERTEX_POINT('',#5514);
#1613=VERTEX_POINT('',#5516);
#1614=VERTEX_POINT('',#5520);
#1615=VERTEX_POINT('',#5521);
#1616=VERTEX_POINT('',#5523);
#1617=VERTEX_POINT('',#5525);
#1618=VERTEX_POINT('',#5529);
#1619=VERTEX_POINT('',#5530);
#1620=VERTEX_POINT('',#5532);
#1621=VERTEX_POINT('',#5534);
#1622=VERTEX_POINT('',#5538);
#1623=VERTEX_POINT('',#5539);
#1624=VERTEX_POINT('',#5541);
#1625=VERTEX_POINT('',#5543);
#1626=VERTEX_POINT('',#5547);
#1627=VERTEX_POINT('',#5548);
#1628=VERTEX_POINT('',#5550);
#1629=VERTEX_POINT('',#5552);
#1630=VERTEX_POINT('',#5556);
#1631=VERTEX_POINT('',#5557);
#1632=VERTEX_POINT('',#5559);
#1633=VERTEX_POINT('',#5561);
#1634=VERTEX_POINT('',#5565);
#1635=VERTEX_POINT('',#5566);
#1636=VERTEX_POINT('',#5568);
#1637=VERTEX_POINT('',#5570);
#1638=VERTEX_POINT('',#5574);
#1639=VERTEX_POINT('',#5575);
#1640=VERTEX_POINT('',#5577);
#1641=VERTEX_POINT('',#5579);
#1642=VERTEX_POINT('',#5583);
#1643=VERTEX_POINT('',#5584);
#1644=VERTEX_POINT('',#5586);
#1645=VERTEX_POINT('',#5588);
#1646=VERTEX_POINT('',#5592);
#1647=VERTEX_POINT('',#5593);
#1648=VERTEX_POINT('',#5595);
#1649=VERTEX_POINT('',#5597);
#1650=VERTEX_POINT('',#5601);
#1651=VERTEX_POINT('',#5612);
#1652=VERTEX_POINT('',#5623);
#1653=VERTEX_POINT('',#5625);
#1654=VERTEX_POINT('',#5627);
#1655=VERTEX_POINT('',#5629);
#1656=VERTEX_POINT('',#5631);
#1657=VERTEX_POINT('',#5643);
#1658=VERTEX_POINT('',#5654);
#1659=VERTEX_POINT('',#5656);
#1660=VERTEX_POINT('',#5658);
#1661=VERTEX_POINT('',#5660);
#1662=VERTEX_POINT('',#5662);
#1663=VERTEX_POINT('',#5674);
#1664=VERTEX_POINT('',#5685);
#1665=VERTEX_POINT('',#5687);
#1666=VERTEX_POINT('',#5689);
#1667=VERTEX_POINT('',#5691);
#1668=VERTEX_POINT('',#5693);
#1669=VERTEX_POINT('',#5705);
#1670=VERTEX_POINT('',#5716);
#1671=VERTEX_POINT('',#5718);
#1672=VERTEX_POINT('',#5720);
#1673=VERTEX_POINT('',#5722);
#1674=VERTEX_POINT('',#5724);
#1675=VERTEX_POINT('',#5736);
#1676=VERTEX_POINT('',#5747);
#1677=VERTEX_POINT('',#5749);
#1678=VERTEX_POINT('',#5751);
#1679=VERTEX_POINT('',#5753);
#1680=VERTEX_POINT('',#5755);
#1681=VERTEX_POINT('',#5767);
#1682=VERTEX_POINT('',#5778);
#1683=VERTEX_POINT('',#5780);
#1684=VERTEX_POINT('',#5782);
#1685=VERTEX_POINT('',#5784);
#1686=VERTEX_POINT('',#5786);
#1687=VERTEX_POINT('',#5798);
#1688=VERTEX_POINT('',#5809);
#1689=VERTEX_POINT('',#5811);
#1690=VERTEX_POINT('',#5813);
#1691=VERTEX_POINT('',#5815);
#1692=VERTEX_POINT('',#5817);
#1693=VERTEX_POINT('',#5829);
#1694=VERTEX_POINT('',#5840);
#1695=VERTEX_POINT('',#5842);
#1696=VERTEX_POINT('',#5844);
#1697=VERTEX_POINT('',#5846);
#1698=VERTEX_POINT('',#5848);
#1699=VERTEX_POINT('',#5860);
#1700=VERTEX_POINT('',#5871);
#1701=VERTEX_POINT('',#5873);
#1702=VERTEX_POINT('',#5875);
#1703=VERTEX_POINT('',#5877);
#1704=VERTEX_POINT('',#5879);
#1705=VERTEX_POINT('',#5891);
#1706=VERTEX_POINT('',#5902);
#1707=VERTEX_POINT('',#5904);
#1708=VERTEX_POINT('',#5906);
#1709=VERTEX_POINT('',#5908);
#1710=VERTEX_POINT('',#5910);
#1711=VERTEX_POINT('',#5922);
#1712=VERTEX_POINT('',#5933);
#1713=VERTEX_POINT('',#5935);
#1714=VERTEX_POINT('',#5937);
#1715=VERTEX_POINT('',#5939);
#1716=VERTEX_POINT('',#5941);
#1717=VERTEX_POINT('',#5953);
#1718=VERTEX_POINT('',#5964);
#1719=VERTEX_POINT('',#5966);
#1720=VERTEX_POINT('',#5968);
#1721=VERTEX_POINT('',#5970);
#1722=VERTEX_POINT('',#5972);
#1723=VERTEX_POINT('',#5984);
#1724=VERTEX_POINT('',#5995);
#1725=VERTEX_POINT('',#5997);
#1726=VERTEX_POINT('',#5999);
#1727=VERTEX_POINT('',#6001);
#1728=VERTEX_POINT('',#6003);
#1729=VERTEX_POINT('',#6015);
#1730=VERTEX_POINT('',#6026);
#1731=VERTEX_POINT('',#6028);
#1732=VERTEX_POINT('',#6030);
#1733=VERTEX_POINT('',#6032);
#1734=VERTEX_POINT('',#6034);
#1735=VERTEX_POINT('',#6046);
#1736=VERTEX_POINT('',#6057);
#1737=VERTEX_POINT('',#6059);
#1738=VERTEX_POINT('',#6061);
#1739=VERTEX_POINT('',#6063);
#1740=VERTEX_POINT('',#6065);
#1741=VERTEX_POINT('',#6077);
#1742=VERTEX_POINT('',#6088);
#1743=VERTEX_POINT('',#6090);
#1744=VERTEX_POINT('',#6092);
#1745=VERTEX_POINT('',#6094);
#1746=VERTEX_POINT('',#6096);
#1747=VERTEX_POINT('',#6108);
#1748=VERTEX_POINT('',#6119);
#1749=VERTEX_POINT('',#6121);
#1750=VERTEX_POINT('',#6123);
#1751=VERTEX_POINT('',#6125);
#1752=VERTEX_POINT('',#6127);
#1753=VERTEX_POINT('',#6139);
#1754=VERTEX_POINT('',#6150);
#1755=VERTEX_POINT('',#6152);
#1756=VERTEX_POINT('',#6154);
#1757=VERTEX_POINT('',#6156);
#1758=VERTEX_POINT('',#6158);
#1759=VERTEX_POINT('',#6170);
#1760=VERTEX_POINT('',#6181);
#1761=VERTEX_POINT('',#6183);
#1762=VERTEX_POINT('',#6185);
#1763=VERTEX_POINT('',#6187);
#1764=VERTEX_POINT('',#6189);
#1765=VERTEX_POINT('',#6201);
#1766=VERTEX_POINT('',#6212);
#1767=VERTEX_POINT('',#6214);
#1768=VERTEX_POINT('',#6216);
#1769=VERTEX_POINT('',#6218);
#1770=VERTEX_POINT('',#6220);
#1771=VERTEX_POINT('',#6232);
#1772=VERTEX_POINT('',#6243);
#1773=VERTEX_POINT('',#6245);
#1774=VERTEX_POINT('',#6247);
#1775=VERTEX_POINT('',#6249);
#1776=VERTEX_POINT('',#6251);
#1777=VERTEX_POINT('',#6263);
#1778=VERTEX_POINT('',#6274);
#1779=VERTEX_POINT('',#6276);
#1780=VERTEX_POINT('',#6278);
#1781=VERTEX_POINT('',#6280);
#1782=VERTEX_POINT('',#6282);
#1783=VERTEX_POINT('',#6294);
#1784=VERTEX_POINT('',#6305);
#1785=VERTEX_POINT('',#6307);
#1786=VERTEX_POINT('',#6309);
#1787=VERTEX_POINT('',#6311);
#1788=VERTEX_POINT('',#6313);
#1789=VERTEX_POINT('',#6325);
#1790=VERTEX_POINT('',#6336);
#1791=VERTEX_POINT('',#6338);
#1792=VERTEX_POINT('',#6340);
#1793=VERTEX_POINT('',#6342);
#1794=VERTEX_POINT('',#6346);
#1795=VERTEX_POINT('',#6357);
#1796=VERTEX_POINT('',#6359);
#1797=VERTEX_POINT('',#6361);
#1798=VERTEX_POINT('',#6363);
#1799=VERTEX_POINT('',#6365);
#1800=VERTEX_POINT('',#6377);
#1801=VERTEX_POINT('',#6388);
#1802=VERTEX_POINT('',#6390);
#1803=VERTEX_POINT('',#6392);
#1804=VERTEX_POINT('',#6394);
#1805=VERTEX_POINT('',#6396);
#1806=VERTEX_POINT('',#6408);
#1807=VERTEX_POINT('',#6419);
#1808=VERTEX_POINT('',#6421);
#1809=VERTEX_POINT('',#6423);
#1810=VERTEX_POINT('',#6425);
#1811=VERTEX_POINT('',#6427);
#1812=VERTEX_POINT('',#6439);
#1813=VERTEX_POINT('',#6450);
#1814=VERTEX_POINT('',#6452);
#1815=VERTEX_POINT('',#6454);
#1816=VERTEX_POINT('',#6456);
#1817=VERTEX_POINT('',#6458);
#1818=VERTEX_POINT('',#6470);
#1819=VERTEX_POINT('',#6481);
#1820=VERTEX_POINT('',#6483);
#1821=VERTEX_POINT('',#6485);
#1822=VERTEX_POINT('',#6487);
#1823=VERTEX_POINT('',#6489);
#1824=VERTEX_POINT('',#6501);
#1825=VERTEX_POINT('',#6512);
#1826=VERTEX_POINT('',#6514);
#1827=VERTEX_POINT('',#6516);
#1828=VERTEX_POINT('',#6518);
#1829=VERTEX_POINT('',#6520);
#1830=VERTEX_POINT('',#6532);
#1831=VERTEX_POINT('',#6543);
#1832=VERTEX_POINT('',#6545);
#1833=VERTEX_POINT('',#6547);
#1834=VERTEX_POINT('',#6549);
#1835=VERTEX_POINT('',#6551);
#1836=VERTEX_POINT('',#6563);
#1837=VERTEX_POINT('',#6574);
#1838=VERTEX_POINT('',#6576);
#1839=VERTEX_POINT('',#6578);
#1840=VERTEX_POINT('',#6580);
#1841=VERTEX_POINT('',#6582);
#1842=VERTEX_POINT('',#6594);
#1843=VERTEX_POINT('',#6605);
#1844=VERTEX_POINT('',#6607);
#1845=VERTEX_POINT('',#6609);
#1846=VERTEX_POINT('',#6611);
#1847=VERTEX_POINT('',#6613);
#1848=VERTEX_POINT('',#6625);
#1849=VERTEX_POINT('',#6636);
#1850=VERTEX_POINT('',#6638);
#1851=VERTEX_POINT('',#6640);
#1852=VERTEX_POINT('',#6642);
#1853=VERTEX_POINT('',#6644);
#1854=VERTEX_POINT('',#6656);
#1855=VERTEX_POINT('',#6667);
#1856=VERTEX_POINT('',#6669);
#1857=VERTEX_POINT('',#6671);
#1858=VERTEX_POINT('',#6673);
#1859=VERTEX_POINT('',#6675);
#1860=VERTEX_POINT('',#6687);
#1861=VERTEX_POINT('',#6698);
#1862=VERTEX_POINT('',#6700);
#1863=VERTEX_POINT('',#6702);
#1864=VERTEX_POINT('',#6704);
#1865=VERTEX_POINT('',#6706);
#1866=VERTEX_POINT('',#6718);
#1867=VERTEX_POINT('',#6729);
#1868=VERTEX_POINT('',#6731);
#1869=VERTEX_POINT('',#6733);
#1870=VERTEX_POINT('',#6735);
#1871=VERTEX_POINT('',#6737);
#1872=VERTEX_POINT('',#6749);
#1873=VERTEX_POINT('',#6760);
#1874=VERTEX_POINT('',#6762);
#1875=VERTEX_POINT('',#6764);
#1876=VERTEX_POINT('',#6766);
#1877=VERTEX_POINT('',#6768);
#1878=VERTEX_POINT('',#6780);
#1879=VERTEX_POINT('',#6791);
#1880=VERTEX_POINT('',#6793);
#1881=VERTEX_POINT('',#6795);
#1882=VERTEX_POINT('',#6797);
#1883=VERTEX_POINT('',#6799);
#1884=VERTEX_POINT('',#6811);
#1885=VERTEX_POINT('',#6822);
#1886=VERTEX_POINT('',#6824);
#1887=VERTEX_POINT('',#6826);
#1888=VERTEX_POINT('',#6828);
#1889=VERTEX_POINT('',#6830);
#1890=VERTEX_POINT('',#6842);
#1891=VERTEX_POINT('',#6853);
#1892=VERTEX_POINT('',#6855);
#1893=VERTEX_POINT('',#6857);
#1894=VERTEX_POINT('',#6859);
#1895=VERTEX_POINT('',#6861);
#1896=VERTEX_POINT('',#6873);
#1897=VERTEX_POINT('',#6884);
#1898=VERTEX_POINT('',#6886);
#1899=VERTEX_POINT('',#6888);
#1900=VERTEX_POINT('',#6890);
#1901=VERTEX_POINT('',#6892);
#1902=VERTEX_POINT('',#6904);
#1903=VERTEX_POINT('',#6915);
#1904=VERTEX_POINT('',#6917);
#1905=VERTEX_POINT('',#6919);
#1906=VERTEX_POINT('',#6921);
#1907=VERTEX_POINT('',#6923);
#1908=VERTEX_POINT('',#6935);
#1909=VERTEX_POINT('',#6946);
#1910=VERTEX_POINT('',#6948);
#1911=VERTEX_POINT('',#6950);
#1912=VERTEX_POINT('',#6952);
#1913=VERTEX_POINT('',#6954);
#1914=VERTEX_POINT('',#6966);
#1915=VERTEX_POINT('',#6977);
#1916=VERTEX_POINT('',#6979);
#1917=VERTEX_POINT('',#6981);
#1918=VERTEX_POINT('',#6983);
#1919=VERTEX_POINT('',#6985);
#1920=VERTEX_POINT('',#6997);
#1921=VERTEX_POINT('',#7008);
#1922=VERTEX_POINT('',#7010);
#1923=VERTEX_POINT('',#7012);
#1924=VERTEX_POINT('',#7014);
#1925=VERTEX_POINT('',#7016);
#1926=VERTEX_POINT('',#7028);
#1927=VERTEX_POINT('',#7039);
#1928=VERTEX_POINT('',#7041);
#1929=VERTEX_POINT('',#7043);
#1930=VERTEX_POINT('',#7045);
#1931=VERTEX_POINT('',#7047);
#1932=VERTEX_POINT('',#7059);
#1933=VERTEX_POINT('',#7070);
#1934=VERTEX_POINT('',#7072);
#1935=VERTEX_POINT('',#7074);
#1936=VERTEX_POINT('',#7076);
#1937=VERTEX_POINT('',#7078);
#1938=EDGE_CURVE('',#1542,#1542,#1338,.T.);
#1939=EDGE_CURVE('',#1542,#1543,#748,.T.);
#1940=EDGE_CURVE('',#1543,#1543,#1339,.T.);
#1941=EDGE_CURVE('',#1544,#1544,#1340,.T.);
#1942=EDGE_CURVE('',#1544,#1545,#749,.T.);
#1943=EDGE_CURVE('',#1545,#1545,#1341,.T.);
#1944=EDGE_CURVE('',#1546,#1546,#1342,.T.);
#1945=EDGE_CURVE('',#1546,#1542,#750,.T.);
#1946=EDGE_CURVE('',#1547,#1547,#1343,.T.);
#1947=EDGE_CURVE('',#1547,#1544,#751,.T.);
#1948=EDGE_CURVE('',#1548,#1548,#1344,.T.);
#1949=EDGE_CURVE('',#1548,#1549,#752,.T.);
#1950=EDGE_CURVE('',#1549,#1549,#1345,.T.);
#1951=EDGE_CURVE('',#1550,#1550,#1346,.T.);
#1952=EDGE_CURVE('',#1550,#1551,#753,.T.);
#1953=EDGE_CURVE('',#1551,#1551,#1347,.T.);
#1954=EDGE_CURVE('',#1552,#1552,#1348,.T.);
#1955=EDGE_CURVE('',#1552,#1553,#754,.T.);
#1956=EDGE_CURVE('',#1553,#1553,#1349,.T.);
#1957=EDGE_CURVE('',#1554,#1555,#755,.T.);
#1958=EDGE_CURVE('',#1556,#1555,#1350,.T.);
#1959=EDGE_CURVE('',#1557,#1556,#756,.T.);
#1960=EDGE_CURVE('',#1557,#1554,#1351,.T.);
#1961=EDGE_CURVE('',#1558,#1559,#757,.T.);
#1962=EDGE_CURVE('',#1560,#1559,#1352,.T.);
#1963=EDGE_CURVE('',#1561,#1560,#758,.T.);
#1964=EDGE_CURVE('',#1561,#1558,#1353,.T.);
#1965=EDGE_CURVE('',#1562,#1563,#1354,.T.);
#1966=EDGE_CURVE('',#1564,#1562,#759,.T.);
#1967=EDGE_CURVE('',#1564,#1565,#1355,.T.);
#1968=EDGE_CURVE('',#1565,#1563,#760,.T.);
#1969=EDGE_CURVE('',#1566,#1567,#1356,.T.);
#1970=EDGE_CURVE('',#1568,#1566,#761,.T.);
#1971=EDGE_CURVE('',#1568,#1569,#1357,.T.);
#1972=EDGE_CURVE('',#1569,#1567,#762,.T.);
#1973=EDGE_CURVE('',#1570,#1571,#763,.T.);
#1974=EDGE_CURVE('',#1572,#1571,#1358,.T.);
#1975=EDGE_CURVE('',#1573,#1572,#764,.T.);
#1976=EDGE_CURVE('',#1573,#1570,#1359,.T.);
#1977=EDGE_CURVE('',#1574,#1575,#765,.T.);
#1978=EDGE_CURVE('',#1576,#1575,#1360,.T.);
#1979=EDGE_CURVE('',#1577,#1576,#766,.T.);
#1980=EDGE_CURVE('',#1577,#1574,#1361,.T.);
#1981=EDGE_CURVE('',#1578,#1579,#767,.T.);
#1982=EDGE_CURVE('',#1580,#1579,#1362,.T.);
#1983=EDGE_CURVE('',#1581,#1580,#768,.T.);
#1984=EDGE_CURVE('',#1581,#1578,#1363,.T.);
#1985=EDGE_CURVE('',#1582,#1583,#769,.T.);
#1986=EDGE_CURVE('',#1584,#1583,#1364,.T.);
#1987=EDGE_CURVE('',#1585,#1584,#770,.T.);
#1988=EDGE_CURVE('',#1585,#1582,#1365,.T.);
#1989=EDGE_CURVE('',#1586,#1587,#771,.T.);
#1990=EDGE_CURVE('',#1588,#1587,#1366,.T.);
#1991=EDGE_CURVE('',#1589,#1588,#772,.T.);
#1992=EDGE_CURVE('',#1589,#1586,#1367,.T.);
#1993=EDGE_CURVE('',#1590,#1591,#1368,.T.);
#1994=EDGE_CURVE('',#1592,#1590,#773,.T.);
#1995=EDGE_CURVE('',#1592,#1593,#1369,.T.);
#1996=EDGE_CURVE('',#1593,#1591,#774,.T.);
#1997=EDGE_CURVE('',#1594,#1595,#775,.T.);
#1998=EDGE_CURVE('',#1596,#1595,#1370,.T.);
#1999=EDGE_CURVE('',#1597,#1596,#776,.T.);
#2000=EDGE_CURVE('',#1597,#1594,#1371,.T.);
#2001=EDGE_CURVE('',#1598,#1599,#777,.T.);
#2002=EDGE_CURVE('',#1600,#1599,#1372,.T.);
#2003=EDGE_CURVE('',#1601,#1600,#778,.T.);
#2004=EDGE_CURVE('',#1601,#1598,#1373,.T.);
#2005=EDGE_CURVE('',#1602,#1603,#779,.T.);
#2006=EDGE_CURVE('',#1604,#1603,#1374,.T.);
#2007=EDGE_CURVE('',#1605,#1604,#780,.T.);
#2008=EDGE_CURVE('',#1605,#1602,#1375,.T.);
#2009=EDGE_CURVE('',#1606,#1607,#781,.T.);
#2010=EDGE_CURVE('',#1608,#1607,#1376,.T.);
#2011=EDGE_CURVE('',#1609,#1608,#782,.T.);
#2012=EDGE_CURVE('',#1609,#1606,#1377,.T.);
#2013=EDGE_CURVE('',#1610,#1611,#1378,.T.);
#2014=EDGE_CURVE('',#1612,#1610,#783,.T.);
#2015=EDGE_CURVE('',#1612,#1613,#1379,.T.);
#2016=EDGE_CURVE('',#1613,#1611,#784,.T.);
#2017=EDGE_CURVE('',#1614,#1615,#1380,.T.);
#2018=EDGE_CURVE('',#1616,#1614,#785,.T.);
#2019=EDGE_CURVE('',#1616,#1617,#1381,.T.);
#2020=EDGE_CURVE('',#1617,#1615,#786,.T.);
#2021=EDGE_CURVE('',#1618,#1619,#787,.T.);
#2022=EDGE_CURVE('',#1620,#1619,#1382,.T.);
#2023=EDGE_CURVE('',#1621,#1620,#788,.T.);
#2024=EDGE_CURVE('',#1621,#1618,#1383,.T.);
#2025=EDGE_CURVE('',#1622,#1623,#789,.T.);
#2026=EDGE_CURVE('',#1624,#1623,#1384,.T.);
#2027=EDGE_CURVE('',#1625,#1624,#790,.T.);
#2028=EDGE_CURVE('',#1625,#1622,#1385,.T.);
#2029=EDGE_CURVE('',#1626,#1627,#791,.T.);
#2030=EDGE_CURVE('',#1628,#1627,#1386,.T.);
#2031=EDGE_CURVE('',#1629,#1628,#792,.T.);
#2032=EDGE_CURVE('',#1629,#1626,#1387,.T.);
#2033=EDGE_CURVE('',#1630,#1631,#1388,.T.);
#2034=EDGE_CURVE('',#1632,#1630,#793,.T.);
#2035=EDGE_CURVE('',#1632,#1633,#1389,.T.);
#2036=EDGE_CURVE('',#1633,#1631,#794,.T.);
#2037=EDGE_CURVE('',#1634,#1635,#795,.T.);
#2038=EDGE_CURVE('',#1636,#1635,#1390,.T.);
#2039=EDGE_CURVE('',#1637,#1636,#796,.T.);
#2040=EDGE_CURVE('',#1637,#1634,#1391,.T.);
#2041=EDGE_CURVE('',#1638,#1639,#1392,.T.);
#2042=EDGE_CURVE('',#1640,#1638,#797,.T.);
#2043=EDGE_CURVE('',#1640,#1641,#1393,.T.);
#2044=EDGE_CURVE('',#1641,#1639,#798,.T.);
#2045=EDGE_CURVE('',#1642,#1643,#799,.T.);
#2046=EDGE_CURVE('',#1644,#1643,#1394,.T.);
#2047=EDGE_CURVE('',#1645,#1644,#800,.T.);
#2048=EDGE_CURVE('',#1645,#1642,#1395,.T.);
#2049=EDGE_CURVE('',#1646,#1647,#1396,.T.);
#2050=EDGE_CURVE('',#1648,#1646,#801,.T.);
#2051=EDGE_CURVE('',#1648,#1649,#1397,.T.);
#2052=EDGE_CURVE('',#1649,#1647,#802,.T.);
#2053=EDGE_CURVE('',#1562,#1650,#81,.T.);
#2054=EDGE_CURVE('',#1563,#1651,#82,.T.);
#2055=EDGE_CURVE('',#1651,#1652,#803,.T.);
#2056=EDGE_CURVE('',#1652,#1653,#1398,.T.);
#2057=EDGE_CURVE('',#1654,#1653,#1399,.T.);
#2058=EDGE_CURVE('',#1654,#1655,#1400,.T.);
#2059=EDGE_CURVE('',#1656,#1655,#804,.T.);
#2060=EDGE_CURVE('',#1566,#1656,#83,.T.);
#2061=EDGE_CURVE('',#1567,#1657,#84,.T.);
#2062=EDGE_CURVE('',#1657,#1658,#805,.T.);
#2063=EDGE_CURVE('',#1658,#1659,#1401,.T.);
#2064=EDGE_CURVE('',#1660,#1659,#1402,.T.);
#2065=EDGE_CURVE('',#1660,#1661,#1403,.T.);
#2066=EDGE_CURVE('',#1662,#1661,#806,.T.);
#2067=EDGE_CURVE('',#1638,#1662,#85,.T.);
#2068=EDGE_CURVE('',#1639,#1663,#86,.T.);
#2069=EDGE_CURVE('',#1663,#1664,#807,.T.);
#2070=EDGE_CURVE('',#1664,#1665,#1404,.T.);
#2071=EDGE_CURVE('',#1666,#1665,#1405,.T.);
#2072=EDGE_CURVE('',#1666,#1667,#1406,.T.);
#2073=EDGE_CURVE('',#1668,#1667,#808,.T.);
#2074=EDGE_CURVE('',#1636,#1668,#87,.T.);
#2075=EDGE_CURVE('',#1635,#1669,#88,.T.);
#2076=EDGE_CURVE('',#1669,#1670,#809,.T.);
#2077=EDGE_CURVE('',#1670,#1671,#1407,.T.);
#2078=EDGE_CURVE('',#1672,#1671,#1408,.T.);
#2079=EDGE_CURVE('',#1672,#1673,#1409,.T.);
#2080=EDGE_CURVE('',#1674,#1673,#810,.T.);
#2081=EDGE_CURVE('',#1628,#1674,#89,.T.);
#2082=EDGE_CURVE('',#1627,#1675,#90,.T.);
#2083=EDGE_CURVE('',#1675,#1676,#811,.T.);
#2084=EDGE_CURVE('',#1676,#1677,#1410,.T.);
#2085=EDGE_CURVE('',#1678,#1677,#1411,.T.);
#2086=EDGE_CURVE('',#1678,#1679,#1412,.T.);
#2087=EDGE_CURVE('',#1680,#1679,#812,.T.);
#2088=EDGE_CURVE('',#1630,#1680,#91,.T.);
#2089=EDGE_CURVE('',#1631,#1681,#92,.T.);
#2090=EDGE_CURVE('',#1681,#1682,#813,.T.);
#2091=EDGE_CURVE('',#1682,#1683,#1413,.T.);
#2092=EDGE_CURVE('',#1684,#1683,#1414,.T.);
#2093=EDGE_CURVE('',#1684,#1685,#1415,.T.);
#2094=EDGE_CURVE('',#1686,#1685,#814,.T.);
#2095=EDGE_CURVE('',#1624,#1686,#93,.T.);
#2096=EDGE_CURVE('',#1623,#1687,#94,.T.);
#2097=EDGE_CURVE('',#1687,#1688,#815,.T.);
#2098=EDGE_CURVE('',#1688,#1689,#1416,.T.);
#2099=EDGE_CURVE('',#1690,#1689,#1417,.T.);
#2100=EDGE_CURVE('',#1690,#1691,#1418,.T.);
#2101=EDGE_CURVE('',#1692,#1691,#816,.T.);
#2102=EDGE_CURVE('',#1620,#1692,#95,.T.);
#2103=EDGE_CURVE('',#1619,#1693,#96,.T.);
#2104=EDGE_CURVE('',#1693,#1694,#817,.T.);
#2105=EDGE_CURVE('',#1694,#1695,#1419,.T.);
#2106=EDGE_CURVE('',#1696,#1695,#1420,.T.);
#2107=EDGE_CURVE('',#1696,#1697,#1421,.T.);
#2108=EDGE_CURVE('',#1698,#1697,#818,.T.);
#2109=EDGE_CURVE('',#1646,#1698,#97,.T.);
#2110=EDGE_CURVE('',#1647,#1699,#98,.T.);
#2111=EDGE_CURVE('',#1699,#1700,#819,.T.);
#2112=EDGE_CURVE('',#1700,#1701,#1422,.T.);
#2113=EDGE_CURVE('',#1702,#1701,#1423,.T.);
#2114=EDGE_CURVE('',#1702,#1703,#1424,.T.);
#2115=EDGE_CURVE('',#1704,#1703,#820,.T.);
#2116=EDGE_CURVE('',#1644,#1704,#99,.T.);
#2117=EDGE_CURVE('',#1643,#1705,#100,.T.);
#2118=EDGE_CURVE('',#1705,#1706,#821,.T.);
#2119=EDGE_CURVE('',#1706,#1707,#1425,.T.);
#2120=EDGE_CURVE('',#1708,#1707,#1426,.T.);
#2121=EDGE_CURVE('',#1708,#1709,#1427,.T.);
#2122=EDGE_CURVE('',#1710,#1709,#822,.T.);
#2123=EDGE_CURVE('',#1608,#1710,#101,.T.);
#2124=EDGE_CURVE('',#1607,#1711,#102,.T.);
#2125=EDGE_CURVE('',#1711,#1712,#823,.T.);
#2126=EDGE_CURVE('',#1712,#1713,#1428,.T.);
#2127=EDGE_CURVE('',#1714,#1713,#1429,.T.);
#2128=EDGE_CURVE('',#1714,#1715,#1430,.T.);
#2129=EDGE_CURVE('',#1716,#1715,#824,.T.);
#2130=EDGE_CURVE('',#1604,#1716,#103,.T.);
#2131=EDGE_CURVE('',#1603,#1717,#104,.T.);
#2132=EDGE_CURVE('',#1717,#1718,#825,.T.);
#2133=EDGE_CURVE('',#1718,#1719,#1431,.T.);
#2134=EDGE_CURVE('',#1720,#1719,#1432,.T.);
#2135=EDGE_CURVE('',#1720,#1721,#1433,.T.);
#2136=EDGE_CURVE('',#1722,#1721,#826,.T.);
#2137=EDGE_CURVE('',#1610,#1722,#105,.T.);
#2138=EDGE_CURVE('',#1611,#1723,#106,.T.);
#2139=EDGE_CURVE('',#1723,#1724,#827,.T.);
#2140=EDGE_CURVE('',#1724,#1725,#1434,.T.);
#2141=EDGE_CURVE('',#1726,#1725,#1435,.T.);
#2142=EDGE_CURVE('',#1726,#1727,#1436,.T.);
#2143=EDGE_CURVE('',#1728,#1727,#828,.T.);
#2144=EDGE_CURVE('',#1614,#1728,#107,.T.);
#2145=EDGE_CURVE('',#1615,#1729,#108,.T.);
#2146=EDGE_CURVE('',#1729,#1730,#829,.T.);
#2147=EDGE_CURVE('',#1730,#1731,#1437,.T.);
#2148=EDGE_CURVE('',#1732,#1731,#1438,.T.);
#2149=EDGE_CURVE('',#1732,#1733,#1439,.T.);
#2150=EDGE_CURVE('',#1734,#1733,#830,.T.);
#2151=EDGE_CURVE('',#1600,#1734,#109,.T.);
#2152=EDGE_CURVE('',#1599,#1735,#110,.T.);
#2153=EDGE_CURVE('',#1735,#1736,#831,.T.);
#2154=EDGE_CURVE('',#1736,#1737,#1440,.T.);
#2155=EDGE_CURVE('',#1738,#1737,#1441,.T.);
#2156=EDGE_CURVE('',#1738,#1739,#1442,.T.);
#2157=EDGE_CURVE('',#1740,#1739,#832,.T.);
#2158=EDGE_CURVE('',#1596,#1740,#111,.T.);
#2159=EDGE_CURVE('',#1595,#1741,#112,.T.);
#2160=EDGE_CURVE('',#1741,#1742,#833,.T.);
#2161=EDGE_CURVE('',#1742,#1743,#1443,.T.);
#2162=EDGE_CURVE('',#1744,#1743,#1444,.T.);
#2163=EDGE_CURVE('',#1744,#1745,#1445,.T.);
#2164=EDGE_CURVE('',#1746,#1745,#834,.T.);
#2165=EDGE_CURVE('',#1588,#1746,#113,.T.);
#2166=EDGE_CURVE('',#1587,#1747,#114,.T.);
#2167=EDGE_CURVE('',#1747,#1748,#835,.T.);
#2168=EDGE_CURVE('',#1748,#1749,#1446,.T.);
#2169=EDGE_CURVE('',#1750,#1749,#1447,.T.);
#2170=EDGE_CURVE('',#1750,#1751,#1448,.T.);
#2171=EDGE_CURVE('',#1752,#1751,#836,.T.);
#2172=EDGE_CURVE('',#1590,#1752,#115,.T.);
#2173=EDGE_CURVE('',#1591,#1753,#116,.T.);
#2174=EDGE_CURVE('',#1753,#1754,#837,.T.);
#2175=EDGE_CURVE('',#1754,#1755,#1449,.T.);
#2176=EDGE_CURVE('',#1756,#1755,#1450,.T.);
#2177=EDGE_CURVE('',#1756,#1757,#1451,.T.);
#2178=EDGE_CURVE('',#1758,#1757,#838,.T.);
#2179=EDGE_CURVE('',#1584,#1758,#117,.T.);
#2180=EDGE_CURVE('',#1583,#1759,#118,.T.);
#2181=EDGE_CURVE('',#1759,#1760,#839,.T.);
#2182=EDGE_CURVE('',#1760,#1761,#1452,.T.);
#2183=EDGE_CURVE('',#1762,#1761,#1453,.T.);
#2184=EDGE_CURVE('',#1762,#1763,#1454,.T.);
#2185=EDGE_CURVE('',#1764,#1763,#840,.T.);
#2186=EDGE_CURVE('',#1580,#1764,#119,.T.);
#2187=EDGE_CURVE('',#1579,#1765,#120,.T.);
#2188=EDGE_CURVE('',#1765,#1766,#841,.T.);
#2189=EDGE_CURVE('',#1766,#1767,#1455,.T.);
#2190=EDGE_CURVE('',#1768,#1767,#1456,.T.);
#2191=EDGE_CURVE('',#1768,#1769,#1457,.T.);
#2192=EDGE_CURVE('',#1770,#1769,#842,.T.);
#2193=EDGE_CURVE('',#1576,#1770,#121,.T.);
#2194=EDGE_CURVE('',#1575,#1771,#122,.T.);
#2195=EDGE_CURVE('',#1771,#1772,#843,.T.);
#2196=EDGE_CURVE('',#1772,#1773,#1458,.T.);
#2197=EDGE_CURVE('',#1774,#1773,#1459,.T.);
#2198=EDGE_CURVE('',#1774,#1775,#1460,.T.);
#2199=EDGE_CURVE('',#1776,#1775,#844,.T.);
#2200=EDGE_CURVE('',#1572,#1776,#123,.T.);
#2201=EDGE_CURVE('',#1571,#1777,#124,.T.);
#2202=EDGE_CURVE('',#1777,#1778,#845,.T.);
#2203=EDGE_CURVE('',#1778,#1779,#1461,.T.);
#2204=EDGE_CURVE('',#1780,#1779,#1462,.T.);
#2205=EDGE_CURVE('',#1780,#1781,#1463,.T.);
#2206=EDGE_CURVE('',#1782,#1781,#846,.T.);
#2207=EDGE_CURVE('',#1560,#1782,#125,.T.);
#2208=EDGE_CURVE('',#1559,#1783,#126,.T.);
#2209=EDGE_CURVE('',#1783,#1784,#847,.T.);
#2210=EDGE_CURVE('',#1784,#1785,#1464,.T.);
#2211=EDGE_CURVE('',#1786,#1785,#1465,.T.);
#2212=EDGE_CURVE('',#1786,#1787,#1466,.T.);
#2213=EDGE_CURVE('',#1788,#1787,#848,.T.);
#2214=EDGE_CURVE('',#1556,#1788,#127,.T.);
#2215=EDGE_CURVE('',#1555,#1789,#128,.T.);
#2216=EDGE_CURVE('',#1789,#1790,#849,.T.);
#2217=EDGE_CURVE('',#1790,#1791,#1467,.T.);
#2218=EDGE_CURVE('',#1792,#1791,#1468,.T.);
#2219=EDGE_CURVE('',#1792,#1793,#1469,.T.);
#2220=EDGE_CURVE('',#1650,#1793,#850,.T.);
#2221=EDGE_CURVE('',#1564,#1794,#129,.T.);
#2222=EDGE_CURVE('',#1794,#1795,#851,.T.);
#2223=EDGE_CURVE('',#1795,#1796,#1470,.T.);
#2224=EDGE_CURVE('',#1796,#1797,#1471,.T.);
#2225=EDGE_CURVE('',#1797,#1798,#1472,.T.);
#2226=EDGE_CURVE('',#1799,#1798,#852,.T.);
#2227=EDGE_CURVE('',#1554,#1799,#130,.T.);
#2228=EDGE_CURVE('',#1557,#1800,#131,.T.);
#2229=EDGE_CURVE('',#1800,#1801,#853,.T.);
#2230=EDGE_CURVE('',#1801,#1802,#1473,.T.);
#2231=EDGE_CURVE('',#1802,#1803,#1474,.T.);
#2232=EDGE_CURVE('',#1803,#1804,#1475,.T.);
#2233=EDGE_CURVE('',#1805,#1804,#854,.T.);
#2234=EDGE_CURVE('',#1558,#1805,#132,.T.);
#2235=EDGE_CURVE('',#1561,#1806,#133,.T.);
#2236=EDGE_CURVE('',#1806,#1807,#855,.T.);
#2237=EDGE_CURVE('',#1807,#1808,#1476,.T.);
#2238=EDGE_CURVE('',#1808,#1809,#1477,.T.);
#2239=EDGE_CURVE('',#1809,#1810,#1478,.T.);
#2240=EDGE_CURVE('',#1811,#1810,#856,.T.);
#2241=EDGE_CURVE('',#1570,#1811,#134,.T.);
#2242=EDGE_CURVE('',#1573,#1812,#135,.T.);
#2243=EDGE_CURVE('',#1812,#1813,#857,.T.);
#2244=EDGE_CURVE('',#1813,#1814,#1479,.T.);
#2245=EDGE_CURVE('',#1814,#1815,#1480,.T.);
#2246=EDGE_CURVE('',#1815,#1816,#1481,.T.);
#2247=EDGE_CURVE('',#1817,#1816,#858,.T.);
#2248=EDGE_CURVE('',#1574,#1817,#136,.T.);
#2249=EDGE_CURVE('',#1577,#1818,#137,.T.);
#2250=EDGE_CURVE('',#1818,#1819,#859,.T.);
#2251=EDGE_CURVE('',#1819,#1820,#1482,.T.);
#2252=EDGE_CURVE('',#1820,#1821,#1483,.T.);
#2253=EDGE_CURVE('',#1821,#1822,#1484,.T.);
#2254=EDGE_CURVE('',#1823,#1822,#860,.T.);
#2255=EDGE_CURVE('',#1578,#1823,#138,.T.);
#2256=EDGE_CURVE('',#1581,#1824,#139,.T.);
#2257=EDGE_CURVE('',#1824,#1825,#861,.T.);
#2258=EDGE_CURVE('',#1825,#1826,#1485,.T.);
#2259=EDGE_CURVE('',#1826,#1827,#1486,.T.);
#2260=EDGE_CURVE('',#1827,#1828,#1487,.T.);
#2261=EDGE_CURVE('',#1829,#1828,#862,.T.);
#2262=EDGE_CURVE('',#1582,#1829,#140,.T.);
#2263=EDGE_CURVE('',#1585,#1830,#141,.T.);
#2264=EDGE_CURVE('',#1830,#1831,#863,.T.);
#2265=EDGE_CURVE('',#1831,#1832,#1488,.T.);
#2266=EDGE_CURVE('',#1832,#1833,#1489,.T.);
#2267=EDGE_CURVE('',#1833,#1834,#1490,.T.);
#2268=EDGE_CURVE('',#1835,#1834,#864,.T.);
#2269=EDGE_CURVE('',#1593,#1835,#142,.T.);
#2270=EDGE_CURVE('',#1592,#1836,#143,.T.);
#2271=EDGE_CURVE('',#1836,#1837,#865,.T.);
#2272=EDGE_CURVE('',#1837,#1838,#1491,.T.);
#2273=EDGE_CURVE('',#1838,#1839,#1492,.T.);
#2274=EDGE_CURVE('',#1839,#1840,#1493,.T.);
#2275=EDGE_CURVE('',#1841,#1840,#866,.T.);
#2276=EDGE_CURVE('',#1586,#1841,#144,.T.);
#2277=EDGE_CURVE('',#1589,#1842,#145,.T.);
#2278=EDGE_CURVE('',#1842,#1843,#867,.T.);
#2279=EDGE_CURVE('',#1843,#1844,#1494,.T.);
#2280=EDGE_CURVE('',#1844,#1845,#1495,.T.);
#2281=EDGE_CURVE('',#1845,#1846,#1496,.T.);
#2282=EDGE_CURVE('',#1847,#1846,#868,.T.);
#2283=EDGE_CURVE('',#1594,#1847,#146,.T.);
#2284=EDGE_CURVE('',#1597,#1848,#147,.T.);
#2285=EDGE_CURVE('',#1848,#1849,#869,.T.);
#2286=EDGE_CURVE('',#1849,#1850,#1497,.T.);
#2287=EDGE_CURVE('',#1850,#1851,#1498,.T.);
#2288=EDGE_CURVE('',#1851,#1852,#1499,.T.);
#2289=EDGE_CURVE('',#1853,#1852,#870,.T.);
#2290=EDGE_CURVE('',#1598,#1853,#148,.T.);
#2291=EDGE_CURVE('',#1601,#1854,#149,.T.);
#2292=EDGE_CURVE('',#1854,#1855,#871,.T.);
#2293=EDGE_CURVE('',#1855,#1856,#1500,.T.);
#2294=EDGE_CURVE('',#1856,#1857,#1501,.T.);
#2295=EDGE_CURVE('',#1857,#1858,#1502,.T.);
#2296=EDGE_CURVE('',#1859,#1858,#872,.T.);
#2297=EDGE_CURVE('',#1617,#1859,#150,.T.);
#2298=EDGE_CURVE('',#1616,#1860,#151,.T.);
#2299=EDGE_CURVE('',#1860,#1861,#873,.T.);
#2300=EDGE_CURVE('',#1861,#1862,#1503,.T.);
#2301=EDGE_CURVE('',#1862,#1863,#1504,.T.);
#2302=EDGE_CURVE('',#1863,#1864,#1505,.T.);
#2303=EDGE_CURVE('',#1865,#1864,#874,.T.);
#2304=EDGE_CURVE('',#1613,#1865,#152,.T.);
#2305=EDGE_CURVE('',#1612,#1866,#153,.T.);
#2306=EDGE_CURVE('',#1866,#1867,#875,.T.);
#2307=EDGE_CURVE('',#1867,#1868,#1506,.T.);
#2308=EDGE_CURVE('',#1868,#1869,#1507,.T.);
#2309=EDGE_CURVE('',#1869,#1870,#1508,.T.);
#2310=EDGE_CURVE('',#1871,#1870,#876,.T.);
#2311=EDGE_CURVE('',#1602,#1871,#154,.T.);
#2312=EDGE_CURVE('',#1605,#1872,#155,.T.);
#2313=EDGE_CURVE('',#1872,#1873,#877,.T.);
#2314=EDGE_CURVE('',#1873,#1874,#1509,.T.);
#2315=EDGE_CURVE('',#1874,#1875,#1510,.T.);
#2316=EDGE_CURVE('',#1875,#1876,#1511,.T.);
#2317=EDGE_CURVE('',#1877,#1876,#878,.T.);
#2318=EDGE_CURVE('',#1606,#1877,#156,.T.);
#2319=EDGE_CURVE('',#1609,#1878,#157,.T.);
#2320=EDGE_CURVE('',#1878,#1879,#879,.T.);
#2321=EDGE_CURVE('',#1879,#1880,#1512,.T.);
#2322=EDGE_CURVE('',#1880,#1881,#1513,.T.);
#2323=EDGE_CURVE('',#1881,#1882,#1514,.T.);
#2324=EDGE_CURVE('',#1883,#1882,#880,.T.);
#2325=EDGE_CURVE('',#1642,#1883,#158,.T.);
#2326=EDGE_CURVE('',#1645,#1884,#159,.T.);
#2327=EDGE_CURVE('',#1884,#1885,#881,.T.);
#2328=EDGE_CURVE('',#1885,#1886,#1515,.T.);
#2329=EDGE_CURVE('',#1886,#1887,#1516,.T.);
#2330=EDGE_CURVE('',#1887,#1888,#1517,.T.);
#2331=EDGE_CURVE('',#1889,#1888,#882,.T.);
#2332=EDGE_CURVE('',#1649,#1889,#160,.T.);
#2333=EDGE_CURVE('',#1648,#1890,#161,.T.);
#2334=EDGE_CURVE('',#1890,#1891,#883,.T.);
#2335=EDGE_CURVE('',#1891,#1892,#1518,.T.);
#2336=EDGE_CURVE('',#1892,#1893,#1519,.T.);
#2337=EDGE_CURVE('',#1893,#1894,#1520,.T.);
#2338=EDGE_CURVE('',#1895,#1894,#884,.T.);
#2339=EDGE_CURVE('',#1618,#1895,#162,.T.);
#2340=EDGE_CURVE('',#1621,#1896,#163,.T.);
#2341=EDGE_CURVE('',#1896,#1897,#885,.T.);
#2342=EDGE_CURVE('',#1897,#1898,#1521,.T.);
#2343=EDGE_CURVE('',#1898,#1899,#1522,.T.);
#2344=EDGE_CURVE('',#1899,#1900,#1523,.T.);
#2345=EDGE_CURVE('',#1901,#1900,#886,.T.);
#2346=EDGE_CURVE('',#1622,#1901,#164,.T.);
#2347=EDGE_CURVE('',#1625,#1902,#165,.T.);
#2348=EDGE_CURVE('',#1902,#1903,#887,.T.);
#2349=EDGE_CURVE('',#1903,#1904,#1524,.T.);
#2350=EDGE_CURVE('',#1904,#1905,#1525,.T.);
#2351=EDGE_CURVE('',#1905,#1906,#1526,.T.);
#2352=EDGE_CURVE('',#1907,#1906,#888,.T.);
#2353=EDGE_CURVE('',#1633,#1907,#166,.T.);
#2354=EDGE_CURVE('',#1632,#1908,#167,.T.);
#2355=EDGE_CURVE('',#1908,#1909,#889,.T.);
#2356=EDGE_CURVE('',#1909,#1910,#1527,.T.);
#2357=EDGE_CURVE('',#1910,#1911,#1528,.T.);
#2358=EDGE_CURVE('',#1911,#1912,#1529,.T.);
#2359=EDGE_CURVE('',#1913,#1912,#890,.T.);
#2360=EDGE_CURVE('',#1626,#1913,#168,.T.);
#2361=EDGE_CURVE('',#1629,#1914,#169,.T.);
#2362=EDGE_CURVE('',#1914,#1915,#891,.T.);
#2363=EDGE_CURVE('',#1915,#1916,#1530,.T.);
#2364=EDGE_CURVE('',#1916,#1917,#1531,.T.);
#2365=EDGE_CURVE('',#1917,#1918,#1532,.T.);
#2366=EDGE_CURVE('',#1919,#1918,#892,.T.);
#2367=EDGE_CURVE('',#1634,#1919,#170,.T.);
#2368=EDGE_CURVE('',#1637,#1920,#171,.T.);
#2369=EDGE_CURVE('',#1920,#1921,#893,.T.);
#2370=EDGE_CURVE('',#1921,#1922,#1533,.T.);
#2371=EDGE_CURVE('',#1922,#1923,#1534,.T.);
#2372=EDGE_CURVE('',#1923,#1924,#1535,.T.);
#2373=EDGE_CURVE('',#1925,#1924,#894,.T.);
#2374=EDGE_CURVE('',#1641,#1925,#172,.T.);
#2375=EDGE_CURVE('',#1640,#1926,#173,.T.);
#2376=EDGE_CURVE('',#1926,#1927,#895,.T.);
#2377=EDGE_CURVE('',#1927,#1928,#1536,.T.);
#2378=EDGE_CURVE('',#1928,#1929,#1537,.T.);
#2379=EDGE_CURVE('',#1929,#1930,#1538,.T.);
#2380=EDGE_CURVE('',#1931,#1930,#896,.T.);
#2381=EDGE_CURVE('',#1569,#1931,#174,.T.);
#2382=EDGE_CURVE('',#1568,#1932,#175,.T.);
#2383=EDGE_CURVE('',#1932,#1933,#897,.T.);
#2384=EDGE_CURVE('',#1933,#1934,#1539,.T.);
#2385=EDGE_CURVE('',#1934,#1935,#1540,.T.);
#2386=EDGE_CURVE('',#1935,#1936,#1541,.T.);
#2387=EDGE_CURVE('',#1937,#1936,#898,.T.);
#2388=EDGE_CURVE('',#1565,#1937,#176,.T.);
#2389=EDGE_CURVE('',#1886,#1702,#899,.T.);
#2390=EDGE_CURVE('',#1701,#1887,#900,.T.);
#2391=EDGE_CURVE('',#1703,#1885,#901,.T.);
#2392=EDGE_CURVE('',#1884,#1704,#902,.T.);
#2393=EDGE_CURVE('',#1889,#1699,#903,.T.);
#2394=EDGE_CURVE('',#1888,#1700,#904,.T.);
#2395=EDGE_CURVE('',#1878,#1710,#905,.T.);
#2396=EDGE_CURVE('',#1709,#1879,#906,.T.);
#2397=EDGE_CURVE('',#1880,#1708,#907,.T.);
#2398=EDGE_CURVE('',#1707,#1881,#908,.T.);
#2399=EDGE_CURVE('',#1882,#1706,#909,.T.);
#2400=EDGE_CURVE('',#1883,#1705,#910,.T.);
#2401=EDGE_CURVE('',#1920,#1668,#911,.T.);
#2402=EDGE_CURVE('',#1667,#1921,#912,.T.);
#2403=EDGE_CURVE('',#1922,#1666,#913,.T.);
#2404=EDGE_CURVE('',#1665,#1923,#914,.T.);
#2405=EDGE_CURVE('',#1924,#1664,#915,.T.);
#2406=EDGE_CURVE('',#1925,#1663,#916,.T.);
#2407=EDGE_CURVE('',#1914,#1674,#917,.T.);
#2408=EDGE_CURVE('',#1673,#1915,#918,.T.);
#2409=EDGE_CURVE('',#1916,#1672,#919,.T.);
#2410=EDGE_CURVE('',#1671,#1917,#920,.T.);
#2411=EDGE_CURVE('',#1918,#1670,#921,.T.);
#2412=EDGE_CURVE('',#1919,#1669,#922,.T.);
#2413=EDGE_CURVE('',#1902,#1686,#923,.T.);
#2414=EDGE_CURVE('',#1685,#1903,#924,.T.);
#2415=EDGE_CURVE('',#1904,#1684,#925,.T.);
#2416=EDGE_CURVE('',#1683,#1905,#926,.T.);
#2417=EDGE_CURVE('',#1906,#1682,#927,.T.);
#2418=EDGE_CURVE('',#1907,#1681,#928,.T.);
#2419=EDGE_CURVE('',#1908,#1680,#929,.T.);
#2420=EDGE_CURVE('',#1679,#1909,#930,.T.);
#2421=EDGE_CURVE('',#1910,#1678,#931,.T.);
#2422=EDGE_CURVE('',#1677,#1911,#932,.T.);
#2423=EDGE_CURVE('',#1912,#1676,#933,.T.);
#2424=EDGE_CURVE('',#1913,#1675,#934,.T.);
#2425=EDGE_CURVE('',#1896,#1692,#935,.T.);
#2426=EDGE_CURVE('',#1691,#1897,#936,.T.);
#2427=EDGE_CURVE('',#1898,#1690,#937,.T.);
#2428=EDGE_CURVE('',#1689,#1899,#938,.T.);
#2429=EDGE_CURVE('',#1900,#1688,#939,.T.);
#2430=EDGE_CURVE('',#1901,#1687,#940,.T.);
#2431=EDGE_CURVE('',#1890,#1698,#941,.T.);
#2432=EDGE_CURVE('',#1697,#1891,#942,.T.);
#2433=EDGE_CURVE('',#1892,#1696,#943,.T.);
#2434=EDGE_CURVE('',#1695,#1893,#944,.T.);
#2435=EDGE_CURVE('',#1894,#1694,#945,.T.);
#2436=EDGE_CURVE('',#1895,#1693,#946,.T.);
#2437=EDGE_CURVE('',#1854,#1734,#947,.T.);
#2438=EDGE_CURVE('',#1733,#1855,#948,.T.);
#2439=EDGE_CURVE('',#1856,#1732,#949,.T.);
#2440=EDGE_CURVE('',#1731,#1857,#950,.T.);
#2441=EDGE_CURVE('',#1858,#1730,#951,.T.);
#2442=EDGE_CURVE('',#1859,#1729,#952,.T.);
#2443=EDGE_CURVE('',#1860,#1728,#953,.T.);
#2444=EDGE_CURVE('',#1727,#1861,#954,.T.);
#2445=EDGE_CURVE('',#1862,#1726,#955,.T.);
#2446=EDGE_CURVE('',#1725,#1863,#956,.T.);
#2447=EDGE_CURVE('',#1864,#1724,#957,.T.);
#2448=EDGE_CURVE('',#1865,#1723,#958,.T.);
#2449=EDGE_CURVE('',#1872,#1716,#959,.T.);
#2450=EDGE_CURVE('',#1715,#1873,#960,.T.);
#2451=EDGE_CURVE('',#1874,#1714,#961,.T.);
#2452=EDGE_CURVE('',#1713,#1875,#962,.T.);
#2453=EDGE_CURVE('',#1876,#1712,#963,.T.);
#2454=EDGE_CURVE('',#1877,#1711,#964,.T.);
#2455=EDGE_CURVE('',#1866,#1722,#965,.T.);
#2456=EDGE_CURVE('',#1721,#1867,#966,.T.);
#2457=EDGE_CURVE('',#1868,#1720,#967,.T.);
#2458=EDGE_CURVE('',#1719,#1869,#968,.T.);
#2459=EDGE_CURVE('',#1870,#1718,#969,.T.);
#2460=EDGE_CURVE('',#1871,#1717,#970,.T.);
#2461=EDGE_CURVE('',#1848,#1740,#971,.T.);
#2462=EDGE_CURVE('',#1739,#1849,#972,.T.);
#2463=EDGE_CURVE('',#1850,#1738,#973,.T.);
#2464=EDGE_CURVE('',#1737,#1851,#974,.T.);
#2465=EDGE_CURVE('',#1852,#1736,#975,.T.);
#2466=EDGE_CURVE('',#1853,#1735,#976,.T.);
#2467=EDGE_CURVE('',#1842,#1746,#977,.T.);
#2468=EDGE_CURVE('',#1745,#1843,#978,.T.);
#2469=EDGE_CURVE('',#1844,#1744,#979,.T.);
#2470=EDGE_CURVE('',#1743,#1845,#980,.T.);
#2471=EDGE_CURVE('',#1846,#1742,#981,.T.);
#2472=EDGE_CURVE('',#1847,#1741,#982,.T.);
#2473=EDGE_CURVE('',#1830,#1758,#983,.T.);
#2474=EDGE_CURVE('',#1757,#1831,#984,.T.);
#2475=EDGE_CURVE('',#1832,#1756,#985,.T.);
#2476=EDGE_CURVE('',#1755,#1833,#986,.T.);
#2477=EDGE_CURVE('',#1834,#1754,#987,.T.);
#2478=EDGE_CURVE('',#1835,#1753,#988,.T.);
#2479=EDGE_CURVE('',#1836,#1752,#989,.T.);
#2480=EDGE_CURVE('',#1751,#1837,#990,.T.);
#2481=EDGE_CURVE('',#1838,#1750,#991,.T.);
#2482=EDGE_CURVE('',#1749,#1839,#992,.T.);
#2483=EDGE_CURVE('',#1840,#1748,#993,.T.);
#2484=EDGE_CURVE('',#1841,#1747,#994,.T.);
#2485=EDGE_CURVE('',#1824,#1764,#995,.T.);
#2486=EDGE_CURVE('',#1763,#1825,#996,.T.);
#2487=EDGE_CURVE('',#1826,#1762,#997,.T.);
#2488=EDGE_CURVE('',#1761,#1827,#998,.T.);
#2489=EDGE_CURVE('',#1828,#1760,#999,.T.);
#2490=EDGE_CURVE('',#1829,#1759,#1000,.T.);
#2491=EDGE_CURVE('',#1818,#1770,#1001,.T.);
#2492=EDGE_CURVE('',#1769,#1819,#1002,.T.);
#2493=EDGE_CURVE('',#1820,#1768,#1003,.T.);
#2494=EDGE_CURVE('',#1767,#1821,#1004,.T.);
#2495=EDGE_CURVE('',#1822,#1766,#1005,.T.);
#2496=EDGE_CURVE('',#1823,#1765,#1006,.T.);
#2497=EDGE_CURVE('',#1812,#1776,#1007,.T.);
#2498=EDGE_CURVE('',#1775,#1813,#1008,.T.);
#2499=EDGE_CURVE('',#1814,#1774,#1009,.T.);
#2500=EDGE_CURVE('',#1773,#1815,#1010,.T.);
#2501=EDGE_CURVE('',#1816,#1772,#1011,.T.);
#2502=EDGE_CURVE('',#1817,#1771,#1012,.T.);
#2503=EDGE_CURVE('',#1806,#1782,#1013,.T.);
#2504=EDGE_CURVE('',#1781,#1807,#1014,.T.);
#2505=EDGE_CURVE('',#1808,#1780,#1015,.T.);
#2506=EDGE_CURVE('',#1779,#1809,#1016,.T.);
#2507=EDGE_CURVE('',#1810,#1778,#1017,.T.);
#2508=EDGE_CURVE('',#1811,#1777,#1018,.T.);
#2509=EDGE_CURVE('',#1926,#1662,#1019,.T.);
#2510=EDGE_CURVE('',#1661,#1927,#1020,.T.);
#2511=EDGE_CURVE('',#1928,#1660,#1021,.T.);
#2512=EDGE_CURVE('',#1659,#1929,#1022,.T.);
#2513=EDGE_CURVE('',#1930,#1658,#1023,.T.);
#2514=EDGE_CURVE('',#1931,#1657,#1024,.T.);
#2515=EDGE_CURVE('',#1932,#1656,#1025,.T.);
#2516=EDGE_CURVE('',#1655,#1933,#1026,.T.);
#2517=EDGE_CURVE('',#1934,#1654,#1027,.T.);
#2518=EDGE_CURVE('',#1653,#1935,#1028,.T.);
#2519=EDGE_CURVE('',#1936,#1652,#1029,.T.);
#2520=EDGE_CURVE('',#1937,#1651,#1030,.T.);
#2521=EDGE_CURVE('',#1800,#1788,#1031,.T.);
#2522=EDGE_CURVE('',#1787,#1801,#1032,.T.);
#2523=EDGE_CURVE('',#1802,#1786,#1033,.T.);
#2524=EDGE_CURVE('',#1785,#1803,#1034,.T.);
#2525=EDGE_CURVE('',#1804,#1784,#1035,.T.);
#2526=EDGE_CURVE('',#1805,#1783,#1036,.T.);
#2527=EDGE_CURVE('',#1794,#1650,#1037,.T.);
#2528=EDGE_CURVE('',#1793,#1795,#1038,.T.);
#2529=EDGE_CURVE('',#1796,#1792,#1039,.T.);
#2530=EDGE_CURVE('',#1791,#1797,#1040,.T.);
#2531=EDGE_CURVE('',#1798,#1790,#1041,.T.);
#2532=EDGE_CURVE('',#1799,#1789,#1042,.T.);
#2533=ORIENTED_EDGE('',*,*,#1938,.F.);
#2534=ORIENTED_EDGE('',*,*,#1939,.T.);
#2535=ORIENTED_EDGE('',*,*,#1940,.F.);
#2536=ORIENTED_EDGE('',*,*,#1939,.F.);
#2537=ORIENTED_EDGE('',*,*,#1941,.F.);
#2538=ORIENTED_EDGE('',*,*,#1942,.T.);
#2539=ORIENTED_EDGE('',*,*,#1943,.F.);
#2540=ORIENTED_EDGE('',*,*,#1942,.F.);
#2541=ORIENTED_EDGE('',*,*,#1944,.T.);
#2542=ORIENTED_EDGE('',*,*,#1945,.T.);
#2543=ORIENTED_EDGE('',*,*,#1938,.T.);
#2544=ORIENTED_EDGE('',*,*,#1945,.F.);
#2545=ORIENTED_EDGE('',*,*,#1946,.T.);
#2546=ORIENTED_EDGE('',*,*,#1947,.T.);
#2547=ORIENTED_EDGE('',*,*,#1941,.T.);
#2548=ORIENTED_EDGE('',*,*,#1947,.F.);
#2549=ORIENTED_EDGE('',*,*,#1948,.F.);
#2550=ORIENTED_EDGE('',*,*,#1949,.T.);
#2551=ORIENTED_EDGE('',*,*,#1950,.T.);
#2552=ORIENTED_EDGE('',*,*,#1949,.F.);
#2553=ORIENTED_EDGE('',*,*,#1951,.T.);
#2554=ORIENTED_EDGE('',*,*,#1952,.T.);
#2555=ORIENTED_EDGE('',*,*,#1953,.F.);
#2556=ORIENTED_EDGE('',*,*,#1952,.F.);
#2557=ORIENTED_EDGE('',*,*,#1954,.F.);
#2558=ORIENTED_EDGE('',*,*,#1955,.T.);
#2559=ORIENTED_EDGE('',*,*,#1956,.T.);
#2560=ORIENTED_EDGE('',*,*,#1955,.F.);
#2561=ORIENTED_EDGE('',*,*,#1957,.T.);
#2562=ORIENTED_EDGE('',*,*,#1958,.F.);
#2563=ORIENTED_EDGE('',*,*,#1959,.F.);
#2564=ORIENTED_EDGE('',*,*,#1960,.T.);
#2565=ORIENTED_EDGE('',*,*,#1961,.T.);
#2566=ORIENTED_EDGE('',*,*,#1962,.F.);
#2567=ORIENTED_EDGE('',*,*,#1963,.F.);
#2568=ORIENTED_EDGE('',*,*,#1964,.T.);
#2569=ORIENTED_EDGE('',*,*,#1965,.F.);
#2570=ORIENTED_EDGE('',*,*,#1966,.F.);
#2571=ORIENTED_EDGE('',*,*,#1967,.T.);
#2572=ORIENTED_EDGE('',*,*,#1968,.T.);
#2573=ORIENTED_EDGE('',*,*,#1969,.F.);
#2574=ORIENTED_EDGE('',*,*,#1970,.F.);
#2575=ORIENTED_EDGE('',*,*,#1971,.T.);
#2576=ORIENTED_EDGE('',*,*,#1972,.T.);
#2577=ORIENTED_EDGE('',*,*,#1973,.T.);
#2578=ORIENTED_EDGE('',*,*,#1974,.F.);
#2579=ORIENTED_EDGE('',*,*,#1975,.F.);
#2580=ORIENTED_EDGE('',*,*,#1976,.T.);
#2581=ORIENTED_EDGE('',*,*,#1977,.T.);
#2582=ORIENTED_EDGE('',*,*,#1978,.F.);
#2583=ORIENTED_EDGE('',*,*,#1979,.F.);
#2584=ORIENTED_EDGE('',*,*,#1980,.T.);
#2585=ORIENTED_EDGE('',*,*,#1981,.T.);
#2586=ORIENTED_EDGE('',*,*,#1982,.F.);
#2587=ORIENTED_EDGE('',*,*,#1983,.F.);
#2588=ORIENTED_EDGE('',*,*,#1984,.T.);
#2589=ORIENTED_EDGE('',*,*,#1985,.T.);
#2590=ORIENTED_EDGE('',*,*,#1986,.F.);
#2591=ORIENTED_EDGE('',*,*,#1987,.F.);
#2592=ORIENTED_EDGE('',*,*,#1988,.T.);
#2593=ORIENTED_EDGE('',*,*,#1989,.T.);
#2594=ORIENTED_EDGE('',*,*,#1990,.F.);
#2595=ORIENTED_EDGE('',*,*,#1991,.F.);
#2596=ORIENTED_EDGE('',*,*,#1992,.T.);
#2597=ORIENTED_EDGE('',*,*,#1993,.F.);
#2598=ORIENTED_EDGE('',*,*,#1994,.F.);
#2599=ORIENTED_EDGE('',*,*,#1995,.T.);
#2600=ORIENTED_EDGE('',*,*,#1996,.T.);
#2601=ORIENTED_EDGE('',*,*,#1997,.T.);
#2602=ORIENTED_EDGE('',*,*,#1998,.F.);
#2603=ORIENTED_EDGE('',*,*,#1999,.F.);
#2604=ORIENTED_EDGE('',*,*,#2000,.T.);
#2605=ORIENTED_EDGE('',*,*,#2001,.T.);
#2606=ORIENTED_EDGE('',*,*,#2002,.F.);
#2607=ORIENTED_EDGE('',*,*,#2003,.F.);
#2608=ORIENTED_EDGE('',*,*,#2004,.T.);
#2609=ORIENTED_EDGE('',*,*,#2005,.T.);
#2610=ORIENTED_EDGE('',*,*,#2006,.F.);
#2611=ORIENTED_EDGE('',*,*,#2007,.F.);
#2612=ORIENTED_EDGE('',*,*,#2008,.T.);
#2613=ORIENTED_EDGE('',*,*,#2009,.T.);
#2614=ORIENTED_EDGE('',*,*,#2010,.F.);
#2615=ORIENTED_EDGE('',*,*,#2011,.F.);
#2616=ORIENTED_EDGE('',*,*,#2012,.T.);
#2617=ORIENTED_EDGE('',*,*,#2013,.F.);
#2618=ORIENTED_EDGE('',*,*,#2014,.F.);
#2619=ORIENTED_EDGE('',*,*,#2015,.T.);
#2620=ORIENTED_EDGE('',*,*,#2016,.T.);
#2621=ORIENTED_EDGE('',*,*,#2017,.F.);
#2622=ORIENTED_EDGE('',*,*,#2018,.F.);
#2623=ORIENTED_EDGE('',*,*,#2019,.T.);
#2624=ORIENTED_EDGE('',*,*,#2020,.T.);
#2625=ORIENTED_EDGE('',*,*,#2021,.T.);
#2626=ORIENTED_EDGE('',*,*,#2022,.F.);
#2627=ORIENTED_EDGE('',*,*,#2023,.F.);
#2628=ORIENTED_EDGE('',*,*,#2024,.T.);
#2629=ORIENTED_EDGE('',*,*,#2025,.T.);
#2630=ORIENTED_EDGE('',*,*,#2026,.F.);
#2631=ORIENTED_EDGE('',*,*,#2027,.F.);
#2632=ORIENTED_EDGE('',*,*,#2028,.T.);
#2633=ORIENTED_EDGE('',*,*,#2029,.T.);
#2634=ORIENTED_EDGE('',*,*,#2030,.F.);
#2635=ORIENTED_EDGE('',*,*,#2031,.F.);
#2636=ORIENTED_EDGE('',*,*,#2032,.T.);
#2637=ORIENTED_EDGE('',*,*,#2033,.F.);
#2638=ORIENTED_EDGE('',*,*,#2034,.F.);
#2639=ORIENTED_EDGE('',*,*,#2035,.T.);
#2640=ORIENTED_EDGE('',*,*,#2036,.T.);
#2641=ORIENTED_EDGE('',*,*,#2037,.T.);
#2642=ORIENTED_EDGE('',*,*,#2038,.F.);
#2643=ORIENTED_EDGE('',*,*,#2039,.F.);
#2644=ORIENTED_EDGE('',*,*,#2040,.T.);
#2645=ORIENTED_EDGE('',*,*,#2041,.F.);
#2646=ORIENTED_EDGE('',*,*,#2042,.F.);
#2647=ORIENTED_EDGE('',*,*,#2043,.T.);
#2648=ORIENTED_EDGE('',*,*,#2044,.T.);
#2649=ORIENTED_EDGE('',*,*,#2045,.T.);
#2650=ORIENTED_EDGE('',*,*,#2046,.F.);
#2651=ORIENTED_EDGE('',*,*,#2047,.F.);
#2652=ORIENTED_EDGE('',*,*,#2048,.T.);
#2653=ORIENTED_EDGE('',*,*,#2049,.F.);
#2654=ORIENTED_EDGE('',*,*,#2050,.F.);
#2655=ORIENTED_EDGE('',*,*,#2051,.T.);
#2656=ORIENTED_EDGE('',*,*,#2052,.T.);
#2657=ORIENTED_EDGE('',*,*,#2053,.F.);
#2658=ORIENTED_EDGE('',*,*,#1965,.T.);
#2659=ORIENTED_EDGE('',*,*,#2054,.T.);
#2660=ORIENTED_EDGE('',*,*,#2055,.T.);
#2661=ORIENTED_EDGE('',*,*,#2056,.T.);
#2662=ORIENTED_EDGE('',*,*,#2057,.F.);
#2663=ORIENTED_EDGE('',*,*,#2058,.T.);
#2664=ORIENTED_EDGE('',*,*,#2059,.F.);
#2665=ORIENTED_EDGE('',*,*,#2060,.F.);
#2666=ORIENTED_EDGE('',*,*,#1969,.T.);
#2667=ORIENTED_EDGE('',*,*,#2061,.T.);
#2668=ORIENTED_EDGE('',*,*,#2062,.T.);
#2669=ORIENTED_EDGE('',*,*,#2063,.T.);
#2670=ORIENTED_EDGE('',*,*,#2064,.F.);
#2671=ORIENTED_EDGE('',*,*,#2065,.T.);
#2672=ORIENTED_EDGE('',*,*,#2066,.F.);
#2673=ORIENTED_EDGE('',*,*,#2067,.F.);
#2674=ORIENTED_EDGE('',*,*,#2041,.T.);
#2675=ORIENTED_EDGE('',*,*,#2068,.T.);
#2676=ORIENTED_EDGE('',*,*,#2069,.T.);
#2677=ORIENTED_EDGE('',*,*,#2070,.T.);
#2678=ORIENTED_EDGE('',*,*,#2071,.F.);
#2679=ORIENTED_EDGE('',*,*,#2072,.T.);
#2680=ORIENTED_EDGE('',*,*,#2073,.F.);
#2681=ORIENTED_EDGE('',*,*,#2074,.F.);
#2682=ORIENTED_EDGE('',*,*,#2038,.T.);
#2683=ORIENTED_EDGE('',*,*,#2075,.T.);
#2684=ORIENTED_EDGE('',*,*,#2076,.T.);
#2685=ORIENTED_EDGE('',*,*,#2077,.T.);
#2686=ORIENTED_EDGE('',*,*,#2078,.F.);
#2687=ORIENTED_EDGE('',*,*,#2079,.T.);
#2688=ORIENTED_EDGE('',*,*,#2080,.F.);
#2689=ORIENTED_EDGE('',*,*,#2081,.F.);
#2690=ORIENTED_EDGE('',*,*,#2030,.T.);
#2691=ORIENTED_EDGE('',*,*,#2082,.T.);
#2692=ORIENTED_EDGE('',*,*,#2083,.T.);
#2693=ORIENTED_EDGE('',*,*,#2084,.T.);
#2694=ORIENTED_EDGE('',*,*,#2085,.F.);
#2695=ORIENTED_EDGE('',*,*,#2086,.T.);
#2696=ORIENTED_EDGE('',*,*,#2087,.F.);
#2697=ORIENTED_EDGE('',*,*,#2088,.F.);
#2698=ORIENTED_EDGE('',*,*,#2033,.T.);
#2699=ORIENTED_EDGE('',*,*,#2089,.T.);
#2700=ORIENTED_EDGE('',*,*,#2090,.T.);
#2701=ORIENTED_EDGE('',*,*,#2091,.T.);
#2702=ORIENTED_EDGE('',*,*,#2092,.F.);
#2703=ORIENTED_EDGE('',*,*,#2093,.T.);
#2704=ORIENTED_EDGE('',*,*,#2094,.F.);
#2705=ORIENTED_EDGE('',*,*,#2095,.F.);
#2706=ORIENTED_EDGE('',*,*,#2026,.T.);
#2707=ORIENTED_EDGE('',*,*,#2096,.T.);
#2708=ORIENTED_EDGE('',*,*,#2097,.T.);
#2709=ORIENTED_EDGE('',*,*,#2098,.T.);
#2710=ORIENTED_EDGE('',*,*,#2099,.F.);
#2711=ORIENTED_EDGE('',*,*,#2100,.T.);
#2712=ORIENTED_EDGE('',*,*,#2101,.F.);
#2713=ORIENTED_EDGE('',*,*,#2102,.F.);
#2714=ORIENTED_EDGE('',*,*,#2022,.T.);
#2715=ORIENTED_EDGE('',*,*,#2103,.T.);
#2716=ORIENTED_EDGE('',*,*,#2104,.T.);
#2717=ORIENTED_EDGE('',*,*,#2105,.T.);
#2718=ORIENTED_EDGE('',*,*,#2106,.F.);
#2719=ORIENTED_EDGE('',*,*,#2107,.T.);
#2720=ORIENTED_EDGE('',*,*,#2108,.F.);
#2721=ORIENTED_EDGE('',*,*,#2109,.F.);
#2722=ORIENTED_EDGE('',*,*,#2049,.T.);
#2723=ORIENTED_EDGE('',*,*,#2110,.T.);
#2724=ORIENTED_EDGE('',*,*,#2111,.T.);
#2725=ORIENTED_EDGE('',*,*,#2112,.T.);
#2726=ORIENTED_EDGE('',*,*,#2113,.F.);
#2727=ORIENTED_EDGE('',*,*,#2114,.T.);
#2728=ORIENTED_EDGE('',*,*,#2115,.F.);
#2729=ORIENTED_EDGE('',*,*,#2116,.F.);
#2730=ORIENTED_EDGE('',*,*,#2046,.T.);
#2731=ORIENTED_EDGE('',*,*,#2117,.T.);
#2732=ORIENTED_EDGE('',*,*,#2118,.T.);
#2733=ORIENTED_EDGE('',*,*,#2119,.T.);
#2734=ORIENTED_EDGE('',*,*,#2120,.F.);
#2735=ORIENTED_EDGE('',*,*,#2121,.T.);
#2736=ORIENTED_EDGE('',*,*,#2122,.F.);
#2737=ORIENTED_EDGE('',*,*,#2123,.F.);
#2738=ORIENTED_EDGE('',*,*,#2010,.T.);
#2739=ORIENTED_EDGE('',*,*,#2124,.T.);
#2740=ORIENTED_EDGE('',*,*,#2125,.T.);
#2741=ORIENTED_EDGE('',*,*,#2126,.T.);
#2742=ORIENTED_EDGE('',*,*,#2127,.F.);
#2743=ORIENTED_EDGE('',*,*,#2128,.T.);
#2744=ORIENTED_EDGE('',*,*,#2129,.F.);
#2745=ORIENTED_EDGE('',*,*,#2130,.F.);
#2746=ORIENTED_EDGE('',*,*,#2006,.T.);
#2747=ORIENTED_EDGE('',*,*,#2131,.T.);
#2748=ORIENTED_EDGE('',*,*,#2132,.T.);
#2749=ORIENTED_EDGE('',*,*,#2133,.T.);
#2750=ORIENTED_EDGE('',*,*,#2134,.F.);
#2751=ORIENTED_EDGE('',*,*,#2135,.T.);
#2752=ORIENTED_EDGE('',*,*,#2136,.F.);
#2753=ORIENTED_EDGE('',*,*,#2137,.F.);
#2754=ORIENTED_EDGE('',*,*,#2013,.T.);
#2755=ORIENTED_EDGE('',*,*,#2138,.T.);
#2756=ORIENTED_EDGE('',*,*,#2139,.T.);
#2757=ORIENTED_EDGE('',*,*,#2140,.T.);
#2758=ORIENTED_EDGE('',*,*,#2141,.F.);
#2759=ORIENTED_EDGE('',*,*,#2142,.T.);
#2760=ORIENTED_EDGE('',*,*,#2143,.F.);
#2761=ORIENTED_EDGE('',*,*,#2144,.F.);
#2762=ORIENTED_EDGE('',*,*,#2017,.T.);
#2763=ORIENTED_EDGE('',*,*,#2145,.T.);
#2764=ORIENTED_EDGE('',*,*,#2146,.T.);
#2765=ORIENTED_EDGE('',*,*,#2147,.T.);
#2766=ORIENTED_EDGE('',*,*,#2148,.F.);
#2767=ORIENTED_EDGE('',*,*,#2149,.T.);
#2768=ORIENTED_EDGE('',*,*,#2150,.F.);
#2769=ORIENTED_EDGE('',*,*,#2151,.F.);
#2770=ORIENTED_EDGE('',*,*,#2002,.T.);
#2771=ORIENTED_EDGE('',*,*,#2152,.T.);
#2772=ORIENTED_EDGE('',*,*,#2153,.T.);
#2773=ORIENTED_EDGE('',*,*,#2154,.T.);
#2774=ORIENTED_EDGE('',*,*,#2155,.F.);
#2775=ORIENTED_EDGE('',*,*,#2156,.T.);
#2776=ORIENTED_EDGE('',*,*,#2157,.F.);
#2777=ORIENTED_EDGE('',*,*,#2158,.F.);
#2778=ORIENTED_EDGE('',*,*,#1998,.T.);
#2779=ORIENTED_EDGE('',*,*,#2159,.T.);
#2780=ORIENTED_EDGE('',*,*,#2160,.T.);
#2781=ORIENTED_EDGE('',*,*,#2161,.T.);
#2782=ORIENTED_EDGE('',*,*,#2162,.F.);
#2783=ORIENTED_EDGE('',*,*,#2163,.T.);
#2784=ORIENTED_EDGE('',*,*,#2164,.F.);
#2785=ORIENTED_EDGE('',*,*,#2165,.F.);
#2786=ORIENTED_EDGE('',*,*,#1990,.T.);
#2787=ORIENTED_EDGE('',*,*,#2166,.T.);
#2788=ORIENTED_EDGE('',*,*,#2167,.T.);
#2789=ORIENTED_EDGE('',*,*,#2168,.T.);
#2790=ORIENTED_EDGE('',*,*,#2169,.F.);
#2791=ORIENTED_EDGE('',*,*,#2170,.T.);
#2792=ORIENTED_EDGE('',*,*,#2171,.F.);
#2793=ORIENTED_EDGE('',*,*,#2172,.F.);
#2794=ORIENTED_EDGE('',*,*,#1993,.T.);
#2795=ORIENTED_EDGE('',*,*,#2173,.T.);
#2796=ORIENTED_EDGE('',*,*,#2174,.T.);
#2797=ORIENTED_EDGE('',*,*,#2175,.T.);
#2798=ORIENTED_EDGE('',*,*,#2176,.F.);
#2799=ORIENTED_EDGE('',*,*,#2177,.T.);
#2800=ORIENTED_EDGE('',*,*,#2178,.F.);
#2801=ORIENTED_EDGE('',*,*,#2179,.F.);
#2802=ORIENTED_EDGE('',*,*,#1986,.T.);
#2803=ORIENTED_EDGE('',*,*,#2180,.T.);
#2804=ORIENTED_EDGE('',*,*,#2181,.T.);
#2805=ORIENTED_EDGE('',*,*,#2182,.T.);
#2806=ORIENTED_EDGE('',*,*,#2183,.F.);
#2807=ORIENTED_EDGE('',*,*,#2184,.T.);
#2808=ORIENTED_EDGE('',*,*,#2185,.F.);
#2809=ORIENTED_EDGE('',*,*,#2186,.F.);
#2810=ORIENTED_EDGE('',*,*,#1982,.T.);
#2811=ORIENTED_EDGE('',*,*,#2187,.T.);
#2812=ORIENTED_EDGE('',*,*,#2188,.T.);
#2813=ORIENTED_EDGE('',*,*,#2189,.T.);
#2814=ORIENTED_EDGE('',*,*,#2190,.F.);
#2815=ORIENTED_EDGE('',*,*,#2191,.T.);
#2816=ORIENTED_EDGE('',*,*,#2192,.F.);
#2817=ORIENTED_EDGE('',*,*,#2193,.F.);
#2818=ORIENTED_EDGE('',*,*,#1978,.T.);
#2819=ORIENTED_EDGE('',*,*,#2194,.T.);
#2820=ORIENTED_EDGE('',*,*,#2195,.T.);
#2821=ORIENTED_EDGE('',*,*,#2196,.T.);
#2822=ORIENTED_EDGE('',*,*,#2197,.F.);
#2823=ORIENTED_EDGE('',*,*,#2198,.T.);
#2824=ORIENTED_EDGE('',*,*,#2199,.F.);
#2825=ORIENTED_EDGE('',*,*,#2200,.F.);
#2826=ORIENTED_EDGE('',*,*,#1974,.T.);
#2827=ORIENTED_EDGE('',*,*,#2201,.T.);
#2828=ORIENTED_EDGE('',*,*,#2202,.T.);
#2829=ORIENTED_EDGE('',*,*,#2203,.T.);
#2830=ORIENTED_EDGE('',*,*,#2204,.F.);
#2831=ORIENTED_EDGE('',*,*,#2205,.T.);
#2832=ORIENTED_EDGE('',*,*,#2206,.F.);
#2833=ORIENTED_EDGE('',*,*,#2207,.F.);
#2834=ORIENTED_EDGE('',*,*,#1962,.T.);
#2835=ORIENTED_EDGE('',*,*,#2208,.T.);
#2836=ORIENTED_EDGE('',*,*,#2209,.T.);
#2837=ORIENTED_EDGE('',*,*,#2210,.T.);
#2838=ORIENTED_EDGE('',*,*,#2211,.F.);
#2839=ORIENTED_EDGE('',*,*,#2212,.T.);
#2840=ORIENTED_EDGE('',*,*,#2213,.F.);
#2841=ORIENTED_EDGE('',*,*,#2214,.F.);
#2842=ORIENTED_EDGE('',*,*,#1958,.T.);
#2843=ORIENTED_EDGE('',*,*,#2215,.T.);
#2844=ORIENTED_EDGE('',*,*,#2216,.T.);
#2845=ORIENTED_EDGE('',*,*,#2217,.T.);
#2846=ORIENTED_EDGE('',*,*,#2218,.F.);
#2847=ORIENTED_EDGE('',*,*,#2219,.T.);
#2848=ORIENTED_EDGE('',*,*,#2220,.F.);
#2849=ORIENTED_EDGE('',*,*,#1944,.F.);
#2850=ORIENTED_EDGE('',*,*,#1946,.F.);
#2851=ORIENTED_EDGE('',*,*,#1956,.F.);
#2852=ORIENTED_EDGE('',*,*,#1967,.F.);
#2853=ORIENTED_EDGE('',*,*,#2221,.T.);
#2854=ORIENTED_EDGE('',*,*,#2222,.T.);
#2855=ORIENTED_EDGE('',*,*,#2223,.T.);
#2856=ORIENTED_EDGE('',*,*,#2224,.T.);
#2857=ORIENTED_EDGE('',*,*,#2225,.T.);
#2858=ORIENTED_EDGE('',*,*,#2226,.F.);
#2859=ORIENTED_EDGE('',*,*,#2227,.F.);
#2860=ORIENTED_EDGE('',*,*,#1960,.F.);
#2861=ORIENTED_EDGE('',*,*,#2228,.T.);
#2862=ORIENTED_EDGE('',*,*,#2229,.T.);
#2863=ORIENTED_EDGE('',*,*,#2230,.T.);
#2864=ORIENTED_EDGE('',*,*,#2231,.T.);
#2865=ORIENTED_EDGE('',*,*,#2232,.T.);
#2866=ORIENTED_EDGE('',*,*,#2233,.F.);
#2867=ORIENTED_EDGE('',*,*,#2234,.F.);
#2868=ORIENTED_EDGE('',*,*,#1964,.F.);
#2869=ORIENTED_EDGE('',*,*,#2235,.T.);
#2870=ORIENTED_EDGE('',*,*,#2236,.T.);
#2871=ORIENTED_EDGE('',*,*,#2237,.T.);
#2872=ORIENTED_EDGE('',*,*,#2238,.T.);
#2873=ORIENTED_EDGE('',*,*,#2239,.T.);
#2874=ORIENTED_EDGE('',*,*,#2240,.F.);
#2875=ORIENTED_EDGE('',*,*,#2241,.F.);
#2876=ORIENTED_EDGE('',*,*,#1976,.F.);
#2877=ORIENTED_EDGE('',*,*,#2242,.T.);
#2878=ORIENTED_EDGE('',*,*,#2243,.T.);
#2879=ORIENTED_EDGE('',*,*,#2244,.T.);
#2880=ORIENTED_EDGE('',*,*,#2245,.T.);
#2881=ORIENTED_EDGE('',*,*,#2246,.T.);
#2882=ORIENTED_EDGE('',*,*,#2247,.F.);
#2883=ORIENTED_EDGE('',*,*,#2248,.F.);
#2884=ORIENTED_EDGE('',*,*,#1980,.F.);
#2885=ORIENTED_EDGE('',*,*,#2249,.T.);
#2886=ORIENTED_EDGE('',*,*,#2250,.T.);
#2887=ORIENTED_EDGE('',*,*,#2251,.T.);
#2888=ORIENTED_EDGE('',*,*,#2252,.T.);
#2889=ORIENTED_EDGE('',*,*,#2253,.T.);
#2890=ORIENTED_EDGE('',*,*,#2254,.F.);
#2891=ORIENTED_EDGE('',*,*,#2255,.F.);
#2892=ORIENTED_EDGE('',*,*,#1984,.F.);
#2893=ORIENTED_EDGE('',*,*,#2256,.T.);
#2894=ORIENTED_EDGE('',*,*,#2257,.T.);
#2895=ORIENTED_EDGE('',*,*,#2258,.T.);
#2896=ORIENTED_EDGE('',*,*,#2259,.T.);
#2897=ORIENTED_EDGE('',*,*,#2260,.T.);
#2898=ORIENTED_EDGE('',*,*,#2261,.F.);
#2899=ORIENTED_EDGE('',*,*,#2262,.F.);
#2900=ORIENTED_EDGE('',*,*,#1988,.F.);
#2901=ORIENTED_EDGE('',*,*,#2263,.T.);
#2902=ORIENTED_EDGE('',*,*,#2264,.T.);
#2903=ORIENTED_EDGE('',*,*,#2265,.T.);
#2904=ORIENTED_EDGE('',*,*,#2266,.T.);
#2905=ORIENTED_EDGE('',*,*,#2267,.T.);
#2906=ORIENTED_EDGE('',*,*,#2268,.F.);
#2907=ORIENTED_EDGE('',*,*,#2269,.F.);
#2908=ORIENTED_EDGE('',*,*,#1995,.F.);
#2909=ORIENTED_EDGE('',*,*,#2270,.T.);
#2910=ORIENTED_EDGE('',*,*,#2271,.T.);
#2911=ORIENTED_EDGE('',*,*,#2272,.T.);
#2912=ORIENTED_EDGE('',*,*,#2273,.T.);
#2913=ORIENTED_EDGE('',*,*,#2274,.T.);
#2914=ORIENTED_EDGE('',*,*,#2275,.F.);
#2915=ORIENTED_EDGE('',*,*,#2276,.F.);
#2916=ORIENTED_EDGE('',*,*,#1992,.F.);
#2917=ORIENTED_EDGE('',*,*,#2277,.T.);
#2918=ORIENTED_EDGE('',*,*,#2278,.T.);
#2919=ORIENTED_EDGE('',*,*,#2279,.T.);
#2920=ORIENTED_EDGE('',*,*,#2280,.T.);
#2921=ORIENTED_EDGE('',*,*,#2281,.T.);
#2922=ORIENTED_EDGE('',*,*,#2282,.F.);
#2923=ORIENTED_EDGE('',*,*,#2283,.F.);
#2924=ORIENTED_EDGE('',*,*,#2000,.F.);
#2925=ORIENTED_EDGE('',*,*,#2284,.T.);
#2926=ORIENTED_EDGE('',*,*,#2285,.T.);
#2927=ORIENTED_EDGE('',*,*,#2286,.T.);
#2928=ORIENTED_EDGE('',*,*,#2287,.T.);
#2929=ORIENTED_EDGE('',*,*,#2288,.T.);
#2930=ORIENTED_EDGE('',*,*,#2289,.F.);
#2931=ORIENTED_EDGE('',*,*,#2290,.F.);
#2932=ORIENTED_EDGE('',*,*,#2004,.F.);
#2933=ORIENTED_EDGE('',*,*,#2291,.T.);
#2934=ORIENTED_EDGE('',*,*,#2292,.T.);
#2935=ORIENTED_EDGE('',*,*,#2293,.T.);
#2936=ORIENTED_EDGE('',*,*,#2294,.T.);
#2937=ORIENTED_EDGE('',*,*,#2295,.T.);
#2938=ORIENTED_EDGE('',*,*,#2296,.F.);
#2939=ORIENTED_EDGE('',*,*,#2297,.F.);
#2940=ORIENTED_EDGE('',*,*,#2019,.F.);
#2941=ORIENTED_EDGE('',*,*,#2298,.T.);
#2942=ORIENTED_EDGE('',*,*,#2299,.T.);
#2943=ORIENTED_EDGE('',*,*,#2300,.T.);
#2944=ORIENTED_EDGE('',*,*,#2301,.T.);
#2945=ORIENTED_EDGE('',*,*,#2302,.T.);
#2946=ORIENTED_EDGE('',*,*,#2303,.F.);
#2947=ORIENTED_EDGE('',*,*,#2304,.F.);
#2948=ORIENTED_EDGE('',*,*,#2015,.F.);
#2949=ORIENTED_EDGE('',*,*,#2305,.T.);
#2950=ORIENTED_EDGE('',*,*,#2306,.T.);
#2951=ORIENTED_EDGE('',*,*,#2307,.T.);
#2952=ORIENTED_EDGE('',*,*,#2308,.T.);
#2953=ORIENTED_EDGE('',*,*,#2309,.T.);
#2954=ORIENTED_EDGE('',*,*,#2310,.F.);
#2955=ORIENTED_EDGE('',*,*,#2311,.F.);
#2956=ORIENTED_EDGE('',*,*,#2008,.F.);
#2957=ORIENTED_EDGE('',*,*,#2312,.T.);
#2958=ORIENTED_EDGE('',*,*,#2313,.T.);
#2959=ORIENTED_EDGE('',*,*,#2314,.T.);
#2960=ORIENTED_EDGE('',*,*,#2315,.T.);
#2961=ORIENTED_EDGE('',*,*,#2316,.T.);
#2962=ORIENTED_EDGE('',*,*,#2317,.F.);
#2963=ORIENTED_EDGE('',*,*,#2318,.F.);
#2964=ORIENTED_EDGE('',*,*,#2012,.F.);
#2965=ORIENTED_EDGE('',*,*,#2319,.T.);
#2966=ORIENTED_EDGE('',*,*,#2320,.T.);
#2967=ORIENTED_EDGE('',*,*,#2321,.T.);
#2968=ORIENTED_EDGE('',*,*,#2322,.T.);
#2969=ORIENTED_EDGE('',*,*,#2323,.T.);
#2970=ORIENTED_EDGE('',*,*,#2324,.F.);
#2971=ORIENTED_EDGE('',*,*,#2325,.F.);
#2972=ORIENTED_EDGE('',*,*,#2048,.F.);
#2973=ORIENTED_EDGE('',*,*,#2326,.T.);
#2974=ORIENTED_EDGE('',*,*,#2327,.T.);
#2975=ORIENTED_EDGE('',*,*,#2328,.T.);
#2976=ORIENTED_EDGE('',*,*,#2329,.T.);
#2977=ORIENTED_EDGE('',*,*,#2330,.T.);
#2978=ORIENTED_EDGE('',*,*,#2331,.F.);
#2979=ORIENTED_EDGE('',*,*,#2332,.F.);
#2980=ORIENTED_EDGE('',*,*,#2051,.F.);
#2981=ORIENTED_EDGE('',*,*,#2333,.T.);
#2982=ORIENTED_EDGE('',*,*,#2334,.T.);
#2983=ORIENTED_EDGE('',*,*,#2335,.T.);
#2984=ORIENTED_EDGE('',*,*,#2336,.T.);
#2985=ORIENTED_EDGE('',*,*,#2337,.T.);
#2986=ORIENTED_EDGE('',*,*,#2338,.F.);
#2987=ORIENTED_EDGE('',*,*,#2339,.F.);
#2988=ORIENTED_EDGE('',*,*,#2024,.F.);
#2989=ORIENTED_EDGE('',*,*,#2340,.T.);
#2990=ORIENTED_EDGE('',*,*,#2341,.T.);
#2991=ORIENTED_EDGE('',*,*,#2342,.T.);
#2992=ORIENTED_EDGE('',*,*,#2343,.T.);
#2993=ORIENTED_EDGE('',*,*,#2344,.T.);
#2994=ORIENTED_EDGE('',*,*,#2345,.F.);
#2995=ORIENTED_EDGE('',*,*,#2346,.F.);
#2996=ORIENTED_EDGE('',*,*,#2028,.F.);
#2997=ORIENTED_EDGE('',*,*,#2347,.T.);
#2998=ORIENTED_EDGE('',*,*,#2348,.T.);
#2999=ORIENTED_EDGE('',*,*,#2349,.T.);
#3000=ORIENTED_EDGE('',*,*,#2350,.T.);
#3001=ORIENTED_EDGE('',*,*,#2351,.T.);
#3002=ORIENTED_EDGE('',*,*,#2352,.F.);
#3003=ORIENTED_EDGE('',*,*,#2353,.F.);
#3004=ORIENTED_EDGE('',*,*,#2035,.F.);
#3005=ORIENTED_EDGE('',*,*,#2354,.T.);
#3006=ORIENTED_EDGE('',*,*,#2355,.T.);
#3007=ORIENTED_EDGE('',*,*,#2356,.T.);
#3008=ORIENTED_EDGE('',*,*,#2357,.T.);
#3009=ORIENTED_EDGE('',*,*,#2358,.T.);
#3010=ORIENTED_EDGE('',*,*,#2359,.F.);
#3011=ORIENTED_EDGE('',*,*,#2360,.F.);
#3012=ORIENTED_EDGE('',*,*,#2032,.F.);
#3013=ORIENTED_EDGE('',*,*,#2361,.T.);
#3014=ORIENTED_EDGE('',*,*,#2362,.T.);
#3015=ORIENTED_EDGE('',*,*,#2363,.T.);
#3016=ORIENTED_EDGE('',*,*,#2364,.T.);
#3017=ORIENTED_EDGE('',*,*,#2365,.T.);
#3018=ORIENTED_EDGE('',*,*,#2366,.F.);
#3019=ORIENTED_EDGE('',*,*,#2367,.F.);
#3020=ORIENTED_EDGE('',*,*,#2040,.F.);
#3021=ORIENTED_EDGE('',*,*,#2368,.T.);
#3022=ORIENTED_EDGE('',*,*,#2369,.T.);
#3023=ORIENTED_EDGE('',*,*,#2370,.T.);
#3024=ORIENTED_EDGE('',*,*,#2371,.T.);
#3025=ORIENTED_EDGE('',*,*,#2372,.T.);
#3026=ORIENTED_EDGE('',*,*,#2373,.F.);
#3027=ORIENTED_EDGE('',*,*,#2374,.F.);
#3028=ORIENTED_EDGE('',*,*,#2043,.F.);
#3029=ORIENTED_EDGE('',*,*,#2375,.T.);
#3030=ORIENTED_EDGE('',*,*,#2376,.T.);
#3031=ORIENTED_EDGE('',*,*,#2377,.T.);
#3032=ORIENTED_EDGE('',*,*,#2378,.T.);
#3033=ORIENTED_EDGE('',*,*,#2379,.T.);
#3034=ORIENTED_EDGE('',*,*,#2380,.F.);
#3035=ORIENTED_EDGE('',*,*,#2381,.F.);
#3036=ORIENTED_EDGE('',*,*,#1971,.F.);
#3037=ORIENTED_EDGE('',*,*,#2382,.T.);
#3038=ORIENTED_EDGE('',*,*,#2383,.T.);
#3039=ORIENTED_EDGE('',*,*,#2384,.T.);
#3040=ORIENTED_EDGE('',*,*,#2385,.T.);
#3041=ORIENTED_EDGE('',*,*,#2386,.T.);
#3042=ORIENTED_EDGE('',*,*,#2387,.F.);
#3043=ORIENTED_EDGE('',*,*,#2388,.F.);
#3044=ORIENTED_EDGE('',*,*,#1951,.F.);
#3045=ORIENTED_EDGE('',*,*,#2329,.F.);
#3046=ORIENTED_EDGE('',*,*,#2389,.T.);
#3047=ORIENTED_EDGE('',*,*,#2113,.T.);
#3048=ORIENTED_EDGE('',*,*,#2390,.T.);
#3049=ORIENTED_EDGE('',*,*,#2115,.T.);
#3050=ORIENTED_EDGE('',*,*,#2391,.T.);
#3051=ORIENTED_EDGE('',*,*,#2327,.F.);
#3052=ORIENTED_EDGE('',*,*,#2392,.T.);
#3053=ORIENTED_EDGE('',*,*,#2116,.T.);
#3054=ORIENTED_EDGE('',*,*,#2392,.F.);
#3055=ORIENTED_EDGE('',*,*,#2326,.F.);
#3056=ORIENTED_EDGE('',*,*,#2047,.T.);
#3057=ORIENTED_EDGE('',*,*,#2110,.F.);
#3058=ORIENTED_EDGE('',*,*,#2052,.F.);
#3059=ORIENTED_EDGE('',*,*,#2332,.T.);
#3060=ORIENTED_EDGE('',*,*,#2393,.T.);
#3061=ORIENTED_EDGE('',*,*,#2331,.T.);
#3062=ORIENTED_EDGE('',*,*,#2394,.T.);
#3063=ORIENTED_EDGE('',*,*,#2111,.F.);
#3064=ORIENTED_EDGE('',*,*,#2393,.F.);
#3065=ORIENTED_EDGE('',*,*,#2328,.F.);
#3066=ORIENTED_EDGE('',*,*,#2391,.F.);
#3067=ORIENTED_EDGE('',*,*,#2114,.F.);
#3068=ORIENTED_EDGE('',*,*,#2389,.F.);
#3069=ORIENTED_EDGE('',*,*,#2330,.F.);
#3070=ORIENTED_EDGE('',*,*,#2390,.F.);
#3071=ORIENTED_EDGE('',*,*,#2112,.F.);
#3072=ORIENTED_EDGE('',*,*,#2394,.F.);
#3073=ORIENTED_EDGE('',*,*,#2123,.T.);
#3074=ORIENTED_EDGE('',*,*,#2395,.F.);
#3075=ORIENTED_EDGE('',*,*,#2319,.F.);
#3076=ORIENTED_EDGE('',*,*,#2011,.T.);
#3077=ORIENTED_EDGE('',*,*,#2122,.T.);
#3078=ORIENTED_EDGE('',*,*,#2396,.T.);
#3079=ORIENTED_EDGE('',*,*,#2320,.F.);
#3080=ORIENTED_EDGE('',*,*,#2395,.T.);
#3081=ORIENTED_EDGE('',*,*,#2321,.F.);
#3082=ORIENTED_EDGE('',*,*,#2396,.F.);
#3083=ORIENTED_EDGE('',*,*,#2121,.F.);
#3084=ORIENTED_EDGE('',*,*,#2397,.F.);
#3085=ORIENTED_EDGE('',*,*,#2322,.F.);
#3086=ORIENTED_EDGE('',*,*,#2397,.T.);
#3087=ORIENTED_EDGE('',*,*,#2120,.T.);
#3088=ORIENTED_EDGE('',*,*,#2398,.T.);
#3089=ORIENTED_EDGE('',*,*,#2323,.F.);
#3090=ORIENTED_EDGE('',*,*,#2398,.F.);
#3091=ORIENTED_EDGE('',*,*,#2119,.F.);
#3092=ORIENTED_EDGE('',*,*,#2399,.F.);
#3093=ORIENTED_EDGE('',*,*,#2117,.F.);
#3094=ORIENTED_EDGE('',*,*,#2045,.F.);
#3095=ORIENTED_EDGE('',*,*,#2325,.T.);
#3096=ORIENTED_EDGE('',*,*,#2400,.T.);
#3097=ORIENTED_EDGE('',*,*,#2324,.T.);
#3098=ORIENTED_EDGE('',*,*,#2399,.T.);
#3099=ORIENTED_EDGE('',*,*,#2118,.F.);
#3100=ORIENTED_EDGE('',*,*,#2400,.F.);
#3101=ORIENTED_EDGE('',*,*,#2074,.T.);
#3102=ORIENTED_EDGE('',*,*,#2401,.F.);
#3103=ORIENTED_EDGE('',*,*,#2368,.F.);
#3104=ORIENTED_EDGE('',*,*,#2039,.T.);
#3105=ORIENTED_EDGE('',*,*,#2073,.T.);
#3106=ORIENTED_EDGE('',*,*,#2402,.T.);
#3107=ORIENTED_EDGE('',*,*,#2369,.F.);
#3108=ORIENTED_EDGE('',*,*,#2401,.T.);
#3109=ORIENTED_EDGE('',*,*,#2370,.F.);
#3110=ORIENTED_EDGE('',*,*,#2402,.F.);
#3111=ORIENTED_EDGE('',*,*,#2072,.F.);
#3112=ORIENTED_EDGE('',*,*,#2403,.F.);
#3113=ORIENTED_EDGE('',*,*,#2371,.F.);
#3114=ORIENTED_EDGE('',*,*,#2403,.T.);
#3115=ORIENTED_EDGE('',*,*,#2071,.T.);
#3116=ORIENTED_EDGE('',*,*,#2404,.T.);
#3117=ORIENTED_EDGE('',*,*,#2372,.F.);
#3118=ORIENTED_EDGE('',*,*,#2404,.F.);
#3119=ORIENTED_EDGE('',*,*,#2070,.F.);
#3120=ORIENTED_EDGE('',*,*,#2405,.F.);
#3121=ORIENTED_EDGE('',*,*,#2068,.F.);
#3122=ORIENTED_EDGE('',*,*,#2044,.F.);
#3123=ORIENTED_EDGE('',*,*,#2374,.T.);
#3124=ORIENTED_EDGE('',*,*,#2406,.T.);
#3125=ORIENTED_EDGE('',*,*,#2373,.T.);
#3126=ORIENTED_EDGE('',*,*,#2405,.T.);
#3127=ORIENTED_EDGE('',*,*,#2069,.F.);
#3128=ORIENTED_EDGE('',*,*,#2406,.F.);
#3129=ORIENTED_EDGE('',*,*,#2081,.T.);
#3130=ORIENTED_EDGE('',*,*,#2407,.F.);
#3131=ORIENTED_EDGE('',*,*,#2361,.F.);
#3132=ORIENTED_EDGE('',*,*,#2031,.T.);
#3133=ORIENTED_EDGE('',*,*,#2080,.T.);
#3134=ORIENTED_EDGE('',*,*,#2408,.T.);
#3135=ORIENTED_EDGE('',*,*,#2362,.F.);
#3136=ORIENTED_EDGE('',*,*,#2407,.T.);
#3137=ORIENTED_EDGE('',*,*,#2363,.F.);
#3138=ORIENTED_EDGE('',*,*,#2408,.F.);
#3139=ORIENTED_EDGE('',*,*,#2079,.F.);
#3140=ORIENTED_EDGE('',*,*,#2409,.F.);
#3141=ORIENTED_EDGE('',*,*,#2364,.F.);
#3142=ORIENTED_EDGE('',*,*,#2409,.T.);
#3143=ORIENTED_EDGE('',*,*,#2078,.T.);
#3144=ORIENTED_EDGE('',*,*,#2410,.T.);
#3145=ORIENTED_EDGE('',*,*,#2365,.F.);
#3146=ORIENTED_EDGE('',*,*,#2410,.F.);
#3147=ORIENTED_EDGE('',*,*,#2077,.F.);
#3148=ORIENTED_EDGE('',*,*,#2411,.F.);
#3149=ORIENTED_EDGE('',*,*,#2075,.F.);
#3150=ORIENTED_EDGE('',*,*,#2037,.F.);
#3151=ORIENTED_EDGE('',*,*,#2367,.T.);
#3152=ORIENTED_EDGE('',*,*,#2412,.T.);
#3153=ORIENTED_EDGE('',*,*,#2366,.T.);
#3154=ORIENTED_EDGE('',*,*,#2411,.T.);
#3155=ORIENTED_EDGE('',*,*,#2076,.F.);
#3156=ORIENTED_EDGE('',*,*,#2412,.F.);
#3157=ORIENTED_EDGE('',*,*,#2095,.T.);
#3158=ORIENTED_EDGE('',*,*,#2413,.F.);
#3159=ORIENTED_EDGE('',*,*,#2347,.F.);
#3160=ORIENTED_EDGE('',*,*,#2027,.T.);
#3161=ORIENTED_EDGE('',*,*,#2094,.T.);
#3162=ORIENTED_EDGE('',*,*,#2414,.T.);
#3163=ORIENTED_EDGE('',*,*,#2348,.F.);
#3164=ORIENTED_EDGE('',*,*,#2413,.T.);
#3165=ORIENTED_EDGE('',*,*,#2349,.F.);
#3166=ORIENTED_EDGE('',*,*,#2414,.F.);
#3167=ORIENTED_EDGE('',*,*,#2093,.F.);
#3168=ORIENTED_EDGE('',*,*,#2415,.F.);
#3169=ORIENTED_EDGE('',*,*,#2350,.F.);
#3170=ORIENTED_EDGE('',*,*,#2415,.T.);
#3171=ORIENTED_EDGE('',*,*,#2092,.T.);
#3172=ORIENTED_EDGE('',*,*,#2416,.T.);
#3173=ORIENTED_EDGE('',*,*,#2351,.F.);
#3174=ORIENTED_EDGE('',*,*,#2416,.F.);
#3175=ORIENTED_EDGE('',*,*,#2091,.F.);
#3176=ORIENTED_EDGE('',*,*,#2417,.F.);
#3177=ORIENTED_EDGE('',*,*,#2089,.F.);
#3178=ORIENTED_EDGE('',*,*,#2036,.F.);
#3179=ORIENTED_EDGE('',*,*,#2353,.T.);
#3180=ORIENTED_EDGE('',*,*,#2418,.T.);
#3181=ORIENTED_EDGE('',*,*,#2352,.T.);
#3182=ORIENTED_EDGE('',*,*,#2417,.T.);
#3183=ORIENTED_EDGE('',*,*,#2090,.F.);
#3184=ORIENTED_EDGE('',*,*,#2418,.F.);
#3185=ORIENTED_EDGE('',*,*,#2088,.T.);
#3186=ORIENTED_EDGE('',*,*,#2419,.F.);
#3187=ORIENTED_EDGE('',*,*,#2354,.F.);
#3188=ORIENTED_EDGE('',*,*,#2034,.T.);
#3189=ORIENTED_EDGE('',*,*,#2087,.T.);
#3190=ORIENTED_EDGE('',*,*,#2420,.T.);
#3191=ORIENTED_EDGE('',*,*,#2355,.F.);
#3192=ORIENTED_EDGE('',*,*,#2419,.T.);
#3193=ORIENTED_EDGE('',*,*,#2356,.F.);
#3194=ORIENTED_EDGE('',*,*,#2420,.F.);
#3195=ORIENTED_EDGE('',*,*,#2086,.F.);
#3196=ORIENTED_EDGE('',*,*,#2421,.F.);
#3197=ORIENTED_EDGE('',*,*,#2357,.F.);
#3198=ORIENTED_EDGE('',*,*,#2421,.T.);
#3199=ORIENTED_EDGE('',*,*,#2085,.T.);
#3200=ORIENTED_EDGE('',*,*,#2422,.T.);
#3201=ORIENTED_EDGE('',*,*,#2358,.F.);
#3202=ORIENTED_EDGE('',*,*,#2422,.F.);
#3203=ORIENTED_EDGE('',*,*,#2084,.F.);
#3204=ORIENTED_EDGE('',*,*,#2423,.F.);
#3205=ORIENTED_EDGE('',*,*,#2082,.F.);
#3206=ORIENTED_EDGE('',*,*,#2029,.F.);
#3207=ORIENTED_EDGE('',*,*,#2360,.T.);
#3208=ORIENTED_EDGE('',*,*,#2424,.T.);
#3209=ORIENTED_EDGE('',*,*,#2359,.T.);
#3210=ORIENTED_EDGE('',*,*,#2423,.T.);
#3211=ORIENTED_EDGE('',*,*,#2083,.F.);
#3212=ORIENTED_EDGE('',*,*,#2424,.F.);
#3213=ORIENTED_EDGE('',*,*,#2102,.T.);
#3214=ORIENTED_EDGE('',*,*,#2425,.F.);
#3215=ORIENTED_EDGE('',*,*,#2340,.F.);
#3216=ORIENTED_EDGE('',*,*,#2023,.T.);
#3217=ORIENTED_EDGE('',*,*,#2101,.T.);
#3218=ORIENTED_EDGE('',*,*,#2426,.T.);
#3219=ORIENTED_EDGE('',*,*,#2341,.F.);
#3220=ORIENTED_EDGE('',*,*,#2425,.T.);
#3221=ORIENTED_EDGE('',*,*,#2342,.F.);
#3222=ORIENTED_EDGE('',*,*,#2426,.F.);
#3223=ORIENTED_EDGE('',*,*,#2100,.F.);
#3224=ORIENTED_EDGE('',*,*,#2427,.F.);
#3225=ORIENTED_EDGE('',*,*,#2343,.F.);
#3226=ORIENTED_EDGE('',*,*,#2427,.T.);
#3227=ORIENTED_EDGE('',*,*,#2099,.T.);
#3228=ORIENTED_EDGE('',*,*,#2428,.T.);
#3229=ORIENTED_EDGE('',*,*,#2344,.F.);
#3230=ORIENTED_EDGE('',*,*,#2428,.F.);
#3231=ORIENTED_EDGE('',*,*,#2098,.F.);
#3232=ORIENTED_EDGE('',*,*,#2429,.F.);
#3233=ORIENTED_EDGE('',*,*,#2096,.F.);
#3234=ORIENTED_EDGE('',*,*,#2025,.F.);
#3235=ORIENTED_EDGE('',*,*,#2346,.T.);
#3236=ORIENTED_EDGE('',*,*,#2430,.T.);
#3237=ORIENTED_EDGE('',*,*,#2345,.T.);
#3238=ORIENTED_EDGE('',*,*,#2429,.T.);
#3239=ORIENTED_EDGE('',*,*,#2097,.F.);
#3240=ORIENTED_EDGE('',*,*,#2430,.F.);
#3241=ORIENTED_EDGE('',*,*,#2109,.T.);
#3242=ORIENTED_EDGE('',*,*,#2431,.F.);
#3243=ORIENTED_EDGE('',*,*,#2333,.F.);
#3244=ORIENTED_EDGE('',*,*,#2050,.T.);
#3245=ORIENTED_EDGE('',*,*,#2108,.T.);
#3246=ORIENTED_EDGE('',*,*,#2432,.T.);
#3247=ORIENTED_EDGE('',*,*,#2334,.F.);
#3248=ORIENTED_EDGE('',*,*,#2431,.T.);
#3249=ORIENTED_EDGE('',*,*,#2335,.F.);
#3250=ORIENTED_EDGE('',*,*,#2432,.F.);
#3251=ORIENTED_EDGE('',*,*,#2107,.F.);
#3252=ORIENTED_EDGE('',*,*,#2433,.F.);
#3253=ORIENTED_EDGE('',*,*,#2336,.F.);
#3254=ORIENTED_EDGE('',*,*,#2433,.T.);
#3255=ORIENTED_EDGE('',*,*,#2106,.T.);
#3256=ORIENTED_EDGE('',*,*,#2434,.T.);
#3257=ORIENTED_EDGE('',*,*,#2337,.F.);
#3258=ORIENTED_EDGE('',*,*,#2434,.F.);
#3259=ORIENTED_EDGE('',*,*,#2105,.F.);
#3260=ORIENTED_EDGE('',*,*,#2435,.F.);
#3261=ORIENTED_EDGE('',*,*,#2103,.F.);
#3262=ORIENTED_EDGE('',*,*,#2021,.F.);
#3263=ORIENTED_EDGE('',*,*,#2339,.T.);
#3264=ORIENTED_EDGE('',*,*,#2436,.T.);
#3265=ORIENTED_EDGE('',*,*,#2338,.T.);
#3266=ORIENTED_EDGE('',*,*,#2435,.T.);
#3267=ORIENTED_EDGE('',*,*,#2104,.F.);
#3268=ORIENTED_EDGE('',*,*,#2436,.F.);
#3269=ORIENTED_EDGE('',*,*,#2151,.T.);
#3270=ORIENTED_EDGE('',*,*,#2437,.F.);
#3271=ORIENTED_EDGE('',*,*,#2291,.F.);
#3272=ORIENTED_EDGE('',*,*,#2003,.T.);
#3273=ORIENTED_EDGE('',*,*,#2150,.T.);
#3274=ORIENTED_EDGE('',*,*,#2438,.T.);
#3275=ORIENTED_EDGE('',*,*,#2292,.F.);
#3276=ORIENTED_EDGE('',*,*,#2437,.T.);
#3277=ORIENTED_EDGE('',*,*,#2293,.F.);
#3278=ORIENTED_EDGE('',*,*,#2438,.F.);
#3279=ORIENTED_EDGE('',*,*,#2149,.F.);
#3280=ORIENTED_EDGE('',*,*,#2439,.F.);
#3281=ORIENTED_EDGE('',*,*,#2294,.F.);
#3282=ORIENTED_EDGE('',*,*,#2439,.T.);
#3283=ORIENTED_EDGE('',*,*,#2148,.T.);
#3284=ORIENTED_EDGE('',*,*,#2440,.T.);
#3285=ORIENTED_EDGE('',*,*,#2295,.F.);
#3286=ORIENTED_EDGE('',*,*,#2440,.F.);
#3287=ORIENTED_EDGE('',*,*,#2147,.F.);
#3288=ORIENTED_EDGE('',*,*,#2441,.F.);
#3289=ORIENTED_EDGE('',*,*,#2145,.F.);
#3290=ORIENTED_EDGE('',*,*,#2020,.F.);
#3291=ORIENTED_EDGE('',*,*,#2297,.T.);
#3292=ORIENTED_EDGE('',*,*,#2442,.T.);
#3293=ORIENTED_EDGE('',*,*,#2296,.T.);
#3294=ORIENTED_EDGE('',*,*,#2441,.T.);
#3295=ORIENTED_EDGE('',*,*,#2146,.F.);
#3296=ORIENTED_EDGE('',*,*,#2442,.F.);
#3297=ORIENTED_EDGE('',*,*,#2144,.T.);
#3298=ORIENTED_EDGE('',*,*,#2443,.F.);
#3299=ORIENTED_EDGE('',*,*,#2298,.F.);
#3300=ORIENTED_EDGE('',*,*,#2018,.T.);
#3301=ORIENTED_EDGE('',*,*,#2143,.T.);
#3302=ORIENTED_EDGE('',*,*,#2444,.T.);
#3303=ORIENTED_EDGE('',*,*,#2299,.F.);
#3304=ORIENTED_EDGE('',*,*,#2443,.T.);
#3305=ORIENTED_EDGE('',*,*,#2300,.F.);
#3306=ORIENTED_EDGE('',*,*,#2444,.F.);
#3307=ORIENTED_EDGE('',*,*,#2142,.F.);
#3308=ORIENTED_EDGE('',*,*,#2445,.F.);
#3309=ORIENTED_EDGE('',*,*,#2301,.F.);
#3310=ORIENTED_EDGE('',*,*,#2445,.T.);
#3311=ORIENTED_EDGE('',*,*,#2141,.T.);
#3312=ORIENTED_EDGE('',*,*,#2446,.T.);
#3313=ORIENTED_EDGE('',*,*,#2302,.F.);
#3314=ORIENTED_EDGE('',*,*,#2446,.F.);
#3315=ORIENTED_EDGE('',*,*,#2140,.F.);
#3316=ORIENTED_EDGE('',*,*,#2447,.F.);
#3317=ORIENTED_EDGE('',*,*,#2138,.F.);
#3318=ORIENTED_EDGE('',*,*,#2016,.F.);
#3319=ORIENTED_EDGE('',*,*,#2304,.T.);
#3320=ORIENTED_EDGE('',*,*,#2448,.T.);
#3321=ORIENTED_EDGE('',*,*,#2303,.T.);
#3322=ORIENTED_EDGE('',*,*,#2447,.T.);
#3323=ORIENTED_EDGE('',*,*,#2139,.F.);
#3324=ORIENTED_EDGE('',*,*,#2448,.F.);
#3325=ORIENTED_EDGE('',*,*,#2130,.T.);
#3326=ORIENTED_EDGE('',*,*,#2449,.F.);
#3327=ORIENTED_EDGE('',*,*,#2312,.F.);
#3328=ORIENTED_EDGE('',*,*,#2007,.T.);
#3329=ORIENTED_EDGE('',*,*,#2129,.T.);
#3330=ORIENTED_EDGE('',*,*,#2450,.T.);
#3331=ORIENTED_EDGE('',*,*,#2313,.F.);
#3332=ORIENTED_EDGE('',*,*,#2449,.T.);
#3333=ORIENTED_EDGE('',*,*,#2314,.F.);
#3334=ORIENTED_EDGE('',*,*,#2450,.F.);
#3335=ORIENTED_EDGE('',*,*,#2128,.F.);
#3336=ORIENTED_EDGE('',*,*,#2451,.F.);
#3337=ORIENTED_EDGE('',*,*,#2315,.F.);
#3338=ORIENTED_EDGE('',*,*,#2451,.T.);
#3339=ORIENTED_EDGE('',*,*,#2127,.T.);
#3340=ORIENTED_EDGE('',*,*,#2452,.T.);
#3341=ORIENTED_EDGE('',*,*,#2316,.F.);
#3342=ORIENTED_EDGE('',*,*,#2452,.F.);
#3343=ORIENTED_EDGE('',*,*,#2126,.F.);
#3344=ORIENTED_EDGE('',*,*,#2453,.F.);
#3345=ORIENTED_EDGE('',*,*,#2124,.F.);
#3346=ORIENTED_EDGE('',*,*,#2009,.F.);
#3347=ORIENTED_EDGE('',*,*,#2318,.T.);
#3348=ORIENTED_EDGE('',*,*,#2454,.T.);
#3349=ORIENTED_EDGE('',*,*,#2317,.T.);
#3350=ORIENTED_EDGE('',*,*,#2453,.T.);
#3351=ORIENTED_EDGE('',*,*,#2125,.F.);
#3352=ORIENTED_EDGE('',*,*,#2454,.F.);
#3353=ORIENTED_EDGE('',*,*,#2137,.T.);
#3354=ORIENTED_EDGE('',*,*,#2455,.F.);
#3355=ORIENTED_EDGE('',*,*,#2305,.F.);
#3356=ORIENTED_EDGE('',*,*,#2014,.T.);
#3357=ORIENTED_EDGE('',*,*,#2136,.T.);
#3358=ORIENTED_EDGE('',*,*,#2456,.T.);
#3359=ORIENTED_EDGE('',*,*,#2306,.F.);
#3360=ORIENTED_EDGE('',*,*,#2455,.T.);
#3361=ORIENTED_EDGE('',*,*,#2307,.F.);
#3362=ORIENTED_EDGE('',*,*,#2456,.F.);
#3363=ORIENTED_EDGE('',*,*,#2135,.F.);
#3364=ORIENTED_EDGE('',*,*,#2457,.F.);
#3365=ORIENTED_EDGE('',*,*,#2308,.F.);
#3366=ORIENTED_EDGE('',*,*,#2457,.T.);
#3367=ORIENTED_EDGE('',*,*,#2134,.T.);
#3368=ORIENTED_EDGE('',*,*,#2458,.T.);
#3369=ORIENTED_EDGE('',*,*,#2309,.F.);
#3370=ORIENTED_EDGE('',*,*,#2458,.F.);
#3371=ORIENTED_EDGE('',*,*,#2133,.F.);
#3372=ORIENTED_EDGE('',*,*,#2459,.F.);
#3373=ORIENTED_EDGE('',*,*,#2131,.F.);
#3374=ORIENTED_EDGE('',*,*,#2005,.F.);
#3375=ORIENTED_EDGE('',*,*,#2311,.T.);
#3376=ORIENTED_EDGE('',*,*,#2460,.T.);
#3377=ORIENTED_EDGE('',*,*,#2310,.T.);
#3378=ORIENTED_EDGE('',*,*,#2459,.T.);
#3379=ORIENTED_EDGE('',*,*,#2132,.F.);
#3380=ORIENTED_EDGE('',*,*,#2460,.F.);
#3381=ORIENTED_EDGE('',*,*,#2158,.T.);
#3382=ORIENTED_EDGE('',*,*,#2461,.F.);
#3383=ORIENTED_EDGE('',*,*,#2284,.F.);
#3384=ORIENTED_EDGE('',*,*,#1999,.T.);
#3385=ORIENTED_EDGE('',*,*,#2157,.T.);
#3386=ORIENTED_EDGE('',*,*,#2462,.T.);
#3387=ORIENTED_EDGE('',*,*,#2285,.F.);
#3388=ORIENTED_EDGE('',*,*,#2461,.T.);
#3389=ORIENTED_EDGE('',*,*,#2286,.F.);
#3390=ORIENTED_EDGE('',*,*,#2462,.F.);
#3391=ORIENTED_EDGE('',*,*,#2156,.F.);
#3392=ORIENTED_EDGE('',*,*,#2463,.F.);
#3393=ORIENTED_EDGE('',*,*,#2287,.F.);
#3394=ORIENTED_EDGE('',*,*,#2463,.T.);
#3395=ORIENTED_EDGE('',*,*,#2155,.T.);
#3396=ORIENTED_EDGE('',*,*,#2464,.T.);
#3397=ORIENTED_EDGE('',*,*,#2288,.F.);
#3398=ORIENTED_EDGE('',*,*,#2464,.F.);
#3399=ORIENTED_EDGE('',*,*,#2154,.F.);
#3400=ORIENTED_EDGE('',*,*,#2465,.F.);
#3401=ORIENTED_EDGE('',*,*,#2152,.F.);
#3402=ORIENTED_EDGE('',*,*,#2001,.F.);
#3403=ORIENTED_EDGE('',*,*,#2290,.T.);
#3404=ORIENTED_EDGE('',*,*,#2466,.T.);
#3405=ORIENTED_EDGE('',*,*,#2289,.T.);
#3406=ORIENTED_EDGE('',*,*,#2465,.T.);
#3407=ORIENTED_EDGE('',*,*,#2153,.F.);
#3408=ORIENTED_EDGE('',*,*,#2466,.F.);
#3409=ORIENTED_EDGE('',*,*,#2165,.T.);
#3410=ORIENTED_EDGE('',*,*,#2467,.F.);
#3411=ORIENTED_EDGE('',*,*,#2277,.F.);
#3412=ORIENTED_EDGE('',*,*,#1991,.T.);
#3413=ORIENTED_EDGE('',*,*,#2164,.T.);
#3414=ORIENTED_EDGE('',*,*,#2468,.T.);
#3415=ORIENTED_EDGE('',*,*,#2278,.F.);
#3416=ORIENTED_EDGE('',*,*,#2467,.T.);
#3417=ORIENTED_EDGE('',*,*,#2279,.F.);
#3418=ORIENTED_EDGE('',*,*,#2468,.F.);
#3419=ORIENTED_EDGE('',*,*,#2163,.F.);
#3420=ORIENTED_EDGE('',*,*,#2469,.F.);
#3421=ORIENTED_EDGE('',*,*,#2280,.F.);
#3422=ORIENTED_EDGE('',*,*,#2469,.T.);
#3423=ORIENTED_EDGE('',*,*,#2162,.T.);
#3424=ORIENTED_EDGE('',*,*,#2470,.T.);
#3425=ORIENTED_EDGE('',*,*,#2281,.F.);
#3426=ORIENTED_EDGE('',*,*,#2470,.F.);
#3427=ORIENTED_EDGE('',*,*,#2161,.F.);
#3428=ORIENTED_EDGE('',*,*,#2471,.F.);
#3429=ORIENTED_EDGE('',*,*,#2159,.F.);
#3430=ORIENTED_EDGE('',*,*,#1997,.F.);
#3431=ORIENTED_EDGE('',*,*,#2283,.T.);
#3432=ORIENTED_EDGE('',*,*,#2472,.T.);
#3433=ORIENTED_EDGE('',*,*,#2282,.T.);
#3434=ORIENTED_EDGE('',*,*,#2471,.T.);
#3435=ORIENTED_EDGE('',*,*,#2160,.F.);
#3436=ORIENTED_EDGE('',*,*,#2472,.F.);
#3437=ORIENTED_EDGE('',*,*,#2179,.T.);
#3438=ORIENTED_EDGE('',*,*,#2473,.F.);
#3439=ORIENTED_EDGE('',*,*,#2263,.F.);
#3440=ORIENTED_EDGE('',*,*,#1987,.T.);
#3441=ORIENTED_EDGE('',*,*,#2178,.T.);
#3442=ORIENTED_EDGE('',*,*,#2474,.T.);
#3443=ORIENTED_EDGE('',*,*,#2264,.F.);
#3444=ORIENTED_EDGE('',*,*,#2473,.T.);
#3445=ORIENTED_EDGE('',*,*,#2265,.F.);
#3446=ORIENTED_EDGE('',*,*,#2474,.F.);
#3447=ORIENTED_EDGE('',*,*,#2177,.F.);
#3448=ORIENTED_EDGE('',*,*,#2475,.F.);
#3449=ORIENTED_EDGE('',*,*,#2266,.F.);
#3450=ORIENTED_EDGE('',*,*,#2475,.T.);
#3451=ORIENTED_EDGE('',*,*,#2176,.T.);
#3452=ORIENTED_EDGE('',*,*,#2476,.T.);
#3453=ORIENTED_EDGE('',*,*,#2267,.F.);
#3454=ORIENTED_EDGE('',*,*,#2476,.F.);
#3455=ORIENTED_EDGE('',*,*,#2175,.F.);
#3456=ORIENTED_EDGE('',*,*,#2477,.F.);
#3457=ORIENTED_EDGE('',*,*,#2173,.F.);
#3458=ORIENTED_EDGE('',*,*,#1996,.F.);
#3459=ORIENTED_EDGE('',*,*,#2269,.T.);
#3460=ORIENTED_EDGE('',*,*,#2478,.T.);
#3461=ORIENTED_EDGE('',*,*,#2268,.T.);
#3462=ORIENTED_EDGE('',*,*,#2477,.T.);
#3463=ORIENTED_EDGE('',*,*,#2174,.F.);
#3464=ORIENTED_EDGE('',*,*,#2478,.F.);
#3465=ORIENTED_EDGE('',*,*,#2172,.T.);
#3466=ORIENTED_EDGE('',*,*,#2479,.F.);
#3467=ORIENTED_EDGE('',*,*,#2270,.F.);
#3468=ORIENTED_EDGE('',*,*,#1994,.T.);
#3469=ORIENTED_EDGE('',*,*,#2171,.T.);
#3470=ORIENTED_EDGE('',*,*,#2480,.T.);
#3471=ORIENTED_EDGE('',*,*,#2271,.F.);
#3472=ORIENTED_EDGE('',*,*,#2479,.T.);
#3473=ORIENTED_EDGE('',*,*,#2272,.F.);
#3474=ORIENTED_EDGE('',*,*,#2480,.F.);
#3475=ORIENTED_EDGE('',*,*,#2170,.F.);
#3476=ORIENTED_EDGE('',*,*,#2481,.F.);
#3477=ORIENTED_EDGE('',*,*,#2273,.F.);
#3478=ORIENTED_EDGE('',*,*,#2481,.T.);
#3479=ORIENTED_EDGE('',*,*,#2169,.T.);
#3480=ORIENTED_EDGE('',*,*,#2482,.T.);
#3481=ORIENTED_EDGE('',*,*,#2274,.F.);
#3482=ORIENTED_EDGE('',*,*,#2482,.F.);
#3483=ORIENTED_EDGE('',*,*,#2168,.F.);
#3484=ORIENTED_EDGE('',*,*,#2483,.F.);
#3485=ORIENTED_EDGE('',*,*,#2166,.F.);
#3486=ORIENTED_EDGE('',*,*,#1989,.F.);
#3487=ORIENTED_EDGE('',*,*,#2276,.T.);
#3488=ORIENTED_EDGE('',*,*,#2484,.T.);
#3489=ORIENTED_EDGE('',*,*,#2275,.T.);
#3490=ORIENTED_EDGE('',*,*,#2483,.T.);
#3491=ORIENTED_EDGE('',*,*,#2167,.F.);
#3492=ORIENTED_EDGE('',*,*,#2484,.F.);
#3493=ORIENTED_EDGE('',*,*,#2186,.T.);
#3494=ORIENTED_EDGE('',*,*,#2485,.F.);
#3495=ORIENTED_EDGE('',*,*,#2256,.F.);
#3496=ORIENTED_EDGE('',*,*,#1983,.T.);
#3497=ORIENTED_EDGE('',*,*,#2185,.T.);
#3498=ORIENTED_EDGE('',*,*,#2486,.T.);
#3499=ORIENTED_EDGE('',*,*,#2257,.F.);
#3500=ORIENTED_EDGE('',*,*,#2485,.T.);
#3501=ORIENTED_EDGE('',*,*,#2258,.F.);
#3502=ORIENTED_EDGE('',*,*,#2486,.F.);
#3503=ORIENTED_EDGE('',*,*,#2184,.F.);
#3504=ORIENTED_EDGE('',*,*,#2487,.F.);
#3505=ORIENTED_EDGE('',*,*,#2259,.F.);
#3506=ORIENTED_EDGE('',*,*,#2487,.T.);
#3507=ORIENTED_EDGE('',*,*,#2183,.T.);
#3508=ORIENTED_EDGE('',*,*,#2488,.T.);
#3509=ORIENTED_EDGE('',*,*,#2260,.F.);
#3510=ORIENTED_EDGE('',*,*,#2488,.F.);
#3511=ORIENTED_EDGE('',*,*,#2182,.F.);
#3512=ORIENTED_EDGE('',*,*,#2489,.F.);
#3513=ORIENTED_EDGE('',*,*,#2180,.F.);
#3514=ORIENTED_EDGE('',*,*,#1985,.F.);
#3515=ORIENTED_EDGE('',*,*,#2262,.T.);
#3516=ORIENTED_EDGE('',*,*,#2490,.T.);
#3517=ORIENTED_EDGE('',*,*,#2261,.T.);
#3518=ORIENTED_EDGE('',*,*,#2489,.T.);
#3519=ORIENTED_EDGE('',*,*,#2181,.F.);
#3520=ORIENTED_EDGE('',*,*,#2490,.F.);
#3521=ORIENTED_EDGE('',*,*,#2193,.T.);
#3522=ORIENTED_EDGE('',*,*,#2491,.F.);
#3523=ORIENTED_EDGE('',*,*,#2249,.F.);
#3524=ORIENTED_EDGE('',*,*,#1979,.T.);
#3525=ORIENTED_EDGE('',*,*,#2192,.T.);
#3526=ORIENTED_EDGE('',*,*,#2492,.T.);
#3527=ORIENTED_EDGE('',*,*,#2250,.F.);
#3528=ORIENTED_EDGE('',*,*,#2491,.T.);
#3529=ORIENTED_EDGE('',*,*,#2251,.F.);
#3530=ORIENTED_EDGE('',*,*,#2492,.F.);
#3531=ORIENTED_EDGE('',*,*,#2191,.F.);
#3532=ORIENTED_EDGE('',*,*,#2493,.F.);
#3533=ORIENTED_EDGE('',*,*,#2252,.F.);
#3534=ORIENTED_EDGE('',*,*,#2493,.T.);
#3535=ORIENTED_EDGE('',*,*,#2190,.T.);
#3536=ORIENTED_EDGE('',*,*,#2494,.T.);
#3537=ORIENTED_EDGE('',*,*,#2253,.F.);
#3538=ORIENTED_EDGE('',*,*,#2494,.F.);
#3539=ORIENTED_EDGE('',*,*,#2189,.F.);
#3540=ORIENTED_EDGE('',*,*,#2495,.F.);
#3541=ORIENTED_EDGE('',*,*,#2187,.F.);
#3542=ORIENTED_EDGE('',*,*,#1981,.F.);
#3543=ORIENTED_EDGE('',*,*,#2255,.T.);
#3544=ORIENTED_EDGE('',*,*,#2496,.T.);
#3545=ORIENTED_EDGE('',*,*,#2254,.T.);
#3546=ORIENTED_EDGE('',*,*,#2495,.T.);
#3547=ORIENTED_EDGE('',*,*,#2188,.F.);
#3548=ORIENTED_EDGE('',*,*,#2496,.F.);
#3549=ORIENTED_EDGE('',*,*,#2200,.T.);
#3550=ORIENTED_EDGE('',*,*,#2497,.F.);
#3551=ORIENTED_EDGE('',*,*,#2242,.F.);
#3552=ORIENTED_EDGE('',*,*,#1975,.T.);
#3553=ORIENTED_EDGE('',*,*,#2199,.T.);
#3554=ORIENTED_EDGE('',*,*,#2498,.T.);
#3555=ORIENTED_EDGE('',*,*,#2243,.F.);
#3556=ORIENTED_EDGE('',*,*,#2497,.T.);
#3557=ORIENTED_EDGE('',*,*,#2244,.F.);
#3558=ORIENTED_EDGE('',*,*,#2498,.F.);
#3559=ORIENTED_EDGE('',*,*,#2198,.F.);
#3560=ORIENTED_EDGE('',*,*,#2499,.F.);
#3561=ORIENTED_EDGE('',*,*,#2245,.F.);
#3562=ORIENTED_EDGE('',*,*,#2499,.T.);
#3563=ORIENTED_EDGE('',*,*,#2197,.T.);
#3564=ORIENTED_EDGE('',*,*,#2500,.T.);
#3565=ORIENTED_EDGE('',*,*,#2246,.F.);
#3566=ORIENTED_EDGE('',*,*,#2500,.F.);
#3567=ORIENTED_EDGE('',*,*,#2196,.F.);
#3568=ORIENTED_EDGE('',*,*,#2501,.F.);
#3569=ORIENTED_EDGE('',*,*,#2194,.F.);
#3570=ORIENTED_EDGE('',*,*,#1977,.F.);
#3571=ORIENTED_EDGE('',*,*,#2248,.T.);
#3572=ORIENTED_EDGE('',*,*,#2502,.T.);
#3573=ORIENTED_EDGE('',*,*,#2247,.T.);
#3574=ORIENTED_EDGE('',*,*,#2501,.T.);
#3575=ORIENTED_EDGE('',*,*,#2195,.F.);
#3576=ORIENTED_EDGE('',*,*,#2502,.F.);
#3577=ORIENTED_EDGE('',*,*,#2207,.T.);
#3578=ORIENTED_EDGE('',*,*,#2503,.F.);
#3579=ORIENTED_EDGE('',*,*,#2235,.F.);
#3580=ORIENTED_EDGE('',*,*,#1963,.T.);
#3581=ORIENTED_EDGE('',*,*,#2206,.T.);
#3582=ORIENTED_EDGE('',*,*,#2504,.T.);
#3583=ORIENTED_EDGE('',*,*,#2236,.F.);
#3584=ORIENTED_EDGE('',*,*,#2503,.T.);
#3585=ORIENTED_EDGE('',*,*,#2237,.F.);
#3586=ORIENTED_EDGE('',*,*,#2504,.F.);
#3587=ORIENTED_EDGE('',*,*,#2205,.F.);
#3588=ORIENTED_EDGE('',*,*,#2505,.F.);
#3589=ORIENTED_EDGE('',*,*,#2238,.F.);
#3590=ORIENTED_EDGE('',*,*,#2505,.T.);
#3591=ORIENTED_EDGE('',*,*,#2204,.T.);
#3592=ORIENTED_EDGE('',*,*,#2506,.T.);
#3593=ORIENTED_EDGE('',*,*,#2239,.F.);
#3594=ORIENTED_EDGE('',*,*,#2506,.F.);
#3595=ORIENTED_EDGE('',*,*,#2203,.F.);
#3596=ORIENTED_EDGE('',*,*,#2507,.F.);
#3597=ORIENTED_EDGE('',*,*,#2201,.F.);
#3598=ORIENTED_EDGE('',*,*,#1973,.F.);
#3599=ORIENTED_EDGE('',*,*,#2241,.T.);
#3600=ORIENTED_EDGE('',*,*,#2508,.T.);
#3601=ORIENTED_EDGE('',*,*,#2240,.T.);
#3602=ORIENTED_EDGE('',*,*,#2507,.T.);
#3603=ORIENTED_EDGE('',*,*,#2202,.F.);
#3604=ORIENTED_EDGE('',*,*,#2508,.F.);
#3605=ORIENTED_EDGE('',*,*,#2067,.T.);
#3606=ORIENTED_EDGE('',*,*,#2509,.F.);
#3607=ORIENTED_EDGE('',*,*,#2375,.F.);
#3608=ORIENTED_EDGE('',*,*,#2042,.T.);
#3609=ORIENTED_EDGE('',*,*,#2066,.T.);
#3610=ORIENTED_EDGE('',*,*,#2510,.T.);
#3611=ORIENTED_EDGE('',*,*,#2376,.F.);
#3612=ORIENTED_EDGE('',*,*,#2509,.T.);
#3613=ORIENTED_EDGE('',*,*,#2377,.F.);
#3614=ORIENTED_EDGE('',*,*,#2510,.F.);
#3615=ORIENTED_EDGE('',*,*,#2065,.F.);
#3616=ORIENTED_EDGE('',*,*,#2511,.F.);
#3617=ORIENTED_EDGE('',*,*,#2378,.F.);
#3618=ORIENTED_EDGE('',*,*,#2511,.T.);
#3619=ORIENTED_EDGE('',*,*,#2064,.T.);
#3620=ORIENTED_EDGE('',*,*,#2512,.T.);
#3621=ORIENTED_EDGE('',*,*,#2379,.F.);
#3622=ORIENTED_EDGE('',*,*,#2512,.F.);
#3623=ORIENTED_EDGE('',*,*,#2063,.F.);
#3624=ORIENTED_EDGE('',*,*,#2513,.F.);
#3625=ORIENTED_EDGE('',*,*,#2061,.F.);
#3626=ORIENTED_EDGE('',*,*,#1972,.F.);
#3627=ORIENTED_EDGE('',*,*,#2381,.T.);
#3628=ORIENTED_EDGE('',*,*,#2514,.T.);
#3629=ORIENTED_EDGE('',*,*,#2380,.T.);
#3630=ORIENTED_EDGE('',*,*,#2513,.T.);
#3631=ORIENTED_EDGE('',*,*,#2062,.F.);
#3632=ORIENTED_EDGE('',*,*,#2514,.F.);
#3633=ORIENTED_EDGE('',*,*,#2060,.T.);
#3634=ORIENTED_EDGE('',*,*,#2515,.F.);
#3635=ORIENTED_EDGE('',*,*,#2382,.F.);
#3636=ORIENTED_EDGE('',*,*,#1970,.T.);
#3637=ORIENTED_EDGE('',*,*,#2059,.T.);
#3638=ORIENTED_EDGE('',*,*,#2516,.T.);
#3639=ORIENTED_EDGE('',*,*,#2383,.F.);
#3640=ORIENTED_EDGE('',*,*,#2515,.T.);
#3641=ORIENTED_EDGE('',*,*,#2384,.F.);
#3642=ORIENTED_EDGE('',*,*,#2516,.F.);
#3643=ORIENTED_EDGE('',*,*,#2058,.F.);
#3644=ORIENTED_EDGE('',*,*,#2517,.F.);
#3645=ORIENTED_EDGE('',*,*,#2385,.F.);
#3646=ORIENTED_EDGE('',*,*,#2517,.T.);
#3647=ORIENTED_EDGE('',*,*,#2057,.T.);
#3648=ORIENTED_EDGE('',*,*,#2518,.T.);
#3649=ORIENTED_EDGE('',*,*,#2386,.F.);
#3650=ORIENTED_EDGE('',*,*,#2518,.F.);
#3651=ORIENTED_EDGE('',*,*,#2056,.F.);
#3652=ORIENTED_EDGE('',*,*,#2519,.F.);
#3653=ORIENTED_EDGE('',*,*,#2054,.F.);
#3654=ORIENTED_EDGE('',*,*,#1968,.F.);
#3655=ORIENTED_EDGE('',*,*,#2388,.T.);
#3656=ORIENTED_EDGE('',*,*,#2520,.T.);
#3657=ORIENTED_EDGE('',*,*,#2387,.T.);
#3658=ORIENTED_EDGE('',*,*,#2519,.T.);
#3659=ORIENTED_EDGE('',*,*,#2055,.F.);
#3660=ORIENTED_EDGE('',*,*,#2520,.F.);
#3661=ORIENTED_EDGE('',*,*,#2214,.T.);
#3662=ORIENTED_EDGE('',*,*,#2521,.F.);
#3663=ORIENTED_EDGE('',*,*,#2228,.F.);
#3664=ORIENTED_EDGE('',*,*,#1959,.T.);
#3665=ORIENTED_EDGE('',*,*,#2213,.T.);
#3666=ORIENTED_EDGE('',*,*,#2522,.T.);
#3667=ORIENTED_EDGE('',*,*,#2229,.F.);
#3668=ORIENTED_EDGE('',*,*,#2521,.T.);
#3669=ORIENTED_EDGE('',*,*,#2230,.F.);
#3670=ORIENTED_EDGE('',*,*,#2522,.F.);
#3671=ORIENTED_EDGE('',*,*,#2212,.F.);
#3672=ORIENTED_EDGE('',*,*,#2523,.F.);
#3673=ORIENTED_EDGE('',*,*,#2231,.F.);
#3674=ORIENTED_EDGE('',*,*,#2523,.T.);
#3675=ORIENTED_EDGE('',*,*,#2211,.T.);
#3676=ORIENTED_EDGE('',*,*,#2524,.T.);
#3677=ORIENTED_EDGE('',*,*,#2232,.F.);
#3678=ORIENTED_EDGE('',*,*,#2524,.F.);
#3679=ORIENTED_EDGE('',*,*,#2210,.F.);
#3680=ORIENTED_EDGE('',*,*,#2525,.F.);
#3681=ORIENTED_EDGE('',*,*,#2208,.F.);
#3682=ORIENTED_EDGE('',*,*,#1961,.F.);
#3683=ORIENTED_EDGE('',*,*,#2234,.T.);
#3684=ORIENTED_EDGE('',*,*,#2526,.T.);
#3685=ORIENTED_EDGE('',*,*,#2233,.T.);
#3686=ORIENTED_EDGE('',*,*,#2525,.T.);
#3687=ORIENTED_EDGE('',*,*,#2209,.F.);
#3688=ORIENTED_EDGE('',*,*,#2526,.F.);
#3689=ORIENTED_EDGE('',*,*,#2053,.T.);
#3690=ORIENTED_EDGE('',*,*,#2527,.F.);
#3691=ORIENTED_EDGE('',*,*,#2221,.F.);
#3692=ORIENTED_EDGE('',*,*,#1966,.T.);
#3693=ORIENTED_EDGE('',*,*,#2220,.T.);
#3694=ORIENTED_EDGE('',*,*,#2528,.T.);
#3695=ORIENTED_EDGE('',*,*,#2222,.F.);
#3696=ORIENTED_EDGE('',*,*,#2527,.T.);
#3697=ORIENTED_EDGE('',*,*,#2223,.F.);
#3698=ORIENTED_EDGE('',*,*,#2528,.F.);
#3699=ORIENTED_EDGE('',*,*,#2219,.F.);
#3700=ORIENTED_EDGE('',*,*,#2529,.F.);
#3701=ORIENTED_EDGE('',*,*,#2224,.F.);
#3702=ORIENTED_EDGE('',*,*,#2529,.T.);
#3703=ORIENTED_EDGE('',*,*,#2218,.T.);
#3704=ORIENTED_EDGE('',*,*,#2530,.T.);
#3705=ORIENTED_EDGE('',*,*,#2225,.F.);
#3706=ORIENTED_EDGE('',*,*,#2530,.F.);
#3707=ORIENTED_EDGE('',*,*,#2217,.F.);
#3708=ORIENTED_EDGE('',*,*,#2531,.F.);
#3709=ORIENTED_EDGE('',*,*,#2215,.F.);
#3710=ORIENTED_EDGE('',*,*,#1957,.F.);
#3711=ORIENTED_EDGE('',*,*,#2227,.T.);
#3712=ORIENTED_EDGE('',*,*,#2532,.T.);
#3713=ORIENTED_EDGE('',*,*,#2226,.T.);
#3714=ORIENTED_EDGE('',*,*,#2531,.T.);
#3715=ORIENTED_EDGE('',*,*,#2216,.F.);
#3716=ORIENTED_EDGE('',*,*,#2532,.F.);
#3717=ORIENTED_EDGE('',*,*,#1954,.T.);
#3718=ORIENTED_EDGE('',*,*,#1950,.F.);
#3719=ORIENTED_EDGE('',*,*,#1953,.T.);
#3720=ORIENTED_EDGE('',*,*,#1948,.T.);
#3721=ORIENTED_EDGE('',*,*,#1943,.T.);
#3722=ORIENTED_EDGE('',*,*,#1940,.T.);
#3723=CONICAL_SURFACE('',#3947,1.05,0.785398163397447);
#3724=CONICAL_SURFACE('',#3950,1.05,0.785398163397447);
#3725=ADVANCED_FACE('',(#332),#3723,.T.);
#3726=ADVANCED_FACE('',(#333),#3724,.T.);
#3727=ADVANCED_FACE('',(#334),#231,.T.);
#3728=ADVANCED_FACE('',(#335),#232,.T.);
#3729=ADVANCED_FACE('',(#336),#233,.F.);
#3730=ADVANCED_FACE('',(#337),#234,.T.);
#3731=ADVANCED_FACE('',(#338),#235,.F.);
#3732=ADVANCED_FACE('',(#339),#236,.T.);
#3733=ADVANCED_FACE('',(#340),#237,.T.);
#3734=ADVANCED_FACE('',(#341),#238,.T.);
#3735=ADVANCED_FACE('',(#342),#239,.T.);
#3736=ADVANCED_FACE('',(#343),#240,.T.);
#3737=ADVANCED_FACE('',(#344),#241,.T.);
#3738=ADVANCED_FACE('',(#345),#242,.T.);
#3739=ADVANCED_FACE('',(#346),#243,.T.);
#3740=ADVANCED_FACE('',(#347),#244,.T.);
#3741=ADVANCED_FACE('',(#348),#245,.T.);
#3742=ADVANCED_FACE('',(#349),#246,.T.);
#3743=ADVANCED_FACE('',(#350),#247,.T.);
#3744=ADVANCED_FACE('',(#351),#248,.T.);
#3745=ADVANCED_FACE('',(#352),#249,.T.);
#3746=ADVANCED_FACE('',(#353),#250,.T.);
#3747=ADVANCED_FACE('',(#354),#251,.T.);
#3748=ADVANCED_FACE('',(#355),#252,.T.);
#3749=ADVANCED_FACE('',(#356),#253,.T.);
#3750=ADVANCED_FACE('',(#357),#254,.T.);
#3751=ADVANCED_FACE('',(#358),#255,.T.);
#3752=ADVANCED_FACE('',(#359),#256,.T.);
#3753=ADVANCED_FACE('',(#360),#257,.T.);
#3754=ADVANCED_FACE('',(#361),#258,.T.);
#3755=ADVANCED_FACE('',(#362),#259,.T.);
#3756=ADVANCED_FACE('',(#363,#75,#76,#77),#177,.T.);
#3757=ADVANCED_FACE('',(#364,#78),#178,.F.);
#3758=ADVANCED_FACE('',(#365),#260,.T.);
#3759=ADVANCED_FACE('',(#366),#179,.F.);
#3760=ADVANCED_FACE('',(#367),#27,.F.);
#3761=ADVANCED_FACE('',(#368),#28,.T.);
#3762=ADVANCED_FACE('',(#369),#180,.T.);
#3763=ADVANCED_FACE('',(#370),#261,.F.);
#3764=ADVANCED_FACE('',(#371),#262,.F.);
#3765=ADVANCED_FACE('',(#372),#29,.F.);
#3766=ADVANCED_FACE('',(#373),#181,.F.);
#3767=ADVANCED_FACE('',(#374),#263,.F.);
#3768=ADVANCED_FACE('',(#375),#264,.T.);
#3769=ADVANCED_FACE('',(#376),#265,.F.);
#3770=ADVANCED_FACE('',(#377),#30,.T.);
#3771=ADVANCED_FACE('',(#378),#182,.T.);
#3772=ADVANCED_FACE('',(#379),#31,.F.);
#3773=ADVANCED_FACE('',(#380),#183,.F.);
#3774=ADVANCED_FACE('',(#381),#266,.F.);
#3775=ADVANCED_FACE('',(#382),#267,.T.);
#3776=ADVANCED_FACE('',(#383),#268,.F.);
#3777=ADVANCED_FACE('',(#384),#32,.T.);
#3778=ADVANCED_FACE('',(#385),#184,.T.);
#3779=ADVANCED_FACE('',(#386),#33,.F.);
#3780=ADVANCED_FACE('',(#387),#185,.F.);
#3781=ADVANCED_FACE('',(#388),#269,.F.);
#3782=ADVANCED_FACE('',(#389),#270,.T.);
#3783=ADVANCED_FACE('',(#390),#271,.F.);
#3784=ADVANCED_FACE('',(#391),#34,.T.);
#3785=ADVANCED_FACE('',(#392),#186,.T.);
#3786=ADVANCED_FACE('',(#393),#35,.F.);
#3787=ADVANCED_FACE('',(#394),#187,.F.);
#3788=ADVANCED_FACE('',(#395),#272,.F.);
#3789=ADVANCED_FACE('',(#396),#273,.T.);
#3790=ADVANCED_FACE('',(#397),#274,.F.);
#3791=ADVANCED_FACE('',(#398),#36,.T.);
#3792=ADVANCED_FACE('',(#399),#188,.T.);
#3793=ADVANCED_FACE('',(#400),#37,.F.);
#3794=ADVANCED_FACE('',(#401),#189,.F.);
#3795=ADVANCED_FACE('',(#402),#275,.F.);
#3796=ADVANCED_FACE('',(#403),#276,.T.);
#3797=ADVANCED_FACE('',(#404),#277,.F.);
#3798=ADVANCED_FACE('',(#405),#38,.T.);
#3799=ADVANCED_FACE('',(#406),#190,.T.);
#3800=ADVANCED_FACE('',(#407),#39,.F.);
#3801=ADVANCED_FACE('',(#408),#191,.F.);
#3802=ADVANCED_FACE('',(#409),#278,.F.);
#3803=ADVANCED_FACE('',(#410),#279,.T.);
#3804=ADVANCED_FACE('',(#411),#280,.F.);
#3805=ADVANCED_FACE('',(#412),#40,.T.);
#3806=ADVANCED_FACE('',(#413),#192,.T.);
#3807=ADVANCED_FACE('',(#414),#41,.F.);
#3808=ADVANCED_FACE('',(#415),#193,.F.);
#3809=ADVANCED_FACE('',(#416),#281,.F.);
#3810=ADVANCED_FACE('',(#417),#282,.T.);
#3811=ADVANCED_FACE('',(#418),#283,.F.);
#3812=ADVANCED_FACE('',(#419),#42,.T.);
#3813=ADVANCED_FACE('',(#420),#194,.T.);
#3814=ADVANCED_FACE('',(#421),#43,.F.);
#3815=ADVANCED_FACE('',(#422),#195,.F.);
#3816=ADVANCED_FACE('',(#423),#284,.F.);
#3817=ADVANCED_FACE('',(#424),#285,.T.);
#3818=ADVANCED_FACE('',(#425),#286,.F.);
#3819=ADVANCED_FACE('',(#426),#44,.T.);
#3820=ADVANCED_FACE('',(#427),#196,.T.);
#3821=ADVANCED_FACE('',(#428),#45,.F.);
#3822=ADVANCED_FACE('',(#429),#197,.F.);
#3823=ADVANCED_FACE('',(#430),#287,.F.);
#3824=ADVANCED_FACE('',(#431),#288,.T.);
#3825=ADVANCED_FACE('',(#432),#289,.F.);
#3826=ADVANCED_FACE('',(#433),#46,.T.);
#3827=ADVANCED_FACE('',(#434),#198,.T.);
#3828=ADVANCED_FACE('',(#435),#47,.F.);
#3829=ADVANCED_FACE('',(#436),#199,.F.);
#3830=ADVANCED_FACE('',(#437),#290,.F.);
#3831=ADVANCED_FACE('',(#438),#291,.T.);
#3832=ADVANCED_FACE('',(#439),#292,.F.);
#3833=ADVANCED_FACE('',(#440),#48,.T.);
#3834=ADVANCED_FACE('',(#441),#200,.T.);
#3835=ADVANCED_FACE('',(#442),#49,.F.);
#3836=ADVANCED_FACE('',(#443),#201,.F.);
#3837=ADVANCED_FACE('',(#444),#293,.F.);
#3838=ADVANCED_FACE('',(#445),#294,.T.);
#3839=ADVANCED_FACE('',(#446),#295,.F.);
#3840=ADVANCED_FACE('',(#447),#50,.T.);
#3841=ADVANCED_FACE('',(#448),#202,.T.);
#3842=ADVANCED_FACE('',(#449),#51,.F.);
#3843=ADVANCED_FACE('',(#450),#203,.F.);
#3844=ADVANCED_FACE('',(#451),#296,.F.);
#3845=ADVANCED_FACE('',(#452),#297,.T.);
#3846=ADVANCED_FACE('',(#453),#298,.F.);
#3847=ADVANCED_FACE('',(#454),#52,.T.);
#3848=ADVANCED_FACE('',(#455),#204,.T.);
#3849=ADVANCED_FACE('',(#456),#53,.F.);
#3850=ADVANCED_FACE('',(#457),#205,.F.);
#3851=ADVANCED_FACE('',(#458),#299,.F.);
#3852=ADVANCED_FACE('',(#459),#300,.T.);
#3853=ADVANCED_FACE('',(#460),#301,.F.);
#3854=ADVANCED_FACE('',(#461),#54,.T.);
#3855=ADVANCED_FACE('',(#462),#206,.T.);
#3856=ADVANCED_FACE('',(#463),#55,.F.);
#3857=ADVANCED_FACE('',(#464),#207,.F.);
#3858=ADVANCED_FACE('',(#465),#302,.F.);
#3859=ADVANCED_FACE('',(#466),#303,.T.);
#3860=ADVANCED_FACE('',(#467),#304,.F.);
#3861=ADVANCED_FACE('',(#468),#56,.T.);
#3862=ADVANCED_FACE('',(#469),#208,.T.);
#3863=ADVANCED_FACE('',(#470),#57,.F.);
#3864=ADVANCED_FACE('',(#471),#209,.F.);
#3865=ADVANCED_FACE('',(#472),#305,.F.);
#3866=ADVANCED_FACE('',(#473),#306,.T.);
#3867=ADVANCED_FACE('',(#474),#307,.F.);
#3868=ADVANCED_FACE('',(#475),#58,.T.);
#3869=ADVANCED_FACE('',(#476),#210,.T.);
#3870=ADVANCED_FACE('',(#477),#59,.F.);
#3871=ADVANCED_FACE('',(#478),#211,.F.);
#3872=ADVANCED_FACE('',(#479),#308,.F.);
#3873=ADVANCED_FACE('',(#480),#309,.T.);
#3874=ADVANCED_FACE('',(#481),#310,.F.);
#3875=ADVANCED_FACE('',(#482),#60,.T.);
#3876=ADVANCED_FACE('',(#483),#212,.T.);
#3877=ADVANCED_FACE('',(#484),#61,.F.);
#3878=ADVANCED_FACE('',(#485),#213,.F.);
#3879=ADVANCED_FACE('',(#486),#311,.F.);
#3880=ADVANCED_FACE('',(#487),#312,.T.);
#3881=ADVANCED_FACE('',(#488),#313,.F.);
#3882=ADVANCED_FACE('',(#489),#62,.T.);
#3883=ADVANCED_FACE('',(#490),#214,.T.);
#3884=ADVANCED_FACE('',(#491),#63,.F.);
#3885=ADVANCED_FACE('',(#492),#215,.F.);
#3886=ADVANCED_FACE('',(#493),#314,.F.);
#3887=ADVANCED_FACE('',(#494),#315,.T.);
#3888=ADVANCED_FACE('',(#495),#316,.F.);
#3889=ADVANCED_FACE('',(#496),#64,.T.);
#3890=ADVANCED_FACE('',(#497),#216,.T.);
#3891=ADVANCED_FACE('',(#498),#65,.F.);
#3892=ADVANCED_FACE('',(#499),#217,.F.);
#3893=ADVANCED_FACE('',(#500),#317,.F.);
#3894=ADVANCED_FACE('',(#501),#318,.T.);
#3895=ADVANCED_FACE('',(#502),#319,.F.);
#3896=ADVANCED_FACE('',(#503),#66,.T.);
#3897=ADVANCED_FACE('',(#504),#218,.T.);
#3898=ADVANCED_FACE('',(#505),#67,.F.);
#3899=ADVANCED_FACE('',(#506),#219,.F.);
#3900=ADVANCED_FACE('',(#507),#320,.F.);
#3901=ADVANCED_FACE('',(#508),#321,.T.);
#3902=ADVANCED_FACE('',(#509),#322,.F.);
#3903=ADVANCED_FACE('',(#510),#68,.T.);
#3904=ADVANCED_FACE('',(#511),#220,.T.);
#3905=ADVANCED_FACE('',(#512),#69,.F.);
#3906=ADVANCED_FACE('',(#513),#221,.F.);
#3907=ADVANCED_FACE('',(#514),#323,.F.);
#3908=ADVANCED_FACE('',(#515),#324,.T.);
#3909=ADVANCED_FACE('',(#516),#325,.F.);
#3910=ADVANCED_FACE('',(#517),#70,.T.);
#3911=ADVANCED_FACE('',(#518),#222,.T.);
#3912=ADVANCED_FACE('',(#519),#71,.F.);
#3913=ADVANCED_FACE('',(#520),#223,.F.);
#3914=ADVANCED_FACE('',(#521),#326,.F.);
#3915=ADVANCED_FACE('',(#522),#327,.T.);
#3916=ADVANCED_FACE('',(#523),#328,.F.);
#3917=ADVANCED_FACE('',(#524),#72,.T.);
#3918=ADVANCED_FACE('',(#525),#224,.T.);
#3919=ADVANCED_FACE('',(#526),#73,.F.);
#3920=ADVANCED_FACE('',(#527),#225,.F.);
#3921=ADVANCED_FACE('',(#528),#329,.F.);
#3922=ADVANCED_FACE('',(#529),#330,.T.);
#3923=ADVANCED_FACE('',(#530),#331,.F.);
#3924=ADVANCED_FACE('',(#531),#74,.T.);
#3925=ADVANCED_FACE('',(#532),#226,.T.);
#3926=ADVANCED_FACE('',(#533,#79),#227,.T.);
#3927=ADVANCED_FACE('',(#534,#80),#228,.T.);
#3928=ADVANCED_FACE('',(#535),#229,.T.);
#3929=ADVANCED_FACE('',(#536),#230,.T.);
#3930=CLOSED_SHELL('',(#3725,#3726,#3727,#3728,#3729,#3730,#3731,#3732,
#3733,#3734,#3735,#3736,#3737,#3738,#3739,#3740,#3741,#3742,#3743,#3744,
#3745,#3746,#3747,#3748,#3749,#3750,#3751,#3752,#3753,#3754,#3755,#3756,
#3757,#3758,#3759,#3760,#3761,#3762,#3763,#3764,#3765,#3766,#3767,#3768,
#3769,#3770,#3771,#3772,#3773,#3774,#3775,#3776,#3777,#3778,#3779,#3780,
#3781,#3782,#3783,#3784,#3785,#3786,#3787,#3788,#3789,#3790,#3791,#3792,
#3793,#3794,#3795,#3796,#3797,#3798,#3799,#3800,#3801,#3802,#3803,#3804,
#3805,#3806,#3807,#3808,#3809,#3810,#3811,#3812,#3813,#3814,#3815,#3816,
#3817,#3818,#3819,#3820,#3821,#3822,#3823,#3824,#3825,#3826,#3827,#3828,
#3829,#3830,#3831,#3832,#3833,#3834,#3835,#3836,#3837,#3838,#3839,#3840,
#3841,#3842,#3843,#3844,#3845,#3846,#3847,#3848,#3849,#3850,#3851,#3852,
#3853,#3854,#3855,#3856,#3857,#3858,#3859,#3860,#3861,#3862,#3863,#3864,
#3865,#3866,#3867,#3868,#3869,#3870,#3871,#3872,#3873,#3874,#3875,#3876,
#3877,#3878,#3879,#3880,#3881,#3882,#3883,#3884,#3885,#3886,#3887,#3888,
#3889,#3890,#3891,#3892,#3893,#3894,#3895,#3896,#3897,#3898,#3899,#3900,
#3901,#3902,#3903,#3904,#3905,#3906,#3907,#3908,#3909,#3910,#3911,#3912,
#3913,#3914,#3915,#3916,#3917,#3918,#3919,#3920,#3921,#3922,#3923,#3924,
#3925,#3926,#3927,#3928,#3929));
#3931=DERIVED_UNIT_ELEMENT(#3933,1.);
#3932=DERIVED_UNIT_ELEMENT(#8332,-3.);
#3933=(
MASS_UNIT()
NAMED_UNIT(*)
SI_UNIT(.KILO.,.GRAM.)
);
#3934=DERIVED_UNIT((#3931,#3932));
#3935=MEASURE_REPRESENTATION_ITEM('density measure',
POSITIVE_RATIO_MEASURE(7850.),#3934);
#3936=PROPERTY_DEFINITION_REPRESENTATION(#3941,#3938);
#3937=PROPERTY_DEFINITION_REPRESENTATION(#3942,#3939);
#3938=REPRESENTATION('material name',(#3940),#8329);
#3939=REPRESENTATION('density',(#3935),#8329);
#3940=DESCRIPTIVE_REPRESENTATION_ITEM('Steel','Steel');
#3941=PROPERTY_DEFINITION('material property','material name',#8354);
#3942=PROPERTY_DEFINITION('material property','density of part',#8354);
#3943=AXIS2_PLACEMENT_3D('',#5342,#4311,#4312);
#3944=AXIS2_PLACEMENT_3D('',#5343,#4313,#4314);
#3945=AXIS2_PLACEMENT_3D('',#5344,#4315,#4316);
#3946=AXIS2_PLACEMENT_3D('',#5345,#4317,#4318);
#3947=AXIS2_PLACEMENT_3D('',#5346,#4319,#4320);
#3948=AXIS2_PLACEMENT_3D('',#5348,#4321,#4322);
#3949=AXIS2_PLACEMENT_3D('',#5351,#4324,#4325);
#3950=AXIS2_PLACEMENT_3D('',#5352,#4326,#4327);
#3951=AXIS2_PLACEMENT_3D('',#5354,#4328,#4329);
#3952=AXIS2_PLACEMENT_3D('',#5357,#4331,#4332);
#3953=AXIS2_PLACEMENT_3D('',#5358,#4333,#4334);
#3954=AXIS2_PLACEMENT_3D('',#5360,#4335,#4336);
#3955=AXIS2_PLACEMENT_3D('',#5362,#4338,#4339);
#3956=AXIS2_PLACEMENT_3D('',#5364,#4340,#4341);
#3957=AXIS2_PLACEMENT_3D('',#5366,#4343,#4344);
#3958=AXIS2_PLACEMENT_3D('',#5368,#4345,#4346);
#3959=AXIS2_PLACEMENT_3D('',#5371,#4348,#4349);
#3960=AXIS2_PLACEMENT_3D('',#5372,#4350,#4351);
#3961=AXIS2_PLACEMENT_3D('',#5374,#4352,#4353);
#3962=AXIS2_PLACEMENT_3D('',#5377,#4355,#4356);
#3963=AXIS2_PLACEMENT_3D('',#5378,#4357,#4358);
#3964=AXIS2_PLACEMENT_3D('',#5380,#4359,#4360);
#3965=AXIS2_PLACEMENT_3D('',#5383,#4362,#4363);
#3966=AXIS2_PLACEMENT_3D('',#5384,#4364,#4365);
#3967=AXIS2_PLACEMENT_3D('',#5389,#4367,#4368);
#3968=AXIS2_PLACEMENT_3D('',#5392,#4370,#4371);
#3969=AXIS2_PLACEMENT_3D('',#5393,#4372,#4373);
#3970=AXIS2_PLACEMENT_3D('',#5398,#4375,#4376);
#3971=AXIS2_PLACEMENT_3D('',#5401,#4378,#4379);
#3972=AXIS2_PLACEMENT_3D('',#5402,#4380,#4381);
#3973=AXIS2_PLACEMENT_3D('',#5405,#4382,#4383);
#3974=AXIS2_PLACEMENT_3D('',#5409,#4385,#4386);
#3975=AXIS2_PLACEMENT_3D('',#5411,#4388,#4389);
#3976=AXIS2_PLACEMENT_3D('',#5414,#4390,#4391);
#3977=AXIS2_PLACEMENT_3D('',#5418,#4393,#4394);
#3978=AXIS2_PLACEMENT_3D('',#5420,#4396,#4397);
#3979=AXIS2_PLACEMENT_3D('',#5425,#4399,#4400);
#3980=AXIS2_PLACEMENT_3D('',#5428,#4402,#4403);
#3981=AXIS2_PLACEMENT_3D('',#5429,#4404,#4405);
#3982=AXIS2_PLACEMENT_3D('',#5434,#4407,#4408);
#3983=AXIS2_PLACEMENT_3D('',#5437,#4410,#4411);
#3984=AXIS2_PLACEMENT_3D('',#5438,#4412,#4413);
#3985=AXIS2_PLACEMENT_3D('',#5443,#4415,#4416);
#3986=AXIS2_PLACEMENT_3D('',#5446,#4418,#4419);
#3987=AXIS2_PLACEMENT_3D('',#5447,#4420,#4421);
#3988=AXIS2_PLACEMENT_3D('',#5452,#4423,#4424);
#3989=AXIS2_PLACEMENT_3D('',#5455,#4426,#4427);
#3990=AXIS2_PLACEMENT_3D('',#5456,#4428,#4429);
#3991=AXIS2_PLACEMENT_3D('',#5461,#4431,#4432);
#3992=AXIS2_PLACEMENT_3D('',#5464,#4434,#4435);
#3993=AXIS2_PLACEMENT_3D('',#5465,#4436,#4437);
#3994=AXIS2_PLACEMENT_3D('',#5468,#4438,#4439);
#3995=AXIS2_PLACEMENT_3D('',#5472,#4441,#4442);
#3996=AXIS2_PLACEMENT_3D('',#5474,#4444,#4445);
#3997=AXIS2_PLACEMENT_3D('',#5479,#4447,#4448);
#3998=AXIS2_PLACEMENT_3D('',#5482,#4450,#4451);
#3999=AXIS2_PLACEMENT_3D('',#5483,#4452,#4453);
#4000=AXIS2_PLACEMENT_3D('',#5488,#4455,#4456);
#4001=AXIS2_PLACEMENT_3D('',#5491,#4458,#4459);
#4002=AXIS2_PLACEMENT_3D('',#5492,#4460,#4461);
#4003=AXIS2_PLACEMENT_3D('',#5497,#4463,#4464);
#4004=AXIS2_PLACEMENT_3D('',#5500,#4466,#4467);
#4005=AXIS2_PLACEMENT_3D('',#5501,#4468,#4469);
#4006=AXIS2_PLACEMENT_3D('',#5506,#4471,#4472);
#4007=AXIS2_PLACEMENT_3D('',#5509,#4474,#4475);
#4008=AXIS2_PLACEMENT_3D('',#5510,#4476,#4477);
#4009=AXIS2_PLACEMENT_3D('',#5513,#4478,#4479);
#4010=AXIS2_PLACEMENT_3D('',#5517,#4481,#4482);
#4011=AXIS2_PLACEMENT_3D('',#5519,#4484,#4485);
#4012=AXIS2_PLACEMENT_3D('',#5522,#4486,#4487);
#4013=AXIS2_PLACEMENT_3D('',#5526,#4489,#4490);
#4014=AXIS2_PLACEMENT_3D('',#5528,#4492,#4493);
#4015=AXIS2_PLACEMENT_3D('',#5533,#4495,#4496);
#4016=AXIS2_PLACEMENT_3D('',#5536,#4498,#4499);
#4017=AXIS2_PLACEMENT_3D('',#5537,#4500,#4501);
#4018=AXIS2_PLACEMENT_3D('',#5542,#4503,#4504);
#4019=AXIS2_PLACEMENT_3D('',#5545,#4506,#4507);
#4020=AXIS2_PLACEMENT_3D('',#5546,#4508,#4509);
#4021=AXIS2_PLACEMENT_3D('',#5551,#4511,#4512);
#4022=AXIS2_PLACEMENT_3D('',#5554,#4514,#4515);
#4023=AXIS2_PLACEMENT_3D('',#5555,#4516,#4517);
#4024=AXIS2_PLACEMENT_3D('',#5558,#4518,#4519);
#4025=AXIS2_PLACEMENT_3D('',#5562,#4521,#4522);
#4026=AXIS2_PLACEMENT_3D('',#5564,#4524,#4525);
#4027=AXIS2_PLACEMENT_3D('',#5569,#4527,#4528);
#4028=AXIS2_PLACEMENT_3D('',#5572,#4530,#4531);
#4029=AXIS2_PLACEMENT_3D('',#5573,#4532,#4533);
#4030=AXIS2_PLACEMENT_3D('',#5576,#4534,#4535);
#4031=AXIS2_PLACEMENT_3D('',#5580,#4537,#4538);
#4032=AXIS2_PLACEMENT_3D('',#5582,#4540,#4541);
#4033=AXIS2_PLACEMENT_3D('',#5587,#4543,#4544);
#4034=AXIS2_PLACEMENT_3D('',#5590,#4546,#4547);
#4035=AXIS2_PLACEMENT_3D('',#5591,#4548,#4549);
#4036=AXIS2_PLACEMENT_3D('',#5594,#4550,#4551);
#4037=AXIS2_PLACEMENT_3D('',#5598,#4553,#4554);
#4038=AXIS2_PLACEMENT_3D('',#5600,#4556,#4557);
#4039=AXIS2_PLACEMENT_3D('',#5626,#4559,#4560);
#4040=AXIS2_PLACEMENT_3D('',#5628,#4561,#4562);
#4041=AXIS2_PLACEMENT_3D('',#5630,#4563,#4564);
#4042=AXIS2_PLACEMENT_3D('',#5657,#4567,#4568);
#4043=AXIS2_PLACEMENT_3D('',#5659,#4569,#4570);
#4044=AXIS2_PLACEMENT_3D('',#5661,#4571,#4572);
#4045=AXIS2_PLACEMENT_3D('',#5688,#4575,#4576);
#4046=AXIS2_PLACEMENT_3D('',#5690,#4577,#4578);
#4047=AXIS2_PLACEMENT_3D('',#5692,#4579,#4580);
#4048=AXIS2_PLACEMENT_3D('',#5719,#4583,#4584);
#4049=AXIS2_PLACEMENT_3D('',#5721,#4585,#4586);
#4050=AXIS2_PLACEMENT_3D('',#5723,#4587,#4588);
#4051=AXIS2_PLACEMENT_3D('',#5750,#4591,#4592);
#4052=AXIS2_PLACEMENT_3D('',#5752,#4593,#4594);
#4053=AXIS2_PLACEMENT_3D('',#5754,#4595,#4596);
#4054=AXIS2_PLACEMENT_3D('',#5781,#4599,#4600);
#4055=AXIS2_PLACEMENT_3D('',#5783,#4601,#4602);
#4056=AXIS2_PLACEMENT_3D('',#5785,#4603,#4604);
#4057=AXIS2_PLACEMENT_3D('',#5812,#4607,#4608);
#4058=AXIS2_PLACEMENT_3D('',#5814,#4609,#4610);
#4059=AXIS2_PLACEMENT_3D('',#5816,#4611,#4612);
#4060=AXIS2_PLACEMENT_3D('',#5843,#4615,#4616);
#4061=AXIS2_PLACEMENT_3D('',#5845,#4617,#4618);
#4062=AXIS2_PLACEMENT_3D('',#5847,#4619,#4620);
#4063=AXIS2_PLACEMENT_3D('',#5874,#4623,#4624);
#4064=AXIS2_PLACEMENT_3D('',#5876,#4625,#4626);
#4065=AXIS2_PLACEMENT_3D('',#5878,#4627,#4628);
#4066=AXIS2_PLACEMENT_3D('',#5905,#4631,#4632);
#4067=AXIS2_PLACEMENT_3D('',#5907,#4633,#4634);
#4068=AXIS2_PLACEMENT_3D('',#5909,#4635,#4636);
#4069=AXIS2_PLACEMENT_3D('',#5936,#4639,#4640);
#4070=AXIS2_PLACEMENT_3D('',#5938,#4641,#4642);
#4071=AXIS2_PLACEMENT_3D('',#5940,#4643,#4644);
#4072=AXIS2_PLACEMENT_3D('',#5967,#4647,#4648);
#4073=AXIS2_PLACEMENT_3D('',#5969,#4649,#4650);
#4074=AXIS2_PLACEMENT_3D('',#5971,#4651,#4652);
#4075=AXIS2_PLACEMENT_3D('',#5998,#4655,#4656);
#4076=AXIS2_PLACEMENT_3D('',#6000,#4657,#4658);
#4077=AXIS2_PLACEMENT_3D('',#6002,#4659,#4660);
#4078=AXIS2_PLACEMENT_3D('',#6029,#4663,#4664);
#4079=AXIS2_PLACEMENT_3D('',#6031,#4665,#4666);
#4080=AXIS2_PLACEMENT_3D('',#6033,#4667,#4668);
#4081=AXIS2_PLACEMENT_3D('',#6060,#4671,#4672);
#4082=AXIS2_PLACEMENT_3D('',#6062,#4673,#4674);
#4083=AXIS2_PLACEMENT_3D('',#6064,#4675,#4676);
#4084=AXIS2_PLACEMENT_3D('',#6091,#4679,#4680);
#4085=AXIS2_PLACEMENT_3D('',#6093,#4681,#4682);
#4086=AXIS2_PLACEMENT_3D('',#6095,#4683,#4684);
#4087=AXIS2_PLACEMENT_3D('',#6122,#4687,#4688);
#4088=AXIS2_PLACEMENT_3D('',#6124,#4689,#4690);
#4089=AXIS2_PLACEMENT_3D('',#6126,#4691,#4692);
#4090=AXIS2_PLACEMENT_3D('',#6153,#4695,#4696);
#4091=AXIS2_PLACEMENT_3D('',#6155,#4697,#4698);
#4092=AXIS2_PLACEMENT_3D('',#6157,#4699,#4700);
#4093=AXIS2_PLACEMENT_3D('',#6184,#4703,#4704);
#4094=AXIS2_PLACEMENT_3D('',#6186,#4705,#4706);
#4095=AXIS2_PLACEMENT_3D('',#6188,#4707,#4708);
#4096=AXIS2_PLACEMENT_3D('',#6215,#4711,#4712);
#4097=AXIS2_PLACEMENT_3D('',#6217,#4713,#4714);
#4098=AXIS2_PLACEMENT_3D('',#6219,#4715,#4716);
#4099=AXIS2_PLACEMENT_3D('',#6246,#4719,#4720);
#4100=AXIS2_PLACEMENT_3D('',#6248,#4721,#4722);
#4101=AXIS2_PLACEMENT_3D('',#6250,#4723,#4724);
#4102=AXIS2_PLACEMENT_3D('',#6277,#4727,#4728);
#4103=AXIS2_PLACEMENT_3D('',#6279,#4729,#4730);
#4104=AXIS2_PLACEMENT_3D('',#6281,#4731,#4732);
#4105=AXIS2_PLACEMENT_3D('',#6308,#4735,#4736);
#4106=AXIS2_PLACEMENT_3D('',#6310,#4737,#4738);
#4107=AXIS2_PLACEMENT_3D('',#6312,#4739,#4740);
#4108=AXIS2_PLACEMENT_3D('',#6339,#4743,#4744);
#4109=AXIS2_PLACEMENT_3D('',#6341,#4745,#4746);
#4110=AXIS2_PLACEMENT_3D('',#6343,#4747,#4748);
#4111=AXIS2_PLACEMENT_3D('',#6345,#4750,#4751);
#4112=AXIS2_PLACEMENT_3D('',#6360,#4753,#4754);
#4113=AXIS2_PLACEMENT_3D('',#6362,#4755,#4756);
#4114=AXIS2_PLACEMENT_3D('',#6364,#4757,#4758);
#4115=AXIS2_PLACEMENT_3D('',#6391,#4761,#4762);
#4116=AXIS2_PLACEMENT_3D('',#6393,#4763,#4764);
#4117=AXIS2_PLACEMENT_3D('',#6395,#4765,#4766);
#4118=AXIS2_PLACEMENT_3D('',#6422,#4769,#4770);
#4119=AXIS2_PLACEMENT_3D('',#6424,#4771,#4772);
#4120=AXIS2_PLACEMENT_3D('',#6426,#4773,#4774);
#4121=AXIS2_PLACEMENT_3D('',#6453,#4777,#4778);
#4122=AXIS2_PLACEMENT_3D('',#6455,#4779,#4780);
#4123=AXIS2_PLACEMENT_3D('',#6457,#4781,#4782);
#4124=AXIS2_PLACEMENT_3D('',#6484,#4785,#4786);
#4125=AXIS2_PLACEMENT_3D('',#6486,#4787,#4788);
#4126=AXIS2_PLACEMENT_3D('',#6488,#4789,#4790);
#4127=AXIS2_PLACEMENT_3D('',#6515,#4793,#4794);
#4128=AXIS2_PLACEMENT_3D('',#6517,#4795,#4796);
#4129=AXIS2_PLACEMENT_3D('',#6519,#4797,#4798);
#4130=AXIS2_PLACEMENT_3D('',#6546,#4801,#4802);
#4131=AXIS2_PLACEMENT_3D('',#6548,#4803,#4804);
#4132=AXIS2_PLACEMENT_3D('',#6550,#4805,#4806);
#4133=AXIS2_PLACEMENT_3D('',#6577,#4809,#4810);
#4134=AXIS2_PLACEMENT_3D('',#6579,#4811,#4812);
#4135=AXIS2_PLACEMENT_3D('',#6581,#4813,#4814);
#4136=AXIS2_PLACEMENT_3D('',#6608,#4817,#4818);
#4137=AXIS2_PLACEMENT_3D('',#6610,#4819,#4820);
#4138=AXIS2_PLACEMENT_3D('',#6612,#4821,#4822);
#4139=AXIS2_PLACEMENT_3D('',#6639,#4825,#4826);
#4140=AXIS2_PLACEMENT_3D('',#6641,#4827,#4828);
#4141=AXIS2_PLACEMENT_3D('',#6643,#4829,#4830);
#4142=AXIS2_PLACEMENT_3D('',#6670,#4833,#4834);
#4143=AXIS2_PLACEMENT_3D('',#6672,#4835,#4836);
#4144=AXIS2_PLACEMENT_3D('',#6674,#4837,#4838);
#4145=AXIS2_PLACEMENT_3D('',#6701,#4841,#4842);
#4146=AXIS2_PLACEMENT_3D('',#6703,#4843,#4844);
#4147=AXIS2_PLACEMENT_3D('',#6705,#4845,#4846);
#4148=AXIS2_PLACEMENT_3D('',#6732,#4849,#4850);
#4149=AXIS2_PLACEMENT_3D('',#6734,#4851,#4852);
#4150=AXIS2_PLACEMENT_3D('',#6736,#4853,#4854);
#4151=AXIS2_PLACEMENT_3D('',#6763,#4857,#4858);
#4152=AXIS2_PLACEMENT_3D('',#6765,#4859,#4860);
#4153=AXIS2_PLACEMENT_3D('',#6767,#4861,#4862);
#4154=AXIS2_PLACEMENT_3D('',#6794,#4865,#4866);
#4155=AXIS2_PLACEMENT_3D('',#6796,#4867,#4868);
#4156=AXIS2_PLACEMENT_3D('',#6798,#4869,#4870);
#4157=AXIS2_PLACEMENT_3D('',#6825,#4873,#4874);
#4158=AXIS2_PLACEMENT_3D('',#6827,#4875,#4876);
#4159=AXIS2_PLACEMENT_3D('',#6829,#4877,#4878);
#4160=AXIS2_PLACEMENT_3D('',#6856,#4881,#4882);
#4161=AXIS2_PLACEMENT_3D('',#6858,#4883,#4884);
#4162=AXIS2_PLACEMENT_3D('',#6860,#4885,#4886);
#4163=AXIS2_PLACEMENT_3D('',#6887,#4889,#4890);
#4164=AXIS2_PLACEMENT_3D('',#6889,#4891,#4892);
#4165=AXIS2_PLACEMENT_3D('',#6891,#4893,#4894);
#4166=AXIS2_PLACEMENT_3D('',#6918,#4897,#4898);
#4167=AXIS2_PLACEMENT_3D('',#6920,#4899,#4900);
#4168=AXIS2_PLACEMENT_3D('',#6922,#4901,#4902);
#4169=AXIS2_PLACEMENT_3D('',#6949,#4905,#4906);
#4170=AXIS2_PLACEMENT_3D('',#6951,#4907,#4908);
#4171=AXIS2_PLACEMENT_3D('',#6953,#4909,#4910);
#4172=AXIS2_PLACEMENT_3D('',#6980,#4913,#4914);
#4173=AXIS2_PLACEMENT_3D('',#6982,#4915,#4916);
#4174=AXIS2_PLACEMENT_3D('',#6984,#4917,#4918);
#4175=AXIS2_PLACEMENT_3D('',#7011,#4921,#4922);
#4176=AXIS2_PLACEMENT_3D('',#7013,#4923,#4924);
#4177=AXIS2_PLACEMENT_3D('',#7015,#4925,#4926);
#4178=AXIS2_PLACEMENT_3D('',#7042,#4929,#4930);
#4179=AXIS2_PLACEMENT_3D('',#7044,#4931,#4932);
#4180=AXIS2_PLACEMENT_3D('',#7046,#4933,#4934);
#4181=AXIS2_PLACEMENT_3D('',#7073,#4937,#4938);
#4182=AXIS2_PLACEMENT_3D('',#7075,#4939,#4940);
#4183=AXIS2_PLACEMENT_3D('',#7077,#4941,#4942);
#4184=AXIS2_PLACEMENT_3D('',#7090,#4944,#4945);
#4185=AXIS2_PLACEMENT_3D('',#7093,#4948,#4949);
#4186=AXIS2_PLACEMENT_3D('',#7137,#4953,#4954);
#4187=AXIS2_PLACEMENT_3D('',#7139,#4956,#4957);
#4188=AXIS2_PLACEMENT_3D('',#7140,#4958,#4959);
#4189=AXIS2_PLACEMENT_3D('',#7162,#4961,#4962);
#4190=AXIS2_PLACEMENT_3D('',#7164,#4964,#4965);
#4191=AXIS2_PLACEMENT_3D('',#7166,#4967,#4968);
#4192=AXIS2_PLACEMENT_3D('',#7168,#4970,#4971);
#4193=AXIS2_PLACEMENT_3D('',#7191,#4974,#4975);
#4194=AXIS2_PLACEMENT_3D('',#7213,#4977,#4978);
#4195=AXIS2_PLACEMENT_3D('',#7215,#4980,#4981);
#4196=AXIS2_PLACEMENT_3D('',#7217,#4983,#4984);
#4197=AXIS2_PLACEMENT_3D('',#7219,#4986,#4987);
#4198=AXIS2_PLACEMENT_3D('',#7242,#4990,#4991);
#4199=AXIS2_PLACEMENT_3D('',#7264,#4993,#4994);
#4200=AXIS2_PLACEMENT_3D('',#7266,#4996,#4997);
#4201=AXIS2_PLACEMENT_3D('',#7268,#4999,#5000);
#4202=AXIS2_PLACEMENT_3D('',#7270,#5002,#5003);
#4203=AXIS2_PLACEMENT_3D('',#7293,#5006,#5007);
#4204=AXIS2_PLACEMENT_3D('',#7315,#5009,#5010);
#4205=AXIS2_PLACEMENT_3D('',#7317,#5012,#5013);
#4206=AXIS2_PLACEMENT_3D('',#7319,#5015,#5016);
#4207=AXIS2_PLACEMENT_3D('',#7321,#5018,#5019);
#4208=AXIS2_PLACEMENT_3D('',#7344,#5022,#5023);
#4209=AXIS2_PLACEMENT_3D('',#7366,#5025,#5026);
#4210=AXIS2_PLACEMENT_3D('',#7368,#5028,#5029);
#4211=AXIS2_PLACEMENT_3D('',#7370,#5031,#5032);
#4212=AXIS2_PLACEMENT_3D('',#7372,#5034,#5035);
#4213=AXIS2_PLACEMENT_3D('',#7395,#5038,#5039);
#4214=AXIS2_PLACEMENT_3D('',#7417,#5041,#5042);
#4215=AXIS2_PLACEMENT_3D('',#7419,#5044,#5045);
#4216=AXIS2_PLACEMENT_3D('',#7421,#5047,#5048);
#4217=AXIS2_PLACEMENT_3D('',#7423,#5050,#5051);
#4218=AXIS2_PLACEMENT_3D('',#7446,#5054,#5055);
#4219=AXIS2_PLACEMENT_3D('',#7468,#5057,#5058);
#4220=AXIS2_PLACEMENT_3D('',#7470,#5060,#5061);
#4221=AXIS2_PLACEMENT_3D('',#7472,#5063,#5064);
#4222=AXIS2_PLACEMENT_3D('',#7474,#5066,#5067);
#4223=AXIS2_PLACEMENT_3D('',#7497,#5070,#5071);
#4224=AXIS2_PLACEMENT_3D('',#7519,#5073,#5074);
#4225=AXIS2_PLACEMENT_3D('',#7521,#5076,#5077);
#4226=AXIS2_PLACEMENT_3D('',#7523,#5079,#5080);
#4227=AXIS2_PLACEMENT_3D('',#7525,#5082,#5083);
#4228=AXIS2_PLACEMENT_3D('',#7548,#5086,#5087);
#4229=AXIS2_PLACEMENT_3D('',#7570,#5089,#5090);
#4230=AXIS2_PLACEMENT_3D('',#7572,#5092,#5093);
#4231=AXIS2_PLACEMENT_3D('',#7574,#5095,#5096);
#4232=AXIS2_PLACEMENT_3D('',#7576,#5098,#5099);
#4233=AXIS2_PLACEMENT_3D('',#7599,#5102,#5103);
#4234=AXIS2_PLACEMENT_3D('',#7621,#5105,#5106);
#4235=AXIS2_PLACEMENT_3D('',#7623,#5108,#5109);
#4236=AXIS2_PLACEMENT_3D('',#7625,#5111,#5112);
#4237=AXIS2_PLACEMENT_3D('',#7627,#5114,#5115);
#4238=AXIS2_PLACEMENT_3D('',#7650,#5118,#5119);
#4239=AXIS2_PLACEMENT_3D('',#7672,#5121,#5122);
#4240=AXIS2_PLACEMENT_3D('',#7674,#5124,#5125);
#4241=AXIS2_PLACEMENT_3D('',#7676,#5127,#5128);
#4242=AXIS2_PLACEMENT_3D('',#7678,#5130,#5131);
#4243=AXIS2_PLACEMENT_3D('',#7701,#5134,#5135);
#4244=AXIS2_PLACEMENT_3D('',#7723,#5137,#5138);
#4245=AXIS2_PLACEMENT_3D('',#7725,#5140,#5141);
#4246=AXIS2_PLACEMENT_3D('',#7727,#5143,#5144);
#4247=AXIS2_PLACEMENT_3D('',#7729,#5146,#5147);
#4248=AXIS2_PLACEMENT_3D('',#7752,#5150,#5151);
#4249=AXIS2_PLACEMENT_3D('',#7774,#5153,#5154);
#4250=AXIS2_PLACEMENT_3D('',#7776,#5156,#5157);
#4251=AXIS2_PLACEMENT_3D('',#7778,#5159,#5160);
#4252=AXIS2_PLACEMENT_3D('',#7780,#5162,#5163);
#4253=AXIS2_PLACEMENT_3D('',#7803,#5166,#5167);
#4254=AXIS2_PLACEMENT_3D('',#7825,#5169,#5170);
#4255=AXIS2_PLACEMENT_3D('',#7827,#5172,#5173);
#4256=AXIS2_PLACEMENT_3D('',#7829,#5175,#5176);
#4257=AXIS2_PLACEMENT_3D('',#7831,#5178,#5179);
#4258=AXIS2_PLACEMENT_3D('',#7854,#5182,#5183);
#4259=AXIS2_PLACEMENT_3D('',#7876,#5185,#5186);
#4260=AXIS2_PLACEMENT_3D('',#7878,#5188,#5189);
#4261=AXIS2_PLACEMENT_3D('',#7880,#5191,#5192);
#4262=AXIS2_PLACEMENT_3D('',#7882,#5194,#5195);
#4263=AXIS2_PLACEMENT_3D('',#7905,#5198,#5199);
#4264=AXIS2_PLACEMENT_3D('',#7927,#5201,#5202);
#4265=AXIS2_PLACEMENT_3D('',#7929,#5204,#5205);
#4266=AXIS2_PLACEMENT_3D('',#7931,#5207,#5208);
#4267=AXIS2_PLACEMENT_3D('',#7933,#5210,#5211);
#4268=AXIS2_PLACEMENT_3D('',#7956,#5214,#5215);
#4269=AXIS2_PLACEMENT_3D('',#7978,#5217,#5218);
#4270=AXIS2_PLACEMENT_3D('',#7980,#5220,#5221);
#4271=AXIS2_PLACEMENT_3D('',#7982,#5223,#5224);
#4272=AXIS2_PLACEMENT_3D('',#7984,#5226,#5227);
#4273=AXIS2_PLACEMENT_3D('',#8007,#5230,#5231);
#4274=AXIS2_PLACEMENT_3D('',#8029,#5233,#5234);
#4275=AXIS2_PLACEMENT_3D('',#8031,#5236,#5237);
#4276=AXIS2_PLACEMENT_3D('',#8033,#5239,#5240);
#4277=AXIS2_PLACEMENT_3D('',#8035,#5242,#5243);
#4278=AXIS2_PLACEMENT_3D('',#8058,#5246,#5247);
#4279=AXIS2_PLACEMENT_3D('',#8080,#5249,#5250);
#4280=AXIS2_PLACEMENT_3D('',#8082,#5252,#5253);
#4281=AXIS2_PLACEMENT_3D('',#8084,#5255,#5256);
#4282=AXIS2_PLACEMENT_3D('',#8086,#5258,#5259);
#4283=AXIS2_PLACEMENT_3D('',#8109,#5262,#5263);
#4284=AXIS2_PLACEMENT_3D('',#8131,#5265,#5266);
#4285=AXIS2_PLACEMENT_3D('',#8133,#5268,#5269);
#4286=AXIS2_PLACEMENT_3D('',#8135,#5271,#5272);
#4287=AXIS2_PLACEMENT_3D('',#8137,#5274,#5275);
#4288=AXIS2_PLACEMENT_3D('',#8160,#5278,#5279);
#4289=AXIS2_PLACEMENT_3D('',#8182,#5281,#5282);
#4290=AXIS2_PLACEMENT_3D('',#8184,#5284,#5285);
#4291=AXIS2_PLACEMENT_3D('',#8186,#5287,#5288);
#4292=AXIS2_PLACEMENT_3D('',#8188,#5290,#5291);
#4293=AXIS2_PLACEMENT_3D('',#8211,#5294,#5295);
#4294=AXIS2_PLACEMENT_3D('',#8233,#5297,#5298);
#4295=AXIS2_PLACEMENT_3D('',#8235,#5300,#5301);
#4296=AXIS2_PLACEMENT_3D('',#8237,#5303,#5304);
#4297=AXIS2_PLACEMENT_3D('',#8239,#5306,#5307);
#4298=AXIS2_PLACEMENT_3D('',#8262,#5310,#5311);
#4299=AXIS2_PLACEMENT_3D('',#8284,#5313,#5314);
#4300=AXIS2_PLACEMENT_3D('',#8286,#5316,#5317);
#4301=AXIS2_PLACEMENT_3D('',#8288,#5319,#5320);
#4302=AXIS2_PLACEMENT_3D('',#8290,#5322,#5323);
#4303=AXIS2_PLACEMENT_3D('',#8313,#5326,#5327);
#4304=AXIS2_PLACEMENT_3D('',#8314,#5328,#5329);
#4305=AXIS2_PLACEMENT_3D('',#8315,#5330,#5331);
#4306=AXIS2_PLACEMENT_3D('',#8316,#5332,#5333);
#4307=AXIS2_PLACEMENT_3D('',#8317,#5334,#5335);
#4308=AXIS2_PLACEMENT_3D('',#8318,#5336,#5337);
#4309=AXIS2_PLACEMENT_3D('',#8319,#5338,#5339);
#4310=AXIS2_PLACEMENT_3D('',#8320,#5340,#5341);
#4311=DIRECTION('axis',(0.,0.,1.));
#4312=DIRECTION('refdir',(1.,0.,0.));
#4313=DIRECTION('axis',(0.,0.,1.));
#4314=DIRECTION('refdir',(1.,0.,0.));
#4315=DIRECTION('axis',(0.,0.,1.));
#4316=DIRECTION('refdir',(1.,0.,0.));
#4317=DIRECTION('axis',(0.,0.,1.));
#4318=DIRECTION('refdir',(1.,0.,0.));
#4319=DIRECTION('center_axis',(-1.,0.,0.));
#4320=DIRECTION('ref_axis',(0.,0.,1.));
#4321=DIRECTION('center_axis',(-1.,0.,0.));
#4322=DIRECTION('ref_axis',(0.,0.,-1.));
#4323=DIRECTION('',(0.707106781186548,8.65956056235492E-17,0.707106781186547));
#4324=DIRECTION('center_axis',(1.,0.,0.));
#4325=DIRECTION('ref_axis',(0.,0.,-1.));
#4326=DIRECTION('center_axis',(-1.,0.,0.));
#4327=DIRECTION('ref_axis',(0.,0.,1.));
#4328=DIRECTION('center_axis',(-1.,0.,0.));
#4329=DIRECTION('ref_axis',(0.,0.,-1.));
#4330=DIRECTION('',(0.707106781186548,8.65956056235492E-17,0.707106781186547));
#4331=DIRECTION('center_axis',(1.,0.,0.));
#4332=DIRECTION('ref_axis',(0.,0.,-1.));
#4333=DIRECTION('center_axis',(-1.,0.,0.));
#4334=DIRECTION('ref_axis',(0.,0.,1.));
#4335=DIRECTION('center_axis',(1.,0.,0.));
#4336=DIRECTION('ref_axis',(0.,0.,-1.));
#4337=DIRECTION('',(1.,0.,0.));
#4338=DIRECTION('center_axis',(-1.,0.,0.));
#4339=DIRECTION('ref_axis',(0.,0.,1.));
#4340=DIRECTION('center_axis',(1.,0.,0.));
#4341=DIRECTION('ref_axis',(0.,0.,-1.));
#4342=DIRECTION('',(1.,0.,0.));
#4343=DIRECTION('center_axis',(1.,0.,0.));
#4344=DIRECTION('ref_axis',(0.,0.,-1.));
#4345=DIRECTION('center_axis',(1.,0.,0.));
#4346=DIRECTION('ref_axis',(0.,0.,-1.));
#4347=DIRECTION('',(1.,0.,0.));
#4348=DIRECTION('center_axis',(1.,0.,0.));
#4349=DIRECTION('ref_axis',(0.,0.,-1.));
#4350=DIRECTION('center_axis',(1.,0.,0.));
#4351=DIRECTION('ref_axis',(0.,0.,-1.));
#4352=DIRECTION('center_axis',(-1.,0.,0.));
#4353=DIRECTION('ref_axis',(0.,0.,-1.));
#4354=DIRECTION('',(-1.,0.,0.));
#4355=DIRECTION('center_axis',(-1.,0.,0.));
#4356=DIRECTION('ref_axis',(0.,0.,1.));
#4357=DIRECTION('center_axis',(1.,0.,0.));
#4358=DIRECTION('ref_axis',(0.,0.,-1.));
#4359=DIRECTION('center_axis',(1.,0.,0.));
#4360=DIRECTION('ref_axis',(0.,0.,-1.));
#4361=DIRECTION('',(1.,0.,0.));
#4362=DIRECTION('center_axis',(1.,0.,0.));
#4363=DIRECTION('ref_axis',(0.,0.,-1.));
#4364=DIRECTION('center_axis',(-1.,0.,0.));
#4365=DIRECTION('ref_axis',(0.,0.,1.));
#4366=DIRECTION('',(1.,0.,0.));
#4367=DIRECTION('center_axis',(1.,0.,0.));
#4368=DIRECTION('ref_axis',(0.,0.,-1.));
#4369=DIRECTION('',(1.,0.,0.));
#4370=DIRECTION('center_axis',(1.,0.,0.));
#4371=DIRECTION('ref_axis',(0.,0.,-1.));
#4372=DIRECTION('center_axis',(-1.,0.,0.));
#4373=DIRECTION('ref_axis',(0.,0.,1.));
#4374=DIRECTION('',(1.,0.,0.));
#4375=DIRECTION('center_axis',(1.,0.,0.));
#4376=DIRECTION('ref_axis',(0.,0.,-1.));
#4377=DIRECTION('',(1.,0.,0.));
#4378=DIRECTION('center_axis',(1.,0.,0.));
#4379=DIRECTION('ref_axis',(0.,0.,-1.));
#4380=DIRECTION('center_axis',(-1.,0.,0.));
#4381=DIRECTION('ref_axis',(0.,0.,1.));
#4382=DIRECTION('center_axis',(1.,0.,0.));
#4383=DIRECTION('ref_axis',(0.,0.,-1.));
#4384=DIRECTION('',(1.,0.,0.));
#4385=DIRECTION('center_axis',(1.,0.,0.));
#4386=DIRECTION('ref_axis',(0.,0.,-1.));
#4387=DIRECTION('',(1.,0.,0.));
#4388=DIRECTION('center_axis',(-1.,0.,0.));
#4389=DIRECTION('ref_axis',(0.,0.,1.));
#4390=DIRECTION('center_axis',(1.,0.,0.));
#4391=DIRECTION('ref_axis',(0.,0.,-1.));
#4392=DIRECTION('',(1.,0.,0.));
#4393=DIRECTION('center_axis',(1.,0.,0.));
#4394=DIRECTION('ref_axis',(0.,0.,-1.));
#4395=DIRECTION('',(1.,0.,0.));
#4396=DIRECTION('center_axis',(-1.,0.,0.));
#4397=DIRECTION('ref_axis',(0.,0.,1.));
#4398=DIRECTION('',(1.,0.,0.));
#4399=DIRECTION('center_axis',(1.,0.,0.));
#4400=DIRECTION('ref_axis',(0.,0.,-1.));
#4401=DIRECTION('',(1.,0.,0.));
#4402=DIRECTION('center_axis',(1.,0.,0.));
#4403=DIRECTION('ref_axis',(0.,0.,-1.));
#4404=DIRECTION('center_axis',(-1.,0.,0.));
#4405=DIRECTION('ref_axis',(0.,0.,1.));
#4406=DIRECTION('',(1.,0.,0.));
#4407=DIRECTION('center_axis',(1.,0.,0.));
#4408=DIRECTION('ref_axis',(0.,0.,-1.));
#4409=DIRECTION('',(1.,0.,0.));
#4410=DIRECTION('center_axis',(1.,0.,0.));
#4411=DIRECTION('ref_axis',(0.,0.,-1.));
#4412=DIRECTION('center_axis',(-1.,0.,0.));
#4413=DIRECTION('ref_axis',(0.,0.,1.));
#4414=DIRECTION('',(1.,0.,0.));
#4415=DIRECTION('center_axis',(1.,0.,0.));
#4416=DIRECTION('ref_axis',(0.,0.,-1.));
#4417=DIRECTION('',(1.,0.,0.));
#4418=DIRECTION('center_axis',(1.,0.,0.));
#4419=DIRECTION('ref_axis',(0.,0.,-1.));
#4420=DIRECTION('center_axis',(-1.,0.,0.));
#4421=DIRECTION('ref_axis',(0.,0.,1.));
#4422=DIRECTION('',(1.,0.,0.));
#4423=DIRECTION('center_axis',(1.,0.,0.));
#4424=DIRECTION('ref_axis',(0.,0.,-1.));
#4425=DIRECTION('',(1.,0.,0.));
#4426=DIRECTION('center_axis',(1.,0.,0.));
#4427=DIRECTION('ref_axis',(0.,0.,-1.));
#4428=DIRECTION('center_axis',(-1.,0.,0.));
#4429=DIRECTION('ref_axis',(0.,0.,1.));
#4430=DIRECTION('',(1.,0.,0.));
#4431=DIRECTION('center_axis',(1.,0.,0.));
#4432=DIRECTION('ref_axis',(0.,0.,-1.));
#4433=DIRECTION('',(1.,0.,0.));
#4434=DIRECTION('center_axis',(1.,0.,0.));
#4435=DIRECTION('ref_axis',(0.,0.,-1.));
#4436=DIRECTION('center_axis',(-1.,0.,0.));
#4437=DIRECTION('ref_axis',(0.,0.,1.));
#4438=DIRECTION('center_axis',(1.,0.,0.));
#4439=DIRECTION('ref_axis',(0.,0.,-1.));
#4440=DIRECTION('',(1.,0.,0.));
#4441=DIRECTION('center_axis',(1.,0.,0.));
#4442=DIRECTION('ref_axis',(0.,0.,-1.));
#4443=DIRECTION('',(1.,0.,0.));
#4444=DIRECTION('center_axis',(-1.,0.,0.));
#4445=DIRECTION('ref_axis',(0.,0.,1.));
#4446=DIRECTION('',(1.,0.,0.));
#4447=DIRECTION('center_axis',(1.,0.,0.));
#4448=DIRECTION('ref_axis',(0.,0.,-1.));
#4449=DIRECTION('',(1.,0.,0.));
#4450=DIRECTION('center_axis',(1.,0.,0.));
#4451=DIRECTION('ref_axis',(0.,0.,-1.));
#4452=DIRECTION('center_axis',(-1.,0.,0.));
#4453=DIRECTION('ref_axis',(0.,0.,1.));
#4454=DIRECTION('',(1.,0.,0.));
#4455=DIRECTION('center_axis',(1.,0.,0.));
#4456=DIRECTION('ref_axis',(0.,0.,-1.));
#4457=DIRECTION('',(1.,0.,0.));
#4458=DIRECTION('center_axis',(1.,0.,0.));
#4459=DIRECTION('ref_axis',(0.,0.,-1.));
#4460=DIRECTION('center_axis',(-1.,0.,0.));
#4461=DIRECTION('ref_axis',(0.,0.,1.));
#4462=DIRECTION('',(1.,0.,0.));
#4463=DIRECTION('center_axis',(1.,0.,0.));
#4464=DIRECTION('ref_axis',(0.,0.,-1.));
#4465=DIRECTION('',(1.,0.,0.));
#4466=DIRECTION('center_axis',(1.,0.,0.));
#4467=DIRECTION('ref_axis',(0.,0.,-1.));
#4468=DIRECTION('center_axis',(-1.,0.,0.));
#4469=DIRECTION('ref_axis',(0.,0.,1.));
#4470=DIRECTION('',(1.,0.,0.));
#4471=DIRECTION('center_axis',(1.,0.,0.));
#4472=DIRECTION('ref_axis',(0.,0.,-1.));
#4473=DIRECTION('',(1.,0.,0.));
#4474=DIRECTION('center_axis',(1.,0.,0.));
#4475=DIRECTION('ref_axis',(0.,0.,-1.));
#4476=DIRECTION('center_axis',(-1.,0.,0.));
#4477=DIRECTION('ref_axis',(0.,0.,1.));
#4478=DIRECTION('center_axis',(1.,0.,0.));
#4479=DIRECTION('ref_axis',(0.,0.,-1.));
#4480=DIRECTION('',(1.,0.,0.));
#4481=DIRECTION('center_axis',(1.,0.,0.));
#4482=DIRECTION('ref_axis',(0.,0.,-1.));
#4483=DIRECTION('',(1.,0.,0.));
#4484=DIRECTION('center_axis',(-1.,0.,0.));
#4485=DIRECTION('ref_axis',(0.,0.,1.));
#4486=DIRECTION('center_axis',(1.,0.,0.));
#4487=DIRECTION('ref_axis',(0.,0.,-1.));
#4488=DIRECTION('',(1.,0.,0.));
#4489=DIRECTION('center_axis',(1.,0.,0.));
#4490=DIRECTION('ref_axis',(0.,0.,-1.));
#4491=DIRECTION('',(1.,0.,0.));
#4492=DIRECTION('center_axis',(-1.,0.,0.));
#4493=DIRECTION('ref_axis',(0.,0.,1.));
#4494=DIRECTION('',(1.,0.,0.));
#4495=DIRECTION('center_axis',(1.,0.,0.));
#4496=DIRECTION('ref_axis',(0.,0.,-1.));
#4497=DIRECTION('',(1.,0.,0.));
#4498=DIRECTION('center_axis',(1.,0.,0.));
#4499=DIRECTION('ref_axis',(0.,0.,-1.));
#4500=DIRECTION('center_axis',(-1.,0.,0.));
#4501=DIRECTION('ref_axis',(0.,0.,1.));
#4502=DIRECTION('',(1.,0.,0.));
#4503=DIRECTION('center_axis',(1.,0.,0.));
#4504=DIRECTION('ref_axis',(0.,0.,-1.));
#4505=DIRECTION('',(1.,0.,0.));
#4506=DIRECTION('center_axis',(1.,0.,0.));
#4507=DIRECTION('ref_axis',(0.,0.,-1.));
#4508=DIRECTION('center_axis',(-1.,0.,0.));
#4509=DIRECTION('ref_axis',(0.,0.,1.));
#4510=DIRECTION('',(1.,0.,0.));
#4511=DIRECTION('center_axis',(1.,0.,0.));
#4512=DIRECTION('ref_axis',(0.,0.,-1.));
#4513=DIRECTION('',(1.,0.,0.));
#4514=DIRECTION('center_axis',(1.,0.,0.));
#4515=DIRECTION('ref_axis',(0.,0.,-1.));
#4516=DIRECTION('center_axis',(-1.,0.,0.));
#4517=DIRECTION('ref_axis',(0.,0.,1.));
#4518=DIRECTION('center_axis',(1.,0.,0.));
#4519=DIRECTION('ref_axis',(0.,0.,-1.));
#4520=DIRECTION('',(1.,0.,0.));
#4521=DIRECTION('center_axis',(1.,0.,0.));
#4522=DIRECTION('ref_axis',(0.,0.,-1.));
#4523=DIRECTION('',(1.,0.,0.));
#4524=DIRECTION('center_axis',(-1.,0.,0.));
#4525=DIRECTION('ref_axis',(0.,0.,1.));
#4526=DIRECTION('',(1.,0.,0.));
#4527=DIRECTION('center_axis',(1.,0.,0.));
#4528=DIRECTION('ref_axis',(0.,0.,-1.));
#4529=DIRECTION('',(1.,0.,0.));
#4530=DIRECTION('center_axis',(1.,0.,0.));
#4531=DIRECTION('ref_axis',(0.,0.,-1.));
#4532=DIRECTION('center_axis',(-1.,0.,0.));
#4533=DIRECTION('ref_axis',(0.,0.,1.));
#4534=DIRECTION('center_axis',(1.,0.,0.));
#4535=DIRECTION('ref_axis',(0.,0.,-1.));
#4536=DIRECTION('',(1.,0.,0.));
#4537=DIRECTION('center_axis',(1.,0.,0.));
#4538=DIRECTION('ref_axis',(0.,0.,-1.));
#4539=DIRECTION('',(1.,0.,0.));
#4540=DIRECTION('center_axis',(-1.,0.,0.));
#4541=DIRECTION('ref_axis',(0.,0.,1.));
#4542=DIRECTION('',(1.,0.,0.));
#4543=DIRECTION('center_axis',(1.,0.,0.));
#4544=DIRECTION('ref_axis',(0.,0.,-1.));
#4545=DIRECTION('',(1.,0.,0.));
#4546=DIRECTION('center_axis',(1.,0.,0.));
#4547=DIRECTION('ref_axis',(0.,0.,-1.));
#4548=DIRECTION('center_axis',(-1.,0.,0.));
#4549=DIRECTION('ref_axis',(0.,0.,1.));
#4550=DIRECTION('center_axis',(1.,0.,0.));
#4551=DIRECTION('ref_axis',(0.,0.,-1.));
#4552=DIRECTION('',(1.,0.,0.));
#4553=DIRECTION('center_axis',(1.,0.,0.));
#4554=DIRECTION('ref_axis',(0.,0.,-1.));
#4555=DIRECTION('',(1.,0.,0.));
#4556=DIRECTION('center_axis',(1.,0.,0.));
#4557=DIRECTION('ref_axis',(0.,0.,-1.));
#4558=DIRECTION('',(0.,0.791256014942994,-0.611485011113546));
#4559=DIRECTION('center_axis',(-1.,0.,0.));
#4560=DIRECTION('ref_axis',(0.,-0.866025403784444,0.499999999999991));
#4561=DIRECTION('center_axis',(-1.,0.,0.));
#4562=DIRECTION('ref_axis',(0.,-0.866025403784443,0.499999999999992));
#4563=DIRECTION('center_axis',(-1.,0.,0.));
#4564=DIRECTION('ref_axis',(0.,-0.866025403784445,0.499999999999989));
#4565=DIRECTION('',(0.,0.882167631120024,-0.470935527014139));
#4566=DIRECTION('',(0.,0.922558586710919,-0.385857038404059));
#4567=DIRECTION('center_axis',(-1.,0.,0.));
#4568=DIRECTION('ref_axis',(0.,-0.965925826289071,0.258819045102511));
#4569=DIRECTION('center_axis',(-1.,0.,0.));
#4570=DIRECTION('ref_axis',(0.,-0.965925826289071,0.258819045102511));
#4571=DIRECTION('center_axis',(-1.,0.,0.));
#4572=DIRECTION('ref_axis',(0.,-0.965925826289071,0.258819045102511));
#4573=DIRECTION('',(0.,0.973995581421731,-0.226567004153173));
#4574=DIRECTION('',(0.,0.990990315394645,-0.133933546186242));
#4575=DIRECTION('center_axis',(-1.,0.,0.));
#4576=DIRECTION('ref_axis',(0.,-1.,-1.14126544472158E-14));
#4577=DIRECTION('center_axis',(-1.,0.,0.));
#4578=DIRECTION('ref_axis',(0.,-1.,-1.04744440165294E-14));
#4579=DIRECTION('center_axis',(-1.,0.,0.));
#4580=DIRECTION('ref_axis',(0.,-1.,-9.57847783962755E-15));
#4581=DIRECTION('',(0.,0.99944734245335,0.0332416856211556));
#4582=DIRECTION('',(0.,0.991887691773154,0.127117295868517));
#4583=DIRECTION('center_axis',(-1.,0.,0.));
#4584=DIRECTION('ref_axis',(0.,-0.965925826289065,-0.258819045102532));
#4585=DIRECTION('center_axis',(-1.,0.,0.));
#4586=DIRECTION('ref_axis',(0.,-0.965925826289065,-0.258819045102531));
#4587=DIRECTION('center_axis',(-1.,0.,0.));
#4588=DIRECTION('ref_axis',(0.,-0.965925826289065,-0.258819045102531));
#4589=DIRECTION('',(0.,0.9567884187616,0.290785009454885));
#4590=DIRECTION('',(0.,0.925189561129236,0.379505304281101));
#4591=DIRECTION('center_axis',(-1.,0.,0.));
#4592=DIRECTION('ref_axis',(0.,-0.866025403784434,-0.500000000000009));
#4593=DIRECTION('center_axis',(-1.,0.,0.));
#4594=DIRECTION('ref_axis',(0.,-0.866025403784433,-0.50000000000001));
#4595=DIRECTION('center_axis',(-1.,0.,0.));
#4596=DIRECTION('ref_axis',(0.,-0.866025403784434,-0.500000000000009));
#4597=DIRECTION('',(0.,0.848925945498868,0.528511815439213));
#4598=DIRECTION('',(0.,0.795441290842401,0.606030653369097));
#4599=DIRECTION('center_axis',(-1.,0.,0.));
#4600=DIRECTION('ref_axis',(0.,-0.707106781186539,-0.707106781186556));
#4601=DIRECTION('center_axis',(-1.,0.,0.));
#4602=DIRECTION('ref_axis',(0.,-0.707106781186539,-0.707106781186556));
#4603=DIRECTION('center_axis',(-1.,0.,0.));
#4604=DIRECTION('ref_axis',(0.,-0.707106781186539,-0.707106781186556));
#4605=DIRECTION('',(0.,0.683210571966846,0.730221414608429));
#4606=DIRECTION('',(0.,0.611485011113543,0.791256014942996));
#4607=DIRECTION('center_axis',(-1.,0.,0.));
#4608=DIRECTION('ref_axis',(0.,-0.499999999999991,-0.866025403784444));
#4609=DIRECTION('center_axis',(-1.,0.,0.));
#4610=DIRECTION('ref_axis',(0.,-0.499999999999989,-0.866025403784445));
#4611=DIRECTION('center_axis',(-1.,0.,0.));
#4612=DIRECTION('ref_axis',(0.,-0.499999999999991,-0.866025403784444));
#4613=DIRECTION('',(0.,0.470935527014136,0.882167631120026));
#4614=DIRECTION('',(0.,0.385857038404056,0.92255858671092));
#4615=DIRECTION('center_axis',(-1.,0.,0.));
#4616=DIRECTION('ref_axis',(0.,-0.258819045102509,-0.965925826289071));
#4617=DIRECTION('center_axis',(-1.,0.,0.));
#4618=DIRECTION('ref_axis',(0.,-0.258819045102508,-0.965925826289072));
#4619=DIRECTION('center_axis',(-1.,0.,0.));
#4620=DIRECTION('ref_axis',(0.,-0.258819045102509,-0.965925826289071));
#4621=DIRECTION('',(0.,0.226567004153169,0.973995581421732));
#4622=DIRECTION('',(0.,0.133933546186253,0.990990315394643));
#4623=DIRECTION('center_axis',(-1.,0.,0.));
#4624=DIRECTION('ref_axis',(0.,-8.15189603372561E-16,-1.));
#4625=DIRECTION('center_axis',(-1.,0.,0.));
#4626=DIRECTION('ref_axis',(0.,0.,-1.));
#4627=DIRECTION('center_axis',(-1.,0.,0.));
#4628=DIRECTION('ref_axis',(0.,0.,-1.));
#4629=DIRECTION('',(0.,-0.0332416856211451,0.999447342453351));
#4630=DIRECTION('',(0.,-0.127117295868507,0.991887691773155));
#4631=DIRECTION('center_axis',(-1.,0.,0.));
#4632=DIRECTION('ref_axis',(0.,0.258819045102522,-0.965925826289068));
#4633=DIRECTION('center_axis',(-1.,0.,0.));
#4634=DIRECTION('ref_axis',(0.,0.258819045102521,-0.965925826289068));
#4635=DIRECTION('center_axis',(-1.,0.,0.));
#4636=DIRECTION('ref_axis',(0.,0.258819045102522,-0.965925826289068));
#4637=DIRECTION('',(0.,-0.290785009454875,0.956788418761603));
#4638=DIRECTION('',(0.,-0.379505304281092,0.92518956112924));
#4639=DIRECTION('center_axis',(-1.,0.,0.));
#4640=DIRECTION('ref_axis',(0.,0.499999999999997,-0.86602540378444));
#4641=DIRECTION('center_axis',(-1.,0.,0.));
#4642=DIRECTION('ref_axis',(0.,0.500000000000001,-0.866025403784438));
#4643=DIRECTION('center_axis',(-1.,0.,0.));
#4644=DIRECTION('ref_axis',(0.,0.5,-0.866025403784439));
#4645=DIRECTION('',(0.,-0.528511815439204,0.848925945498874));
#4646=DIRECTION('',(0.,-0.606030653369088,0.795441290842408));
#4647=DIRECTION('center_axis',(-1.,0.,0.));
#4648=DIRECTION('ref_axis',(0.,0.707106781186549,-0.707106781186546));
#4649=DIRECTION('center_axis',(-1.,0.,0.));
#4650=DIRECTION('ref_axis',(0.,0.707106781186549,-0.707106781186546));
#4651=DIRECTION('center_axis',(-1.,0.,0.));
#4652=DIRECTION('ref_axis',(0.,0.707106781186546,-0.707106781186549));
#4653=DIRECTION('',(0.,-0.730221414608422,0.683210571966853));
#4654=DIRECTION('',(0.,-0.791256014942989,0.611485011113551));
#4655=DIRECTION('center_axis',(-1.,0.,0.));
#4656=DIRECTION('ref_axis',(0.,0.866025403784438,-0.500000000000001));
#4657=DIRECTION('center_axis',(-1.,0.,0.));
#4658=DIRECTION('ref_axis',(0.,0.86602540378444,-0.499999999999998));
#4659=DIRECTION('center_axis',(-1.,0.,0.));
#4660=DIRECTION('ref_axis',(0.,0.86602540378444,-0.499999999999997));
#4661=DIRECTION('',(0.,-0.882167631120021,0.470935527014146));
#4662=DIRECTION('',(0.,-0.922558586710916,0.385857038404066));
#4663=DIRECTION('center_axis',(-1.,0.,0.));
#4664=DIRECTION('ref_axis',(0.,0.965925826289069,-0.258819045102518));
#4665=DIRECTION('center_axis',(-1.,0.,0.));
#4666=DIRECTION('ref_axis',(0.,0.965925826289069,-0.258819045102518));
#4667=DIRECTION('center_axis',(-1.,0.,0.));
#4668=DIRECTION('ref_axis',(0.,0.965925826289069,-0.258819045102519));
#4669=DIRECTION('',(0.,-0.97399558142173,0.226567004153179));
#4670=DIRECTION('',(0.,-0.990990315394644,0.133933546186249));
#4671=DIRECTION('center_axis',(-1.,0.,0.));
#4672=DIRECTION('ref_axis',(0.,1.,3.66835321517652E-15));
#4673=DIRECTION('center_axis',(-1.,0.,0.));
#4674=DIRECTION('ref_axis',(0.,1.,3.49148133884313E-15));
#4675=DIRECTION('center_axis',(-1.,0.,0.));
#4676=DIRECTION('ref_axis',(0.,1.,3.46455581433337E-15));
#4677=DIRECTION('',(0.,-0.99944734245335,-0.0332416856211486));
#4678=DIRECTION('',(0.,-0.991887691773155,-0.12711729586851));
#4679=DIRECTION('center_axis',(-1.,0.,0.));
#4680=DIRECTION('ref_axis',(0.,0.965925826289067,0.258819045102525));
#4681=DIRECTION('center_axis',(-1.,0.,0.));
#4682=DIRECTION('ref_axis',(0.,0.965925826289067,0.258819045102525));
#4683=DIRECTION('center_axis',(-1.,0.,0.));
#4684=DIRECTION('ref_axis',(0.,0.965925826289067,0.258819045102526));
#4685=DIRECTION('',(0.,-0.956788418761602,-0.290785009454878));
#4686=DIRECTION('',(0.,-0.925189561129239,-0.379505304281095));
#4687=DIRECTION('center_axis',(-1.,0.,0.));
#4688=DIRECTION('ref_axis',(0.,0.866025403784437,0.500000000000003));
#4689=DIRECTION('center_axis',(-1.,0.,0.));
#4690=DIRECTION('ref_axis',(0.,0.866025403784436,0.500000000000004));
#4691=DIRECTION('center_axis',(-1.,0.,0.));
#4692=DIRECTION('ref_axis',(0.,0.866025403784434,0.500000000000009));
#4693=DIRECTION('',(0.,-0.848925945498872,-0.528511815439207));
#4694=DIRECTION('',(0.,-0.795441290842406,-0.606030653369091));
#4695=DIRECTION('center_axis',(-1.,0.,0.));
#4696=DIRECTION('ref_axis',(0.,0.707106781186546,0.707106781186549));
#4697=DIRECTION('center_axis',(-1.,0.,0.));
#4698=DIRECTION('ref_axis',(0.,0.707106781186544,0.707106781186551));
#4699=DIRECTION('center_axis',(-1.,0.,0.));
#4700=DIRECTION('ref_axis',(0.,0.707106781186543,0.707106781186552));
#4701=DIRECTION('',(0.,-0.683210571966851,-0.730221414608424));
#4702=DIRECTION('',(0.,-0.611485011113548,-0.791256014942992));
#4703=DIRECTION('center_axis',(-1.,0.,0.));
#4704=DIRECTION('ref_axis',(0.,0.499999999999995,0.866025403784441));
#4705=DIRECTION('center_axis',(-1.,0.,0.));
#4706=DIRECTION('ref_axis',(0.,0.499999999999995,0.866025403784442));
#4707=DIRECTION('center_axis',(-1.,0.,0.));
#4708=DIRECTION('ref_axis',(0.,0.499999999999997,0.86602540378444));
#4709=DIRECTION('',(0.,-0.470935527014142,-0.882167631120022));
#4710=DIRECTION('',(0.,-0.385857038404063,-0.922558586710918));
#4711=DIRECTION('center_axis',(-1.,0.,0.));
#4712=DIRECTION('ref_axis',(0.,0.258819045102514,0.96592582628907));
#4713=DIRECTION('center_axis',(-1.,0.,0.));
#4714=DIRECTION('ref_axis',(0.,0.258819045102515,0.96592582628907));
#4715=DIRECTION('center_axis',(-1.,0.,0.));
#4716=DIRECTION('ref_axis',(0.,0.258819045102514,0.96592582628907));
#4717=DIRECTION('',(0.,-0.226567004153176,-0.97399558142173));
#4718=DIRECTION('',(0.,-0.133933546186253,-0.990990315394643));
#4719=DIRECTION('center_axis',(-1.,0.,0.));
#4720=DIRECTION('ref_axis',(0.,8.15189603372561E-16,1.));
#4721=DIRECTION('center_axis',(-1.,0.,0.));
#4722=DIRECTION('ref_axis',(0.,0.,1.));
#4723=DIRECTION('center_axis',(-1.,0.,0.));
#4724=DIRECTION('ref_axis',(0.,0.,1.));
#4725=DIRECTION('',(0.,0.0332416856211451,-0.999447342453351));
#4726=DIRECTION('',(0.,0.127117295868514,-0.991887691773155));
#4727=DIRECTION('center_axis',(-1.,0.,0.));
#4728=DIRECTION('ref_axis',(0.,-0.258819045102528,0.965925826289066));
#4729=DIRECTION('center_axis',(-1.,0.,0.));
#4730=DIRECTION('ref_axis',(0.,-0.258819045102528,0.965925826289066));
#4731=DIRECTION('center_axis',(-1.,0.,0.));
#4732=DIRECTION('ref_axis',(0.,-0.258819045102528,0.965925826289066));
#4733=DIRECTION('',(0.,0.290785009454882,-0.956788418761601));
#4734=DIRECTION('',(0.,0.379505304281098,-0.925189561129238));
#4735=DIRECTION('center_axis',(-1.,0.,0.));
#4736=DIRECTION('ref_axis',(0.,-0.500000000000009,0.866025403784434));
#4737=DIRECTION('center_axis',(-1.,0.,0.));
#4738=DIRECTION('ref_axis',(0.,-0.500000000000007,0.866025403784435));
#4739=DIRECTION('center_axis',(-1.,0.,0.));
#4740=DIRECTION('ref_axis',(0.,-0.500000000000006,0.866025403784435));
#4741=DIRECTION('',(0.,0.52851181543921,-0.84892594549887));
#4742=DIRECTION('',(0.,0.606030653369094,-0.795441290842404));
#4743=DIRECTION('center_axis',(-1.,0.,0.));
#4744=DIRECTION('ref_axis',(0.,-0.707106781186552,0.707106781186543));
#4745=DIRECTION('center_axis',(-1.,0.,0.));
#4746=DIRECTION('ref_axis',(0.,-0.707106781186554,0.707106781186541));
#4747=DIRECTION('center_axis',(-1.,0.,0.));
#4748=DIRECTION('ref_axis',(0.,-0.707106781186552,0.707106781186543));
#4749=DIRECTION('',(0.,0.730221414608427,-0.683210571966848));
#4750=DIRECTION('center_axis',(1.,0.,0.));
#4751=DIRECTION('ref_axis',(0.,0.,-1.));
#4752=DIRECTION('',(0.,0.730221414608427,-0.683210571966848));
#4753=DIRECTION('center_axis',(1.,0.,0.));
#4754=DIRECTION('ref_axis',(0.,-0.707106781186552,0.707106781186543));
#4755=DIRECTION('center_axis',(-1.,0.,0.));
#4756=DIRECTION('ref_axis',(0.,-0.707106781186554,0.707106781186541));
#4757=DIRECTION('center_axis',(1.,0.,0.));
#4758=DIRECTION('ref_axis',(0.,-0.707106781186552,0.707106781186543));
#4759=DIRECTION('',(0.,0.606030653369094,-0.795441290842404));
#4760=DIRECTION('',(0.,0.52851181543921,-0.84892594549887));
#4761=DIRECTION('center_axis',(1.,0.,0.));
#4762=DIRECTION('ref_axis',(0.,-0.500000000000008,0.866025403784434));
#4763=DIRECTION('center_axis',(-1.,0.,0.));
#4764=DIRECTION('ref_axis',(0.,-0.500000000000007,0.866025403784435));
#4765=DIRECTION('center_axis',(1.,0.,0.));
#4766=DIRECTION('ref_axis',(0.,-0.500000000000008,0.866025403784434));
#4767=DIRECTION('',(0.,0.379505304281098,-0.925189561129238));
#4768=DIRECTION('',(0.,0.290785009454882,-0.956788418761601));
#4769=DIRECTION('center_axis',(1.,0.,0.));
#4770=DIRECTION('ref_axis',(0.,-0.258819045102528,0.965925826289067));
#4771=DIRECTION('center_axis',(-1.,0.,0.));
#4772=DIRECTION('ref_axis',(0.,-0.258819045102528,0.965925826289066));
#4773=DIRECTION('center_axis',(1.,0.,0.));
#4774=DIRECTION('ref_axis',(0.,-0.258819045102528,0.965925826289066));
#4775=DIRECTION('',(0.,0.127117295868514,-0.991887691773155));
#4776=DIRECTION('',(0.,0.0332416856211451,-0.999447342453351));
#4777=DIRECTION('center_axis',(1.,0.,0.));
#4778=DIRECTION('ref_axis',(0.,0.,1.));
#4779=DIRECTION('center_axis',(-1.,0.,0.));
#4780=DIRECTION('ref_axis',(0.,0.,1.));
#4781=DIRECTION('center_axis',(1.,0.,0.));
#4782=DIRECTION('ref_axis',(0.,0.,1.));
#4783=DIRECTION('',(0.,-0.133933546186253,-0.990990315394643));
#4784=DIRECTION('',(0.,-0.226567004153176,-0.97399558142173));
#4785=DIRECTION('center_axis',(1.,0.,0.));
#4786=DIRECTION('ref_axis',(0.,0.258819045102514,0.96592582628907));
#4787=DIRECTION('center_axis',(-1.,0.,0.));
#4788=DIRECTION('ref_axis',(0.,0.258819045102515,0.96592582628907));
#4789=DIRECTION('center_axis',(1.,0.,0.));
#4790=DIRECTION('ref_axis',(0.,0.258819045102514,0.96592582628907));
#4791=DIRECTION('',(0.,-0.385857038404063,-0.922558586710918));
#4792=DIRECTION('',(0.,-0.470935527014142,-0.882167631120022));
#4793=DIRECTION('center_axis',(1.,0.,0.));
#4794=DIRECTION('ref_axis',(0.,0.499999999999995,0.866025403784441));
#4795=DIRECTION('center_axis',(-1.,0.,0.));
#4796=DIRECTION('ref_axis',(0.,0.499999999999995,0.866025403784442));
#4797=DIRECTION('center_axis',(1.,0.,0.));
#4798=DIRECTION('ref_axis',(0.,0.499999999999995,0.866025403784441));
#4799=DIRECTION('',(0.,-0.611485011113548,-0.791256014942992));
#4800=DIRECTION('',(0.,-0.683210571966851,-0.730221414608424));
#4801=DIRECTION('center_axis',(1.,0.,0.));
#4802=DIRECTION('ref_axis',(0.,0.707106781186543,0.707106781186552));
#4803=DIRECTION('center_axis',(-1.,0.,0.));
#4804=DIRECTION('ref_axis',(0.,0.707106781186544,0.707106781186551));
#4805=DIRECTION('center_axis',(1.,0.,0.));
#4806=DIRECTION('ref_axis',(0.,0.707106781186543,0.707106781186552));
#4807=DIRECTION('',(0.,-0.795441290842406,-0.606030653369091));
#4808=DIRECTION('',(0.,-0.848925945498872,-0.528511815439207));
#4809=DIRECTION('center_axis',(1.,0.,0.));
#4810=DIRECTION('ref_axis',(0.,0.866025403784436,0.500000000000004));
#4811=DIRECTION('center_axis',(-1.,0.,0.));
#4812=DIRECTION('ref_axis',(0.,0.866025403784436,0.500000000000004));
#4813=DIRECTION('center_axis',(1.,0.,0.));
#4814=DIRECTION('ref_axis',(0.,0.866025403784436,0.500000000000004));
#4815=DIRECTION('',(0.,-0.925189561129239,-0.379505304281095));
#4816=DIRECTION('',(0.,-0.956788418761602,-0.290785009454878));
#4817=DIRECTION('center_axis',(1.,0.,0.));
#4818=DIRECTION('ref_axis',(0.,0.965925826289067,0.258819045102525));
#4819=DIRECTION('center_axis',(-1.,0.,0.));
#4820=DIRECTION('ref_axis',(0.,0.965925826289067,0.258819045102525));
#4821=DIRECTION('center_axis',(1.,0.,0.));
#4822=DIRECTION('ref_axis',(0.,0.965925826289067,0.258819045102525));
#4823=DIRECTION('',(0.,-0.991887691773155,-0.12711729586851));
#4824=DIRECTION('',(0.,-0.99944734245335,-0.0332416856211486));
#4825=DIRECTION('center_axis',(1.,0.,0.));
#4826=DIRECTION('ref_axis',(0.,1.,3.46455581433337E-15));
#4827=DIRECTION('center_axis',(-1.,0.,0.));
#4828=DIRECTION('ref_axis',(0.,1.,3.49148133884313E-15));
#4829=DIRECTION('center_axis',(1.,0.,0.));
#4830=DIRECTION('ref_axis',(0.,1.,3.66835321517652E-15));
#4831=DIRECTION('',(0.,-0.990990315394644,0.133933546186249));
#4832=DIRECTION('',(0.,-0.97399558142173,0.226567004153179));
#4833=DIRECTION('center_axis',(1.,0.,0.));
#4834=DIRECTION('ref_axis',(0.,0.965925826289069,-0.258819045102518));
#4835=DIRECTION('center_axis',(-1.,0.,0.));
#4836=DIRECTION('ref_axis',(0.,0.965925826289069,-0.258819045102518));
#4837=DIRECTION('center_axis',(1.,0.,0.));
#4838=DIRECTION('ref_axis',(0.,0.965925826289069,-0.258819045102518));
#4839=DIRECTION('',(0.,-0.922558586710916,0.385857038404066));
#4840=DIRECTION('',(0.,-0.882167631120021,0.470935527014146));
#4841=DIRECTION('center_axis',(1.,0.,0.));
#4842=DIRECTION('ref_axis',(0.,0.86602540378444,-0.499999999999997));
#4843=DIRECTION('center_axis',(-1.,0.,0.));
#4844=DIRECTION('ref_axis',(0.,0.86602540378444,-0.499999999999998));
#4845=DIRECTION('center_axis',(1.,0.,0.));
#4846=DIRECTION('ref_axis',(0.,0.86602540378444,-0.499999999999997));
#4847=DIRECTION('',(0.,-0.791256014942989,0.611485011113551));
#4848=DIRECTION('',(0.,-0.730221414608422,0.683210571966853));
#4849=DIRECTION('center_axis',(1.,0.,0.));
#4850=DIRECTION('ref_axis',(0.,0.707106781186549,-0.707106781186546));
#4851=DIRECTION('center_axis',(-1.,0.,0.));
#4852=DIRECTION('ref_axis',(0.,0.707106781186549,-0.707106781186546));
#4853=DIRECTION('center_axis',(1.,0.,0.));
#4854=DIRECTION('ref_axis',(0.,0.707106781186549,-0.707106781186546));
#4855=DIRECTION('',(0.,-0.606030653369088,0.795441290842408));
#4856=DIRECTION('',(0.,-0.528511815439204,0.848925945498874));
#4857=DIRECTION('center_axis',(1.,0.,0.));
#4858=DIRECTION('ref_axis',(0.,0.500000000000001,-0.866025403784438));
#4859=DIRECTION('center_axis',(-1.,0.,0.));
#4860=DIRECTION('ref_axis',(0.,0.500000000000001,-0.866025403784438));
#4861=DIRECTION('center_axis',(1.,0.,0.));
#4862=DIRECTION('ref_axis',(0.,0.500000000000001,-0.866025403784438));
#4863=DIRECTION('',(0.,-0.379505304281092,0.92518956112924));
#4864=DIRECTION('',(0.,-0.290785009454875,0.956788418761603));
#4865=DIRECTION('center_axis',(1.,0.,0.));
#4866=DIRECTION('ref_axis',(0.,0.258819045102522,-0.965925826289068));
#4867=DIRECTION('center_axis',(-1.,0.,0.));
#4868=DIRECTION('ref_axis',(0.,0.258819045102521,-0.965925826289068));
#4869=DIRECTION('center_axis',(1.,0.,0.));
#4870=DIRECTION('ref_axis',(0.,0.258819045102522,-0.965925826289068));
#4871=DIRECTION('',(0.,-0.127117295868507,0.991887691773155));
#4872=DIRECTION('',(0.,-0.0332416856211451,0.999447342453351));
#4873=DIRECTION('center_axis',(1.,0.,0.));
#4874=DIRECTION('ref_axis',(0.,0.,-1.));
#4875=DIRECTION('center_axis',(-1.,0.,0.));
#4876=DIRECTION('ref_axis',(0.,0.,-1.));
#4877=DIRECTION('center_axis',(1.,0.,0.));
#4878=DIRECTION('ref_axis',(0.,0.,-1.));
#4879=DIRECTION('',(0.,0.133933546186253,0.990990315394643));
#4880=DIRECTION('',(0.,0.226567004153169,0.973995581421732));
#4881=DIRECTION('center_axis',(1.,0.,0.));
#4882=DIRECTION('ref_axis',(0.,-0.258819045102508,-0.965925826289072));
#4883=DIRECTION('center_axis',(-1.,0.,0.));
#4884=DIRECTION('ref_axis',(0.,-0.258819045102508,-0.965925826289072));
#4885=DIRECTION('center_axis',(1.,0.,0.));
#4886=DIRECTION('ref_axis',(0.,-0.258819045102508,-0.965925826289072));
#4887=DIRECTION('',(0.,0.385857038404056,0.92255858671092));
#4888=DIRECTION('',(0.,0.470935527014136,0.882167631120026));
#4889=DIRECTION('center_axis',(1.,0.,0.));
#4890=DIRECTION('ref_axis',(0.,-0.499999999999989,-0.866025403784445));
#4891=DIRECTION('center_axis',(-1.,0.,0.));
#4892=DIRECTION('ref_axis',(0.,-0.499999999999989,-0.866025403784445));
#4893=DIRECTION('center_axis',(1.,0.,0.));
#4894=DIRECTION('ref_axis',(0.,-0.499999999999989,-0.866025403784445));
#4895=DIRECTION('',(0.,0.611485011113543,0.791256014942996));
#4896=DIRECTION('',(0.,0.683210571966846,0.730221414608429));
#4897=DIRECTION('center_axis',(1.,0.,0.));
#4898=DIRECTION('ref_axis',(0.,-0.707106781186539,-0.707106781186556));
#4899=DIRECTION('center_axis',(-1.,0.,0.));
#4900=DIRECTION('ref_axis',(0.,-0.707106781186539,-0.707106781186556));
#4901=DIRECTION('center_axis',(1.,0.,0.));
#4902=DIRECTION('ref_axis',(0.,-0.707106781186539,-0.707106781186556));
#4903=DIRECTION('',(0.,0.795441290842401,0.606030653369097));
#4904=DIRECTION('',(0.,0.848925945498868,0.528511815439213));
#4905=DIRECTION('center_axis',(1.,0.,0.));
#4906=DIRECTION('ref_axis',(0.,-0.866025403784434,-0.500000000000009));
#4907=DIRECTION('center_axis',(-1.,0.,0.));
#4908=DIRECTION('ref_axis',(0.,-0.866025403784433,-0.50000000000001));
#4909=DIRECTION('center_axis',(1.,0.,0.));
#4910=DIRECTION('ref_axis',(0.,-0.866025403784434,-0.500000000000009));
#4911=DIRECTION('',(0.,0.925189561129236,0.379505304281101));
#4912=DIRECTION('',(0.,0.9567884187616,0.290785009454885));
#4913=DIRECTION('center_axis',(1.,0.,0.));
#4914=DIRECTION('ref_axis',(0.,-0.965925826289065,-0.258819045102531));
#4915=DIRECTION('center_axis',(-1.,0.,0.));
#4916=DIRECTION('ref_axis',(0.,-0.965925826289065,-0.258819045102531));
#4917=DIRECTION('center_axis',(1.,0.,0.));
#4918=DIRECTION('ref_axis',(0.,-0.965925826289065,-0.258819045102531));
#4919=DIRECTION('',(0.,0.991887691773154,0.127117295868517));
#4920=DIRECTION('',(0.,0.99944734245335,0.0332416856211556));
#4921=DIRECTION('center_axis',(1.,0.,0.));
#4922=DIRECTION('ref_axis',(0.,-1.,-1.03936674430001E-14));
#4923=DIRECTION('center_axis',(-1.,0.,0.));
#4924=DIRECTION('ref_axis',(0.,-1.,-1.04744440165294E-14));
#4925=DIRECTION('center_axis',(1.,0.,0.));
#4926=DIRECTION('ref_axis',(0.,-1.,-1.05974648438433E-14));
#4927=DIRECTION('',(0.,0.990990315394645,-0.133933546186242));
#4928=DIRECTION('',(0.,0.973995581421731,-0.226567004153173));
#4929=DIRECTION('center_axis',(1.,0.,0.));
#4930=DIRECTION('ref_axis',(0.,-0.965925826289071,0.258819045102511));
#4931=DIRECTION('center_axis',(-1.,0.,0.));
#4932=DIRECTION('ref_axis',(0.,-0.965925826289071,0.258819045102511));
#4933=DIRECTION('center_axis',(1.,0.,0.));
#4934=DIRECTION('ref_axis',(0.,-0.965925826289071,0.258819045102511));
#4935=DIRECTION('',(0.,0.922558586710919,-0.385857038404059));
#4936=DIRECTION('',(0.,0.882167631120024,-0.470935527014139));
#4937=DIRECTION('center_axis',(1.,0.,0.));
#4938=DIRECTION('ref_axis',(0.,-0.866025403784444,0.499999999999991));
#4939=DIRECTION('center_axis',(-1.,0.,0.));
#4940=DIRECTION('ref_axis',(0.,-0.866025403784443,0.499999999999992));
#4941=DIRECTION('center_axis',(1.,0.,0.));
#4942=DIRECTION('ref_axis',(0.,-0.866025403784444,0.499999999999991));
#4943=DIRECTION('',(0.,0.791256014942994,-0.611485011113546));
#4944=DIRECTION('center_axis',(1.,0.,0.));
#4945=DIRECTION('ref_axis',(0.,0.,-1.));
#4946=DIRECTION('',(1.,0.,0.));
#4947=DIRECTION('',(-1.,0.,0.));
#4948=DIRECTION('center_axis',(0.,0.999447342453351,0.0332416856211451));
#4949=DIRECTION('ref_axis',(0.,-0.0332416856211451,0.999447342453351));
#4950=DIRECTION('',(-1.,0.,0.));
#4951=DIRECTION('',(1.,0.,0.));
#4952=DIRECTION('',(1.,0.,0.));
#4953=DIRECTION('center_axis',(0.,0.990990315394644,-0.133933546186253));
#4954=DIRECTION('ref_axis',(0.,0.133933546186253,0.990990315394643));
#4955=DIRECTION('',(1.,0.,0.));
#4956=DIRECTION('center_axis',(1.,0.,0.));
#4957=DIRECTION('ref_axis',(0.,0.,-1.));
#4958=DIRECTION('center_axis',(1.,0.,0.));
#4959=DIRECTION('ref_axis',(0.,-0.632670915378112,0.77442075955815));
#4960=DIRECTION('',(1.,0.,0.));
#4961=DIRECTION('center_axis',(0.,0.956788418761603,0.290785009454875));
#4962=DIRECTION('ref_axis',(0.,-0.290785009454875,0.956788418761603));
#4963=DIRECTION('',(-1.,0.,0.));
#4964=DIRECTION('center_axis',(1.,0.,0.));
#4965=DIRECTION('ref_axis',(0.,0.258819045102522,-0.965925826289068));
#4966=DIRECTION('',(1.,0.,0.));
#4967=DIRECTION('center_axis',(1.,0.,0.));
#4968=DIRECTION('ref_axis',(0.,0.258819045102521,-0.965925826289068));
#4969=DIRECTION('',(-1.,0.,0.));
#4970=DIRECTION('center_axis',(1.,0.,0.));
#4971=DIRECTION('ref_axis',(0.,-0.811548018202076,0.58428572988931));
#4972=DIRECTION('',(1.,0.,0.));
#4973=DIRECTION('',(1.,0.,0.));
#4974=DIRECTION('center_axis',(0.,0.991887691773156,0.127117295868507));
#4975=DIRECTION('ref_axis',(0.,-0.127117295868507,0.991887691773156));
#4976=DIRECTION('',(1.,0.,0.));
#4977=DIRECTION('center_axis',(0.,0.0332416856211556,-0.99944734245335));
#4978=DIRECTION('ref_axis',(0.,0.99944734245335,0.0332416856211556));
#4979=DIRECTION('',(-1.,0.,0.));
#4980=DIRECTION('center_axis',(1.,0.,0.));
#4981=DIRECTION('ref_axis',(0.,-1.,-1.03936674430001E-14));
#4982=DIRECTION('',(1.,0.,0.));
#4983=DIRECTION('center_axis',(1.,0.,0.));
#4984=DIRECTION('ref_axis',(0.,-1.,-1.04744440165294E-14));
#4985=DIRECTION('',(-1.,0.,0.));
#4986=DIRECTION('center_axis',(1.,0.,0.));
#4987=DIRECTION('ref_axis',(0.,0.774420759558143,0.63267091537812));
#4988=DIRECTION('',(1.,0.,0.));
#4989=DIRECTION('',(1.,0.,0.));
#4990=DIRECTION('center_axis',(0.,-0.133933546186242,-0.990990315394645));
#4991=DIRECTION('ref_axis',(0.,0.990990315394645,-0.133933546186242));
#4992=DIRECTION('',(1.,0.,0.));
#4993=DIRECTION('center_axis',(0.,0.290785009454885,-0.9567884187616));
#4994=DIRECTION('ref_axis',(0.,0.9567884187616,0.290785009454885));
#4995=DIRECTION('',(-1.,0.,0.));
#4996=DIRECTION('center_axis',(1.,0.,0.));
#4997=DIRECTION('ref_axis',(0.,-0.965925826289065,-0.258819045102531));
#4998=DIRECTION('',(1.,0.,0.));
#4999=DIRECTION('center_axis',(1.,0.,0.));
#5000=DIRECTION('ref_axis',(0.,-0.965925826289065,-0.258819045102531));
#5001=DIRECTION('',(-1.,0.,0.));
#5002=DIRECTION('center_axis',(1.,0.,0.));
#5003=DIRECTION('ref_axis',(0.,0.584285729889304,0.81154801820208));
#5004=DIRECTION('',(1.,0.,0.));
#5005=DIRECTION('',(1.,0.,0.));
#5006=DIRECTION('center_axis',(0.,0.127117295868517,-0.991887691773154));
#5007=DIRECTION('ref_axis',(0.,0.991887691773154,0.127117295868517));
#5008=DIRECTION('',(1.,0.,0.));
#5009=DIRECTION('center_axis',(0.,0.730221414608429,-0.683210571966846));
#5010=DIRECTION('ref_axis',(0.,0.683210571966846,0.730221414608429));
#5011=DIRECTION('',(-1.,0.,0.));
#5012=DIRECTION('center_axis',(1.,0.,0.));
#5013=DIRECTION('ref_axis',(0.,-0.707106781186539,-0.707106781186556));
#5014=DIRECTION('',(1.,0.,0.));
#5015=DIRECTION('center_axis',(1.,0.,0.));
#5016=DIRECTION('ref_axis',(0.,-0.707106781186539,-0.707106781186556));
#5017=DIRECTION('',(-1.,0.,0.));
#5018=DIRECTION('center_axis',(1.,0.,0.));
#5019=DIRECTION('ref_axis',(0.,0.100232276051831,0.994964065098569));
#5020=DIRECTION('',(1.,0.,0.));
#5021=DIRECTION('',(1.,0.,0.));
#5022=DIRECTION('center_axis',(0.,0.606030653369097,-0.795441290842401));
#5023=DIRECTION('ref_axis',(0.,0.795441290842401,0.606030653369097));
#5024=DIRECTION('',(1.,0.,0.));
#5025=DIRECTION('center_axis',(0.,0.528511815439213,-0.848925945498868));
#5026=DIRECTION('ref_axis',(0.,0.848925945498868,0.528511815439213));
#5027=DIRECTION('',(-1.,0.,0.));
#5028=DIRECTION('center_axis',(1.,0.,0.));
#5029=DIRECTION('ref_axis',(0.,-0.866025403784434,-0.500000000000009));
#5030=DIRECTION('',(1.,0.,0.));
#5031=DIRECTION('center_axis',(1.,0.,0.));
#5032=DIRECTION('ref_axis',(0.,-0.866025403784433,-0.50000000000001));
#5033=DIRECTION('',(-1.,0.,0.));
#5034=DIRECTION('center_axis',(1.,0.,0.));
#5035=DIRECTION('ref_axis',(0.,0.354332593306332,0.935119464732079));
#5036=DIRECTION('',(1.,0.,0.));
#5037=DIRECTION('',(1.,0.,0.));
#5038=DIRECTION('center_axis',(0.,0.379505304281101,-0.925189561129236));
#5039=DIRECTION('ref_axis',(0.,0.925189561129236,0.379505304281101));
#5040=DIRECTION('',(1.,0.,0.));
#5041=DIRECTION('center_axis',(0.,0.882167631120026,-0.470935527014136));
#5042=DIRECTION('ref_axis',(0.,0.470935527014136,0.882167631120026));
#5043=DIRECTION('',(-1.,0.,0.));
#5044=DIRECTION('center_axis',(1.,0.,0.));
#5045=DIRECTION('ref_axis',(0.,-0.499999999999989,-0.866025403784445));
#5046=DIRECTION('',(1.,0.,0.));
#5047=DIRECTION('center_axis',(1.,0.,0.));
#5048=DIRECTION('ref_axis',(0.,-0.499999999999989,-0.866025403784445));
#5049=DIRECTION('',(-1.,0.,0.));
#5050=DIRECTION('center_axis',(1.,0.,0.));
#5051=DIRECTION('ref_axis',(0.,-0.160698705173936,0.987003508684453));
#5052=DIRECTION('',(1.,0.,0.));
#5053=DIRECTION('',(1.,0.,0.));
#5054=DIRECTION('center_axis',(0.,0.791256014942996,-0.611485011113543));
#5055=DIRECTION('ref_axis',(0.,0.611485011113543,0.791256014942996));
#5056=DIRECTION('',(1.,0.,0.));
#5057=DIRECTION('center_axis',(0.,0.973995581421732,-0.226567004153169));
#5058=DIRECTION('ref_axis',(0.,0.226567004153169,0.973995581421732));
#5059=DIRECTION('',(-1.,0.,0.));
#5060=DIRECTION('center_axis',(1.,0.,0.));
#5061=DIRECTION('ref_axis',(0.,-0.258819045102508,-0.965925826289072));
#5062=DIRECTION('',(1.,0.,0.));
#5063=DIRECTION('center_axis',(1.,0.,0.));
#5064=DIRECTION('ref_axis',(0.,-0.258819045102508,-0.965925826289072));
#5065=DIRECTION('',(-1.,0.,0.));
#5066=DIRECTION('center_axis',(1.,0.,0.));
#5067=DIRECTION('ref_axis',(0.,-0.410678335209268,0.911780294253909));
#5068=DIRECTION('',(1.,0.,0.));
#5069=DIRECTION('',(1.,0.,0.));
#5070=DIRECTION('center_axis',(0.,0.92255858671092,-0.385857038404056));
#5071=DIRECTION('ref_axis',(0.,0.385857038404056,0.92255858671092));
#5072=DIRECTION('',(1.,0.,0.));
#5073=DIRECTION('center_axis',(0.,0.226567004153179,0.97399558142173));
#5074=DIRECTION('ref_axis',(0.,-0.97399558142173,0.226567004153179));
#5075=DIRECTION('',(-1.,0.,0.));
#5076=DIRECTION('center_axis',(1.,0.,0.));
#5077=DIRECTION('ref_axis',(0.,0.965925826289069,-0.258819045102518));
#5078=DIRECTION('',(1.,0.,0.));
#5079=DIRECTION('center_axis',(1.,0.,0.));
#5080=DIRECTION('ref_axis',(0.,0.965925826289069,-0.258819045102518));
#5081=DIRECTION('',(-1.,0.,0.));
#5082=DIRECTION('center_axis',(1.,0.,0.));
#5083=DIRECTION('ref_axis',(0.,-0.911780294253913,-0.410678335209259));
#5084=DIRECTION('',(1.,0.,0.));
#5085=DIRECTION('',(1.,0.,0.));
#5086=DIRECTION('center_axis',(0.,0.385857038404066,0.922558586710916));
#5087=DIRECTION('ref_axis',(0.,-0.922558586710916,0.385857038404066));
#5088=DIRECTION('',(1.,0.,0.));
#5089=DIRECTION('center_axis',(0.,0.470935527014146,0.882167631120021));
#5090=DIRECTION('ref_axis',(0.,-0.882167631120021,0.470935527014146));
#5091=DIRECTION('',(-1.,0.,0.));
#5092=DIRECTION('center_axis',(1.,0.,0.));
#5093=DIRECTION('ref_axis',(0.,0.86602540378444,-0.499999999999997));
#5094=DIRECTION('',(1.,0.,0.));
#5095=DIRECTION('center_axis',(1.,0.,0.));
#5096=DIRECTION('ref_axis',(0.,0.86602540378444,-0.499999999999998));
#5097=DIRECTION('',(-1.,0.,0.));
#5098=DIRECTION('center_axis',(1.,0.,0.));
#5099=DIRECTION('ref_axis',(0.,-0.987003508684454,-0.160698705173926));
#5100=DIRECTION('',(1.,0.,0.));
#5101=DIRECTION('',(1.,0.,0.));
#5102=DIRECTION('center_axis',(0.,0.611485011113551,0.791256014942989));
#5103=DIRECTION('ref_axis',(0.,-0.791256014942989,0.611485011113551));
#5104=DIRECTION('',(1.,0.,0.));
#5105=DIRECTION('center_axis',(0.,0.848925945498874,0.528511815439204));
#5106=DIRECTION('ref_axis',(0.,-0.528511815439204,0.848925945498874));
#5107=DIRECTION('',(-1.,0.,0.));
#5108=DIRECTION('center_axis',(1.,0.,0.));
#5109=DIRECTION('ref_axis',(0.,0.500000000000001,-0.866025403784438));
#5110=DIRECTION('',(1.,0.,0.));
#5111=DIRECTION('center_axis',(1.,0.,0.));
#5112=DIRECTION('ref_axis',(0.,0.500000000000001,-0.866025403784438));
#5113=DIRECTION('',(-1.,0.,0.));
#5114=DIRECTION('center_axis',(1.,0.,0.));
#5115=DIRECTION('ref_axis',(0.,-0.935119464732075,0.354332593306343));
#5116=DIRECTION('',(1.,0.,0.));
#5117=DIRECTION('',(1.,0.,0.));
#5118=DIRECTION('center_axis',(0.,0.92518956112924,0.379505304281092));
#5119=DIRECTION('ref_axis',(0.,-0.379505304281092,0.92518956112924));
#5120=DIRECTION('',(1.,0.,0.));
#5121=DIRECTION('center_axis',(0.,0.683210571966853,0.730221414608422));
#5122=DIRECTION('ref_axis',(0.,-0.730221414608422,0.683210571966853));
#5123=DIRECTION('',(-1.,0.,0.));
#5124=DIRECTION('center_axis',(1.,0.,0.));
#5125=DIRECTION('ref_axis',(0.,0.707106781186549,-0.707106781186546));
#5126=DIRECTION('',(1.,0.,0.));
#5127=DIRECTION('center_axis',(1.,0.,0.));
#5128=DIRECTION('ref_axis',(0.,0.707106781186549,-0.707106781186546));
#5129=DIRECTION('',(-1.,0.,0.));
#5130=DIRECTION('center_axis',(1.,0.,0.));
#5131=DIRECTION('ref_axis',(0.,-0.994964065098568,0.10023227605184));
#5132=DIRECTION('',(1.,0.,0.));
#5133=DIRECTION('',(1.,0.,0.));
#5134=DIRECTION('center_axis',(0.,0.795441290842408,0.606030653369088));
#5135=DIRECTION('ref_axis',(0.,-0.606030653369088,0.795441290842408));
#5136=DIRECTION('',(1.,0.,0.));
#5137=DIRECTION('center_axis',(0.,-0.0332416856211486,0.99944734245335));
#5138=DIRECTION('ref_axis',(0.,-0.999447342453351,-0.0332416856211486));
#5139=DIRECTION('',(-1.,0.,0.));
#5140=DIRECTION('center_axis',(1.,0.,0.));
#5141=DIRECTION('ref_axis',(0.,1.,3.46455581433337E-15));
#5142=DIRECTION('',(1.,0.,0.));
#5143=DIRECTION('center_axis',(1.,0.,0.));
#5144=DIRECTION('ref_axis',(0.,1.,3.49148133884313E-15));
#5145=DIRECTION('',(-1.,0.,0.));
#5146=DIRECTION('center_axis',(1.,0.,0.));
#5147=DIRECTION('ref_axis',(0.,-0.774420759558149,-0.632670915378113));
#5148=DIRECTION('',(1.,0.,0.));
#5149=DIRECTION('',(1.,0.,0.));
#5150=DIRECTION('center_axis',(0.,0.133933546186249,0.990990315394644));
#5151=DIRECTION('ref_axis',(0.,-0.990990315394644,0.133933546186249));
#5152=DIRECTION('',(1.,0.,0.));
#5153=DIRECTION('center_axis',(0.,-0.290785009454878,0.956788418761602));
#5154=DIRECTION('ref_axis',(0.,-0.956788418761602,-0.290785009454878));
#5155=DIRECTION('',(-1.,0.,0.));
#5156=DIRECTION('center_axis',(1.,0.,0.));
#5157=DIRECTION('ref_axis',(0.,0.965925826289067,0.258819045102525));
#5158=DIRECTION('',(1.,0.,0.));
#5159=DIRECTION('center_axis',(1.,0.,0.));
#5160=DIRECTION('ref_axis',(0.,0.965925826289067,0.258819045102525));
#5161=DIRECTION('',(-1.,0.,0.));
#5162=DIRECTION('center_axis',(1.,0.,0.));
#5163=DIRECTION('ref_axis',(0.,-0.584285729889308,-0.811548018202077));
#5164=DIRECTION('',(1.,0.,0.));
#5165=DIRECTION('',(1.,0.,0.));
#5166=DIRECTION('center_axis',(0.,-0.12711729586851,0.991887691773155));
#5167=DIRECTION('ref_axis',(0.,-0.991887691773155,-0.12711729586851));
#5168=DIRECTION('',(1.,0.,0.));
#5169=DIRECTION('center_axis',(0.,-0.730221414608424,0.683210571966851));
#5170=DIRECTION('ref_axis',(0.,-0.683210571966851,-0.730221414608424));
#5171=DIRECTION('',(-1.,0.,0.));
#5172=DIRECTION('center_axis',(1.,0.,0.));
#5173=DIRECTION('ref_axis',(0.,0.707106781186543,0.707106781186552));
#5174=DIRECTION('',(1.,0.,0.));
#5175=DIRECTION('center_axis',(1.,0.,0.));
#5176=DIRECTION('ref_axis',(0.,0.707106781186544,0.707106781186551));
#5177=DIRECTION('',(-1.,0.,0.));
#5178=DIRECTION('center_axis',(1.,0.,0.));
#5179=DIRECTION('ref_axis',(0.,-0.100232276051835,-0.994964065098568));
#5180=DIRECTION('',(1.,0.,0.));
#5181=DIRECTION('',(1.,0.,0.));
#5182=DIRECTION('center_axis',(0.,-0.606030653369091,0.795441290842406));
#5183=DIRECTION('ref_axis',(0.,-0.795441290842406,-0.606030653369091));
#5184=DIRECTION('',(1.,0.,0.));
#5185=DIRECTION('center_axis',(0.,-0.528511815439207,0.848925945498872));
#5186=DIRECTION('ref_axis',(0.,-0.848925945498872,-0.528511815439207));
#5187=DIRECTION('',(-1.,0.,0.));
#5188=DIRECTION('center_axis',(1.,0.,0.));
#5189=DIRECTION('ref_axis',(0.,0.866025403784436,0.500000000000004));
#5190=DIRECTION('',(1.,0.,0.));
#5191=DIRECTION('center_axis',(1.,0.,0.));
#5192=DIRECTION('ref_axis',(0.,0.866025403784436,0.500000000000004));
#5193=DIRECTION('',(-1.,0.,0.));
#5194=DIRECTION('center_axis',(1.,0.,0.));
#5195=DIRECTION('ref_axis',(0.,-0.35433259330634,-0.935119464732076));
#5196=DIRECTION('',(1.,0.,0.));
#5197=DIRECTION('',(1.,0.,0.));
#5198=DIRECTION('center_axis',(0.,-0.379505304281095,0.925189561129239));
#5199=DIRECTION('ref_axis',(0.,-0.925189561129239,-0.379505304281095));
#5200=DIRECTION('',(1.,0.,0.));
#5201=DIRECTION('center_axis',(0.,-0.882167631120022,0.470935527014143));
#5202=DIRECTION('ref_axis',(0.,-0.470935527014143,-0.882167631120022));
#5203=DIRECTION('',(-1.,0.,0.));
#5204=DIRECTION('center_axis',(1.,0.,0.));
#5205=DIRECTION('ref_axis',(0.,0.499999999999995,0.866025403784441));
#5206=DIRECTION('',(1.,0.,0.));
#5207=DIRECTION('center_axis',(1.,0.,0.));
#5208=DIRECTION('ref_axis',(0.,0.499999999999995,0.866025403784442));
#5209=DIRECTION('',(-1.,0.,0.));
#5210=DIRECTION('center_axis',(1.,0.,0.));
#5211=DIRECTION('ref_axis',(0.,0.16069870517393,-0.987003508684454));
#5212=DIRECTION('',(1.,0.,0.));
#5213=DIRECTION('',(1.,0.,0.));
#5214=DIRECTION('center_axis',(0.,-0.791256014942992,0.611485011113548));
#5215=DIRECTION('ref_axis',(0.,-0.611485011113548,-0.791256014942992));
#5216=DIRECTION('',(1.,0.,0.));
#5217=DIRECTION('center_axis',(0.,-0.97399558142173,0.226567004153176));
#5218=DIRECTION('ref_axis',(0.,-0.226567004153176,-0.97399558142173));
#5219=DIRECTION('',(-1.,0.,0.));
#5220=DIRECTION('center_axis',(1.,0.,0.));
#5221=DIRECTION('ref_axis',(0.,0.258819045102514,0.96592582628907));
#5222=DIRECTION('',(1.,0.,0.));
#5223=DIRECTION('center_axis',(1.,0.,0.));
#5224=DIRECTION('ref_axis',(0.,0.258819045102515,0.96592582628907));
#5225=DIRECTION('',(-1.,0.,0.));
#5226=DIRECTION('center_axis',(1.,0.,0.));
#5227=DIRECTION('ref_axis',(0.,0.410678335209262,-0.911780294253911));
#5228=DIRECTION('',(1.,0.,0.));
#5229=DIRECTION('',(1.,0.,0.));
#5230=DIRECTION('center_axis',(0.,-0.922558586710918,0.385857038404063));
#5231=DIRECTION('ref_axis',(0.,-0.385857038404063,-0.922558586710918));
#5232=DIRECTION('',(1.,0.,0.));
#5233=DIRECTION('center_axis',(0.,-0.999447342453351,-0.0332416856211451));
#5234=DIRECTION('ref_axis',(0.,0.0332416856211451,-0.999447342453351));
#5235=DIRECTION('',(-1.,0.,0.));
#5236=DIRECTION('center_axis',(1.,0.,0.));
#5237=DIRECTION('ref_axis',(0.,0.,1.));
#5238=DIRECTION('',(1.,0.,0.));
#5239=DIRECTION('center_axis',(1.,0.,0.));
#5240=DIRECTION('ref_axis',(0.,0.,1.));
#5241=DIRECTION('',(-1.,0.,0.));
#5242=DIRECTION('center_axis',(1.,0.,0.));
#5243=DIRECTION('ref_axis',(0.,0.632670915378112,-0.77442075955815));
#5244=DIRECTION('',(1.,0.,0.));
#5245=DIRECTION('',(1.,0.,0.));
#5246=DIRECTION('center_axis',(0.,-0.990990315394644,0.133933546186253));
#5247=DIRECTION('ref_axis',(0.,-0.133933546186253,-0.990990315394643));
#5248=DIRECTION('',(1.,0.,0.));
#5249=DIRECTION('center_axis',(0.,-0.956788418761601,-0.290785009454882));
#5250=DIRECTION('ref_axis',(0.,0.290785009454882,-0.956788418761601));
#5251=DIRECTION('',(-1.,0.,0.));
#5252=DIRECTION('center_axis',(1.,0.,0.));
#5253=DIRECTION('ref_axis',(0.,-0.258819045102528,0.965925826289067));
#5254=DIRECTION('',(1.,0.,0.));
#5255=DIRECTION('center_axis',(1.,0.,0.));
#5256=DIRECTION('ref_axis',(0.,-0.258819045102528,0.965925826289066));
#5257=DIRECTION('',(-1.,0.,0.));
#5258=DIRECTION('center_axis',(1.,0.,0.));
#5259=DIRECTION('ref_axis',(0.,0.811548018202079,-0.584285729889305));
#5260=DIRECTION('',(1.,0.,0.));
#5261=DIRECTION('',(1.,0.,0.));
#5262=DIRECTION('center_axis',(0.,-0.991887691773155,-0.127117295868514));
#5263=DIRECTION('ref_axis',(0.,0.127117295868514,-0.991887691773155));
#5264=DIRECTION('',(1.,0.,0.));
#5265=DIRECTION('center_axis',(0.,-0.226567004153173,-0.973995581421731));
#5266=DIRECTION('ref_axis',(0.,0.973995581421731,-0.226567004153173));
#5267=DIRECTION('',(-1.,0.,0.));
#5268=DIRECTION('center_axis',(1.,0.,0.));
#5269=DIRECTION('ref_axis',(0.,-0.965925826289071,0.258819045102511));
#5270=DIRECTION('',(1.,0.,0.));
#5271=DIRECTION('center_axis',(1.,0.,0.));
#5272=DIRECTION('ref_axis',(0.,-0.965925826289071,0.258819045102511));
#5273=DIRECTION('',(-1.,0.,0.));
#5274=DIRECTION('center_axis',(1.,0.,0.));
#5275=DIRECTION('ref_axis',(0.,0.91178029425391,0.410678335209265));
#5276=DIRECTION('',(1.,0.,0.));
#5277=DIRECTION('',(1.,0.,0.));
#5278=DIRECTION('center_axis',(0.,-0.38585703840406,-0.922558586710919));
#5279=DIRECTION('ref_axis',(0.,0.922558586710919,-0.38585703840406));
#5280=DIRECTION('',(1.,0.,0.));
#5281=DIRECTION('center_axis',(0.,-0.470935527014139,-0.882167631120024));
#5282=DIRECTION('ref_axis',(0.,0.882167631120024,-0.47093552701414));
#5283=DIRECTION('',(-1.,0.,0.));
#5284=DIRECTION('center_axis',(1.,0.,0.));
#5285=DIRECTION('ref_axis',(0.,-0.866025403784444,0.499999999999991));
#5286=DIRECTION('',(1.,0.,0.));
#5287=DIRECTION('center_axis',(1.,0.,0.));
#5288=DIRECTION('ref_axis',(0.,-0.866025403784443,0.499999999999992));
#5289=DIRECTION('',(-1.,0.,0.));
#5290=DIRECTION('center_axis',(1.,0.,0.));
#5291=DIRECTION('ref_axis',(0.,0.987003508684453,0.160698705173931));
#5292=DIRECTION('',(1.,0.,0.));
#5293=DIRECTION('',(1.,0.,0.));
#5294=DIRECTION('center_axis',(0.,-0.611485011113546,-0.791256014942994));
#5295=DIRECTION('ref_axis',(0.,0.791256014942994,-0.611485011113546));
#5296=DIRECTION('',(1.,0.,0.));
#5297=DIRECTION('center_axis',(0.,-0.84892594549887,-0.52851181543921));
#5298=DIRECTION('ref_axis',(0.,0.52851181543921,-0.84892594549887));
#5299=DIRECTION('',(-1.,0.,0.));
#5300=DIRECTION('center_axis',(1.,0.,0.));
#5301=DIRECTION('ref_axis',(0.,-0.500000000000008,0.866025403784434));
#5302=DIRECTION('',(1.,0.,0.));
#5303=DIRECTION('center_axis',(1.,0.,0.));
#5304=DIRECTION('ref_axis',(0.,-0.500000000000007,0.866025403784435));
#5305=DIRECTION('',(-1.,0.,0.));
#5306=DIRECTION('center_axis',(1.,0.,0.));
#5307=DIRECTION('ref_axis',(0.,0.935119464732077,-0.354332593306337));
#5308=DIRECTION('',(1.,0.,0.));
#5309=DIRECTION('',(1.,0.,0.));
#5310=DIRECTION('center_axis',(0.,-0.925189561129238,-0.379505304281098));
#5311=DIRECTION('ref_axis',(0.,0.379505304281098,-0.925189561129238));
#5312=DIRECTION('',(1.,0.,0.));
#5313=DIRECTION('center_axis',(0.,-0.683210571966848,-0.730221414608427));
#5314=DIRECTION('ref_axis',(0.,0.730221414608427,-0.683210571966848));
#5315=DIRECTION('',(-1.,0.,0.));
#5316=DIRECTION('center_axis',(1.,0.,0.));
#5317=DIRECTION('ref_axis',(0.,-0.707106781186552,0.707106781186543));
#5318=DIRECTION('',(1.,0.,0.));
#5319=DIRECTION('center_axis',(1.,0.,0.));
#5320=DIRECTION('ref_axis',(0.,-0.707106781186554,0.707106781186541));
#5321=DIRECTION('',(-1.,0.,0.));
#5322=DIRECTION('center_axis',(1.,0.,0.));
#5323=DIRECTION('ref_axis',(0.,0.994964065098569,-0.100232276051834));
#5324=DIRECTION('',(1.,0.,0.));
#5325=DIRECTION('',(1.,0.,0.));
#5326=DIRECTION('center_axis',(0.,-0.795441290842404,-0.606030653369094));
#5327=DIRECTION('ref_axis',(0.,0.606030653369094,-0.795441290842404));
#5328=DIRECTION('center_axis',(1.,0.,0.));
#5329=DIRECTION('ref_axis',(0.,0.,-1.));
#5330=DIRECTION('center_axis',(-1.,0.,0.));
#5331=DIRECTION('ref_axis',(0.,0.,1.));
#5332=DIRECTION('center_axis',(1.,0.,0.));
#5333=DIRECTION('ref_axis',(0.,0.,-1.));
#5334=DIRECTION('center_axis',(1.,0.,0.));
#5335=DIRECTION('ref_axis',(0.,0.,-1.));
#5336=DIRECTION('',(0.,0.,1.));
#5337=DIRECTION('',(1.,0.,0.));
#5338=DIRECTION('',(-0.999443707896024,2.39996069178935E-17,0.0333507833048498));
#5339=DIRECTION('',(2.16975004464313E-17,1.,-6.93889735207542E-17));
#5340=DIRECTION('',(-0.064692197700656,-2.8426794056302E-17,0.997905265822693));
#5341=DIRECTION('',(0.997905265822693,9.45757646951642E-18,0.064692197700656));
#5342=CARTESIAN_POINT('',(0.,0.,0.));
#5343=CARTESIAN_POINT('',(0.,0.,0.));
#5344=CARTESIAN_POINT('',(0.,0.,0.));
#5345=CARTESIAN_POINT('',(0.,0.,0.));
#5346=CARTESIAN_POINT('Origin',(8.,0.,6.));
#5347=CARTESIAN_POINT('',(7.6,-1.77573785876366E-16,4.55));
#5348=CARTESIAN_POINT('Origin',(7.6,0.,6.));
#5349=CARTESIAN_POINT('',(8.,-1.28587913910472E-16,4.95));
#5350=CARTESIAN_POINT('',(8.,-1.28587913910472E-16,4.95));
#5351=CARTESIAN_POINT('Origin',(8.,0.,6.));
#5352=CARTESIAN_POINT('Origin',(8.,0.,-6.));
#5353=CARTESIAN_POINT('',(7.6,-1.77573785876366E-16,-7.45));
#5354=CARTESIAN_POINT('Origin',(7.6,0.,-6.));
#5355=CARTESIAN_POINT('',(8.,-1.28587913910472E-16,-7.05));
#5356=CARTESIAN_POINT('',(8.,-1.28587913910472E-16,-7.05));
#5357=CARTESIAN_POINT('Origin',(8.,0.,-6.));
#5358=CARTESIAN_POINT('Origin',(8.,0.,6.));
#5359=CARTESIAN_POINT('',(4.,-1.77573785876366E-16,4.55));
#5360=CARTESIAN_POINT('Origin',(4.,0.,6.));
#5361=CARTESIAN_POINT('',(8.,-1.77573785876366E-16,4.55));
#5362=CARTESIAN_POINT('Origin',(8.,0.,-6.));
#5363=CARTESIAN_POINT('',(4.,-1.77573785876366E-16,-7.45));
#5364=CARTESIAN_POINT('Origin',(4.,0.,-6.));
#5365=CARTESIAN_POINT('',(8.,-1.77573785876366E-16,-7.45));
#5366=CARTESIAN_POINT('Origin',(-5.,0.,0.));
#5367=CARTESIAN_POINT('',(-5.,-3.9801020972289E-16,3.25));
#5368=CARTESIAN_POINT('Origin',(-5.,0.,0.));
#5369=CARTESIAN_POINT('',(1.,-3.9801020972289E-16,3.25));
#5370=CARTESIAN_POINT('',(-5.,-3.9801020972289E-16,3.25));
#5371=CARTESIAN_POINT('Origin',(1.,0.,0.));
#5372=CARTESIAN_POINT('Origin',(-5.,0.,0.));
#5373=CARTESIAN_POINT('',(-4.,-6.12323399573677E-16,5.));
#5374=CARTESIAN_POINT('Origin',(-4.,0.,0.));
#5375=CARTESIAN_POINT('',(-5.,-6.12323399573677E-16,5.));
#5376=CARTESIAN_POINT('',(-5.,-6.12323399573677E-16,5.));
#5377=CARTESIAN_POINT('Origin',(-5.,0.,0.));
#5378=CARTESIAN_POINT('Origin',(1.,0.,0.));
#5379=CARTESIAN_POINT('',(1.,-4.59242549680257E-16,3.75));
#5380=CARTESIAN_POINT('Origin',(1.,0.,0.));
#5381=CARTESIAN_POINT('',(4.,-4.59242549680257E-16,3.75));
#5382=CARTESIAN_POINT('',(1.,-4.59242549680257E-16,3.75));
#5383=CARTESIAN_POINT('Origin',(4.,0.,0.));
#5384=CARTESIAN_POINT('Origin',(4.,0.,0.));
#5385=CARTESIAN_POINT('',(-4.,-5.37206304145256,7.34513026968613));
#5386=CARTESIAN_POINT('',(4.,-5.37206304145256,7.34513026968613));
#5387=CARTESIAN_POINT('',(-4.,-5.37206304145256,7.34513026968613));
#5388=CARTESIAN_POINT('',(4.,-4.95982507505689,7.62955668599669));
#5389=CARTESIAN_POINT('Origin',(4.,0.,0.));
#5390=CARTESIAN_POINT('',(-4.,-4.95982507505689,7.62955668599669));
#5391=CARTESIAN_POINT('',(-4.,-4.95982507505689,7.62955668599669));
#5392=CARTESIAN_POINT('Origin',(-4.,0.,0.));
#5393=CARTESIAN_POINT('Origin',(4.,0.,0.));
#5394=CARTESIAN_POINT('',(-4.,-3.28795482963824,8.48524325156672));
#5395=CARTESIAN_POINT('',(4.,-3.28795482963824,8.48524325156672));
#5396=CARTESIAN_POINT('',(-4.,-3.28795482963824,8.48524325156672));
#5397=CARTESIAN_POINT('',(4.,-2.81614855784835,8.65328303594241));
#5398=CARTESIAN_POINT('Origin',(4.,0.,0.));
#5399=CARTESIAN_POINT('',(-4.,-2.81614855784835,8.65328303594241));
#5400=CARTESIAN_POINT('',(-4.,-2.81614855784835,8.65328303594241));
#5401=CARTESIAN_POINT('Origin',(-4.,0.,0.));
#5402=CARTESIAN_POINT('Origin',(4.,0.,0.));
#5403=CARTESIAN_POINT('',(4.,-6.76549770989879,6.08588865633888));
#5404=CARTESIAN_POINT('',(4.,-7.09007403474582,5.70445879832812));
#5405=CARTESIAN_POINT('Origin',(4.,0.,0.));
#5406=CARTESIAN_POINT('',(-4.,-6.76549770989879,6.08588865633888));
#5407=CARTESIAN_POINT('',(-4.,-6.76549770989879,6.08588865633888));
#5408=CARTESIAN_POINT('',(-4.,-7.09007403474582,5.70445879832812));
#5409=CARTESIAN_POINT('Origin',(-4.,0.,0.));
#5410=CARTESIAN_POINT('',(-4.,-7.09007403474582,5.70445879832812));
#5411=CARTESIAN_POINT('Origin',(4.,0.,0.));
#5412=CARTESIAN_POINT('',(4.,-8.11011285632468,4.1274773721581));
#5413=CARTESIAN_POINT('',(4.,-8.32490819947248,3.67503788692794));
#5414=CARTESIAN_POINT('Origin',(4.,0.,0.));
#5415=CARTESIAN_POINT('',(-4.,-8.11011285632468,4.1274773721581));
#5416=CARTESIAN_POINT('',(-4.,-8.11011285632468,4.1274773721581));
#5417=CARTESIAN_POINT('',(-4.,-8.32490819947248,3.67503788692794));
#5418=CARTESIAN_POINT('Origin',(-4.,0.,0.));
#5419=CARTESIAN_POINT('',(-4.,-8.32490819947248,3.67503788692794));
#5420=CARTESIAN_POINT('Origin',(4.,0.,0.));
#5421=CARTESIAN_POINT('',(-4.,-0.979777929786338,9.04710092838051));
#5422=CARTESIAN_POINT('',(4.,-0.979777929786338,9.04710092838051));
#5423=CARTESIAN_POINT('',(-4.,-0.979777929786338,9.04710092838051));
#5424=CARTESIAN_POINT('',(4.,-0.480556170327906,9.087302447215));
#5425=CARTESIAN_POINT('Origin',(4.,0.,0.));
#5426=CARTESIAN_POINT('',(-4.,-0.480556170327906,9.087302447215));
#5427=CARTESIAN_POINT('',(-4.,-0.480556170327906,9.087302447215));
#5428=CARTESIAN_POINT('Origin',(-4.,0.,0.));
#5429=CARTESIAN_POINT('Origin',(4.,0.,0.));
#5430=CARTESIAN_POINT('',(-4.,1.39516921682098,8.99241362796636));
#5431=CARTESIAN_POINT('',(4.,1.39516921682098,8.99241362796636));
#5432=CARTESIAN_POINT('',(-4.,1.39516921682098,8.99241362796636));
#5433=CARTESIAN_POINT('',(4.,1.88778532604364,8.90203721418723));
#5434=CARTESIAN_POINT('Origin',(4.,0.,0.));
#5435=CARTESIAN_POINT('',(-4.,1.88778532604364,8.90203721418723));
#5436=CARTESIAN_POINT('',(-4.,1.88778532604364,8.90203721418723));
#5437=CARTESIAN_POINT('Origin',(-4.,0.,0.));
#5438=CARTESIAN_POINT('Origin',(4.,0.,0.));
#5439=CARTESIAN_POINT('',(-4.,3.67503788692797,8.32490819947247));
#5440=CARTESIAN_POINT('',(4.,3.67503788692797,8.32490819947247));
#5441=CARTESIAN_POINT('',(-4.,3.67503788692797,8.32490819947247));
#5442=CARTESIAN_POINT('',(4.,4.12747737215812,8.11011285632467));
#5443=CARTESIAN_POINT('Origin',(4.,0.,0.));
#5444=CARTESIAN_POINT('',(-4.,4.12747737215812,8.11011285632467));
#5445=CARTESIAN_POINT('',(-4.,4.12747737215812,8.11011285632467));
#5446=CARTESIAN_POINT('Origin',(-4.,0.,0.));
#5447=CARTESIAN_POINT('Origin',(4.,0.,0.));
#5448=CARTESIAN_POINT('',(-4.,5.70445879832815,7.0900740347458));
#5449=CARTESIAN_POINT('',(4.,5.70445879832815,7.0900740347458));
#5450=CARTESIAN_POINT('',(-4.,5.70445879832815,7.0900740347458));
#5451=CARTESIAN_POINT('',(4.,6.0858886563389,6.76549770989877));
#5452=CARTESIAN_POINT('Origin',(4.,0.,0.));
#5453=CARTESIAN_POINT('',(-4.,6.0858886563389,6.76549770989877));
#5454=CARTESIAN_POINT('',(-4.,6.0858886563389,6.76549770989877));
#5455=CARTESIAN_POINT('Origin',(-4.,0.,0.));
#5456=CARTESIAN_POINT('Origin',(4.,0.,0.));
#5457=CARTESIAN_POINT('',(-4.,8.48524325156673,3.28795482963821));
#5458=CARTESIAN_POINT('',(4.,8.48524325156673,3.28795482963821));
#5459=CARTESIAN_POINT('',(-4.,8.48524325156673,3.28795482963821));
#5460=CARTESIAN_POINT('',(4.,8.65328303594242,2.81614855784831));
#5461=CARTESIAN_POINT('Origin',(4.,0.,0.));
#5462=CARTESIAN_POINT('',(-4.,8.65328303594242,2.81614855784831));
#5463=CARTESIAN_POINT('',(-4.,8.65328303594242,2.81614855784831));
#5464=CARTESIAN_POINT('Origin',(-4.,0.,0.));
#5465=CARTESIAN_POINT('Origin',(4.,0.,0.));
#5466=CARTESIAN_POINT('',(4.,7.62955668599671,4.95982507505686));
#5467=CARTESIAN_POINT('',(4.,7.34513026968615,5.37206304145253));
#5468=CARTESIAN_POINT('Origin',(4.,0.,0.));
#5469=CARTESIAN_POINT('',(-4.,7.62955668599671,4.95982507505686));
#5470=CARTESIAN_POINT('',(-4.,7.62955668599671,4.95982507505686));
#5471=CARTESIAN_POINT('',(-4.,7.34513026968615,5.37206304145253));
#5472=CARTESIAN_POINT('Origin',(-4.,0.,0.));
#5473=CARTESIAN_POINT('',(-4.,7.34513026968615,5.37206304145253));
#5474=CARTESIAN_POINT('Origin',(4.,0.,0.));
#5475=CARTESIAN_POINT('',(-4.,9.04710092838052,0.979777929786306));
#5476=CARTESIAN_POINT('',(4.,9.04710092838052,0.979777929786306));
#5477=CARTESIAN_POINT('',(-4.,9.04710092838052,0.979777929786306));
#5478=CARTESIAN_POINT('',(4.,9.087302447215,0.480556170327938));
#5479=CARTESIAN_POINT('Origin',(4.,0.,0.));
#5480=CARTESIAN_POINT('',(-4.,9.087302447215,0.480556170327938));
#5481=CARTESIAN_POINT('',(-4.,9.087302447215,0.480556170327938));
#5482=CARTESIAN_POINT('Origin',(-4.,0.,0.));
#5483=CARTESIAN_POINT('Origin',(4.,0.,0.));
#5484=CARTESIAN_POINT('',(-4.,8.99241362796636,-1.39516921682095));
#5485=CARTESIAN_POINT('',(4.,8.99241362796636,-1.39516921682095));
#5486=CARTESIAN_POINT('',(-4.,8.99241362796636,-1.39516921682095));
#5487=CARTESIAN_POINT('',(4.,8.90203721418722,-1.88778532604367));
#5488=CARTESIAN_POINT('Origin',(4.,0.,0.));
#5489=CARTESIAN_POINT('',(-4.,8.90203721418722,-1.88778532604367));
#5490=CARTESIAN_POINT('',(-4.,8.90203721418722,-1.88778532604367));
#5491=CARTESIAN_POINT('Origin',(-4.,0.,0.));
#5492=CARTESIAN_POINT('Origin',(4.,0.,0.));
#5493=CARTESIAN_POINT('',(-4.,5.37206304145251,-7.34513026968617));
#5494=CARTESIAN_POINT('',(4.,5.37206304145251,-7.34513026968617));
#5495=CARTESIAN_POINT('',(-4.,5.37206304145251,-7.34513026968617));
#5496=CARTESIAN_POINT('',(4.,4.95982507505684,-7.62955668599673));
#5497=CARTESIAN_POINT('Origin',(4.,0.,0.));
#5498=CARTESIAN_POINT('',(-4.,4.95982507505684,-7.62955668599673));
#5499=CARTESIAN_POINT('',(-4.,4.95982507505684,-7.62955668599673));
#5500=CARTESIAN_POINT('Origin',(-4.,0.,0.));
#5501=CARTESIAN_POINT('Origin',(4.,0.,0.));
#5502=CARTESIAN_POINT('',(-4.,3.28795482963818,-8.48524325156674));
#5503=CARTESIAN_POINT('',(4.,3.28795482963818,-8.48524325156674));
#5504=CARTESIAN_POINT('',(-4.,3.28795482963818,-8.48524325156674));
#5505=CARTESIAN_POINT('',(4.,2.81614855784828,-8.65328303594243));
#5506=CARTESIAN_POINT('Origin',(4.,0.,0.));
#5507=CARTESIAN_POINT('',(-4.,2.81614855784828,-8.65328303594243));
#5508=CARTESIAN_POINT('',(-4.,2.81614855784828,-8.65328303594243));
#5509=CARTESIAN_POINT('Origin',(-4.,0.,0.));
#5510=CARTESIAN_POINT('Origin',(4.,0.,0.));
#5511=CARTESIAN_POINT('',(4.,6.76549770989875,-6.08588865633892));
#5512=CARTESIAN_POINT('',(4.,7.09007403474578,-5.70445879832817));
#5513=CARTESIAN_POINT('Origin',(4.,0.,0.));
#5514=CARTESIAN_POINT('',(-4.,6.76549770989875,-6.08588865633892));
#5515=CARTESIAN_POINT('',(-4.,6.76549770989875,-6.08588865633892));
#5516=CARTESIAN_POINT('',(-4.,7.09007403474578,-5.70445879832817));
#5517=CARTESIAN_POINT('Origin',(-4.,0.,0.));
#5518=CARTESIAN_POINT('',(-4.,7.09007403474578,-5.70445879832817));
#5519=CARTESIAN_POINT('Origin',(4.,0.,0.));
#5520=CARTESIAN_POINT('',(4.,8.11011285632465,-4.12747737215815));
#5521=CARTESIAN_POINT('',(4.,8.32490819947246,-3.675037886928));
#5522=CARTESIAN_POINT('Origin',(4.,0.,0.));
#5523=CARTESIAN_POINT('',(-4.,8.11011285632465,-4.12747737215815));
#5524=CARTESIAN_POINT('',(-4.,8.11011285632465,-4.12747737215815));
#5525=CARTESIAN_POINT('',(-4.,8.32490819947246,-3.675037886928));
#5526=CARTESIAN_POINT('Origin',(-4.,0.,0.));
#5527=CARTESIAN_POINT('',(-4.,8.32490819947246,-3.675037886928));
#5528=CARTESIAN_POINT('Origin',(4.,0.,0.));
#5529=CARTESIAN_POINT('',(-4.,-3.67503788692791,-8.32490819947249));
#5530=CARTESIAN_POINT('',(4.,-3.67503788692791,-8.32490819947249));
#5531=CARTESIAN_POINT('',(-4.,-3.67503788692791,-8.32490819947249));
#5532=CARTESIAN_POINT('',(4.,-4.12747737215807,-8.11011285632469));
#5533=CARTESIAN_POINT('Origin',(4.,0.,0.));
#5534=CARTESIAN_POINT('',(-4.,-4.12747737215807,-8.11011285632469));
#5535=CARTESIAN_POINT('',(-4.,-4.12747737215807,-8.11011285632469));
#5536=CARTESIAN_POINT('Origin',(-4.,0.,0.));
#5537=CARTESIAN_POINT('Origin',(4.,0.,0.));
#5538=CARTESIAN_POINT('',(-4.,-5.7044587983281,-7.09007403474584));
#5539=CARTESIAN_POINT('',(4.,-5.7044587983281,-7.09007403474584));
#5540=CARTESIAN_POINT('',(-4.,-5.7044587983281,-7.09007403474584));
#5541=CARTESIAN_POINT('',(4.,-6.08588865633885,-6.76549770989881));
#5542=CARTESIAN_POINT('Origin',(4.,0.,0.));
#5543=CARTESIAN_POINT('',(-4.,-6.08588865633885,-6.76549770989881));
#5544=CARTESIAN_POINT('',(-4.,-6.08588865633885,-6.76549770989881));
#5545=CARTESIAN_POINT('Origin',(-4.,0.,0.));
#5546=CARTESIAN_POINT('Origin',(4.,0.,0.));
#5547=CARTESIAN_POINT('',(-4.,-8.48524325156671,-3.28795482963827));
#5548=CARTESIAN_POINT('',(4.,-8.48524325156671,-3.28795482963827));
#5549=CARTESIAN_POINT('',(-4.,-8.48524325156671,-3.28795482963827));
#5550=CARTESIAN_POINT('',(4.,-8.6532830359424,-2.81614855784837));
#5551=CARTESIAN_POINT('Origin',(4.,0.,0.));
#5552=CARTESIAN_POINT('',(-4.,-8.6532830359424,-2.81614855784837));
#5553=CARTESIAN_POINT('',(-4.,-8.6532830359424,-2.81614855784837));
#5554=CARTESIAN_POINT('Origin',(-4.,0.,0.));
#5555=CARTESIAN_POINT('Origin',(4.,0.,0.));
#5556=CARTESIAN_POINT('',(4.,-7.62955668599668,-4.95982507505692));
#5557=CARTESIAN_POINT('',(4.,-7.34513026968611,-5.37206304145259));
#5558=CARTESIAN_POINT('Origin',(4.,0.,0.));
#5559=CARTESIAN_POINT('',(-4.,-7.62955668599668,-4.95982507505692));
#5560=CARTESIAN_POINT('',(-4.,-7.62955668599668,-4.95982507505692));
#5561=CARTESIAN_POINT('',(-4.,-7.34513026968611,-5.37206304145259));
#5562=CARTESIAN_POINT('Origin',(-4.,0.,0.));
#5563=CARTESIAN_POINT('',(-4.,-7.34513026968611,-5.37206304145259));
#5564=CARTESIAN_POINT('Origin',(4.,0.,0.));
#5565=CARTESIAN_POINT('',(-4.,-9.04710092838051,-0.97977792978637));
#5566=CARTESIAN_POINT('',(4.,-9.04710092838051,-0.97977792978637));
#5567=CARTESIAN_POINT('',(-4.,-9.04710092838051,-0.97977792978637));
#5568=CARTESIAN_POINT('',(4.,-9.087302447215,-0.480556170328001));
#5569=CARTESIAN_POINT('Origin',(4.,0.,0.));
#5570=CARTESIAN_POINT('',(-4.,-9.087302447215,-0.480556170328001));
#5571=CARTESIAN_POINT('',(-4.,-9.087302447215,-0.480556170328001));
#5572=CARTESIAN_POINT('Origin',(-4.,0.,0.));
#5573=CARTESIAN_POINT('Origin',(4.,0.,0.));
#5574=CARTESIAN_POINT('',(4.,-8.90203721418723,1.88778532604361));
#5575=CARTESIAN_POINT('',(4.,-8.99241362796637,1.39516921682089));
#5576=CARTESIAN_POINT('Origin',(4.,0.,0.));
#5577=CARTESIAN_POINT('',(-4.,-8.90203721418723,1.88778532604361));
#5578=CARTESIAN_POINT('',(-4.,-8.90203721418723,1.88778532604361));
#5579=CARTESIAN_POINT('',(-4.,-8.99241362796637,1.39516921682089));
#5580=CARTESIAN_POINT('Origin',(-4.,0.,0.));
#5581=CARTESIAN_POINT('',(-4.,-8.99241362796637,1.39516921682089));
#5582=CARTESIAN_POINT('Origin',(4.,0.,0.));
#5583=CARTESIAN_POINT('',(-4.,0.979777929786275,-9.04710092838052));
#5584=CARTESIAN_POINT('',(4.,0.979777929786275,-9.04710092838052));
#5585=CARTESIAN_POINT('',(-4.,0.979777929786275,-9.04710092838052));
#5586=CARTESIAN_POINT('',(4.,0.480556170327906,-9.087302447215));
#5587=CARTESIAN_POINT('Origin',(4.,0.,0.));
#5588=CARTESIAN_POINT('',(-4.,0.480556170327906,-9.087302447215));
#5589=CARTESIAN_POINT('',(-4.,0.480556170327906,-9.087302447215));
#5590=CARTESIAN_POINT('Origin',(-4.,0.,0.));
#5591=CARTESIAN_POINT('Origin',(4.,0.,0.));
#5592=CARTESIAN_POINT('',(4.,-1.88778532604357,-8.90203721418724));
#5593=CARTESIAN_POINT('',(4.,-1.39516921682098,-8.99241362796636));
#5594=CARTESIAN_POINT('Origin',(4.,0.,0.));
#5595=CARTESIAN_POINT('',(-4.,-1.88778532604357,-8.90203721418724));
#5596=CARTESIAN_POINT('',(-4.,-1.88778532604357,-8.90203721418724));
#5597=CARTESIAN_POINT('',(-4.,-1.39516921682098,-8.99241362796636));
#5598=CARTESIAN_POINT('Origin',(-4.,0.,0.));
#5599=CARTESIAN_POINT('',(-4.,-1.39516921682098,-8.99241362796636));
#5600=CARTESIAN_POINT('Origin',(4.,0.,0.));
#5601=CARTESIAN_POINT('',(4.,-5.58148940486492,5.58148940486482));
#5602=CARTESIAN_POINT('Ctrl Pts',(4.,-6.76549770989879,6.08588865633888));
#5603=CARTESIAN_POINT('Ctrl Pts',(4.,-6.68920946109491,6.06949085051463));
#5604=CARTESIAN_POINT('Ctrl Pts',(4.,-6.49475828230996,6.02299539047483));
#5605=CARTESIAN_POINT('Ctrl Pts',(4.,-6.25697938121942,5.95017567733003));
#5606=CARTESIAN_POINT('Ctrl Pts',(4.,-5.99346221834013,5.84170462599381));
#5607=CARTESIAN_POINT('Ctrl Pts',(4.,-5.78891807397037,5.73109146786005));
#5608=CARTESIAN_POINT('Ctrl Pts',(4.,-5.68392361415539,5.66346234744078));
#5609=CARTESIAN_POINT('Ctrl Pts',(4.,-5.62249902546046,5.61782942154179));
#5610=CARTESIAN_POINT('Ctrl Pts',(4.,-5.59200954703656,5.59133227198221));
#5611=CARTESIAN_POINT('Ctrl Pts',(4.,-5.58148940486492,5.58148940486482));
#5612=CARTESIAN_POINT('',(4.,-6.40271061138019,4.61642120913561));
#5613=CARTESIAN_POINT('Ctrl Pts',(4.,-7.09007403474582,5.70445879832812));
#5614=CARTESIAN_POINT('Ctrl Pts',(4.,-7.06167995824515,5.63177756718083));
#5615=CARTESIAN_POINT('Ctrl Pts',(4.,-6.98466774691655,5.44727226091174));
#5616=CARTESIAN_POINT('Ctrl Pts',(4.,-6.874737237302,5.22420993894275));
#5617=CARTESIAN_POINT('Ctrl Pts',(4.,-6.72549618281817,4.9814459140822));
#5618=CARTESIAN_POINT('Ctrl Pts',(4.,-6.58357743201328,4.79723775487567));
#5619=CARTESIAN_POINT('Ctrl Pts',(4.,-6.50001867054233,4.70441821004826));
#5620=CARTESIAN_POINT('Ctrl Pts',(4.,-6.44514466888913,4.65108728126386));
#5621=CARTESIAN_POINT('Ctrl Pts',(4.,-6.41411006585364,4.62523074159255));
#5622=CARTESIAN_POINT('Ctrl Pts',(4.,-6.40271061138019,4.61642120913561));
#5623=CARTESIAN_POINT('',(4.,-6.31092950472002,4.54549249584153));
#5624=CARTESIAN_POINT('',(4.,-6.40271061138019,4.61642120913561));
#5625=CARTESIAN_POINT('',(4.,-6.25256366262528,4.1870123769602));
#5626=CARTESIAN_POINT('Origin',(4.,-6.47358451767623,4.3350183958667));
#5627=CARTESIAN_POINT('',(4.,-6.38268485848432,3.98584482854953));
#5628=CARTESIAN_POINT('Origin',(4.,0.,0.));
#5629=CARTESIAN_POINT('',(4.,-6.73357419669092,3.89208321865754));
#5630=CARTESIAN_POINT('Origin',(4.,-6.60830534650516,4.12673980853547));
#5631=CARTESIAN_POINT('',(4.,-6.83590052333478,3.94670900730075));
#5632=CARTESIAN_POINT('',(4.,-6.83590052333478,3.94670900730075));
#5633=CARTESIAN_POINT('Ctrl Pts',(4.,-8.11011285632468,4.1274773721581));
#5634=CARTESIAN_POINT('Ctrl Pts',(4.,-8.03218000211744,4.13138315972594));
#5635=CARTESIAN_POINT('Ctrl Pts',(4.,-7.8323206760076,4.1367996624805));
#5636=CARTESIAN_POINT('Ctrl Pts',(4.,-7.58379676587683,4.12800292901675));
#5637=CARTESIAN_POINT('Ctrl Pts',(4.,-7.3011843586532,4.09143119959091));
#5638=CARTESIAN_POINT('Ctrl Pts',(4.,-7.0749810950263,4.03752701354921));
#5639=CARTESIAN_POINT('Ctrl Pts',(4.,-6.95606053030569,3.99937686535739));
#5640=CARTESIAN_POINT('Ctrl Pts',(4.,-6.88491826340968,3.97119669709426));
#5641=CARTESIAN_POINT('Ctrl Pts',(4.,-6.84860972182299,3.95349367370296));
#5642=CARTESIAN_POINT('Ctrl Pts',(4.,-6.83590052333478,3.94670900730075));
#5643=CARTESIAN_POINT('',(4.,-7.3793612669267,2.80197702442749));
#5644=CARTESIAN_POINT('Ctrl Pts',(4.,-8.32490819947248,3.67503788692794));
#5645=CARTESIAN_POINT('Ctrl Pts',(4.,-8.27867034082444,3.61218213644276));
#5646=CARTESIAN_POINT('Ctrl Pts',(4.,-8.1565287697776,3.45389592302737));
#5647=CARTESIAN_POINT('Ctrl Pts',(4.,-7.99261127427342,3.26688637489159));
#5648=CARTESIAN_POINT('Ctrl Pts',(4.,-7.78562353230523,3.0710207607965));
#5649=CARTESIAN_POINT('Ctrl Pts',(4.,-7.60086396580217,2.92982061797121));
#5650=CARTESIAN_POINT('Ctrl Pts',(4.,-7.49612893412558,2.86179042129188));
#5651=CARTESIAN_POINT('Ctrl Pts',(4.,-7.42932165867451,2.82447913654788));
#5652=CARTESIAN_POINT('Ctrl Pts',(4.,-7.39265236918652,2.80753598342367));
#5653=CARTESIAN_POINT('Ctrl Pts',(4.,-7.3793612669267,2.80197702442749));
#5654=CARTESIAN_POINT('',(4.,-7.27234982379313,2.75721984681553));
#5655=CARTESIAN_POINT('',(4.,-7.3793612669267,2.80197702442749));
#5656=CARTESIAN_POINT('',(4.,-7.12319126748361,2.42606083329443));
#5657=CARTESIAN_POINT('Origin',(4.,-7.37498779600861,2.51181926275042));
#5658=CARTESIAN_POINT('',(4.,-7.1968126983262,2.19807005921348));
#5659=CARTESIAN_POINT('Origin',(4.,0.,0.));
#5660=CARTESIAN_POINT('',(4.,-7.51147848192992,2.01668645525308));
#5661=CARTESIAN_POINT('Origin',(4.,-7.45121165882517,2.27576927991126));
#5662=CARTESIAN_POINT('',(4.,-7.62445631799912,2.04296691313415));
#5663=CARTESIAN_POINT('',(4.,-7.62445631799912,2.04296691313415));
#5664=CARTESIAN_POINT('Ctrl Pts',(4.,-8.90203721418723,1.88778532604361));
#5665=CARTESIAN_POINT('Ctrl Pts',(4.,-8.82777074980072,1.91172853403542));
#5666=CARTESIAN_POINT('Ctrl Pts',(4.,-8.63612335915723,1.96868787387279));
#5667=CARTESIAN_POINT('Ctrl Pts',(4.,-8.39379093375647,2.02451360293837));
#5668=CARTESIAN_POINT('Ctrl Pts',(4.,-8.1113428507017,2.06233349834564));
#5669=CARTESIAN_POINT('Ctrl Pts',(4.,-7.87889584641526,2.06881176559385));
#5670=CARTESIAN_POINT('Ctrl Pts',(4.,-7.75415341674922,2.06274045918267));
#5671=CARTESIAN_POINT('Ctrl Pts',(4.,-7.67814169957291,2.05393348045259));
#5672=CARTESIAN_POINT('Ctrl Pts',(4.,-7.63848846192988,2.04623101501806));
#5673=CARTESIAN_POINT('Ctrl Pts',(4.,-7.62445631799912,2.04296691313415));
#5674=CARTESIAN_POINT('',(4.,-7.85312064710324,0.79658273599061));
#5675=CARTESIAN_POINT('Ctrl Pts',(4.,-8.99241362796637,1.39516921682089));
#5676=CARTESIAN_POINT('Ctrl Pts',(4.,-8.93148302082615,1.34642246251934));
#5677=CARTESIAN_POINT('Ctrl Pts',(4.,-8.77253583627942,1.22514228582158));
#5678=CARTESIAN_POINT('Ctrl Pts',(4.,-8.56580206131775,1.08692990317656));
#5679=CARTESIAN_POINT('Ctrl Pts',(4.,-8.31517350441691,0.951310617764283));
#5680=CARTESIAN_POINT('Ctrl Pts',(4.,-8.10016418134325,0.862741047709513));
#5681=CARTESIAN_POINT('Ctrl Pts',(4.,-7.98139039878695,0.824136344656738));
#5682=CARTESIAN_POINT('Ctrl Pts',(4.,-7.90720265495577,0.805387406348626));
#5683=CARTESIAN_POINT('Ctrl Pts',(4.,-7.86739763049501,0.798512287657056));
#5684=CARTESIAN_POINT('Ctrl Pts',(4.,-7.85312064710324,0.79658273599061));
#5685=CARTESIAN_POINT('',(4.,-7.73817152050105,0.78104722175028));
#5686=CARTESIAN_POINT('',(4.,-7.85312064710324,0.79658273599061));
#5687=CARTESIAN_POINT('',(4.,-7.50838515909307,0.499777253094746));
#5688=CARTESIAN_POINT('Origin',(4.,-7.77379784378659,0.517443797855305));
#5689=CARTESIAN_POINT('',(4.,-7.52048964607247,0.260500447824555));
#5690=CARTESIAN_POINT('Origin',(4.,0.,0.));
#5691=CARTESIAN_POINT('',(4.,-7.7774879219305,0.00385584265506453));
#5692=CARTESIAN_POINT('Origin',(4.,-7.78633021030573,0.269708835747656));
#5693=CARTESIAN_POINT('',(4.,-7.89341801460163,-8.26836103219166E-14));
#5694=CARTESIAN_POINT('',(4.,-7.89341801460163,-8.26836103219166E-14));
#5695=CARTESIAN_POINT('Ctrl Pts',(4.,-9.087302447215,-0.480556170328001));
#5696=CARTESIAN_POINT('Ctrl Pts',(4.,-9.02176350946602,-0.438207231968841));
#5697=CARTESIAN_POINT('Ctrl Pts',(4.,-8.85138850724893,-0.333586739928808));
#5698=CARTESIAN_POINT('Ctrl Pts',(4.,-8.63176212089598,-0.216942979513347));
#5699=CARTESIAN_POINT('Ctrl Pts',(4.,-8.36872673210272,-0.107308822644637));
#5700=CARTESIAN_POINT('Ctrl Pts',(4.,-8.14587686636203,-0.040889585313628));
#5701=CARTESIAN_POINT('Ctrl Pts',(4.,-8.02381356218568,-0.0144683004455777));
#5702=CARTESIAN_POINT('Ctrl Pts',(4.,-7.94811246763935,-0.00330190859636372));
#5703=CARTESIAN_POINT('Ctrl Pts',(4.,-7.90781683655527,-0.000478905783676048));
#5704=CARTESIAN_POINT('Ctrl Pts',(4.,-7.89341801460163,-8.26836103219166E-14));
#5705=CARTESIAN_POINT('',(4.,-7.79170283307518,-1.26309734948882));
#5706=CARTESIAN_POINT('Ctrl Pts',(4.,-9.04710092838051,-0.97977792978637));
#5707=CARTESIAN_POINT('Ctrl Pts',(4.,-8.97562989293212,-1.01109367715645));
#5708=CARTESIAN_POINT('Ctrl Pts',(4.,-8.79070908283973,-1.0871027735196));
#5709=CARTESIAN_POINT('Ctrl Pts',(4.,-8.55524759354049,-1.16709904520335));
#5710=CARTESIAN_POINT('Ctrl Pts',(4.,-8.27805814367651,-1.23322977175344));
#5711=CARTESIAN_POINT('Ctrl Pts',(4.,-8.04745159408002,-1.2631328992066));
#5712=CARTESIAN_POINT('Ctrl Pts',(4.,-7.92273329764226,-1.26968126191706));
#5713=CARTESIAN_POINT('Ctrl Pts',(4.,-7.84622085757201,-1.26859014462767));
#5714=CARTESIAN_POINT('Ctrl Pts',(4.,-7.80599274477458,-1.26492870090944));
#5715=CARTESIAN_POINT('Ctrl Pts',(4.,-7.79170283307518,-1.26309734948882));
#5716=CARTESIAN_POINT('',(4.,-7.6766496160199,-1.24835248073569));
#5717=CARTESIAN_POINT('',(4.,-7.79170283307518,-1.26309734948882));
#5718=CARTESIAN_POINT('',(4.,-7.38189501030349,-1.46056532098239));
#5719=CARTESIAN_POINT('Origin',(4.,-7.64283641531887,-1.51219460674735));
#5720=CARTESIAN_POINT('',(4.,-7.33165765263566,-1.69482183858627));
#5721=CARTESIAN_POINT('Origin',(4.,0.,0.));
#5722=CARTESIAN_POINT('',(4.,-7.51347441295802,-2.00923753924781));
#5723=CARTESIAN_POINT('Origin',(4.,-7.59082322547302,-1.75473181985723));
#5724=CARTESIAN_POINT('',(4.,-7.62445631799907,-2.04296691313431));
#5725=CARTESIAN_POINT('',(4.,-7.62445631799907,-2.04296691313431));
#5726=CARTESIAN_POINT('Ctrl Pts',(4.,-8.6532830359424,-2.81614855784837));
#5727=CARTESIAN_POINT('Ctrl Pts',(4.,-8.60093799513034,-2.75827989928612));
#5728=CARTESIAN_POINT('Ctrl Pts',(4.,-8.46344615618275,-2.61312796868241));
#5729=CARTESIAN_POINT('Ctrl Pts',(4.,-8.28149298415779,-2.44361525642645));
#5730=CARTESIAN_POINT('Ctrl Pts',(4.,-8.05579571668577,-2.2696382247079));
#5731=CARTESIAN_POINT('Ctrl Pts',(4.,-7.85772983956423,-2.14780437855522));
#5732=CARTESIAN_POINT('Ctrl Pts',(4.,-7.74666407333806,-2.09069106930845));
#5733=CARTESIAN_POINT('Ctrl Pts',(4.,-7.67643250591306,-2.06031227803113));
#5734=CARTESIAN_POINT('Ctrl Pts',(4.,-7.63824056205463,-2.04715618994769));
#5735=CARTESIAN_POINT('Ctrl Pts',(4.,-7.62445631799907,-2.04296691313431));
#5736=CARTESIAN_POINT('',(4.,-7.1992933473708,-3.23669943796765));
#5737=CARTESIAN_POINT('Ctrl Pts',(4.,-8.48524325156671,-3.28795482963827));
#5738=CARTESIAN_POINT('Ctrl Pts',(4.,-8.40810242076449,-3.29970545364534));
#5739=CARTESIAN_POINT('Ctrl Pts',(4.,-8.20981003273813,-3.3252635753677));
#5740=CARTESIAN_POINT('Ctrl Pts',(4.,-7.96166714047856,-3.34159212237502));
#5741=CARTESIAN_POINT('Ctrl Pts',(4.,-7.67680680058246,-3.33372759033473));
#5742=CARTESIAN_POINT('Ctrl Pts',(4.,-7.44631847972279,-3.30292642646759));
#5743=CARTESIAN_POINT('Ctrl Pts',(4.,-7.32415501519907,-3.2769721887387));
#5744=CARTESIAN_POINT('Ctrl Pts',(4.,-7.25053207523776,-3.25611537369192));
#5745=CARTESIAN_POINT('Ctrl Pts',(4.,-7.2126223535107,-3.24216688890248));
#5746=CARTESIAN_POINT('Ctrl Pts',(4.,-7.1992933473708,-3.23669943796765));
#5747=CARTESIAN_POINT('',(4.,-7.09197672647031,-3.19267902465953));
#5748=CARTESIAN_POINT('',(4.,-7.1992933473708,-3.23669943796765));
#5749=CARTESIAN_POINT('',(4.,-6.75234091572003,-3.32137278213289));
#5750=CARTESIAN_POINT('Origin',(4.,-6.99102831553153,-3.43877944791991));
#5751=CARTESIAN_POINT('',(4.,-6.64318530630887,-3.53464481752296));
#5752=CARTESIAN_POINT('Origin',(4.,0.,0.));
#5753=CARTESIAN_POINT('',(4.,-6.73743003934598,-3.88540470327298));
#5754=CARTESIAN_POINT('Origin',(4.,-6.87801418225281,-3.65959040177028));
#5755=CARTESIAN_POINT('',(4.,-6.83590052333469,-3.94670900730089));
#5756=CARTESIAN_POINT('',(4.,-6.83590052333469,-3.94670900730089));
#5757=CARTESIAN_POINT('Ctrl Pts',(4.,-7.62955668599668,-4.95982507505692));
#5758=CARTESIAN_POINT('Ctrl Pts',(4.,-7.5939727701486,-4.8903803497401));
#5759=CARTESIAN_POINT('Ctrl Pts',(4.,-7.49873393607879,-4.71458884476846));
#5760=CARTESIAN_POINT('Ctrl Pts',(4.,-7.36685378636349,-4.50375919187924));
#5761=CARTESIAN_POINT('Ctrl Pts',(4.,-7.19387553600856,-4.27729553251182));
#5762=CARTESIAN_POINT('Ctrl Pts',(4.,-7.03409150971267,-4.10834985281283));
#5763=CARTESIAN_POINT('Ctrl Pts',(4.,-6.94159222986012,-4.0244366968283));
#5764=CARTESIAN_POINT('Ctrl Pts',(4.,-6.88161635481331,-3.97691577054511));
#5765=CARTESIAN_POINT('Ctrl Pts',(4.,-6.84813081603932,-3.95432316285233));
#5766=CARTESIAN_POINT('Ctrl Pts',(4.,-6.83590052333469,-3.94670900730089));
#5767=CARTESIAN_POINT('',(4.,-6.11626391743788,-4.98972580864771));
#5768=CARTESIAN_POINT('Ctrl Pts',(4.,-7.34513026968611,-5.37206304145259));
#5769=CARTESIAN_POINT('Ctrl Pts',(4.,-7.26757666366798,-5.36344775648938));
#5770=CARTESIAN_POINT('Ctrl Pts',(4.,-7.069425996258,-5.33681315981237));
#5771=CARTESIAN_POINT('Ctrl Pts',(4.,-6.82551222907006,-5.28836121864892));
#5772=CARTESIAN_POINT('Ctrl Pts',(4.,-6.55239376055178,-5.20703738288003));
#5773=CARTESIAN_POINT('Ctrl Pts',(4.,-6.33773106659557,-5.11763097610882));
#5774=CARTESIAN_POINT('Ctrl Pts',(4.,-6.22644767220852,-5.06094287635039));
#5775=CARTESIAN_POINT('Ctrl Pts',(4.,-6.16073151404684,-5.02174172102415));
#5776=CARTESIAN_POINT('Ctrl Pts',(4.,-6.12772366827708,-4.99845676135092));
#5777=CARTESIAN_POINT('Ctrl Pts',(4.,-6.11626391743788,-4.98972580864771));
#5778=CARTESIAN_POINT('',(4.,-6.02399734305744,-4.91942976920439));
#5779=CARTESIAN_POINT('',(4.,-6.11626391743788,-4.98972580864771));
#5780=CARTESIAN_POINT('',(4.,-5.66262594650122,-4.95583417700907));
#5781=CARTESIAN_POINT('Origin',(4.,-5.86279318926126,-5.13101715256846));
#5782=CARTESIAN_POINT('',(4.,-5.50199085973993,-5.13358759342219));
#5783=CARTESIAN_POINT('Origin',(4.,0.,0.));
#5784=CARTESIAN_POINT('',(4.,-5.5022409426821,-5.49678795770495));
#5785=CARTESIAN_POINT('Origin',(4.,-5.69647983896794,-5.31505394556177));
#5786=CARTESIAN_POINT('',(4.,-5.5814894048648,-5.58148940486494));
#5787=CARTESIAN_POINT('',(4.,-5.5814894048648,-5.58148940486494));
#5788=CARTESIAN_POINT('Ctrl Pts',(4.,-6.08588865633885,-6.76549770989881));
#5789=CARTESIAN_POINT('Ctrl Pts',(4.,-6.0694908505146,-6.68920946109493));
#5790=CARTESIAN_POINT('Ctrl Pts',(4.,-6.02299539047481,-6.49475828230998));
#5791=CARTESIAN_POINT('Ctrl Pts',(4.,-5.95017567733001,-6.25697938121944));
#5792=CARTESIAN_POINT('Ctrl Pts',(4.,-5.84170462599379,-5.99346221834015));
#5793=CARTESIAN_POINT('Ctrl Pts',(4.,-5.73109146786003,-5.78891807397039));
#5794=CARTESIAN_POINT('Ctrl Pts',(4.,-5.66346234744076,-5.6839236141554));
#5795=CARTESIAN_POINT('Ctrl Pts',(4.,-5.61782942154177,-5.62249902546048));
#5796=CARTESIAN_POINT('Ctrl Pts',(4.,-5.59133227198219,-5.59200954703658));
#5797=CARTESIAN_POINT('Ctrl Pts',(4.,-5.5814894048648,-5.58148940486494));
#5798=CARTESIAN_POINT('',(4.,-4.61642120913559,-6.4027106113802));
#5799=CARTESIAN_POINT('Ctrl Pts',(4.,-5.7044587983281,-7.09007403474584));
#5800=CARTESIAN_POINT('Ctrl Pts',(4.,-5.63177756718081,-7.06167995824517));
#5801=CARTESIAN_POINT('Ctrl Pts',(4.,-5.44727226091172,-6.98466774691657));
#5802=CARTESIAN_POINT('Ctrl Pts',(4.,-5.22420993894272,-6.87473723730201));
#5803=CARTESIAN_POINT('Ctrl Pts',(4.,-4.98144591408218,-6.72549618281819));
#5804=CARTESIAN_POINT('Ctrl Pts',(4.,-4.79723775487565,-6.58357743201329));
#5805=CARTESIAN_POINT('Ctrl Pts',(4.,-4.70441821004824,-6.50001867054235));
#5806=CARTESIAN_POINT('Ctrl Pts',(4.,-4.65108728126384,-6.44514466888915));
#5807=CARTESIAN_POINT('Ctrl Pts',(4.,-4.62523074159253,-6.41411006585366));
#5808=CARTESIAN_POINT('Ctrl Pts',(4.,-4.61642120913559,-6.4027106113802));
#5809=CARTESIAN_POINT('',(4.,-4.54549249584151,-6.31092950472004));
#5810=CARTESIAN_POINT('',(4.,-4.61642120913559,-6.4027106113802));
#5811=CARTESIAN_POINT('',(4.,-4.18701237696018,-6.2525636626253));
#5812=CARTESIAN_POINT('Origin',(4.,-4.33501839586668,-6.47358451767624));
#5813=CARTESIAN_POINT('',(4.,-3.98584482854951,-6.38268485848433));
#5814=CARTESIAN_POINT('Origin',(4.,0.,0.));
#5815=CARTESIAN_POINT('',(4.,-3.89208321865752,-6.73357419669093));
#5816=CARTESIAN_POINT('Origin',(4.,-4.12673980853544,-6.60830534650517));
#5817=CARTESIAN_POINT('',(4.,-3.94670900730073,-6.83590052333479));
#5818=CARTESIAN_POINT('',(4.,-3.94670900730073,-6.83590052333479));
#5819=CARTESIAN_POINT('Ctrl Pts',(4.,-4.12747737215807,-8.11011285632469));
#5820=CARTESIAN_POINT('Ctrl Pts',(4.,-4.13138315972591,-8.03218000211745));
#5821=CARTESIAN_POINT('Ctrl Pts',(4.,-4.13679966248047,-7.83232067600761));
#5822=CARTESIAN_POINT('Ctrl Pts',(4.,-4.12800292901673,-7.58379676587685));
#5823=CARTESIAN_POINT('Ctrl Pts',(4.,-4.09143119959089,-7.30118435865321));
#5824=CARTESIAN_POINT('Ctrl Pts',(4.,-4.03752701354918,-7.07498109502631));
#5825=CARTESIAN_POINT('Ctrl Pts',(4.,-3.99937686535737,-6.95606053030571));
#5826=CARTESIAN_POINT('Ctrl Pts',(4.,-3.97119669709423,-6.88491826340969));
#5827=CARTESIAN_POINT('Ctrl Pts',(4.,-3.95349367370294,-6.84860972182301));
#5828=CARTESIAN_POINT('Ctrl Pts',(4.,-3.94670900730073,-6.83590052333479));
#5829=CARTESIAN_POINT('',(4.,-2.80197702442747,-7.37936126692671));
#5830=CARTESIAN_POINT('Ctrl Pts',(4.,-3.67503788692791,-8.32490819947249));
#5831=CARTESIAN_POINT('Ctrl Pts',(4.,-3.61218213644273,-8.27867034082445));
#5832=CARTESIAN_POINT('Ctrl Pts',(4.,-3.45389592302735,-8.15652876977762));
#5833=CARTESIAN_POINT('Ctrl Pts',(4.,-3.26688637489156,-7.99261127427343));
#5834=CARTESIAN_POINT('Ctrl Pts',(4.,-3.07102076079647,-7.78562353230524));
#5835=CARTESIAN_POINT('Ctrl Pts',(4.,-2.92982061797119,-7.60086396580218));
#5836=CARTESIAN_POINT('Ctrl Pts',(4.,-2.86179042129186,-7.49612893412559));
#5837=CARTESIAN_POINT('Ctrl Pts',(4.,-2.82447913654785,-7.42932165867452));
#5838=CARTESIAN_POINT('Ctrl Pts',(4.,-2.80753598342365,-7.39265236918653));
#5839=CARTESIAN_POINT('Ctrl Pts',(4.,-2.80197702442747,-7.37936126692671));
#5840=CARTESIAN_POINT('',(4.,-2.7572198468155,-7.27234982379314));
#5841=CARTESIAN_POINT('',(4.,-2.80197702442747,-7.37936126692671));
#5842=CARTESIAN_POINT('',(4.,-2.42606083329441,-7.12319126748362));
#5843=CARTESIAN_POINT('Origin',(4.,-2.5118192627504,-7.37498779600862));
#5844=CARTESIAN_POINT('',(4.,-2.19807005921346,-7.19681269832621));
#5845=CARTESIAN_POINT('Origin',(4.,0.,0.));
#5846=CARTESIAN_POINT('',(4.,-2.01668645525305,-7.51147848192992));
#5847=CARTESIAN_POINT('Origin',(4.,-2.27576927991123,-7.45121165882518));
#5848=CARTESIAN_POINT('',(4.,-2.04296691313413,-7.62445631799912));
#5849=CARTESIAN_POINT('',(4.,-2.04296691313413,-7.62445631799912));
#5850=CARTESIAN_POINT('Ctrl Pts',(4.,-1.88778532604357,-8.90203721418724));
#5851=CARTESIAN_POINT('Ctrl Pts',(4.,-1.91172853403539,-8.82777074980073));
#5852=CARTESIAN_POINT('Ctrl Pts',(4.,-1.96868787387276,-8.63612335915723));
#5853=CARTESIAN_POINT('Ctrl Pts',(4.,-2.02451360293834,-8.39379093375648));
#5854=CARTESIAN_POINT('Ctrl Pts',(4.,-2.06233349834561,-8.1113428507017));
#5855=CARTESIAN_POINT('Ctrl Pts',(4.,-2.06881176559383,-7.87889584641526));
#5856=CARTESIAN_POINT('Ctrl Pts',(4.,-2.06274045918264,-7.75415341674922));
#5857=CARTESIAN_POINT('Ctrl Pts',(4.,-2.05393348045256,-7.67814169957292));
#5858=CARTESIAN_POINT('Ctrl Pts',(4.,-2.04623101501804,-7.63848846192989));
#5859=CARTESIAN_POINT('Ctrl Pts',(4.,-2.04296691313413,-7.62445631799912));
#5860=CARTESIAN_POINT('',(4.,-0.796582735990692,-7.85312064710323));
#5861=CARTESIAN_POINT('Ctrl Pts',(4.,-1.39516921682098,-8.99241362796636));
#5862=CARTESIAN_POINT('Ctrl Pts',(4.,-1.34642246251943,-8.93148302082614));
#5863=CARTESIAN_POINT('Ctrl Pts',(4.,-1.22514228582167,-8.77253583627941));
#5864=CARTESIAN_POINT('Ctrl Pts',(4.,-1.08692990317665,-8.56580206131774));
#5865=CARTESIAN_POINT('Ctrl Pts',(4.,-0.95131061776437,-8.3151735044169));
#5866=CARTESIAN_POINT('Ctrl Pts',(4.,-0.862741047709598,-8.10016418134324));
#5867=CARTESIAN_POINT('Ctrl Pts',(4.,-0.824136344656822,-7.98139039878694));
#5868=CARTESIAN_POINT('Ctrl Pts',(4.,-0.805387406348709,-7.90720265495576));
#5869=CARTESIAN_POINT('Ctrl Pts',(4.,-0.798512287657138,-7.867397630495));
#5870=CARTESIAN_POINT('Ctrl Pts',(4.,-0.796582735990692,-7.85312064710323));
#5871=CARTESIAN_POINT('',(4.,-0.781047221750361,-7.73817152050104));
#5872=CARTESIAN_POINT('',(4.,-0.796582735990692,-7.85312064710323));
#5873=CARTESIAN_POINT('',(4.,-0.499777253094825,-7.50838515909306));
#5874=CARTESIAN_POINT('Origin',(4.,-0.517443797855386,-7.77379784378659));
#5875=CARTESIAN_POINT('',(4.,-0.260500447824634,-7.52048964607247));
#5876=CARTESIAN_POINT('Origin',(4.,0.,0.));
#5877=CARTESIAN_POINT('',(4.,-0.003855842655146,-7.7774879219305));
#5878=CARTESIAN_POINT('Origin',(4.,-0.269708835747737,-7.78633021030573));
#5879=CARTESIAN_POINT('',(4.,4.44522890719057E-18,-7.89341801460163));
#5880=CARTESIAN_POINT('',(4.,4.44522890719057E-18,-7.89341801460163));
#5881=CARTESIAN_POINT('Ctrl Pts',(4.,0.480556170327906,-9.087302447215));
#5882=CARTESIAN_POINT('Ctrl Pts',(4.,0.438207231968747,-9.02176350946602));
#5883=CARTESIAN_POINT('Ctrl Pts',(4.,0.333586739928716,-8.85138850724894));
#5884=CARTESIAN_POINT('Ctrl Pts',(4.,0.216942979513256,-8.63176212089598));
#5885=CARTESIAN_POINT('Ctrl Pts',(4.,0.107308822644549,-8.36872673210272));
#5886=CARTESIAN_POINT('Ctrl Pts',(4.,0.0408895853135427,-8.14587686636203));
#5887=CARTESIAN_POINT('Ctrl Pts',(4.,0.0144683004454937,-8.02381356218568));
#5888=CARTESIAN_POINT('Ctrl Pts',(4.,0.00330190859628046,-7.94811246763935));
#5889=CARTESIAN_POINT('Ctrl Pts',(4.,0.000478905783593218,-7.90781683655527));
#5890=CARTESIAN_POINT('Ctrl Pts',(4.,4.44522890719057E-18,-7.89341801460163));
#5891=CARTESIAN_POINT('',(4.,1.26309734948874,-7.7917028330752));
#5892=CARTESIAN_POINT('Ctrl Pts',(4.,0.979777929786275,-9.04710092838052));
#5893=CARTESIAN_POINT('Ctrl Pts',(4.,1.01109367715636,-8.97562989293213));
#5894=CARTESIAN_POINT('Ctrl Pts',(4.,1.08710277351951,-8.79070908283974));
#5895=CARTESIAN_POINT('Ctrl Pts',(4.,1.16709904520326,-8.5552475935405));
#5896=CARTESIAN_POINT('Ctrl Pts',(4.,1.23322977175336,-8.27805814367652));
#5897=CARTESIAN_POINT('Ctrl Pts',(4.,1.26313289920652,-8.04745159408003));
#5898=CARTESIAN_POINT('Ctrl Pts',(4.,1.26968126191698,-7.92273329764227));
#5899=CARTESIAN_POINT('Ctrl Pts',(4.,1.26859014462758,-7.84622085757202));
#5900=CARTESIAN_POINT('Ctrl Pts',(4.,1.26492870090936,-7.80599274477459));
#5901=CARTESIAN_POINT('Ctrl Pts',(4.,1.26309734948874,-7.7917028330752));
#5902=CARTESIAN_POINT('',(4.,1.24835248073561,-7.67664961601991));
#5903=CARTESIAN_POINT('',(4.,1.26309734948874,-7.7917028330752));
#5904=CARTESIAN_POINT('',(4.,1.46056532098231,-7.38189501030351));
#5905=CARTESIAN_POINT('Origin',(4.,1.51219460674727,-7.64283641531889));
#5906=CARTESIAN_POINT('',(4.,1.69482183858619,-7.33165765263568));
#5907=CARTESIAN_POINT('Origin',(4.,0.,0.));
#5908=CARTESIAN_POINT('',(4.,2.00923753924773,-7.51347441295804));
#5909=CARTESIAN_POINT('Origin',(4.,1.75473181985715,-7.59082322547303));
#5910=CARTESIAN_POINT('',(4.,2.04296691313423,-7.6244563179991));
#5911=CARTESIAN_POINT('',(4.,2.04296691313423,-7.6244563179991));
#5912=CARTESIAN_POINT('Ctrl Pts',(4.,2.81614855784828,-8.65328303594243));
#5913=CARTESIAN_POINT('Ctrl Pts',(4.,2.75827989928603,-8.60093799513036));
#5914=CARTESIAN_POINT('Ctrl Pts',(4.,2.61312796868232,-8.46344615618278));
#5915=CARTESIAN_POINT('Ctrl Pts',(4.,2.44361525642637,-8.28149298415781));
#5916=CARTESIAN_POINT('Ctrl Pts',(4.,2.26963822470781,-8.05579571668579));
#5917=CARTESIAN_POINT('Ctrl Pts',(4.,2.14780437855514,-7.85772983956426));
#5918=CARTESIAN_POINT('Ctrl Pts',(4.,2.09069106930837,-7.74666407333808));
#5919=CARTESIAN_POINT('Ctrl Pts',(4.,2.06031227803105,-7.67643250591308));
#5920=CARTESIAN_POINT('Ctrl Pts',(4.,2.04715618994761,-7.63824056205465));
#5921=CARTESIAN_POINT('Ctrl Pts',(4.,2.04296691313423,-7.6244563179991));
#5922=CARTESIAN_POINT('',(4.,3.23669943796757,-7.19929334737083));
#5923=CARTESIAN_POINT('Ctrl Pts',(4.,3.28795482963818,-8.48524325156674));
#5924=CARTESIAN_POINT('Ctrl Pts',(4.,3.29970545364525,-8.40810242076452));
#5925=CARTESIAN_POINT('Ctrl Pts',(4.,3.32526357536761,-8.20981003273817));
#5926=CARTESIAN_POINT('Ctrl Pts',(4.,3.34159212237494,-7.96166714047859));
#5927=CARTESIAN_POINT('Ctrl Pts',(4.,3.33372759033465,-7.67680680058249));
#5928=CARTESIAN_POINT('Ctrl Pts',(4.,3.30292642646752,-7.44631847972283));
#5929=CARTESIAN_POINT('Ctrl Pts',(4.,3.27697218873862,-7.32415501519911));
#5930=CARTESIAN_POINT('Ctrl Pts',(4.,3.25611537369184,-7.25053207523779));
#5931=CARTESIAN_POINT('Ctrl Pts',(4.,3.2421668889024,-7.21262235351073));
#5932=CARTESIAN_POINT('Ctrl Pts',(4.,3.23669943796757,-7.19929334737083));
#5933=CARTESIAN_POINT('',(4.,3.19267902465946,-7.09197672647034));
#5934=CARTESIAN_POINT('',(4.,3.23669943796757,-7.19929334737083));
#5935=CARTESIAN_POINT('',(4.,3.32137278213282,-6.75234091572007));
#5936=CARTESIAN_POINT('Origin',(4.,3.43877944791984,-6.99102831553157));
#5937=CARTESIAN_POINT('',(4.,3.53464481752289,-6.64318530630891));
#5938=CARTESIAN_POINT('Origin',(4.,0.,0.));
#5939=CARTESIAN_POINT('',(4.,3.88540470327291,-6.73743003934602));
#5940=CARTESIAN_POINT('Origin',(4.,3.65959040177021,-6.87801418225285));
#5941=CARTESIAN_POINT('',(4.,3.94670900730082,-6.83590052333473));
#5942=CARTESIAN_POINT('',(4.,3.94670900730082,-6.83590052333473));
#5943=CARTESIAN_POINT('Ctrl Pts',(4.,4.95982507505684,-7.62955668599673));
#5944=CARTESIAN_POINT('Ctrl Pts',(4.,4.89038034974002,-7.59397277014865));
#5945=CARTESIAN_POINT('Ctrl Pts',(4.,4.71458884476838,-7.49873393607884));
#5946=CARTESIAN_POINT('Ctrl Pts',(4.,4.50375919187917,-7.36685378636353));
#5947=CARTESIAN_POINT('Ctrl Pts',(4.,4.27729553251175,-7.19387553600861));
#5948=CARTESIAN_POINT('Ctrl Pts',(4.,4.10834985281276,-7.03409150971271));
#5949=CARTESIAN_POINT('Ctrl Pts',(4.,4.02443669682823,-6.94159222986016));
#5950=CARTESIAN_POINT('Ctrl Pts',(4.,3.97691577054504,-6.88161635481335));
#5951=CARTESIAN_POINT('Ctrl Pts',(4.,3.95432316285225,-6.84813081603936));
#5952=CARTESIAN_POINT('Ctrl Pts',(4.,3.94670900730082,-6.83590052333473));
#5953=CARTESIAN_POINT('',(4.,4.98972580864764,-6.11626391743793));
#5954=CARTESIAN_POINT('Ctrl Pts',(4.,5.37206304145251,-7.34513026968617));
#5955=CARTESIAN_POINT('Ctrl Pts',(4.,5.36344775648931,-7.26757666366804));
#5956=CARTESIAN_POINT('Ctrl Pts',(4.,5.3368131598123,-7.06942599625806));
#5957=CARTESIAN_POINT('Ctrl Pts',(4.,5.28836121864885,-6.82551222907012));
#5958=CARTESIAN_POINT('Ctrl Pts',(4.,5.20703738287996,-6.55239376055184));
#5959=CARTESIAN_POINT('Ctrl Pts',(4.,5.11763097610876,-6.33773106659562));
#5960=CARTESIAN_POINT('Ctrl Pts',(4.,5.06094287635033,-6.22644767220857));
#5961=CARTESIAN_POINT('Ctrl Pts',(4.,5.02174172102408,-6.1607315140469));
#5962=CARTESIAN_POINT('Ctrl Pts',(4.,4.99845676135086,-6.12772366827713));
#5963=CARTESIAN_POINT('Ctrl Pts',(4.,4.98972580864764,-6.11626391743793));
#5964=CARTESIAN_POINT('',(4.,4.91942976920432,-6.02399734305749));
#5965=CARTESIAN_POINT('',(4.,4.98972580864764,-6.11626391743793));
#5966=CARTESIAN_POINT('',(4.,4.95583417700901,-5.66262594650127));
#5967=CARTESIAN_POINT('Origin',(4.,5.1310171525684,-5.86279318926131));
#5968=CARTESIAN_POINT('',(4.,5.13358759342214,-5.50199085973998));
#5969=CARTESIAN_POINT('Origin',(4.,0.,0.));
#5970=CARTESIAN_POINT('',(4.,5.4967879577049,-5.50224094268216));
#5971=CARTESIAN_POINT('Origin',(4.,5.31505394556171,-5.696479838968));
#5972=CARTESIAN_POINT('',(4.,5.58148940486488,-5.58148940486486));
#5973=CARTESIAN_POINT('',(4.,5.58148940486488,-5.58148940486486));
#5974=CARTESIAN_POINT('Ctrl Pts',(4.,6.76549770989875,-6.08588865633892));
#5975=CARTESIAN_POINT('Ctrl Pts',(4.,6.68920946109487,-6.06949085051467));
#5976=CARTESIAN_POINT('Ctrl Pts',(4.,6.49475828230992,-6.02299539047488));
#5977=CARTESIAN_POINT('Ctrl Pts',(4.,6.25697938121938,-5.95017567733008));
#5978=CARTESIAN_POINT('Ctrl Pts',(4.,5.99346221834009,-5.84170462599386));
#5979=CARTESIAN_POINT('Ctrl Pts',(4.,5.78891807397033,-5.73109146786009));
#5980=CARTESIAN_POINT('Ctrl Pts',(4.,5.68392361415535,-5.66346234744082));
#5981=CARTESIAN_POINT('Ctrl Pts',(4.,5.62249902546043,-5.61782942154183));
#5982=CARTESIAN_POINT('Ctrl Pts',(4.,5.59200954703652,-5.59133227198225));
#5983=CARTESIAN_POINT('Ctrl Pts',(4.,5.58148940486488,-5.58148940486486));
#5984=CARTESIAN_POINT('',(4.,6.40271061138015,-4.61642120913565));
#5985=CARTESIAN_POINT('Ctrl Pts',(4.,7.09007403474578,-5.70445879832817));
#5986=CARTESIAN_POINT('Ctrl Pts',(4.,7.06167995824511,-5.63177756718088));
#5987=CARTESIAN_POINT('Ctrl Pts',(4.,6.98466774691651,-5.44727226091179));
#5988=CARTESIAN_POINT('Ctrl Pts',(4.,6.87473723730196,-5.22420993894279));
#5989=CARTESIAN_POINT('Ctrl Pts',(4.,6.72549618281814,-4.98144591408225));
#5990=CARTESIAN_POINT('Ctrl Pts',(4.,6.58357743201324,-4.79723775487572));
#5991=CARTESIAN_POINT('Ctrl Pts',(4.,6.5000186705423,-4.70441821004831));
#5992=CARTESIAN_POINT('Ctrl Pts',(4.,6.4451446688891,-4.65108728126391));
#5993=CARTESIAN_POINT('Ctrl Pts',(4.,6.41411006585361,-4.62523074159259));
#5994=CARTESIAN_POINT('Ctrl Pts',(4.,6.40271061138015,-4.61642120913565));
#5995=CARTESIAN_POINT('',(4.,6.31092950471999,-4.54549249584158));
#5996=CARTESIAN_POINT('',(4.,6.40271061138015,-4.61642120913565));
#5997=CARTESIAN_POINT('',(4.,6.25256366262526,-4.18701237696024));
#5998=CARTESIAN_POINT('Origin',(4.,6.4735845176762,-4.33501839586674));
#5999=CARTESIAN_POINT('',(4.,6.38268485848429,-3.98584482854957));
#6000=CARTESIAN_POINT('Origin',(4.,0.,0.));
#6001=CARTESIAN_POINT('',(4.,6.73357419669089,-3.89208321865759));
#6002=CARTESIAN_POINT('Origin',(4.,6.60830534650513,-4.12673980853551));
#6003=CARTESIAN_POINT('',(4.,6.83590052333475,-3.9467090073008));
#6004=CARTESIAN_POINT('',(4.,6.83590052333475,-3.9467090073008));
#6005=CARTESIAN_POINT('Ctrl Pts',(4.,8.11011285632465,-4.12747737215815));
#6006=CARTESIAN_POINT('Ctrl Pts',(4.,8.03218000211741,-4.131383159726));
#6007=CARTESIAN_POINT('Ctrl Pts',(4.,7.83232067600757,-4.13679966248055));
#6008=CARTESIAN_POINT('Ctrl Pts',(4.,7.58379676587681,-4.12800292901681));
#6009=CARTESIAN_POINT('Ctrl Pts',(4.,7.30118435865317,-4.09143119959097));
#6010=CARTESIAN_POINT('Ctrl Pts',(4.,7.07498109502627,-4.03752701354926));
#6011=CARTESIAN_POINT('Ctrl Pts',(4.,6.95606053030567,-3.99937686535744));
#6012=CARTESIAN_POINT('Ctrl Pts',(4.,6.88491826340965,-3.97119669709431));
#6013=CARTESIAN_POINT('Ctrl Pts',(4.,6.84860972182297,-3.95349367370301));
#6014=CARTESIAN_POINT('Ctrl Pts',(4.,6.83590052333475,-3.9467090073008));
#6015=CARTESIAN_POINT('',(4.,7.37936126692668,-2.80197702442754));
#6016=CARTESIAN_POINT('Ctrl Pts',(4.,8.32490819947246,-3.675037886928));
#6017=CARTESIAN_POINT('Ctrl Pts',(4.,8.27867034082442,-3.61218213644282));
#6018=CARTESIAN_POINT('Ctrl Pts',(4.,8.15652876977758,-3.45389592302743));
#6019=CARTESIAN_POINT('Ctrl Pts',(4.,7.99261127427339,-3.26688637489164));
#6020=CARTESIAN_POINT('Ctrl Pts',(4.,7.78562353230521,-3.07102076079655));
#6021=CARTESIAN_POINT('Ctrl Pts',(4.,7.60086396580215,-2.92982061797127));
#6022=CARTESIAN_POINT('Ctrl Pts',(4.,7.49612893412556,-2.86179042129193));
#6023=CARTESIAN_POINT('Ctrl Pts',(4.,7.42932165867449,-2.82447913654793));
#6024=CARTESIAN_POINT('Ctrl Pts',(4.,7.3926523691865,-2.80753598342372));
#6025=CARTESIAN_POINT('Ctrl Pts',(4.,7.37936126692668,-2.80197702442754));
#6026=CARTESIAN_POINT('',(4.,7.27234982379311,-2.75721984681558));
#6027=CARTESIAN_POINT('',(4.,7.37936126692668,-2.80197702442754));
#6028=CARTESIAN_POINT('',(4.,7.12319126748359,-2.42606083329448));
#6029=CARTESIAN_POINT('Origin',(4.,7.37498779600859,-2.51181926275048));
#6030=CARTESIAN_POINT('',(4.,7.19681269832619,-2.19807005921353));
#6031=CARTESIAN_POINT('Origin',(4.,0.,0.));
#6032=CARTESIAN_POINT('',(4.,7.5114784819299,-2.01668645525313));
#6033=CARTESIAN_POINT('Origin',(4.,7.45121165882516,-2.27576927991131));
#6034=CARTESIAN_POINT('',(4.,7.6244563179991,-2.04296691313421));
#6035=CARTESIAN_POINT('',(4.,7.6244563179991,-2.04296691313421));
#6036=CARTESIAN_POINT('Ctrl Pts',(4.,8.90203721418722,-1.88778532604367));
#6037=CARTESIAN_POINT('Ctrl Pts',(4.,8.82777074980071,-1.91172853403548));
#6038=CARTESIAN_POINT('Ctrl Pts',(4.,8.63612335915721,-1.96868787387285));
#6039=CARTESIAN_POINT('Ctrl Pts',(4.,8.39379093375646,-2.02451360293843));
#6040=CARTESIAN_POINT('Ctrl Pts',(4.,8.11134285070168,-2.0623334983457));
#6041=CARTESIAN_POINT('Ctrl Pts',(4.,7.87889584641524,-2.06881176559391));
#6042=CARTESIAN_POINT('Ctrl Pts',(4.,7.7541534167492,-2.06274045918272));
#6043=CARTESIAN_POINT('Ctrl Pts',(4.,7.6781416995729,-2.05393348045264));
#6044=CARTESIAN_POINT('Ctrl Pts',(4.,7.63848846192987,-2.04623101501812));
#6045=CARTESIAN_POINT('Ctrl Pts',(4.,7.6244563179991,-2.04296691313421));
#6046=CARTESIAN_POINT('',(4.,7.85312064710324,-0.796582735990665));
#6047=CARTESIAN_POINT('Ctrl Pts',(4.,8.99241362796636,-1.39516921682095));
#6048=CARTESIAN_POINT('Ctrl Pts',(4.,8.93148302082614,-1.3464224625194));
#6049=CARTESIAN_POINT('Ctrl Pts',(4.,8.77253583627942,-1.22514228582164));
#6050=CARTESIAN_POINT('Ctrl Pts',(4.,8.56580206131774,-1.08692990317662));
#6051=CARTESIAN_POINT('Ctrl Pts',(4.,8.3151735044169,-0.951310617764341));
#6052=CARTESIAN_POINT('Ctrl Pts',(4.,8.10016418134325,-0.862741047709569));
#6053=CARTESIAN_POINT('Ctrl Pts',(4.,7.98139039878694,-0.824136344656794));
#6054=CARTESIAN_POINT('Ctrl Pts',(4.,7.90720265495576,-0.805387406348681));
#6055=CARTESIAN_POINT('Ctrl Pts',(4.,7.867397630495,-0.798512287657111));
#6056=CARTESIAN_POINT('Ctrl Pts',(4.,7.85312064710324,-0.796582735990665));
#6057=CARTESIAN_POINT('',(4.,7.73817152050105,-0.781047221750334));
#6058=CARTESIAN_POINT('',(4.,7.85312064710324,-0.796582735990665));
#6059=CARTESIAN_POINT('',(4.,7.50838515909307,-0.499777253094799));
#6060=CARTESIAN_POINT('Origin',(4.,7.77379784378659,-0.517443797855359));
#6061=CARTESIAN_POINT('',(4.,7.52048964607247,-0.260500447824608));
#6062=CARTESIAN_POINT('Origin',(4.,0.,0.));
#6063=CARTESIAN_POINT('',(4.,7.7774879219305,-0.00385584265511884));
#6064=CARTESIAN_POINT('Origin',(4.,7.78633021030573,-0.26970883574771));
#6065=CARTESIAN_POINT('',(4.,7.89341801460163,2.7564166926577E-14));
#6066=CARTESIAN_POINT('',(4.,7.89341801460163,2.7564166926577E-14));
#6067=CARTESIAN_POINT('Ctrl Pts',(4.,9.087302447215,0.480556170327938));
#6068=CARTESIAN_POINT('Ctrl Pts',(4.,9.02176350946602,0.438207231968778));
#6069=CARTESIAN_POINT('Ctrl Pts',(4.,8.85138850724894,0.333586739928746));
#6070=CARTESIAN_POINT('Ctrl Pts',(4.,8.63176212089598,0.216942979513286));
#6071=CARTESIAN_POINT('Ctrl Pts',(4.,8.36872673210272,0.107308822644579));
#6072=CARTESIAN_POINT('Ctrl Pts',(4.,8.14587686636203,0.0408895853135711));
#6073=CARTESIAN_POINT('Ctrl Pts',(4.,8.02381356218568,0.0144683004455217));
#6074=CARTESIAN_POINT('Ctrl Pts',(4.,7.94811246763935,0.00330190859630821));
#6075=CARTESIAN_POINT('Ctrl Pts',(4.,7.90781683655527,0.000478905783620829));
#6076=CARTESIAN_POINT('Ctrl Pts',(4.,7.89341801460163,2.7564166926577E-14));
#6077=CARTESIAN_POINT('',(4.,7.79170283307519,1.26309734948876));
#6078=CARTESIAN_POINT('Ctrl Pts',(4.,9.04710092838052,0.979777929786306));
#6079=CARTESIAN_POINT('Ctrl Pts',(4.,8.97562989293213,1.01109367715639));
#6080=CARTESIAN_POINT('Ctrl Pts',(4.,8.79070908283974,1.08710277351954));
#6081=CARTESIAN_POINT('Ctrl Pts',(4.,8.5552475935405,1.16709904520329));
#6082=CARTESIAN_POINT('Ctrl Pts',(4.,8.27805814367652,1.23322977175338));
#6083=CARTESIAN_POINT('Ctrl Pts',(4.,8.04745159408003,1.26313289920654));
#6084=CARTESIAN_POINT('Ctrl Pts',(4.,7.92273329764227,1.269681261917));
#6085=CARTESIAN_POINT('Ctrl Pts',(4.,7.84622085757202,1.26859014462761));
#6086=CARTESIAN_POINT('Ctrl Pts',(4.,7.80599274477459,1.26492870090939));
#6087=CARTESIAN_POINT('Ctrl Pts',(4.,7.79170283307519,1.26309734948876));
#6088=CARTESIAN_POINT('',(4.,7.67664961601991,1.24835248073563));
#6089=CARTESIAN_POINT('',(4.,7.79170283307519,1.26309734948876));
#6090=CARTESIAN_POINT('',(4.,7.38189501030351,1.46056532098234));
#6091=CARTESIAN_POINT('Origin',(4.,7.64283641531888,1.51219460674729));
#6092=CARTESIAN_POINT('',(4.,7.33165765263568,1.69482183858622));
#6093=CARTESIAN_POINT('Origin',(4.,0.,0.));
#6094=CARTESIAN_POINT('',(4.,7.51347441295803,2.00923753924776));
#6095=CARTESIAN_POINT('Origin',(4.,7.59082322547303,1.75473181985717));
#6096=CARTESIAN_POINT('',(4.,7.62445631799909,2.04296691313426));
#6097=CARTESIAN_POINT('',(4.,7.62445631799909,2.04296691313426));
#6098=CARTESIAN_POINT('Ctrl Pts',(4.,8.65328303594242,2.81614855784831));
#6099=CARTESIAN_POINT('Ctrl Pts',(4.,8.60093799513036,2.75827989928606));
#6100=CARTESIAN_POINT('Ctrl Pts',(4.,8.46344615618277,2.61312796868235));
#6101=CARTESIAN_POINT('Ctrl Pts',(4.,8.28149298415781,2.4436152564264));
#6102=CARTESIAN_POINT('Ctrl Pts',(4.,8.05579571668579,2.26963822470784));
#6103=CARTESIAN_POINT('Ctrl Pts',(4.,7.85772983956425,2.14780437855517));
#6104=CARTESIAN_POINT('Ctrl Pts',(4.,7.74666407333807,2.0906910693084));
#6105=CARTESIAN_POINT('Ctrl Pts',(4.,7.67643250591307,2.06031227803108));
#6106=CARTESIAN_POINT('Ctrl Pts',(4.,7.63824056205465,2.04715618994764));
#6107=CARTESIAN_POINT('Ctrl Pts',(4.,7.62445631799909,2.04296691313426));
#6108=CARTESIAN_POINT('',(4.,7.19929334737082,3.2366994379676));
#6109=CARTESIAN_POINT('Ctrl Pts',(4.,8.48524325156673,3.28795482963821));
#6110=CARTESIAN_POINT('Ctrl Pts',(4.,8.40810242076451,3.29970545364528));
#6111=CARTESIAN_POINT('Ctrl Pts',(4.,8.20981003273816,3.32526357536764));
#6112=CARTESIAN_POINT('Ctrl Pts',(4.,7.96166714047858,3.34159212237497));
#6113=CARTESIAN_POINT('Ctrl Pts',(4.,7.67680680058248,3.33372759033467));
#6114=CARTESIAN_POINT('Ctrl Pts',(4.,7.44631847972282,3.30292642646754));
#6115=CARTESIAN_POINT('Ctrl Pts',(4.,7.3241550151991,3.27697218873865));
#6116=CARTESIAN_POINT('Ctrl Pts',(4.,7.25053207523779,3.25611537369187));
#6117=CARTESIAN_POINT('Ctrl Pts',(4.,7.21262235351072,3.24216688890243));
#6118=CARTESIAN_POINT('Ctrl Pts',(4.,7.19929334737082,3.2366994379676));
#6119=CARTESIAN_POINT('',(4.,7.09197672647033,3.19267902465949));
#6120=CARTESIAN_POINT('',(4.,7.19929334737082,3.2366994379676));
#6121=CARTESIAN_POINT('',(4.,6.75234091572006,3.32137278213284));
#6122=CARTESIAN_POINT('Origin',(4.,6.99102831553156,3.43877944791986));
#6123=CARTESIAN_POINT('',(4.,6.6431853063089,3.53464481752291));
#6124=CARTESIAN_POINT('Origin',(4.,0.,0.));
#6125=CARTESIAN_POINT('',(4.,6.73743003934601,3.88540470327293));
#6126=CARTESIAN_POINT('Origin',(4.,6.87801418225284,3.65959040177023));
#6127=CARTESIAN_POINT('',(4.,6.83590052333472,3.94670900730085));
#6128=CARTESIAN_POINT('',(4.,6.83590052333472,3.94670900730085));
#6129=CARTESIAN_POINT('Ctrl Pts',(4.,7.62955668599671,4.95982507505686));
#6130=CARTESIAN_POINT('Ctrl Pts',(4.,7.59397277014863,4.89038034974004));
#6131=CARTESIAN_POINT('Ctrl Pts',(4.,7.49873393607882,4.7145888447684));
#6132=CARTESIAN_POINT('Ctrl Pts',(4.,7.36685378636352,4.50375919187919));
#6133=CARTESIAN_POINT('Ctrl Pts',(4.,7.19387553600859,4.27729553251177));
#6134=CARTESIAN_POINT('Ctrl Pts',(4.,7.0340915097127,4.10834985281279));
#6135=CARTESIAN_POINT('Ctrl Pts',(4.,6.94159222986015,4.02443669682826));
#6136=CARTESIAN_POINT('Ctrl Pts',(4.,6.88161635481334,3.97691577054506));
#6137=CARTESIAN_POINT('Ctrl Pts',(4.,6.84813081603935,3.95432316285228));
#6138=CARTESIAN_POINT('Ctrl Pts',(4.,6.83590052333472,3.94670900730085));
#6139=CARTESIAN_POINT('',(4.,6.11626391743791,4.98972580864767));
#6140=CARTESIAN_POINT('Ctrl Pts',(4.,7.34513026968615,5.37206304145253));
#6141=CARTESIAN_POINT('Ctrl Pts',(4.,7.26757666366802,5.36344775648933));
#6142=CARTESIAN_POINT('Ctrl Pts',(4.,7.06942599625804,5.33681315981232));
#6143=CARTESIAN_POINT('Ctrl Pts',(4.,6.8255122290701,5.28836121864887));
#6144=CARTESIAN_POINT('Ctrl Pts',(4.,6.55239376055182,5.20703738287998));
#6145=CARTESIAN_POINT('Ctrl Pts',(4.,6.3377310665956,5.11763097610878));
#6146=CARTESIAN_POINT('Ctrl Pts',(4.,6.22644767220855,5.06094287635035));
#6147=CARTESIAN_POINT('Ctrl Pts',(4.,6.16073151404688,5.0217417210241));
#6148=CARTESIAN_POINT('Ctrl Pts',(4.,6.12772366827711,4.99845676135088));
#6149=CARTESIAN_POINT('Ctrl Pts',(4.,6.11626391743791,4.98972580864767));
#6150=CARTESIAN_POINT('',(4.,6.02399734305747,4.91942976920434));
#6151=CARTESIAN_POINT('',(4.,6.11626391743791,4.98972580864767));
#6152=CARTESIAN_POINT('',(4.,5.66262594650125,4.95583417700903));
#6153=CARTESIAN_POINT('Origin',(4.,5.86279318926129,5.13101715256842));
#6154=CARTESIAN_POINT('',(4.,5.50199085973996,5.13358759342216));
#6155=CARTESIAN_POINT('Origin',(4.,0.,0.));
#6156=CARTESIAN_POINT('',(4.,5.50224094268214,5.49678795770491));
#6157=CARTESIAN_POINT('Origin',(4.,5.69647983896798,5.31505394556173));
#6158=CARTESIAN_POINT('',(4.,5.58148940486484,5.5814894048649));
#6159=CARTESIAN_POINT('',(4.,5.58148940486484,5.5814894048649));
#6160=CARTESIAN_POINT('Ctrl Pts',(4.,6.0858886563389,6.76549770989877));
#6161=CARTESIAN_POINT('Ctrl Pts',(4.,6.06949085051465,6.68920946109489));
#6162=CARTESIAN_POINT('Ctrl Pts',(4.,6.02299539047485,6.49475828230994));
#6163=CARTESIAN_POINT('Ctrl Pts',(4.,5.95017567733005,6.2569793812194));
#6164=CARTESIAN_POINT('Ctrl Pts',(4.,5.84170462599383,5.99346221834011));
#6165=CARTESIAN_POINT('Ctrl Pts',(4.,5.73109146786007,5.78891807397035));
#6166=CARTESIAN_POINT('Ctrl Pts',(4.,5.6634623474408,5.68392361415537));
#6167=CARTESIAN_POINT('Ctrl Pts',(4.,5.61782942154181,5.62249902546044));
#6168=CARTESIAN_POINT('Ctrl Pts',(4.,5.59133227198223,5.59200954703654));
#6169=CARTESIAN_POINT('Ctrl Pts',(4.,5.58148940486484,5.5814894048649));
#6170=CARTESIAN_POINT('',(4.,4.61642120913563,6.40271061138017));
#6171=CARTESIAN_POINT('Ctrl Pts',(4.,5.70445879832815,7.0900740347458));
#6172=CARTESIAN_POINT('Ctrl Pts',(4.,5.63177756718085,7.06167995824513));
#6173=CARTESIAN_POINT('Ctrl Pts',(4.,5.44727226091177,6.98466774691653));
#6174=CARTESIAN_POINT('Ctrl Pts',(4.,5.22420993894277,6.87473723730198));
#6175=CARTESIAN_POINT('Ctrl Pts',(4.,4.98144591408222,6.72549618281816));
#6176=CARTESIAN_POINT('Ctrl Pts',(4.,4.7972377548757,6.58357743201326));
#6177=CARTESIAN_POINT('Ctrl Pts',(4.,4.70441821004829,6.50001867054232));
#6178=CARTESIAN_POINT('Ctrl Pts',(4.,4.65108728126388,6.44514466888912));
#6179=CARTESIAN_POINT('Ctrl Pts',(4.,4.62523074159257,6.41411006585363));
#6180=CARTESIAN_POINT('Ctrl Pts',(4.,4.61642120913563,6.40271061138017));
#6181=CARTESIAN_POINT('',(4.,4.54549249584156,6.31092950472001));
#6182=CARTESIAN_POINT('',(4.,4.61642120913563,6.40271061138017));
#6183=CARTESIAN_POINT('',(4.,4.18701237696022,6.25256366262527));
#6184=CARTESIAN_POINT('Origin',(4.,4.33501839586672,6.47358451767621));
#6185=CARTESIAN_POINT('',(4.,3.98584482854955,6.3826848584843));
#6186=CARTESIAN_POINT('Origin',(4.,0.,0.));
#6187=CARTESIAN_POINT('',(4.,3.89208321865756,6.73357419669091));
#6188=CARTESIAN_POINT('Origin',(4.,4.12673980853549,6.60830534650514));
#6189=CARTESIAN_POINT('',(4.,3.94670900730077,6.83590052333476));
#6190=CARTESIAN_POINT('',(4.,3.94670900730077,6.83590052333476));
#6191=CARTESIAN_POINT('Ctrl Pts',(4.,4.12747737215812,8.11011285632467));
#6192=CARTESIAN_POINT('Ctrl Pts',(4.,4.13138315972597,8.03218000211743));
#6193=CARTESIAN_POINT('Ctrl Pts',(4.,4.13679966248052,7.83232067600758));
#6194=CARTESIAN_POINT('Ctrl Pts',(4.,4.12800292901678,7.58379676587682));
#6195=CARTESIAN_POINT('Ctrl Pts',(4.,4.09143119959094,7.30118435865319));
#6196=CARTESIAN_POINT('Ctrl Pts',(4.,4.03752701354923,7.07498109502629));
#6197=CARTESIAN_POINT('Ctrl Pts',(4.,3.99937686535742,6.95606053030568));
#6198=CARTESIAN_POINT('Ctrl Pts',(4.,3.97119669709428,6.88491826340966));
#6199=CARTESIAN_POINT('Ctrl Pts',(4.,3.95349367370299,6.84860972182298));
#6200=CARTESIAN_POINT('Ctrl Pts',(4.,3.94670900730077,6.83590052333476));
#6201=CARTESIAN_POINT('',(4.,2.80197702442752,7.37936126692669));
#6202=CARTESIAN_POINT('Ctrl Pts',(4.,3.67503788692797,8.32490819947247));
#6203=CARTESIAN_POINT('Ctrl Pts',(4.,3.61218213644279,8.27867034082443));
#6204=CARTESIAN_POINT('Ctrl Pts',(4.,3.4538959230274,8.15652876977759));
#6205=CARTESIAN_POINT('Ctrl Pts',(4.,3.26688637489162,7.99261127427341));
#6206=CARTESIAN_POINT('Ctrl Pts',(4.,3.07102076079653,7.78562353230522));
#6207=CARTESIAN_POINT('Ctrl Pts',(4.,2.92982061797124,7.60086396580216));
#6208=CARTESIAN_POINT('Ctrl Pts',(4.,2.86179042129191,7.49612893412557));
#6209=CARTESIAN_POINT('Ctrl Pts',(4.,2.8244791365479,7.42932165867451));
#6210=CARTESIAN_POINT('Ctrl Pts',(4.,2.8075359834237,7.39265236918651));
#6211=CARTESIAN_POINT('Ctrl Pts',(4.,2.80197702442752,7.37936126692669));
#6212=CARTESIAN_POINT('',(4.,2.75721984681555,7.27234982379312));
#6213=CARTESIAN_POINT('',(4.,2.80197702442752,7.37936126692669));
#6214=CARTESIAN_POINT('',(4.,2.42606083329446,7.1231912674836));
#6215=CARTESIAN_POINT('Origin',(4.,2.51181926275045,7.3749877960086));
#6216=CARTESIAN_POINT('',(4.,2.19807005921351,7.19681269832619));
#6217=CARTESIAN_POINT('Origin',(4.,0.,0.));
#6218=CARTESIAN_POINT('',(4.,2.0166864552531,7.51147848192991));
#6219=CARTESIAN_POINT('Origin',(4.,2.27576927991129,7.45121165882517));
#6220=CARTESIAN_POINT('',(4.,2.04296691313418,7.62445631799911));
#6221=CARTESIAN_POINT('',(4.,2.04296691313418,7.62445631799911));
#6222=CARTESIAN_POINT('Ctrl Pts',(4.,1.88778532604364,8.90203721418723));
#6223=CARTESIAN_POINT('Ctrl Pts',(4.,1.91172853403545,8.82777074980072));
#6224=CARTESIAN_POINT('Ctrl Pts',(4.,1.96868787387282,8.63612335915722));
#6225=CARTESIAN_POINT('Ctrl Pts',(4.,2.0245136029384,8.39379093375646));
#6226=CARTESIAN_POINT('Ctrl Pts',(4.,2.06233349834567,8.11134285070169));
#6227=CARTESIAN_POINT('Ctrl Pts',(4.,2.06881176559388,7.87889584641525));
#6228=CARTESIAN_POINT('Ctrl Pts',(4.,2.06274045918269,7.75415341674921));
#6229=CARTESIAN_POINT('Ctrl Pts',(4.,2.05393348045261,7.6781416995729));
#6230=CARTESIAN_POINT('Ctrl Pts',(4.,2.04623101501809,7.63848846192987));
#6231=CARTESIAN_POINT('Ctrl Pts',(4.,2.04296691313418,7.62445631799911));
#6232=CARTESIAN_POINT('',(4.,0.796582735990692,7.85312064710323));
#6233=CARTESIAN_POINT('Ctrl Pts',(4.,1.39516921682098,8.99241362796636));
#6234=CARTESIAN_POINT('Ctrl Pts',(4.,1.34642246251943,8.93148302082614));
#6235=CARTESIAN_POINT('Ctrl Pts',(4.,1.22514228582167,8.77253583627941));
#6236=CARTESIAN_POINT('Ctrl Pts',(4.,1.08692990317665,8.56580206131774));
#6237=CARTESIAN_POINT('Ctrl Pts',(4.,0.95131061776437,8.3151735044169));
#6238=CARTESIAN_POINT('Ctrl Pts',(4.,0.862741047709598,8.10016418134324));
#6239=CARTESIAN_POINT('Ctrl Pts',(4.,0.824136344656822,7.98139039878694));
#6240=CARTESIAN_POINT('Ctrl Pts',(4.,0.805387406348709,7.90720265495576));
#6241=CARTESIAN_POINT('Ctrl Pts',(4.,0.798512287657138,7.867397630495));
#6242=CARTESIAN_POINT('Ctrl Pts',(4.,0.796582735990692,7.85312064710323));
#6243=CARTESIAN_POINT('',(4.,0.781047221750361,7.73817152050104));
#6244=CARTESIAN_POINT('',(4.,0.796582735990692,7.85312064710323));
#6245=CARTESIAN_POINT('',(4.,0.499777253094825,7.50838515909306));
#6246=CARTESIAN_POINT('Origin',(4.,0.517443797855386,7.77379784378659));
#6247=CARTESIAN_POINT('',(4.,0.260500447824634,7.52048964607247));
#6248=CARTESIAN_POINT('Origin',(4.,0.,0.));
#6249=CARTESIAN_POINT('',(4.,0.003855842655146,7.7774879219305));
#6250=CARTESIAN_POINT('Origin',(4.,0.269708835747737,7.78633021030573));
#6251=CARTESIAN_POINT('',(4.,-4.44522890719057E-18,7.89341801460163));
#6252=CARTESIAN_POINT('',(4.,-4.44522890719057E-18,7.89341801460163));
#6253=CARTESIAN_POINT('Ctrl Pts',(4.,-0.480556170327906,9.087302447215));
#6254=CARTESIAN_POINT('Ctrl Pts',(4.,-0.438207231968747,9.02176350946602));
#6255=CARTESIAN_POINT('Ctrl Pts',(4.,-0.333586739928716,8.85138850724894));
#6256=CARTESIAN_POINT('Ctrl Pts',(4.,-0.216942979513256,8.63176212089598));
#6257=CARTESIAN_POINT('Ctrl Pts',(4.,-0.107308822644549,8.36872673210272));
#6258=CARTESIAN_POINT('Ctrl Pts',(4.,-0.0408895853135427,8.14587686636203));
#6259=CARTESIAN_POINT('Ctrl Pts',(4.,-0.0144683004454937,8.02381356218568));
#6260=CARTESIAN_POINT('Ctrl Pts',(4.,-0.00330190859628046,7.94811246763935));
#6261=CARTESIAN_POINT('Ctrl Pts',(4.,-0.000478905783593218,7.90781683655527));
#6262=CARTESIAN_POINT('Ctrl Pts',(4.,-4.44522890719057E-18,7.89341801460163));
#6263=CARTESIAN_POINT('',(4.,-1.26309734948879,7.79170283307519));
#6264=CARTESIAN_POINT('Ctrl Pts',(4.,-0.979777929786338,9.04710092838051));
#6265=CARTESIAN_POINT('Ctrl Pts',(4.,-1.01109367715642,8.97562989293213));
#6266=CARTESIAN_POINT('Ctrl Pts',(4.,-1.08710277351957,8.79070908283973));
#6267=CARTESIAN_POINT('Ctrl Pts',(4.,-1.16709904520332,8.55524759354049));
#6268=CARTESIAN_POINT('Ctrl Pts',(4.,-1.23322977175341,8.27805814367652));
#6269=CARTESIAN_POINT('Ctrl Pts',(4.,-1.26313289920657,8.04745159408002));
#6270=CARTESIAN_POINT('Ctrl Pts',(4.,-1.26968126191703,7.92273329764226));
#6271=CARTESIAN_POINT('Ctrl Pts',(4.,-1.26859014462764,7.84622085757201));
#6272=CARTESIAN_POINT('Ctrl Pts',(4.,-1.26492870090941,7.80599274477458));
#6273=CARTESIAN_POINT('Ctrl Pts',(4.,-1.26309734948879,7.79170283307519));
#6274=CARTESIAN_POINT('',(4.,-1.24835248073566,7.6766496160199));
#6275=CARTESIAN_POINT('',(4.,-1.26309734948879,7.79170283307519));
#6276=CARTESIAN_POINT('',(4.,-1.46056532098236,7.3818950103035));
#6277=CARTESIAN_POINT('Origin',(4.,-1.51219460674732,7.64283641531888));
#6278=CARTESIAN_POINT('',(4.,-1.69482183858624,7.33165765263567));
#6279=CARTESIAN_POINT('Origin',(4.,0.,0.));
#6280=CARTESIAN_POINT('',(4.,-2.00923753924778,7.51347441295802));
#6281=CARTESIAN_POINT('Origin',(4.,-1.7547318198572,7.59082322547302));
#6282=CARTESIAN_POINT('',(4.,-2.04296691313429,7.62445631799908));
#6283=CARTESIAN_POINT('',(4.,-2.04296691313429,7.62445631799908));
#6284=CARTESIAN_POINT('Ctrl Pts',(4.,-2.81614855784835,8.65328303594241));
#6285=CARTESIAN_POINT('Ctrl Pts',(4.,-2.75827989928609,8.60093799513034));
#6286=CARTESIAN_POINT('Ctrl Pts',(4.,-2.61312796868238,8.46344615618276));
#6287=CARTESIAN_POINT('Ctrl Pts',(4.,-2.44361525642642,8.2814929841578));
#6288=CARTESIAN_POINT('Ctrl Pts',(4.,-2.26963822470787,8.05579571668578));
#6289=CARTESIAN_POINT('Ctrl Pts',(4.,-2.14780437855519,7.85772983956424));
#6290=CARTESIAN_POINT('Ctrl Pts',(4.,-2.09069106930842,7.74666407333806));
#6291=CARTESIAN_POINT('Ctrl Pts',(4.,-2.06031227803111,7.67643250591306));
#6292=CARTESIAN_POINT('Ctrl Pts',(4.,-2.04715618994766,7.63824056205464));
#6293=CARTESIAN_POINT('Ctrl Pts',(4.,-2.04296691313429,7.62445631799908));
#6294=CARTESIAN_POINT('',(4.,-3.23669943796762,7.19929334737081));
#6295=CARTESIAN_POINT('Ctrl Pts',(4.,-3.28795482963824,8.48524325156672));
#6296=CARTESIAN_POINT('Ctrl Pts',(4.,-3.29970545364531,8.4081024207645));
#6297=CARTESIAN_POINT('Ctrl Pts',(4.,-3.32526357536767,8.20981003273814));
#6298=CARTESIAN_POINT('Ctrl Pts',(4.,-3.34159212237499,7.96166714047857));
#6299=CARTESIAN_POINT('Ctrl Pts',(4.,-3.3337275903347,7.67680680058247));
#6300=CARTESIAN_POINT('Ctrl Pts',(4.,-3.30292642646757,7.4463184797228));
#6301=CARTESIAN_POINT('Ctrl Pts',(4.,-3.27697218873867,7.32415501519909));
#6302=CARTESIAN_POINT('Ctrl Pts',(4.,-3.2561153736919,7.25053207523777));
#6303=CARTESIAN_POINT('Ctrl Pts',(4.,-3.24216688890245,7.21262235351071));
#6304=CARTESIAN_POINT('Ctrl Pts',(4.,-3.23669943796762,7.19929334737081));
#6305=CARTESIAN_POINT('',(4.,-3.19267902465951,7.09197672647031));
#6306=CARTESIAN_POINT('',(4.,-3.23669943796762,7.19929334737081));
#6307=CARTESIAN_POINT('',(4.,-3.32137278213286,6.75234091572004));
#6308=CARTESIAN_POINT('Origin',(4.,-3.43877944791989,6.99102831553154));
#6309=CARTESIAN_POINT('',(4.,-3.53464481752293,6.64318530630888));
#6310=CARTESIAN_POINT('Origin',(4.,0.,0.));
#6311=CARTESIAN_POINT('',(4.,-3.88540470327295,6.737430039346));
#6312=CARTESIAN_POINT('Origin',(4.,-3.65959040177025,6.87801418225283));
#6313=CARTESIAN_POINT('',(4.,-3.94670900730087,6.83590052333471));
#6314=CARTESIAN_POINT('',(4.,-3.94670900730087,6.83590052333471));
#6315=CARTESIAN_POINT('Ctrl Pts',(4.,-4.95982507505689,7.62955668599669));
#6316=CARTESIAN_POINT('Ctrl Pts',(4.,-4.89038034974007,7.59397277014862));
#6317=CARTESIAN_POINT('Ctrl Pts',(4.,-4.71458884476843,7.49873393607881));
#6318=CARTESIAN_POINT('Ctrl Pts',(4.,-4.50375919187922,7.3668537863635));
#6319=CARTESIAN_POINT('Ctrl Pts',(4.,-4.2772955325118,7.19387553600858));
#6320=CARTESIAN_POINT('Ctrl Pts',(4.,-4.10834985281281,7.03409150971269));
#6321=CARTESIAN_POINT('Ctrl Pts',(4.,-4.02443669682828,6.94159222986013));
#6322=CARTESIAN_POINT('Ctrl Pts',(4.,-3.97691577054508,6.88161635481333));
#6323=CARTESIAN_POINT('Ctrl Pts',(4.,-3.9543231628523,6.84813081603933));
#6324=CARTESIAN_POINT('Ctrl Pts',(4.,-3.94670900730087,6.83590052333471));
#6325=CARTESIAN_POINT('',(4.,-4.98972580864769,6.11626391743789));
#6326=CARTESIAN_POINT('Ctrl Pts',(4.,-5.37206304145256,7.34513026968613));
#6327=CARTESIAN_POINT('Ctrl Pts',(4.,-5.36344775648936,7.26757666366801));
#6328=CARTESIAN_POINT('Ctrl Pts',(4.,-5.33681315981234,7.06942599625802));
#6329=CARTESIAN_POINT('Ctrl Pts',(4.,-5.28836121864889,6.82551222907008));
#6330=CARTESIAN_POINT('Ctrl Pts',(4.,-5.20703738288001,6.5523937605518));
#6331=CARTESIAN_POINT('Ctrl Pts',(4.,-5.1176309761088,6.33773106659559));
#6332=CARTESIAN_POINT('Ctrl Pts',(4.,-5.06094287635037,6.22644767220854));
#6333=CARTESIAN_POINT('Ctrl Pts',(4.,-5.02174172102412,6.16073151404686));
#6334=CARTESIAN_POINT('Ctrl Pts',(4.,-4.9984567613509,6.12772366827709));
#6335=CARTESIAN_POINT('Ctrl Pts',(4.,-4.98972580864769,6.11626391743789));
#6336=CARTESIAN_POINT('',(4.,-4.91942976920436,6.02399734305746));
#6337=CARTESIAN_POINT('',(4.,-4.98972580864769,6.11626391743789));
#6338=CARTESIAN_POINT('',(4.,-4.95583417700905,5.66262594650123));
#6339=CARTESIAN_POINT('Origin',(4.,-5.13101715256844,5.86279318926128));
#6340=CARTESIAN_POINT('',(4.,-5.13358759342218,5.50199085973995));
#6341=CARTESIAN_POINT('Origin',(4.,0.,0.));
#6342=CARTESIAN_POINT('',(4.,-5.49678795770493,5.50224094268212));
#6343=CARTESIAN_POINT('Origin',(4.,-5.31505394556175,5.69647983896796));
#6344=CARTESIAN_POINT('',(4.,-5.58148940486492,5.58148940486482));
#6345=CARTESIAN_POINT('Origin',(-4.,0.,0.));
#6346=CARTESIAN_POINT('',(-4.,-5.58148940486492,5.58148940486482));
#6347=CARTESIAN_POINT('Ctrl Pts',(-4.,-6.7654977098988,6.08588865633888));
#6348=CARTESIAN_POINT('Ctrl Pts',(-4.,-6.68920946109491,6.06949085051463));
#6349=CARTESIAN_POINT('Ctrl Pts',(-4.,-6.49475828230996,6.02299539047483));
#6350=CARTESIAN_POINT('Ctrl Pts',(-4.,-6.25697938121942,5.95017567733003));
#6351=CARTESIAN_POINT('Ctrl Pts',(-4.,-5.99346221834013,5.84170462599381));
#6352=CARTESIAN_POINT('Ctrl Pts',(-4.,-5.78891807397037,5.73109146786005));
#6353=CARTESIAN_POINT('Ctrl Pts',(-4.,-5.68392361415539,5.66346234744078));
#6354=CARTESIAN_POINT('Ctrl Pts',(-4.,-5.62249902546046,5.61782942154179));
#6355=CARTESIAN_POINT('Ctrl Pts',(-4.,-5.59200954703656,5.59133227198221));
#6356=CARTESIAN_POINT('Ctrl Pts',(-4.,-5.58148940486492,5.58148940486482));
#6357=CARTESIAN_POINT('',(-4.,-5.49678795770493,5.50224094268212));
#6358=CARTESIAN_POINT('',(-4.,-5.58148940486492,5.58148940486482));
#6359=CARTESIAN_POINT('',(-4.,-5.13358759342218,5.50199085973995));
#6360=CARTESIAN_POINT('Origin',(-4.,-5.31505394556175,5.69647983896796));
#6361=CARTESIAN_POINT('',(-4.,-4.95583417700905,5.66262594650123));
#6362=CARTESIAN_POINT('Origin',(-4.,0.,0.));
#6363=CARTESIAN_POINT('',(-4.,-4.91942976920436,6.02399734305746));
#6364=CARTESIAN_POINT('Origin',(-4.,-5.13101715256844,5.86279318926128));
#6365=CARTESIAN_POINT('',(-4.,-4.98972580864769,6.1162639174379));
#6366=CARTESIAN_POINT('',(-4.,-4.98972580864769,6.11626391743789));
#6367=CARTESIAN_POINT('Ctrl Pts',(-4.,-5.37206304145256,7.34513026968614));
#6368=CARTESIAN_POINT('Ctrl Pts',(-4.,-5.36344775648936,7.26757666366801));
#6369=CARTESIAN_POINT('Ctrl Pts',(-4.,-5.33681315981234,7.06942599625802));
#6370=CARTESIAN_POINT('Ctrl Pts',(-4.,-5.28836121864889,6.82551222907008));
#6371=CARTESIAN_POINT('Ctrl Pts',(-4.,-5.20703738288001,6.5523937605518));
#6372=CARTESIAN_POINT('Ctrl Pts',(-4.,-5.1176309761088,6.33773106659559));
#6373=CARTESIAN_POINT('Ctrl Pts',(-4.,-5.06094287635037,6.22644767220854));
#6374=CARTESIAN_POINT('Ctrl Pts',(-4.,-5.02174172102412,6.16073151404686));
#6375=CARTESIAN_POINT('Ctrl Pts',(-4.,-4.9984567613509,6.12772366827709));
#6376=CARTESIAN_POINT('Ctrl Pts',(-4.,-4.98972580864769,6.11626391743789));
#6377=CARTESIAN_POINT('',(-4.,-3.94670900730087,6.83590052333471));
#6378=CARTESIAN_POINT('Ctrl Pts',(-4.,-4.9598250750569,7.6295566859967));
#6379=CARTESIAN_POINT('Ctrl Pts',(-4.,-4.89038034974007,7.59397277014862));
#6380=CARTESIAN_POINT('Ctrl Pts',(-4.,-4.71458884476843,7.49873393607881));
#6381=CARTESIAN_POINT('Ctrl Pts',(-4.,-4.50375919187922,7.3668537863635));
#6382=CARTESIAN_POINT('Ctrl Pts',(-4.,-4.2772955325118,7.19387553600858));
#6383=CARTESIAN_POINT('Ctrl Pts',(-4.,-4.10834985281281,7.03409150971269));
#6384=CARTESIAN_POINT('Ctrl Pts',(-4.,-4.02443669682828,6.94159222986013));
#6385=CARTESIAN_POINT('Ctrl Pts',(-4.,-3.97691577054508,6.88161635481333));
#6386=CARTESIAN_POINT('Ctrl Pts',(-4.,-3.9543231628523,6.84813081603933));
#6387=CARTESIAN_POINT('Ctrl Pts',(-4.,-3.94670900730087,6.83590052333471));
#6388=CARTESIAN_POINT('',(-4.,-3.88540470327295,6.737430039346));
#6389=CARTESIAN_POINT('',(-4.,-3.94670900730087,6.83590052333471));
#6390=CARTESIAN_POINT('',(-4.,-3.53464481752293,6.64318530630888));
#6391=CARTESIAN_POINT('Origin',(-4.,-3.65959040177025,6.87801418225283));
#6392=CARTESIAN_POINT('',(-4.,-3.32137278213286,6.75234091572004));
#6393=CARTESIAN_POINT('Origin',(-4.,0.,0.));
#6394=CARTESIAN_POINT('',(-4.,-3.19267902465951,7.09197672647031));
#6395=CARTESIAN_POINT('Origin',(-4.,-3.43877944791989,6.99102831553154));
#6396=CARTESIAN_POINT('',(-4.,-3.23669943796762,7.19929334737081));
#6397=CARTESIAN_POINT('',(-4.,-3.23669943796762,7.19929334737081));
#6398=CARTESIAN_POINT('Ctrl Pts',(-4.,-3.28795482963824,8.48524325156673));
#6399=CARTESIAN_POINT('Ctrl Pts',(-4.,-3.29970545364531,8.4081024207645));
#6400=CARTESIAN_POINT('Ctrl Pts',(-4.,-3.32526357536767,8.20981003273814));
#6401=CARTESIAN_POINT('Ctrl Pts',(-4.,-3.34159212237499,7.96166714047857));
#6402=CARTESIAN_POINT('Ctrl Pts',(-4.,-3.3337275903347,7.67680680058247));
#6403=CARTESIAN_POINT('Ctrl Pts',(-4.,-3.30292642646757,7.4463184797228));
#6404=CARTESIAN_POINT('Ctrl Pts',(-4.,-3.27697218873867,7.32415501519909));
#6405=CARTESIAN_POINT('Ctrl Pts',(-4.,-3.2561153736919,7.25053207523777));
#6406=CARTESIAN_POINT('Ctrl Pts',(-4.,-3.24216688890245,7.21262235351071));
#6407=CARTESIAN_POINT('Ctrl Pts',(-4.,-3.23669943796762,7.19929334737081));
#6408=CARTESIAN_POINT('',(-4.,-2.04296691313429,7.62445631799908));
#6409=CARTESIAN_POINT('Ctrl Pts',(-4.,-2.81614855784835,8.65328303594241));
#6410=CARTESIAN_POINT('Ctrl Pts',(-4.,-2.75827989928609,8.60093799513034));
#6411=CARTESIAN_POINT('Ctrl Pts',(-4.,-2.61312796868238,8.46344615618276));
#6412=CARTESIAN_POINT('Ctrl Pts',(-4.,-2.44361525642642,8.2814929841578));
#6413=CARTESIAN_POINT('Ctrl Pts',(-4.,-2.26963822470787,8.05579571668578));
#6414=CARTESIAN_POINT('Ctrl Pts',(-4.,-2.14780437855519,7.85772983956424));
#6415=CARTESIAN_POINT('Ctrl Pts',(-4.,-2.09069106930842,7.74666407333806));
#6416=CARTESIAN_POINT('Ctrl Pts',(-4.,-2.06031227803111,7.67643250591306));
#6417=CARTESIAN_POINT('Ctrl Pts',(-4.,-2.04715618994766,7.63824056205464));
#6418=CARTESIAN_POINT('Ctrl Pts',(-4.,-2.04296691313429,7.62445631799908));
#6419=CARTESIAN_POINT('',(-4.,-2.00923753924778,7.51347441295802));
#6420=CARTESIAN_POINT('',(-4.,-2.04296691313429,7.62445631799908));
#6421=CARTESIAN_POINT('',(-4.,-1.69482183858624,7.33165765263567));
#6422=CARTESIAN_POINT('Origin',(-4.,-1.7547318198572,7.59082322547302));
#6423=CARTESIAN_POINT('',(-4.,-1.46056532098236,7.3818950103035));
#6424=CARTESIAN_POINT('Origin',(-4.,0.,0.));
#6425=CARTESIAN_POINT('',(-4.,-1.24835248073566,7.6766496160199));
#6426=CARTESIAN_POINT('Origin',(-4.,-1.51219460674732,7.64283641531888));
#6427=CARTESIAN_POINT('',(-4.,-1.26309734948879,7.79170283307519));
#6428=CARTESIAN_POINT('',(-4.,-1.26309734948879,7.79170283307519));
#6429=CARTESIAN_POINT('Ctrl Pts',(-4.,-0.979777929786334,9.04710092838052));
#6430=CARTESIAN_POINT('Ctrl Pts',(-4.,-1.01109367715642,8.97562989293213));
#6431=CARTESIAN_POINT('Ctrl Pts',(-4.,-1.08710277351957,8.79070908283973));
#6432=CARTESIAN_POINT('Ctrl Pts',(-4.,-1.16709904520332,8.55524759354049));
#6433=CARTESIAN_POINT('Ctrl Pts',(-4.,-1.23322977175341,8.27805814367652));
#6434=CARTESIAN_POINT('Ctrl Pts',(-4.,-1.26313289920657,8.04745159408002));
#6435=CARTESIAN_POINT('Ctrl Pts',(-4.,-1.26968126191703,7.92273329764226));
#6436=CARTESIAN_POINT('Ctrl Pts',(-4.,-1.26859014462764,7.84622085757201));
#6437=CARTESIAN_POINT('Ctrl Pts',(-4.,-1.26492870090941,7.80599274477458));
#6438=CARTESIAN_POINT('Ctrl Pts',(-4.,-1.26309734948879,7.79170283307519));
#6439=CARTESIAN_POINT('',(-4.,-4.44522890719057E-18,7.89341801460163));
#6440=CARTESIAN_POINT('Ctrl Pts',(-4.,-0.480556170327911,9.08730244721501));
#6441=CARTESIAN_POINT('Ctrl Pts',(-4.,-0.438207231968747,9.02176350946602));
#6442=CARTESIAN_POINT('Ctrl Pts',(-4.,-0.333586739928716,8.85138850724894));
#6443=CARTESIAN_POINT('Ctrl Pts',(-4.,-0.216942979513256,8.63176212089598));
#6444=CARTESIAN_POINT('Ctrl Pts',(-4.,-0.107308822644549,8.36872673210272));
#6445=CARTESIAN_POINT('Ctrl Pts',(-4.,-0.0408895853135427,8.14587686636203));
#6446=CARTESIAN_POINT('Ctrl Pts',(-4.,-0.0144683004454937,8.02381356218568));
#6447=CARTESIAN_POINT('Ctrl Pts',(-4.,-0.00330190859628046,7.94811246763935));
#6448=CARTESIAN_POINT('Ctrl Pts',(-4.,-0.000478905783593218,7.90781683655527));
#6449=CARTESIAN_POINT('Ctrl Pts',(-4.,-4.44522890719057E-18,7.89341801460163));
#6450=CARTESIAN_POINT('',(-4.,0.003855842655146,7.7774879219305));
#6451=CARTESIAN_POINT('',(-4.,-4.44522890719057E-18,7.89341801460163));
#6452=CARTESIAN_POINT('',(-4.,0.260500447824634,7.52048964607247));
#6453=CARTESIAN_POINT('Origin',(-4.,0.269708835747737,7.78633021030573));
#6454=CARTESIAN_POINT('',(-4.,0.499777253094825,7.50838515909306));
#6455=CARTESIAN_POINT('Origin',(-4.,0.,0.));
#6456=CARTESIAN_POINT('',(-4.,0.781047221750361,7.73817152050104));
#6457=CARTESIAN_POINT('Origin',(-4.,0.517443797855386,7.77379784378659));
#6458=CARTESIAN_POINT('',(-4.,0.796582735990692,7.85312064710323));
#6459=CARTESIAN_POINT('',(-4.,0.796582735990692,7.85312064710323));
#6460=CARTESIAN_POINT('Ctrl Pts',(-4.,1.39516921682099,8.99241362796637));
#6461=CARTESIAN_POINT('Ctrl Pts',(-4.,1.34642246251943,8.93148302082614));
#6462=CARTESIAN_POINT('Ctrl Pts',(-4.,1.22514228582167,8.77253583627941));
#6463=CARTESIAN_POINT('Ctrl Pts',(-4.,1.08692990317665,8.56580206131774));
#6464=CARTESIAN_POINT('Ctrl Pts',(-4.,0.95131061776437,8.3151735044169));
#6465=CARTESIAN_POINT('Ctrl Pts',(-4.,0.862741047709598,8.10016418134324));
#6466=CARTESIAN_POINT('Ctrl Pts',(-4.,0.824136344656822,7.98139039878694));
#6467=CARTESIAN_POINT('Ctrl Pts',(-4.,0.805387406348709,7.90720265495576));
#6468=CARTESIAN_POINT('Ctrl Pts',(-4.,0.798512287657138,7.867397630495));
#6469=CARTESIAN_POINT('Ctrl Pts',(-4.,0.796582735990692,7.85312064710323));
#6470=CARTESIAN_POINT('',(-4.,2.04296691313418,7.62445631799911));
#6471=CARTESIAN_POINT('Ctrl Pts',(-4.,1.88778532604363,8.90203721418724));
#6472=CARTESIAN_POINT('Ctrl Pts',(-4.,1.91172853403545,8.82777074980072));
#6473=CARTESIAN_POINT('Ctrl Pts',(-4.,1.96868787387282,8.63612335915722));
#6474=CARTESIAN_POINT('Ctrl Pts',(-4.,2.0245136029384,8.39379093375646));
#6475=CARTESIAN_POINT('Ctrl Pts',(-4.,2.06233349834567,8.11134285070169));
#6476=CARTESIAN_POINT('Ctrl Pts',(-4.,2.06881176559388,7.87889584641525));
#6477=CARTESIAN_POINT('Ctrl Pts',(-4.,2.06274045918269,7.75415341674921));
#6478=CARTESIAN_POINT('Ctrl Pts',(-4.,2.05393348045261,7.6781416995729));
#6479=CARTESIAN_POINT('Ctrl Pts',(-4.,2.04623101501809,7.63848846192987));
#6480=CARTESIAN_POINT('Ctrl Pts',(-4.,2.04296691313418,7.62445631799911));
#6481=CARTESIAN_POINT('',(-4.,2.0166864552531,7.51147848192991));
#6482=CARTESIAN_POINT('',(-4.,2.04296691313418,7.62445631799911));
#6483=CARTESIAN_POINT('',(-4.,2.19807005921351,7.19681269832619));
#6484=CARTESIAN_POINT('Origin',(-4.,2.27576927991129,7.45121165882517));
#6485=CARTESIAN_POINT('',(-4.,2.42606083329446,7.1231912674836));
#6486=CARTESIAN_POINT('Origin',(-4.,0.,0.));
#6487=CARTESIAN_POINT('',(-4.,2.75721984681555,7.27234982379312));
#6488=CARTESIAN_POINT('Origin',(-4.,2.51181926275045,7.3749877960086));
#6489=CARTESIAN_POINT('',(-4.,2.80197702442752,7.37936126692669));
#6490=CARTESIAN_POINT('',(-4.,2.80197702442752,7.37936126692669));
#6491=CARTESIAN_POINT('Ctrl Pts',(-4.,3.67503788692798,8.32490819947247));
#6492=CARTESIAN_POINT('Ctrl Pts',(-4.,3.61218213644279,8.27867034082443));
#6493=CARTESIAN_POINT('Ctrl Pts',(-4.,3.4538959230274,8.15652876977759));
#6494=CARTESIAN_POINT('Ctrl Pts',(-4.,3.26688637489162,7.99261127427341));
#6495=CARTESIAN_POINT('Ctrl Pts',(-4.,3.07102076079653,7.78562353230522));
#6496=CARTESIAN_POINT('Ctrl Pts',(-4.,2.92982061797124,7.60086396580216));
#6497=CARTESIAN_POINT('Ctrl Pts',(-4.,2.86179042129191,7.49612893412557));
#6498=CARTESIAN_POINT('Ctrl Pts',(-4.,2.8244791365479,7.42932165867451));
#6499=CARTESIAN_POINT('Ctrl Pts',(-4.,2.8075359834237,7.39265236918651));
#6500=CARTESIAN_POINT('Ctrl Pts',(-4.,2.80197702442752,7.37936126692669));
#6501=CARTESIAN_POINT('',(-4.,3.94670900730077,6.83590052333476));
#6502=CARTESIAN_POINT('Ctrl Pts',(-4.,4.12747737215812,8.11011285632468));
#6503=CARTESIAN_POINT('Ctrl Pts',(-4.,4.13138315972597,8.03218000211743));
#6504=CARTESIAN_POINT('Ctrl Pts',(-4.,4.13679966248052,7.83232067600758));
#6505=CARTESIAN_POINT('Ctrl Pts',(-4.,4.12800292901678,7.58379676587682));
#6506=CARTESIAN_POINT('Ctrl Pts',(-4.,4.09143119959094,7.30118435865319));
#6507=CARTESIAN_POINT('Ctrl Pts',(-4.,4.03752701354923,7.07498109502629));
#6508=CARTESIAN_POINT('Ctrl Pts',(-4.,3.99937686535742,6.95606053030568));
#6509=CARTESIAN_POINT('Ctrl Pts',(-4.,3.97119669709428,6.88491826340966));
#6510=CARTESIAN_POINT('Ctrl Pts',(-4.,3.95349367370299,6.84860972182298));
#6511=CARTESIAN_POINT('Ctrl Pts',(-4.,3.94670900730077,6.83590052333476));
#6512=CARTESIAN_POINT('',(-4.,3.89208321865756,6.73357419669091));
#6513=CARTESIAN_POINT('',(-4.,3.94670900730077,6.83590052333476));
#6514=CARTESIAN_POINT('',(-4.,3.98584482854955,6.3826848584843));
#6515=CARTESIAN_POINT('Origin',(-4.,4.12673980853549,6.60830534650514));
#6516=CARTESIAN_POINT('',(-4.,4.18701237696022,6.25256366262527));
#6517=CARTESIAN_POINT('Origin',(-4.,0.,0.));
#6518=CARTESIAN_POINT('',(-4.,4.54549249584156,6.31092950472001));
#6519=CARTESIAN_POINT('Origin',(-4.,4.33501839586672,6.47358451767621));
#6520=CARTESIAN_POINT('',(-4.,4.61642120913563,6.40271061138017));
#6521=CARTESIAN_POINT('',(-4.,4.61642120913563,6.40271061138017));
#6522=CARTESIAN_POINT('Ctrl Pts',(-4.,5.70445879832816,7.0900740347458));
#6523=CARTESIAN_POINT('Ctrl Pts',(-4.,5.63177756718085,7.06167995824513));
#6524=CARTESIAN_POINT('Ctrl Pts',(-4.,5.44727226091177,6.98466774691653));
#6525=CARTESIAN_POINT('Ctrl Pts',(-4.,5.22420993894277,6.87473723730198));
#6526=CARTESIAN_POINT('Ctrl Pts',(-4.,4.98144591408222,6.72549618281816));
#6527=CARTESIAN_POINT('Ctrl Pts',(-4.,4.7972377548757,6.58357743201326));
#6528=CARTESIAN_POINT('Ctrl Pts',(-4.,4.70441821004829,6.50001867054232));
#6529=CARTESIAN_POINT('Ctrl Pts',(-4.,4.65108728126388,6.44514466888912));
#6530=CARTESIAN_POINT('Ctrl Pts',(-4.,4.62523074159257,6.41411006585363));
#6531=CARTESIAN_POINT('Ctrl Pts',(-4.,4.61642120913563,6.40271061138017));
#6532=CARTESIAN_POINT('',(-4.,5.58148940486484,5.5814894048649));
#6533=CARTESIAN_POINT('Ctrl Pts',(-4.,6.0858886563389,6.76549770989878));
#6534=CARTESIAN_POINT('Ctrl Pts',(-4.,6.06949085051465,6.68920946109489));
#6535=CARTESIAN_POINT('Ctrl Pts',(-4.,6.02299539047485,6.49475828230994));
#6536=CARTESIAN_POINT('Ctrl Pts',(-4.,5.95017567733005,6.2569793812194));
#6537=CARTESIAN_POINT('Ctrl Pts',(-4.,5.84170462599383,5.99346221834011));
#6538=CARTESIAN_POINT('Ctrl Pts',(-4.,5.73109146786007,5.78891807397035));
#6539=CARTESIAN_POINT('Ctrl Pts',(-4.,5.6634623474408,5.68392361415537));
#6540=CARTESIAN_POINT('Ctrl Pts',(-4.,5.61782942154181,5.62249902546044));
#6541=CARTESIAN_POINT('Ctrl Pts',(-4.,5.59133227198223,5.59200954703654));
#6542=CARTESIAN_POINT('Ctrl Pts',(-4.,5.58148940486484,5.5814894048649));
#6543=CARTESIAN_POINT('',(-4.,5.50224094268214,5.49678795770491));
#6544=CARTESIAN_POINT('',(-4.,5.58148940486484,5.5814894048649));
#6545=CARTESIAN_POINT('',(-4.,5.50199085973996,5.13358759342216));
#6546=CARTESIAN_POINT('Origin',(-4.,5.69647983896798,5.31505394556173));
#6547=CARTESIAN_POINT('',(-4.,5.66262594650125,4.95583417700903));
#6548=CARTESIAN_POINT('Origin',(-4.,0.,0.));
#6549=CARTESIAN_POINT('',(-4.,6.02399734305747,4.91942976920434));
#6550=CARTESIAN_POINT('Origin',(-4.,5.86279318926129,5.13101715256842));
#6551=CARTESIAN_POINT('',(-4.,6.11626391743791,4.98972580864767));
#6552=CARTESIAN_POINT('',(-4.,6.11626391743791,4.98972580864767));
#6553=CARTESIAN_POINT('Ctrl Pts',(-4.,7.34513026968616,5.37206304145254));
#6554=CARTESIAN_POINT('Ctrl Pts',(-4.,7.26757666366802,5.36344775648933));
#6555=CARTESIAN_POINT('Ctrl Pts',(-4.,7.06942599625804,5.33681315981232));
#6556=CARTESIAN_POINT('Ctrl Pts',(-4.,6.8255122290701,5.28836121864887));
#6557=CARTESIAN_POINT('Ctrl Pts',(-4.,6.55239376055182,5.20703738287998));
#6558=CARTESIAN_POINT('Ctrl Pts',(-4.,6.3377310665956,5.11763097610878));
#6559=CARTESIAN_POINT('Ctrl Pts',(-4.,6.22644767220855,5.06094287635035));
#6560=CARTESIAN_POINT('Ctrl Pts',(-4.,6.16073151404688,5.0217417210241));
#6561=CARTESIAN_POINT('Ctrl Pts',(-4.,6.12772366827711,4.99845676135088));
#6562=CARTESIAN_POINT('Ctrl Pts',(-4.,6.11626391743791,4.98972580864767));
#6563=CARTESIAN_POINT('',(-4.,6.83590052333472,3.94670900730085));
#6564=CARTESIAN_POINT('Ctrl Pts',(-4.,7.62955668599672,4.95982507505687));
#6565=CARTESIAN_POINT('Ctrl Pts',(-4.,7.59397277014863,4.89038034974004));
#6566=CARTESIAN_POINT('Ctrl Pts',(-4.,7.49873393607882,4.7145888447684));
#6567=CARTESIAN_POINT('Ctrl Pts',(-4.,7.36685378636352,4.50375919187919));
#6568=CARTESIAN_POINT('Ctrl Pts',(-4.,7.19387553600859,4.27729553251177));
#6569=CARTESIAN_POINT('Ctrl Pts',(-4.,7.0340915097127,4.10834985281279));
#6570=CARTESIAN_POINT('Ctrl Pts',(-4.,6.94159222986015,4.02443669682826));
#6571=CARTESIAN_POINT('Ctrl Pts',(-4.,6.88161635481334,3.97691577054506));
#6572=CARTESIAN_POINT('Ctrl Pts',(-4.,6.84813081603935,3.95432316285228));
#6573=CARTESIAN_POINT('Ctrl Pts',(-4.,6.83590052333472,3.94670900730085));
#6574=CARTESIAN_POINT('',(-4.,6.73743003934601,3.88540470327293));
#6575=CARTESIAN_POINT('',(-4.,6.83590052333472,3.94670900730085));
#6576=CARTESIAN_POINT('',(-4.,6.6431853063089,3.53464481752291));
#6577=CARTESIAN_POINT('Origin',(-4.,6.87801418225284,3.65959040177023));
#6578=CARTESIAN_POINT('',(-4.,6.75234091572006,3.32137278213284));
#6579=CARTESIAN_POINT('Origin',(-4.,0.,0.));
#6580=CARTESIAN_POINT('',(-4.,7.09197672647033,3.19267902465949));
#6581=CARTESIAN_POINT('Origin',(-4.,6.99102831553156,3.43877944791986));
#6582=CARTESIAN_POINT('',(-4.,7.19929334737082,3.2366994379676));
#6583=CARTESIAN_POINT('',(-4.,7.19929334737082,3.2366994379676));
#6584=CARTESIAN_POINT('Ctrl Pts',(-4.,8.48524325156674,3.28795482963821));
#6585=CARTESIAN_POINT('Ctrl Pts',(-4.,8.40810242076451,3.29970545364528));
#6586=CARTESIAN_POINT('Ctrl Pts',(-4.,8.20981003273816,3.32526357536764));
#6587=CARTESIAN_POINT('Ctrl Pts',(-4.,7.96166714047858,3.34159212237497));
#6588=CARTESIAN_POINT('Ctrl Pts',(-4.,7.67680680058248,3.33372759033467));
#6589=CARTESIAN_POINT('Ctrl Pts',(-4.,7.44631847972282,3.30292642646754));
#6590=CARTESIAN_POINT('Ctrl Pts',(-4.,7.3241550151991,3.27697218873865));
#6591=CARTESIAN_POINT('Ctrl Pts',(-4.,7.25053207523779,3.25611537369187));
#6592=CARTESIAN_POINT('Ctrl Pts',(-4.,7.21262235351072,3.24216688890243));
#6593=CARTESIAN_POINT('Ctrl Pts',(-4.,7.19929334737082,3.2366994379676));
#6594=CARTESIAN_POINT('',(-4.,7.62445631799909,2.04296691313426));
#6595=CARTESIAN_POINT('Ctrl Pts',(-4.,8.65328303594243,2.81614855784832));
#6596=CARTESIAN_POINT('Ctrl Pts',(-4.,8.60093799513036,2.75827989928606));
#6597=CARTESIAN_POINT('Ctrl Pts',(-4.,8.46344615618277,2.61312796868235));
#6598=CARTESIAN_POINT('Ctrl Pts',(-4.,8.28149298415781,2.4436152564264));
#6599=CARTESIAN_POINT('Ctrl Pts',(-4.,8.05579571668579,2.26963822470784));
#6600=CARTESIAN_POINT('Ctrl Pts',(-4.,7.85772983956425,2.14780437855517));
#6601=CARTESIAN_POINT('Ctrl Pts',(-4.,7.74666407333807,2.0906910693084));
#6602=CARTESIAN_POINT('Ctrl Pts',(-4.,7.67643250591307,2.06031227803108));
#6603=CARTESIAN_POINT('Ctrl Pts',(-4.,7.63824056205465,2.04715618994764));
#6604=CARTESIAN_POINT('Ctrl Pts',(-4.,7.62445631799909,2.04296691313426));
#6605=CARTESIAN_POINT('',(-4.,7.51347441295803,2.00923753924776));
#6606=CARTESIAN_POINT('',(-4.,7.62445631799909,2.04296691313426));
#6607=CARTESIAN_POINT('',(-4.,7.33165765263568,1.69482183858622));
#6608=CARTESIAN_POINT('Origin',(-4.,7.59082322547303,1.75473181985717));
#6609=CARTESIAN_POINT('',(-4.,7.38189501030351,1.46056532098234));
#6610=CARTESIAN_POINT('Origin',(-4.,0.,0.));
#6611=CARTESIAN_POINT('',(-4.,7.67664961601991,1.24835248073563));
#6612=CARTESIAN_POINT('Origin',(-4.,7.64283641531888,1.51219460674729));
#6613=CARTESIAN_POINT('',(-4.,7.79170283307519,1.26309734948876));
#6614=CARTESIAN_POINT('',(-4.,7.79170283307519,1.26309734948876));
#6615=CARTESIAN_POINT('Ctrl Pts',(-4.,9.04710092838053,0.979777929786302));
#6616=CARTESIAN_POINT('Ctrl Pts',(-4.,8.97562989293213,1.01109367715639));
#6617=CARTESIAN_POINT('Ctrl Pts',(-4.,8.79070908283974,1.08710277351954));
#6618=CARTESIAN_POINT('Ctrl Pts',(-4.,8.5552475935405,1.16709904520329));
#6619=CARTESIAN_POINT('Ctrl Pts',(-4.,8.27805814367652,1.23322977175338));
#6620=CARTESIAN_POINT('Ctrl Pts',(-4.,8.04745159408003,1.26313289920654));
#6621=CARTESIAN_POINT('Ctrl Pts',(-4.,7.92273329764227,1.269681261917));
#6622=CARTESIAN_POINT('Ctrl Pts',(-4.,7.84622085757202,1.26859014462761));
#6623=CARTESIAN_POINT('Ctrl Pts',(-4.,7.80599274477459,1.26492870090939));
#6624=CARTESIAN_POINT('Ctrl Pts',(-4.,7.79170283307519,1.26309734948876));
#6625=CARTESIAN_POINT('',(-4.,7.89341801460163,2.7564166926577E-14));
#6626=CARTESIAN_POINT('Ctrl Pts',(-4.,9.08730244721501,0.480556170327942));
#6627=CARTESIAN_POINT('Ctrl Pts',(-4.,9.02176350946602,0.438207231968778));
#6628=CARTESIAN_POINT('Ctrl Pts',(-4.,8.85138850724894,0.333586739928746));
#6629=CARTESIAN_POINT('Ctrl Pts',(-4.,8.63176212089598,0.216942979513286));
#6630=CARTESIAN_POINT('Ctrl Pts',(-4.,8.36872673210272,0.107308822644579));
#6631=CARTESIAN_POINT('Ctrl Pts',(-4.,8.14587686636203,0.0408895853135711));
#6632=CARTESIAN_POINT('Ctrl Pts',(-4.,8.02381356218568,0.0144683004455217));
#6633=CARTESIAN_POINT('Ctrl Pts',(-4.,7.94811246763935,0.00330190859630821));
#6634=CARTESIAN_POINT('Ctrl Pts',(-4.,7.90781683655527,0.000478905783620828));
#6635=CARTESIAN_POINT('Ctrl Pts',(-4.,7.89341801460163,2.7564166926577E-14));
#6636=CARTESIAN_POINT('',(-4.,7.7774879219305,-0.00385584265511884));
#6637=CARTESIAN_POINT('',(-4.,7.89341801460163,2.7564166926577E-14));
#6638=CARTESIAN_POINT('',(-4.,7.52048964607247,-0.260500447824608));
#6639=CARTESIAN_POINT('Origin',(-4.,7.78633021030573,-0.26970883574771));
#6640=CARTESIAN_POINT('',(-4.,7.50838515909307,-0.499777253094799));
#6641=CARTESIAN_POINT('Origin',(-4.,0.,0.));
#6642=CARTESIAN_POINT('',(-4.,7.73817152050105,-0.781047221750334));
#6643=CARTESIAN_POINT('Origin',(-4.,7.77379784378659,-0.517443797855359));
#6644=CARTESIAN_POINT('',(-4.,7.85312064710324,-0.796582735990665));
#6645=CARTESIAN_POINT('',(-4.,7.85312064710324,-0.796582735990665));
#6646=CARTESIAN_POINT('Ctrl Pts',(-4.,8.99241362796637,-1.39516921682096));
#6647=CARTESIAN_POINT('Ctrl Pts',(-4.,8.93148302082614,-1.3464224625194));
#6648=CARTESIAN_POINT('Ctrl Pts',(-4.,8.77253583627942,-1.22514228582164));
#6649=CARTESIAN_POINT('Ctrl Pts',(-4.,8.56580206131774,-1.08692990317662));
#6650=CARTESIAN_POINT('Ctrl Pts',(-4.,8.3151735044169,-0.951310617764341));
#6651=CARTESIAN_POINT('Ctrl Pts',(-4.,8.10016418134325,-0.862741047709569));
#6652=CARTESIAN_POINT('Ctrl Pts',(-4.,7.98139039878694,-0.824136344656794));
#6653=CARTESIAN_POINT('Ctrl Pts',(-4.,7.90720265495576,-0.805387406348681));
#6654=CARTESIAN_POINT('Ctrl Pts',(-4.,7.867397630495,-0.798512287657111));
#6655=CARTESIAN_POINT('Ctrl Pts',(-4.,7.85312064710324,-0.796582735990665));
#6656=CARTESIAN_POINT('',(-4.,7.6244563179991,-2.04296691313421));
#6657=CARTESIAN_POINT('Ctrl Pts',(-4.,8.90203721418723,-1.88778532604367));
#6658=CARTESIAN_POINT('Ctrl Pts',(-4.,8.82777074980071,-1.91172853403548));
#6659=CARTESIAN_POINT('Ctrl Pts',(-4.,8.63612335915721,-1.96868787387285));
#6660=CARTESIAN_POINT('Ctrl Pts',(-4.,8.39379093375646,-2.02451360293843));
#6661=CARTESIAN_POINT('Ctrl Pts',(-4.,8.11134285070168,-2.0623334983457));
#6662=CARTESIAN_POINT('Ctrl Pts',(-4.,7.87889584641524,-2.06881176559391));
#6663=CARTESIAN_POINT('Ctrl Pts',(-4.,7.7541534167492,-2.06274045918272));
#6664=CARTESIAN_POINT('Ctrl Pts',(-4.,7.6781416995729,-2.05393348045264));
#6665=CARTESIAN_POINT('Ctrl Pts',(-4.,7.63848846192987,-2.04623101501812));
#6666=CARTESIAN_POINT('Ctrl Pts',(-4.,7.6244563179991,-2.04296691313421));
#6667=CARTESIAN_POINT('',(-4.,7.5114784819299,-2.01668645525313));
#6668=CARTESIAN_POINT('',(-4.,7.6244563179991,-2.04296691313421));
#6669=CARTESIAN_POINT('',(-4.,7.19681269832619,-2.19807005921353));
#6670=CARTESIAN_POINT('Origin',(-4.,7.45121165882516,-2.27576927991131));
#6671=CARTESIAN_POINT('',(-4.,7.12319126748359,-2.42606083329448));
#6672=CARTESIAN_POINT('Origin',(-4.,0.,0.));
#6673=CARTESIAN_POINT('',(-4.,7.27234982379311,-2.75721984681558));
#6674=CARTESIAN_POINT('Origin',(-4.,7.37498779600859,-2.51181926275048));
#6675=CARTESIAN_POINT('',(-4.,7.37936126692668,-2.80197702442754));
#6676=CARTESIAN_POINT('',(-4.,7.37936126692668,-2.80197702442754));
#6677=CARTESIAN_POINT('Ctrl Pts',(-4.,8.32490819947246,-3.67503788692801));
#6678=CARTESIAN_POINT('Ctrl Pts',(-4.,8.27867034082442,-3.61218213644282));
#6679=CARTESIAN_POINT('Ctrl Pts',(-4.,8.15652876977758,-3.45389592302743));
#6680=CARTESIAN_POINT('Ctrl Pts',(-4.,7.99261127427339,-3.26688637489164));
#6681=CARTESIAN_POINT('Ctrl Pts',(-4.,7.78562353230521,-3.07102076079655));
#6682=CARTESIAN_POINT('Ctrl Pts',(-4.,7.60086396580215,-2.92982061797127));
#6683=CARTESIAN_POINT('Ctrl Pts',(-4.,7.49612893412556,-2.86179042129193));
#6684=CARTESIAN_POINT('Ctrl Pts',(-4.,7.42932165867449,-2.82447913654793));
#6685=CARTESIAN_POINT('Ctrl Pts',(-4.,7.3926523691865,-2.80753598342372));
#6686=CARTESIAN_POINT('Ctrl Pts',(-4.,7.37936126692668,-2.80197702442754));
#6687=CARTESIAN_POINT('',(-4.,6.83590052333475,-3.9467090073008));
#6688=CARTESIAN_POINT('Ctrl Pts',(-4.,8.11011285632466,-4.12747737215815));
#6689=CARTESIAN_POINT('Ctrl Pts',(-4.,8.03218000211741,-4.131383159726));
#6690=CARTESIAN_POINT('Ctrl Pts',(-4.,7.83232067600757,-4.13679966248055));
#6691=CARTESIAN_POINT('Ctrl Pts',(-4.,7.58379676587681,-4.12800292901681));
#6692=CARTESIAN_POINT('Ctrl Pts',(-4.,7.30118435865317,-4.09143119959097));
#6693=CARTESIAN_POINT('Ctrl Pts',(-4.,7.07498109502627,-4.03752701354926));
#6694=CARTESIAN_POINT('Ctrl Pts',(-4.,6.95606053030567,-3.99937686535744));
#6695=CARTESIAN_POINT('Ctrl Pts',(-4.,6.88491826340965,-3.97119669709431));
#6696=CARTESIAN_POINT('Ctrl Pts',(-4.,6.84860972182297,-3.95349367370301));
#6697=CARTESIAN_POINT('Ctrl Pts',(-4.,6.83590052333475,-3.9467090073008));
#6698=CARTESIAN_POINT('',(-4.,6.73357419669089,-3.89208321865759));
#6699=CARTESIAN_POINT('',(-4.,6.83590052333475,-3.9467090073008));
#6700=CARTESIAN_POINT('',(-4.,6.38268485848429,-3.98584482854957));
#6701=CARTESIAN_POINT('Origin',(-4.,6.60830534650513,-4.12673980853551));
#6702=CARTESIAN_POINT('',(-4.,6.25256366262526,-4.18701237696024));
#6703=CARTESIAN_POINT('Origin',(-4.,0.,0.));
#6704=CARTESIAN_POINT('',(-4.,6.31092950471999,-4.54549249584158));
#6705=CARTESIAN_POINT('Origin',(-4.,6.4735845176762,-4.33501839586674));
#6706=CARTESIAN_POINT('',(-4.,6.40271061138015,-4.61642120913565));
#6707=CARTESIAN_POINT('',(-4.,6.40271061138015,-4.61642120913565));
#6708=CARTESIAN_POINT('Ctrl Pts',(-4.,7.09007403474578,-5.70445879832818));
#6709=CARTESIAN_POINT('Ctrl Pts',(-4.,7.06167995824511,-5.63177756718088));
#6710=CARTESIAN_POINT('Ctrl Pts',(-4.,6.98466774691651,-5.44727226091179));
#6711=CARTESIAN_POINT('Ctrl Pts',(-4.,6.87473723730196,-5.22420993894279));
#6712=CARTESIAN_POINT('Ctrl Pts',(-4.,6.72549618281814,-4.98144591408225));
#6713=CARTESIAN_POINT('Ctrl Pts',(-4.,6.58357743201324,-4.79723775487572));
#6714=CARTESIAN_POINT('Ctrl Pts',(-4.,6.5000186705423,-4.70441821004831));
#6715=CARTESIAN_POINT('Ctrl Pts',(-4.,6.4451446688891,-4.65108728126391));
#6716=CARTESIAN_POINT('Ctrl Pts',(-4.,6.41411006585361,-4.62523074159259));
#6717=CARTESIAN_POINT('Ctrl Pts',(-4.,6.40271061138015,-4.61642120913565));
#6718=CARTESIAN_POINT('',(-4.,5.58148940486488,-5.58148940486486));
#6719=CARTESIAN_POINT('Ctrl Pts',(-4.,6.76549770989876,-6.08588865633893));
#6720=CARTESIAN_POINT('Ctrl Pts',(-4.,6.68920946109487,-6.06949085051467));
#6721=CARTESIAN_POINT('Ctrl Pts',(-4.,6.49475828230992,-6.02299539047488));
#6722=CARTESIAN_POINT('Ctrl Pts',(-4.,6.25697938121938,-5.95017567733008));
#6723=CARTESIAN_POINT('Ctrl Pts',(-4.,5.99346221834009,-5.84170462599386));
#6724=CARTESIAN_POINT('Ctrl Pts',(-4.,5.78891807397033,-5.73109146786009));
#6725=CARTESIAN_POINT('Ctrl Pts',(-4.,5.68392361415535,-5.66346234744082));
#6726=CARTESIAN_POINT('Ctrl Pts',(-4.,5.62249902546043,-5.61782942154183));
#6727=CARTESIAN_POINT('Ctrl Pts',(-4.,5.59200954703652,-5.59133227198225));
#6728=CARTESIAN_POINT('Ctrl Pts',(-4.,5.58148940486488,-5.58148940486486));
#6729=CARTESIAN_POINT('',(-4.,5.4967879577049,-5.50224094268216));
#6730=CARTESIAN_POINT('',(-4.,5.58148940486488,-5.58148940486486));
#6731=CARTESIAN_POINT('',(-4.,5.13358759342214,-5.50199085973998));
#6732=CARTESIAN_POINT('Origin',(-4.,5.31505394556171,-5.696479838968));
#6733=CARTESIAN_POINT('',(-4.,4.95583417700901,-5.66262594650127));
#6734=CARTESIAN_POINT('Origin',(-4.,0.,0.));
#6735=CARTESIAN_POINT('',(-4.,4.91942976920432,-6.02399734305749));
#6736=CARTESIAN_POINT('Origin',(-4.,5.1310171525684,-5.86279318926131));
#6737=CARTESIAN_POINT('',(-4.,4.98972580864764,-6.11626391743793));
#6738=CARTESIAN_POINT('',(-4.,4.98972580864764,-6.11626391743793));
#6739=CARTESIAN_POINT('Ctrl Pts',(-4.,5.37206304145251,-7.34513026968618));
#6740=CARTESIAN_POINT('Ctrl Pts',(-4.,5.36344775648931,-7.26757666366804));
#6741=CARTESIAN_POINT('Ctrl Pts',(-4.,5.3368131598123,-7.06942599625806));
#6742=CARTESIAN_POINT('Ctrl Pts',(-4.,5.28836121864885,-6.82551222907012));
#6743=CARTESIAN_POINT('Ctrl Pts',(-4.,5.20703738287996,-6.55239376055184));
#6744=CARTESIAN_POINT('Ctrl Pts',(-4.,5.11763097610876,-6.33773106659562));
#6745=CARTESIAN_POINT('Ctrl Pts',(-4.,5.06094287635033,-6.22644767220857));
#6746=CARTESIAN_POINT('Ctrl Pts',(-4.,5.02174172102408,-6.1607315140469));
#6747=CARTESIAN_POINT('Ctrl Pts',(-4.,4.99845676135086,-6.12772366827713));
#6748=CARTESIAN_POINT('Ctrl Pts',(-4.,4.98972580864764,-6.11626391743793));
#6749=CARTESIAN_POINT('',(-4.,3.94670900730082,-6.83590052333473));
#6750=CARTESIAN_POINT('Ctrl Pts',(-4.,4.95982507505685,-7.62955668599673));
#6751=CARTESIAN_POINT('Ctrl Pts',(-4.,4.89038034974002,-7.59397277014865));
#6752=CARTESIAN_POINT('Ctrl Pts',(-4.,4.71458884476838,-7.49873393607884));
#6753=CARTESIAN_POINT('Ctrl Pts',(-4.,4.50375919187917,-7.36685378636353));
#6754=CARTESIAN_POINT('Ctrl Pts',(-4.,4.27729553251175,-7.19387553600861));
#6755=CARTESIAN_POINT('Ctrl Pts',(-4.,4.10834985281276,-7.03409150971271));
#6756=CARTESIAN_POINT('Ctrl Pts',(-4.,4.02443669682823,-6.94159222986016));
#6757=CARTESIAN_POINT('Ctrl Pts',(-4.,3.97691577054504,-6.88161635481335));
#6758=CARTESIAN_POINT('Ctrl Pts',(-4.,3.95432316285225,-6.84813081603936));
#6759=CARTESIAN_POINT('Ctrl Pts',(-4.,3.94670900730082,-6.83590052333473));
#6760=CARTESIAN_POINT('',(-4.,3.88540470327291,-6.73743003934602));
#6761=CARTESIAN_POINT('',(-4.,3.94670900730082,-6.83590052333473));
#6762=CARTESIAN_POINT('',(-4.,3.53464481752289,-6.64318530630891));
#6763=CARTESIAN_POINT('Origin',(-4.,3.65959040177021,-6.87801418225285));
#6764=CARTESIAN_POINT('',(-4.,3.32137278213282,-6.75234091572007));
#6765=CARTESIAN_POINT('Origin',(-4.,0.,0.));
#6766=CARTESIAN_POINT('',(-4.,3.19267902465946,-7.09197672647034));
#6767=CARTESIAN_POINT('Origin',(-4.,3.43877944791984,-6.99102831553157));
#6768=CARTESIAN_POINT('',(-4.,3.23669943796757,-7.19929334737083));
#6769=CARTESIAN_POINT('',(-4.,3.23669943796757,-7.19929334737083));
#6770=CARTESIAN_POINT('Ctrl Pts',(-4.,3.28795482963818,-8.48524325156675));
#6771=CARTESIAN_POINT('Ctrl Pts',(-4.,3.29970545364525,-8.40810242076452));
#6772=CARTESIAN_POINT('Ctrl Pts',(-4.,3.32526357536761,-8.20981003273817));
#6773=CARTESIAN_POINT('Ctrl Pts',(-4.,3.34159212237494,-7.96166714047859));
#6774=CARTESIAN_POINT('Ctrl Pts',(-4.,3.33372759033465,-7.67680680058249));
#6775=CARTESIAN_POINT('Ctrl Pts',(-4.,3.30292642646752,-7.44631847972283));
#6776=CARTESIAN_POINT('Ctrl Pts',(-4.,3.27697218873862,-7.32415501519911));
#6777=CARTESIAN_POINT('Ctrl Pts',(-4.,3.25611537369184,-7.25053207523779));
#6778=CARTESIAN_POINT('Ctrl Pts',(-4.,3.2421668889024,-7.21262235351073));
#6779=CARTESIAN_POINT('Ctrl Pts',(-4.,3.23669943796757,-7.19929334737083));
#6780=CARTESIAN_POINT('',(-4.,2.04296691313423,-7.6244563179991));
#6781=CARTESIAN_POINT('Ctrl Pts',(-4.,2.81614855784829,-8.65328303594243));
#6782=CARTESIAN_POINT('Ctrl Pts',(-4.,2.75827989928603,-8.60093799513036));
#6783=CARTESIAN_POINT('Ctrl Pts',(-4.,2.61312796868232,-8.46344615618278));
#6784=CARTESIAN_POINT('Ctrl Pts',(-4.,2.44361525642637,-8.28149298415781));
#6785=CARTESIAN_POINT('Ctrl Pts',(-4.,2.26963822470781,-8.05579571668579));
#6786=CARTESIAN_POINT('Ctrl Pts',(-4.,2.14780437855514,-7.85772983956426));
#6787=CARTESIAN_POINT('Ctrl Pts',(-4.,2.09069106930837,-7.74666407333808));
#6788=CARTESIAN_POINT('Ctrl Pts',(-4.,2.06031227803105,-7.67643250591308));
#6789=CARTESIAN_POINT('Ctrl Pts',(-4.,2.04715618994761,-7.63824056205465));
#6790=CARTESIAN_POINT('Ctrl Pts',(-4.,2.04296691313423,-7.6244563179991));
#6791=CARTESIAN_POINT('',(-4.,2.00923753924773,-7.51347441295804));
#6792=CARTESIAN_POINT('',(-4.,2.04296691313423,-7.6244563179991));
#6793=CARTESIAN_POINT('',(-4.,1.69482183858619,-7.33165765263568));
#6794=CARTESIAN_POINT('Origin',(-4.,1.75473181985715,-7.59082322547303));
#6795=CARTESIAN_POINT('',(-4.,1.46056532098231,-7.38189501030351));
#6796=CARTESIAN_POINT('Origin',(-4.,0.,0.));
#6797=CARTESIAN_POINT('',(-4.,1.24835248073561,-7.67664961601991));
#6798=CARTESIAN_POINT('Origin',(-4.,1.51219460674727,-7.64283641531889));
#6799=CARTESIAN_POINT('',(-4.,1.26309734948874,-7.7917028330752));
#6800=CARTESIAN_POINT('',(-4.,1.26309734948874,-7.7917028330752));
#6801=CARTESIAN_POINT('Ctrl Pts',(-4.,0.979777929786271,-9.04710092838053));
#6802=CARTESIAN_POINT('Ctrl Pts',(-4.,1.01109367715636,-8.97562989293213));
#6803=CARTESIAN_POINT('Ctrl Pts',(-4.,1.08710277351951,-8.79070908283974));
#6804=CARTESIAN_POINT('Ctrl Pts',(-4.,1.16709904520326,-8.5552475935405));
#6805=CARTESIAN_POINT('Ctrl Pts',(-4.,1.23322977175336,-8.27805814367652));
#6806=CARTESIAN_POINT('Ctrl Pts',(-4.,1.26313289920652,-8.04745159408003));
#6807=CARTESIAN_POINT('Ctrl Pts',(-4.,1.26968126191698,-7.92273329764227));
#6808=CARTESIAN_POINT('Ctrl Pts',(-4.,1.26859014462758,-7.84622085757202));
#6809=CARTESIAN_POINT('Ctrl Pts',(-4.,1.26492870090936,-7.80599274477459));
#6810=CARTESIAN_POINT('Ctrl Pts',(-4.,1.26309734948874,-7.7917028330752));
#6811=CARTESIAN_POINT('',(-4.,4.44522890719057E-18,-7.89341801460163));
#6812=CARTESIAN_POINT('Ctrl Pts',(-4.,0.480556170327911,-9.08730244721501));
#6813=CARTESIAN_POINT('Ctrl Pts',(-4.,0.438207231968747,-9.02176350946602));
#6814=CARTESIAN_POINT('Ctrl Pts',(-4.,0.333586739928716,-8.85138850724894));
#6815=CARTESIAN_POINT('Ctrl Pts',(-4.,0.216942979513256,-8.63176212089598));
#6816=CARTESIAN_POINT('Ctrl Pts',(-4.,0.107308822644549,-8.36872673210272));
#6817=CARTESIAN_POINT('Ctrl Pts',(-4.,0.0408895853135427,-8.14587686636203));
#6818=CARTESIAN_POINT('Ctrl Pts',(-4.,0.0144683004454937,-8.02381356218568));
#6819=CARTESIAN_POINT('Ctrl Pts',(-4.,0.00330190859628046,-7.94811246763935));
#6820=CARTESIAN_POINT('Ctrl Pts',(-4.,0.000478905783593218,-7.90781683655527));
#6821=CARTESIAN_POINT('Ctrl Pts',(-4.,4.44522890719057E-18,-7.89341801460163));
#6822=CARTESIAN_POINT('',(-4.,-0.003855842655146,-7.7774879219305));
#6823=CARTESIAN_POINT('',(-4.,4.44522890719057E-18,-7.89341801460163));
#6824=CARTESIAN_POINT('',(-4.,-0.260500447824634,-7.52048964607247));
#6825=CARTESIAN_POINT('Origin',(-4.,-0.269708835747737,-7.78633021030573));
#6826=CARTESIAN_POINT('',(-4.,-0.499777253094825,-7.50838515909306));
#6827=CARTESIAN_POINT('Origin',(-4.,0.,0.));
#6828=CARTESIAN_POINT('',(-4.,-0.781047221750361,-7.73817152050104));
#6829=CARTESIAN_POINT('Origin',(-4.,-0.517443797855386,-7.77379784378659));
#6830=CARTESIAN_POINT('',(-4.,-0.796582735990692,-7.85312064710323));
#6831=CARTESIAN_POINT('',(-4.,-0.796582735990692,-7.85312064710323));
#6832=CARTESIAN_POINT('Ctrl Pts',(-4.,-1.39516921682099,-8.99241362796637));
#6833=CARTESIAN_POINT('Ctrl Pts',(-4.,-1.34642246251943,-8.93148302082614));
#6834=CARTESIAN_POINT('Ctrl Pts',(-4.,-1.22514228582167,-8.77253583627941));
#6835=CARTESIAN_POINT('Ctrl Pts',(-4.,-1.08692990317665,-8.56580206131774));
#6836=CARTESIAN_POINT('Ctrl Pts',(-4.,-0.95131061776437,-8.3151735044169));
#6837=CARTESIAN_POINT('Ctrl Pts',(-4.,-0.862741047709598,-8.10016418134324));
#6838=CARTESIAN_POINT('Ctrl Pts',(-4.,-0.824136344656822,-7.98139039878694));
#6839=CARTESIAN_POINT('Ctrl Pts',(-4.,-0.805387406348709,-7.90720265495576));
#6840=CARTESIAN_POINT('Ctrl Pts',(-4.,-0.798512287657138,-7.867397630495));
#6841=CARTESIAN_POINT('Ctrl Pts',(-4.,-0.796582735990692,-7.85312064710323));
#6842=CARTESIAN_POINT('',(-4.,-2.04296691313413,-7.62445631799912));
#6843=CARTESIAN_POINT('Ctrl Pts',(-4.,-1.88778532604357,-8.90203721418725));
#6844=CARTESIAN_POINT('Ctrl Pts',(-4.,-1.91172853403539,-8.82777074980073));
#6845=CARTESIAN_POINT('Ctrl Pts',(-4.,-1.96868787387276,-8.63612335915723));
#6846=CARTESIAN_POINT('Ctrl Pts',(-4.,-2.02451360293834,-8.39379093375648));
#6847=CARTESIAN_POINT('Ctrl Pts',(-4.,-2.06233349834561,-8.1113428507017));
#6848=CARTESIAN_POINT('Ctrl Pts',(-4.,-2.06881176559383,-7.87889584641526));
#6849=CARTESIAN_POINT('Ctrl Pts',(-4.,-2.06274045918264,-7.75415341674922));
#6850=CARTESIAN_POINT('Ctrl Pts',(-4.,-2.05393348045256,-7.67814169957292));
#6851=CARTESIAN_POINT('Ctrl Pts',(-4.,-2.04623101501804,-7.63848846192989));
#6852=CARTESIAN_POINT('Ctrl Pts',(-4.,-2.04296691313413,-7.62445631799912));
#6853=CARTESIAN_POINT('',(-4.,-2.01668645525305,-7.51147848192992));
#6854=CARTESIAN_POINT('',(-4.,-2.04296691313413,-7.62445631799912));
#6855=CARTESIAN_POINT('',(-4.,-2.19807005921346,-7.19681269832621));
#6856=CARTESIAN_POINT('Origin',(-4.,-2.27576927991123,-7.45121165882518));
#6857=CARTESIAN_POINT('',(-4.,-2.42606083329441,-7.12319126748362));
#6858=CARTESIAN_POINT('Origin',(-4.,0.,0.));
#6859=CARTESIAN_POINT('',(-4.,-2.7572198468155,-7.27234982379314));
#6860=CARTESIAN_POINT('Origin',(-4.,-2.5118192627504,-7.37498779600862));
#6861=CARTESIAN_POINT('',(-4.,-2.80197702442747,-7.37936126692671));
#6862=CARTESIAN_POINT('',(-4.,-2.80197702442747,-7.37936126692671));
#6863=CARTESIAN_POINT('Ctrl Pts',(-4.,-3.67503788692792,-8.3249081994725));
#6864=CARTESIAN_POINT('Ctrl Pts',(-4.,-3.61218213644273,-8.27867034082445));
#6865=CARTESIAN_POINT('Ctrl Pts',(-4.,-3.45389592302735,-8.15652876977762));
#6866=CARTESIAN_POINT('Ctrl Pts',(-4.,-3.26688637489156,-7.99261127427343));
#6867=CARTESIAN_POINT('Ctrl Pts',(-4.,-3.07102076079647,-7.78562353230524));
#6868=CARTESIAN_POINT('Ctrl Pts',(-4.,-2.92982061797119,-7.60086396580218));
#6869=CARTESIAN_POINT('Ctrl Pts',(-4.,-2.86179042129186,-7.49612893412559));
#6870=CARTESIAN_POINT('Ctrl Pts',(-4.,-2.82447913654785,-7.42932165867452));
#6871=CARTESIAN_POINT('Ctrl Pts',(-4.,-2.80753598342365,-7.39265236918653));
#6872=CARTESIAN_POINT('Ctrl Pts',(-4.,-2.80197702442747,-7.37936126692671));
#6873=CARTESIAN_POINT('',(-4.,-3.94670900730073,-6.83590052333479));
#6874=CARTESIAN_POINT('Ctrl Pts',(-4.,-4.12747737215807,-8.1101128563247));
#6875=CARTESIAN_POINT('Ctrl Pts',(-4.,-4.13138315972591,-8.03218000211745));
#6876=CARTESIAN_POINT('Ctrl Pts',(-4.,-4.13679966248047,-7.83232067600761));
#6877=CARTESIAN_POINT('Ctrl Pts',(-4.,-4.12800292901673,-7.58379676587685));
#6878=CARTESIAN_POINT('Ctrl Pts',(-4.,-4.09143119959089,-7.30118435865321));
#6879=CARTESIAN_POINT('Ctrl Pts',(-4.,-4.03752701354918,-7.07498109502631));
#6880=CARTESIAN_POINT('Ctrl Pts',(-4.,-3.99937686535737,-6.95606053030571));
#6881=CARTESIAN_POINT('Ctrl Pts',(-4.,-3.97119669709423,-6.88491826340969));
#6882=CARTESIAN_POINT('Ctrl Pts',(-4.,-3.95349367370294,-6.84860972182301));
#6883=CARTESIAN_POINT('Ctrl Pts',(-4.,-3.94670900730073,-6.83590052333479));
#6884=CARTESIAN_POINT('',(-4.,-3.89208321865752,-6.73357419669093));
#6885=CARTESIAN_POINT('',(-4.,-3.94670900730073,-6.83590052333479));
#6886=CARTESIAN_POINT('',(-4.,-3.98584482854951,-6.38268485848433));
#6887=CARTESIAN_POINT('Origin',(-4.,-4.12673980853544,-6.60830534650517));
#6888=CARTESIAN_POINT('',(-4.,-4.18701237696018,-6.2525636626253));
#6889=CARTESIAN_POINT('Origin',(-4.,0.,0.));
#6890=CARTESIAN_POINT('',(-4.,-4.54549249584151,-6.31092950472004));
#6891=CARTESIAN_POINT('Origin',(-4.,-4.33501839586668,-6.47358451767624));
#6892=CARTESIAN_POINT('',(-4.,-4.61642120913559,-6.4027106113802));
#6893=CARTESIAN_POINT('',(-4.,-4.61642120913559,-6.4027106113802));
#6894=CARTESIAN_POINT('Ctrl Pts',(-4.,-5.70445879832811,-7.09007403474584));
#6895=CARTESIAN_POINT('Ctrl Pts',(-4.,-5.63177756718081,-7.06167995824517));
#6896=CARTESIAN_POINT('Ctrl Pts',(-4.,-5.44727226091172,-6.98466774691657));
#6897=CARTESIAN_POINT('Ctrl Pts',(-4.,-5.22420993894272,-6.87473723730201));
#6898=CARTESIAN_POINT('Ctrl Pts',(-4.,-4.98144591408218,-6.72549618281819));
#6899=CARTESIAN_POINT('Ctrl Pts',(-4.,-4.79723775487565,-6.58357743201329));
#6900=CARTESIAN_POINT('Ctrl Pts',(-4.,-4.70441821004824,-6.50001867054235));
#6901=CARTESIAN_POINT('Ctrl Pts',(-4.,-4.65108728126384,-6.44514466888915));
#6902=CARTESIAN_POINT('Ctrl Pts',(-4.,-4.62523074159253,-6.41411006585366));
#6903=CARTESIAN_POINT('Ctrl Pts',(-4.,-4.61642120913559,-6.4027106113802));
#6904=CARTESIAN_POINT('',(-4.,-5.5814894048648,-5.58148940486494));
#6905=CARTESIAN_POINT('Ctrl Pts',(-4.,-6.08588865633886,-6.76549770989882));
#6906=CARTESIAN_POINT('Ctrl Pts',(-4.,-6.0694908505146,-6.68920946109493));
#6907=CARTESIAN_POINT('Ctrl Pts',(-4.,-6.02299539047481,-6.49475828230998));
#6908=CARTESIAN_POINT('Ctrl Pts',(-4.,-5.95017567733001,-6.25697938121944));
#6909=CARTESIAN_POINT('Ctrl Pts',(-4.,-5.84170462599379,-5.99346221834015));
#6910=CARTESIAN_POINT('Ctrl Pts',(-4.,-5.73109146786003,-5.78891807397039));
#6911=CARTESIAN_POINT('Ctrl Pts',(-4.,-5.66346234744076,-5.6839236141554));
#6912=CARTESIAN_POINT('Ctrl Pts',(-4.,-5.61782942154177,-5.62249902546048));
#6913=CARTESIAN_POINT('Ctrl Pts',(-4.,-5.59133227198219,-5.59200954703658));
#6914=CARTESIAN_POINT('Ctrl Pts',(-4.,-5.5814894048648,-5.58148940486494));
#6915=CARTESIAN_POINT('',(-4.,-5.5022409426821,-5.49678795770495));
#6916=CARTESIAN_POINT('',(-4.,-5.5814894048648,-5.58148940486494));
#6917=CARTESIAN_POINT('',(-4.,-5.50199085973993,-5.13358759342219));
#6918=CARTESIAN_POINT('Origin',(-4.,-5.69647983896794,-5.31505394556177));
#6919=CARTESIAN_POINT('',(-4.,-5.66262594650122,-4.95583417700907));
#6920=CARTESIAN_POINT('Origin',(-4.,0.,0.));
#6921=CARTESIAN_POINT('',(-4.,-6.02399734305744,-4.91942976920439));
#6922=CARTESIAN_POINT('Origin',(-4.,-5.86279318926126,-5.13101715256846));
#6923=CARTESIAN_POINT('',(-4.,-6.11626391743788,-4.98972580864771));
#6924=CARTESIAN_POINT('',(-4.,-6.11626391743788,-4.98972580864771));
#6925=CARTESIAN_POINT('Ctrl Pts',(-4.,-7.34513026968612,-5.37206304145259));
#6926=CARTESIAN_POINT('Ctrl Pts',(-4.,-7.26757666366798,-5.36344775648938));
#6927=CARTESIAN_POINT('Ctrl Pts',(-4.,-7.069425996258,-5.33681315981237));
#6928=CARTESIAN_POINT('Ctrl Pts',(-4.,-6.82551222907006,-5.28836121864892));
#6929=CARTESIAN_POINT('Ctrl Pts',(-4.,-6.55239376055178,-5.20703738288003));
#6930=CARTESIAN_POINT('Ctrl Pts',(-4.,-6.33773106659557,-5.11763097610882));
#6931=CARTESIAN_POINT('Ctrl Pts',(-4.,-6.22644767220852,-5.06094287635039));
#6932=CARTESIAN_POINT('Ctrl Pts',(-4.,-6.16073151404684,-5.02174172102415));
#6933=CARTESIAN_POINT('Ctrl Pts',(-4.,-6.12772366827708,-4.99845676135092));
#6934=CARTESIAN_POINT('Ctrl Pts',(-4.,-6.11626391743788,-4.98972580864771));
#6935=CARTESIAN_POINT('',(-4.,-6.83590052333469,-3.94670900730089));
#6936=CARTESIAN_POINT('Ctrl Pts',(-4.,-7.62955668599668,-4.95982507505693));
#6937=CARTESIAN_POINT('Ctrl Pts',(-4.,-7.5939727701486,-4.8903803497401));
#6938=CARTESIAN_POINT('Ctrl Pts',(-4.,-7.49873393607879,-4.71458884476846));
#6939=CARTESIAN_POINT('Ctrl Pts',(-4.,-7.36685378636349,-4.50375919187924));
#6940=CARTESIAN_POINT('Ctrl Pts',(-4.,-7.19387553600856,-4.27729553251182));
#6941=CARTESIAN_POINT('Ctrl Pts',(-4.,-7.03409150971267,-4.10834985281283));
#6942=CARTESIAN_POINT('Ctrl Pts',(-4.,-6.94159222986012,-4.0244366968283));
#6943=CARTESIAN_POINT('Ctrl Pts',(-4.,-6.88161635481331,-3.97691577054511));
#6944=CARTESIAN_POINT('Ctrl Pts',(-4.,-6.84813081603932,-3.95432316285233));
#6945=CARTESIAN_POINT('Ctrl Pts',(-4.,-6.83590052333469,-3.94670900730089));
#6946=CARTESIAN_POINT('',(-4.,-6.73743003934598,-3.88540470327298));
#6947=CARTESIAN_POINT('',(-4.,-6.83590052333469,-3.94670900730089));
#6948=CARTESIAN_POINT('',(-4.,-6.64318530630887,-3.53464481752296));
#6949=CARTESIAN_POINT('Origin',(-4.,-6.87801418225281,-3.65959040177028));
#6950=CARTESIAN_POINT('',(-4.,-6.75234091572003,-3.32137278213289));
#6951=CARTESIAN_POINT('Origin',(-4.,0.,0.));
#6952=CARTESIAN_POINT('',(-4.,-7.09197672647031,-3.19267902465953));
#6953=CARTESIAN_POINT('Origin',(-4.,-6.99102831553153,-3.43877944791991));
#6954=CARTESIAN_POINT('',(-4.,-7.1992933473708,-3.23669943796765));
#6955=CARTESIAN_POINT('',(-4.,-7.1992933473708,-3.23669943796765));
#6956=CARTESIAN_POINT('Ctrl Pts',(-4.,-8.48524325156671,-3.28795482963827));
#6957=CARTESIAN_POINT('Ctrl Pts',(-4.,-8.40810242076449,-3.29970545364534));
#6958=CARTESIAN_POINT('Ctrl Pts',(-4.,-8.20981003273813,-3.3252635753677));
#6959=CARTESIAN_POINT('Ctrl Pts',(-4.,-7.96166714047856,-3.34159212237502));
#6960=CARTESIAN_POINT('Ctrl Pts',(-4.,-7.67680680058246,-3.33372759033473));
#6961=CARTESIAN_POINT('Ctrl Pts',(-4.,-7.44631847972279,-3.30292642646759));
#6962=CARTESIAN_POINT('Ctrl Pts',(-4.,-7.32415501519907,-3.2769721887387));
#6963=CARTESIAN_POINT('Ctrl Pts',(-4.,-7.25053207523776,-3.25611537369192));
#6964=CARTESIAN_POINT('Ctrl Pts',(-4.,-7.2126223535107,-3.24216688890248));
#6965=CARTESIAN_POINT('Ctrl Pts',(-4.,-7.1992933473708,-3.23669943796765));
#6966=CARTESIAN_POINT('',(-4.,-7.62445631799907,-2.04296691313431));
#6967=CARTESIAN_POINT('Ctrl Pts',(-4.,-8.6532830359424,-2.81614855784838));
#6968=CARTESIAN_POINT('Ctrl Pts',(-4.,-8.60093799513034,-2.75827989928612));
#6969=CARTESIAN_POINT('Ctrl Pts',(-4.,-8.46344615618275,-2.61312796868241));
#6970=CARTESIAN_POINT('Ctrl Pts',(-4.,-8.28149298415779,-2.44361525642645));
#6971=CARTESIAN_POINT('Ctrl Pts',(-4.,-8.05579571668577,-2.2696382247079));
#6972=CARTESIAN_POINT('Ctrl Pts',(-4.,-7.85772983956423,-2.14780437855522));
#6973=CARTESIAN_POINT('Ctrl Pts',(-4.,-7.74666407333806,-2.09069106930845));
#6974=CARTESIAN_POINT('Ctrl Pts',(-4.,-7.67643250591306,-2.06031227803113));
#6975=CARTESIAN_POINT('Ctrl Pts',(-4.,-7.63824056205463,-2.04715618994769));
#6976=CARTESIAN_POINT('Ctrl Pts',(-4.,-7.62445631799907,-2.04296691313431));
#6977=CARTESIAN_POINT('',(-4.,-7.51347441295802,-2.00923753924781));
#6978=CARTESIAN_POINT('',(-4.,-7.62445631799907,-2.04296691313431));
#6979=CARTESIAN_POINT('',(-4.,-7.33165765263566,-1.69482183858627));
#6980=CARTESIAN_POINT('Origin',(-4.,-7.59082322547302,-1.75473181985723));
#6981=CARTESIAN_POINT('',(-4.,-7.38189501030349,-1.46056532098239));
#6982=CARTESIAN_POINT('Origin',(-4.,0.,0.));
#6983=CARTESIAN_POINT('',(-4.,-7.6766496160199,-1.24835248073569));
#6984=CARTESIAN_POINT('Origin',(-4.,-7.64283641531887,-1.51219460674735));
#6985=CARTESIAN_POINT('',(-4.,-7.79170283307518,-1.26309734948882));
#6986=CARTESIAN_POINT('',(-4.,-7.79170283307518,-1.26309734948882));
#6987=CARTESIAN_POINT('Ctrl Pts',(-4.,-9.04710092838052,-0.979777929786365));
#6988=CARTESIAN_POINT('Ctrl Pts',(-4.,-8.97562989293212,-1.01109367715645));
#6989=CARTESIAN_POINT('Ctrl Pts',(-4.,-8.79070908283973,-1.0871027735196));
#6990=CARTESIAN_POINT('Ctrl Pts',(-4.,-8.55524759354049,-1.16709904520335));
#6991=CARTESIAN_POINT('Ctrl Pts',(-4.,-8.27805814367651,-1.23322977175344));
#6992=CARTESIAN_POINT('Ctrl Pts',(-4.,-8.04745159408002,-1.2631328992066));
#6993=CARTESIAN_POINT('Ctrl Pts',(-4.,-7.92273329764226,-1.26968126191706));
#6994=CARTESIAN_POINT('Ctrl Pts',(-4.,-7.84622085757201,-1.26859014462767));
#6995=CARTESIAN_POINT('Ctrl Pts',(-4.,-7.80599274477458,-1.26492870090944));
#6996=CARTESIAN_POINT('Ctrl Pts',(-4.,-7.79170283307518,-1.26309734948882));
#6997=CARTESIAN_POINT('',(-4.,-7.89341801460163,-8.26836103219166E-14));
#6998=CARTESIAN_POINT('Ctrl Pts',(-4.,-9.087302447215,-0.480556170328005));
#6999=CARTESIAN_POINT('Ctrl Pts',(-4.,-9.02176350946602,-0.438207231968841));
#7000=CARTESIAN_POINT('Ctrl Pts',(-4.,-8.85138850724893,-0.333586739928808));
#7001=CARTESIAN_POINT('Ctrl Pts',(-4.,-8.63176212089598,-0.216942979513347));
#7002=CARTESIAN_POINT('Ctrl Pts',(-4.,-8.36872673210272,-0.107308822644637));
#7003=CARTESIAN_POINT('Ctrl Pts',(-4.,-8.14587686636203,-0.040889585313628));
#7004=CARTESIAN_POINT('Ctrl Pts',(-4.,-8.02381356218568,-0.0144683004455777));
#7005=CARTESIAN_POINT('Ctrl Pts',(-4.,-7.94811246763935,-0.00330190859636372));
#7006=CARTESIAN_POINT('Ctrl Pts',(-4.,-7.90781683655527,-0.000478905783676048));
#7007=CARTESIAN_POINT('Ctrl Pts',(-4.,-7.89341801460163,-8.26836103219166E-14));
#7008=CARTESIAN_POINT('',(-4.,-7.7774879219305,0.00385584265506453));
#7009=CARTESIAN_POINT('',(-4.,-7.89341801460163,-8.26836103219166E-14));
#7010=CARTESIAN_POINT('',(-4.,-7.52048964607247,0.260500447824555));
#7011=CARTESIAN_POINT('Origin',(-4.,-7.78633021030573,0.269708835747656));
#7012=CARTESIAN_POINT('',(-4.,-7.50838515909307,0.499777253094746));
#7013=CARTESIAN_POINT('Origin',(-4.,0.,0.));
#7014=CARTESIAN_POINT('',(-4.,-7.73817152050105,0.78104722175028));
#7015=CARTESIAN_POINT('Origin',(-4.,-7.77379784378659,0.517443797855305));
#7016=CARTESIAN_POINT('',(-4.,-7.85312064710324,0.79658273599061));
#7017=CARTESIAN_POINT('',(-4.,-7.85312064710324,0.79658273599061));
#7018=CARTESIAN_POINT('Ctrl Pts',(-4.,-8.99241362796638,1.39516921682089));
#7019=CARTESIAN_POINT('Ctrl Pts',(-4.,-8.93148302082615,1.34642246251934));
#7020=CARTESIAN_POINT('Ctrl Pts',(-4.,-8.77253583627942,1.22514228582158));
#7021=CARTESIAN_POINT('Ctrl Pts',(-4.,-8.56580206131775,1.08692990317656));
#7022=CARTESIAN_POINT('Ctrl Pts',(-4.,-8.31517350441691,0.951310617764283));
#7023=CARTESIAN_POINT('Ctrl Pts',(-4.,-8.10016418134325,0.862741047709513));
#7024=CARTESIAN_POINT('Ctrl Pts',(-4.,-7.98139039878695,0.824136344656738));
#7025=CARTESIAN_POINT('Ctrl Pts',(-4.,-7.90720265495577,0.805387406348626));
#7026=CARTESIAN_POINT('Ctrl Pts',(-4.,-7.86739763049501,0.798512287657056));
#7027=CARTESIAN_POINT('Ctrl Pts',(-4.,-7.85312064710324,0.79658273599061));
#7028=CARTESIAN_POINT('',(-4.,-7.62445631799912,2.04296691313415));
#7029=CARTESIAN_POINT('Ctrl Pts',(-4.,-8.90203721418724,1.8877853260436));
#7030=CARTESIAN_POINT('Ctrl Pts',(-4.,-8.82777074980072,1.91172853403542));
#7031=CARTESIAN_POINT('Ctrl Pts',(-4.,-8.63612335915723,1.96868787387279));
#7032=CARTESIAN_POINT('Ctrl Pts',(-4.,-8.39379093375647,2.02451360293837));
#7033=CARTESIAN_POINT('Ctrl Pts',(-4.,-8.1113428507017,2.06233349834564));
#7034=CARTESIAN_POINT('Ctrl Pts',(-4.,-7.87889584641526,2.06881176559385));
#7035=CARTESIAN_POINT('Ctrl Pts',(-4.,-7.75415341674922,2.06274045918267));
#7036=CARTESIAN_POINT('Ctrl Pts',(-4.,-7.67814169957291,2.05393348045259));
#7037=CARTESIAN_POINT('Ctrl Pts',(-4.,-7.63848846192988,2.04623101501806));
#7038=CARTESIAN_POINT('Ctrl Pts',(-4.,-7.62445631799912,2.04296691313415));
#7039=CARTESIAN_POINT('',(-4.,-7.51147848192992,2.01668645525308));
#7040=CARTESIAN_POINT('',(-4.,-7.62445631799912,2.04296691313415));
#7041=CARTESIAN_POINT('',(-4.,-7.1968126983262,2.19807005921348));
#7042=CARTESIAN_POINT('Origin',(-4.,-7.45121165882517,2.27576927991126));
#7043=CARTESIAN_POINT('',(-4.,-7.12319126748361,2.42606083329443));
#7044=CARTESIAN_POINT('Origin',(-4.,0.,0.));
#7045=CARTESIAN_POINT('',(-4.,-7.27234982379313,2.75721984681553));
#7046=CARTESIAN_POINT('Origin',(-4.,-7.37498779600861,2.51181926275042));
#7047=CARTESIAN_POINT('',(-4.,-7.3793612669267,2.80197702442749));
#7048=CARTESIAN_POINT('',(-4.,-7.3793612669267,2.80197702442749));
#7049=CARTESIAN_POINT('Ctrl Pts',(-4.,-8.32490819947249,3.67503788692795));
#7050=CARTESIAN_POINT('Ctrl Pts',(-4.,-8.27867034082444,3.61218213644276));
#7051=CARTESIAN_POINT('Ctrl Pts',(-4.,-8.1565287697776,3.45389592302737));
#7052=CARTESIAN_POINT('Ctrl Pts',(-4.,-7.99261127427342,3.26688637489159));
#7053=CARTESIAN_POINT('Ctrl Pts',(-4.,-7.78562353230523,3.0710207607965));
#7054=CARTESIAN_POINT('Ctrl Pts',(-4.,-7.60086396580217,2.92982061797121));
#7055=CARTESIAN_POINT('Ctrl Pts',(-4.,-7.49612893412558,2.86179042129188));
#7056=CARTESIAN_POINT('Ctrl Pts',(-4.,-7.42932165867451,2.82447913654788));
#7057=CARTESIAN_POINT('Ctrl Pts',(-4.,-7.39265236918652,2.80753598342367));
#7058=CARTESIAN_POINT('Ctrl Pts',(-4.,-7.3793612669267,2.80197702442749));
#7059=CARTESIAN_POINT('',(-4.,-6.83590052333478,3.94670900730075));
#7060=CARTESIAN_POINT('Ctrl Pts',(-4.,-8.11011285632469,4.1274773721581));
#7061=CARTESIAN_POINT('Ctrl Pts',(-4.,-8.03218000211744,4.13138315972594));
#7062=CARTESIAN_POINT('Ctrl Pts',(-4.,-7.8323206760076,4.1367996624805));
#7063=CARTESIAN_POINT('Ctrl Pts',(-4.,-7.58379676587683,4.12800292901675));
#7064=CARTESIAN_POINT('Ctrl Pts',(-4.,-7.3011843586532,4.09143119959091));
#7065=CARTESIAN_POINT('Ctrl Pts',(-4.,-7.0749810950263,4.03752701354921));
#7066=CARTESIAN_POINT('Ctrl Pts',(-4.,-6.95606053030569,3.99937686535739));
#7067=CARTESIAN_POINT('Ctrl Pts',(-4.,-6.88491826340968,3.97119669709426));
#7068=CARTESIAN_POINT('Ctrl Pts',(-4.,-6.84860972182299,3.95349367370296));
#7069=CARTESIAN_POINT('Ctrl Pts',(-4.,-6.83590052333478,3.94670900730075));
#7070=CARTESIAN_POINT('',(-4.,-6.73357419669092,3.89208321865754));
#7071=CARTESIAN_POINT('',(-4.,-6.83590052333478,3.94670900730075));
#7072=CARTESIAN_POINT('',(-4.,-6.38268485848432,3.98584482854953));
#7073=CARTESIAN_POINT('Origin',(-4.,-6.60830534650516,4.12673980853547));
#7074=CARTESIAN_POINT('',(-4.,-6.25256366262528,4.1870123769602));
#7075=CARTESIAN_POINT('Origin',(-4.,0.,0.));
#7076=CARTESIAN_POINT('',(-4.,-6.31092950472002,4.54549249584153));
#7077=CARTESIAN_POINT('Origin',(-4.,-6.47358451767623,4.3350183958667));
#7078=CARTESIAN_POINT('',(-4.,-6.40271061138019,4.61642120913561));
#7079=CARTESIAN_POINT('',(-4.,-6.40271061138019,4.61642120913561));
#7080=CARTESIAN_POINT('Ctrl Pts',(-4.,-7.09007403474582,5.70445879832813));
#7081=CARTESIAN_POINT('Ctrl Pts',(-4.,-7.06167995824515,5.63177756718083));
#7082=CARTESIAN_POINT('Ctrl Pts',(-4.,-6.98466774691655,5.44727226091174));
#7083=CARTESIAN_POINT('Ctrl Pts',(-4.,-6.874737237302,5.22420993894275));
#7084=CARTESIAN_POINT('Ctrl Pts',(-4.,-6.72549618281817,4.9814459140822));
#7085=CARTESIAN_POINT('Ctrl Pts',(-4.,-6.58357743201328,4.79723775487567));
#7086=CARTESIAN_POINT('Ctrl Pts',(-4.,-6.50001867054233,4.70441821004826));
#7087=CARTESIAN_POINT('Ctrl Pts',(-4.,-6.44514466888913,4.65108728126386));
#7088=CARTESIAN_POINT('Ctrl Pts',(-4.,-6.41411006585364,4.62523074159255));
#7089=CARTESIAN_POINT('Ctrl Pts',(-4.,-6.40271061138019,4.61642120913561));
#7090=CARTESIAN_POINT('Origin',(-4.,0.,0.));
#7091=CARTESIAN_POINT('',(-4.,-0.260500447824634,-7.52048964607247));
#7092=CARTESIAN_POINT('',(-4.,-0.499777253094825,-7.50838515909307));
#7093=CARTESIAN_POINT('Origin',(-4.,4.44522890719057E-18,-7.89341801460163));
#7094=CARTESIAN_POINT('',(-4.,-0.003855842655146,-7.7774879219305));
#7095=CARTESIAN_POINT('',(-4.,4.44522890719057E-18,-7.89341801460163));
#7096=CARTESIAN_POINT('Ctrl Pts',(-4.,0.480556170327911,-9.08730244721501));
#7097=CARTESIAN_POINT('Ctrl Pts',(5.6,0.480556170327911,-9.08730244721501));
#7098=CARTESIAN_POINT('Ctrl Pts',(-4.,0.438207231968747,-9.02176350946602));
#7099=CARTESIAN_POINT('Ctrl Pts',(5.6,0.438207231968747,-9.02176350946602));
#7100=CARTESIAN_POINT('Ctrl Pts',(-4.,0.333586739928716,-8.85138850724894));
#7101=CARTESIAN_POINT('Ctrl Pts',(5.6,0.333586739928716,-8.85138850724894));
#7102=CARTESIAN_POINT('Ctrl Pts',(-4.,0.216942979513256,-8.63176212089598));
#7103=CARTESIAN_POINT('Ctrl Pts',(5.6,0.216942979513256,-8.63176212089598));
#7104=CARTESIAN_POINT('Ctrl Pts',(-4.,0.107308822644549,-8.36872673210272));
#7105=CARTESIAN_POINT('Ctrl Pts',(5.6,0.107308822644549,-8.36872673210272));
#7106=CARTESIAN_POINT('Ctrl Pts',(-4.,0.0408895853135427,-8.14587686636203));
#7107=CARTESIAN_POINT('Ctrl Pts',(5.6,0.0408895853135427,-8.14587686636203));
#7108=CARTESIAN_POINT('Ctrl Pts',(-4.,0.0144683004454937,-8.02381356218568));
#7109=CARTESIAN_POINT('Ctrl Pts',(5.6,0.0144683004454937,-8.02381356218568));
#7110=CARTESIAN_POINT('Ctrl Pts',(-4.,0.00330190859628046,-7.94811246763935));
#7111=CARTESIAN_POINT('Ctrl Pts',(5.6,0.00330190859628046,-7.94811246763935));
#7112=CARTESIAN_POINT('Ctrl Pts',(-4.,0.000478905783593218,-7.90781683655527));
#7113=CARTESIAN_POINT('Ctrl Pts',(5.6,0.000478905783593218,-7.90781683655527));
#7114=CARTESIAN_POINT('Ctrl Pts',(-4.,4.44522890719057E-18,-7.89341801460163));
#7115=CARTESIAN_POINT('Ctrl Pts',(5.6,4.44522890719057E-18,-7.89341801460163));
#7116=CARTESIAN_POINT('Ctrl Pts',(-4.,-1.39516921682099,-8.99241362796637));
#7117=CARTESIAN_POINT('Ctrl Pts',(5.6,-1.39516921682099,-8.99241362796637));
#7118=CARTESIAN_POINT('Ctrl Pts',(-4.,-1.34642246251943,-8.93148302082614));
#7119=CARTESIAN_POINT('Ctrl Pts',(5.6,-1.34642246251943,-8.93148302082614));
#7120=CARTESIAN_POINT('Ctrl Pts',(-4.,-1.22514228582167,-8.77253583627941));
#7121=CARTESIAN_POINT('Ctrl Pts',(5.6,-1.22514228582167,-8.77253583627941));
#7122=CARTESIAN_POINT('Ctrl Pts',(-4.,-1.08692990317665,-8.56580206131774));
#7123=CARTESIAN_POINT('Ctrl Pts',(5.6,-1.08692990317665,-8.56580206131774));
#7124=CARTESIAN_POINT('Ctrl Pts',(-4.,-0.95131061776437,-8.3151735044169));
#7125=CARTESIAN_POINT('Ctrl Pts',(5.6,-0.95131061776437,-8.3151735044169));
#7126=CARTESIAN_POINT('Ctrl Pts',(-4.,-0.862741047709598,-8.10016418134324));
#7127=CARTESIAN_POINT('Ctrl Pts',(5.6,-0.862741047709598,-8.10016418134324));
#7128=CARTESIAN_POINT('Ctrl Pts',(-4.,-0.824136344656822,-7.98139039878694));
#7129=CARTESIAN_POINT('Ctrl Pts',(5.6,-0.824136344656822,-7.98139039878694));
#7130=CARTESIAN_POINT('Ctrl Pts',(-4.,-0.805387406348709,-7.90720265495576));
#7131=CARTESIAN_POINT('Ctrl Pts',(5.6,-0.805387406348709,-7.90720265495576));
#7132=CARTESIAN_POINT('Ctrl Pts',(-4.,-0.798512287657138,-7.867397630495));
#7133=CARTESIAN_POINT('Ctrl Pts',(5.6,-0.798512287657138,-7.867397630495));
#7134=CARTESIAN_POINT('Ctrl Pts',(-4.,-0.796582735990692,-7.85312064710323));
#7135=CARTESIAN_POINT('Ctrl Pts',(5.6,-0.796582735990692,-7.85312064710323));
#7136=CARTESIAN_POINT('',(-4.,-0.796582735990692,-7.85312064710323));
#7137=CARTESIAN_POINT('Origin',(-4.,-0.796582735990692,-7.85312064710323));
#7138=CARTESIAN_POINT('',(-4.,-0.781047221750361,-7.73817152050104));
#7139=CARTESIAN_POINT('Origin',(-4.,-0.269708835747737,-7.78633021030573));
#7140=CARTESIAN_POINT('Origin',(-4.,-0.517443797855386,-7.77379784378659));
#7141=CARTESIAN_POINT('Ctrl Pts',(-4.,2.81614855784829,-8.65328303594243));
#7142=CARTESIAN_POINT('Ctrl Pts',(5.6,2.81614855784829,-8.65328303594243));
#7143=CARTESIAN_POINT('Ctrl Pts',(-4.,2.75827989928603,-8.60093799513036));
#7144=CARTESIAN_POINT('Ctrl Pts',(5.6,2.75827989928603,-8.60093799513036));
#7145=CARTESIAN_POINT('Ctrl Pts',(-4.,2.61312796868232,-8.46344615618278));
#7146=CARTESIAN_POINT('Ctrl Pts',(5.6,2.61312796868232,-8.46344615618278));
#7147=CARTESIAN_POINT('Ctrl Pts',(-4.,2.44361525642637,-8.28149298415781));
#7148=CARTESIAN_POINT('Ctrl Pts',(5.6,2.44361525642637,-8.28149298415781));
#7149=CARTESIAN_POINT('Ctrl Pts',(-4.,2.26963822470781,-8.05579571668579));
#7150=CARTESIAN_POINT('Ctrl Pts',(5.6,2.26963822470781,-8.05579571668579));
#7151=CARTESIAN_POINT('Ctrl Pts',(-4.,2.14780437855514,-7.85772983956426));
#7152=CARTESIAN_POINT('Ctrl Pts',(5.6,2.14780437855514,-7.85772983956426));
#7153=CARTESIAN_POINT('Ctrl Pts',(-4.,2.09069106930837,-7.74666407333808));
#7154=CARTESIAN_POINT('Ctrl Pts',(5.6,2.09069106930837,-7.74666407333808));
#7155=CARTESIAN_POINT('Ctrl Pts',(-4.,2.06031227803105,-7.67643250591308));
#7156=CARTESIAN_POINT('Ctrl Pts',(5.6,2.06031227803105,-7.67643250591308));
#7157=CARTESIAN_POINT('Ctrl Pts',(-4.,2.04715618994761,-7.63824056205465));
#7158=CARTESIAN_POINT('Ctrl Pts',(5.6,2.04715618994761,-7.63824056205465));
#7159=CARTESIAN_POINT('Ctrl Pts',(-4.,2.04296691313423,-7.6244563179991));
#7160=CARTESIAN_POINT('Ctrl Pts',(5.6,2.04296691313423,-7.6244563179991));
#7161=CARTESIAN_POINT('',(-4.,2.04296691313423,-7.6244563179991));
#7162=CARTESIAN_POINT('Origin',(-4.,2.04296691313423,-7.6244563179991));
#7163=CARTESIAN_POINT('',(-4.,2.00923753924773,-7.51347441295804));
#7164=CARTESIAN_POINT('Origin',(-4.,1.75473181985715,-7.59082322547303));
#7165=CARTESIAN_POINT('',(-4.,1.69482183858619,-7.33165765263568));
#7166=CARTESIAN_POINT('Origin',(-4.,0.,0.));
#7167=CARTESIAN_POINT('',(-4.,1.46056532098231,-7.38189501030351));
#7168=CARTESIAN_POINT('Origin',(-4.,1.51219460674727,-7.64283641531889));
#7169=CARTESIAN_POINT('',(-4.,1.24835248073561,-7.67664961601991));
#7170=CARTESIAN_POINT('Ctrl Pts',(-4.,0.979777929786271,-9.04710092838053));
#7171=CARTESIAN_POINT('Ctrl Pts',(5.6,0.979777929786271,-9.04710092838053));
#7172=CARTESIAN_POINT('Ctrl Pts',(-4.,1.01109367715636,-8.97562989293213));
#7173=CARTESIAN_POINT('Ctrl Pts',(5.6,1.01109367715636,-8.97562989293213));
#7174=CARTESIAN_POINT('Ctrl Pts',(-4.,1.08710277351951,-8.79070908283974));
#7175=CARTESIAN_POINT('Ctrl Pts',(5.6,1.08710277351951,-8.79070908283974));
#7176=CARTESIAN_POINT('Ctrl Pts',(-4.,1.16709904520326,-8.5552475935405));
#7177=CARTESIAN_POINT('Ctrl Pts',(5.6,1.16709904520326,-8.5552475935405));
#7178=CARTESIAN_POINT('Ctrl Pts',(-4.,1.23322977175336,-8.27805814367652));
#7179=CARTESIAN_POINT('Ctrl Pts',(5.6,1.23322977175336,-8.27805814367652));
#7180=CARTESIAN_POINT('Ctrl Pts',(-4.,1.26313289920652,-8.04745159408003));
#7181=CARTESIAN_POINT('Ctrl Pts',(5.6,1.26313289920652,-8.04745159408003));
#7182=CARTESIAN_POINT('Ctrl Pts',(-4.,1.26968126191698,-7.92273329764227));
#7183=CARTESIAN_POINT('Ctrl Pts',(5.6,1.26968126191698,-7.92273329764227));
#7184=CARTESIAN_POINT('Ctrl Pts',(-4.,1.26859014462758,-7.84622085757202));
#7185=CARTESIAN_POINT('Ctrl Pts',(5.6,1.26859014462758,-7.84622085757202));
#7186=CARTESIAN_POINT('Ctrl Pts',(-4.,1.26492870090936,-7.80599274477459));
#7187=CARTESIAN_POINT('Ctrl Pts',(5.6,1.26492870090936,-7.80599274477459));
#7188=CARTESIAN_POINT('Ctrl Pts',(-4.,1.26309734948874,-7.7917028330752));
#7189=CARTESIAN_POINT('Ctrl Pts',(5.6,1.26309734948874,-7.7917028330752));
#7190=CARTESIAN_POINT('',(-4.,1.26309734948874,-7.7917028330752));
#7191=CARTESIAN_POINT('Origin',(-4.,1.26309734948874,-7.7917028330752));
#7192=CARTESIAN_POINT('Ctrl Pts',(-4.,-9.087302447215,-0.480556170328005));
#7193=CARTESIAN_POINT('Ctrl Pts',(5.6,-9.087302447215,-0.480556170328005));
#7194=CARTESIAN_POINT('Ctrl Pts',(-4.,-9.02176350946602,-0.438207231968841));
#7195=CARTESIAN_POINT('Ctrl Pts',(5.6,-9.02176350946602,-0.438207231968841));
#7196=CARTESIAN_POINT('Ctrl Pts',(-4.,-8.85138850724893,-0.333586739928808));
#7197=CARTESIAN_POINT('Ctrl Pts',(5.6,-8.85138850724893,-0.333586739928808));
#7198=CARTESIAN_POINT('Ctrl Pts',(-4.,-8.63176212089598,-0.216942979513347));
#7199=CARTESIAN_POINT('Ctrl Pts',(5.6,-8.63176212089598,-0.216942979513347));
#7200=CARTESIAN_POINT('Ctrl Pts',(-4.,-8.36872673210272,-0.107308822644637));
#7201=CARTESIAN_POINT('Ctrl Pts',(5.6,-8.36872673210272,-0.107308822644637));
#7202=CARTESIAN_POINT('Ctrl Pts',(-4.,-8.14587686636203,-0.040889585313628));
#7203=CARTESIAN_POINT('Ctrl Pts',(5.6,-8.14587686636203,-0.040889585313628));
#7204=CARTESIAN_POINT('Ctrl Pts',(-4.,-8.02381356218568,-0.0144683004455777));
#7205=CARTESIAN_POINT('Ctrl Pts',(5.6,-8.02381356218568,-0.0144683004455777));
#7206=CARTESIAN_POINT('Ctrl Pts',(-4.,-7.94811246763935,-0.00330190859636372));
#7207=CARTESIAN_POINT('Ctrl Pts',(5.6,-7.94811246763935,-0.00330190859636372));
#7208=CARTESIAN_POINT('Ctrl Pts',(-4.,-7.90781683655527,-0.000478905783676048));
#7209=CARTESIAN_POINT('Ctrl Pts',(5.6,-7.90781683655527,-0.000478905783676048));
#7210=CARTESIAN_POINT('Ctrl Pts',(-4.,-7.89341801460163,-8.26836103219166E-14));
#7211=CARTESIAN_POINT('Ctrl Pts',(5.6,-7.89341801460163,-8.26836103219166E-14));
#7212=CARTESIAN_POINT('',(-4.,-7.89341801460163,-8.26836103219166E-14));
#7213=CARTESIAN_POINT('Origin',(-4.,-7.89341801460163,-8.26836103219166E-14));
#7214=CARTESIAN_POINT('',(-4.,-7.7774879219305,0.00385584265506453));
#7215=CARTESIAN_POINT('Origin',(-4.,-7.78633021030573,0.269708835747656));
#7216=CARTESIAN_POINT('',(-4.,-7.52048964607247,0.260500447824555));
#7217=CARTESIAN_POINT('Origin',(-4.,0.,0.));
#7218=CARTESIAN_POINT('',(-4.,-7.50838515909307,0.499777253094746));
#7219=CARTESIAN_POINT('Origin',(-4.,-7.77379784378659,0.517443797855305));
#7220=CARTESIAN_POINT('',(-4.,-7.73817152050105,0.78104722175028));
#7221=CARTESIAN_POINT('Ctrl Pts',(-4.,-8.99241362796638,1.39516921682089));
#7222=CARTESIAN_POINT('Ctrl Pts',(5.6,-8.99241362796638,1.39516921682089));
#7223=CARTESIAN_POINT('Ctrl Pts',(-4.,-8.93148302082615,1.34642246251934));
#7224=CARTESIAN_POINT('Ctrl Pts',(5.6,-8.93148302082615,1.34642246251934));
#7225=CARTESIAN_POINT('Ctrl Pts',(-4.,-8.77253583627942,1.22514228582158));
#7226=CARTESIAN_POINT('Ctrl Pts',(5.6,-8.77253583627942,1.22514228582158));
#7227=CARTESIAN_POINT('Ctrl Pts',(-4.,-8.56580206131775,1.08692990317656));
#7228=CARTESIAN_POINT('Ctrl Pts',(5.6,-8.56580206131775,1.08692990317656));
#7229=CARTESIAN_POINT('Ctrl Pts',(-4.,-8.31517350441691,0.951310617764283));
#7230=CARTESIAN_POINT('Ctrl Pts',(5.6,-8.31517350441691,0.951310617764283));
#7231=CARTESIAN_POINT('Ctrl Pts',(-4.,-8.10016418134325,0.862741047709513));
#7232=CARTESIAN_POINT('Ctrl Pts',(5.6,-8.10016418134325,0.862741047709513));
#7233=CARTESIAN_POINT('Ctrl Pts',(-4.,-7.98139039878695,0.824136344656738));
#7234=CARTESIAN_POINT('Ctrl Pts',(5.6,-7.98139039878695,0.824136344656738));
#7235=CARTESIAN_POINT('Ctrl Pts',(-4.,-7.90720265495577,0.805387406348626));
#7236=CARTESIAN_POINT('Ctrl Pts',(5.6,-7.90720265495577,0.805387406348626));
#7237=CARTESIAN_POINT('Ctrl Pts',(-4.,-7.86739763049501,0.798512287657056));
#7238=CARTESIAN_POINT('Ctrl Pts',(5.6,-7.86739763049501,0.798512287657056));
#7239=CARTESIAN_POINT('Ctrl Pts',(-4.,-7.85312064710324,0.79658273599061));
#7240=CARTESIAN_POINT('Ctrl Pts',(5.6,-7.85312064710324,0.79658273599061));
#7241=CARTESIAN_POINT('',(-4.,-7.85312064710324,0.79658273599061));
#7242=CARTESIAN_POINT('Origin',(-4.,-7.85312064710324,0.79658273599061));
#7243=CARTESIAN_POINT('Ctrl Pts',(-4.,-8.6532830359424,-2.81614855784838));
#7244=CARTESIAN_POINT('Ctrl Pts',(5.6,-8.6532830359424,-2.81614855784838));
#7245=CARTESIAN_POINT('Ctrl Pts',(-4.,-8.60093799513034,-2.75827989928612));
#7246=CARTESIAN_POINT('Ctrl Pts',(5.6,-8.60093799513034,-2.75827989928612));
#7247=CARTESIAN_POINT('Ctrl Pts',(-4.,-8.46344615618275,-2.61312796868241));
#7248=CARTESIAN_POINT('Ctrl Pts',(5.6,-8.46344615618275,-2.61312796868241));
#7249=CARTESIAN_POINT('Ctrl Pts',(-4.,-8.28149298415779,-2.44361525642645));
#7250=CARTESIAN_POINT('Ctrl Pts',(5.6,-8.28149298415779,-2.44361525642645));
#7251=CARTESIAN_POINT('Ctrl Pts',(-4.,-8.05579571668577,-2.2696382247079));
#7252=CARTESIAN_POINT('Ctrl Pts',(5.6,-8.05579571668577,-2.2696382247079));
#7253=CARTESIAN_POINT('Ctrl Pts',(-4.,-7.85772983956423,-2.14780437855522));
#7254=CARTESIAN_POINT('Ctrl Pts',(5.6,-7.85772983956423,-2.14780437855522));
#7255=CARTESIAN_POINT('Ctrl Pts',(-4.,-7.74666407333806,-2.09069106930845));
#7256=CARTESIAN_POINT('Ctrl Pts',(5.6,-7.74666407333806,-2.09069106930845));
#7257=CARTESIAN_POINT('Ctrl Pts',(-4.,-7.67643250591306,-2.06031227803113));
#7258=CARTESIAN_POINT('Ctrl Pts',(5.6,-7.67643250591306,-2.06031227803113));
#7259=CARTESIAN_POINT('Ctrl Pts',(-4.,-7.63824056205463,-2.04715618994769));
#7260=CARTESIAN_POINT('Ctrl Pts',(5.6,-7.63824056205463,-2.04715618994769));
#7261=CARTESIAN_POINT('Ctrl Pts',(-4.,-7.62445631799907,-2.04296691313431));
#7262=CARTESIAN_POINT('Ctrl Pts',(5.6,-7.62445631799907,-2.04296691313431));
#7263=CARTESIAN_POINT('',(-4.,-7.62445631799907,-2.04296691313431));
#7264=CARTESIAN_POINT('Origin',(-4.,-7.62445631799907,-2.04296691313431));
#7265=CARTESIAN_POINT('',(-4.,-7.51347441295802,-2.00923753924781));
#7266=CARTESIAN_POINT('Origin',(-4.,-7.59082322547302,-1.75473181985723));
#7267=CARTESIAN_POINT('',(-4.,-7.33165765263566,-1.69482183858627));
#7268=CARTESIAN_POINT('Origin',(-4.,0.,0.));
#7269=CARTESIAN_POINT('',(-4.,-7.38189501030349,-1.46056532098239));
#7270=CARTESIAN_POINT('Origin',(-4.,-7.64283641531887,-1.51219460674735));
#7271=CARTESIAN_POINT('',(-4.,-7.6766496160199,-1.24835248073569));
#7272=CARTESIAN_POINT('Ctrl Pts',(-4.,-9.04710092838052,-0.979777929786365));
#7273=CARTESIAN_POINT('Ctrl Pts',(5.6,-9.04710092838052,-0.979777929786365));
#7274=CARTESIAN_POINT('Ctrl Pts',(-4.,-8.97562989293212,-1.01109367715645));
#7275=CARTESIAN_POINT('Ctrl Pts',(5.6,-8.97562989293212,-1.01109367715645));
#7276=CARTESIAN_POINT('Ctrl Pts',(-4.,-8.79070908283973,-1.0871027735196));
#7277=CARTESIAN_POINT('Ctrl Pts',(5.6,-8.79070908283973,-1.0871027735196));
#7278=CARTESIAN_POINT('Ctrl Pts',(-4.,-8.55524759354049,-1.16709904520335));
#7279=CARTESIAN_POINT('Ctrl Pts',(5.6,-8.55524759354049,-1.16709904520335));
#7280=CARTESIAN_POINT('Ctrl Pts',(-4.,-8.27805814367651,-1.23322977175344));
#7281=CARTESIAN_POINT('Ctrl Pts',(5.6,-8.27805814367651,-1.23322977175344));
#7282=CARTESIAN_POINT('Ctrl Pts',(-4.,-8.04745159408002,-1.2631328992066));
#7283=CARTESIAN_POINT('Ctrl Pts',(5.6,-8.04745159408002,-1.2631328992066));
#7284=CARTESIAN_POINT('Ctrl Pts',(-4.,-7.92273329764226,-1.26968126191706));
#7285=CARTESIAN_POINT('Ctrl Pts',(5.6,-7.92273329764226,-1.26968126191706));
#7286=CARTESIAN_POINT('Ctrl Pts',(-4.,-7.84622085757201,-1.26859014462767));
#7287=CARTESIAN_POINT('Ctrl Pts',(5.6,-7.84622085757201,-1.26859014462767));
#7288=CARTESIAN_POINT('Ctrl Pts',(-4.,-7.80599274477458,-1.26492870090944));
#7289=CARTESIAN_POINT('Ctrl Pts',(5.6,-7.80599274477458,-1.26492870090944));
#7290=CARTESIAN_POINT('Ctrl Pts',(-4.,-7.79170283307518,-1.26309734948882));
#7291=CARTESIAN_POINT('Ctrl Pts',(5.6,-7.79170283307518,-1.26309734948882));
#7292=CARTESIAN_POINT('',(-4.,-7.79170283307518,-1.26309734948882));
#7293=CARTESIAN_POINT('Origin',(-4.,-7.79170283307518,-1.26309734948882));
#7294=CARTESIAN_POINT('Ctrl Pts',(-4.,-6.08588865633886,-6.76549770989882));
#7295=CARTESIAN_POINT('Ctrl Pts',(5.6,-6.08588865633886,-6.76549770989882));
#7296=CARTESIAN_POINT('Ctrl Pts',(-4.,-6.0694908505146,-6.68920946109493));
#7297=CARTESIAN_POINT('Ctrl Pts',(5.6,-6.0694908505146,-6.68920946109493));
#7298=CARTESIAN_POINT('Ctrl Pts',(-4.,-6.02299539047481,-6.49475828230998));
#7299=CARTESIAN_POINT('Ctrl Pts',(5.6,-6.02299539047481,-6.49475828230998));
#7300=CARTESIAN_POINT('Ctrl Pts',(-4.,-5.95017567733001,-6.25697938121944));
#7301=CARTESIAN_POINT('Ctrl Pts',(5.6,-5.95017567733001,-6.25697938121944));
#7302=CARTESIAN_POINT('Ctrl Pts',(-4.,-5.84170462599379,-5.99346221834015));
#7303=CARTESIAN_POINT('Ctrl Pts',(5.6,-5.84170462599379,-5.99346221834015));
#7304=CARTESIAN_POINT('Ctrl Pts',(-4.,-5.73109146786003,-5.78891807397039));
#7305=CARTESIAN_POINT('Ctrl Pts',(5.6,-5.73109146786003,-5.78891807397039));
#7306=CARTESIAN_POINT('Ctrl Pts',(-4.,-5.66346234744076,-5.6839236141554));
#7307=CARTESIAN_POINT('Ctrl Pts',(5.6,-5.66346234744076,-5.6839236141554));
#7308=CARTESIAN_POINT('Ctrl Pts',(-4.,-5.61782942154177,-5.62249902546048));
#7309=CARTESIAN_POINT('Ctrl Pts',(5.6,-5.61782942154177,-5.62249902546048));
#7310=CARTESIAN_POINT('Ctrl Pts',(-4.,-5.59133227198219,-5.59200954703658));
#7311=CARTESIAN_POINT('Ctrl Pts',(5.6,-5.59133227198219,-5.59200954703658));
#7312=CARTESIAN_POINT('Ctrl Pts',(-4.,-5.5814894048648,-5.58148940486494));
#7313=CARTESIAN_POINT('Ctrl Pts',(5.6,-5.5814894048648,-5.58148940486494));
#7314=CARTESIAN_POINT('',(-4.,-5.5814894048648,-5.58148940486494));
#7315=CARTESIAN_POINT('Origin',(-4.,-5.5814894048648,-5.58148940486494));
#7316=CARTESIAN_POINT('',(-4.,-5.5022409426821,-5.49678795770495));
#7317=CARTESIAN_POINT('Origin',(-4.,-5.69647983896794,-5.31505394556177));
#7318=CARTESIAN_POINT('',(-4.,-5.50199085973993,-5.1335875934222));
#7319=CARTESIAN_POINT('Origin',(-4.,0.,0.));
#7320=CARTESIAN_POINT('',(-4.,-5.66262594650122,-4.95583417700907));
#7321=CARTESIAN_POINT('Origin',(-4.,-5.86279318926126,-5.13101715256846));
#7322=CARTESIAN_POINT('',(-4.,-6.02399734305744,-4.91942976920439));
#7323=CARTESIAN_POINT('Ctrl Pts',(-4.,-7.34513026968612,-5.37206304145259));
#7324=CARTESIAN_POINT('Ctrl Pts',(5.6,-7.34513026968612,-5.37206304145259));
#7325=CARTESIAN_POINT('Ctrl Pts',(-4.,-7.26757666366798,-5.36344775648938));
#7326=CARTESIAN_POINT('Ctrl Pts',(5.6,-7.26757666366798,-5.36344775648938));
#7327=CARTESIAN_POINT('Ctrl Pts',(-4.,-7.069425996258,-5.33681315981237));
#7328=CARTESIAN_POINT('Ctrl Pts',(5.6,-7.069425996258,-5.33681315981237));
#7329=CARTESIAN_POINT('Ctrl Pts',(-4.,-6.82551222907006,-5.28836121864892));
#7330=CARTESIAN_POINT('Ctrl Pts',(5.6,-6.82551222907006,-5.28836121864892));
#7331=CARTESIAN_POINT('Ctrl Pts',(-4.,-6.55239376055178,-5.20703738288003));
#7332=CARTESIAN_POINT('Ctrl Pts',(5.6,-6.55239376055178,-5.20703738288003));
#7333=CARTESIAN_POINT('Ctrl Pts',(-4.,-6.33773106659557,-5.11763097610882));
#7334=CARTESIAN_POINT('Ctrl Pts',(5.6,-6.33773106659557,-5.11763097610882));
#7335=CARTESIAN_POINT('Ctrl Pts',(-4.,-6.22644767220852,-5.06094287635039));
#7336=CARTESIAN_POINT('Ctrl Pts',(5.6,-6.22644767220852,-5.06094287635039));
#7337=CARTESIAN_POINT('Ctrl Pts',(-4.,-6.16073151404684,-5.02174172102415));
#7338=CARTESIAN_POINT('Ctrl Pts',(5.6,-6.16073151404684,-5.02174172102415));
#7339=CARTESIAN_POINT('Ctrl Pts',(-4.,-6.12772366827708,-4.99845676135092));
#7340=CARTESIAN_POINT('Ctrl Pts',(5.6,-6.12772366827708,-4.99845676135092));
#7341=CARTESIAN_POINT('Ctrl Pts',(-4.,-6.11626391743788,-4.98972580864771));
#7342=CARTESIAN_POINT('Ctrl Pts',(5.6,-6.11626391743788,-4.98972580864771));
#7343=CARTESIAN_POINT('',(-4.,-6.11626391743788,-4.98972580864771));
#7344=CARTESIAN_POINT('Origin',(-4.,-6.11626391743788,-4.98972580864771));
#7345=CARTESIAN_POINT('Ctrl Pts',(-4.,-7.62955668599668,-4.95982507505693));
#7346=CARTESIAN_POINT('Ctrl Pts',(5.6,-7.62955668599668,-4.95982507505693));
#7347=CARTESIAN_POINT('Ctrl Pts',(-4.,-7.5939727701486,-4.8903803497401));
#7348=CARTESIAN_POINT('Ctrl Pts',(5.6,-7.5939727701486,-4.8903803497401));
#7349=CARTESIAN_POINT('Ctrl Pts',(-4.,-7.49873393607879,-4.71458884476846));
#7350=CARTESIAN_POINT('Ctrl Pts',(5.6,-7.49873393607879,-4.71458884476846));
#7351=CARTESIAN_POINT('Ctrl Pts',(-4.,-7.36685378636349,-4.50375919187924));
#7352=CARTESIAN_POINT('Ctrl Pts',(5.6,-7.36685378636349,-4.50375919187924));
#7353=CARTESIAN_POINT('Ctrl Pts',(-4.,-7.19387553600856,-4.27729553251182));
#7354=CARTESIAN_POINT('Ctrl Pts',(5.6,-7.19387553600856,-4.27729553251182));
#7355=CARTESIAN_POINT('Ctrl Pts',(-4.,-7.03409150971267,-4.10834985281283));
#7356=CARTESIAN_POINT('Ctrl Pts',(5.6,-7.03409150971267,-4.10834985281283));
#7357=CARTESIAN_POINT('Ctrl Pts',(-4.,-6.94159222986012,-4.0244366968283));
#7358=CARTESIAN_POINT('Ctrl Pts',(5.6,-6.94159222986012,-4.0244366968283));
#7359=CARTESIAN_POINT('Ctrl Pts',(-4.,-6.88161635481331,-3.97691577054511));
#7360=CARTESIAN_POINT('Ctrl Pts',(5.6,-6.88161635481331,-3.97691577054511));
#7361=CARTESIAN_POINT('Ctrl Pts',(-4.,-6.84813081603932,-3.95432316285233));
#7362=CARTESIAN_POINT('Ctrl Pts',(5.6,-6.84813081603932,-3.95432316285233));
#7363=CARTESIAN_POINT('Ctrl Pts',(-4.,-6.83590052333469,-3.94670900730089));
#7364=CARTESIAN_POINT('Ctrl Pts',(5.6,-6.83590052333469,-3.94670900730089));
#7365=CARTESIAN_POINT('',(-4.,-6.83590052333469,-3.94670900730089));
#7366=CARTESIAN_POINT('Origin',(-4.,-6.83590052333469,-3.94670900730089));
#7367=CARTESIAN_POINT('',(-4.,-6.73743003934598,-3.88540470327298));
#7368=CARTESIAN_POINT('Origin',(-4.,-6.87801418225281,-3.65959040177028));
#7369=CARTESIAN_POINT('',(-4.,-6.64318530630887,-3.53464481752296));
#7370=CARTESIAN_POINT('Origin',(-4.,0.,0.));
#7371=CARTESIAN_POINT('',(-4.,-6.75234091572003,-3.32137278213289));
#7372=CARTESIAN_POINT('Origin',(-4.,-6.99102831553153,-3.43877944791991));
#7373=CARTESIAN_POINT('',(-4.,-7.09197672647031,-3.19267902465953));
#7374=CARTESIAN_POINT('Ctrl Pts',(-4.,-8.48524325156671,-3.28795482963827));
#7375=CARTESIAN_POINT('Ctrl Pts',(5.6,-8.48524325156671,-3.28795482963827));
#7376=CARTESIAN_POINT('Ctrl Pts',(-4.,-8.40810242076449,-3.29970545364534));
#7377=CARTESIAN_POINT('Ctrl Pts',(5.6,-8.40810242076449,-3.29970545364534));
#7378=CARTESIAN_POINT('Ctrl Pts',(-4.,-8.20981003273813,-3.3252635753677));
#7379=CARTESIAN_POINT('Ctrl Pts',(5.6,-8.20981003273813,-3.3252635753677));
#7380=CARTESIAN_POINT('Ctrl Pts',(-4.,-7.96166714047856,-3.34159212237502));
#7381=CARTESIAN_POINT('Ctrl Pts',(5.6,-7.96166714047856,-3.34159212237502));
#7382=CARTESIAN_POINT('Ctrl Pts',(-4.,-7.67680680058246,-3.33372759033473));
#7383=CARTESIAN_POINT('Ctrl Pts',(5.6,-7.67680680058246,-3.33372759033473));
#7384=CARTESIAN_POINT('Ctrl Pts',(-4.,-7.44631847972279,-3.30292642646759));
#7385=CARTESIAN_POINT('Ctrl Pts',(5.6,-7.44631847972279,-3.30292642646759));
#7386=CARTESIAN_POINT('Ctrl Pts',(-4.,-7.32415501519907,-3.2769721887387));
#7387=CARTESIAN_POINT('Ctrl Pts',(5.6,-7.32415501519907,-3.2769721887387));
#7388=CARTESIAN_POINT('Ctrl Pts',(-4.,-7.25053207523776,-3.25611537369192));
#7389=CARTESIAN_POINT('Ctrl Pts',(5.6,-7.25053207523776,-3.25611537369192));
#7390=CARTESIAN_POINT('Ctrl Pts',(-4.,-7.2126223535107,-3.24216688890248));
#7391=CARTESIAN_POINT('Ctrl Pts',(5.6,-7.2126223535107,-3.24216688890248));
#7392=CARTESIAN_POINT('Ctrl Pts',(-4.,-7.1992933473708,-3.23669943796765));
#7393=CARTESIAN_POINT('Ctrl Pts',(5.6,-7.1992933473708,-3.23669943796765));
#7394=CARTESIAN_POINT('',(-4.,-7.1992933473708,-3.23669943796765));
#7395=CARTESIAN_POINT('Origin',(-4.,-7.1992933473708,-3.23669943796765));
#7396=CARTESIAN_POINT('Ctrl Pts',(-4.,-4.12747737215807,-8.1101128563247));
#7397=CARTESIAN_POINT('Ctrl Pts',(5.6,-4.12747737215807,-8.1101128563247));
#7398=CARTESIAN_POINT('Ctrl Pts',(-4.,-4.13138315972591,-8.03218000211745));
#7399=CARTESIAN_POINT('Ctrl Pts',(5.6,-4.13138315972591,-8.03218000211745));
#7400=CARTESIAN_POINT('Ctrl Pts',(-4.,-4.13679966248047,-7.83232067600761));
#7401=CARTESIAN_POINT('Ctrl Pts',(5.6,-4.13679966248047,-7.83232067600761));
#7402=CARTESIAN_POINT('Ctrl Pts',(-4.,-4.12800292901673,-7.58379676587685));
#7403=CARTESIAN_POINT('Ctrl Pts',(5.6,-4.12800292901673,-7.58379676587685));
#7404=CARTESIAN_POINT('Ctrl Pts',(-4.,-4.09143119959089,-7.30118435865321));
#7405=CARTESIAN_POINT('Ctrl Pts',(5.6,-4.09143119959089,-7.30118435865321));
#7406=CARTESIAN_POINT('Ctrl Pts',(-4.,-4.03752701354918,-7.07498109502631));
#7407=CARTESIAN_POINT('Ctrl Pts',(5.6,-4.03752701354918,-7.07498109502631));
#7408=CARTESIAN_POINT('Ctrl Pts',(-4.,-3.99937686535737,-6.95606053030571));
#7409=CARTESIAN_POINT('Ctrl Pts',(5.6,-3.99937686535737,-6.95606053030571));
#7410=CARTESIAN_POINT('Ctrl Pts',(-4.,-3.97119669709423,-6.88491826340969));
#7411=CARTESIAN_POINT('Ctrl Pts',(5.6,-3.97119669709423,-6.88491826340969));
#7412=CARTESIAN_POINT('Ctrl Pts',(-4.,-3.95349367370294,-6.84860972182301));
#7413=CARTESIAN_POINT('Ctrl Pts',(5.6,-3.95349367370294,-6.84860972182301));
#7414=CARTESIAN_POINT('Ctrl Pts',(-4.,-3.94670900730073,-6.83590052333479));
#7415=CARTESIAN_POINT('Ctrl Pts',(5.6,-3.94670900730073,-6.83590052333479));
#7416=CARTESIAN_POINT('',(-4.,-3.94670900730073,-6.83590052333479));
#7417=CARTESIAN_POINT('Origin',(-4.,-3.94670900730073,-6.83590052333479));
#7418=CARTESIAN_POINT('',(-4.,-3.89208321865752,-6.73357419669093));
#7419=CARTESIAN_POINT('Origin',(-4.,-4.12673980853544,-6.60830534650517));
#7420=CARTESIAN_POINT('',(-4.,-3.98584482854951,-6.38268485848433));
#7421=CARTESIAN_POINT('Origin',(-4.,0.,0.));
#7422=CARTESIAN_POINT('',(-4.,-4.18701237696018,-6.2525636626253));
#7423=CARTESIAN_POINT('Origin',(-4.,-4.33501839586668,-6.47358451767624));
#7424=CARTESIAN_POINT('',(-4.,-4.54549249584151,-6.31092950472004));
#7425=CARTESIAN_POINT('Ctrl Pts',(-4.,-5.70445879832811,-7.09007403474584));
#7426=CARTESIAN_POINT('Ctrl Pts',(5.6,-5.70445879832811,-7.09007403474584));
#7427=CARTESIAN_POINT('Ctrl Pts',(-4.,-5.63177756718081,-7.06167995824517));
#7428=CARTESIAN_POINT('Ctrl Pts',(5.6,-5.63177756718081,-7.06167995824517));
#7429=CARTESIAN_POINT('Ctrl Pts',(-4.,-5.44727226091172,-6.98466774691657));
#7430=CARTESIAN_POINT('Ctrl Pts',(5.6,-5.44727226091172,-6.98466774691657));
#7431=CARTESIAN_POINT('Ctrl Pts',(-4.,-5.22420993894272,-6.87473723730201));
#7432=CARTESIAN_POINT('Ctrl Pts',(5.6,-5.22420993894272,-6.87473723730201));
#7433=CARTESIAN_POINT('Ctrl Pts',(-4.,-4.98144591408218,-6.72549618281819));
#7434=CARTESIAN_POINT('Ctrl Pts',(5.6,-4.98144591408218,-6.72549618281819));
#7435=CARTESIAN_POINT('Ctrl Pts',(-4.,-4.79723775487565,-6.58357743201329));
#7436=CARTESIAN_POINT('Ctrl Pts',(5.6,-4.79723775487565,-6.58357743201329));
#7437=CARTESIAN_POINT('Ctrl Pts',(-4.,-4.70441821004824,-6.50001867054235));
#7438=CARTESIAN_POINT('Ctrl Pts',(5.6,-4.70441821004824,-6.50001867054235));
#7439=CARTESIAN_POINT('Ctrl Pts',(-4.,-4.65108728126384,-6.44514466888915));
#7440=CARTESIAN_POINT('Ctrl Pts',(5.6,-4.65108728126384,-6.44514466888915));
#7441=CARTESIAN_POINT('Ctrl Pts',(-4.,-4.62523074159253,-6.41411006585366));
#7442=CARTESIAN_POINT('Ctrl Pts',(5.6,-4.62523074159253,-6.41411006585366));
#7443=CARTESIAN_POINT('Ctrl Pts',(-4.,-4.61642120913559,-6.4027106113802));
#7444=CARTESIAN_POINT('Ctrl Pts',(5.6,-4.61642120913559,-6.4027106113802));
#7445=CARTESIAN_POINT('',(-4.,-4.61642120913559,-6.4027106113802));
#7446=CARTESIAN_POINT('Origin',(-4.,-4.61642120913559,-6.4027106113802));
#7447=CARTESIAN_POINT('Ctrl Pts',(-4.,-1.88778532604357,-8.90203721418725));
#7448=CARTESIAN_POINT('Ctrl Pts',(5.6,-1.88778532604357,-8.90203721418725));
#7449=CARTESIAN_POINT('Ctrl Pts',(-4.,-1.91172853403539,-8.82777074980073));
#7450=CARTESIAN_POINT('Ctrl Pts',(5.6,-1.91172853403539,-8.82777074980073));
#7451=CARTESIAN_POINT('Ctrl Pts',(-4.,-1.96868787387276,-8.63612335915723));
#7452=CARTESIAN_POINT('Ctrl Pts',(5.6,-1.96868787387276,-8.63612335915723));
#7453=CARTESIAN_POINT('Ctrl Pts',(-4.,-2.02451360293834,-8.39379093375648));
#7454=CARTESIAN_POINT('Ctrl Pts',(5.6,-2.02451360293834,-8.39379093375648));
#7455=CARTESIAN_POINT('Ctrl Pts',(-4.,-2.06233349834561,-8.1113428507017));
#7456=CARTESIAN_POINT('Ctrl Pts',(5.6,-2.06233349834561,-8.1113428507017));
#7457=CARTESIAN_POINT('Ctrl Pts',(-4.,-2.06881176559383,-7.87889584641526));
#7458=CARTESIAN_POINT('Ctrl Pts',(5.6,-2.06881176559383,-7.87889584641526));
#7459=CARTESIAN_POINT('Ctrl Pts',(-4.,-2.06274045918264,-7.75415341674922));
#7460=CARTESIAN_POINT('Ctrl Pts',(5.6,-2.06274045918264,-7.75415341674922));
#7461=CARTESIAN_POINT('Ctrl Pts',(-4.,-2.05393348045256,-7.67814169957292));
#7462=CARTESIAN_POINT('Ctrl Pts',(5.6,-2.05393348045256,-7.67814169957292));
#7463=CARTESIAN_POINT('Ctrl Pts',(-4.,-2.04623101501804,-7.63848846192989));
#7464=CARTESIAN_POINT('Ctrl Pts',(5.6,-2.04623101501804,-7.63848846192989));
#7465=CARTESIAN_POINT('Ctrl Pts',(-4.,-2.04296691313413,-7.62445631799912));
#7466=CARTESIAN_POINT('Ctrl Pts',(5.6,-2.04296691313413,-7.62445631799912));
#7467=CARTESIAN_POINT('',(-4.,-2.04296691313413,-7.62445631799912));
#7468=CARTESIAN_POINT('Origin',(-4.,-2.04296691313413,-7.62445631799912));
#7469=CARTESIAN_POINT('',(-4.,-2.01668645525305,-7.51147848192992));
#7470=CARTESIAN_POINT('Origin',(-4.,-2.27576927991123,-7.45121165882518));
#7471=CARTESIAN_POINT('',(-4.,-2.19807005921346,-7.19681269832621));
#7472=CARTESIAN_POINT('Origin',(-4.,0.,0.));
#7473=CARTESIAN_POINT('',(-4.,-2.42606083329441,-7.12319126748362));
#7474=CARTESIAN_POINT('Origin',(-4.,-2.5118192627504,-7.37498779600862));
#7475=CARTESIAN_POINT('',(-4.,-2.7572198468155,-7.27234982379314));
#7476=CARTESIAN_POINT('Ctrl Pts',(-4.,-3.67503788692792,-8.3249081994725));
#7477=CARTESIAN_POINT('Ctrl Pts',(5.6,-3.67503788692792,-8.3249081994725));
#7478=CARTESIAN_POINT('Ctrl Pts',(-4.,-3.61218213644273,-8.27867034082445));
#7479=CARTESIAN_POINT('Ctrl Pts',(5.6,-3.61218213644273,-8.27867034082445));
#7480=CARTESIAN_POINT('Ctrl Pts',(-4.,-3.45389592302735,-8.15652876977762));
#7481=CARTESIAN_POINT('Ctrl Pts',(5.6,-3.45389592302735,-8.15652876977762));
#7482=CARTESIAN_POINT('Ctrl Pts',(-4.,-3.26688637489156,-7.99261127427343));
#7483=CARTESIAN_POINT('Ctrl Pts',(5.6,-3.26688637489156,-7.99261127427343));
#7484=CARTESIAN_POINT('Ctrl Pts',(-4.,-3.07102076079647,-7.78562353230524));
#7485=CARTESIAN_POINT('Ctrl Pts',(5.6,-3.07102076079647,-7.78562353230524));
#7486=CARTESIAN_POINT('Ctrl Pts',(-4.,-2.92982061797119,-7.60086396580218));
#7487=CARTESIAN_POINT('Ctrl Pts',(5.6,-2.92982061797119,-7.60086396580218));
#7488=CARTESIAN_POINT('Ctrl Pts',(-4.,-2.86179042129186,-7.49612893412559));
#7489=CARTESIAN_POINT('Ctrl Pts',(5.6,-2.86179042129186,-7.49612893412559));
#7490=CARTESIAN_POINT('Ctrl Pts',(-4.,-2.82447913654785,-7.42932165867452));
#7491=CARTESIAN_POINT('Ctrl Pts',(5.6,-2.82447913654785,-7.42932165867452));
#7492=CARTESIAN_POINT('Ctrl Pts',(-4.,-2.80753598342365,-7.39265236918653));
#7493=CARTESIAN_POINT('Ctrl Pts',(5.6,-2.80753598342365,-7.39265236918653));
#7494=CARTESIAN_POINT('Ctrl Pts',(-4.,-2.80197702442747,-7.37936126692671));
#7495=CARTESIAN_POINT('Ctrl Pts',(5.6,-2.80197702442747,-7.37936126692671));
#7496=CARTESIAN_POINT('',(-4.,-2.80197702442747,-7.37936126692671));
#7497=CARTESIAN_POINT('Origin',(-4.,-2.80197702442747,-7.37936126692671));
#7498=CARTESIAN_POINT('Ctrl Pts',(-4.,8.90203721418723,-1.88778532604367));
#7499=CARTESIAN_POINT('Ctrl Pts',(5.6,8.90203721418723,-1.88778532604367));
#7500=CARTESIAN_POINT('Ctrl Pts',(-4.,8.82777074980071,-1.91172853403548));
#7501=CARTESIAN_POINT('Ctrl Pts',(5.6,8.82777074980071,-1.91172853403548));
#7502=CARTESIAN_POINT('Ctrl Pts',(-4.,8.63612335915721,-1.96868787387285));
#7503=CARTESIAN_POINT('Ctrl Pts',(5.6,8.63612335915721,-1.96868787387285));
#7504=CARTESIAN_POINT('Ctrl Pts',(-4.,8.39379093375646,-2.02451360293843));
#7505=CARTESIAN_POINT('Ctrl Pts',(5.6,8.39379093375646,-2.02451360293843));
#7506=CARTESIAN_POINT('Ctrl Pts',(-4.,8.11134285070168,-2.0623334983457));
#7507=CARTESIAN_POINT('Ctrl Pts',(5.6,8.11134285070168,-2.0623334983457));
#7508=CARTESIAN_POINT('Ctrl Pts',(-4.,7.87889584641524,-2.06881176559391));
#7509=CARTESIAN_POINT('Ctrl Pts',(5.6,7.87889584641524,-2.06881176559391));
#7510=CARTESIAN_POINT('Ctrl Pts',(-4.,7.7541534167492,-2.06274045918272));
#7511=CARTESIAN_POINT('Ctrl Pts',(5.6,7.7541534167492,-2.06274045918272));
#7512=CARTESIAN_POINT('Ctrl Pts',(-4.,7.6781416995729,-2.05393348045264));
#7513=CARTESIAN_POINT('Ctrl Pts',(5.6,7.6781416995729,-2.05393348045264));
#7514=CARTESIAN_POINT('Ctrl Pts',(-4.,7.63848846192987,-2.04623101501812));
#7515=CARTESIAN_POINT('Ctrl Pts',(5.6,7.63848846192987,-2.04623101501812));
#7516=CARTESIAN_POINT('Ctrl Pts',(-4.,7.6244563179991,-2.04296691313421));
#7517=CARTESIAN_POINT('Ctrl Pts',(5.6,7.6244563179991,-2.04296691313421));
#7518=CARTESIAN_POINT('',(-4.,7.6244563179991,-2.04296691313421));
#7519=CARTESIAN_POINT('Origin',(-4.,7.6244563179991,-2.04296691313421));
#7520=CARTESIAN_POINT('',(-4.,7.5114784819299,-2.01668645525313));
#7521=CARTESIAN_POINT('Origin',(-4.,7.45121165882516,-2.27576927991131));
#7522=CARTESIAN_POINT('',(-4.,7.19681269832619,-2.19807005921353));
#7523=CARTESIAN_POINT('Origin',(-4.,0.,0.));
#7524=CARTESIAN_POINT('',(-4.,7.12319126748359,-2.42606083329448));
#7525=CARTESIAN_POINT('Origin',(-4.,7.37498779600859,-2.51181926275048));
#7526=CARTESIAN_POINT('',(-4.,7.27234982379311,-2.75721984681558));
#7527=CARTESIAN_POINT('Ctrl Pts',(-4.,8.32490819947246,-3.67503788692801));
#7528=CARTESIAN_POINT('Ctrl Pts',(5.6,8.32490819947246,-3.67503788692801));
#7529=CARTESIAN_POINT('Ctrl Pts',(-4.,8.27867034082442,-3.61218213644282));
#7530=CARTESIAN_POINT('Ctrl Pts',(5.6,8.27867034082442,-3.61218213644282));
#7531=CARTESIAN_POINT('Ctrl Pts',(-4.,8.15652876977758,-3.45389592302743));
#7532=CARTESIAN_POINT('Ctrl Pts',(5.6,8.15652876977758,-3.45389592302743));
#7533=CARTESIAN_POINT('Ctrl Pts',(-4.,7.99261127427339,-3.26688637489164));
#7534=CARTESIAN_POINT('Ctrl Pts',(5.6,7.99261127427339,-3.26688637489164));
#7535=CARTESIAN_POINT('Ctrl Pts',(-4.,7.78562353230521,-3.07102076079655));
#7536=CARTESIAN_POINT('Ctrl Pts',(5.6,7.78562353230521,-3.07102076079655));
#7537=CARTESIAN_POINT('Ctrl Pts',(-4.,7.60086396580215,-2.92982061797127));
#7538=CARTESIAN_POINT('Ctrl Pts',(5.6,7.60086396580215,-2.92982061797127));
#7539=CARTESIAN_POINT('Ctrl Pts',(-4.,7.49612893412556,-2.86179042129193));
#7540=CARTESIAN_POINT('Ctrl Pts',(5.6,7.49612893412556,-2.86179042129193));
#7541=CARTESIAN_POINT('Ctrl Pts',(-4.,7.42932165867449,-2.82447913654793));
#7542=CARTESIAN_POINT('Ctrl Pts',(5.6,7.42932165867449,-2.82447913654793));
#7543=CARTESIAN_POINT('Ctrl Pts',(-4.,7.3926523691865,-2.80753598342372));
#7544=CARTESIAN_POINT('Ctrl Pts',(5.6,7.3926523691865,-2.80753598342372));
#7545=CARTESIAN_POINT('Ctrl Pts',(-4.,7.37936126692668,-2.80197702442754));
#7546=CARTESIAN_POINT('Ctrl Pts',(5.6,7.37936126692668,-2.80197702442754));
#7547=CARTESIAN_POINT('',(-4.,7.37936126692668,-2.80197702442754));
#7548=CARTESIAN_POINT('Origin',(-4.,7.37936126692668,-2.80197702442754));
#7549=CARTESIAN_POINT('Ctrl Pts',(-4.,8.11011285632466,-4.12747737215815));
#7550=CARTESIAN_POINT('Ctrl Pts',(5.6,8.11011285632466,-4.12747737215815));
#7551=CARTESIAN_POINT('Ctrl Pts',(-4.,8.03218000211741,-4.131383159726));
#7552=CARTESIAN_POINT('Ctrl Pts',(5.6,8.03218000211741,-4.131383159726));
#7553=CARTESIAN_POINT('Ctrl Pts',(-4.,7.83232067600757,-4.13679966248055));
#7554=CARTESIAN_POINT('Ctrl Pts',(5.6,7.83232067600757,-4.13679966248055));
#7555=CARTESIAN_POINT('Ctrl Pts',(-4.,7.58379676587681,-4.12800292901681));
#7556=CARTESIAN_POINT('Ctrl Pts',(5.6,7.58379676587681,-4.12800292901681));
#7557=CARTESIAN_POINT('Ctrl Pts',(-4.,7.30118435865317,-4.09143119959097));
#7558=CARTESIAN_POINT('Ctrl Pts',(5.6,7.30118435865317,-4.09143119959097));
#7559=CARTESIAN_POINT('Ctrl Pts',(-4.,7.07498109502627,-4.03752701354926));
#7560=CARTESIAN_POINT('Ctrl Pts',(5.6,7.07498109502627,-4.03752701354926));
#7561=CARTESIAN_POINT('Ctrl Pts',(-4.,6.95606053030567,-3.99937686535744));
#7562=CARTESIAN_POINT('Ctrl Pts',(5.6,6.95606053030567,-3.99937686535744));
#7563=CARTESIAN_POINT('Ctrl Pts',(-4.,6.88491826340965,-3.97119669709431));
#7564=CARTESIAN_POINT('Ctrl Pts',(5.6,6.88491826340965,-3.97119669709431));
#7565=CARTESIAN_POINT('Ctrl Pts',(-4.,6.84860972182297,-3.95349367370301));
#7566=CARTESIAN_POINT('Ctrl Pts',(5.6,6.84860972182297,-3.95349367370301));
#7567=CARTESIAN_POINT('Ctrl Pts',(-4.,6.83590052333475,-3.9467090073008));
#7568=CARTESIAN_POINT('Ctrl Pts',(5.6,6.83590052333475,-3.9467090073008));
#7569=CARTESIAN_POINT('',(-4.,6.83590052333475,-3.9467090073008));
#7570=CARTESIAN_POINT('Origin',(-4.,6.83590052333475,-3.9467090073008));
#7571=CARTESIAN_POINT('',(-4.,6.73357419669089,-3.89208321865759));
#7572=CARTESIAN_POINT('Origin',(-4.,6.60830534650513,-4.12673980853551));
#7573=CARTESIAN_POINT('',(-4.,6.38268485848429,-3.98584482854957));
#7574=CARTESIAN_POINT('Origin',(-4.,0.,0.));
#7575=CARTESIAN_POINT('',(-4.,6.25256366262526,-4.18701237696024));
#7576=CARTESIAN_POINT('Origin',(-4.,6.4735845176762,-4.33501839586674));
#7577=CARTESIAN_POINT('',(-4.,6.31092950471999,-4.54549249584158));
#7578=CARTESIAN_POINT('Ctrl Pts',(-4.,7.09007403474578,-5.70445879832818));
#7579=CARTESIAN_POINT('Ctrl Pts',(5.6,7.09007403474578,-5.70445879832818));
#7580=CARTESIAN_POINT('Ctrl Pts',(-4.,7.06167995824511,-5.63177756718088));
#7581=CARTESIAN_POINT('Ctrl Pts',(5.6,7.06167995824511,-5.63177756718088));
#7582=CARTESIAN_POINT('Ctrl Pts',(-4.,6.98466774691651,-5.44727226091179));
#7583=CARTESIAN_POINT('Ctrl Pts',(5.6,6.98466774691651,-5.44727226091179));
#7584=CARTESIAN_POINT('Ctrl Pts',(-4.,6.87473723730196,-5.22420993894279));
#7585=CARTESIAN_POINT('Ctrl Pts',(5.6,6.87473723730196,-5.22420993894279));
#7586=CARTESIAN_POINT('Ctrl Pts',(-4.,6.72549618281814,-4.98144591408225));
#7587=CARTESIAN_POINT('Ctrl Pts',(5.6,6.72549618281814,-4.98144591408225));
#7588=CARTESIAN_POINT('Ctrl Pts',(-4.,6.58357743201324,-4.79723775487572));
#7589=CARTESIAN_POINT('Ctrl Pts',(5.6,6.58357743201324,-4.79723775487572));
#7590=CARTESIAN_POINT('Ctrl Pts',(-4.,6.5000186705423,-4.70441821004831));
#7591=CARTESIAN_POINT('Ctrl Pts',(5.6,6.5000186705423,-4.70441821004831));
#7592=CARTESIAN_POINT('Ctrl Pts',(-4.,6.4451446688891,-4.65108728126391));
#7593=CARTESIAN_POINT('Ctrl Pts',(5.6,6.4451446688891,-4.65108728126391));
#7594=CARTESIAN_POINT('Ctrl Pts',(-4.,6.41411006585361,-4.62523074159259));
#7595=CARTESIAN_POINT('Ctrl Pts',(5.6,6.41411006585361,-4.62523074159259));
#7596=CARTESIAN_POINT('Ctrl Pts',(-4.,6.40271061138015,-4.61642120913565));
#7597=CARTESIAN_POINT('Ctrl Pts',(5.6,6.40271061138015,-4.61642120913565));
#7598=CARTESIAN_POINT('',(-4.,6.40271061138015,-4.61642120913565));
#7599=CARTESIAN_POINT('Origin',(-4.,6.40271061138015,-4.61642120913565));
#7600=CARTESIAN_POINT('Ctrl Pts',(-4.,4.95982507505685,-7.62955668599673));
#7601=CARTESIAN_POINT('Ctrl Pts',(5.6,4.95982507505685,-7.62955668599673));
#7602=CARTESIAN_POINT('Ctrl Pts',(-4.,4.89038034974002,-7.59397277014865));
#7603=CARTESIAN_POINT('Ctrl Pts',(5.6,4.89038034974002,-7.59397277014865));
#7604=CARTESIAN_POINT('Ctrl Pts',(-4.,4.71458884476838,-7.49873393607884));
#7605=CARTESIAN_POINT('Ctrl Pts',(5.6,4.71458884476838,-7.49873393607884));
#7606=CARTESIAN_POINT('Ctrl Pts',(-4.,4.50375919187917,-7.36685378636353));
#7607=CARTESIAN_POINT('Ctrl Pts',(5.6,4.50375919187917,-7.36685378636353));
#7608=CARTESIAN_POINT('Ctrl Pts',(-4.,4.27729553251175,-7.19387553600861));
#7609=CARTESIAN_POINT('Ctrl Pts',(5.6,4.27729553251175,-7.19387553600861));
#7610=CARTESIAN_POINT('Ctrl Pts',(-4.,4.10834985281276,-7.03409150971271));
#7611=CARTESIAN_POINT('Ctrl Pts',(5.6,4.10834985281276,-7.03409150971271));
#7612=CARTESIAN_POINT('Ctrl Pts',(-4.,4.02443669682823,-6.94159222986016));
#7613=CARTESIAN_POINT('Ctrl Pts',(5.6,4.02443669682823,-6.94159222986016));
#7614=CARTESIAN_POINT('Ctrl Pts',(-4.,3.97691577054504,-6.88161635481335));
#7615=CARTESIAN_POINT('Ctrl Pts',(5.6,3.97691577054504,-6.88161635481335));
#7616=CARTESIAN_POINT('Ctrl Pts',(-4.,3.95432316285225,-6.84813081603936));
#7617=CARTESIAN_POINT('Ctrl Pts',(5.6,3.95432316285225,-6.84813081603936));
#7618=CARTESIAN_POINT('Ctrl Pts',(-4.,3.94670900730082,-6.83590052333473));
#7619=CARTESIAN_POINT('Ctrl Pts',(5.6,3.94670900730082,-6.83590052333473));
#7620=CARTESIAN_POINT('',(-4.,3.94670900730082,-6.83590052333473));
#7621=CARTESIAN_POINT('Origin',(-4.,3.94670900730082,-6.83590052333473));
#7622=CARTESIAN_POINT('',(-4.,3.88540470327291,-6.73743003934602));
#7623=CARTESIAN_POINT('Origin',(-4.,3.65959040177021,-6.87801418225285));
#7624=CARTESIAN_POINT('',(-4.,3.53464481752289,-6.64318530630891));
#7625=CARTESIAN_POINT('Origin',(-4.,0.,0.));
#7626=CARTESIAN_POINT('',(-4.,3.32137278213282,-6.75234091572007));
#7627=CARTESIAN_POINT('Origin',(-4.,3.43877944791984,-6.99102831553157));
#7628=CARTESIAN_POINT('',(-4.,3.19267902465946,-7.09197672647034));
#7629=CARTESIAN_POINT('Ctrl Pts',(-4.,3.28795482963818,-8.48524325156675));
#7630=CARTESIAN_POINT('Ctrl Pts',(5.6,3.28795482963818,-8.48524325156675));
#7631=CARTESIAN_POINT('Ctrl Pts',(-4.,3.29970545364525,-8.40810242076452));
#7632=CARTESIAN_POINT('Ctrl Pts',(5.6,3.29970545364525,-8.40810242076452));
#7633=CARTESIAN_POINT('Ctrl Pts',(-4.,3.32526357536761,-8.20981003273817));
#7634=CARTESIAN_POINT('Ctrl Pts',(5.6,3.32526357536761,-8.20981003273817));
#7635=CARTESIAN_POINT('Ctrl Pts',(-4.,3.34159212237494,-7.96166714047859));
#7636=CARTESIAN_POINT('Ctrl Pts',(5.6,3.34159212237494,-7.96166714047859));
#7637=CARTESIAN_POINT('Ctrl Pts',(-4.,3.33372759033465,-7.67680680058249));
#7638=CARTESIAN_POINT('Ctrl Pts',(5.6,3.33372759033465,-7.67680680058249));
#7639=CARTESIAN_POINT('Ctrl Pts',(-4.,3.30292642646752,-7.44631847972283));
#7640=CARTESIAN_POINT('Ctrl Pts',(5.6,3.30292642646752,-7.44631847972283));
#7641=CARTESIAN_POINT('Ctrl Pts',(-4.,3.27697218873862,-7.32415501519911));
#7642=CARTESIAN_POINT('Ctrl Pts',(5.6,3.27697218873862,-7.32415501519911));
#7643=CARTESIAN_POINT('Ctrl Pts',(-4.,3.25611537369184,-7.25053207523779));
#7644=CARTESIAN_POINT('Ctrl Pts',(5.6,3.25611537369184,-7.25053207523779));
#7645=CARTESIAN_POINT('Ctrl Pts',(-4.,3.2421668889024,-7.21262235351073));
#7646=CARTESIAN_POINT('Ctrl Pts',(5.6,3.2421668889024,-7.21262235351073));
#7647=CARTESIAN_POINT('Ctrl Pts',(-4.,3.23669943796757,-7.19929334737083));
#7648=CARTESIAN_POINT('Ctrl Pts',(5.6,3.23669943796757,-7.19929334737083));
#7649=CARTESIAN_POINT('',(-4.,3.23669943796757,-7.19929334737083));
#7650=CARTESIAN_POINT('Origin',(-4.,3.23669943796757,-7.19929334737083));
#7651=CARTESIAN_POINT('Ctrl Pts',(-4.,6.76549770989876,-6.08588865633893));
#7652=CARTESIAN_POINT('Ctrl Pts',(5.6,6.76549770989876,-6.08588865633893));
#7653=CARTESIAN_POINT('Ctrl Pts',(-4.,6.68920946109487,-6.06949085051467));
#7654=CARTESIAN_POINT('Ctrl Pts',(5.6,6.68920946109487,-6.06949085051467));
#7655=CARTESIAN_POINT('Ctrl Pts',(-4.,6.49475828230992,-6.02299539047488));
#7656=CARTESIAN_POINT('Ctrl Pts',(5.6,6.49475828230992,-6.02299539047488));
#7657=CARTESIAN_POINT('Ctrl Pts',(-4.,6.25697938121938,-5.95017567733008));
#7658=CARTESIAN_POINT('Ctrl Pts',(5.6,6.25697938121938,-5.95017567733008));
#7659=CARTESIAN_POINT('Ctrl Pts',(-4.,5.99346221834009,-5.84170462599386));
#7660=CARTESIAN_POINT('Ctrl Pts',(5.6,5.99346221834009,-5.84170462599386));
#7661=CARTESIAN_POINT('Ctrl Pts',(-4.,5.78891807397033,-5.73109146786009));
#7662=CARTESIAN_POINT('Ctrl Pts',(5.6,5.78891807397033,-5.73109146786009));
#7663=CARTESIAN_POINT('Ctrl Pts',(-4.,5.68392361415535,-5.66346234744082));
#7664=CARTESIAN_POINT('Ctrl Pts',(5.6,5.68392361415535,-5.66346234744082));
#7665=CARTESIAN_POINT('Ctrl Pts',(-4.,5.62249902546043,-5.61782942154183));
#7666=CARTESIAN_POINT('Ctrl Pts',(5.6,5.62249902546043,-5.61782942154183));
#7667=CARTESIAN_POINT('Ctrl Pts',(-4.,5.59200954703652,-5.59133227198225));
#7668=CARTESIAN_POINT('Ctrl Pts',(5.6,5.59200954703652,-5.59133227198225));
#7669=CARTESIAN_POINT('Ctrl Pts',(-4.,5.58148940486488,-5.58148940486486));
#7670=CARTESIAN_POINT('Ctrl Pts',(5.6,5.58148940486488,-5.58148940486486));
#7671=CARTESIAN_POINT('',(-4.,5.58148940486488,-5.58148940486486));
#7672=CARTESIAN_POINT('Origin',(-4.,5.58148940486488,-5.58148940486486));
#7673=CARTESIAN_POINT('',(-4.,5.4967879577049,-5.50224094268216));
#7674=CARTESIAN_POINT('Origin',(-4.,5.31505394556171,-5.696479838968));
#7675=CARTESIAN_POINT('',(-4.,5.13358759342214,-5.50199085973998));
#7676=CARTESIAN_POINT('Origin',(-4.,0.,0.));
#7677=CARTESIAN_POINT('',(-4.,4.95583417700901,-5.66262594650127));
#7678=CARTESIAN_POINT('Origin',(-4.,5.1310171525684,-5.86279318926131));
#7679=CARTESIAN_POINT('',(-4.,4.91942976920432,-6.02399734305749));
#7680=CARTESIAN_POINT('Ctrl Pts',(-4.,5.37206304145251,-7.34513026968618));
#7681=CARTESIAN_POINT('Ctrl Pts',(5.6,5.37206304145251,-7.34513026968618));
#7682=CARTESIAN_POINT('Ctrl Pts',(-4.,5.36344775648931,-7.26757666366804));
#7683=CARTESIAN_POINT('Ctrl Pts',(5.6,5.36344775648931,-7.26757666366804));
#7684=CARTESIAN_POINT('Ctrl Pts',(-4.,5.3368131598123,-7.06942599625806));
#7685=CARTESIAN_POINT('Ctrl Pts',(5.6,5.3368131598123,-7.06942599625806));
#7686=CARTESIAN_POINT('Ctrl Pts',(-4.,5.28836121864885,-6.82551222907012));
#7687=CARTESIAN_POINT('Ctrl Pts',(5.6,5.28836121864885,-6.82551222907012));
#7688=CARTESIAN_POINT('Ctrl Pts',(-4.,5.20703738287996,-6.55239376055184));
#7689=CARTESIAN_POINT('Ctrl Pts',(5.6,5.20703738287996,-6.55239376055184));
#7690=CARTESIAN_POINT('Ctrl Pts',(-4.,5.11763097610876,-6.33773106659562));
#7691=CARTESIAN_POINT('Ctrl Pts',(5.6,5.11763097610876,-6.33773106659562));
#7692=CARTESIAN_POINT('Ctrl Pts',(-4.,5.06094287635033,-6.22644767220857));
#7693=CARTESIAN_POINT('Ctrl Pts',(5.6,5.06094287635033,-6.22644767220857));
#7694=CARTESIAN_POINT('Ctrl Pts',(-4.,5.02174172102408,-6.1607315140469));
#7695=CARTESIAN_POINT('Ctrl Pts',(5.6,5.02174172102408,-6.1607315140469));
#7696=CARTESIAN_POINT('Ctrl Pts',(-4.,4.99845676135086,-6.12772366827713));
#7697=CARTESIAN_POINT('Ctrl Pts',(5.6,4.99845676135086,-6.12772366827713));
#7698=CARTESIAN_POINT('Ctrl Pts',(-4.,4.98972580864764,-6.11626391743793));
#7699=CARTESIAN_POINT('Ctrl Pts',(5.6,4.98972580864764,-6.11626391743793));
#7700=CARTESIAN_POINT('',(-4.,4.98972580864764,-6.11626391743793));
#7701=CARTESIAN_POINT('Origin',(-4.,4.98972580864764,-6.11626391743793));
#7702=CARTESIAN_POINT('Ctrl Pts',(-4.,9.08730244721501,0.480556170327942));
#7703=CARTESIAN_POINT('Ctrl Pts',(5.6,9.08730244721501,0.480556170327942));
#7704=CARTESIAN_POINT('Ctrl Pts',(-4.,9.02176350946602,0.438207231968778));
#7705=CARTESIAN_POINT('Ctrl Pts',(5.6,9.02176350946602,0.438207231968778));
#7706=CARTESIAN_POINT('Ctrl Pts',(-4.,8.85138850724894,0.333586739928746));
#7707=CARTESIAN_POINT('Ctrl Pts',(5.6,8.85138850724894,0.333586739928746));
#7708=CARTESIAN_POINT('Ctrl Pts',(-4.,8.63176212089598,0.216942979513286));
#7709=CARTESIAN_POINT('Ctrl Pts',(5.6,8.63176212089598,0.216942979513286));
#7710=CARTESIAN_POINT('Ctrl Pts',(-4.,8.36872673210272,0.107308822644579));
#7711=CARTESIAN_POINT('Ctrl Pts',(5.6,8.36872673210272,0.107308822644579));
#7712=CARTESIAN_POINT('Ctrl Pts',(-4.,8.14587686636203,0.0408895853135711));
#7713=CARTESIAN_POINT('Ctrl Pts',(5.6,8.14587686636203,0.0408895853135711));
#7714=CARTESIAN_POINT('Ctrl Pts',(-4.,8.02381356218568,0.0144683004455217));
#7715=CARTESIAN_POINT('Ctrl Pts',(5.6,8.02381356218568,0.0144683004455217));
#7716=CARTESIAN_POINT('Ctrl Pts',(-4.,7.94811246763935,0.00330190859630821));
#7717=CARTESIAN_POINT('Ctrl Pts',(5.6,7.94811246763935,0.00330190859630821));
#7718=CARTESIAN_POINT('Ctrl Pts',(-4.,7.90781683655527,0.000478905783620829));
#7719=CARTESIAN_POINT('Ctrl Pts',(5.6,7.90781683655527,0.000478905783620829));
#7720=CARTESIAN_POINT('Ctrl Pts',(-4.,7.89341801460163,2.7564166926577E-14));
#7721=CARTESIAN_POINT('Ctrl Pts',(5.6,7.89341801460163,2.7564166926577E-14));
#7722=CARTESIAN_POINT('',(-4.,7.89341801460163,2.7564166926577E-14));
#7723=CARTESIAN_POINT('Origin',(-4.,7.89341801460163,2.7564166926577E-14));
#7724=CARTESIAN_POINT('',(-4.,7.7774879219305,-0.00385584265511884));
#7725=CARTESIAN_POINT('Origin',(-4.,7.78633021030573,-0.26970883574771));
#7726=CARTESIAN_POINT('',(-4.,7.52048964607247,-0.260500447824608));
#7727=CARTESIAN_POINT('Origin',(-4.,0.,0.));
#7728=CARTESIAN_POINT('',(-4.,7.50838515909307,-0.499777253094799));
#7729=CARTESIAN_POINT('Origin',(-4.,7.77379784378659,-0.517443797855359));
#7730=CARTESIAN_POINT('',(-4.,7.73817152050105,-0.781047221750334));
#7731=CARTESIAN_POINT('Ctrl Pts',(-4.,8.99241362796637,-1.39516921682096));
#7732=CARTESIAN_POINT('Ctrl Pts',(5.6,8.99241362796637,-1.39516921682096));
#7733=CARTESIAN_POINT('Ctrl Pts',(-4.,8.93148302082614,-1.3464224625194));
#7734=CARTESIAN_POINT('Ctrl Pts',(5.6,8.93148302082614,-1.3464224625194));
#7735=CARTESIAN_POINT('Ctrl Pts',(-4.,8.77253583627942,-1.22514228582164));
#7736=CARTESIAN_POINT('Ctrl Pts',(5.6,8.77253583627942,-1.22514228582164));
#7737=CARTESIAN_POINT('Ctrl Pts',(-4.,8.56580206131774,-1.08692990317662));
#7738=CARTESIAN_POINT('Ctrl Pts',(5.6,8.56580206131774,-1.08692990317662));
#7739=CARTESIAN_POINT('Ctrl Pts',(-4.,8.3151735044169,-0.951310617764341));
#7740=CARTESIAN_POINT('Ctrl Pts',(5.6,8.3151735044169,-0.951310617764341));
#7741=CARTESIAN_POINT('Ctrl Pts',(-4.,8.10016418134325,-0.862741047709569));
#7742=CARTESIAN_POINT('Ctrl Pts',(5.6,8.10016418134325,-0.862741047709569));
#7743=CARTESIAN_POINT('Ctrl Pts',(-4.,7.98139039878694,-0.824136344656794));
#7744=CARTESIAN_POINT('Ctrl Pts',(5.6,7.98139039878694,-0.824136344656794));
#7745=CARTESIAN_POINT('Ctrl Pts',(-4.,7.90720265495576,-0.805387406348681));
#7746=CARTESIAN_POINT('Ctrl Pts',(5.6,7.90720265495576,-0.805387406348681));
#7747=CARTESIAN_POINT('Ctrl Pts',(-4.,7.867397630495,-0.798512287657111));
#7748=CARTESIAN_POINT('Ctrl Pts',(5.6,7.867397630495,-0.798512287657111));
#7749=CARTESIAN_POINT('Ctrl Pts',(-4.,7.85312064710324,-0.796582735990665));
#7750=CARTESIAN_POINT('Ctrl Pts',(5.6,7.85312064710324,-0.796582735990665));
#7751=CARTESIAN_POINT('',(-4.,7.85312064710324,-0.796582735990665));
#7752=CARTESIAN_POINT('Origin',(-4.,7.85312064710324,-0.796582735990665));
#7753=CARTESIAN_POINT('Ctrl Pts',(-4.,8.65328303594243,2.81614855784832));
#7754=CARTESIAN_POINT('Ctrl Pts',(5.6,8.65328303594243,2.81614855784832));
#7755=CARTESIAN_POINT('Ctrl Pts',(-4.,8.60093799513036,2.75827989928606));
#7756=CARTESIAN_POINT('Ctrl Pts',(5.6,8.60093799513036,2.75827989928606));
#7757=CARTESIAN_POINT('Ctrl Pts',(-4.,8.46344615618277,2.61312796868235));
#7758=CARTESIAN_POINT('Ctrl Pts',(5.6,8.46344615618277,2.61312796868235));
#7759=CARTESIAN_POINT('Ctrl Pts',(-4.,8.28149298415781,2.4436152564264));
#7760=CARTESIAN_POINT('Ctrl Pts',(5.6,8.28149298415781,2.4436152564264));
#7761=CARTESIAN_POINT('Ctrl Pts',(-4.,8.05579571668579,2.26963822470784));
#7762=CARTESIAN_POINT('Ctrl Pts',(5.6,8.05579571668579,2.26963822470784));
#7763=CARTESIAN_POINT('Ctrl Pts',(-4.,7.85772983956425,2.14780437855517));
#7764=CARTESIAN_POINT('Ctrl Pts',(5.6,7.85772983956425,2.14780437855517));
#7765=CARTESIAN_POINT('Ctrl Pts',(-4.,7.74666407333807,2.0906910693084));
#7766=CARTESIAN_POINT('Ctrl Pts',(5.6,7.74666407333807,2.0906910693084));
#7767=CARTESIAN_POINT('Ctrl Pts',(-4.,7.67643250591307,2.06031227803108));
#7768=CARTESIAN_POINT('Ctrl Pts',(5.6,7.67643250591307,2.06031227803108));
#7769=CARTESIAN_POINT('Ctrl Pts',(-4.,7.63824056205465,2.04715618994764));
#7770=CARTESIAN_POINT('Ctrl Pts',(5.6,7.63824056205465,2.04715618994764));
#7771=CARTESIAN_POINT('Ctrl Pts',(-4.,7.62445631799909,2.04296691313426));
#7772=CARTESIAN_POINT('Ctrl Pts',(5.6,7.62445631799909,2.04296691313426));
#7773=CARTESIAN_POINT('',(-4.,7.62445631799909,2.04296691313426));
#7774=CARTESIAN_POINT('Origin',(-4.,7.62445631799909,2.04296691313426));
#7775=CARTESIAN_POINT('',(-4.,7.51347441295803,2.00923753924776));
#7776=CARTESIAN_POINT('Origin',(-4.,7.59082322547303,1.75473181985717));
#7777=CARTESIAN_POINT('',(-4.,7.33165765263568,1.69482183858622));
#7778=CARTESIAN_POINT('Origin',(-4.,0.,0.));
#7779=CARTESIAN_POINT('',(-4.,7.38189501030351,1.46056532098234));
#7780=CARTESIAN_POINT('Origin',(-4.,7.64283641531888,1.51219460674729));
#7781=CARTESIAN_POINT('',(-4.,7.67664961601991,1.24835248073563));
#7782=CARTESIAN_POINT('Ctrl Pts',(-4.,9.04710092838053,0.979777929786302));
#7783=CARTESIAN_POINT('Ctrl Pts',(5.6,9.04710092838053,0.979777929786302));
#7784=CARTESIAN_POINT('Ctrl Pts',(-4.,8.97562989293213,1.01109367715639));
#7785=CARTESIAN_POINT('Ctrl Pts',(5.6,8.97562989293213,1.01109367715639));
#7786=CARTESIAN_POINT('Ctrl Pts',(-4.,8.79070908283974,1.08710277351954));
#7787=CARTESIAN_POINT('Ctrl Pts',(5.6,8.79070908283974,1.08710277351954));
#7788=CARTESIAN_POINT('Ctrl Pts',(-4.,8.5552475935405,1.16709904520329));
#7789=CARTESIAN_POINT('Ctrl Pts',(5.6,8.5552475935405,1.16709904520329));
#7790=CARTESIAN_POINT('Ctrl Pts',(-4.,8.27805814367652,1.23322977175338));
#7791=CARTESIAN_POINT('Ctrl Pts',(5.6,8.27805814367652,1.23322977175338));
#7792=CARTESIAN_POINT('Ctrl Pts',(-4.,8.04745159408003,1.26313289920654));
#7793=CARTESIAN_POINT('Ctrl Pts',(5.6,8.04745159408003,1.26313289920654));
#7794=CARTESIAN_POINT('Ctrl Pts',(-4.,7.92273329764227,1.269681261917));
#7795=CARTESIAN_POINT('Ctrl Pts',(5.6,7.92273329764227,1.269681261917));
#7796=CARTESIAN_POINT('Ctrl Pts',(-4.,7.84622085757202,1.26859014462761));
#7797=CARTESIAN_POINT('Ctrl Pts',(5.6,7.84622085757202,1.26859014462761));
#7798=CARTESIAN_POINT('Ctrl Pts',(-4.,7.80599274477459,1.26492870090939));
#7799=CARTESIAN_POINT('Ctrl Pts',(5.6,7.80599274477459,1.26492870090939));
#7800=CARTESIAN_POINT('Ctrl Pts',(-4.,7.79170283307519,1.26309734948876));
#7801=CARTESIAN_POINT('Ctrl Pts',(5.6,7.79170283307519,1.26309734948876));
#7802=CARTESIAN_POINT('',(-4.,7.79170283307519,1.26309734948876));
#7803=CARTESIAN_POINT('Origin',(-4.,7.79170283307519,1.26309734948876));
#7804=CARTESIAN_POINT('Ctrl Pts',(-4.,6.0858886563389,6.76549770989878));
#7805=CARTESIAN_POINT('Ctrl Pts',(5.6,6.0858886563389,6.76549770989878));
#7806=CARTESIAN_POINT('Ctrl Pts',(-4.,6.06949085051465,6.68920946109489));
#7807=CARTESIAN_POINT('Ctrl Pts',(5.6,6.06949085051465,6.68920946109489));
#7808=CARTESIAN_POINT('Ctrl Pts',(-4.,6.02299539047485,6.49475828230994));
#7809=CARTESIAN_POINT('Ctrl Pts',(5.6,6.02299539047485,6.49475828230994));
#7810=CARTESIAN_POINT('Ctrl Pts',(-4.,5.95017567733005,6.2569793812194));
#7811=CARTESIAN_POINT('Ctrl Pts',(5.6,5.95017567733005,6.2569793812194));
#7812=CARTESIAN_POINT('Ctrl Pts',(-4.,5.84170462599383,5.99346221834011));
#7813=CARTESIAN_POINT('Ctrl Pts',(5.6,5.84170462599383,5.99346221834011));
#7814=CARTESIAN_POINT('Ctrl Pts',(-4.,5.73109146786007,5.78891807397035));
#7815=CARTESIAN_POINT('Ctrl Pts',(5.6,5.73109146786007,5.78891807397035));
#7816=CARTESIAN_POINT('Ctrl Pts',(-4.,5.6634623474408,5.68392361415537));
#7817=CARTESIAN_POINT('Ctrl Pts',(5.6,5.6634623474408,5.68392361415537));
#7818=CARTESIAN_POINT('Ctrl Pts',(-4.,5.61782942154181,5.62249902546044));
#7819=CARTESIAN_POINT('Ctrl Pts',(5.6,5.61782942154181,5.62249902546044));
#7820=CARTESIAN_POINT('Ctrl Pts',(-4.,5.59133227198223,5.59200954703654));
#7821=CARTESIAN_POINT('Ctrl Pts',(5.6,5.59133227198223,5.59200954703654));
#7822=CARTESIAN_POINT('Ctrl Pts',(-4.,5.58148940486484,5.5814894048649));
#7823=CARTESIAN_POINT('Ctrl Pts',(5.6,5.58148940486484,5.5814894048649));
#7824=CARTESIAN_POINT('',(-4.,5.58148940486484,5.5814894048649));
#7825=CARTESIAN_POINT('Origin',(-4.,5.58148940486484,5.5814894048649));
#7826=CARTESIAN_POINT('',(-4.,5.50224094268214,5.49678795770491));
#7827=CARTESIAN_POINT('Origin',(-4.,5.69647983896798,5.31505394556173));
#7828=CARTESIAN_POINT('',(-4.,5.50199085973996,5.13358759342216));
#7829=CARTESIAN_POINT('Origin',(-4.,0.,0.));
#7830=CARTESIAN_POINT('',(-4.,5.66262594650125,4.95583417700903));
#7831=CARTESIAN_POINT('Origin',(-4.,5.86279318926129,5.13101715256842));
#7832=CARTESIAN_POINT('',(-4.,6.02399734305747,4.91942976920434));
#7833=CARTESIAN_POINT('Ctrl Pts',(-4.,7.34513026968616,5.37206304145254));
#7834=CARTESIAN_POINT('Ctrl Pts',(5.6,7.34513026968616,5.37206304145254));
#7835=CARTESIAN_POINT('Ctrl Pts',(-4.,7.26757666366802,5.36344775648933));
#7836=CARTESIAN_POINT('Ctrl Pts',(5.6,7.26757666366802,5.36344775648933));
#7837=CARTESIAN_POINT('Ctrl Pts',(-4.,7.06942599625804,5.33681315981232));
#7838=CARTESIAN_POINT('Ctrl Pts',(5.6,7.06942599625804,5.33681315981232));
#7839=CARTESIAN_POINT('Ctrl Pts',(-4.,6.8255122290701,5.28836121864887));
#7840=CARTESIAN_POINT('Ctrl Pts',(5.6,6.8255122290701,5.28836121864887));
#7841=CARTESIAN_POINT('Ctrl Pts',(-4.,6.55239376055182,5.20703738287998));
#7842=CARTESIAN_POINT('Ctrl Pts',(5.6,6.55239376055182,5.20703738287998));
#7843=CARTESIAN_POINT('Ctrl Pts',(-4.,6.3377310665956,5.11763097610878));
#7844=CARTESIAN_POINT('Ctrl Pts',(5.6,6.3377310665956,5.11763097610878));
#7845=CARTESIAN_POINT('Ctrl Pts',(-4.,6.22644767220855,5.06094287635035));
#7846=CARTESIAN_POINT('Ctrl Pts',(5.6,6.22644767220855,5.06094287635035));
#7847=CARTESIAN_POINT('Ctrl Pts',(-4.,6.16073151404688,5.0217417210241));
#7848=CARTESIAN_POINT('Ctrl Pts',(5.6,6.16073151404688,5.0217417210241));
#7849=CARTESIAN_POINT('Ctrl Pts',(-4.,6.12772366827711,4.99845676135088));
#7850=CARTESIAN_POINT('Ctrl Pts',(5.6,6.12772366827711,4.99845676135088));
#7851=CARTESIAN_POINT('Ctrl Pts',(-4.,6.11626391743791,4.98972580864767));
#7852=CARTESIAN_POINT('Ctrl Pts',(5.6,6.11626391743791,4.98972580864767));
#7853=CARTESIAN_POINT('',(-4.,6.11626391743791,4.98972580864767));
#7854=CARTESIAN_POINT('Origin',(-4.,6.11626391743791,4.98972580864767));
#7855=CARTESIAN_POINT('Ctrl Pts',(-4.,7.62955668599672,4.95982507505687));
#7856=CARTESIAN_POINT('Ctrl Pts',(5.6,7.62955668599672,4.95982507505687));
#7857=CARTESIAN_POINT('Ctrl Pts',(-4.,7.59397277014863,4.89038034974004));
#7858=CARTESIAN_POINT('Ctrl Pts',(5.6,7.59397277014863,4.89038034974004));
#7859=CARTESIAN_POINT('Ctrl Pts',(-4.,7.49873393607882,4.7145888447684));
#7860=CARTESIAN_POINT('Ctrl Pts',(5.6,7.49873393607882,4.7145888447684));
#7861=CARTESIAN_POINT('Ctrl Pts',(-4.,7.36685378636352,4.50375919187919));
#7862=CARTESIAN_POINT('Ctrl Pts',(5.6,7.36685378636352,4.50375919187919));
#7863=CARTESIAN_POINT('Ctrl Pts',(-4.,7.19387553600859,4.27729553251177));
#7864=CARTESIAN_POINT('Ctrl Pts',(5.6,7.19387553600859,4.27729553251177));
#7865=CARTESIAN_POINT('Ctrl Pts',(-4.,7.0340915097127,4.10834985281279));
#7866=CARTESIAN_POINT('Ctrl Pts',(5.6,7.0340915097127,4.10834985281279));
#7867=CARTESIAN_POINT('Ctrl Pts',(-4.,6.94159222986015,4.02443669682826));
#7868=CARTESIAN_POINT('Ctrl Pts',(5.6,6.94159222986015,4.02443669682826));
#7869=CARTESIAN_POINT('Ctrl Pts',(-4.,6.88161635481334,3.97691577054506));
#7870=CARTESIAN_POINT('Ctrl Pts',(5.6,6.88161635481334,3.97691577054506));
#7871=CARTESIAN_POINT('Ctrl Pts',(-4.,6.84813081603935,3.95432316285228));
#7872=CARTESIAN_POINT('Ctrl Pts',(5.6,6.84813081603935,3.95432316285228));
#7873=CARTESIAN_POINT('Ctrl Pts',(-4.,6.83590052333472,3.94670900730085));
#7874=CARTESIAN_POINT('Ctrl Pts',(5.6,6.83590052333472,3.94670900730085));
#7875=CARTESIAN_POINT('',(-4.,6.83590052333472,3.94670900730085));
#7876=CARTESIAN_POINT('Origin',(-4.,6.83590052333472,3.94670900730085));
#7877=CARTESIAN_POINT('',(-4.,6.73743003934601,3.88540470327293));
#7878=CARTESIAN_POINT('Origin',(-4.,6.87801418225284,3.65959040177023));
#7879=CARTESIAN_POINT('',(-4.,6.6431853063089,3.53464481752291));
#7880=CARTESIAN_POINT('Origin',(-4.,0.,0.));
#7881=CARTESIAN_POINT('',(-4.,6.75234091572006,3.32137278213284));
#7882=CARTESIAN_POINT('Origin',(-4.,6.99102831553156,3.43877944791986));
#7883=CARTESIAN_POINT('',(-4.,7.09197672647033,3.19267902465949));
#7884=CARTESIAN_POINT('Ctrl Pts',(-4.,8.48524325156674,3.28795482963821));
#7885=CARTESIAN_POINT('Ctrl Pts',(5.6,8.48524325156674,3.28795482963821));
#7886=CARTESIAN_POINT('Ctrl Pts',(-4.,8.40810242076451,3.29970545364528));
#7887=CARTESIAN_POINT('Ctrl Pts',(5.6,8.40810242076451,3.29970545364528));
#7888=CARTESIAN_POINT('Ctrl Pts',(-4.,8.20981003273816,3.32526357536764));
#7889=CARTESIAN_POINT('Ctrl Pts',(5.6,8.20981003273816,3.32526357536764));
#7890=CARTESIAN_POINT('Ctrl Pts',(-4.,7.96166714047858,3.34159212237497));
#7891=CARTESIAN_POINT('Ctrl Pts',(5.6,7.96166714047858,3.34159212237497));
#7892=CARTESIAN_POINT('Ctrl Pts',(-4.,7.67680680058248,3.33372759033467));
#7893=CARTESIAN_POINT('Ctrl Pts',(5.6,7.67680680058248,3.33372759033467));
#7894=CARTESIAN_POINT('Ctrl Pts',(-4.,7.44631847972282,3.30292642646754));
#7895=CARTESIAN_POINT('Ctrl Pts',(5.6,7.44631847972282,3.30292642646754));
#7896=CARTESIAN_POINT('Ctrl Pts',(-4.,7.3241550151991,3.27697218873865));
#7897=CARTESIAN_POINT('Ctrl Pts',(5.6,7.3241550151991,3.27697218873865));
#7898=CARTESIAN_POINT('Ctrl Pts',(-4.,7.25053207523779,3.25611537369187));
#7899=CARTESIAN_POINT('Ctrl Pts',(5.6,7.25053207523779,3.25611537369187));
#7900=CARTESIAN_POINT('Ctrl Pts',(-4.,7.21262235351072,3.24216688890243));
#7901=CARTESIAN_POINT('Ctrl Pts',(5.6,7.21262235351072,3.24216688890243));
#7902=CARTESIAN_POINT('Ctrl Pts',(-4.,7.19929334737082,3.2366994379676));
#7903=CARTESIAN_POINT('Ctrl Pts',(5.6,7.19929334737082,3.2366994379676));
#7904=CARTESIAN_POINT('',(-4.,7.19929334737082,3.2366994379676));
#7905=CARTESIAN_POINT('Origin',(-4.,7.19929334737082,3.2366994379676));
#7906=CARTESIAN_POINT('Ctrl Pts',(-4.,4.12747737215812,8.11011285632468));
#7907=CARTESIAN_POINT('Ctrl Pts',(5.6,4.12747737215812,8.11011285632468));
#7908=CARTESIAN_POINT('Ctrl Pts',(-4.,4.13138315972597,8.03218000211743));
#7909=CARTESIAN_POINT('Ctrl Pts',(5.6,4.13138315972597,8.03218000211743));
#7910=CARTESIAN_POINT('Ctrl Pts',(-4.,4.13679966248052,7.83232067600758));
#7911=CARTESIAN_POINT('Ctrl Pts',(5.6,4.13679966248052,7.83232067600758));
#7912=CARTESIAN_POINT('Ctrl Pts',(-4.,4.12800292901678,7.58379676587682));
#7913=CARTESIAN_POINT('Ctrl Pts',(5.6,4.12800292901678,7.58379676587682));
#7914=CARTESIAN_POINT('Ctrl Pts',(-4.,4.09143119959094,7.30118435865319));
#7915=CARTESIAN_POINT('Ctrl Pts',(5.6,4.09143119959094,7.30118435865319));
#7916=CARTESIAN_POINT('Ctrl Pts',(-4.,4.03752701354923,7.07498109502629));
#7917=CARTESIAN_POINT('Ctrl Pts',(5.6,4.03752701354923,7.07498109502629));
#7918=CARTESIAN_POINT('Ctrl Pts',(-4.,3.99937686535742,6.95606053030568));
#7919=CARTESIAN_POINT('Ctrl Pts',(5.6,3.99937686535742,6.95606053030568));
#7920=CARTESIAN_POINT('Ctrl Pts',(-4.,3.97119669709428,6.88491826340966));
#7921=CARTESIAN_POINT('Ctrl Pts',(5.6,3.97119669709428,6.88491826340966));
#7922=CARTESIAN_POINT('Ctrl Pts',(-4.,3.95349367370299,6.84860972182298));
#7923=CARTESIAN_POINT('Ctrl Pts',(5.6,3.95349367370299,6.84860972182298));
#7924=CARTESIAN_POINT('Ctrl Pts',(-4.,3.94670900730077,6.83590052333476));
#7925=CARTESIAN_POINT('Ctrl Pts',(5.6,3.94670900730077,6.83590052333476));
#7926=CARTESIAN_POINT('',(-4.,3.94670900730077,6.83590052333476));
#7927=CARTESIAN_POINT('Origin',(-4.,3.94670900730077,6.83590052333476));
#7928=CARTESIAN_POINT('',(-4.,3.89208321865756,6.73357419669091));
#7929=CARTESIAN_POINT('Origin',(-4.,4.12673980853549,6.60830534650514));
#7930=CARTESIAN_POINT('',(-4.,3.98584482854955,6.3826848584843));
#7931=CARTESIAN_POINT('Origin',(-4.,0.,0.));
#7932=CARTESIAN_POINT('',(-4.,4.18701237696022,6.25256366262527));
#7933=CARTESIAN_POINT('Origin',(-4.,4.33501839586672,6.47358451767621));
#7934=CARTESIAN_POINT('',(-4.,4.54549249584156,6.31092950472001));
#7935=CARTESIAN_POINT('Ctrl Pts',(-4.,5.70445879832816,7.0900740347458));
#7936=CARTESIAN_POINT('Ctrl Pts',(5.6,5.70445879832816,7.0900740347458));
#7937=CARTESIAN_POINT('Ctrl Pts',(-4.,5.63177756718085,7.06167995824513));
#7938=CARTESIAN_POINT('Ctrl Pts',(5.6,5.63177756718085,7.06167995824513));
#7939=CARTESIAN_POINT('Ctrl Pts',(-4.,5.44727226091177,6.98466774691653));
#7940=CARTESIAN_POINT('Ctrl Pts',(5.6,5.44727226091177,6.98466774691653));
#7941=CARTESIAN_POINT('Ctrl Pts',(-4.,5.22420993894277,6.87473723730198));
#7942=CARTESIAN_POINT('Ctrl Pts',(5.6,5.22420993894277,6.87473723730198));
#7943=CARTESIAN_POINT('Ctrl Pts',(-4.,4.98144591408222,6.72549618281816));
#7944=CARTESIAN_POINT('Ctrl Pts',(5.6,4.98144591408222,6.72549618281816));
#7945=CARTESIAN_POINT('Ctrl Pts',(-4.,4.7972377548757,6.58357743201326));
#7946=CARTESIAN_POINT('Ctrl Pts',(5.6,4.7972377548757,6.58357743201326));
#7947=CARTESIAN_POINT('Ctrl Pts',(-4.,4.70441821004829,6.50001867054232));
#7948=CARTESIAN_POINT('Ctrl Pts',(5.6,4.70441821004829,6.50001867054232));
#7949=CARTESIAN_POINT('Ctrl Pts',(-4.,4.65108728126388,6.44514466888912));
#7950=CARTESIAN_POINT('Ctrl Pts',(5.6,4.65108728126388,6.44514466888912));
#7951=CARTESIAN_POINT('Ctrl Pts',(-4.,4.62523074159257,6.41411006585363));
#7952=CARTESIAN_POINT('Ctrl Pts',(5.6,4.62523074159257,6.41411006585363));
#7953=CARTESIAN_POINT('Ctrl Pts',(-4.,4.61642120913563,6.40271061138017));
#7954=CARTESIAN_POINT('Ctrl Pts',(5.6,4.61642120913563,6.40271061138017));
#7955=CARTESIAN_POINT('',(-4.,4.61642120913563,6.40271061138017));
#7956=CARTESIAN_POINT('Origin',(-4.,4.61642120913563,6.40271061138017));
#7957=CARTESIAN_POINT('Ctrl Pts',(-4.,1.88778532604363,8.90203721418724));
#7958=CARTESIAN_POINT('Ctrl Pts',(5.6,1.88778532604363,8.90203721418724));
#7959=CARTESIAN_POINT('Ctrl Pts',(-4.,1.91172853403545,8.82777074980072));
#7960=CARTESIAN_POINT('Ctrl Pts',(5.6,1.91172853403545,8.82777074980072));
#7961=CARTESIAN_POINT('Ctrl Pts',(-4.,1.96868787387282,8.63612335915722));
#7962=CARTESIAN_POINT('Ctrl Pts',(5.6,1.96868787387282,8.63612335915722));
#7963=CARTESIAN_POINT('Ctrl Pts',(-4.,2.0245136029384,8.39379093375646));
#7964=CARTESIAN_POINT('Ctrl Pts',(5.6,2.0245136029384,8.39379093375646));
#7965=CARTESIAN_POINT('Ctrl Pts',(-4.,2.06233349834567,8.11134285070169));
#7966=CARTESIAN_POINT('Ctrl Pts',(5.6,2.06233349834567,8.11134285070169));
#7967=CARTESIAN_POINT('Ctrl Pts',(-4.,2.06881176559388,7.87889584641525));
#7968=CARTESIAN_POINT('Ctrl Pts',(5.6,2.06881176559388,7.87889584641525));
#7969=CARTESIAN_POINT('Ctrl Pts',(-4.,2.06274045918269,7.75415341674921));
#7970=CARTESIAN_POINT('Ctrl Pts',(5.6,2.06274045918269,7.75415341674921));
#7971=CARTESIAN_POINT('Ctrl Pts',(-4.,2.05393348045261,7.6781416995729));
#7972=CARTESIAN_POINT('Ctrl Pts',(5.6,2.05393348045261,7.6781416995729));
#7973=CARTESIAN_POINT('Ctrl Pts',(-4.,2.04623101501809,7.63848846192987));
#7974=CARTESIAN_POINT('Ctrl Pts',(5.6,2.04623101501809,7.63848846192987));
#7975=CARTESIAN_POINT('Ctrl Pts',(-4.,2.04296691313418,7.62445631799911));
#7976=CARTESIAN_POINT('Ctrl Pts',(5.6,2.04296691313418,7.62445631799911));
#7977=CARTESIAN_POINT('',(-4.,2.04296691313418,7.62445631799911));
#7978=CARTESIAN_POINT('Origin',(-4.,2.04296691313418,7.62445631799911));
#7979=CARTESIAN_POINT('',(-4.,2.0166864552531,7.51147848192991));
#7980=CARTESIAN_POINT('Origin',(-4.,2.27576927991129,7.45121165882517));
#7981=CARTESIAN_POINT('',(-4.,2.19807005921351,7.19681269832619));
#7982=CARTESIAN_POINT('Origin',(-4.,0.,0.));
#7983=CARTESIAN_POINT('',(-4.,2.42606083329446,7.1231912674836));
#7984=CARTESIAN_POINT('Origin',(-4.,2.51181926275045,7.3749877960086));
#7985=CARTESIAN_POINT('',(-4.,2.75721984681555,7.27234982379312));
#7986=CARTESIAN_POINT('Ctrl Pts',(-4.,3.67503788692798,8.32490819947247));
#7987=CARTESIAN_POINT('Ctrl Pts',(5.6,3.67503788692798,8.32490819947247));
#7988=CARTESIAN_POINT('Ctrl Pts',(-4.,3.61218213644279,8.27867034082443));
#7989=CARTESIAN_POINT('Ctrl Pts',(5.6,3.61218213644279,8.27867034082443));
#7990=CARTESIAN_POINT('Ctrl Pts',(-4.,3.4538959230274,8.15652876977759));
#7991=CARTESIAN_POINT('Ctrl Pts',(5.6,3.4538959230274,8.15652876977759));
#7992=CARTESIAN_POINT('Ctrl Pts',(-4.,3.26688637489162,7.99261127427341));
#7993=CARTESIAN_POINT('Ctrl Pts',(5.6,3.26688637489162,7.99261127427341));
#7994=CARTESIAN_POINT('Ctrl Pts',(-4.,3.07102076079653,7.78562353230522));
#7995=CARTESIAN_POINT('Ctrl Pts',(5.6,3.07102076079653,7.78562353230522));
#7996=CARTESIAN_POINT('Ctrl Pts',(-4.,2.92982061797124,7.60086396580216));
#7997=CARTESIAN_POINT('Ctrl Pts',(5.6,2.92982061797124,7.60086396580216));
#7998=CARTESIAN_POINT('Ctrl Pts',(-4.,2.86179042129191,7.49612893412557));
#7999=CARTESIAN_POINT('Ctrl Pts',(5.6,2.86179042129191,7.49612893412557));
#8000=CARTESIAN_POINT('Ctrl Pts',(-4.,2.8244791365479,7.42932165867451));
#8001=CARTESIAN_POINT('Ctrl Pts',(5.6,2.8244791365479,7.42932165867451));
#8002=CARTESIAN_POINT('Ctrl Pts',(-4.,2.8075359834237,7.39265236918651));
#8003=CARTESIAN_POINT('Ctrl Pts',(5.6,2.8075359834237,7.39265236918651));
#8004=CARTESIAN_POINT('Ctrl Pts',(-4.,2.80197702442752,7.37936126692669));
#8005=CARTESIAN_POINT('Ctrl Pts',(5.6,2.80197702442752,7.37936126692669));
#8006=CARTESIAN_POINT('',(-4.,2.80197702442752,7.37936126692669));
#8007=CARTESIAN_POINT('Origin',(-4.,2.80197702442752,7.37936126692669));
#8008=CARTESIAN_POINT('Ctrl Pts',(-4.,-0.480556170327911,9.08730244721501));
#8009=CARTESIAN_POINT('Ctrl Pts',(5.6,-0.480556170327911,9.08730244721501));
#8010=CARTESIAN_POINT('Ctrl Pts',(-4.,-0.438207231968747,9.02176350946602));
#8011=CARTESIAN_POINT('Ctrl Pts',(5.6,-0.438207231968747,9.02176350946602));
#8012=CARTESIAN_POINT('Ctrl Pts',(-4.,-0.333586739928716,8.85138850724894));
#8013=CARTESIAN_POINT('Ctrl Pts',(5.6,-0.333586739928716,8.85138850724894));
#8014=CARTESIAN_POINT('Ctrl Pts',(-4.,-0.216942979513256,8.63176212089598));
#8015=CARTESIAN_POINT('Ctrl Pts',(5.6,-0.216942979513256,8.63176212089598));
#8016=CARTESIAN_POINT('Ctrl Pts',(-4.,-0.107308822644549,8.36872673210272));
#8017=CARTESIAN_POINT('Ctrl Pts',(5.6,-0.107308822644549,8.36872673210272));
#8018=CARTESIAN_POINT('Ctrl Pts',(-4.,-0.0408895853135427,8.14587686636203));
#8019=CARTESIAN_POINT('Ctrl Pts',(5.6,-0.0408895853135427,8.14587686636203));
#8020=CARTESIAN_POINT('Ctrl Pts',(-4.,-0.0144683004454937,8.02381356218568));
#8021=CARTESIAN_POINT('Ctrl Pts',(5.6,-0.0144683004454937,8.02381356218568));
#8022=CARTESIAN_POINT('Ctrl Pts',(-4.,-0.00330190859628046,7.94811246763935));
#8023=CARTESIAN_POINT('Ctrl Pts',(5.6,-0.00330190859628046,7.94811246763935));
#8024=CARTESIAN_POINT('Ctrl Pts',(-4.,-0.000478905783593218,7.90781683655527));
#8025=CARTESIAN_POINT('Ctrl Pts',(5.6,-0.000478905783593218,7.90781683655527));
#8026=CARTESIAN_POINT('Ctrl Pts',(-4.,-4.44522890719057E-18,7.89341801460163));
#8027=CARTESIAN_POINT('Ctrl Pts',(5.6,-4.44522890719057E-18,7.89341801460163));
#8028=CARTESIAN_POINT('',(-4.,-4.44522890719057E-18,7.89341801460163));
#8029=CARTESIAN_POINT('Origin',(-4.,-4.44522890719057E-18,7.89341801460163));
#8030=CARTESIAN_POINT('',(-4.,0.003855842655146,7.7774879219305));
#8031=CARTESIAN_POINT('Origin',(-4.,0.269708835747737,7.78633021030573));
#8032=CARTESIAN_POINT('',(-4.,0.260500447824634,7.52048964607247));
#8033=CARTESIAN_POINT('Origin',(-4.,0.,0.));
#8034=CARTESIAN_POINT('',(-4.,0.499777253094825,7.50838515909307));
#8035=CARTESIAN_POINT('Origin',(-4.,0.517443797855386,7.77379784378659));
#8036=CARTESIAN_POINT('',(-4.,0.781047221750361,7.73817152050104));
#8037=CARTESIAN_POINT('Ctrl Pts',(-4.,1.39516921682099,8.99241362796637));
#8038=CARTESIAN_POINT('Ctrl Pts',(5.6,1.39516921682099,8.99241362796637));
#8039=CARTESIAN_POINT('Ctrl Pts',(-4.,1.34642246251943,8.93148302082614));
#8040=CARTESIAN_POINT('Ctrl Pts',(5.6,1.34642246251943,8.93148302082614));
#8041=CARTESIAN_POINT('Ctrl Pts',(-4.,1.22514228582167,8.77253583627941));
#8042=CARTESIAN_POINT('Ctrl Pts',(5.6,1.22514228582167,8.77253583627941));
#8043=CARTESIAN_POINT('Ctrl Pts',(-4.,1.08692990317665,8.56580206131774));
#8044=CARTESIAN_POINT('Ctrl Pts',(5.6,1.08692990317665,8.56580206131774));
#8045=CARTESIAN_POINT('Ctrl Pts',(-4.,0.95131061776437,8.3151735044169));
#8046=CARTESIAN_POINT('Ctrl Pts',(5.6,0.95131061776437,8.3151735044169));
#8047=CARTESIAN_POINT('Ctrl Pts',(-4.,0.862741047709598,8.10016418134324));
#8048=CARTESIAN_POINT('Ctrl Pts',(5.6,0.862741047709598,8.10016418134324));
#8049=CARTESIAN_POINT('Ctrl Pts',(-4.,0.824136344656822,7.98139039878694));
#8050=CARTESIAN_POINT('Ctrl Pts',(5.6,0.824136344656822,7.98139039878694));
#8051=CARTESIAN_POINT('Ctrl Pts',(-4.,0.805387406348709,7.90720265495576));
#8052=CARTESIAN_POINT('Ctrl Pts',(5.6,0.805387406348709,7.90720265495576));
#8053=CARTESIAN_POINT('Ctrl Pts',(-4.,0.798512287657138,7.867397630495));
#8054=CARTESIAN_POINT('Ctrl Pts',(5.6,0.798512287657138,7.867397630495));
#8055=CARTESIAN_POINT('Ctrl Pts',(-4.,0.796582735990692,7.85312064710323));
#8056=CARTESIAN_POINT('Ctrl Pts',(5.6,0.796582735990692,7.85312064710323));
#8057=CARTESIAN_POINT('',(-4.,0.796582735990692,7.85312064710323));
#8058=CARTESIAN_POINT('Origin',(-4.,0.796582735990692,7.85312064710323));
#8059=CARTESIAN_POINT('Ctrl Pts',(-4.,-2.81614855784835,8.65328303594241));
#8060=CARTESIAN_POINT('Ctrl Pts',(5.6,-2.81614855784835,8.65328303594241));
#8061=CARTESIAN_POINT('Ctrl Pts',(-4.,-2.75827989928609,8.60093799513034));
#8062=CARTESIAN_POINT('Ctrl Pts',(5.6,-2.75827989928609,8.60093799513034));
#8063=CARTESIAN_POINT('Ctrl Pts',(-4.,-2.61312796868238,8.46344615618276));
#8064=CARTESIAN_POINT('Ctrl Pts',(5.6,-2.61312796868238,8.46344615618276));
#8065=CARTESIAN_POINT('Ctrl Pts',(-4.,-2.44361525642642,8.2814929841578));
#8066=CARTESIAN_POINT('Ctrl Pts',(5.6,-2.44361525642642,8.2814929841578));
#8067=CARTESIAN_POINT('Ctrl Pts',(-4.,-2.26963822470787,8.05579571668578));
#8068=CARTESIAN_POINT('Ctrl Pts',(5.6,-2.26963822470787,8.05579571668578));
#8069=CARTESIAN_POINT('Ctrl Pts',(-4.,-2.14780437855519,7.85772983956424));
#8070=CARTESIAN_POINT('Ctrl Pts',(5.6,-2.14780437855519,7.85772983956424));
#8071=CARTESIAN_POINT('Ctrl Pts',(-4.,-2.09069106930842,7.74666407333806));
#8072=CARTESIAN_POINT('Ctrl Pts',(5.6,-2.09069106930842,7.74666407333806));
#8073=CARTESIAN_POINT('Ctrl Pts',(-4.,-2.06031227803111,7.67643250591306));
#8074=CARTESIAN_POINT('Ctrl Pts',(5.6,-2.06031227803111,7.67643250591306));
#8075=CARTESIAN_POINT('Ctrl Pts',(-4.,-2.04715618994766,7.63824056205464));
#8076=CARTESIAN_POINT('Ctrl Pts',(5.6,-2.04715618994766,7.63824056205464));
#8077=CARTESIAN_POINT('Ctrl Pts',(-4.,-2.04296691313429,7.62445631799908));
#8078=CARTESIAN_POINT('Ctrl Pts',(5.6,-2.04296691313429,7.62445631799908));
#8079=CARTESIAN_POINT('',(-4.,-2.04296691313429,7.62445631799908));
#8080=CARTESIAN_POINT('Origin',(-4.,-2.04296691313429,7.62445631799908));
#8081=CARTESIAN_POINT('',(-4.,-2.00923753924778,7.51347441295802));
#8082=CARTESIAN_POINT('Origin',(-4.,-1.7547318198572,7.59082322547302));
#8083=CARTESIAN_POINT('',(-4.,-1.69482183858624,7.33165765263567));
#8084=CARTESIAN_POINT('Origin',(-4.,0.,0.));
#8085=CARTESIAN_POINT('',(-4.,-1.46056532098236,7.3818950103035));
#8086=CARTESIAN_POINT('Origin',(-4.,-1.51219460674732,7.64283641531888));
#8087=CARTESIAN_POINT('',(-4.,-1.24835248073566,7.6766496160199));
#8088=CARTESIAN_POINT('Ctrl Pts',(-4.,-0.979777929786334,9.04710092838052));
#8089=CARTESIAN_POINT('Ctrl Pts',(5.6,-0.979777929786334,9.04710092838052));
#8090=CARTESIAN_POINT('Ctrl Pts',(-4.,-1.01109367715642,8.97562989293213));
#8091=CARTESIAN_POINT('Ctrl Pts',(5.6,-1.01109367715642,8.97562989293213));
#8092=CARTESIAN_POINT('Ctrl Pts',(-4.,-1.08710277351957,8.79070908283973));
#8093=CARTESIAN_POINT('Ctrl Pts',(5.6,-1.08710277351957,8.79070908283973));
#8094=CARTESIAN_POINT('Ctrl Pts',(-4.,-1.16709904520332,8.55524759354049));
#8095=CARTESIAN_POINT('Ctrl Pts',(5.6,-1.16709904520332,8.55524759354049));
#8096=CARTESIAN_POINT('Ctrl Pts',(-4.,-1.23322977175341,8.27805814367652));
#8097=CARTESIAN_POINT('Ctrl Pts',(5.6,-1.23322977175341,8.27805814367652));
#8098=CARTESIAN_POINT('Ctrl Pts',(-4.,-1.26313289920657,8.04745159408002));
#8099=CARTESIAN_POINT('Ctrl Pts',(5.6,-1.26313289920657,8.04745159408002));
#8100=CARTESIAN_POINT('Ctrl Pts',(-4.,-1.26968126191703,7.92273329764226));
#8101=CARTESIAN_POINT('Ctrl Pts',(5.6,-1.26968126191703,7.92273329764226));
#8102=CARTESIAN_POINT('Ctrl Pts',(-4.,-1.26859014462764,7.84622085757201));
#8103=CARTESIAN_POINT('Ctrl Pts',(5.6,-1.26859014462764,7.84622085757201));
#8104=CARTESIAN_POINT('Ctrl Pts',(-4.,-1.26492870090941,7.80599274477458));
#8105=CARTESIAN_POINT('Ctrl Pts',(5.6,-1.26492870090941,7.80599274477458));
#8106=CARTESIAN_POINT('Ctrl Pts',(-4.,-1.26309734948879,7.79170283307519));
#8107=CARTESIAN_POINT('Ctrl Pts',(5.6,-1.26309734948879,7.79170283307519));
#8108=CARTESIAN_POINT('',(-4.,-1.26309734948879,7.79170283307519));
#8109=CARTESIAN_POINT('Origin',(-4.,-1.26309734948879,7.79170283307519));
#8110=CARTESIAN_POINT('Ctrl Pts',(-4.,-8.90203721418724,1.8877853260436));
#8111=CARTESIAN_POINT('Ctrl Pts',(5.6,-8.90203721418724,1.8877853260436));
#8112=CARTESIAN_POINT('Ctrl Pts',(-4.,-8.82777074980072,1.91172853403542));
#8113=CARTESIAN_POINT('Ctrl Pts',(5.6,-8.82777074980072,1.91172853403542));
#8114=CARTESIAN_POINT('Ctrl Pts',(-4.,-8.63612335915723,1.96868787387279));
#8115=CARTESIAN_POINT('Ctrl Pts',(5.6,-8.63612335915723,1.96868787387279));
#8116=CARTESIAN_POINT('Ctrl Pts',(-4.,-8.39379093375647,2.02451360293837));
#8117=CARTESIAN_POINT('Ctrl Pts',(5.6,-8.39379093375647,2.02451360293837));
#8118=CARTESIAN_POINT('Ctrl Pts',(-4.,-8.1113428507017,2.06233349834564));
#8119=CARTESIAN_POINT('Ctrl Pts',(5.6,-8.1113428507017,2.06233349834564));
#8120=CARTESIAN_POINT('Ctrl Pts',(-4.,-7.87889584641526,2.06881176559385));
#8121=CARTESIAN_POINT('Ctrl Pts',(5.6,-7.87889584641526,2.06881176559385));
#8122=CARTESIAN_POINT('Ctrl Pts',(-4.,-7.75415341674922,2.06274045918267));
#8123=CARTESIAN_POINT('Ctrl Pts',(5.6,-7.75415341674922,2.06274045918267));
#8124=CARTESIAN_POINT('Ctrl Pts',(-4.,-7.67814169957291,2.05393348045259));
#8125=CARTESIAN_POINT('Ctrl Pts',(5.6,-7.67814169957291,2.05393348045259));
#8126=CARTESIAN_POINT('Ctrl Pts',(-4.,-7.63848846192988,2.04623101501806));
#8127=CARTESIAN_POINT('Ctrl Pts',(5.6,-7.63848846192988,2.04623101501806));
#8128=CARTESIAN_POINT('Ctrl Pts',(-4.,-7.62445631799912,2.04296691313415));
#8129=CARTESIAN_POINT('Ctrl Pts',(5.6,-7.62445631799912,2.04296691313415));
#8130=CARTESIAN_POINT('',(-4.,-7.62445631799912,2.04296691313415));
#8131=CARTESIAN_POINT('Origin',(-4.,-7.62445631799912,2.04296691313415));
#8132=CARTESIAN_POINT('',(-4.,-7.51147848192992,2.01668645525308));
#8133=CARTESIAN_POINT('Origin',(-4.,-7.45121165882517,2.27576927991126));
#8134=CARTESIAN_POINT('',(-4.,-7.1968126983262,2.19807005921348));
#8135=CARTESIAN_POINT('Origin',(-4.,0.,0.));
#8136=CARTESIAN_POINT('',(-4.,-7.12319126748361,2.42606083329443));
#8137=CARTESIAN_POINT('Origin',(-4.,-7.37498779600861,2.51181926275042));
#8138=CARTESIAN_POINT('',(-4.,-7.27234982379313,2.75721984681553));
#8139=CARTESIAN_POINT('Ctrl Pts',(-4.,-8.32490819947249,3.67503788692795));
#8140=CARTESIAN_POINT('Ctrl Pts',(5.6,-8.32490819947249,3.67503788692795));
#8141=CARTESIAN_POINT('Ctrl Pts',(-4.,-8.27867034082444,3.61218213644276));
#8142=CARTESIAN_POINT('Ctrl Pts',(5.6,-8.27867034082444,3.61218213644276));
#8143=CARTESIAN_POINT('Ctrl Pts',(-4.,-8.1565287697776,3.45389592302737));
#8144=CARTESIAN_POINT('Ctrl Pts',(5.6,-8.1565287697776,3.45389592302737));
#8145=CARTESIAN_POINT('Ctrl Pts',(-4.,-7.99261127427342,3.26688637489159));
#8146=CARTESIAN_POINT('Ctrl Pts',(5.6,-7.99261127427342,3.26688637489159));
#8147=CARTESIAN_POINT('Ctrl Pts',(-4.,-7.78562353230523,3.0710207607965));
#8148=CARTESIAN_POINT('Ctrl Pts',(5.6,-7.78562353230523,3.0710207607965));
#8149=CARTESIAN_POINT('Ctrl Pts',(-4.,-7.60086396580217,2.92982061797121));
#8150=CARTESIAN_POINT('Ctrl Pts',(5.6,-7.60086396580217,2.92982061797121));
#8151=CARTESIAN_POINT('Ctrl Pts',(-4.,-7.49612893412558,2.86179042129188));
#8152=CARTESIAN_POINT('Ctrl Pts',(5.6,-7.49612893412558,2.86179042129188));
#8153=CARTESIAN_POINT('Ctrl Pts',(-4.,-7.42932165867451,2.82447913654788));
#8154=CARTESIAN_POINT('Ctrl Pts',(5.6,-7.42932165867451,2.82447913654788));
#8155=CARTESIAN_POINT('Ctrl Pts',(-4.,-7.39265236918652,2.80753598342367));
#8156=CARTESIAN_POINT('Ctrl Pts',(5.6,-7.39265236918652,2.80753598342367));
#8157=CARTESIAN_POINT('Ctrl Pts',(-4.,-7.3793612669267,2.80197702442749));
#8158=CARTESIAN_POINT('Ctrl Pts',(5.6,-7.3793612669267,2.80197702442749));
#8159=CARTESIAN_POINT('',(-4.,-7.3793612669267,2.80197702442749));
#8160=CARTESIAN_POINT('Origin',(-4.,-7.3793612669267,2.80197702442749));
#8161=CARTESIAN_POINT('Ctrl Pts',(-4.,-8.11011285632469,4.1274773721581));
#8162=CARTESIAN_POINT('Ctrl Pts',(5.6,-8.11011285632469,4.1274773721581));
#8163=CARTESIAN_POINT('Ctrl Pts',(-4.,-8.03218000211744,4.13138315972594));
#8164=CARTESIAN_POINT('Ctrl Pts',(5.6,-8.03218000211744,4.13138315972594));
#8165=CARTESIAN_POINT('Ctrl Pts',(-4.,-7.8323206760076,4.1367996624805));
#8166=CARTESIAN_POINT('Ctrl Pts',(5.6,-7.8323206760076,4.1367996624805));
#8167=CARTESIAN_POINT('Ctrl Pts',(-4.,-7.58379676587683,4.12800292901675));
#8168=CARTESIAN_POINT('Ctrl Pts',(5.6,-7.58379676587683,4.12800292901675));
#8169=CARTESIAN_POINT('Ctrl Pts',(-4.,-7.3011843586532,4.09143119959091));
#8170=CARTESIAN_POINT('Ctrl Pts',(5.6,-7.3011843586532,4.09143119959091));
#8171=CARTESIAN_POINT('Ctrl Pts',(-4.,-7.0749810950263,4.03752701354921));
#8172=CARTESIAN_POINT('Ctrl Pts',(5.6,-7.0749810950263,4.03752701354921));
#8173=CARTESIAN_POINT('Ctrl Pts',(-4.,-6.95606053030569,3.99937686535739));
#8174=CARTESIAN_POINT('Ctrl Pts',(5.6,-6.95606053030569,3.99937686535739));
#8175=CARTESIAN_POINT('Ctrl Pts',(-4.,-6.88491826340968,3.97119669709426));
#8176=CARTESIAN_POINT('Ctrl Pts',(5.6,-6.88491826340968,3.97119669709426));
#8177=CARTESIAN_POINT('Ctrl Pts',(-4.,-6.84860972182299,3.95349367370296));
#8178=CARTESIAN_POINT('Ctrl Pts',(5.6,-6.84860972182299,3.95349367370296));
#8179=CARTESIAN_POINT('Ctrl Pts',(-4.,-6.83590052333478,3.94670900730075));
#8180=CARTESIAN_POINT('Ctrl Pts',(5.6,-6.83590052333478,3.94670900730075));
#8181=CARTESIAN_POINT('',(-4.,-6.83590052333478,3.94670900730075));
#8182=CARTESIAN_POINT('Origin',(-4.,-6.83590052333478,3.94670900730075));
#8183=CARTESIAN_POINT('',(-4.,-6.73357419669092,3.89208321865754));
#8184=CARTESIAN_POINT('Origin',(-4.,-6.60830534650516,4.12673980853547));
#8185=CARTESIAN_POINT('',(-4.,-6.38268485848432,3.98584482854953));
#8186=CARTESIAN_POINT('Origin',(-4.,0.,0.));
#8187=CARTESIAN_POINT('',(-4.,-6.25256366262529,4.1870123769602));
#8188=CARTESIAN_POINT('Origin',(-4.,-6.47358451767623,4.3350183958667));
#8189=CARTESIAN_POINT('',(-4.,-6.31092950472002,4.54549249584153));
#8190=CARTESIAN_POINT('Ctrl Pts',(-4.,-7.09007403474582,5.70445879832813));
#8191=CARTESIAN_POINT('Ctrl Pts',(5.6,-7.09007403474582,5.70445879832813));
#8192=CARTESIAN_POINT('Ctrl Pts',(-4.,-7.06167995824515,5.63177756718083));
#8193=CARTESIAN_POINT('Ctrl Pts',(5.6,-7.06167995824515,5.63177756718083));
#8194=CARTESIAN_POINT('Ctrl Pts',(-4.,-6.98466774691655,5.44727226091174));
#8195=CARTESIAN_POINT('Ctrl Pts',(5.6,-6.98466774691655,5.44727226091174));
#8196=CARTESIAN_POINT('Ctrl Pts',(-4.,-6.874737237302,5.22420993894275));
#8197=CARTESIAN_POINT('Ctrl Pts',(5.6,-6.874737237302,5.22420993894275));
#8198=CARTESIAN_POINT('Ctrl Pts',(-4.,-6.72549618281817,4.9814459140822));
#8199=CARTESIAN_POINT('Ctrl Pts',(5.6,-6.72549618281817,4.9814459140822));
#8200=CARTESIAN_POINT('Ctrl Pts',(-4.,-6.58357743201328,4.79723775487567));
#8201=CARTESIAN_POINT('Ctrl Pts',(5.6,-6.58357743201328,4.79723775487567));
#8202=CARTESIAN_POINT('Ctrl Pts',(-4.,-6.50001867054233,4.70441821004826));
#8203=CARTESIAN_POINT('Ctrl Pts',(5.6,-6.50001867054233,4.70441821004826));
#8204=CARTESIAN_POINT('Ctrl Pts',(-4.,-6.44514466888913,4.65108728126386));
#8205=CARTESIAN_POINT('Ctrl Pts',(5.6,-6.44514466888913,4.65108728126386));
#8206=CARTESIAN_POINT('Ctrl Pts',(-4.,-6.41411006585364,4.62523074159255));
#8207=CARTESIAN_POINT('Ctrl Pts',(5.6,-6.41411006585364,4.62523074159255));
#8208=CARTESIAN_POINT('Ctrl Pts',(-4.,-6.40271061138019,4.61642120913561));
#8209=CARTESIAN_POINT('Ctrl Pts',(5.6,-6.40271061138019,4.61642120913561));
#8210=CARTESIAN_POINT('',(-4.,-6.40271061138019,4.61642120913561));
#8211=CARTESIAN_POINT('Origin',(-4.,-6.40271061138019,4.61642120913561));
#8212=CARTESIAN_POINT('Ctrl Pts',(-4.,-4.9598250750569,7.6295566859967));
#8213=CARTESIAN_POINT('Ctrl Pts',(5.6,-4.9598250750569,7.6295566859967));
#8214=CARTESIAN_POINT('Ctrl Pts',(-4.,-4.89038034974007,7.59397277014862));
#8215=CARTESIAN_POINT('Ctrl Pts',(5.6,-4.89038034974007,7.59397277014862));
#8216=CARTESIAN_POINT('Ctrl Pts',(-4.,-4.71458884476843,7.49873393607881));
#8217=CARTESIAN_POINT('Ctrl Pts',(5.6,-4.71458884476843,7.49873393607881));
#8218=CARTESIAN_POINT('Ctrl Pts',(-4.,-4.50375919187922,7.3668537863635));
#8219=CARTESIAN_POINT('Ctrl Pts',(5.6,-4.50375919187922,7.3668537863635));
#8220=CARTESIAN_POINT('Ctrl Pts',(-4.,-4.2772955325118,7.19387553600858));
#8221=CARTESIAN_POINT('Ctrl Pts',(5.6,-4.2772955325118,7.19387553600858));
#8222=CARTESIAN_POINT('Ctrl Pts',(-4.,-4.10834985281281,7.03409150971269));
#8223=CARTESIAN_POINT('Ctrl Pts',(5.6,-4.10834985281281,7.03409150971269));
#8224=CARTESIAN_POINT('Ctrl Pts',(-4.,-4.02443669682828,6.94159222986013));
#8225=CARTESIAN_POINT('Ctrl Pts',(5.6,-4.02443669682828,6.94159222986013));
#8226=CARTESIAN_POINT('Ctrl Pts',(-4.,-3.97691577054508,6.88161635481333));
#8227=CARTESIAN_POINT('Ctrl Pts',(5.6,-3.97691577054508,6.88161635481333));
#8228=CARTESIAN_POINT('Ctrl Pts',(-4.,-3.9543231628523,6.84813081603933));
#8229=CARTESIAN_POINT('Ctrl Pts',(5.6,-3.9543231628523,6.84813081603933));
#8230=CARTESIAN_POINT('Ctrl Pts',(-4.,-3.94670900730087,6.83590052333471));
#8231=CARTESIAN_POINT('Ctrl Pts',(5.6,-3.94670900730087,6.83590052333471));
#8232=CARTESIAN_POINT('',(-4.,-3.94670900730087,6.83590052333471));
#8233=CARTESIAN_POINT('Origin',(-4.,-3.94670900730087,6.83590052333471));
#8234=CARTESIAN_POINT('',(-4.,-3.88540470327295,6.737430039346));
#8235=CARTESIAN_POINT('Origin',(-4.,-3.65959040177025,6.87801418225283));
#8236=CARTESIAN_POINT('',(-4.,-3.53464481752293,6.64318530630889));
#8237=CARTESIAN_POINT('Origin',(-4.,0.,0.));
#8238=CARTESIAN_POINT('',(-4.,-3.32137278213287,6.75234091572004));
#8239=CARTESIAN_POINT('Origin',(-4.,-3.43877944791989,6.99102831553154));
#8240=CARTESIAN_POINT('',(-4.,-3.19267902465951,7.09197672647031));
#8241=CARTESIAN_POINT('Ctrl Pts',(-4.,-3.28795482963824,8.48524325156673));
#8242=CARTESIAN_POINT('Ctrl Pts',(5.6,-3.28795482963824,8.48524325156673));
#8243=CARTESIAN_POINT('Ctrl Pts',(-4.,-3.29970545364531,8.4081024207645));
#8244=CARTESIAN_POINT('Ctrl Pts',(5.6,-3.29970545364531,8.4081024207645));
#8245=CARTESIAN_POINT('Ctrl Pts',(-4.,-3.32526357536767,8.20981003273814));
#8246=CARTESIAN_POINT('Ctrl Pts',(5.6,-3.32526357536767,8.20981003273814));
#8247=CARTESIAN_POINT('Ctrl Pts',(-4.,-3.34159212237499,7.96166714047857));
#8248=CARTESIAN_POINT('Ctrl Pts',(5.6,-3.34159212237499,7.96166714047857));
#8249=CARTESIAN_POINT('Ctrl Pts',(-4.,-3.3337275903347,7.67680680058247));
#8250=CARTESIAN_POINT('Ctrl Pts',(5.6,-3.3337275903347,7.67680680058247));
#8251=CARTESIAN_POINT('Ctrl Pts',(-4.,-3.30292642646757,7.4463184797228));
#8252=CARTESIAN_POINT('Ctrl Pts',(5.6,-3.30292642646757,7.4463184797228));
#8253=CARTESIAN_POINT('Ctrl Pts',(-4.,-3.27697218873867,7.32415501519909));
#8254=CARTESIAN_POINT('Ctrl Pts',(5.6,-3.27697218873867,7.32415501519909));
#8255=CARTESIAN_POINT('Ctrl Pts',(-4.,-3.2561153736919,7.25053207523777));
#8256=CARTESIAN_POINT('Ctrl Pts',(5.6,-3.2561153736919,7.25053207523777));
#8257=CARTESIAN_POINT('Ctrl Pts',(-4.,-3.24216688890245,7.21262235351071));
#8258=CARTESIAN_POINT('Ctrl Pts',(5.6,-3.24216688890245,7.21262235351071));
#8259=CARTESIAN_POINT('Ctrl Pts',(-4.,-3.23669943796762,7.19929334737081));
#8260=CARTESIAN_POINT('Ctrl Pts',(5.6,-3.23669943796762,7.19929334737081));
#8261=CARTESIAN_POINT('',(-4.,-3.23669943796762,7.19929334737081));
#8262=CARTESIAN_POINT('Origin',(-4.,-3.23669943796762,7.19929334737081));
#8263=CARTESIAN_POINT('Ctrl Pts',(-4.,-6.7654977098988,6.08588865633888));
#8264=CARTESIAN_POINT('Ctrl Pts',(5.6,-6.7654977098988,6.08588865633888));
#8265=CARTESIAN_POINT('Ctrl Pts',(-4.,-6.68920946109491,6.06949085051463));
#8266=CARTESIAN_POINT('Ctrl Pts',(5.6,-6.68920946109491,6.06949085051463));
#8267=CARTESIAN_POINT('Ctrl Pts',(-4.,-6.49475828230996,6.02299539047483));
#8268=CARTESIAN_POINT('Ctrl Pts',(5.6,-6.49475828230996,6.02299539047483));
#8269=CARTESIAN_POINT('Ctrl Pts',(-4.,-6.25697938121942,5.95017567733003));
#8270=CARTESIAN_POINT('Ctrl Pts',(5.6,-6.25697938121942,5.95017567733003));
#8271=CARTESIAN_POINT('Ctrl Pts',(-4.,-5.99346221834013,5.84170462599381));
#8272=CARTESIAN_POINT('Ctrl Pts',(5.6,-5.99346221834013,5.84170462599381));
#8273=CARTESIAN_POINT('Ctrl Pts',(-4.,-5.78891807397037,5.73109146786005));
#8274=CARTESIAN_POINT('Ctrl Pts',(5.6,-5.78891807397037,5.73109146786005));
#8275=CARTESIAN_POINT('Ctrl Pts',(-4.,-5.68392361415539,5.66346234744078));
#8276=CARTESIAN_POINT('Ctrl Pts',(5.6,-5.68392361415539,5.66346234744078));
#8277=CARTESIAN_POINT('Ctrl Pts',(-4.,-5.62249902546046,5.61782942154179));
#8278=CARTESIAN_POINT('Ctrl Pts',(5.6,-5.62249902546046,5.61782942154179));
#8279=CARTESIAN_POINT('Ctrl Pts',(-4.,-5.59200954703656,5.59133227198221));
#8280=CARTESIAN_POINT('Ctrl Pts',(5.6,-5.59200954703656,5.59133227198221));
#8281=CARTESIAN_POINT('Ctrl Pts',(-4.,-5.58148940486492,5.58148940486482));
#8282=CARTESIAN_POINT('Ctrl Pts',(5.6,-5.58148940486492,5.58148940486482));
#8283=CARTESIAN_POINT('',(-4.,-5.58148940486492,5.58148940486482));
#8284=CARTESIAN_POINT('Origin',(-4.,-5.58148940486492,5.58148940486482));
#8285=CARTESIAN_POINT('',(-4.,-5.49678795770493,5.50224094268212));
#8286=CARTESIAN_POINT('Origin',(-4.,-5.31505394556175,5.69647983896796));
#8287=CARTESIAN_POINT('',(-4.,-5.13358759342218,5.50199085973995));
#8288=CARTESIAN_POINT('Origin',(-4.,0.,0.));
#8289=CARTESIAN_POINT('',(-4.,-4.95583417700905,5.66262594650123));
#8290=CARTESIAN_POINT('Origin',(-4.,-5.13101715256844,5.86279318926128));
#8291=CARTESIAN_POINT('',(-4.,-4.91942976920436,6.02399734305746));
#8292=CARTESIAN_POINT('Ctrl Pts',(-4.,-5.37206304145256,7.34513026968614));
#8293=CARTESIAN_POINT('Ctrl Pts',(5.6,-5.37206304145256,7.34513026968614));
#8294=CARTESIAN_POINT('Ctrl Pts',(-4.,-5.36344775648936,7.26757666366801));
#8295=CARTESIAN_POINT('Ctrl Pts',(5.6,-5.36344775648936,7.26757666366801));
#8296=CARTESIAN_POINT('Ctrl Pts',(-4.,-5.33681315981234,7.06942599625802));
#8297=CARTESIAN_POINT('Ctrl Pts',(5.6,-5.33681315981234,7.06942599625802));
#8298=CARTESIAN_POINT('Ctrl Pts',(-4.,-5.28836121864889,6.82551222907008));
#8299=CARTESIAN_POINT('Ctrl Pts',(5.6,-5.28836121864889,6.82551222907008));
#8300=CARTESIAN_POINT('Ctrl Pts',(-4.,-5.20703738288001,6.5523937605518));
#8301=CARTESIAN_POINT('Ctrl Pts',(5.6,-5.20703738288001,6.5523937605518));
#8302=CARTESIAN_POINT('Ctrl Pts',(-4.,-5.1176309761088,6.33773106659559));
#8303=CARTESIAN_POINT('Ctrl Pts',(5.6,-5.1176309761088,6.33773106659559));
#8304=CARTESIAN_POINT('Ctrl Pts',(-4.,-5.06094287635037,6.22644767220854));
#8305=CARTESIAN_POINT('Ctrl Pts',(5.6,-5.06094287635037,6.22644767220854));
#8306=CARTESIAN_POINT('Ctrl Pts',(-4.,-5.02174172102412,6.16073151404686));
#8307=CARTESIAN_POINT('Ctrl Pts',(5.6,-5.02174172102412,6.16073151404686));
#8308=CARTESIAN_POINT('Ctrl Pts',(-4.,-4.9984567613509,6.12772366827709));
#8309=CARTESIAN_POINT('Ctrl Pts',(5.6,-4.9984567613509,6.12772366827709));
#8310=CARTESIAN_POINT('Ctrl Pts',(-4.,-4.98972580864769,6.11626391743789));
#8311=CARTESIAN_POINT('Ctrl Pts',(5.6,-4.98972580864769,6.11626391743789));
#8312=CARTESIAN_POINT('',(-4.,-4.98972580864769,6.11626391743789));
#8313=CARTESIAN_POINT('Origin',(-4.,-4.98972580864769,6.11626391743789));
#8314=CARTESIAN_POINT('Origin',(1.,0.,0.));
#8315=CARTESIAN_POINT('Origin',(-5.,0.,0.));
#8316=CARTESIAN_POINT('Origin',(8.,0.,-6.));
#8317=CARTESIAN_POINT('Origin',(8.,0.,6.));
#8318=CARTESIAN_POINT('',(0.,0.,0.));
#8319=CARTESIAN_POINT('',(-2.60250735316226,8.3883257989642,3.80742738369291));
#8320=CARTESIAN_POINT('',(12.3221328359405,10.2116742010358,10.0895053000117));
#8321=UNCERTAINTY_MEASURE_WITH_UNIT(LENGTH_MEASURE(0.01),#8331,
'DISTANCE_ACCURACY_VALUE',
'Maximum model space distance between geometric entities at asserted c
onnectivities');
#8322=UNCERTAINTY_MEASURE_WITH_UNIT(LENGTH_MEASURE(0.01),#8331,
'DISTANCE_ACCURACY_VALUE',
'Maximum model space distance between geometric entities at asserted c
onnectivities');
#8323=UNCERTAINTY_MEASURE_WITH_UNIT(LENGTH_MEASURE(0.01),#8331,
'DISTANCE_ACCURACY_VALUE',
'Maximum model space distance between geometric entities at asserted c
onnectivities');
#8324=UNCERTAINTY_MEASURE_WITH_UNIT(LENGTH_MEASURE(0.01),#8331,
'DISTANCE_ACCURACY_VALUE',
'Maximum model space distance between geometric entities at asserted c
onnectivities');
#8325=UNCERTAINTY_MEASURE_WITH_UNIT(LENGTH_MEASURE(0.01),#8331,
'DISTANCE_ACCURACY_VALUE',
'Maximum model space distance between geometric entities at asserted c
onnectivities');
#8326=(
GEOMETRIC_REPRESENTATION_CONTEXT(3)
GLOBAL_UNCERTAINTY_ASSIGNED_CONTEXT((#8321))
GLOBAL_UNIT_ASSIGNED_CONTEXT((#8331,#8333,#8334))
REPRESENTATION_CONTEXT('','3D')
);
#8327=(
GEOMETRIC_REPRESENTATION_CONTEXT(3)
GLOBAL_UNCERTAINTY_ASSIGNED_CONTEXT((#8322))
GLOBAL_UNIT_ASSIGNED_CONTEXT((#8331,#8333,#8334))
REPRESENTATION_CONTEXT('','3D')
);
#8328=(
GEOMETRIC_REPRESENTATION_CONTEXT(3)
GLOBAL_UNCERTAINTY_ASSIGNED_CONTEXT((#8323))
GLOBAL_UNIT_ASSIGNED_CONTEXT((#8331,#8333,#8334))
REPRESENTATION_CONTEXT('','3D')
);
#8329=(
GEOMETRIC_REPRESENTATION_CONTEXT(3)
GLOBAL_UNCERTAINTY_ASSIGNED_CONTEXT((#8324))
GLOBAL_UNIT_ASSIGNED_CONTEXT((#8331,#8333,#8334))
REPRESENTATION_CONTEXT('','3D')
);
#8330=(
GEOMETRIC_REPRESENTATION_CONTEXT(3)
GLOBAL_UNCERTAINTY_ASSIGNED_CONTEXT((#8325))
GLOBAL_UNIT_ASSIGNED_CONTEXT((#8331,#8333,#8334))
REPRESENTATION_CONTEXT('','3D')
);
#8331=(
LENGTH_UNIT()
NAMED_UNIT(*)
SI_UNIT(.MILLI.,.METRE.)
);
#8332=(
LENGTH_UNIT()
NAMED_UNIT(*)
SI_UNIT($,.METRE.)
);
#8333=(
NAMED_UNIT(*)
PLANE_ANGLE_UNIT()
SI_UNIT($,.RADIAN.)
);
#8334=(
NAMED_UNIT(*)
SI_UNIT($,.STERADIAN.)
SOLID_ANGLE_UNIT()
);
#8335=SHAPE_DEFINITION_REPRESENTATION(#8339,#8346);
#8336=SHAPE_DEFINITION_REPRESENTATION(#8340,#8347);
#8337=SHAPE_DEFINITION_REPRESENTATION(#8341,#8348);
#8338=SHAPE_DEFINITION_REPRESENTATION(#8342,#8349);
#8339=PRODUCT_DEFINITION_SHAPE('',$,#8351);
#8340=PRODUCT_DEFINITION_SHAPE('',$,#8352);
#8341=PRODUCT_DEFINITION_SHAPE('',$,#8353);
#8342=PRODUCT_DEFINITION_SHAPE('',$,#8354);
#8343=PRODUCT_DEFINITION_SHAPE($,$,#20);
#8344=PRODUCT_DEFINITION_SHAPE($,$,#21);
#8345=PRODUCT_DEFINITION_SHAPE($,$,#22);
#8346=SHAPE_REPRESENTATION('',(#3943,#4310),#8326);
#8347=SHAPE_REPRESENTATION('',(#3944,#4309),#8327);
#8348=SHAPE_REPRESENTATION('',(#3945,#4308),#8328);
#8349=SHAPE_REPRESENTATION('',(#3946),#8329);
#8350=PRODUCT_DEFINITION_CONTEXT('part definition',#8364,'design');
#8351=PRODUCT_DEFINITION('YUDX Extruder','YUDX Extruder v9',#8355,#8350);
#8352=PRODUCT_DEFINITION('gear_set_assumble','gear_set_assumble',#8356,
#8350);
#8353=PRODUCT_DEFINITION('extrude_gear_assumble',
'extrude_gear_assumble',#8357,#8350);
#8354=PRODUCT_DEFINITION('extrude_gear','extrude_gear',#8358,#8350);
#8355=PRODUCT_DEFINITION_FORMATION('',$,#8366);
#8356=PRODUCT_DEFINITION_FORMATION('',$,#8367);
#8357=PRODUCT_DEFINITION_FORMATION('',$,#8368);
#8358=PRODUCT_DEFINITION_FORMATION('',$,#8369);
#8359=PRODUCT_RELATED_PRODUCT_CATEGORY('YUDX Extruder v9',
'YUDX Extruder v9',(#8366));
#8360=PRODUCT_RELATED_PRODUCT_CATEGORY('gear_set_assumble',
'gear_set_assumble',(#8367));
#8361=PRODUCT_RELATED_PRODUCT_CATEGORY('extrude_gear_assumble',
'extrude_gear_assumble',(#8368));
#8362=PRODUCT_RELATED_PRODUCT_CATEGORY('extrude_gear','extrude_gear',(#8369));
#8363=APPLICATION_PROTOCOL_DEFINITION('international standard',
'automotive_design',2009,#8364);
#8364=APPLICATION_CONTEXT(
'Core Data for Automotive Mechanical Design Process');
#8365=PRODUCT_CONTEXT('part definition',#8364,'mechanical');
#8366=PRODUCT('YUDX Extruder','YUDX Extruder v9','STEP AP214',(#8365));
#8367=PRODUCT('gear_set_assumble','gear_set_assumble',$,(#8365));
#8368=PRODUCT('extrude_gear_assumble','extrude_gear_assumble',$,(#8365));
#8369=PRODUCT('extrude_gear','extrude_gear',$,(#8365));
#8370=PRESENTATION_STYLE_ASSIGNMENT((#8373));
#8371=PRESENTATION_STYLE_ASSIGNMENT((#8374));
#8372=PRESENTATION_STYLE_ASSIGNMENT((#8375));
#8373=SURFACE_STYLE_USAGE(.BOTH.,#8376);
#8374=SURFACE_STYLE_USAGE(.BOTH.,#8377);
#8375=SURFACE_STYLE_USAGE(.BOTH.,#8378);
#8376=SURFACE_SIDE_STYLE('',(#8379));
#8377=SURFACE_SIDE_STYLE('',(#8380));
#8378=SURFACE_SIDE_STYLE('',(#8381));
#8379=SURFACE_STYLE_FILL_AREA(#8382);
#8380=SURFACE_STYLE_FILL_AREA(#8383);
#8381=SURFACE_STYLE_FILL_AREA(#8384);
#8382=FILL_AREA_STYLE('Steel - Satin',(#8385));
#8383=FILL_AREA_STYLE('Black',(#8386));
#8384=FILL_AREA_STYLE('Opaque(135,140,140)',(#8387));
#8385=FILL_AREA_STYLE_COLOUR('Steel - Satin',#8388);
#8386=FILL_AREA_STYLE_COLOUR('Black',#8389);
#8387=FILL_AREA_STYLE_COLOUR('Opaque(135,140,140)',#8390);
#8388=COLOUR_RGB('Steel - Satin',0.627450980392157,0.627450980392157,0.627450980392157);
#8389=COLOUR_RGB('Black',0.172549019607843,0.172549019607843,0.172549019607843);
#8390=COLOUR_RGB('Opaque(135,140,140)',0.529411764705882,0.549019607843137,
0.549019607843137);
ENDSEC;
END-ISO-10303-21;
