ISO-10303-21;
HEADER;
/* Generated by software containing ST-Developer
 * from STEP Tools, Inc. (www.steptools.com) 
 */

FILE_DESCRIPTION(
/* description */ ('STEP AP214'),
/* implementation_level */ '2;1');

FILE_NAME(
/* name */ '2x_gear_container_metal_part_mirror.step',
/* time_stamp */ '2026-09-12T10:20:57+02:00',
/* author */ (''),
/* organization */ (''),
/* preprocessor_version */ 'ST-DEVELOPER v20.2',
/* originating_system */ 'Autodesk Translation Framework v15.15.0.0',
/* authorisation */ '');

FILE_SCHEMA (('AUTOMOTIVE_DESIGN { 1 0 10303 214 3 1 1 }'));
ENDSEC;

DATA;
#10=MECHANICAL_DESIGN_GEOMETRIC_PRESENTATION_REPRESENTATION('',(#21),#1774);
#11=ITEM_DEFINED_TRANSFORMATION($,$,#580,#631);
#12=ITEM_DEFINED_TRANSFORMATION($,$,#579,#632);
#13=(
REPRESENTATION_RELATIONSHIP($,$,#1789,#1788)
REPRESENTATION_RELATIONSHIP_WITH_TRANSFORMATION(#11)
SHAPE_REPRESENTATION_RELATIONSHIP()
);
#14=(
REPRESENTATION_RELATIONSHIP($,$,#1788,#1787)
REPRESENTATION_RELATIONSHIP_WITH_TRANSFORMATION(#12)
SHAPE_REPRESENTATION_RELATIONSHIP()
);
#15=CONTEXT_DEPENDENT_SHAPE_REPRESENTATION(#13,#1785);
#16=CONTEXT_DEPENDENT_SHAPE_REPRESENTATION(#14,#1786);
#17=NEXT_ASSEMBLY_USAGE_OCCURRENCE('gear_container_metal_part_mirror:1',
'gear_container_metal_part_mirror:1',
'gear_container_metal_part_mirror:1',#1792,#1793,
'gear_container_metal_part_mirror:1');
#18=NEXT_ASSEMBLY_USAGE_OCCURRENCE('gear_set_assumble:1',
'gear_set_assumble:1','gear_set_assumble:1',#1791,#1792,
'gear_set_assumble:1');
#19=SHAPE_REPRESENTATION_RELATIONSHIP('SRR','None',#1789,#20);
#20=ADVANCED_BREP_SHAPE_REPRESENTATION('',(#22),#1773);
#21=STYLED_ITEM('',(#1808),#22);
#22=MANIFOLD_SOLID_BREP('Body1',#565);
#23=CONICAL_SURFACE('',#605,1.55,0.785398163397451);
#24=FACE_BOUND('',#84,.T.);
#25=FACE_BOUND('',#85,.T.);
#26=FACE_BOUND('',#86,.T.);
#27=FACE_BOUND('',#87,.T.);
#28=FACE_BOUND('',#88,.T.);
#29=FACE_BOUND('',#98,.T.);
#30=FACE_BOUND('',#99,.T.);
#31=FACE_BOUND('',#100,.T.);
#32=FACE_BOUND('',#101,.T.);
#33=FACE_BOUND('',#102,.T.);
#34=PLANE('',#594);
#35=PLANE('',#619);
#36=PLANE('',#623);
#37=PLANE('',#624);
#38=PLANE('',#625);
#39=PLANE('',#627);
#40=PLANE('',#629);
#41=B_SPLINE_SURFACE_WITH_KNOTS('',3,3,((#1054,#1055,#1056,#1057,#1058,
#1059,#1060,#1061,#1062,#1063,#1064,#1065,#1066,#1067,#1068,#1069,#1070,
#1071,#1072,#1073,#1074,#1075,#1076,#1077,#1078,#1079,#1080,#1081,#1082,
#1083,#1084),(#1085,#1086,#1087,#1088,#1089,#1090,#1091,#1092,#1093,#1094,
#1095,#1096,#1097,#1098,#1099,#1100,#1101,#1102,#1103,#1104,#1105,#1106,
#1107,#1108,#1109,#1110,#1111,#1112,#1113,#1114,#1115),(#1116,#1117,#1118,
#1119,#1120,#1121,#1122,#1123,#1124,#1125,#1126,#1127,#1128,#1129,#1130,
#1131,#1132,#1133,#1134,#1135,#1136,#1137,#1138,#1139,#1140,#1141,#1142,
#1143,#1144,#1145,#1146),(#1147,#1148,#1149,#1150,#1151,#1152,#1153,#1154,
#1155,#1156,#1157,#1158,#1159,#1160,#1161,#1162,#1163,#1164,#1165,#1166,
#1167,#1168,#1169,#1170,#1171,#1172,#1173,#1174,#1175,#1176,#1177)),
 .UNSPECIFIED.,.F.,.F.,.F.,(4,4),(4,1,1,1,1,1,1,1,1,1,1,1,1,1,1,1,1,1,1,
1,1,1,1,1,1,1,1,1,4),(0.,0.0321584099938622),(11.8553612635794,12.8251224678821,
13.7948836721847,14.7646448764874,15.7344060807901,16.7041672850928,17.6739284893955,
18.6436896936982,19.6134508980009,20.5832121023036,21.5529733066063,22.5227345109089,
23.4924957152116,24.4622569195143,25.432018123817,26.4017793281197,27.3715405324224,
28.3413017367251,29.3110629410278,30.2808241453304,31.2505853496331,32.2203465539358,
33.1901077582385,34.1598689625412,35.1296301668439,36.0993913711466,37.0691525754493,
38.038913779752,39.0086749840546),.UNSPECIFIED.);
#42=B_SPLINE_SURFACE_WITH_KNOTS('',3,3,((#1364,#1365,#1366,#1367,#1368,
#1369,#1370,#1371,#1372,#1373,#1374,#1375,#1376,#1377,#1378,#1379,#1380,
#1381,#1382,#1383,#1384,#1385,#1386,#1387,#1388,#1389,#1390,#1391,#1392,
#1393,#1394),(#1395,#1396,#1397,#1398,#1399,#1400,#1401,#1402,#1403,#1404,
#1405,#1406,#1407,#1408,#1409,#1410,#1411,#1412,#1413,#1414,#1415,#1416,
#1417,#1418,#1419,#1420,#1421,#1422,#1423,#1424,#1425),(#1426,#1427,#1428,
#1429,#1430,#1431,#1432,#1433,#1434,#1435,#1436,#1437,#1438,#1439,#1440,
#1441,#1442,#1443,#1444,#1445,#1446,#1447,#1448,#1449,#1450,#1451,#1452,
#1453,#1454,#1455,#1456),(#1457,#1458,#1459,#1460,#1461,#1462,#1463,#1464,
#1465,#1466,#1467,#1468,#1469,#1470,#1471,#1472,#1473,#1474,#1475,#1476,
#1477,#1478,#1479,#1480,#1481,#1482,#1483,#1484,#1485,#1486,#1487)),
 .UNSPECIFIED.,.F.,.F.,.F.,(4,4),(4,1,1,1,1,1,1,1,1,1,1,1,1,1,1,1,1,1,1,
1,1,1,1,1,1,1,1,1,4),(0.,0.0321584099938622),(14.3984001269719,15.3681613312746,
16.3379225355772,17.3076837398799,18.2774449441826,19.2472061484853,20.216967352788,
21.1867285570907,22.1564897613934,23.1262509656961,24.0960121699988,25.0657733743014,
26.0355345786041,27.0052957829068,27.9750569872095,28.9448181915122,29.9145793958149,
30.8843406001176,31.8541018044203,32.8238630087229,33.7936242130256,34.7633854173283,
35.733146621631,36.7029078259337,37.6726690302364,38.6424302345391,39.6121914388418,
40.5819526431444,41.5517138474471),.UNSPECIFIED.);
#43=FACE_OUTER_BOUND('',#72,.T.);
#44=FACE_OUTER_BOUND('',#73,.T.);
#45=FACE_OUTER_BOUND('',#74,.T.);
#46=FACE_OUTER_BOUND('',#75,.T.);
#47=FACE_OUTER_BOUND('',#76,.T.);
#48=FACE_OUTER_BOUND('',#77,.T.);
#49=FACE_OUTER_BOUND('',#78,.T.);
#50=FACE_OUTER_BOUND('',#79,.T.);
#51=FACE_OUTER_BOUND('',#80,.T.);
#52=FACE_OUTER_BOUND('',#81,.T.);
#53=FACE_OUTER_BOUND('',#82,.T.);
#54=FACE_OUTER_BOUND('',#83,.T.);
#55=FACE_OUTER_BOUND('',#89,.T.);
#56=FACE_OUTER_BOUND('',#90,.T.);
#57=FACE_OUTER_BOUND('',#91,.T.);
#58=FACE_OUTER_BOUND('',#92,.T.);
#59=FACE_OUTER_BOUND('',#93,.T.);
#60=FACE_OUTER_BOUND('',#94,.T.);
#61=FACE_OUTER_BOUND('',#95,.T.);
#62=FACE_OUTER_BOUND('',#96,.T.);
#63=FACE_OUTER_BOUND('',#97,.T.);
#64=FACE_OUTER_BOUND('',#103,.T.);
#65=FACE_OUTER_BOUND('',#104,.T.);
#66=FACE_OUTER_BOUND('',#105,.T.);
#67=FACE_OUTER_BOUND('',#106,.T.);
#68=FACE_OUTER_BOUND('',#107,.T.);
#69=FACE_OUTER_BOUND('',#108,.T.);
#70=FACE_OUTER_BOUND('',#109,.T.);
#71=FACE_OUTER_BOUND('',#110,.T.);
#72=EDGE_LOOP('',(#357,#358,#359,#360));
#73=EDGE_LOOP('',(#361,#362,#363,#364));
#74=EDGE_LOOP('',(#365,#366,#367,#368));
#75=EDGE_LOOP('',(#369,#370,#371,#372));
#76=EDGE_LOOP('',(#373,#374,#375,#376));
#77=EDGE_LOOP('',(#377,#378,#379,#380));
#78=EDGE_LOOP('',(#381,#382,#383,#384));
#79=EDGE_LOOP('',(#385,#386,#387,#388));
#80=EDGE_LOOP('',(#389,#390,#391,#392));
#81=EDGE_LOOP('',(#393,#394,#395,#396,#397,#398,#399,#400,#401,#402,#403,
#404));
#82=EDGE_LOOP('',(#405,#406,#407,#408,#409,#410,#411,#412,#413,#414,#415,
#416));
#83=EDGE_LOOP('',(#417,#418,#419,#420,#421,#422,#423,#424,#425,#426));
#84=EDGE_LOOP('',(#427));
#85=EDGE_LOOP('',(#428));
#86=EDGE_LOOP('',(#429,#430,#431,#432));
#87=EDGE_LOOP('',(#433));
#88=EDGE_LOOP('',(#434));
#89=EDGE_LOOP('',(#435,#436,#437,#438));
#90=EDGE_LOOP('',(#439,#440,#441,#442));
#91=EDGE_LOOP('',(#443,#444,#445,#446));
#92=EDGE_LOOP('',(#447,#448,#449,#450));
#93=EDGE_LOOP('',(#451,#452,#453,#454));
#94=EDGE_LOOP('',(#455,#456,#457,#458));
#95=EDGE_LOOP('',(#459,#460,#461,#462));
#96=EDGE_LOOP('',(#463,#464,#465,#466));
#97=EDGE_LOOP('',(#467,#468,#469,#470,#471,#472,#473,#474,#475,#476));
#98=EDGE_LOOP('',(#477,#478,#479,#480));
#99=EDGE_LOOP('',(#481));
#100=EDGE_LOOP('',(#482));
#101=EDGE_LOOP('',(#483));
#102=EDGE_LOOP('',(#484));
#103=EDGE_LOOP('',(#485,#486,#487,#488));
#104=EDGE_LOOP('',(#489,#490,#491,#492));
#105=EDGE_LOOP('',(#493,#494,#495,#496));
#106=EDGE_LOOP('',(#497,#498,#499,#500));
#107=EDGE_LOOP('',(#501,#502,#503,#504));
#108=EDGE_LOOP('',(#505,#506,#507,#508));
#109=EDGE_LOOP('',(#509,#510,#511,#512));
#110=EDGE_LOOP('',(#513,#514,#515,#516));
#111=CIRCLE('',#582,1.2645);
#112=CIRCLE('',#586,1.2645);
#113=CIRCLE('',#588,1.543);
#114=CIRCLE('',#592,1.543);
#115=CIRCLE('',#595,6.);
#116=CIRCLE('',#596,5.);
#117=CIRCLE('',#597,6.);
#118=CIRCLE('',#598,2.);
#119=CIRCLE('',#599,2.);
#120=CIRCLE('',#600,1.);
#121=CIRCLE('',#601,3.25000000000001);
#122=CIRCLE('',#602,3.);
#123=CIRCLE('',#603,3.5);
#124=CIRCLE('',#606,1.55);
#125=CIRCLE('',#608,1.55);
#126=CIRCLE('',#610,1.);
#127=CIRCLE('',#612,2.);
#128=CIRCLE('',#614,5.);
#129=CIRCLE('',#616,3.5);
#130=CIRCLE('',#618,3.);
#131=CIRCLE('',#620,6.);
#132=CIRCLE('',#621,6.);
#133=CIRCLE('',#622,2.);
#134=B_SPLINE_CURVE_WITH_KNOTS('',3,(#784,#785,#786,#787),.UNSPECIFIED.,
 .F.,.F.,(4,4),(26.4423043696954,27.1533137204753),.UNSPECIFIED.);
#135=B_SPLINE_CURVE_WITH_KNOTS('',3,(#790,#791,#792,#793,#794,#795,#796,
#797,#798,#799),.UNSPECIFIED.,.F.,.F.,(4,3,3,4),(-25.1327412287183,-24.2440301075672,
-23.2742689032645,-22.7021579259084),.UNSPECIFIED.);
#136=B_SPLINE_CURVE_WITH_KNOTS('',3,(#804,#805,#806,#807,#808,#809,#810,
#811,#812,#813,#814,#815,#816,#817,#818,#819,#820,#821,#822,#823,#824,#825,
#826,#827,#828),.UNSPECIFIED.,.F.,.F.,(4,3,3,3,3,3,3,3,4),(20.1591190625159,
20.3649852903565,21.3347464946591,22.3045076989618,23.2742689032645,24.2440301075672,
25.2137913118699,26.1835525161726,26.4423043696954),.UNSPECIFIED.);
#137=B_SPLINE_CURVE_WITH_KNOTS('',3,(#829,#830,#831,#832,#833,#834,#835,
#836,#837,#838,#839,#840,#841,#842,#843,#844,#845,#846,#847,#848,#849,#850,
#851,#852,#853),.UNSPECIFIED.,.F.,.F.,(4,3,3,3,3,3,3,3,4),(-22.7021579259084,
-22.3045076989618,-21.3347464946592,-20.3649852903565,-19.3952240860538,
-18.4254628817511,-17.4557016774484,-16.4859404731457,-16.4189726187288),
 .UNSPECIFIED.);
#138=B_SPLINE_CURVE_WITH_KNOTS('',3,(#858,#859,#860,#861,#862,#863,#864,
#865,#866,#867,#868,#869,#870,#871,#872,#873,#874,#875,#876,#877,#878,#879),
 .UNSPECIFIED.,.F.,.F.,(4,3,3,3,3,3,3,4),(13.8759337553363,14.5464180645403,
15.516179268843,16.4859404731457,17.4557016774484,18.4254628817511,19.3952240860538,
20.1591190625159),.UNSPECIFIED.);
#139=B_SPLINE_CURVE_WITH_KNOTS('',3,(#880,#881,#882,#883,#884,#885,#886,
#887,#888,#889,#890,#891,#892,#893,#894,#895,#896,#897,#898,#899,#900,#901),
 .UNSPECIFIED.,.F.,.F.,(4,3,3,3,3,3,3,4),(-16.4189726187288,-15.516179268843,
-14.5464180645403,-13.5766568602376,-12.6068956559349,-11.6371344516323,
-10.6673732473296,-10.1357873115492),.UNSPECIFIED.);
#140=B_SPLINE_CURVE_WITH_KNOTS('',3,(#907,#908,#909,#910,#911,#912,#913,
#914,#915,#916,#917,#918,#919),.UNSPECIFIED.,.F.,.F.,(4,3,3,3,4),(-3.85260200436961,
-2.90928361290806,-1.93952240860538,-0.969761204302689,0.),
 .UNSPECIFIED.);
#141=B_SPLINE_CURVE_WITH_KNOTS('',3,(#922,#923,#924,#925,#926,#927,#928,
#929,#930,#931,#932,#933,#934,#935,#936,#937,#938,#939,#940),
 .UNSPECIFIED.,.F.,.F.,(4,3,3,3,3,3,4),(2.02057249175692,2.90928361290806,
3.87904481721075,4.84880602151344,5.81856722581613,6.78832843011882,7.59274844815669),
 .UNSPECIFIED.);
#142=B_SPLINE_CURVE_WITH_KNOTS('',3,(#946,#947,#948,#949,#950,#951,#952,
#953),.UNSPECIFIED.,.F.,.F.,(4,1,1,1,1,4),(34.5575191894877,35.1296301668439,
36.0993913711466,37.0691525754493,38.038913779752,39.0086749840546),
 .UNSPECIFIED.);
#143=B_SPLINE_CURVE_WITH_KNOTS('',3,(#956,#957,#958,#959,#960,#961,#962,
#963,#964),.UNSPECIFIED.,.F.,.F.,(4,1,1,1,1,1,4),(34.5575191894877,34.7633854173283,
35.733146621631,36.7029078259337,37.6726690302364,38.6424302345391,39.5311413556902),
 .UNSPECIFIED.);
#144=B_SPLINE_CURVE_WITH_KNOTS('',3,(#969,#970,#971,#972,#973,#974,#975,
#976,#977,#978,#979),.UNSPECIFIED.,.F.,.F.,(4,1,1,1,1,1,1,1,4),(28.2743338823081,
28.3413017367251,29.3110629410278,30.2808241453304,31.2505853496331,32.2203465539358,
33.1901077582385,34.1598689625412,34.5575191894877),.UNSPECIFIED.);
#145=B_SPLINE_CURVE_WITH_KNOTS('',3,(#980,#981,#982,#983,#984,#985,#986,
#987,#988,#989),.UNSPECIFIED.,.F.,.F.,(4,1,1,1,1,1,1,4),(28.2743338823081,
28.9448181915122,29.9145793958149,30.8843406001176,31.8541018044203,32.8238630087229,
33.7936242130256,34.5575191894877),.UNSPECIFIED.);
#146=B_SPLINE_CURVE_WITH_KNOTS('',3,(#994,#995,#996,#997,#998,#999,#1000,
#1001,#1002,#1003),.UNSPECIFIED.,.F.,.F.,(4,1,1,1,1,1,1,4),(21.9911485751285,
22.5227345109089,23.4924957152116,24.4622569195143,25.432018123817,26.4017793281197,
27.3715405324224,28.2743338823081),.UNSPECIFIED.);
#147=B_SPLINE_CURVE_WITH_KNOTS('',3,(#1004,#1005,#1006,#1007,#1008,#1009,
#1010,#1011,#1012,#1013,#1014),.UNSPECIFIED.,.F.,.F.,(4,1,1,1,1,1,1,1,4),
(21.9911485751285,22.1564897613934,23.1262509656961,24.0960121699988,25.0657733743014,
26.0355345786041,27.0052957829068,27.9750569872095,28.2743338823081),
 .UNSPECIFIED.);
#148=B_SPLINE_CURVE_WITH_KNOTS('',3,(#1020,#1021,#1022,#1023,#1024),
 .UNSPECIFIED.,.F.,.F.,(4,1,4),(14.3984001269719,15.3681613312746,15.707963267949),
 .UNSPECIFIED.);
#149=B_SPLINE_CURVE_WITH_KNOTS('',3,(#1027,#1028,#1029,#1030,#1031),
 .UNSPECIFIED.,.F.,.F.,(4,1,4),(13.8759337553363,14.7646448764874,15.707963267949),
 .UNSPECIFIED.);
#150=B_SPLINE_CURVE_WITH_KNOTS('',3,(#1033,#1034,#1035,#1036,#1037,#1038,
#1039,#1040,#1041,#1042,#1043),.UNSPECIFIED.,.F.,.F.,(4,1,1,1,1,1,1,1,4),
(15.707963267949,15.7344060807901,16.7041672850928,17.6739284893955,18.6436896936982,
19.6134508980009,20.5832121023036,21.5529733066063,21.9911485751285),
 .UNSPECIFIED.);
#151=B_SPLINE_CURVE_WITH_KNOTS('',3,(#1044,#1045,#1046,#1047,#1048,#1049,
#1050,#1051,#1052,#1053),.UNSPECIFIED.,.F.,.F.,(4,1,1,1,1,1,1,4),(15.707963267949,
16.3379225355772,17.3076837398799,18.2774449441826,19.2472061484853,20.216967352788,
21.1867285570907,21.9911485751285),.UNSPECIFIED.);
#152=B_SPLINE_CURVE_WITH_KNOTS('',3,(#1178,#1179,#1180,#1181,#1182,#1183,
#1184,#1185,#1186,#1187,#1188,#1189,#1190,#1191,#1192,#1193,#1194,#1195,
#1196,#1197,#1198,#1199,#1200,#1201,#1202,#1203,#1204,#1205,#1206,#1207,
#1208,#1209,#1210,#1211,#1212,#1213,#1214,#1215,#1216,#1217,#1218,#1219,
#1220,#1221,#1222,#1223,#1224,#1225,#1226,#1227,#1228,#1229,#1230,#1231,
#1232,#1233,#1234,#1235,#1236,#1237,#1238,#1239,#1240,#1241,#1242,#1243,
#1244,#1245,#1246,#1247,#1248,#1249,#1250,#1251,#1252,#1253,#1254,#1255,
#1256),.UNSPECIFIED.,.F.,.F.,(4,3,3,3,3,3,3,3,3,3,3,3,3,3,3,3,3,3,3,3,3,
3,3,3,3,3,4),(0.,0.0180469476949793,0.0362796701139405,0.0497916590446772,
0.0564446090940008,0.0594982433683508,0.0772391467306089,0.0946641826139282,
0.107092032350405,0.11496516705099,0.118088330767463,0.134958894698985,
0.144375581559834,0.160821883027953,0.168624627097307,0.173118123531578,
0.189888592530895,0.20662281601473,0.217641480938946,0.223768895156705,
0.22717477400226,0.243236097874502,0.252060855255893,0.255937747252218,
0.271474344317562,0.27594599330478,0.286347380332257),.UNSPECIFIED.);
#153=B_SPLINE_CURVE_WITH_KNOTS('',3,(#1257,#1258,#1259,#1260,#1261,#1262,
#1263,#1264,#1265,#1266,#1267,#1268,#1269,#1270,#1271,#1272,#1273,#1274,
#1275,#1276,#1277,#1278,#1279,#1280,#1281,#1282,#1283,#1284,#1285,#1286,
#1287,#1288,#1289,#1290,#1291,#1292,#1293,#1294,#1295,#1296,#1297,#1298,
#1299,#1300,#1301,#1302,#1303,#1304,#1305,#1306,#1307,#1308,#1309,#1310,
#1311,#1312,#1313,#1314,#1315,#1316,#1317,#1318,#1319,#1320,#1321,#1322,
#1323,#1324,#1325,#1326,#1327,#1328,#1329,#1330,#1331,#1332,#1333,#1334,
#1335,#1336,#1337,#1338),.UNSPECIFIED.,.F.,.F.,(4,3,3,3,3,3,3,3,3,3,3,3,
3,3,3,3,3,3,3,3,3,3,3,3,3,3,3,4),(0.,0.0151476361230408,0.0309661046841967,
0.0433537884156664,0.0480317779400539,0.0521559120175895,0.0684602716716753,
0.0850626401656852,0.0963138737582525,0.10079694627561,0.104384424971797,
0.121455772786127,0.130067574535954,0.1466579567183,0.155834151851133,0.158543193895944,
0.175594696363235,0.193042486854932,0.204594820463848,0.210948234828387,
0.215062943924765,0.233049675466113,0.242953753588388,0.247558551437489,
0.251092010225247,0.269297053916044,0.272665987955213,0.285142803995147),
 .UNSPECIFIED.);
#154=B_SPLINE_CURVE_WITH_KNOTS('',3,(#1339,#1340,#1341,#1342,#1343,#1344,
#1345,#1346,#1347,#1348,#1349,#1350,#1351,#1352,#1353,#1354,#1355,#1356,
#1357,#1358,#1359,#1360,#1361,#1362,#1363),.UNSPECIFIED.,.F.,.F.,(4,3,3,
3,3,3,3,3,4),(-10.1357873115492,-9.69761204302688,-8.7278508387242,-7.75808963442151,
-6.78832843011882,-5.81856722581613,-4.84880602151344,-3.87904481721075,
-3.85260200436961),.UNSPECIFIED.);
#155=B_SPLINE_CURVE_WITH_KNOTS('',3,(#1488,#1489,#1490,#1491,#1492,#1493,
#1494,#1495,#1496,#1497,#1498,#1499,#1500,#1501,#1502,#1503,#1504,#1505,
#1506,#1507,#1508,#1509,#1510,#1511,#1512,#1513,#1514,#1515,#1516,#1517,
#1518,#1519,#1520,#1521,#1522,#1523,#1524,#1525,#1526,#1527,#1528,#1529,
#1530,#1531,#1532,#1533,#1534,#1535,#1536,#1537,#1538,#1539,#1540,#1541,
#1542,#1543,#1544,#1545,#1546,#1547,#1548,#1549,#1550,#1551,#1552,#1553,
#1554,#1555,#1556,#1557,#1558,#1559,#1560,#1561,#1562,#1563,#1564,#1565,
#1566,#1567,#1568,#1569),.UNSPECIFIED.,.F.,.F.,(4,3,3,3,3,3,3,3,3,3,3,3,
3,3,3,3,3,3,3,3,3,3,3,3,3,3,3,4),(0.,0.0151475672844324,0.0309659877590074,
0.043353686106126,0.0480315556480781,0.0521559312817707,0.0684602453199651,
0.0850626185661479,0.0963138575586,0.100796913181019,0.104384414632599,
0.121455769227931,0.130067574535957,0.146657995785447,0.155834237420901,
0.158543321290172,0.175594867265155,0.193042677535603,0.204594923012871,
0.210948214917679,0.215062945867043,0.23304967934135,0.242953756494818,
0.247558608146111,0.251092070836485,0.269297113323076,0.27266598795522,
0.285142803995154),.UNSPECIFIED.);
#156=B_SPLINE_CURVE_WITH_KNOTS('',3,(#1570,#1571,#1572,#1573,#1574,#1575,
#1576,#1577,#1578,#1579,#1580,#1581,#1582,#1583,#1584,#1585,#1586,#1587,
#1588,#1589,#1590,#1591,#1592,#1593,#1594),.UNSPECIFIED.,.F.,.F.,(4,3,3,
3,3,3,3,3,4),(7.59274844815669,7.7580896344215,8.72785083872419,9.69761204302688,
10.6673732473296,11.6371344516323,12.6068956559349,13.5766568602376,13.8759337553363),
 .UNSPECIFIED.);
#157=B_SPLINE_CURVE_WITH_KNOTS('',3,(#1595,#1596,#1597,#1598,#1599,#1600,
#1601,#1602,#1603,#1604,#1605,#1606,#1607,#1608,#1609,#1610,#1611,#1612,
#1613,#1614,#1615,#1616,#1617,#1618,#1619,#1620,#1621,#1622,#1623,#1624,
#1625,#1626,#1627,#1628,#1629,#1630,#1631,#1632,#1633,#1634,#1635,#1636,
#1637,#1638,#1639,#1640,#1641,#1642,#1643,#1644,#1645,#1646,#1647,#1648,
#1649,#1650,#1651,#1652,#1653,#1654,#1655,#1656,#1657,#1658,#1659,#1660,
#1661,#1662,#1663,#1664,#1665,#1666,#1667,#1668,#1669,#1670,#1671,#1672,
#1673),.UNSPECIFIED.,.F.,.F.,(4,3,3,3,3,3,3,3,3,3,3,3,3,3,3,3,3,3,3,3,3,
3,3,3,3,3,4),(0.,0.0180469476949788,0.0362796673832674,0.0497916566553377,
0.0564446020167644,0.0594982336998028,0.0772391361260963,0.0946641929678937,
0.107092040115878,0.114965164364601,0.11808832739446,0.134958911162552,
0.14437558155983,0.160821883027947,0.168624635070138,0.173118123001509,
0.189888590956836,0.206622819156362,0.217641488125624,0.223768929252165,
0.227174788801293,0.243236134358346,0.252060905685889,0.255937788357495,
0.271474416952124,0.275945993304768,0.286347380332247),.UNSPECIFIED.);
#158=LINE('',#782,#191);
#159=LINE('',#803,#192);
#160=LINE('',#857,#193);
#161=LINE('',#905,#194);
#162=LINE('',#944,#195);
#163=LINE('',#968,#196);
#164=LINE('',#993,#197);
#165=LINE('',#1018,#198);
#166=LINE('',#1677,#199);
#167=LINE('',#1681,#200);
#168=LINE('',#1685,#201);
#169=LINE('',#1689,#202);
#170=LINE('',#1693,#203);
#171=LINE('',#1707,#204);
#172=LINE('',#1711,#205);
#173=LINE('',#1715,#206);
#174=LINE('',#1718,#207);
#175=LINE('',#1721,#208);
#176=LINE('',#1726,#209);
#177=LINE('',#1727,#210);
#178=LINE('',#1731,#211);
#179=LINE('',#1735,#212);
#180=LINE('',#1738,#213);
#181=LINE('',#1740,#214);
#182=LINE('',#1743,#215);
#183=LINE('',#1745,#216);
#184=LINE('',#1749,#217);
#185=LINE('',#1752,#218);
#186=LINE('',#1754,#219);
#187=LINE('',#1755,#220);
#188=LINE('',#1757,#221);
#189=LINE('',#1760,#222);
#190=LINE('',#1763,#223);
#191=VECTOR('',#641,1.6);
#192=VECTOR('',#646,1.6);
#193=VECTOR('',#649,1.6);
#194=VECTOR('',#652,1.6);
#195=VECTOR('',#657,1.543);
#196=VECTOR('',#662,1.543);
#197=VECTOR('',#665,1.543);
#198=VECTOR('',#668,1.543);
#199=VECTOR('',#675,1000.);
#200=VECTOR('',#678,1000.);
#201=VECTOR('',#681,1000.);
#202=VECTOR('',#684,1000.);
#203=VECTOR('',#687,1000.);
#204=VECTOR('',#704,1.55);
#205=VECTOR('',#709,1.55);
#206=VECTOR('',#714,1.);
#207=VECTOR('',#717,1000.);
#208=VECTOR('',#720,1000.);
#209=VECTOR('',#725,1000.);
#210=VECTOR('',#726,1000.);
#211=VECTOR('',#731,3.5);
#212=VECTOR('',#736,3.);
#213=VECTOR('',#739,1000.);
#214=VECTOR('',#740,1000.);
#215=VECTOR('',#743,1000.);
#216=VECTOR('',#744,1000.);
#217=VECTOR('',#747,1000.);
#218=VECTOR('',#752,1000.);
#219=VECTOR('',#755,1000.);
#220=VECTOR('',#756,1000.);
#221=VECTOR('',#759,1000.);
#222=VECTOR('',#764,1000.);
#223=VECTOR('',#769,1000.);
#224=VERTEX_POINT('',#780);
#225=VERTEX_POINT('',#781);
#226=VERTEX_POINT('',#783);
#227=VERTEX_POINT('',#788);
#228=VERTEX_POINT('',#801);
#229=VERTEX_POINT('',#802);
#230=VERTEX_POINT('',#855);
#231=VERTEX_POINT('',#856);
#232=VERTEX_POINT('',#903);
#233=VERTEX_POINT('',#904);
#234=VERTEX_POINT('',#906);
#235=VERTEX_POINT('',#920);
#236=VERTEX_POINT('',#942);
#237=VERTEX_POINT('',#943);
#238=VERTEX_POINT('',#945);
#239=VERTEX_POINT('',#954);
#240=VERTEX_POINT('',#966);
#241=VERTEX_POINT('',#967);
#242=VERTEX_POINT('',#991);
#243=VERTEX_POINT('',#992);
#244=VERTEX_POINT('',#1016);
#245=VERTEX_POINT('',#1017);
#246=VERTEX_POINT('',#1019);
#247=VERTEX_POINT('',#1025);
#248=VERTEX_POINT('',#1675);
#249=VERTEX_POINT('',#1676);
#250=VERTEX_POINT('',#1678);
#251=VERTEX_POINT('',#1680);
#252=VERTEX_POINT('',#1682);
#253=VERTEX_POINT('',#1684);
#254=VERTEX_POINT('',#1686);
#255=VERTEX_POINT('',#1688);
#256=VERTEX_POINT('',#1690);
#257=VERTEX_POINT('',#1692);
#258=VERTEX_POINT('',#1695);
#259=VERTEX_POINT('',#1697);
#260=VERTEX_POINT('',#1699);
#261=VERTEX_POINT('',#1701);
#262=VERTEX_POINT('',#1705);
#263=VERTEX_POINT('',#1709);
#264=VERTEX_POINT('',#1713);
#265=VERTEX_POINT('',#1717);
#266=VERTEX_POINT('',#1719);
#267=VERTEX_POINT('',#1723);
#268=VERTEX_POINT('',#1724);
#269=VERTEX_POINT('',#1729);
#270=VERTEX_POINT('',#1733);
#271=VERTEX_POINT('',#1737);
#272=VERTEX_POINT('',#1739);
#273=VERTEX_POINT('',#1741);
#274=VERTEX_POINT('',#1744);
#275=VERTEX_POINT('',#1746);
#276=VERTEX_POINT('',#1748);
#277=EDGE_CURVE('',#224,#225,#158,.T.);
#278=EDGE_CURVE('',#225,#226,#134,.T.);
#279=EDGE_CURVE('',#227,#226,#111,.T.);
#280=EDGE_CURVE('',#227,#224,#135,.T.);
#281=EDGE_CURVE('',#228,#229,#159,.T.);
#282=EDGE_CURVE('',#229,#225,#136,.T.);
#283=EDGE_CURVE('',#224,#228,#137,.T.);
#284=EDGE_CURVE('',#230,#231,#160,.T.);
#285=EDGE_CURVE('',#231,#229,#138,.T.);
#286=EDGE_CURVE('',#228,#230,#139,.T.);
#287=EDGE_CURVE('',#232,#233,#161,.T.);
#288=EDGE_CURVE('',#232,#234,#140,.T.);
#289=EDGE_CURVE('',#234,#235,#112,.T.);
#290=EDGE_CURVE('',#235,#233,#141,.T.);
#291=EDGE_CURVE('',#236,#237,#162,.T.);
#292=EDGE_CURVE('',#237,#238,#142,.T.);
#293=EDGE_CURVE('',#239,#238,#113,.T.);
#294=EDGE_CURVE('',#236,#239,#143,.T.);
#295=EDGE_CURVE('',#240,#241,#163,.T.);
#296=EDGE_CURVE('',#241,#237,#144,.T.);
#297=EDGE_CURVE('',#240,#236,#145,.T.);
#298=EDGE_CURVE('',#242,#243,#164,.T.);
#299=EDGE_CURVE('',#243,#241,#146,.T.);
#300=EDGE_CURVE('',#242,#240,#147,.T.);
#301=EDGE_CURVE('',#244,#245,#165,.T.);
#302=EDGE_CURVE('',#246,#244,#148,.T.);
#303=EDGE_CURVE('',#247,#246,#114,.T.);
#304=EDGE_CURVE('',#247,#245,#149,.T.);
#305=EDGE_CURVE('',#245,#243,#150,.T.);
#306=EDGE_CURVE('',#244,#242,#151,.T.);
#307=EDGE_CURVE('',#238,#227,#152,.T.);
#308=EDGE_CURVE('',#234,#247,#153,.T.);
#309=EDGE_CURVE('',#230,#232,#154,.T.);
#310=EDGE_CURVE('',#226,#239,#155,.T.);
#311=EDGE_CURVE('',#233,#231,#156,.T.);
#312=EDGE_CURVE('',#246,#235,#157,.T.);
#313=EDGE_CURVE('',#248,#249,#166,.T.);
#314=EDGE_CURVE('',#250,#248,#115,.T.);
#315=EDGE_CURVE('',#251,#250,#167,.T.);
#316=EDGE_CURVE('',#252,#251,#116,.T.);
#317=EDGE_CURVE('',#253,#252,#168,.T.);
#318=EDGE_CURVE('',#254,#253,#117,.T.);
#319=EDGE_CURVE('',#255,#254,#169,.T.);
#320=EDGE_CURVE('',#256,#255,#118,.T.);
#321=EDGE_CURVE('',#256,#257,#170,.T.);
#322=EDGE_CURVE('',#249,#257,#119,.T.);
#323=EDGE_CURVE('',#258,#258,#120,.T.);
#324=EDGE_CURVE('',#259,#259,#121,.T.);
#325=EDGE_CURVE('',#260,#260,#122,.T.);
#326=EDGE_CURVE('',#261,#261,#123,.T.);
#327=EDGE_CURVE('',#262,#262,#124,.T.);
#328=EDGE_CURVE('',#262,#259,#171,.T.);
#329=EDGE_CURVE('',#263,#263,#125,.T.);
#330=EDGE_CURVE('',#263,#262,#172,.T.);
#331=EDGE_CURVE('',#264,#264,#126,.T.);
#332=EDGE_CURVE('',#264,#258,#173,.T.);
#333=EDGE_CURVE('',#255,#265,#174,.T.);
#334=EDGE_CURVE('',#265,#266,#127,.T.);
#335=EDGE_CURVE('',#266,#256,#175,.T.);
#336=EDGE_CURVE('',#267,#268,#128,.T.);
#337=EDGE_CURVE('',#267,#252,#176,.T.);
#338=EDGE_CURVE('',#268,#251,#177,.T.);
#339=EDGE_CURVE('',#269,#269,#129,.T.);
#340=EDGE_CURVE('',#269,#261,#178,.T.);
#341=EDGE_CURVE('',#270,#270,#130,.T.);
#342=EDGE_CURVE('',#270,#260,#179,.T.);
#343=EDGE_CURVE('',#266,#271,#180,.T.);
#344=EDGE_CURVE('',#265,#272,#181,.T.);
#345=EDGE_CURVE('',#272,#273,#131,.T.);
#346=EDGE_CURVE('',#273,#267,#182,.T.);
#347=EDGE_CURVE('',#268,#274,#183,.T.);
#348=EDGE_CURVE('',#274,#275,#132,.T.);
#349=EDGE_CURVE('',#275,#276,#184,.T.);
#350=EDGE_CURVE('',#271,#276,#133,.T.);
#351=EDGE_CURVE('',#273,#253,#185,.T.);
#352=EDGE_CURVE('',#275,#248,#186,.T.);
#353=EDGE_CURVE('',#276,#249,#187,.T.);
#354=EDGE_CURVE('',#274,#250,#188,.T.);
#355=EDGE_CURVE('',#272,#254,#189,.T.);
#356=EDGE_CURVE('',#257,#271,#190,.T.);
#357=ORIENTED_EDGE('',*,*,#277,.T.);
#358=ORIENTED_EDGE('',*,*,#278,.T.);
#359=ORIENTED_EDGE('',*,*,#279,.F.);
#360=ORIENTED_EDGE('',*,*,#280,.T.);
#361=ORIENTED_EDGE('',*,*,#281,.T.);
#362=ORIENTED_EDGE('',*,*,#282,.T.);
#363=ORIENTED_EDGE('',*,*,#277,.F.);
#364=ORIENTED_EDGE('',*,*,#283,.T.);
#365=ORIENTED_EDGE('',*,*,#284,.T.);
#366=ORIENTED_EDGE('',*,*,#285,.T.);
#367=ORIENTED_EDGE('',*,*,#281,.F.);
#368=ORIENTED_EDGE('',*,*,#286,.T.);
#369=ORIENTED_EDGE('',*,*,#287,.F.);
#370=ORIENTED_EDGE('',*,*,#288,.T.);
#371=ORIENTED_EDGE('',*,*,#289,.T.);
#372=ORIENTED_EDGE('',*,*,#290,.T.);
#373=ORIENTED_EDGE('',*,*,#291,.T.);
#374=ORIENTED_EDGE('',*,*,#292,.T.);
#375=ORIENTED_EDGE('',*,*,#293,.F.);
#376=ORIENTED_EDGE('',*,*,#294,.F.);
#377=ORIENTED_EDGE('',*,*,#295,.T.);
#378=ORIENTED_EDGE('',*,*,#296,.T.);
#379=ORIENTED_EDGE('',*,*,#291,.F.);
#380=ORIENTED_EDGE('',*,*,#297,.F.);
#381=ORIENTED_EDGE('',*,*,#298,.T.);
#382=ORIENTED_EDGE('',*,*,#299,.T.);
#383=ORIENTED_EDGE('',*,*,#295,.F.);
#384=ORIENTED_EDGE('',*,*,#300,.F.);
#385=ORIENTED_EDGE('',*,*,#301,.F.);
#386=ORIENTED_EDGE('',*,*,#302,.F.);
#387=ORIENTED_EDGE('',*,*,#303,.F.);
#388=ORIENTED_EDGE('',*,*,#304,.T.);
#389=ORIENTED_EDGE('',*,*,#301,.T.);
#390=ORIENTED_EDGE('',*,*,#305,.T.);
#391=ORIENTED_EDGE('',*,*,#298,.F.);
#392=ORIENTED_EDGE('',*,*,#306,.F.);
#393=ORIENTED_EDGE('',*,*,#307,.F.);
#394=ORIENTED_EDGE('',*,*,#292,.F.);
#395=ORIENTED_EDGE('',*,*,#296,.F.);
#396=ORIENTED_EDGE('',*,*,#299,.F.);
#397=ORIENTED_EDGE('',*,*,#305,.F.);
#398=ORIENTED_EDGE('',*,*,#304,.F.);
#399=ORIENTED_EDGE('',*,*,#308,.F.);
#400=ORIENTED_EDGE('',*,*,#288,.F.);
#401=ORIENTED_EDGE('',*,*,#309,.F.);
#402=ORIENTED_EDGE('',*,*,#286,.F.);
#403=ORIENTED_EDGE('',*,*,#283,.F.);
#404=ORIENTED_EDGE('',*,*,#280,.F.);
#405=ORIENTED_EDGE('',*,*,#310,.F.);
#406=ORIENTED_EDGE('',*,*,#278,.F.);
#407=ORIENTED_EDGE('',*,*,#282,.F.);
#408=ORIENTED_EDGE('',*,*,#285,.F.);
#409=ORIENTED_EDGE('',*,*,#311,.F.);
#410=ORIENTED_EDGE('',*,*,#290,.F.);
#411=ORIENTED_EDGE('',*,*,#312,.F.);
#412=ORIENTED_EDGE('',*,*,#302,.T.);
#413=ORIENTED_EDGE('',*,*,#306,.T.);
#414=ORIENTED_EDGE('',*,*,#300,.T.);
#415=ORIENTED_EDGE('',*,*,#297,.T.);
#416=ORIENTED_EDGE('',*,*,#294,.T.);
#417=ORIENTED_EDGE('',*,*,#313,.F.);
#418=ORIENTED_EDGE('',*,*,#314,.F.);
#419=ORIENTED_EDGE('',*,*,#315,.F.);
#420=ORIENTED_EDGE('',*,*,#316,.F.);
#421=ORIENTED_EDGE('',*,*,#317,.F.);
#422=ORIENTED_EDGE('',*,*,#318,.F.);
#423=ORIENTED_EDGE('',*,*,#319,.F.);
#424=ORIENTED_EDGE('',*,*,#320,.F.);
#425=ORIENTED_EDGE('',*,*,#321,.T.);
#426=ORIENTED_EDGE('',*,*,#322,.F.);
#427=ORIENTED_EDGE('',*,*,#323,.T.);
#428=ORIENTED_EDGE('',*,*,#324,.F.);
#429=ORIENTED_EDGE('',*,*,#310,.T.);
#430=ORIENTED_EDGE('',*,*,#293,.T.);
#431=ORIENTED_EDGE('',*,*,#307,.T.);
#432=ORIENTED_EDGE('',*,*,#279,.T.);
#433=ORIENTED_EDGE('',*,*,#325,.T.);
#434=ORIENTED_EDGE('',*,*,#326,.T.);
#435=ORIENTED_EDGE('',*,*,#287,.T.);
#436=ORIENTED_EDGE('',*,*,#311,.T.);
#437=ORIENTED_EDGE('',*,*,#284,.F.);
#438=ORIENTED_EDGE('',*,*,#309,.T.);
#439=ORIENTED_EDGE('',*,*,#327,.T.);
#440=ORIENTED_EDGE('',*,*,#328,.T.);
#441=ORIENTED_EDGE('',*,*,#324,.T.);
#442=ORIENTED_EDGE('',*,*,#328,.F.);
#443=ORIENTED_EDGE('',*,*,#329,.T.);
#444=ORIENTED_EDGE('',*,*,#330,.T.);
#445=ORIENTED_EDGE('',*,*,#327,.F.);
#446=ORIENTED_EDGE('',*,*,#330,.F.);
#447=ORIENTED_EDGE('',*,*,#331,.T.);
#448=ORIENTED_EDGE('',*,*,#332,.T.);
#449=ORIENTED_EDGE('',*,*,#323,.F.);
#450=ORIENTED_EDGE('',*,*,#332,.F.);
#451=ORIENTED_EDGE('',*,*,#320,.T.);
#452=ORIENTED_EDGE('',*,*,#333,.T.);
#453=ORIENTED_EDGE('',*,*,#334,.T.);
#454=ORIENTED_EDGE('',*,*,#335,.T.);
#455=ORIENTED_EDGE('',*,*,#336,.F.);
#456=ORIENTED_EDGE('',*,*,#337,.T.);
#457=ORIENTED_EDGE('',*,*,#316,.T.);
#458=ORIENTED_EDGE('',*,*,#338,.F.);
#459=ORIENTED_EDGE('',*,*,#339,.T.);
#460=ORIENTED_EDGE('',*,*,#340,.T.);
#461=ORIENTED_EDGE('',*,*,#326,.F.);
#462=ORIENTED_EDGE('',*,*,#340,.F.);
#463=ORIENTED_EDGE('',*,*,#341,.T.);
#464=ORIENTED_EDGE('',*,*,#342,.T.);
#465=ORIENTED_EDGE('',*,*,#325,.F.);
#466=ORIENTED_EDGE('',*,*,#342,.F.);
#467=ORIENTED_EDGE('',*,*,#343,.F.);
#468=ORIENTED_EDGE('',*,*,#334,.F.);
#469=ORIENTED_EDGE('',*,*,#344,.T.);
#470=ORIENTED_EDGE('',*,*,#345,.T.);
#471=ORIENTED_EDGE('',*,*,#346,.T.);
#472=ORIENTED_EDGE('',*,*,#336,.T.);
#473=ORIENTED_EDGE('',*,*,#347,.T.);
#474=ORIENTED_EDGE('',*,*,#348,.T.);
#475=ORIENTED_EDGE('',*,*,#349,.T.);
#476=ORIENTED_EDGE('',*,*,#350,.F.);
#477=ORIENTED_EDGE('',*,*,#312,.T.);
#478=ORIENTED_EDGE('',*,*,#289,.F.);
#479=ORIENTED_EDGE('',*,*,#308,.T.);
#480=ORIENTED_EDGE('',*,*,#303,.T.);
#481=ORIENTED_EDGE('',*,*,#329,.F.);
#482=ORIENTED_EDGE('',*,*,#331,.F.);
#483=ORIENTED_EDGE('',*,*,#339,.F.);
#484=ORIENTED_EDGE('',*,*,#341,.F.);
#485=ORIENTED_EDGE('',*,*,#351,.T.);
#486=ORIENTED_EDGE('',*,*,#317,.T.);
#487=ORIENTED_EDGE('',*,*,#337,.F.);
#488=ORIENTED_EDGE('',*,*,#346,.F.);
#489=ORIENTED_EDGE('',*,*,#349,.F.);
#490=ORIENTED_EDGE('',*,*,#352,.T.);
#491=ORIENTED_EDGE('',*,*,#313,.T.);
#492=ORIENTED_EDGE('',*,*,#353,.F.);
#493=ORIENTED_EDGE('',*,*,#347,.F.);
#494=ORIENTED_EDGE('',*,*,#338,.T.);
#495=ORIENTED_EDGE('',*,*,#315,.T.);
#496=ORIENTED_EDGE('',*,*,#354,.F.);
#497=ORIENTED_EDGE('',*,*,#348,.F.);
#498=ORIENTED_EDGE('',*,*,#354,.T.);
#499=ORIENTED_EDGE('',*,*,#314,.T.);
#500=ORIENTED_EDGE('',*,*,#352,.F.);
#501=ORIENTED_EDGE('',*,*,#319,.T.);
#502=ORIENTED_EDGE('',*,*,#355,.F.);
#503=ORIENTED_EDGE('',*,*,#344,.F.);
#504=ORIENTED_EDGE('',*,*,#333,.F.);
#505=ORIENTED_EDGE('',*,*,#345,.F.);
#506=ORIENTED_EDGE('',*,*,#355,.T.);
#507=ORIENTED_EDGE('',*,*,#318,.T.);
#508=ORIENTED_EDGE('',*,*,#351,.F.);
#509=ORIENTED_EDGE('',*,*,#321,.F.);
#510=ORIENTED_EDGE('',*,*,#335,.F.);
#511=ORIENTED_EDGE('',*,*,#343,.T.);
#512=ORIENTED_EDGE('',*,*,#356,.F.);
#513=ORIENTED_EDGE('',*,*,#350,.T.);
#514=ORIENTED_EDGE('',*,*,#353,.T.);
#515=ORIENTED_EDGE('',*,*,#322,.T.);
#516=ORIENTED_EDGE('',*,*,#356,.T.);
#517=CYLINDRICAL_SURFACE('',#581,1.2645);
#518=CYLINDRICAL_SURFACE('',#583,1.2645);
#519=CYLINDRICAL_SURFACE('',#584,1.2645);
#520=CYLINDRICAL_SURFACE('',#585,1.2645);
#521=CYLINDRICAL_SURFACE('',#587,1.543);
#522=CYLINDRICAL_SURFACE('',#589,1.543);
#523=CYLINDRICAL_SURFACE('',#590,1.543);
#524=CYLINDRICAL_SURFACE('',#591,1.543);
#525=CYLINDRICAL_SURFACE('',#593,1.543);
#526=CYLINDRICAL_SURFACE('',#604,1.2645);
#527=CYLINDRICAL_SURFACE('',#607,1.55);
#528=CYLINDRICAL_SURFACE('',#609,1.);
#529=CYLINDRICAL_SURFACE('',#611,2.);
#530=CYLINDRICAL_SURFACE('',#613,5.);
#531=CYLINDRICAL_SURFACE('',#615,3.5);
#532=CYLINDRICAL_SURFACE('',#617,3.);
#533=CYLINDRICAL_SURFACE('',#626,6.);
#534=CYLINDRICAL_SURFACE('',#628,6.);
#535=CYLINDRICAL_SURFACE('',#630,2.);
#536=ADVANCED_FACE('',(#43),#517,.F.);
#537=ADVANCED_FACE('',(#44),#518,.F.);
#538=ADVANCED_FACE('',(#45),#519,.F.);
#539=ADVANCED_FACE('',(#46),#520,.F.);
#540=ADVANCED_FACE('',(#47),#521,.F.);
#541=ADVANCED_FACE('',(#48),#522,.F.);
#542=ADVANCED_FACE('',(#49),#523,.F.);
#543=ADVANCED_FACE('',(#50),#524,.F.);
#544=ADVANCED_FACE('',(#51),#525,.F.);
#545=ADVANCED_FACE('',(#52),#41,.F.);
#546=ADVANCED_FACE('',(#53),#42,.F.);
#547=ADVANCED_FACE('',(#54,#24,#25,#26,#27,#28),#34,.T.);
#548=ADVANCED_FACE('',(#55),#526,.F.);
#549=ADVANCED_FACE('',(#56),#23,.F.);
#550=ADVANCED_FACE('',(#57),#527,.F.);
#551=ADVANCED_FACE('',(#58),#528,.F.);
#552=ADVANCED_FACE('',(#59),#529,.T.);
#553=ADVANCED_FACE('',(#60),#530,.T.);
#554=ADVANCED_FACE('',(#61),#531,.F.);
#555=ADVANCED_FACE('',(#62),#532,.F.);
#556=ADVANCED_FACE('',(#63,#29,#30,#31,#32,#33),#35,.F.);
#557=ADVANCED_FACE('',(#64),#36,.F.);
#558=ADVANCED_FACE('',(#65),#37,.F.);
#559=ADVANCED_FACE('',(#66),#38,.T.);
#560=ADVANCED_FACE('',(#67),#533,.T.);
#561=ADVANCED_FACE('',(#68),#39,.T.);
#562=ADVANCED_FACE('',(#69),#534,.T.);
#563=ADVANCED_FACE('',(#70),#40,.F.);
#564=ADVANCED_FACE('',(#71),#535,.T.);
#565=CLOSED_SHELL('',(#536,#537,#538,#539,#540,#541,#542,#543,#544,#545,
#546,#547,#548,#549,#550,#551,#552,#553,#554,#555,#556,#557,#558,#559,#560,
#561,#562,#563,#564));
#566=DERIVED_UNIT_ELEMENT(#568,1.);
#567=DERIVED_UNIT_ELEMENT(#1776,-3.);
#568=(
MASS_UNIT()
NAMED_UNIT(*)
SI_UNIT(.KILO.,.GRAM.)
);
#569=DERIVED_UNIT((#566,#567));
#570=MEASURE_REPRESENTATION_ITEM('density measure',
POSITIVE_RATIO_MEASURE(7850.),#569);
#571=PROPERTY_DEFINITION_REPRESENTATION(#576,#573);
#572=PROPERTY_DEFINITION_REPRESENTATION(#577,#574);
#573=REPRESENTATION('material name',(#575),#1773);
#574=REPRESENTATION('density',(#570),#1773);
#575=DESCRIPTIVE_REPRESENTATION_ITEM('Steel','Steel');
#576=PROPERTY_DEFINITION('material property','material name',#1793);
#577=PROPERTY_DEFINITION('material property','density of part',#1793);
#578=AXIS2_PLACEMENT_3D('',#776,#633,#634);
#579=AXIS2_PLACEMENT_3D('',#777,#635,#636);
#580=AXIS2_PLACEMENT_3D('',#778,#637,#638);
#581=AXIS2_PLACEMENT_3D('',#779,#639,#640);
#582=AXIS2_PLACEMENT_3D('',#789,#642,#643);
#583=AXIS2_PLACEMENT_3D('',#800,#644,#645);
#584=AXIS2_PLACEMENT_3D('',#854,#647,#648);
#585=AXIS2_PLACEMENT_3D('',#902,#650,#651);
#586=AXIS2_PLACEMENT_3D('',#921,#653,#654);
#587=AXIS2_PLACEMENT_3D('',#941,#655,#656);
#588=AXIS2_PLACEMENT_3D('',#955,#658,#659);
#589=AXIS2_PLACEMENT_3D('',#965,#660,#661);
#590=AXIS2_PLACEMENT_3D('',#990,#663,#664);
#591=AXIS2_PLACEMENT_3D('',#1015,#666,#667);
#592=AXIS2_PLACEMENT_3D('',#1026,#669,#670);
#593=AXIS2_PLACEMENT_3D('',#1032,#671,#672);
#594=AXIS2_PLACEMENT_3D('',#1674,#673,#674);
#595=AXIS2_PLACEMENT_3D('',#1679,#676,#677);
#596=AXIS2_PLACEMENT_3D('',#1683,#679,#680);
#597=AXIS2_PLACEMENT_3D('',#1687,#682,#683);
#598=AXIS2_PLACEMENT_3D('',#1691,#685,#686);
#599=AXIS2_PLACEMENT_3D('',#1694,#688,#689);
#600=AXIS2_PLACEMENT_3D('',#1696,#690,#691);
#601=AXIS2_PLACEMENT_3D('',#1698,#692,#693);
#602=AXIS2_PLACEMENT_3D('',#1700,#694,#695);
#603=AXIS2_PLACEMENT_3D('',#1702,#696,#697);
#604=AXIS2_PLACEMENT_3D('',#1703,#698,#699);
#605=AXIS2_PLACEMENT_3D('',#1704,#700,#701);
#606=AXIS2_PLACEMENT_3D('',#1706,#702,#703);
#607=AXIS2_PLACEMENT_3D('',#1708,#705,#706);
#608=AXIS2_PLACEMENT_3D('',#1710,#707,#708);
#609=AXIS2_PLACEMENT_3D('',#1712,#710,#711);
#610=AXIS2_PLACEMENT_3D('',#1714,#712,#713);
#611=AXIS2_PLACEMENT_3D('',#1716,#715,#716);
#612=AXIS2_PLACEMENT_3D('',#1720,#718,#719);
#613=AXIS2_PLACEMENT_3D('',#1722,#721,#722);
#614=AXIS2_PLACEMENT_3D('',#1725,#723,#724);
#615=AXIS2_PLACEMENT_3D('',#1728,#727,#728);
#616=AXIS2_PLACEMENT_3D('',#1730,#729,#730);
#617=AXIS2_PLACEMENT_3D('',#1732,#732,#733);
#618=AXIS2_PLACEMENT_3D('',#1734,#734,#735);
#619=AXIS2_PLACEMENT_3D('',#1736,#737,#738);
#620=AXIS2_PLACEMENT_3D('',#1742,#741,#742);
#621=AXIS2_PLACEMENT_3D('',#1747,#745,#746);
#622=AXIS2_PLACEMENT_3D('',#1750,#748,#749);
#623=AXIS2_PLACEMENT_3D('',#1751,#750,#751);
#624=AXIS2_PLACEMENT_3D('',#1753,#753,#754);
#625=AXIS2_PLACEMENT_3D('',#1756,#757,#758);
#626=AXIS2_PLACEMENT_3D('',#1758,#760,#761);
#627=AXIS2_PLACEMENT_3D('',#1759,#762,#763);
#628=AXIS2_PLACEMENT_3D('',#1761,#765,#766);
#629=AXIS2_PLACEMENT_3D('',#1762,#767,#768);
#630=AXIS2_PLACEMENT_3D('',#1764,#770,#771);
#631=AXIS2_PLACEMENT_3D('',#1765,#772,#773);
#632=AXIS2_PLACEMENT_3D('',#1766,#774,#775);
#633=DIRECTION('axis',(0.,0.,1.));
#634=DIRECTION('refdir',(1.,0.,0.));
#635=DIRECTION('axis',(0.,0.,1.));
#636=DIRECTION('refdir',(1.,0.,0.));
#637=DIRECTION('axis',(0.,0.,1.));
#638=DIRECTION('refdir',(1.,0.,0.));
#639=DIRECTION('center_axis',(0.,-1.,0.));
#640=DIRECTION('ref_axis',(0.937339125746163,0.,-0.348418374006623));
#641=DIRECTION('',(0.,-1.,0.));
#642=DIRECTION('center_axis',(0.,1.,0.));
#643=DIRECTION('ref_axis',(0.,0.,1.));
#644=DIRECTION('center_axis',(0.,-1.,0.));
#645=DIRECTION('ref_axis',(0.,0.,1.));
#646=DIRECTION('',(0.,-1.,0.));
#647=DIRECTION('center_axis',(0.,-1.,0.));
#648=DIRECTION('ref_axis',(0.,0.,1.));
#649=DIRECTION('',(0.,-1.,0.));
#650=DIRECTION('center_axis',(0.,-1.,0.));
#651=DIRECTION('ref_axis',(-0.348226339858635,0.,0.93741048438166));
#652=DIRECTION('',(0.,-1.,0.));
#653=DIRECTION('center_axis',(0.,1.,0.));
#654=DIRECTION('ref_axis',(0.,0.,1.));
#655=DIRECTION('center_axis',(0.,-1.,0.));
#656=DIRECTION('ref_axis',(0.608994221703981,0.,0.793174657897718));
#657=DIRECTION('',(1.24616375918625E-30,-1.,1.22464679914735E-16));
#658=DIRECTION('center_axis',(0.,1.,0.));
#659=DIRECTION('ref_axis',(1.02981639921889E-14,0.,1.));
#660=DIRECTION('center_axis',(0.,-1.,0.));
#661=DIRECTION('ref_axis',(1.02981639921889E-14,0.,1.));
#662=DIRECTION('',(1.24616375918625E-30,-1.,1.22464679914735E-16));
#663=DIRECTION('center_axis',(0.,-1.,0.));
#664=DIRECTION('ref_axis',(1.02981639921889E-14,0.,1.));
#665=DIRECTION('',(1.24616375918625E-30,-1.,1.22464679914735E-16));
#666=DIRECTION('center_axis',(0.,-1.,0.));
#667=DIRECTION('ref_axis',(-0.793260830631014,0.,-0.608881970981728));
#668=DIRECTION('',(1.24616375918625E-30,-1.,1.22464679914735E-16));
#669=DIRECTION('center_axis',(0.,-1.,0.));
#670=DIRECTION('ref_axis',(1.02981639921889E-14,0.,1.));
#671=DIRECTION('center_axis',(0.,-1.,0.));
#672=DIRECTION('ref_axis',(1.02981639921889E-14,0.,1.));
#673=DIRECTION('center_axis',(0.,-1.,0.));
#674=DIRECTION('ref_axis',(0.,0.,1.));
#675=DIRECTION('',(-1.34922937020418E-16,0.,-1.));
#676=DIRECTION('center_axis',(0.,1.,0.));
#677=DIRECTION('ref_axis',(0.,0.,1.));
#678=DIRECTION('',(0.125931577018833,0.,-0.992038929634089));
#679=DIRECTION('center_axis',(0.,1.,0.));
#680=DIRECTION('ref_axis',(0.,0.,1.));
#681=DIRECTION('',(1.34922937020418E-16,0.,1.));
#682=DIRECTION('center_axis',(0.,1.,0.));
#683=DIRECTION('ref_axis',(0.,0.,1.));
#684=DIRECTION('',(-0.140927452233262,0.,0.990019925661621));
#685=DIRECTION('center_axis',(0.,1.,0.));
#686=DIRECTION('ref_axis',(0.,0.,1.));
#687=DIRECTION('',(0.998535237722216,0.,0.05410525877433));
#688=DIRECTION('center_axis',(0.,1.,0.));
#689=DIRECTION('ref_axis',(0.,0.,1.));
#690=DIRECTION('center_axis',(0.,1.,0.));
#691=DIRECTION('ref_axis',(0.,0.,1.));
#692=DIRECTION('center_axis',(0.,-1.,0.));
#693=DIRECTION('ref_axis',(0.,0.,1.));
#694=DIRECTION('center_axis',(0.,1.,0.));
#695=DIRECTION('ref_axis',(0.,0.,1.));
#696=DIRECTION('center_axis',(0.,1.,0.));
#697=DIRECTION('ref_axis',(0.,0.,1.));
#698=DIRECTION('center_axis',(0.,-1.,0.));
#699=DIRECTION('ref_axis',(0.,0.,1.));
#700=DIRECTION('center_axis',(0.,-1.,0.));
#701=DIRECTION('ref_axis',(0.,0.,1.));
#702=DIRECTION('center_axis',(0.,1.,0.));
#703=DIRECTION('ref_axis',(0.,0.,1.));
#704=DIRECTION('',(8.65956056235495E-17,-0.707106781186546,-0.707106781186549));
#705=DIRECTION('center_axis',(0.,-1.,0.));
#706=DIRECTION('ref_axis',(0.,0.,1.));
#707=DIRECTION('center_axis',(0.,1.,0.));
#708=DIRECTION('ref_axis',(0.,0.,1.));
#709=DIRECTION('',(0.,-1.,0.));
#710=DIRECTION('center_axis',(0.,-1.,0.));
#711=DIRECTION('ref_axis',(0.,0.,1.));
#712=DIRECTION('center_axis',(0.,1.,0.));
#713=DIRECTION('ref_axis',(0.,0.,1.));
#714=DIRECTION('',(0.,-1.,0.));
#715=DIRECTION('center_axis',(0.,1.,0.));
#716=DIRECTION('ref_axis',(0.,0.,-1.));
#717=DIRECTION('',(0.,1.,0.));
#718=DIRECTION('center_axis',(0.,-1.,0.));
#719=DIRECTION('ref_axis',(0.,0.,1.));
#720=DIRECTION('',(0.,-1.,0.));
#721=DIRECTION('center_axis',(0.,-1.,0.));
#722=DIRECTION('ref_axis',(0.,0.,1.));
#723=DIRECTION('center_axis',(0.,1.,0.));
#724=DIRECTION('ref_axis',(0.,0.,1.));
#725=DIRECTION('',(0.,-1.,0.));
#726=DIRECTION('',(0.,-1.,0.));
#727=DIRECTION('center_axis',(0.,-1.,0.));
#728=DIRECTION('ref_axis',(0.,0.,1.));
#729=DIRECTION('center_axis',(0.,1.,0.));
#730=DIRECTION('ref_axis',(0.,0.,1.));
#731=DIRECTION('',(0.,-1.,0.));
#732=DIRECTION('center_axis',(0.,-1.,0.));
#733=DIRECTION('ref_axis',(0.,0.,1.));
#734=DIRECTION('center_axis',(0.,1.,0.));
#735=DIRECTION('ref_axis',(0.,0.,1.));
#736=DIRECTION('',(0.,-1.,0.));
#737=DIRECTION('center_axis',(0.,-1.,0.));
#738=DIRECTION('ref_axis',(0.,0.,1.));
#739=DIRECTION('',(0.998535237722216,0.,0.05410525877433));
#740=DIRECTION('',(-0.140927452233262,0.,0.990019925661621));
#741=DIRECTION('center_axis',(0.,1.,0.));
#742=DIRECTION('ref_axis',(0.,0.,1.));
#743=DIRECTION('',(1.34922937020418E-16,0.,1.));
#744=DIRECTION('',(0.125931577018833,0.,-0.992038929634089));
#745=DIRECTION('center_axis',(0.,1.,0.));
#746=DIRECTION('ref_axis',(0.,0.,1.));
#747=DIRECTION('',(-1.34922937020418E-16,0.,-1.));
#748=DIRECTION('center_axis',(0.,-1.,0.));
#749=DIRECTION('ref_axis',(0.,0.,1.));
#750=DIRECTION('center_axis',(1.,0.,-1.34922937020418E-16));
#751=DIRECTION('ref_axis',(-1.34922937020418E-16,0.,-1.));
#752=DIRECTION('',(0.,-1.,0.));
#753=DIRECTION('center_axis',(-1.,0.,1.34922937020418E-16));
#754=DIRECTION('ref_axis',(1.34922937020418E-16,0.,1.));
#755=DIRECTION('',(0.,-1.,0.));
#756=DIRECTION('',(0.,-1.,0.));
#757=DIRECTION('center_axis',(0.992038929634089,0.,0.125931577018833));
#758=DIRECTION('ref_axis',(0.125931577018833,0.,-0.992038929634089));
#759=DIRECTION('',(0.,-1.,0.));
#760=DIRECTION('center_axis',(0.,-1.,0.));
#761=DIRECTION('ref_axis',(0.,0.,1.));
#762=DIRECTION('center_axis',(-0.990019925661621,0.,-0.140927452233262));
#763=DIRECTION('ref_axis',(-0.140927452233262,0.,0.990019925661621));
#764=DIRECTION('',(0.,-1.,0.));
#765=DIRECTION('center_axis',(0.,-1.,0.));
#766=DIRECTION('ref_axis',(0.,0.,1.));
#767=DIRECTION('center_axis',(-0.05410525877433,0.,0.998535237722216));
#768=DIRECTION('ref_axis',(0.998535237722216,0.,0.05410525877433));
#769=DIRECTION('',(0.,1.,0.));
#770=DIRECTION('center_axis',(0.,-1.,0.));
#771=DIRECTION('ref_axis',(0.,0.,1.));
#772=DIRECTION('',(0.,-4.07734576646953E-23,1.));
#773=DIRECTION('',(1.,9.30192210624662E-23,3.7927152719934E-45));
#774=DIRECTION('',(-0.064692197700656,-2.8426794056302E-17,0.997905265822693));
#775=DIRECTION('',(0.997905265822693,9.45757646951642E-18,0.064692197700656));
#776=CARTESIAN_POINT('',(0.,0.,0.));
#777=CARTESIAN_POINT('',(0.,0.,0.));
#778=CARTESIAN_POINT('',(0.,0.,0.));
#779=CARTESIAN_POINT('Origin',(0.499999999999999,0.5,-8.));
#780=CARTESIAN_POINT('',(0.499513434244479,-1.80658032638058,-9.26290104196278));
#781=CARTESIAN_POINT('',(0.498583160354457,-1.94341967361942,-9.26399439291037));
#782=CARTESIAN_POINT('',(0.499999999999999,0.5,-9.2645));
#783=CARTESIAN_POINT('',(1.32521129893649,-2.,-8.95811615272239));
#784=CARTESIAN_POINT('Ctrl Pts',(0.498583160354457,-1.94341967361942,-9.26399439291037));
#785=CARTESIAN_POINT('Ctrl Pts',(0.797636853944984,-1.96227978241295,-9.26144197353303));
#786=CARTESIAN_POINT('Ctrl Pts',(1.09813478436356,-1.98113989120647,-9.15369380269339));
#787=CARTESIAN_POINT('Ctrl Pts',(1.32521129893649,-2.,-8.95811615272239));
#788=CARTESIAN_POINT('',(1.32600306784648,-2.,-7.04025859382195));
#789=CARTESIAN_POINT('Origin',(0.499999999999999,-2.,-8.));
#790=CARTESIAN_POINT('Ctrl Pts',(1.32600306784648,-2.,-7.04025859382195));
#791=CARTESIAN_POINT('Ctrl Pts',(1.60764526444879,-1.97642620534801,-7.28538326996656));
#792=CARTESIAN_POINT('Ctrl Pts',(1.77658206144014,-1.95285241069602,-7.66371296973744));
#793=CARTESIAN_POINT('Ctrl Pts',(1.76570953614474,-1.92927861604403,-8.03668377831382));
#794=CARTESIAN_POINT('Ctrl Pts',(1.75384544108242,-1.90355490116344,-8.44366936889165));
#795=CARTESIAN_POINT('Ctrl Pts',(1.527879413959,-1.87783118628285,-8.8442740391487));
#796=CARTESIAN_POINT('Ctrl Pts',(1.18565313863583,-1.85210747140227,-9.0646511903487));
#797=CARTESIAN_POINT('Ctrl Pts',(0.983756622273462,-1.83693175639504,-9.19466277134472));
#798=CARTESIAN_POINT('Ctrl Pts',(0.741396722378272,-1.82175604138781,-9.26194770811198));
#799=CARTESIAN_POINT('Ctrl Pts',(0.499513434244479,-1.80658032638058,-9.26290104196278));
#800=CARTESIAN_POINT('Origin',(0.499999999999999,0.5,-8.));
#801=CARTESIAN_POINT('',(0.500445821416266,-1.30658032638058,-9.26610500080249));
#802=CARTESIAN_POINT('',(0.500990659080888,-1.44341967361942,-9.26473595086329));
#803=CARTESIAN_POINT('',(0.499999999999999,0.5,-9.2645));
#804=CARTESIAN_POINT('Ctrl Pts',(0.500990659080888,-1.44341967361942,-9.26473595086329));
#805=CARTESIAN_POINT('Ctrl Pts',(0.5876998500448,-1.4488804449155,-9.26546562112987));
#806=CARTESIAN_POINT('Ctrl Pts',(0.674271330205138,-1.45434121621159,-9.25726092801191));
#807=CARTESIAN_POINT('Ctrl Pts',(0.758866048511811,-1.45980198750767,-9.23959509411812));
#808=CARTESIAN_POINT('Ctrl Pts',(1.15736111379394,-1.48552570238826,-9.15637775181023));
#809=CARTESIAN_POINT('Ctrl Pts',(1.51199162184029,-1.51124941726885,-8.86321668243805));
#810=CARTESIAN_POINT('Ctrl Pts',(1.6687243759363,-1.53697313214943,-8.48749285135624));
#811=CARTESIAN_POINT('Ctrl Pts',(1.82545713003231,-1.56269684703002,-8.11176902027443));
#812=CARTESIAN_POINT('Ctrl Pts',(1.78429213017797,-1.58842056191061,-7.65348242748298));
#813=CARTESIAN_POINT('Ctrl Pts',(1.56300910206654,-1.6141442767912,-7.31175737900533));
#814=CARTESIAN_POINT('Ctrl Pts',(1.3417260739551,-1.63986799167178,-6.97003233052769));
#815=CARTESIAN_POINT('Ctrl Pts',(0.940325017586568,-1.66559170655237,-6.74486882636384));
#816=CARTESIAN_POINT('Ctrl Pts',(0.533422928120791,-1.69131542143296,-6.73410674944054));
#817=CARTESIAN_POINT('Ctrl Pts',(0.126520838655017,-1.71703913631354,-6.72334467251723));
#818=CARTESIAN_POINT('Ctrl Pts',(-0.285882283908,-1.74276285119413,-6.92698402283444));
#819=CARTESIAN_POINT('Ctrl Pts',(-0.524998962897694,-1.76848656607472,-7.2565312862402));
#820=CARTESIAN_POINT('Ctrl Pts',(-0.764115641887387,-1.79421028095531,-7.58607854964596));
#821=CARTESIAN_POINT('Ctrl Pts',(-0.829945877303756,-1.81993399583589,-8.04153372614026));
#822=CARTESIAN_POINT('Ctrl Pts',(-0.693081939518221,-1.84565771071648,-8.42502961470445));
#823=CARTESIAN_POINT('Ctrl Pts',(-0.556218001732686,-1.87138142559706,-8.80852550326863));
#824=CARTESIAN_POINT('Ctrl Pts',(-0.216659890745247,-1.89710514047765,-9.12006210390271));
#825=CARTESIAN_POINT('Ctrl Pts',(0.176268778244885,-1.92282885535824,-9.22414792485455));
#826=CARTESIAN_POINT('Ctrl Pts',(0.281110074176681,-1.9296924614453,-9.25192012173895));
#827=CARTESIAN_POINT('Ctrl Pts',(0.389750980532151,-1.93655606753236,-9.26492327414679));
#828=CARTESIAN_POINT('Ctrl Pts',(0.498583160354457,-1.94341967361942,-9.26399439291037));
#829=CARTESIAN_POINT('Ctrl Pts',(0.499513434244479,-1.80658032638058,-9.26290104196278));
#830=CARTESIAN_POINT('Ctrl Pts',(0.331390555593442,-1.79603232650723,-9.26356366414122));
#831=CARTESIAN_POINT('Ctrl Pts',(0.163497930666346,-1.78548432663387,-9.23218112960379));
#832=CARTESIAN_POINT('Ctrl Pts',(0.00958264547037844,-1.77493632676051,
-9.16754294292233));
#833=CARTESIAN_POINT('Ctrl Pts',(-0.365775048849024,-1.74921261187992,-9.00990791215299));
#834=CARTESIAN_POINT('Ctrl Pts',(-0.658003913964914,-1.72348889699933,-8.65448821847132));
#835=CARTESIAN_POINT('Ctrl Pts',(-0.740219783877603,-1.69776518211874,-8.25577276899075));
#836=CARTESIAN_POINT('Ctrl Pts',(-0.822435653790292,-1.67204146723816,-7.85705731951017));
#837=CARTESIAN_POINT('Ctrl Pts',(-0.694638528499781,-1.64631775235757,-7.4150461142307));
#838=CARTESIAN_POINT('Ctrl Pts',(-0.412310081609475,-1.62059403747698,-7.12176471950108));
#839=CARTESIAN_POINT('Ctrl Pts',(-0.129981634719172,-1.5948703225964,-6.82848332477147));
#840=CARTESIAN_POINT('Ctrl Pts',(0.306878133770924,-1.56914660771581,-6.68393174059171));
#841=CARTESIAN_POINT('Ctrl Pts',(0.708428046133778,-1.54342289283522,-6.75093355506576));
#842=CARTESIAN_POINT('Ctrl Pts',(1.10997795849663,-1.51769917795464,-6.81793536953982));
#843=CARTESIAN_POINT('Ctrl Pts',(1.47621801473225,-1.49197546307405,-7.09649058266768));
#844=CARTESIAN_POINT('Ctrl Pts',(1.64802805439353,-1.46625174819346,-7.465558014655));
#845=CARTESIAN_POINT('Ctrl Pts',(1.81983809405482,-1.44052803331288,-7.83462544664231));
#846=CARTESIAN_POINT('Ctrl Pts',(1.79721811714177,-1.41480431843229,-8.29420509748907));
#847=CARTESIAN_POINT('Ctrl Pts',(1.58999017853485,-1.3890806035517,-8.64461211023032));
#848=CARTESIAN_POINT('Ctrl Pts',(1.38276223992793,-1.36335688867111,-8.99501912297158));
#849=CARTESIAN_POINT('Ctrl Pts',(0.990926339627121,-1.33763317379053,-9.23625349760734));
#850=CARTESIAN_POINT('Ctrl Pts',(0.584739829556295,-1.31190945890994,-9.2634959293479));
#851=CARTESIAN_POINT('Ctrl Pts',(0.556690203574297,-1.31013308140015,-9.26537718340784));
#852=CARTESIAN_POINT('Ctrl Pts',(0.528572143342201,-1.30835670389037,-9.2662379666743));
#853=CARTESIAN_POINT('Ctrl Pts',(0.500445821416266,-1.30658032638058,-9.26610500080249));
#854=CARTESIAN_POINT('Origin',(0.499999999999999,0.5,-8.));
#855=CARTESIAN_POINT('',(0.499715255969672,-0.806580326380584,-9.26274676551722));
#856=CARTESIAN_POINT('',(0.499088287817014,-0.943419673619416,-9.26369755604375));
#857=CARTESIAN_POINT('',(0.499999999999999,0.5,-9.2645));
#858=CARTESIAN_POINT('Ctrl Pts',(0.499088287817014,-0.943419673619416,-9.26369755604375));
#859=CARTESIAN_POINT('Ctrl Pts',(0.782086536827266,-0.961204822298646,-9.26165574155043));
#860=CARTESIAN_POINT('Ctrl Pts',(1.06632357217003,-0.978989970977876,-9.16709169102843));
#861=CARTESIAN_POINT('Ctrl Pts',(1.28685668565665,-0.996775119657106,-8.99219938888542));
#862=CARTESIAN_POINT('Ctrl Pts',(1.60582680141862,-1.02249883453769,-8.7392422842653));
#863=CARTESIAN_POINT('Ctrl Pts',(1.79153116826822,-1.04822254941828,-8.31824207807182));
#864=CARTESIAN_POINT('Ctrl Pts',(1.76328150644603,-1.07394626429887,-7.91212478597322));
#865=CARTESIAN_POINT('Ctrl Pts',(1.73503184462384,-1.09966997917945,-7.50600749387463));
#866=CARTESIAN_POINT('Ctrl Pts',(1.49282815412986,-1.12539369406004,-7.11477311587091));
#867=CARTESIAN_POINT('Ctrl Pts',(1.14190683668099,-1.15111740894063,-6.90841434750044));
#868=CARTESIAN_POINT('Ctrl Pts',(0.790985519232111,-1.17684112382121,-6.70205557912996));
#869=CARTESIAN_POINT('Ctrl Pts',(0.331346574828341,-1.2025648387018,-6.68057242039274));
#870=CARTESIAN_POINT('Ctrl Pts',(-0.0372913951817324,-1.22828855358239,
-6.85329946156215));
#871=CARTESIAN_POINT('Ctrl Pts',(-0.405929365191805,-1.25401226846298,-7.02602650273157));
#872=CARTESIAN_POINT('Ctrl Pts',(-0.683566360808182,-1.27973598334356,-7.39296374380763));
#873=CARTESIAN_POINT('Ctrl Pts',(-0.749575676179965,-1.30545969822415,-7.79467547801724));
#874=CARTESIAN_POINT('Ctrl Pts',(-0.815584991551749,-1.33118341310474,-8.19638721222686));
#875=CARTESIAN_POINT('Ctrl Pts',(-0.669966626678939,-1.35690712798532,-8.63287343957004));
#876=CARTESIAN_POINT('Ctrl Pts',(-0.375977632983582,-1.38263084286591,-8.91447974561983));
#877=CARTESIAN_POINT('Ctrl Pts',(-0.144398235475603,-1.40289378645041,-9.13630512033789));
#878=CARTESIAN_POINT('Ctrl Pts',(0.179244270247698,-1.42315673003492,-9.26202840889799));
#879=CARTESIAN_POINT('Ctrl Pts',(0.500990659080888,-1.44341967361942,-9.26473595086329));
#880=CARTESIAN_POINT('Ctrl Pts',(0.500445821416266,-1.30658032638058,-9.26610500080249));
#881=CARTESIAN_POINT('Ctrl Pts',(0.12127499964566,-1.28263298900978,-9.26431248847138));
#882=CARTESIAN_POINT('Ctrl Pts',(-0.259397279577823,-1.25868565163898,-9.08191874848702));
#883=CARTESIAN_POINT('Ctrl Pts',(-0.494148316135253,-1.23473831426818,-8.7843918082711));
#884=CARTESIAN_POINT('Ctrl Pts',(-0.746312831915134,-1.20901459938759,-8.46479476660836));
#885=CARTESIAN_POINT('Ctrl Pts',(-0.830104743634047,-1.183290884507,-8.01235019443751));
#886=CARTESIAN_POINT('Ctrl Pts',(-0.709115431464077,-1.15756716962642,-7.62364628202359));
#887=CARTESIAN_POINT('Ctrl Pts',(-0.588126119294109,-1.13184345474583,-7.23494236960968));
#888=CARTESIAN_POINT('Ctrl Pts',(-0.262355583235262,-1.10611973986524,-6.9099791169527));
#889=CARTESIAN_POINT('Ctrl Pts',(0.126647559785127,-1.08039602498466,-6.78995448115507));
#890=CARTESIAN_POINT('Ctrl Pts',(0.515650702805518,-1.05467231010407,-6.66992984535744));
#891=CARTESIAN_POINT('Ctrl Pts',(0.967886452787452,-1.02894859522348,-6.75484382641915));
#892=CARTESIAN_POINT('Ctrl Pts',(1.2868564844115,-1.0032248803429,-7.00780086646944));
#893=CARTESIAN_POINT('Ctrl Pts',(1.60582651603555,-0.977501165462309,-7.26075790651972));
#894=CARTESIAN_POINT('Ctrl Pts',(1.79153082930172,-0.951777450581722,-7.68175800555857));
#895=CARTESIAN_POINT('Ctrl Pts',(1.76328117771237,-0.926053735701135,-8.08787519214781));
#896=CARTESIAN_POINT('Ctrl Pts',(1.73503152612303,-0.900330020820548,-8.49399237873704));
#897=CARTESIAN_POINT('Ctrl Pts',(1.49282790967817,-0.87460630593996,-8.88522665287667));
#898=CARTESIAN_POINT('Ctrl Pts',(1.14190667770666,-0.848882591059373,-9.09158536968372));
#899=CARTESIAN_POINT('Ctrl Pts',(0.949545103893327,-0.834781836166443,-9.20470331159932));
#900=CARTESIAN_POINT('Ctrl Pts',(0.724515926930564,-0.820681081273513,-9.26226961811791));
#901=CARTESIAN_POINT('Ctrl Pts',(0.499715255969672,-0.806580326380584,-9.26274676551722));
#902=CARTESIAN_POINT('Origin',(0.499999999999999,0.5,-8.));
#903=CARTESIAN_POINT('',(0.500128574700743,-0.306580326380584,-9.26629700180487));
#904=CARTESIAN_POINT('',(0.500900706533491,-0.443419673619417,-9.26519987751583));
#905=CARTESIAN_POINT('',(0.499999999999999,0.5,-9.2645));
#906=CARTESIAN_POINT('',(1.32521129893649,0.,-7.04188384727761));
#907=CARTESIAN_POINT('Ctrl Pts',(0.500128574700743,-0.306580326380584,-9.26629700180487));
#908=CARTESIAN_POINT('Ctrl Pts',(0.104159408760377,-0.281558028895484,-9.26545596142091));
#909=CARTESIAN_POINT('Ctrl Pts',(-0.292401436537833,-0.256535731410384,
-9.06402922716013));
#910=CARTESIAN_POINT('Ctrl Pts',(-0.52499822152852,-0.231513433925284,-8.74346820735152));
#911=CARTESIAN_POINT('Ctrl Pts',(-0.764115088507041,-0.205789719044697,
-8.41392131900935));
#912=CARTESIAN_POINT('Ctrl Pts',(-0.829946675321015,-0.18006600416411,-7.95846746050774));
#913=CARTESIAN_POINT('Ctrl Pts',(-0.693082330791131,-0.154342289283523,
-7.57497112098699));
#914=CARTESIAN_POINT('Ctrl Pts',(-0.556217986261247,-0.128618574402936,
-7.19147478146624));
#915=CARTESIAN_POINT('Ctrl Pts',(-0.216657710387502,-0.102894859522348,
-6.87993596092635));
#916=CARTESIAN_POINT('Ctrl Pts',(0.176270954734771,-0.0771711446417613,
-6.77585006879079));
#917=CARTESIAN_POINT('Ctrl Pts',(0.569199619857043,-0.0514474297611742,
-6.67176417665523));
#918=CARTESIAN_POINT('Ctrl Pts',(1.01549667422785,-0.0257237148805871,-6.775131212924));
#919=CARTESIAN_POINT('Ctrl Pts',(1.32521129893649,0.,-7.04188384727761));
#920=CARTESIAN_POINT('',(1.32600223113216,0.,-8.95974181993932));
#921=CARTESIAN_POINT('Origin',(0.499999999999999,0.,-8.));
#922=CARTESIAN_POINT('Ctrl Pts',(1.32600223113216,0.,-8.95974181993932));
#923=CARTESIAN_POINT('Ctrl Pts',(1.60764423687995,-0.0235737946519908,-8.71461720687578));
#924=CARTESIAN_POINT('Ctrl Pts',(1.77658262326448,-0.0471475893039817,-8.33628721650861));
#925=CARTESIAN_POINT('Ctrl Pts',(1.76571043396275,-0.0707213839559725,-7.96331622103946));
#926=CARTESIAN_POINT('Ctrl Pts',(1.75384670553658,-0.0964450988365595,-7.55633042652433));
#927=CARTESIAN_POINT('Ctrl Pts',(1.52787955260581,-0.122168813717146,-7.15572567581148));
#928=CARTESIAN_POINT('Ctrl Pts',(1.18565297124721,-0.147892528597733,-6.93534849976341));
#929=CARTESIAN_POINT('Ctrl Pts',(0.843426389888616,-0.17361624347832,-6.71497132371533));
#930=CARTESIAN_POINT('Ctrl Pts',(0.384940380102196,-0.199339958358908,-6.67482172233202));
#931=CARTESIAN_POINT('Ctrl Pts',(0.0095827201989286,-0.225063673239495,
-6.83245678962086));
#932=CARTESIAN_POINT('Ctrl Pts',(-0.365774939704338,-0.250787388120082,
-6.99009185690969));
#933=CARTESIAN_POINT('Ctrl Pts',(-0.658004249724453,-0.276511103000669,
-7.34551159287067));
#934=CARTESIAN_POINT('Ctrl Pts',(-0.740220218887538,-0.302234817881256,
-7.74422714042794));
#935=CARTESIAN_POINT('Ctrl Pts',(-0.822436188050622,-0.327958532761843,
-8.14294268798521));
#936=CARTESIAN_POINT('Ctrl Pts',(-0.694638816356676,-0.35368224764243,-8.58495404713877));
#937=CARTESIAN_POINT('Ctrl Pts',(-0.412310250957439,-0.379405962523017,
-8.87823552332608));
#938=CARTESIAN_POINT('Ctrl Pts',(-0.178117803720527,-0.400743866221817,
-9.12151344506394));
#939=CARTESIAN_POINT('Ctrl Pts',(0.162403779877154,-0.422081769920617,-9.26245397052828));
#940=CARTESIAN_POINT('Ctrl Pts',(0.500900706533491,-0.443419673619417,-9.26519987751583));
#941=CARTESIAN_POINT('Origin',(0.499999999999999,1.10421172358873,-8.));
#942=CARTESIAN_POINT('',(0.501208846944877,-1.60421172358873,-9.54328791789803));
#943=CARTESIAN_POINT('',(0.499406270493638,-1.64578827641127,-9.54104887920014));
#944=CARTESIAN_POINT('',(0.499999999999983,1.10421172358873,-9.543));
#945=CARTESIAN_POINT('',(-0.990649428218518,-2.,-7.60148615814277));
#946=CARTESIAN_POINT('Ctrl Pts',(0.499406270493637,-1.64578827641127,-9.54104887920014));
#947=CARTESIAN_POINT('Ctrl Pts',(0.794563181201788,-1.6609639914185,-9.53988557818647));
#948=CARTESIAN_POINT('Ctrl Pts',(1.59159553128786,-1.70186342130632,-9.31861022982977));
#949=CARTESIAN_POINT('Ctrl Pts',(2.30573277614994,-1.76848656607472,-8.0525494899116));
#950=CARTESIAN_POINT('Ctrl Pts',(1.56539355316273,-1.84565771071648,-6.53932404194818));
#951=CARTESIAN_POINT('Ctrl Pts',(-0.104136799203265,-1.92282885535824,-6.29751941984277));
#952=CARTESIAN_POINT('Ctrl Pts',(-0.861828340481605,-1.97427628511941,-7.11962816324201));
#953=CARTESIAN_POINT('Ctrl Pts',(-0.990649428218521,-2.,-7.60148615814278));
#954=CARTESIAN_POINT('',(-0.99256449205204,-2.,-8.39960888714332));
#955=CARTESIAN_POINT('Origin',(0.499999999999999,-2.,-8.));
#956=CARTESIAN_POINT('Ctrl Pts',(0.501208846944877,-1.60421172358873,-9.54328791789803));
#957=CARTESIAN_POINT('Ctrl Pts',(0.60701531721559,-1.60967249488481,-9.54417829450644));
#958=CARTESIAN_POINT('Ctrl Pts',(1.21027810932679,-1.64085698106148,-9.48700489202345));
#959=CARTESIAN_POINT('Ctrl Pts',(2.1676140343338,-1.69776518211874,-8.69560760060153));
#960=CARTESIAN_POINT('Ctrl Pts',(2.01691985930357,-1.77493632676051,-7.01794161560224));
#961=CARTESIAN_POINT('Ctrl Pts',(0.547496775135977,-1.85210747140226,-6.19367758968337));
#962=CARTESIAN_POINT('Ctrl Pts',(-0.92014308370028,-1.92712869581543,-6.91837924930136));
#963=CARTESIAN_POINT('Ctrl Pts',(-1.1079556097127,-1.97642620534801,-7.95885544527137));
#964=CARTESIAN_POINT('Ctrl Pts',(-0.99256449205204,-2.,-8.39960888714332));
#965=CARTESIAN_POINT('Origin',(0.499999999999999,1.10421172358873,-8.));
#966=CARTESIAN_POINT('',(0.498887487624858,-1.10421172358873,-9.54202082164928));
#967=CARTESIAN_POINT('',(0.500544011423707,-1.14578827641127,-9.54495849445492));
#968=CARTESIAN_POINT('',(0.499999999999983,1.10421172358873,-9.543));
#969=CARTESIAN_POINT('Ctrl Pts',(0.500544011423707,-1.14578827641127,-9.54495849445492));
#970=CARTESIAN_POINT('Ctrl Pts',(0.534865019515225,-1.14756465392106,-9.54512074541593));
#971=CARTESIAN_POINT('Ctrl Pts',(1.06603232589649,-1.17506474631143,-9.52886002453943));
#972=CARTESIAN_POINT('Ctrl Pts',(2.05532220670062,-1.22828855358239,-8.91980218796535));
#973=CARTESIAN_POINT('Ctrl Pts',(2.13812795848431,-1.30545969822415,-7.23740265948006));
#974=CARTESIAN_POINT('Ctrl Pts',(0.797419994613492,-1.38263084286591,-6.21768571082928));
#975=CARTESIAN_POINT('Ctrl Pts',(-0.801808054687155,-1.45980198750767,-6.74685082207336));
#976=CARTESIAN_POINT('Ctrl Pts',(-1.26963952401873,-1.53697313214943,-8.3649369187429));
#977=CARTESIAN_POINT('Ctrl Pts',(-0.410237859221913,-1.59896856178397,-9.41017341969732));
#978=CARTESIAN_POINT('Ctrl Pts',(0.294255142175292,-1.63524027653791,-9.54185744070377));
#979=CARTESIAN_POINT('Ctrl Pts',(0.499406270493637,-1.64578827641127,-9.54104887920014));
#980=CARTESIAN_POINT('Ctrl Pts',(0.498887487624858,-1.10421172358873,-9.54202082164928));
#981=CARTESIAN_POINT('Ctrl Pts',(0.84421473018937,-1.12199687226796,-9.53952930740396));
#982=CARTESIAN_POINT('Ctrl Pts',(1.69270720850415,-1.16550573582777,-9.25724066936587));
#983=CARTESIAN_POINT('Ctrl Pts',(2.30258950627664,-1.23473831426818,-7.87460989190059));
#984=CARTESIAN_POINT('Ctrl Pts',(1.41594586586806,-1.31190945890994,-6.44240432782054));
#985=CARTESIAN_POINT('Ctrl Pts',(-0.266670720644434,-1.3890806035517,-6.36376016665437));
#986=CARTESIAN_POINT('Ctrl Pts',(-1.28302631788303,-1.46625174819346,-7.70702033979877));
#987=CARTESIAN_POINT('Ctrl Pts',(-0.787677034754472,-1.53796212153914,-9.19181341516931));
#988=CARTESIAN_POINT('Ctrl Pts',(0.10859937445013,-1.58394878000423,-9.5399840529297));
#989=CARTESIAN_POINT('Ctrl Pts',(0.501208846944877,-1.60421172358873,-9.54328791789803));
#990=CARTESIAN_POINT('Origin',(0.499999999999999,1.10421172358873,-8.));
#991=CARTESIAN_POINT('',(0.501099082784612,-0.604211723588726,-9.54385402214861));
#992=CARTESIAN_POINT('',(0.499652542476217,-0.645788276411271,-9.54086062411472));
#993=CARTESIAN_POINT('',(0.499999999999983,1.10421172358873,-9.543));
#994=CARTESIAN_POINT('Ctrl Pts',(0.499652542476217,-0.645788276411271,-9.54086062411472));
#995=CARTESIAN_POINT('Ctrl Pts',(0.773964472324115,-0.659889031304201,-9.54027838731193));
#996=CARTESIAN_POINT('Ctrl Pts',(1.54948547327589,-0.699713501077718,-9.34188687090971));
#997=CARTESIAN_POINT('Ctrl Pts',(2.30258902726947,-0.765261685731824,-8.12539007939409));
#998=CARTESIAN_POINT('Ctrl Pts',(1.62277466103058,-0.842432830373584,-6.58422008457333));
#999=CARTESIAN_POINT('Ctrl Pts',(-0.0327407890812236,-0.919603975015346,
-6.27337246232369));
#1000=CARTESIAN_POINT('Ctrl Pts',(-1.22530054504517,-0.996775119657106,
-7.46297696730521));
#1001=CARTESIAN_POINT('Ctrl Pts',(-0.925621270787929,-1.07216988678908,
-9.08113149139142));
#1002=CARTESIAN_POINT('Ctrl Pts',(0.0378626527902243,-1.12184093904047,
-9.54277118996547));
#1003=CARTESIAN_POINT('Ctrl Pts',(0.500544011423707,-1.14578827641127,-9.54495849445492));
#1004=CARTESIAN_POINT('Ctrl Pts',(0.501099082784613,-0.604211723588726,
-9.54385402214861));
#1005=CARTESIAN_POINT('Ctrl Pts',(0.585997579828376,-0.608597534770514,
-9.5445427237524));
#1006=CARTESIAN_POINT('Ctrl Pts',(1.16812725511398,-0.638707060832888,-9.50036183043741));
#1007=CARTESIAN_POINT('Ctrl Pts',(2.13812847123867,-0.694540301775849,-8.76259756311727));
#1008=CARTESIAN_POINT('Ctrl Pts',(2.05532255687727,-0.771711446417611,-7.08019755915244));
#1009=CARTESIAN_POINT('Ctrl Pts',(0.620914687236123,-0.848882591059372,
-6.19710212557572));
#1010=CARTESIAN_POINT('Ctrl Pts',(-0.918560901395374,-0.926053735701134,
-6.88074284617869));
#1011=CARTESIAN_POINT('Ctrl Pts',(-1.22530098357095,-1.00322488034289,-8.53702317367722));
#1012=CARTESIAN_POINT('Ctrl Pts',(-0.307582747207394,-1.06261087630543,
-9.45246723836246));
#1013=CARTESIAN_POINT('Ctrl Pts',(0.344747467449941,-1.09627315738737,-9.54313293215984));
#1014=CARTESIAN_POINT('Ctrl Pts',(0.498887487624858,-1.10421172358873,-9.54202082164928));
#1015=CARTESIAN_POINT('Origin',(0.499999999999999,1.10421172358873,-8.));
#1016=CARTESIAN_POINT('',(0.498553292703947,-0.104211723588726,-9.54124951769062));
#1017=CARTESIAN_POINT('',(0.500156892655769,-0.145788276411271,-9.54519278274805));
#1018=CARTESIAN_POINT('',(0.499999999999983,1.10421172358873,-9.543));
#1019=CARTESIAN_POINT('',(-0.990649428218517,0.,-8.39851384185723));
#1020=CARTESIAN_POINT('Ctrl Pts',(-0.990649428218517,0.,-8.39851384185723));
#1021=CARTESIAN_POINT('Ctrl Pts',(-0.861828340481597,-0.025723714880587,
-8.880371836758));
#1022=CARTESIAN_POINT('Ctrl Pts',(-0.350231058618221,-0.0604609560768292,
-9.43545783648209));
#1023=CARTESIAN_POINT('Ctrl Pts',(0.323351540139201,-0.0951981972730712,
-9.54225971927));
#1024=CARTESIAN_POINT('Ctrl Pts',(0.498553292703947,-0.104211723588726,
-9.54124951769062));
#1025=CARTESIAN_POINT('',(-0.992565051070244,-1.73472347597681E-16,-7.60039210525113));
#1026=CARTESIAN_POINT('Origin',(0.499999999999999,0.,-8.));
#1027=CARTESIAN_POINT('Ctrl Pts',(-0.992565051070244,6.47810798060089E-17,
-7.60039210525113));
#1028=CARTESIAN_POINT('Ctrl Pts',(-1.10795631776163,-0.0235737946519908,
-8.04114574193664));
#1029=CARTESIAN_POINT('Ctrl Pts',(-0.922813144586961,-0.0721698867890813,
-9.06681492363503));
#1030=CARTESIAN_POINT('Ctrl Pts',(0.0169774359171556,-0.120765978926172,
-9.54416650729335));
#1031=CARTESIAN_POINT('Ctrl Pts',(0.500156892655769,-0.145788276411271,
-9.54519278274805));
#1032=CARTESIAN_POINT('Origin',(0.499999999999999,1.10421172358873,-8.));
#1033=CARTESIAN_POINT('Ctrl Pts',(0.500156892655769,-0.145788276411271,
-9.54519278274805));
#1034=CARTESIAN_POINT('Ctrl Pts',(0.513701231511961,-0.146489693806759,
-9.54522155098793));
#1035=CARTESIAN_POINT('Ctrl Pts',(1.0239479926007,-0.172914826082833,-9.53905956223147));
#1036=CARTESIAN_POINT('Ctrl Pts',(2.01692022999555,-0.225063673239495,-8.98205772803255));
#1037=CARTESIAN_POINT('Ctrl Pts',(2.16761314669909,-0.302234817881256,-7.3043927885745));
#1038=CARTESIAN_POINT('Ctrl Pts',(0.869405730247993,-0.379405962523017,
-6.23120762104578));
#1039=CARTESIAN_POINT('Ctrl Pts',(-0.749955839500257,-0.456577107164778,
-6.69511943922931));
#1040=CARTESIAN_POINT('Ctrl Pts',(-1.28302576884824,-0.533748251806539,
-8.2929795551898));
#1041=CARTESIAN_POINT('Ctrl Pts',(-0.452379565911612,-0.596818641555371,
-9.39079822886502));
#1042=CARTESIAN_POINT('Ctrl Pts',(0.273542904448423,-0.634165316423614,
-9.54134054984307));
#1043=CARTESIAN_POINT('Ctrl Pts',(0.499652542476217,-0.645788276411271,
-9.54086062411472));
#1044=CARTESIAN_POINT('Ctrl Pts',(0.498553292703947,-0.104211723588726,
-9.54124951769062));
#1045=CARTESIAN_POINT('Ctrl Pts',(0.823360057530119,-0.120921912153658,
-9.53937670362331));
#1046=CARTESIAN_POINT('Ctrl Pts',(1.6518614723823,-0.163355815599177,-9.28393337563143));
#1047=CARTESIAN_POINT('Ctrl Pts',(2.30573569285499,-0.231513433925283,-7.94745035862155));
#1048=CARTESIAN_POINT('Ctrl Pts',(1.47852972139072,-0.308684578567044,-6.48094233881154));
#1049=CARTESIAN_POINT('Ctrl Pts',(-0.199866276475091,-0.385855723208806,
-6.33396526897893));
#1050=CARTESIAN_POINT('Ctrl Pts',(-1.26964047661991,-0.463026867850567,
-7.63506290263917));
#1051=CARTESIAN_POINT('Ctrl Pts',(-0.828396080024456,-0.53581220131054,
-9.1611900277347));
#1052=CARTESIAN_POINT('Ctrl Pts',(0.0880498476476278,-0.582873819889927,
-9.5405033424477));
#1053=CARTESIAN_POINT('Ctrl Pts',(0.501099082784613,-0.604211723588726,
-9.54385402214861));
#1054=CARTESIAN_POINT('Ctrl Pts',(1.32521129893649,0.,-7.04188384727761));
#1055=CARTESIAN_POINT('Ctrl Pts',(1.01549667422785,-0.025723714880587,-6.775131212924));
#1056=CARTESIAN_POINT('Ctrl Pts',(0.122902565486242,-0.077171144641761,
-6.56839714038646));
#1057=CARTESIAN_POINT('Ctrl Pts',(-0.895778262134991,-0.154342289283522,
-7.50301360200614));
#1058=CARTESIAN_POINT('Ctrl Pts',(-0.698283501693067,-0.231513433925284,
-8.86937517751095));
#1059=CARTESIAN_POINT('Ctrl Pts',(0.538922939736136,-0.308684578567044,
-9.48029493205917));
#1060=CARTESIAN_POINT('Ctrl Pts',(1.74312743410847,-0.385855723208806,-8.80480362741227));
#1061=CARTESIAN_POINT('Ctrl Pts',(1.86662140246338,-0.463026867850566,-7.4299447058668));
#1062=CARTESIAN_POINT('Ctrl Pts',(0.802730749124165,-0.540198012492328,
-6.55046146261334));
#1063=CARTESIAN_POINT('Ctrl Pts',(-0.524348126408344,-0.617369157134089,
-6.93064065515585));
#1064=CARTESIAN_POINT('Ctrl Pts',(-0.961202906486458,-0.69454030177585,
-8.24009892905865));
#1065=CARTESIAN_POINT('Ctrl Pts',(-0.12829224926117,-0.771711446417611,
-9.34091040543975));
#1066=CARTESIAN_POINT('Ctrl Pts',(1.25062429323331,-0.848882591059372,-9.27646092701629));
#1067=CARTESIAN_POINT('Ctrl Pts',(1.97723514256789,-0.926053735701134,-8.10275810459742));
#1068=CARTESIAN_POINT('Ctrl Pts',(1.42012220276938,-1.00322488034289,-6.83975780748087));
#1069=CARTESIAN_POINT('Ctrl Pts',(0.0634149528235876,-1.08039602498466,
-6.58501586429572));
#1070=CARTESIAN_POINT('Ctrl Pts',(-0.91389665535296,-1.15756716962642,-7.55990562226665));
#1071=CARTESIAN_POINT('Ctrl Pts',(-0.662520920196223,-1.23473831426818,
-8.91723933877922));
#1072=CARTESIAN_POINT('Ctrl Pts',(0.599090439326319,-1.31190945890994,-9.4774878722431));
#1073=CARTESIAN_POINT('Ctrl Pts',(1.77459814022873,-1.3890806035517,-8.75378474833583));
#1074=CARTESIAN_POINT('Ctrl Pts',(1.84245807096786,-1.46625174819346,-7.37504579579554));
#1075=CARTESIAN_POINT('Ctrl Pts',(0.743737902261023,-1.54342289283522,-6.53938015641195));
#1076=CARTESIAN_POINT('Ctrl Pts',(-0.566841403209272,-1.62059403747699,
-6.97303490895122));
#1077=CARTESIAN_POINT('Ctrl Pts',(-0.950232779080804,-1.69776518211874,
-8.29906852478965));
#1078=CARTESIAN_POINT('Ctrl Pts',(-0.0735461837331421,-1.77493632676051,
-9.36532760583465));
#1079=CARTESIAN_POINT('Ctrl Pts',(1.30191338683559,-1.85210747140227,-9.24487870940573));
#1080=CARTESIAN_POINT('Ctrl Pts',(1.97981146820583,-1.92927861604403,-8.04306469863461));
#1081=CARTESIAN_POINT('Ctrl Pts',(1.37309795720951,-2.00644976068579,-6.80296516593874));
#1082=CARTESIAN_POINT('Ctrl Pts',(0.00490539041313852,-2.08362090532755,
-6.60480447595021));
#1083=CARTESIAN_POINT('Ctrl Pts',(-0.616028474749831,-2.13506833508872,
-7.27852871835355));
#1084=CARTESIAN_POINT('Ctrl Pts',(-0.721598316255554,-2.16079204996931,
-7.67341493646892));
#1085=CARTESIAN_POINT('Ctrl Pts',(1.38579422941067,0.0535973499897702,-6.97154370004334));
#1086=CARTESIAN_POINT('Ctrl Pts',(1.05334188940445,0.0278736351091832,-6.68520740715079));
#1087=CARTESIAN_POINT('Ctrl Pts',(0.0952179376986894,-0.0235737946519908,
-6.46329594191477));
#1088=CARTESIAN_POINT('Ctrl Pts',(-0.998249395917671,-0.100744939293752,
-7.46652731972294));
#1089=CARTESIAN_POINT('Ctrl Pts',(-0.786255547355784,-0.177916083935513,
-8.93320040142998));
#1090=CARTESIAN_POINT('Ctrl Pts',(0.541780469383299,-0.255087228577274,
-9.5889708615645));
#1091=CARTESIAN_POINT('Ctrl Pts',(1.83439169940416,-0.332258373219035,-8.86388832761903));
#1092=CARTESIAN_POINT('Ctrl Pts',(1.96695198387528,-0.409429517860796,-7.38809406676936));
#1093=CARTESIAN_POINT('Ctrl Pts',(0.824955742832108,-0.486600662502558,
-6.44404351542416));
#1094=CARTESIAN_POINT('Ctrl Pts',(-0.599550697438983,-0.563771807144318,
-6.85213358318034));
#1095=CARTESIAN_POINT('Ctrl Pts',(-1.06847719394039,-0.64094295178608,-8.25772580443569));
#1096=CARTESIAN_POINT('Ctrl Pts',(-0.174418357451294,-0.718114096427841,
-9.43935341266658));
#1097=CARTESIAN_POINT('Ctrl Pts',(1.30573141480059,-0.795285241069602,-9.37017237242923));
#1098=CARTESIAN_POINT('Ctrl Pts',(2.08568643746841,-0.872456385711364,-8.11030209619631));
#1099=CARTESIAN_POINT('Ctrl Pts',(1.48767302218978,-0.949627530353124,-6.75457856651169));
#1100=CARTESIAN_POINT('Ctrl Pts',(0.0313630388553178,-1.02679867499489,
-6.48113473030504));
#1101=CARTESIAN_POINT('Ctrl Pts',(-1.01769795191703,-1.10396981963665,-7.52759607061284));
#1102=CARTESIAN_POINT('Ctrl Pts',(-0.747867454076451,-1.18114096427841,
-8.98457851258969));
#1103=CARTESIAN_POINT('Ctrl Pts',(0.60636516908838,-1.25831210892017,-9.58595772130588));
#1104=CARTESIAN_POINT('Ctrl Pts',(1.86817282905269,-1.33548325356193,-8.80912389487902));
#1105=CARTESIAN_POINT('Ctrl Pts',(1.94101470014001,-1.41265439820369,-7.32916475035704));
#1106=CARTESIAN_POINT('Ctrl Pts',(0.76163193304518,-1.48982554284545,-6.43214867455106));
#1107=CARTESIAN_POINT('Ctrl Pts',(-0.645163620368567,-1.56699668748722,
-6.89764021332528));
#1108=CARTESIAN_POINT('Ctrl Pts',(-1.05670169406011,-1.64416783212897,-8.32102465610739));
#1109=CARTESIAN_POINT('Ctrl Pts',(-0.115653106672297,-1.72133897677074,
-9.46556320309971));
#1110=CARTESIAN_POINT('Ctrl Pts',(1.36078589987994,-1.7985101214125,-9.33627154466853));
#1111=CARTESIAN_POINT('Ctrl Pts',(2.0884519041872,-1.87568126605426,-8.04622629572694));
#1112=CARTESIAN_POINT('Ctrl Pts',(1.43719648919392,-1.95285241069602,-6.71508479127522));
#1113=CARTESIAN_POINT('Ctrl Pts',(-0.031442006125663,-2.03002355533778,
-6.5023761239144));
#1114=CARTESIAN_POINT('Ctrl Pts',(-0.69796176332709,-2.08147098509895,-7.2255618666497));
#1115=CARTESIAN_POINT('Ctrl Pts',(-0.81128202024321,-2.10719469997954,-7.64943867702687));
#1116=CARTESIAN_POINT('Ctrl Pts',(1.44637715988485,0.107194699979541,-6.90120355280908));
#1117=CARTESIAN_POINT('Ctrl Pts',(1.09118710458106,0.0814709850989535,-6.59528360137758));
#1118=CARTESIAN_POINT('Ctrl Pts',(0.0675333099111375,0.0300235553377794,
-6.35819474344308));
#1119=CARTESIAN_POINT('Ctrl Pts',(-1.10072052970035,-0.0471475893039816,
-7.43004103743974));
#1120=CARTESIAN_POINT('Ctrl Pts',(-0.874227593018501,-0.124318733945743,
-8.997025625349));
#1121=CARTESIAN_POINT('Ctrl Pts',(0.544637999030462,-0.201489878587504,
-9.69764679106983));
#1122=CARTESIAN_POINT('Ctrl Pts',(1.92565596469986,-0.278661023229265,-8.92297302782579));
#1123=CARTESIAN_POINT('Ctrl Pts',(2.06728256528718,-0.355832167871026,-7.34624342767192));
#1124=CARTESIAN_POINT('Ctrl Pts',(0.847180736540051,-0.433003312512787,
-6.33762556823498));
#1125=CARTESIAN_POINT('Ctrl Pts',(-0.67475326846962,-0.510174457154549,
-6.77362651120482));
#1126=CARTESIAN_POINT('Ctrl Pts',(-1.17575148139432,-0.587345601796309,
-8.27535267981276));
#1127=CARTESIAN_POINT('Ctrl Pts',(-0.220544465641417,-0.664516746438071,
-9.53779641989339));
#1128=CARTESIAN_POINT('Ctrl Pts',(1.36083853636787,-0.741687891079831,-9.46388381784219));
#1129=CARTESIAN_POINT('Ctrl Pts',(2.19413773236894,-0.818859035721594,-8.1178460877952));
#1130=CARTESIAN_POINT('Ctrl Pts',(1.55522384161018,-0.896030180363353,-6.66939932554251));
#1131=CARTESIAN_POINT('Ctrl Pts',(-0.000688875112951868,-0.973201325005116,
-6.37725359631436));
#1132=CARTESIAN_POINT('Ctrl Pts',(-1.1214992484811,-1.05037246964688,-7.49528651895902));
#1133=CARTESIAN_POINT('Ctrl Pts',(-0.833213987956681,-1.12754361428864,
-9.05191768640016));
#1134=CARTESIAN_POINT('Ctrl Pts',(0.613639898850443,-1.2047147589304,-9.69442757036868));
#1135=CARTESIAN_POINT('Ctrl Pts',(1.96174751787665,-1.28188590357216,-8.86446304142218));
#1136=CARTESIAN_POINT('Ctrl Pts',(2.03957132931216,-1.35905704821392,-7.28328370491855));
#1137=CARTESIAN_POINT('Ctrl Pts',(0.779525963829335,-1.43622819285568,-6.32491719269017));
#1138=CARTESIAN_POINT('Ctrl Pts',(-0.723485837527861,-1.51339933749744,
-6.82224551769931));
#1139=CARTESIAN_POINT('Ctrl Pts',(-1.16317060903942,-1.5905704821392,-8.34298078742515));
#1140=CARTESIAN_POINT('Ctrl Pts',(-0.157760029611451,-1.66774162678097,
-9.56579880036476));
#1141=CARTESIAN_POINT('Ctrl Pts',(1.41965841292428,-1.74491277142273,-9.42766437993134));
#1142=CARTESIAN_POINT('Ctrl Pts',(2.19709234016857,-1.82208391606449,-8.04938789281927));
#1143=CARTESIAN_POINT('Ctrl Pts',(1.50129502117832,-1.89925506070625,-6.6272044166117));
#1144=CARTESIAN_POINT('Ctrl Pts',(-0.067789402664464,-1.97642620534801,
-6.39994777187859));
#1145=CARTESIAN_POINT('Ctrl Pts',(-0.779895051904347,-2.02787363510918,
-7.17259501494586));
#1146=CARTESIAN_POINT('Ctrl Pts',(-0.900965724230866,-2.05359734998977,
-7.62546241758483));
#1147=CARTESIAN_POINT('Ctrl Pts',(1.50696009035903,0.160792049969311,-6.83086340557481));
#1148=CARTESIAN_POINT('Ctrl Pts',(1.12903231975766,0.135068335088724,-6.50535979560437));
#1149=CARTESIAN_POINT('Ctrl Pts',(0.0398486821235832,0.0836209053275497,
-6.25309354497138));
#1150=CARTESIAN_POINT('Ctrl Pts',(-1.20319166348303,0.00644976068578847,
-7.39355475515656));
#1151=CARTESIAN_POINT('Ctrl Pts',(-0.96219963868122,-0.0707213839559727,
-9.06085084926802));
#1152=CARTESIAN_POINT('Ctrl Pts',(0.547495528677627,-0.147892528597734,
-9.80632272057516));
#1153=CARTESIAN_POINT('Ctrl Pts',(2.01692022999555,-0.225063673239495,-8.98205772803255));
#1154=CARTESIAN_POINT('Ctrl Pts',(2.16761314669909,-0.302234817881256,-7.3043927885745));
#1155=CARTESIAN_POINT('Ctrl Pts',(0.869405730247993,-0.379405962523017,
-6.23120762104578));
#1156=CARTESIAN_POINT('Ctrl Pts',(-0.749955839500257,-0.456577107164778,
-6.69511943922931));
#1157=CARTESIAN_POINT('Ctrl Pts',(-1.28302576884824,-0.533748251806539,
-8.2929795551898));
#1158=CARTESIAN_POINT('Ctrl Pts',(-0.266670573831543,-0.610919396448301,
-9.63623942712022));
#1159=CARTESIAN_POINT('Ctrl Pts',(1.41594565793516,-0.688090541090061,-9.55759526325515));
#1160=CARTESIAN_POINT('Ctrl Pts',(2.30258902726947,-0.765261685731824,-8.12539007939409));
#1161=CARTESIAN_POINT('Ctrl Pts',(1.62277466103058,-0.842432830373584,-6.58422008457333));
#1162=CARTESIAN_POINT('Ctrl Pts',(-0.0327407890812236,-0.919603975015346,
-6.27337246232369));
#1163=CARTESIAN_POINT('Ctrl Pts',(-1.22530054504517,-0.996775119657106,
-7.46297696730521));
#1164=CARTESIAN_POINT('Ctrl Pts',(-0.91856052183691,-1.07394626429887,-9.11925686021063));
#1165=CARTESIAN_POINT('Ctrl Pts',(0.620914628612504,-1.15111740894063,-9.80289741943147));
#1166=CARTESIAN_POINT('Ctrl Pts',(2.05532220670062,-1.22828855358239,-8.91980218796535));
#1167=CARTESIAN_POINT('Ctrl Pts',(2.13812795848431,-1.30545969822415,-7.23740265948006));
#1168=CARTESIAN_POINT('Ctrl Pts',(0.797419994613492,-1.38263084286591,-6.21768571082928));
#1169=CARTESIAN_POINT('Ctrl Pts',(-0.801808054687155,-1.45980198750767,
-6.74685082207336));
#1170=CARTESIAN_POINT('Ctrl Pts',(-1.26963952401873,-1.53697313214943,-8.3649369187429));
#1171=CARTESIAN_POINT('Ctrl Pts',(-0.199866952550604,-1.6141442767912,-9.66603439762981));
#1172=CARTESIAN_POINT('Ctrl Pts',(1.47853092596862,-1.69131542143296,-9.51905721519416));
#1173=CARTESIAN_POINT('Ctrl Pts',(2.30573277614994,-1.76848656607472,-8.0525494899116));
#1174=CARTESIAN_POINT('Ctrl Pts',(1.56539355316273,-1.84565771071648,-6.53932404194818));
#1175=CARTESIAN_POINT('Ctrl Pts',(-0.104136799203265,-1.92282885535824,
-6.29751941984277));
#1176=CARTESIAN_POINT('Ctrl Pts',(-0.861828340481605,-1.97427628511941,
-7.11962816324201));
#1177=CARTESIAN_POINT('Ctrl Pts',(-0.990649428218521,-2.,-7.60148615814278));
#1178=CARTESIAN_POINT('Ctrl Pts',(-0.990649428218521,-2.,-7.60148615814278));
#1179=CARTESIAN_POINT('Ctrl Pts',(-0.970003582263567,-2.,-7.54498348021827));
#1180=CARTESIAN_POINT('Ctrl Pts',(-0.945872687767072,-2.,-7.48998724755653));
#1181=CARTESIAN_POINT('Ctrl Pts',(-0.91853911829608,-2.,-7.43668817496011));
#1182=CARTESIAN_POINT('Ctrl Pts',(-0.89092417790244,-2.,-7.38284044335123));
#1183=CARTESIAN_POINT('Ctrl Pts',(-0.86003941137595,-2.,-7.33072423110941));
#1184=CARTESIAN_POINT('Ctrl Pts',(-0.826131613615476,-2.,-7.28056767741683));
#1185=CARTESIAN_POINT('Ctrl Pts',(-0.801003068493289,-2.,-7.24339743027956));
#1186=CARTESIAN_POINT('Ctrl Pts',(-0.774213267724737,-2.,-7.20730403899957));
#1187=CARTESIAN_POINT('Ctrl Pts',(-0.74585147376834,-2.,-7.17239505009043));
#1188=CARTESIAN_POINT('Ctrl Pts',(-0.731886868004648,-2.,-7.15520677672258));
#1189=CARTESIAN_POINT('Ctrl Pts',(-0.717541039498525,-2.,-7.13830585047191));
#1190=CARTESIAN_POINT('Ctrl Pts',(-0.702824057143198,-2.,-7.12170642389935));
#1191=CARTESIAN_POINT('Ctrl Pts',(-0.69606911664281,-2.,-7.11408746125259));
#1192=CARTESIAN_POINT('Ctrl Pts',(-0.689234352539686,-2.,-7.10653027117717));
#1193=CARTESIAN_POINT('Ctrl Pts',(-0.682326075124319,-2.,-7.09904207501051));
#1194=CARTESIAN_POINT('Ctrl Pts',(-0.642190593591652,-2.,-7.05553740070613));
#1195=CARTESIAN_POINT('Ctrl Pts',(-0.599687333581995,-2.,-7.01447574931414));
#1196=CARTESIAN_POINT('Ctrl Pts',(-0.555055367237147,-2.,-6.97606282608018));
#1197=CARTESIAN_POINT('Ctrl Pts',(-0.511218049642793,-2.,-6.93833382479612));
#1198=CARTESIAN_POINT('Ctrl Pts',(-0.465326218065056,-2.,-6.90315959707206));
#1199=CARTESIAN_POINT('Ctrl Pts',(-0.417581874221583,-2.,-6.87077759701585));
#1200=CARTESIAN_POINT('Ctrl Pts',(-0.383529747441095,-2.,-6.84768217078201));
#1201=CARTESIAN_POINT('Ctrl Pts',(-0.348534755924235,-2.,-6.82600795502309));
#1202=CARTESIAN_POINT('Ctrl Pts',(-0.312666158408788,-2.,-6.80585670296098));
#1203=CARTESIAN_POINT('Ctrl Pts',(-0.289943136667438,-2.,-6.79309073577964));
#1204=CARTESIAN_POINT('Ctrl Pts',(-0.266869454885824,-2.,-6.78093625132971));
#1205=CARTESIAN_POINT('Ctrl Pts',(-0.243462492928973,-2.,-6.76942215461233));
#1206=CARTESIAN_POINT('Ctrl Pts',(-0.234177274642151,-2.,-6.76485467158768));
#1207=CARTESIAN_POINT('Ctrl Pts',(-0.224839415244301,-2.,-6.76038801291879));
#1208=CARTESIAN_POINT('Ctrl Pts',(-0.21546359464897,-2.,-6.75603006020332));
#1209=CARTESIAN_POINT('Ctrl Pts',(-0.164817712740908,-2.,-6.73248946913245));
#1210=CARTESIAN_POINT('Ctrl Pts',(-0.112968727209794,-2.,-6.71206847131809));
#1211=CARTESIAN_POINT('Ctrl Pts',(-0.0601049160671292,-2.,-6.69498139968694));
#1212=CARTESIAN_POINT('Ctrl Pts',(-0.0305977841287935,-2.,-6.68544386415627));
#1213=CARTESIAN_POINT('Ctrl Pts',(-0.000774202988396575,-2.,-6.67694588818991));
#1214=CARTESIAN_POINT('Ctrl Pts',(0.0293342947859773,-2.,-6.66953176783856));
#1215=CARTESIAN_POINT('Ctrl Pts',(0.0819189711659725,-2.,-6.65658296108506));
#1216=CARTESIAN_POINT('Ctrl Pts',(0.135373445769798,-2.,-6.6469380405539));
#1217=CARTESIAN_POINT('Ctrl Pts',(0.189400538235128,-2.,-6.64054764219796));
#1218=CARTESIAN_POINT('Ctrl Pts',(0.21503302321271,-2.,-6.63751579683325));
#1219=CARTESIAN_POINT('Ctrl Pts',(0.240794282579513,-2.,-6.63521713180965));
#1220=CARTESIAN_POINT('Ctrl Pts',(0.266651486263351,-2.,-6.63364956786947));
#1221=CARTESIAN_POINT('Ctrl Pts',(0.281542305636737,-2.,-6.63274682866477));
#1222=CARTESIAN_POINT('Ctrl Pts',(0.296471398078069,-2.,-6.6320865861888));
#1223=CARTESIAN_POINT('Ctrl Pts',(0.311396803506531,-2.,-6.63166920246191));
#1224=CARTESIAN_POINT('Ctrl Pts',(0.367100875536335,-2.,-6.63011145762892));
#1225=CARTESIAN_POINT('Ctrl Pts',(0.422828709083348,-2.,-6.6319248684392));
#1226=CARTESIAN_POINT('Ctrl Pts',(0.47826108560374,-2.,-6.63701601517989));
#1227=CARTESIAN_POINT('Ctrl Pts',(0.533573657778682,-2.,-6.64209615857667));
#1228=CARTESIAN_POINT('Ctrl Pts',(0.588593186884373,-2.,-6.65044031827744));
#1229=CARTESIAN_POINT('Ctrl Pts',(0.642987123890771,-2.,-6.6620046854445));
#1230=CARTESIAN_POINT('Ctrl Pts',(0.678802862001437,-2.,-6.66961925369725));
#1231=CARTESIAN_POINT('Ctrl Pts',(0.714347019611024,-2.,-6.67863095561594));
#1232=CARTESIAN_POINT('Ctrl Pts',(0.74951743347266,-2.,-6.68903758207493));
#1233=CARTESIAN_POINT('Ctrl Pts',(0.769075492041683,-2.,-6.69482464533188));
#1234=CARTESIAN_POINT('Ctrl Pts',(0.788517854167743,-2.,-6.70104321521126));
#1235=CARTESIAN_POINT('Ctrl Pts',(0.80782590250844,-2.,-6.70769390604075));
#1236=CARTESIAN_POINT('Ctrl Pts',(0.818558141435902,-2.,-6.7113906444037));
#1237=CARTESIAN_POINT('Ctrl Pts',(0.829239793352742,-2.,-6.71521779645195));
#1238=CARTESIAN_POINT('Ctrl Pts',(0.83986589581915,-2.,-6.71917412780639));
#1239=CARTESIAN_POINT('Ctrl Pts',(0.889976096725267,-2.,-6.73783125629247));
#1240=CARTESIAN_POINT('Ctrl Pts',(0.938868934454663,-2.,-6.75936333489183));
#1241=CARTESIAN_POINT('Ctrl Pts',(0.986228867482276,-2.,-6.78374175012328));
#1242=CARTESIAN_POINT('Ctrl Pts',(1.01225037865359,-2.,-6.79713626239833));
#1243=CARTESIAN_POINT('Ctrl Pts',(1.03780859188276,-2.,-6.81139073806791));
#1244=CARTESIAN_POINT('Ctrl Pts',(1.06284627189705,-2.,-6.82650512501294));
#1245=CARTESIAN_POINT('Ctrl Pts',(1.07384582429932,-2.,-6.83314517677233));
#1246=CARTESIAN_POINT('Ctrl Pts',(1.08474665362166,-2.,-6.83995239690368));
#1247=CARTESIAN_POINT('Ctrl Pts',(1.09553790971759,-2.,-6.84692324303355));
#1248=CARTESIAN_POINT('Ctrl Pts',(1.13878373600068,-2.,-6.87485882329399));
#1249=CARTESIAN_POINT('Ctrl Pts',(1.18018184077253,-2.,-6.90535950507349));
#1250=CARTESIAN_POINT('Ctrl Pts',(1.21943065469363,-2.,-6.9384095084942));
#1251=CARTESIAN_POINT('Ctrl Pts',(1.23072700989173,-2.,-6.94792175970997));
#1252=CARTESIAN_POINT('Ctrl Pts',(1.24184507360269,-2.,-6.9576453974667));
#1253=CARTESIAN_POINT('Ctrl Pts',(1.25277700259488,-2.,-6.96758053241662));
#1254=CARTESIAN_POINT('Ctrl Pts',(1.27820547981428,-2.,-6.99069039280137));
#1255=CARTESIAN_POINT('Ctrl Pts',(1.30262742638066,-2.,-7.01494441887933));
#1256=CARTESIAN_POINT('Ctrl Pts',(1.32600306784647,-2.,-7.04025859382195));
#1257=CARTESIAN_POINT('Ctrl Pts',(1.32521129893649,0.,-7.04188384727761));
#1258=CARTESIAN_POINT('Ctrl Pts',(1.29074907794932,6.72690175697744E-18,
-7.00498114347229));
#1259=CARTESIAN_POINT('Ctrl Pts',(1.25405029876257,1.06189118291712E-16,
-6.97045014165703));
#1260=CARTESIAN_POINT('Ctrl Pts',(1.21543416035167,1.17961196366423E-16,
-6.93829638125434));
#1261=CARTESIAN_POINT('Ctrl Pts',(1.17510785686483,1.30254615974056E-16,
-6.90471865045056));
#1262=CARTESIAN_POINT('Ctrl Pts',(1.13269014876191,1.32440405277419E-16,
-6.87373275592063));
#1263=CARTESIAN_POINT('Ctrl Pts',(1.08849491763983,8.32667268468867E-17,
-6.8453728149947));
#1264=CARTESIAN_POINT('Ctrl Pts',(1.05388495881461,4.47580700856207E-17,
-6.82316371317961));
#1265=CARTESIAN_POINT('Ctrl Pts',(1.01818375114547,1.17961196366423E-16,
-6.80256551240999));
#1266=CARTESIAN_POINT('Ctrl Pts',(0.981525505792616,1.17961196366423E-16,
-6.78360950586023));
#1267=CARTESIAN_POINT('Ctrl Pts',(0.967682168211482,1.17961196366423E-16,
-6.77645110546946));
#1268=CARTESIAN_POINT('Ctrl Pts',(0.953702226866843,1.49020137710708E-16,
-6.76952703807612));
#1269=CARTESIAN_POINT('Ctrl Pts',(0.939592502377976,1.52655665885959E-16,
-6.76283954474075));
#1270=CARTESIAN_POINT('Ctrl Pts',(0.927153313430285,1.55860761912624E-16,
-6.75694382415097));
#1271=CARTESIAN_POINT('Ctrl Pts',(0.914608180924916,8.26562323656172E-17,
-6.75122993542592));
#1272=CARTESIAN_POINT('Ctrl Pts',(0.901991297653906,8.32667268468867E-17,
-6.74571206647591));
#1273=CARTESIAN_POINT('Ctrl Pts',(0.852111686880658,8.56802569121848E-17,
-6.72389771267614));
#1274=CARTESIAN_POINT('Ctrl Pts',(0.801041898083146,1.10418889743243E-16,
-6.7051074236446));
#1275=CARTESIAN_POINT('Ctrl Pts',(0.749111944149159,1.52655665885959E-16,
-6.68937281189289));
#1276=CARTESIAN_POINT('Ctrl Pts',(0.696232821670223,1.95664440005135E-16,
-6.67335060507493));
#1277=CARTESIAN_POINT('Ctrl Pts',(0.64246088049807,-4.78845519794843E-17,
-6.66049619174445));
#1278=CARTESIAN_POINT('Ctrl Pts',(0.588110095668198,-6.93889390390723E-17,
-6.65088367418094));
#1279=CARTESIAN_POINT('Ctrl Pts',(0.551277195815332,-8.39622140606272E-17,
-6.64436938192446));
#1280=CARTESIAN_POINT('Ctrl Pts',(0.514177739715968,1.73472347597681E-16,
-6.63934481941173));
#1281=CARTESIAN_POINT('Ctrl Pts',(0.476904113284926,1.73472347597681E-16,
-6.63584556236768));
#1282=CARTESIAN_POINT('Ctrl Pts',(0.462052375570971,1.73472347597681E-16,
-6.63445127764714));
#1283=CARTESIAN_POINT('Ctrl Pts',(0.44717295443664,1.88843298504446E-16,
-6.63329927651524));
#1284=CARTESIAN_POINT('Ctrl Pts',(0.432271603249957,1.87350135405495E-16,
-6.63239230477304));
#1285=CARTESIAN_POINT('Ctrl Pts',(0.420347129639581,1.86155264970837E-16,
-6.63166652088474));
#1286=CARTESIAN_POINT('Ctrl Pts',(0.408406521340375,2.77485360037854E-16,
-6.63109772262241));
#1287=CARTESIAN_POINT('Ctrl Pts',(0.396475249710483,2.63677968348475E-16,
-6.63068779681038));
#1288=CARTESIAN_POINT('Ctrl Pts',(0.339699194683981,1.9797422321165E-16,
-6.62873712707609));
#1289=CARTESIAN_POINT('Ctrl Pts',(0.283026678133224,1.760099553962E-16,
-6.63037210070002));
#1290=CARTESIAN_POINT('Ctrl Pts',(0.22678880165105,1.66533453693773E-16,
-6.63565530108365));
#1291=CARTESIAN_POINT('Ctrl Pts',(0.198419076637936,1.61752943400691E-16,
-6.63832046114033));
#1292=CARTESIAN_POINT('Ctrl Pts',(0.170159561172389,-1.10094816319648E-17,
-6.64191474491455));
#1293=CARTESIAN_POINT('Ctrl Pts',(0.142051081050177,-1.38777878078145E-17,
-6.64645094124986));
#1294=CARTESIAN_POINT('Ctrl Pts',(0.0879009227744457,-1.94034950936659E-17,
-6.65518978975603));
#1295=CARTESIAN_POINT('Ctrl Pts',(0.0343110298468595,9.28467423212612E-17,
-6.66742098693579));
#1296=CARTESIAN_POINT('Ctrl Pts',(-0.0185093663074968,9.71445146547012E-17,
-6.68291937515439));
#1297=CARTESIAN_POINT('Ctrl Pts',(-0.0477245017262371,9.95216267148501E-17,
-6.69149158482233));
#1298=CARTESIAN_POINT('Ctrl Pts',(-0.0767042309825262,4.11443518766391E-16,
-6.70106425017583));
#1299=CARTESIAN_POINT('Ctrl Pts',(-0.105412279579522,4.57966997657877E-16,
-6.71160583026721));
#1300=CARTESIAN_POINT('Ctrl Pts',(-0.113887612715746,4.71701890885788E-16,
-6.71471796806212));
#1301=CARTESIAN_POINT('Ctrl Pts',(-0.122337297923565,1.87830088938562E-16,
-6.71791392487964));
#1302=CARTESIAN_POINT('Ctrl Pts',(-0.130752052139321,1.80411241501588E-16,
-6.72118940463687));
#1303=CARTESIAN_POINT('Ctrl Pts',(-0.183716974757047,1.33714847247278E-16,
-6.74180623163259));
#1304=CARTESIAN_POINT('Ctrl Pts',(-0.235392378532507,-8.23296459736837E-18,
-6.76560349425942));
#1305=CARTESIAN_POINT('Ctrl Pts',(-0.285560281022489,8.32667268468867E-17,
-6.79230482653425));
#1306=CARTESIAN_POINT('Ctrl Pts',(-0.33689411824488,1.76892930721691E-16,
-6.81962671516395));
#1307=CARTESIAN_POINT('Ctrl Pts',(-0.386650494671628,1.13623967429412E-16,
-6.84998955875028));
#1308=CARTESIAN_POINT('Ctrl Pts',(-0.434590545597737,5.55111512312578E-17,
-6.88315230774966));
#1309=CARTESIAN_POINT('Ctrl Pts',(-0.46633206964861,1.70341509489512E-17,
-6.90510965186219));
#1310=CARTESIAN_POINT('Ctrl Pts',(-0.497277209843229,2.56213013921045E-16,
-6.92829557076421));
#1311=CARTESIAN_POINT('Ctrl Pts',(-0.52735227518268,2.4980018054066E-16,
-6.95265171514793));
#1312=CARTESIAN_POINT('Ctrl Pts',(-0.543892600160367,2.46273327084412E-16,
-6.96604681633103));
#1313=CARTESIAN_POINT('Ctrl Pts',(-0.560169681502761,1.47718071047212E-16,
-6.97979602319224));
#1314=CARTESIAN_POINT('Ctrl Pts',(-0.576170569193572,1.52655665885959E-16,
-6.99389068058743));
#1315=CARTESIAN_POINT('Ctrl Pts',(-0.586533343342064,1.55853437230863E-16,
-7.00301890860259));
#1316=CARTESIAN_POINT('Ctrl Pts',(-0.596781943602785,-4.60493333759293E-17,
-7.01229380489036));
#1317=CARTESIAN_POINT('Ctrl Pts',(-0.606895929804025,-4.16333634234434E-17,
-7.02169697465681));
#1318=CARTESIAN_POINT('Ctrl Pts',(-0.651107452503094,-2.23297227116528E-17,
-7.06280128756577));
#1319=CARTESIAN_POINT('Ctrl Pts',(-0.692819542656527,2.8021832728895E-16,
-7.1064136806741));
#1320=CARTESIAN_POINT('Ctrl Pts',(-0.731771684613725,2.77555756156289E-16,
-7.15228773348231));
#1321=CARTESIAN_POINT('Ctrl Pts',(-0.753219998115663,2.76089658080418E-16,
-7.17754747574028));
#1322=CARTESIAN_POINT('Ctrl Pts',(-0.773831159439277,2.51432227483642E-16,
-7.20349380972356));
#1323=CARTESIAN_POINT('Ctrl Pts',(-0.79355805735785,3.05311331771918E-16,
-7.23009128963587));
#1324=CARTESIAN_POINT('Ctrl Pts',(-0.802729872844702,3.30361859491416E-16,
-7.24245751057836));
#1325=CARTESIAN_POINT('Ctrl Pts',(-0.811710494328465,1.54434219217009E-16,
-7.25496454134747));
#1326=CARTESIAN_POINT('Ctrl Pts',(-0.820494934662004,1.66533453693773E-16,
-7.2676090780298));
#1327=CARTESIAN_POINT('Ctrl Pts',(-0.827235612300684,1.75817714976909E-16,
-7.27731177307124));
#1328=CARTESIAN_POINT('Ctrl Pts',(-0.833860074251259,-4.8939383050388E-17,
-7.28709457360461));
#1329=CARTESIAN_POINT('Ctrl Pts',(-0.840360724493899,-2.77555756156289E-17,
-7.29694747540619));
#1330=CARTESIAN_POINT('Ctrl Pts',(-0.873853296162168,8.13873812014555E-17,
-7.34771147706951));
#1331=CARTESIAN_POINT('Ctrl Pts',(-0.904103081885824,-1.93074560831608E-16,
-7.40039169529981));
#1332=CARTESIAN_POINT('Ctrl Pts',(-0.930835318527034,-2.22044604925031E-16,
-7.45475982095553));
#1333=CARTESIAN_POINT('Ctrl Pts',(-0.935782252107271,-2.27405655923875E-16,
-7.46482091349001));
#1334=CARTESIAN_POINT('Ctrl Pts',(-0.940608629100356,1.57867175716984E-17,
-7.47493991494548));
#1335=CARTESIAN_POINT('Ctrl Pts',(-0.945312566243384,2.77555756156289E-17,
-7.48511551633952));
#1336=CARTESIAN_POINT('Ctrl Pts',(-0.962733553925132,7.11586607324766E-17,
-7.52280076194334));
#1337=CARTESIAN_POINT('Ctrl Pts',(-0.978476039769515,5.41259463871031E-17,
-7.56126181451898));
#1338=CARTESIAN_POINT('Ctrl Pts',(-0.992565051070244,5.55111512312578E-17,
-7.60039210525113));
#1339=CARTESIAN_POINT('Ctrl Pts',(0.499715255969672,-0.806580326380584,
-9.26274676551722));
#1340=CARTESIAN_POINT('Ctrl Pts',(0.314416722407679,-0.794957366392927,
-9.2631400682285));
#1341=CARTESIAN_POINT('Ctrl Pts',(0.129273444122558,-0.783334406405269,
-9.22474492279003));
#1342=CARTESIAN_POINT('Ctrl Pts',(-0.0372912683829703,-0.771711446417612,
-9.14670024630565));
#1343=CARTESIAN_POINT('Ctrl Pts',(-0.405929135002931,-0.745987731537025,
-8.97397324664605));
#1344=CARTESIAN_POINT('Ctrl Pts',(-0.683566020744694,-0.720264016656438,
-8.60703608785235));
#1345=CARTESIAN_POINT('Ctrl Pts',(-0.749575333602556,-0.694540301775851,
-8.20532446280503));
#1346=CARTESIAN_POINT('Ctrl Pts',(-0.815584646460419,-0.668816586895264,
-7.80361283775772));
#1347=CARTESIAN_POINT('Ctrl Pts',(-0.669966386434381,-0.643092872014677,
-7.36712674645678));
#1348=CARTESIAN_POINT('Ctrl Pts',(-0.375977443832611,-0.61736915713409,
-7.08552050204923));
#1349=CARTESIAN_POINT('Ctrl Pts',(-0.0819885012308397,-0.591645442253502,
-6.80391425764168));
#1350=CARTESIAN_POINT('Ctrl Pts',(0.360371123946665,-0.565921727372915,
-6.67718786012751));
#1351=CARTESIAN_POINT('Ctrl Pts',(0.758866045425287,-0.540198012492328,
-6.76040520191267));
#1352=CARTESIAN_POINT('Ctrl Pts',(1.15736096690391,-0.514474297611741,-6.84362254369783));
#1353=CARTESIAN_POINT('Ctrl Pts',(1.51199118468364,-0.488750582731154,-7.13678362478231));
#1354=CARTESIAN_POINT('Ctrl Pts',(1.66872396551436,-0.463026867850567,-7.51250731891547));
#1355=CARTESIAN_POINT('Ctrl Pts',(1.82545674634508,-0.43730315296998,-7.88823101304862));
#1356=CARTESIAN_POINT('Ctrl Pts',(1.78429209022677,-0.411579438089393,-8.34651732023045));
#1357=CARTESIAN_POINT('Ctrl Pts',(1.56300901310556,-0.385855723208806,-8.68824235792918));
#1358=CARTESIAN_POINT('Ctrl Pts',(1.34172593598436,-0.360132008328219,-9.02996739562791));
#1359=CARTESIAN_POINT('Ctrl Pts',(0.940324437860247,-0.334408293447632,
-9.25513116384354));
#1360=CARTESIAN_POINT('Ctrl Pts',(0.533422615226658,-0.308684578567045,
-9.26589308885999));
#1361=CARTESIAN_POINT('Ctrl Pts',(0.52232748305094,-0.307983161171558,-9.2661865379769));
#1362=CARTESIAN_POINT('Ctrl Pts',(0.511228261339528,-0.307281743776071,
-9.26632057759186));
#1363=CARTESIAN_POINT('Ctrl Pts',(0.500128574700743,-0.306580326380584,
-9.26629700180487));
#1364=CARTESIAN_POINT('Ctrl Pts',(-0.990649428218517,0.,-8.39851384185723));
#1365=CARTESIAN_POINT('Ctrl Pts',(-0.861828340481597,-0.025723714880587,
-8.880371836758));
#1366=CARTESIAN_POINT('Ctrl Pts',(-0.104129561929172,-0.0771711446417612,
-9.70247937894548));
#1367=CARTESIAN_POINT('Ctrl Pts',(1.56538966426893,-0.154342289283522,-9.46067700517857));
#1368=CARTESIAN_POINT('Ctrl Pts',(2.30573569285499,-0.231513433925283,-7.94745035862155));
#1369=CARTESIAN_POINT('Ctrl Pts',(1.47852972139072,-0.308684578567044,-6.48094233881154));
#1370=CARTESIAN_POINT('Ctrl Pts',(-0.199866276475091,-0.385855723208806,
-6.33396526897893));
#1371=CARTESIAN_POINT('Ctrl Pts',(-1.26964047661991,-0.463026867850567,
-7.63506290263917));
#1372=CARTESIAN_POINT('Ctrl Pts',(-0.801808105270535,-0.540198012492328,
-9.25314956260108));
#1373=CARTESIAN_POINT('Ctrl Pts',(0.797419909672022,-0.617369157134089,
-9.78231470694291));
#1374=CARTESIAN_POINT('Ctrl Pts',(2.13812847123867,-0.694540301775849,-8.76259756311727));
#1375=CARTESIAN_POINT('Ctrl Pts',(2.05532255687727,-0.771711446417611,-7.08019755915244));
#1376=CARTESIAN_POINT('Ctrl Pts',(0.620914687236123,-0.848882591059372,
-6.19710212557572));
#1377=CARTESIAN_POINT('Ctrl Pts',(-0.918560901395374,-0.926053735701134,
-6.88074284617869));
#1378=CARTESIAN_POINT('Ctrl Pts',(-1.22530098357095,-1.00322488034289,-8.53702317367722));
#1379=CARTESIAN_POINT('Ctrl Pts',(-0.0327409260874005,-1.08039602498466,
-9.72662798171714));
#1380=CARTESIAN_POINT('Ctrl Pts',(1.62277494388295,-1.15756716962642,-9.41578027898607));
#1381=CARTESIAN_POINT('Ctrl Pts',(2.30258950627664,-1.23473831426818,-7.87460989190059));
#1382=CARTESIAN_POINT('Ctrl Pts',(1.41594586586806,-1.31190945890994,-6.44240432782054));
#1383=CARTESIAN_POINT('Ctrl Pts',(-0.266670720644434,-1.3890806035517,-6.36376016665437));
#1384=CARTESIAN_POINT('Ctrl Pts',(-1.28302631788303,-1.46625174819346,-7.70702033979877));
#1385=CARTESIAN_POINT('Ctrl Pts',(-0.74995600471875,-1.54342289283522,-9.30488095377388));
#1386=CARTESIAN_POINT('Ctrl Pts',(0.869405555293405,-1.62059403747698,-9.76879272525464));
#1387=CARTESIAN_POINT('Ctrl Pts',(2.1676140343338,-1.69776518211874,-8.69560760060153));
#1388=CARTESIAN_POINT('Ctrl Pts',(2.01691985930357,-1.77493632676051,-7.01794161560224));
#1389=CARTESIAN_POINT('Ctrl Pts',(0.547496775135977,-1.85210747140226,-6.19367758968337));
#1390=CARTESIAN_POINT('Ctrl Pts',(-0.962201962977287,-1.92927861604403,
-6.93914738218505));
#1391=CARTESIAN_POINT('Ctrl Pts',(-1.20318904066995,-2.00644976068579,-8.60644830111913));
#1392=CARTESIAN_POINT('Ctrl Pts',(0.0398433798605828,-2.08362090532755,
-9.74690138481634));
#1393=CARTESIAN_POINT('Ctrl Pts',(1.12903231975767,-2.13506833508872,-9.49464020439563));
#1394=CARTESIAN_POINT('Ctrl Pts',(1.50696009035904,-2.16079204996931,-9.16913659442518));
#1395=CARTESIAN_POINT('Ctrl Pts',(-0.900965724230862,0.0535973499897702,
-8.37453758241519));
#1396=CARTESIAN_POINT('Ctrl Pts',(-0.779895051904339,0.0278736351091832,
-8.82740498505416));
#1397=CARTESIAN_POINT('Ctrl Pts',(-0.0677826008150509,-0.0235737946519909,
-9.60005109917958));
#1398=CARTESIAN_POINT('Ctrl Pts',(1.50129136625664,-0.100744939293752,-9.37279656751554));
#1399=CARTESIAN_POINT('Ctrl Pts',(2.19709508139244,-0.177916083935513,-7.95061196482676));
#1400=CARTESIAN_POINT('Ctrl Pts',(1.41965728081882,-0.255087228577274,-6.57233520090723));
#1401=CARTESIAN_POINT('Ctrl Pts',(-0.157759394211468,-0.332258373219035,
-6.4342008863022));
#1402=CARTESIAN_POINT('Ctrl Pts',(-1.16317150432813,-0.409429517860797,
-7.65701904470332));
#1403=CARTESIAN_POINT('Ctrl Pts',(-0.723485885067933,-0.486600662502557,
-9.17775484383151));
#1404=CARTESIAN_POINT('Ctrl Pts',(0.779525883998299,-0.563771807144319,
-9.6750831999471));
#1405=CARTESIAN_POINT('Ctrl Pts',(2.03957181121707,-0.640942951786079,-8.71671650428638));
#1406=CARTESIAN_POINT('Ctrl Pts',(1.96174784698521,-0.718114096427841,-7.13553672091008));
#1407=CARTESIAN_POINT('Ctrl Pts',(0.613639953947021,-0.795285241069602,
-6.30557200201278));
#1408=CARTESIAN_POINT('Ctrl Pts',(-0.833214344679321,-0.872456385711363,
-6.94808203765401));
#1409=CARTESIAN_POINT('Ctrl Pts',(-1.12149966062334,-0.949627530353124,
-8.50471361354131));
#1410=CARTESIAN_POINT('Ctrl Pts',(-0.000689003876265316,-1.02679867499488,
-9.62274682101112));
#1411=CARTESIAN_POINT('Ctrl Pts',(1.55522410744497,-1.10396981963665,-9.33060101614362));
#1412=CARTESIAN_POINT('Ctrl Pts',(2.19413818255704,-1.18114096427841,-7.88215388522652));
#1413=CARTESIAN_POINT('Ctrl Pts',(1.36083873179067,-1.25831210892017,-6.53611579783609));
#1414=CARTESIAN_POINT('Ctrl Pts',(-0.220544603621433,-1.33548325356193,
-6.46220319832141));
#1415=CARTESIAN_POINT('Ctrl Pts',(-1.17575199739687,-1.41265439820369,-7.72464722149375));
#1416=CARTESIAN_POINT('Ctrl Pts',(-0.674753423747878,-1.48982554284545,
-9.22637385815365));
#1417=CARTESIAN_POINT('Ctrl Pts',(0.847180572111463,-1.56699668748721,-9.66237475723058));
#1418=CARTESIAN_POINT('Ctrl Pts',(2.06728339951808,-1.64416783212897,-8.65375693808963));
#1419=CARTESIAN_POINT('Ctrl Pts',(1.92565561631026,-1.72133897677074,-7.07702635529868));
#1420=CARTESIAN_POINT('Ctrl Pts',(0.544639170496666,-1.79851012141249,-6.30235350052224));
#1421=CARTESIAN_POINT('Ctrl Pts',(-0.874229777475197,-1.87568126605426,
-7.00297271250725));
#1422=CARTESIAN_POINT('Ctrl Pts',(-1.10071806468668,-1.95285241069602,-8.5699618349576));
#1423=CARTESIAN_POINT('Ctrl Pts',(0.0675283266544535,-2.03002355533778,
-9.64180049138982));
#1424=CARTESIAN_POINT('Ctrl Pts',(1.09118710458106,-2.08147098509895,-9.40471639862242));
#1425=CARTESIAN_POINT('Ctrl Pts',(1.44637715988486,-2.10719469997954,-9.09879644719092));
#1426=CARTESIAN_POINT('Ctrl Pts',(-0.811282020243207,0.107194699979541,
-8.35056132297314));
#1427=CARTESIAN_POINT('Ctrl Pts',(-0.697961763327082,0.0814709850989535,
-8.77443813335031));
#1428=CARTESIAN_POINT('Ctrl Pts',(-0.0314356397009271,0.0300235553377793,
-9.4976228194137));
#1429=CARTESIAN_POINT('Ctrl Pts',(1.43719306824435,-0.0471475893039815,
-9.28491612985248));
#1430=CARTESIAN_POINT('Ctrl Pts',(2.0884544699299,-0.124318733945743,-7.95377357103196));
#1431=CARTESIAN_POINT('Ctrl Pts',(1.36078484024693,-0.201489878587504,-6.66372806300294));
#1432=CARTESIAN_POINT('Ctrl Pts',(-0.115652511947845,-0.278661023229265,
-6.53443650362545));
#1433=CARTESIAN_POINT('Ctrl Pts',(-1.05670253203635,-0.355832167871026,
-7.67897518676749));
#1434=CARTESIAN_POINT('Ctrl Pts',(-0.645163664865332,-0.433003312512787,
-9.10236012506192));
#1435=CARTESIAN_POINT('Ctrl Pts',(0.761631858324579,-0.510174457154549,
-9.56785169295129));
#1436=CARTESIAN_POINT('Ctrl Pts',(1.94101515119547,-0.587345601796309,-8.67083544545551));
#1437=CARTESIAN_POINT('Ctrl Pts',(1.86817313709316,-0.664516746438071,-7.19087588266769));
#1438=CARTESIAN_POINT('Ctrl Pts',(0.606365220657916,-0.741687891079831,
-6.41404187844985));
#1439=CARTESIAN_POINT('Ctrl Pts',(-0.747867787963267,-0.818859035721593,
-7.01542122912931));
#1440=CARTESIAN_POINT('Ctrl Pts',(-1.01769833767572,-0.896030180363354,
-8.47240405340541));
#1441=CARTESIAN_POINT('Ctrl Pts',(0.0313629183348691,-0.973201325005115,
-9.51886566030508));
#1442=CARTESIAN_POINT('Ctrl Pts',(1.48767327100699,-1.05037246964688,-9.2454217533012));
#1443=CARTESIAN_POINT('Ctrl Pts',(2.08568685883743,-1.12754361428864,-7.88969787855243));
#1444=CARTESIAN_POINT('Ctrl Pts',(1.30573159771327,-1.2047147589304,-6.62982726785164));
#1445=CARTESIAN_POINT('Ctrl Pts',(-0.174418486598431,-1.28188590357216,
-6.56064622998846));
#1446=CARTESIAN_POINT('Ctrl Pts',(-1.06847767691072,-1.35905704821392,-7.74227410318872));
#1447=CARTESIAN_POINT('Ctrl Pts',(-0.599550842777004,-1.43622819285568,
-9.14786676253343));
#1448=CARTESIAN_POINT('Ctrl Pts',(0.824955588929519,-1.51339933749744,-9.5559567892065));
#1449=CARTESIAN_POINT('Ctrl Pts',(1.96695276470236,-1.5905704821392,-8.61190627557774));
#1450=CARTESIAN_POINT('Ctrl Pts',(1.83439137331694,-1.66774162678097,-7.13611109499511));
#1451=CARTESIAN_POINT('Ctrl Pts',(0.541781565857356,-1.74491277142273,-6.41102941136112));
#1452=CARTESIAN_POINT('Ctrl Pts',(-0.786257591973108,-1.82208391606449,
-7.06679804282946));
#1453=CARTESIAN_POINT('Ctrl Pts',(-0.9982470887034,-1.89925506070625,-8.53347536879608));
#1454=CARTESIAN_POINT('Ctrl Pts',(0.0952132734483239,-1.97642620534801,
-9.5366995979633));
#1455=CARTESIAN_POINT('Ctrl Pts',(1.05334188940446,-2.02787363510918,-9.31479259284921));
#1456=CARTESIAN_POINT('Ctrl Pts',(1.38579422941067,-2.05359734998977,-9.02845629995665));
#1457=CARTESIAN_POINT('Ctrl Pts',(-0.721598316255551,0.160792049969311,
-8.32658506353109));
#1458=CARTESIAN_POINT('Ctrl Pts',(-0.616028474749824,0.135068335088724,
-8.72147128164647));
#1459=CARTESIAN_POINT('Ctrl Pts',(0.00491132141319431,0.0836209053275495,
-9.3951945396478));
#1460=CARTESIAN_POINT('Ctrl Pts',(1.37309477023206,0.00644976068578872,
-9.19703569218944));
#1461=CARTESIAN_POINT('Ctrl Pts',(1.97981385846735,-0.0707213839559727,
-7.95693517723717));
#1462=CARTESIAN_POINT('Ctrl Pts',(1.30191239967503,-0.147892528597733,-6.75512092509863));
#1463=CARTESIAN_POINT('Ctrl Pts',(-0.0735456296842224,-0.225063673239495,
-6.63467212094871));
#1464=CARTESIAN_POINT('Ctrl Pts',(-0.950233559744568,-0.302234817881256,
-7.70093132883165));
#1465=CARTESIAN_POINT('Ctrl Pts',(-0.56684144466273,-0.379405962523017,
-9.02696540629233));
#1466=CARTESIAN_POINT('Ctrl Pts',(0.743737832650856,-0.456577107164778,
-9.46062018595548));
#1467=CARTESIAN_POINT('Ctrl Pts',(1.84245849117388,-0.533748251806539,-8.62495438662462));
#1468=CARTESIAN_POINT('Ctrl Pts',(1.77459842720111,-0.6109193964483,-7.24621504442532));
#1469=CARTESIAN_POINT('Ctrl Pts',(0.599090487368813,-0.688090541090062,
-6.5225117548869));
#1470=CARTESIAN_POINT('Ctrl Pts',(-0.662521231247214,-0.765261685731823,
-7.08276042060464));
#1471=CARTESIAN_POINT('Ctrl Pts',(-0.913897014728105,-0.842432830373584,
-8.4400944932695));
#1472=CARTESIAN_POINT('Ctrl Pts',(0.063414840546002,-0.919603975015345,
-9.41498449959905));
#1473=CARTESIAN_POINT('Ctrl Pts',(1.42012243456902,-0.996775119657106,-9.16024249045878));
#1474=CARTESIAN_POINT('Ctrl Pts',(1.97723553511783,-1.07394626429887,-7.89724187187835));
#1475=CARTESIAN_POINT('Ctrl Pts',(1.25062446363588,-1.15111740894063,-6.72353873786719));
#1476=CARTESIAN_POINT('Ctrl Pts',(-0.128292369575429,-1.22828855358239,
-6.65908926165551));
#1477=CARTESIAN_POINT('Ctrl Pts',(-0.961203356424559,-1.30545969822415,
-7.75990098488369));
#1478=CARTESIAN_POINT('Ctrl Pts',(-0.52434826180613,-1.38263084286591,-9.06935966691321));
#1479=CARTESIAN_POINT('Ctrl Pts',(0.802730605747575,-1.45980198750767,-9.44953882118242));
#1480=CARTESIAN_POINT('Ctrl Pts',(1.86662212988664,-1.53697313214943,-8.57005561306588));
#1481=CARTESIAN_POINT('Ctrl Pts',(1.74312713032363,-1.6141442767912,-7.19519583469152));
#1482=CARTESIAN_POINT('Ctrl Pts',(0.538923961218046,-1.69131542143295,-6.51970532220001));
#1483=CARTESIAN_POINT('Ctrl Pts',(-0.698285406471018,-1.76848656607472,
-7.13062337315166));
#1484=CARTESIAN_POINT('Ctrl Pts',(-0.895776112720125,-1.84565771071648,
-8.49698890263456));
#1485=CARTESIAN_POINT('Ctrl Pts',(0.122898220242194,-1.92282885535824,-9.43159870453679));
#1486=CARTESIAN_POINT('Ctrl Pts',(1.01549667422785,-1.97427628511941,-9.224868787076));
#1487=CARTESIAN_POINT('Ctrl Pts',(1.32521129893649,-2.,-8.95811615272239));
#1488=CARTESIAN_POINT('Ctrl Pts',(1.32521129893649,-2.,-8.95811615272239));
#1489=CARTESIAN_POINT('Ctrl Pts',(1.29074923456328,-2.,-8.99501868882294));
#1490=CARTESIAN_POINT('Ctrl Pts',(1.25405059958406,-2.,-9.02954951320606));
#1491=CARTESIAN_POINT('Ctrl Pts',(1.21543459688439,-2.,-9.06170309450764));
#1492=CARTESIAN_POINT('Ctrl Pts',(1.17510837444348,-2.,-9.09528068879993));
#1493=CARTESIAN_POINT('Ctrl Pts',(1.13269073183659,-2.,-9.12626643717955));
#1494=CARTESIAN_POINT('Ctrl Pts',(1.08849555663588,-2.,-9.15462623116945));
#1495=CARTESIAN_POINT('Ctrl Pts',(1.05388549555777,-2.,-9.17683531163346));
#1496=CARTESIAN_POINT('Ctrl Pts',(1.01818417055802,-2.,-9.19743347697411));
#1497=CARTESIAN_POINT('Ctrl Pts',(0.981525797313644,-2.,-9.21638943786714));
#1498=CARTESIAN_POINT('Ctrl Pts',(0.96768278282845,-2.,-9.22354762897054));
#1499=CARTESIAN_POINT('Ctrl Pts',(0.953703170400411,-2.,-9.23047149818834));
#1500=CARTESIAN_POINT('Ctrl Pts',(0.939593780339514,-2.,-9.23715880484731));
#1501=CARTESIAN_POINT('Ctrl Pts',(0.927153838598611,-2.,-9.24305485739686));
#1502=CARTESIAN_POINT('Ctrl Pts',(0.914607939523805,-2.,-9.24876905648324));
#1503=CARTESIAN_POINT('Ctrl Pts',(0.901990280377612,-2.,-9.25428721265539));
#1504=CARTESIAN_POINT('Ctrl Pts',(0.852110663335495,-2.,-9.2761013632404));
#1505=CARTESIAN_POINT('Ctrl Pts',(0.801040868471286,-2.,-9.29489145991614));
#1506=CARTESIAN_POINT('Ctrl Pts',(0.749110914767207,-2.,-9.31062589906885));
#1507=CARTESIAN_POINT('Ctrl Pts',(0.696231629442327,-2.,-9.32664797954526));
#1508=CARTESIAN_POINT('Ctrl Pts',(0.64245952644939,-2.,-9.33950226747343));
#1509=CARTESIAN_POINT('Ctrl Pts',(0.588108590176973,-2.,-9.34911466939103));
#1510=CARTESIAN_POINT('Ctrl Pts',(0.551275580558598,-2.,-9.35562888453743));
#1511=CARTESIAN_POINT('Ctrl Pts',(0.514176019349169,-2.,-9.36065337383734));
#1512=CARTESIAN_POINT('Ctrl Pts',(0.476902295423427,-2.,-9.3641525642866));
#1513=CARTESIAN_POINT('Ctrl Pts',(0.462050581960947,-2.,-9.36554681654877));
#1514=CARTESIAN_POINT('Ctrl Pts',(0.447171186522682,-2.,-9.36669878833175));
#1515=CARTESIAN_POINT('Ctrl Pts',(0.432269862592911,-2.,-9.367605734044));
#1516=CARTESIAN_POINT('Ctrl Pts',(0.420345290218393,-2.,-9.36833150444108));
#1517=CARTESIAN_POINT('Ctrl Pts',(0.408404583682567,-2.,-9.3689002881692));
#1518=CARTESIAN_POINT('Ctrl Pts',(0.396473214928059,-2.,-9.36931019848332));
#1519=CARTESIAN_POINT('Ctrl Pts',(0.339697035304173,-2.,-9.37126078287166));
#1520=CARTESIAN_POINT('Ctrl Pts',(0.283024417579297,-2.,-9.36962574469424));
#1521=CARTESIAN_POINT('Ctrl Pts',(0.226786473001752,-2.,-9.36434250950774));
#1522=CARTESIAN_POINT('Ctrl Pts',(0.198416713184464,-2.,-9.36167733185188));
#1523=CARTESIAN_POINT('Ctrl Pts',(0.170157171334004,-2.,-9.35808303801752));
#1524=CARTESIAN_POINT('Ctrl Pts',(0.142048674493792,-2.,-9.35354684031318));
#1525=CARTESIAN_POINT('Ctrl Pts',(0.0878983788717453,-2.,-9.34480797220201));
#1526=CARTESIAN_POINT('Ctrl Pts',(0.0343083866078179,-2.,-9.33257677409271));
#1527=CARTESIAN_POINT('Ctrl Pts',(-0.0185120768520156,-2.,-9.31707839772268));
#1528=CARTESIAN_POINT('Ctrl Pts',(-0.0477273287564208,-2.,-9.30850617135243));
#1529=CARTESIAN_POINT('Ctrl Pts',(-0.0767071634122682,-2.,-9.29893348778069));
#1530=CARTESIAN_POINT('Ctrl Pts',(-0.10541530696873,-2.,-9.28839188720499));
#1531=CARTESIAN_POINT('Ctrl Pts',(-0.113890756037668,-2.,-9.28527971108644));
#1532=CARTESIAN_POINT('Ctrl Pts',(-0.122340554983082,-2.,-9.28208371428969));
#1533=CARTESIAN_POINT('Ctrl Pts',(-0.130755421404018,-2.,-9.27880819267683));
#1534=CARTESIAN_POINT('Ctrl Pts',(-0.183720367700965,-2.,-9.2581913679239));
#1535=CARTESIAN_POINT('Ctrl Pts',(-0.235395763456157,-2.,-9.23439411680011));
#1536=CARTESIAN_POINT('Ctrl Pts',(-0.285563632695113,-2.,-9.20769279883772));
#1537=CARTESIAN_POINT('Ctrl Pts',(-0.336897363105141,-2.,-9.18037096359403));
#1538=CARTESIAN_POINT('Ctrl Pts',(-0.386653610767579,-2.,-9.15000818495952));
#1539=CARTESIAN_POINT('Ctrl Pts',(-0.434593518229952,-2.,-9.11684550460657));
#1540=CARTESIAN_POINT('Ctrl Pts',(-0.466334669158264,-2.,-9.09488839834606));
#1541=CARTESIAN_POINT('Ctrl Pts',(-0.497279443722193,-2.,-9.07170274044076));
#1542=CARTESIAN_POINT('Ctrl Pts',(-0.527354154869629,-2.,-9.04734687644501));
#1543=CARTESIAN_POINT('Ctrl Pts',(-0.543894092429685,-2.,-9.03395208546145));
#1544=CARTESIAN_POINT('Ctrl Pts',(-0.560170795945765,-2.,-9.02020320291655));
#1545=CARTESIAN_POINT('Ctrl Pts',(-0.576171316531753,-2.,-9.00610888306598));
#1546=CARTESIAN_POINT('Ctrl Pts',(-0.586534107703254,-2.,-8.99698064923567));
#1547=CARTESIAN_POINT('Ctrl Pts',(-0.596782723844773,-2.,-8.98770574550461));
#1548=CARTESIAN_POINT('Ctrl Pts',(-0.606896724688965,-2.,-8.97830256672645));
#1549=CARTESIAN_POINT('Ctrl Pts',(-0.651108081344372,-2.,-8.93719842830883));
#1550=CARTESIAN_POINT('Ctrl Pts',(-0.692820008047107,-2.,-8.89358620578571));
#1551=CARTESIAN_POINT('Ctrl Pts',(-0.731771997665808,-2.,-8.84771231115808));
#1552=CARTESIAN_POINT('Ctrl Pts',(-0.753220222882228,-2.,-8.82245266118489));
#1553=CARTESIAN_POINT('Ctrl Pts',(-0.773831299628804,-2.,-8.79650641601085));
#1554=CARTESIAN_POINT('Ctrl Pts',(-0.793558118121903,-2.,-8.76990901999599));
#1555=CARTESIAN_POINT('Ctrl Pts',(-0.802730004740426,-2.,-8.75754269236533));
#1556=CARTESIAN_POINT('Ctrl Pts',(-0.81171069396472,-2.,-8.74503555052848));
#1557=CARTESIAN_POINT('Ctrl Pts',(-0.820495198616502,-2.,-8.73239089836941));
#1558=CARTESIAN_POINT('Ctrl Pts',(-0.827235854296859,-2.,-8.7226882173668));
#1559=CARTESIAN_POINT('Ctrl Pts',(-0.833860294536599,-2.,-8.71290543025682));
#1560=CARTESIAN_POINT('Ctrl Pts',(-0.840360923601487,-2.,-8.70305254089923));
#1561=CARTESIAN_POINT('Ctrl Pts',(-0.873853346951041,-2.,-8.65228866277498));
#1562=CARTESIAN_POINT('Ctrl Pts',(-0.904103005221272,-2.,-8.59960854766233));
#1563=CARTESIAN_POINT('Ctrl Pts',(-0.93083514380684,-2.,-8.54524049597348));
#1564=CARTESIAN_POINT('Ctrl Pts',(-0.935781972335816,-2.,-8.53517959387624));
#1565=CARTESIAN_POINT('Ctrl Pts',(-0.940608249520164,-2.,-8.52506078389404));
#1566=CARTESIAN_POINT('Ctrl Pts',(-0.945312092251245,-2.,-8.51488537488487));
#1567=CARTESIAN_POINT('Ctrl Pts',(-0.962733037476245,-2.,-8.47720017724435));
#1568=CARTESIAN_POINT('Ctrl Pts',(-0.978475495653152,-2.,-8.43873915776593));
#1569=CARTESIAN_POINT('Ctrl Pts',(-0.992564492052037,-2.,-8.39960888714333));
#1570=CARTESIAN_POINT('Ctrl Pts',(0.500900706533491,-0.443419673619417,
-9.26519987751583));
#1571=CARTESIAN_POINT('Ctrl Pts',(0.5704756576105,-0.447805484801204,-9.26576427361303));
#1572=CARTESIAN_POINT('Ctrl Pts',(0.639965072910243,-0.452191295982991,
-9.2604903551474));
#1573=CARTESIAN_POINT('Ctrl Pts',(0.708428062852424,-0.456577107164778,
-9.24906675612315));
#1574=CARTESIAN_POINT('Ctrl Pts',(1.10997805215853,-0.482300822045365,-9.18206491951187));
#1575=CARTESIAN_POINT('Ctrl Pts',(1.4762182716662,-0.508024536925952,-8.90350965306824));
#1576=CARTESIAN_POINT('Ctrl Pts',(1.64802837075791,-0.533748251806539,-8.53444212947988));
#1577=CARTESIAN_POINT('Ctrl Pts',(1.81983846984962,-0.559471966687126,-8.16537460589152));
#1578=CARTESIAN_POINT('Ctrl Pts',(1.79721844852536,-0.585195681567713,-7.70579482515842));
#1579=CARTESIAN_POINT('Ctrl Pts',(1.58999044789119,-0.6109193964483,-7.3553877198688));
#1580=CARTESIAN_POINT('Ctrl Pts',(1.38276244725701,-0.636643111328887,-7.00498061457918));
#1581=CARTESIAN_POINT('Ctrl Pts',(0.990926467312909,-0.662366826209475,
-6.76374618473304));
#1582=CARTESIAN_POINT('Ctrl Pts',(0.584739857571521,-0.688090541090062,
-6.73650374742959));
#1583=CARTESIAN_POINT('Ctrl Pts',(0.178553247830136,-0.713814255970649,
-6.70926131012615));
#1584=CARTESIAN_POINT('Ctrl Pts',(-0.241983991708534,-0.739537970851235,
-6.89601086536539));
#1585=CARTESIAN_POINT('Ctrl Pts',(-0.494148575391355,-0.765261685731822,
-7.21560798842916));
#1586=CARTESIAN_POINT('Ctrl Pts',(-0.746313159074176,-0.79098540061241,
-7.53520511149292));
#1587=CARTESIAN_POINT('Ctrl Pts',(-0.830105086901141,-0.816709115492997,
-7.98764980238122));
#1588=CARTESIAN_POINT('Ctrl Pts',(-0.709115741602272,-0.842432830373584,
-8.37635381554695));
#1589=CARTESIAN_POINT('Ctrl Pts',(-0.588126396303402,-0.868156545254171,
-8.76505782871268));
#1590=CARTESIAN_POINT('Ctrl Pts',(-0.262355777878699,-0.893880260134758,
-9.09002116415586));
#1591=CARTESIAN_POINT('Ctrl Pts',(0.126647463670821,-0.919603975015345,
-9.21004583035408));
#1592=CARTESIAN_POINT('Ctrl Pts',(0.246697308723097,-0.927542541216702,
-9.24708650518792));
#1593=CARTESIAN_POINT('Ctrl Pts',(0.372769392475997,-0.935481107418059,
-9.26460893889573));
#1594=CARTESIAN_POINT('Ctrl Pts',(0.499088287817014,-0.943419673619416,
-9.26369755604375));
#1595=CARTESIAN_POINT('Ctrl Pts',(-0.990649428218517,0.,-8.39851384185723));
#1596=CARTESIAN_POINT('Ctrl Pts',(-0.970003582263563,6.6787122850571E-19,
-8.45501651978175));
#1597=CARTESIAN_POINT('Ctrl Pts',(-0.945872635613057,1.32125291565158E-16,
-8.5100127437872));
#1598=CARTESIAN_POINT('Ctrl Pts',(-0.918538975023038,1.12757025938492E-16,
-8.56331180137584));
#1599=CARTESIAN_POINT('Ctrl Pts',(-0.890923946708234,9.31893869123338E-17,
-8.61715950975779));
#1600=CARTESIAN_POINT('Ctrl Pts',(-0.860039053433315,7.22746223273906E-17,
-8.66927569280143));
#1601=CARTESIAN_POINT('Ctrl Pts',(-0.826131103087743,1.00613961606655E-16,
-8.71943221372577));
#1602=CARTESIAN_POINT('Ctrl Pts',(-0.801002440488848,1.21615811844332E-16,
-8.75660244308488));
#1603=CARTESIAN_POINT('Ctrl Pts',(-0.774212507460251,-2.02697193952151E-16,
-8.7926958142477));
#1604=CARTESIAN_POINT('Ctrl Pts',(-0.745850571793479,-2.04697370165263E-16,
-8.82760478163077));
#1605=CARTESIAN_POINT('Ctrl Pts',(-0.731885906448061,-2.0568220391484E-16,
-8.84479303185411));
#1606=CARTESIAN_POINT('Ctrl Pts',(-0.717540016626422,1.5122347291846E-16,
-8.86169393503823));
#1607=CARTESIAN_POINT('Ctrl Pts',(-0.702822971845628,1.59594559789866E-16,
-8.87829333876624));
#1608=CARTESIAN_POINT('Ctrl Pts',(-0.696068003665085,1.63436800286865E-16,
-8.88591228983073));
#1609=CARTESIAN_POINT('Ctrl Pts',(-0.689233211688729,6.16927679457988E-17,
-8.89346946835982));
#1610=CARTESIAN_POINT('Ctrl Pts',(-0.682324906195776,5.89805981832114E-17,
-8.90095765314046));
#1611=CARTESIAN_POINT('Ctrl Pts',(-0.642189229597231,4.3223511502172E-17,
-8.94446229591756));
#1612=CARTESIAN_POINT('Ctrl Pts',(-0.599685766414321,-6.03900723381302E-17,
-8.98552391515289));
#1613=CARTESIAN_POINT('Ctrl Pts',(-0.555053601317162,-4.85722573273506E-17,
-9.02393680785461));
#1614=CARTESIAN_POINT('Ctrl Pts',(-0.511216033469551,-3.69648377406513E-17,
-9.06166582652016));
#1615=CARTESIAN_POINT('Ctrl Pts',(-0.465323950717574,1.33607204046708E-17,
-9.09684006678213));
#1616=CARTESIAN_POINT('Ctrl Pts',(-0.417579367563403,-2.08166817117217E-17,
-9.1292220757935));
#1617=CARTESIAN_POINT('Ctrl Pts',(-0.383527118152029,-4.51925866670998E-17,
-9.15231747582529));
#1618=CARTESIAN_POINT('Ctrl Pts',(-0.348532012699353,9.98239453071436E-17,
-9.17399166756376));
#1619=CARTESIAN_POINT('Ctrl Pts',(-0.312663314450474,8.32667268468867E-17,
-9.19414289864179));
#1620=CARTESIAN_POINT('Ctrl Pts',(-0.289940254326647,7.27776182668865E-17,
-9.20690883824121));
#1621=CARTESIAN_POINT('Ctrl Pts',(-0.266866540249554,1.87011492916489E-17,
-9.21906329769701));
#1622=CARTESIAN_POINT('Ctrl Pts',(-0.243459553220149,-6.93889390390723E-18,
-9.23057737233474));
#1623=CARTESIAN_POINT('Ctrl Pts',(-0.234174314702225,-1.71099559197715E-17,
-9.23514485166005));
#1624=CARTESIAN_POINT('Ctrl Pts',(-0.224836436076749,4.66033141811952E-17,
-9.23961150687412));
#1625=CARTESIAN_POINT('Ctrl Pts',(-0.215460597371312,4.16333634234434E-17,
-9.24396945639027));
#1626=CARTESIAN_POINT('Ctrl Pts',(-0.164814546952582,1.47868716520196E-17,
-9.26751006303371));
#1627=CARTESIAN_POINT('Ctrl Pts',(-0.112965421939076,8.1590932571609E-17,
-9.28793107511487));
#1628=CARTESIAN_POINT('Ctrl Pts',(-0.0601015123130932,4.16333634234434E-17,
-9.30501816091844));
#1629=CARTESIAN_POINT('Ctrl Pts',(-0.0305944116873935,1.93302076039996E-17,
-9.3145556764706));
#1630=CARTESIAN_POINT('Ctrl Pts',(-0.000770876490814601,-1.06081802547674E-16,
-9.32305363850361));
#1631=CARTESIAN_POINT('Ctrl Pts',(0.0293375588130922,-1.2490009027033E-16,
-9.33046775155723));
#1632=CARTESIAN_POINT('Ctrl Pts',(0.0819222180238982,-1.72861461523161E-16,
-9.34341656820413));
#1633=CARTESIAN_POINT('Ctrl Pts',(0.135376628084612,-7.13401734281611E-17,
-9.35306150731407));
#1634=CARTESIAN_POINT('Ctrl Pts',(0.189403618699916,-1.2490009027033E-16,
-9.35945193105156));
#1635=CARTESIAN_POINT('Ctrl Pts',(0.215036081547216,-1.50310955523529E-16,
-9.36248379155617));
#1636=CARTESIAN_POINT('Ctrl Pts',(0.2407973106462,-8.64430850035366E-17,
-9.36478247175353));
#1637=CARTESIAN_POINT('Ctrl Pts',(0.266654476892902,-8.32667268468867E-17,
-9.36635005070642));
#1638=CARTESIAN_POINT('Ctrl Pts',(0.281545231314,-8.14375098007164E-17,
-9.36725279592608));
#1639=CARTESIAN_POINT('Ctrl Pts',(0.296474256180074,5.20190095976599E-17,
-9.36791304578036));
#1640=CARTESIAN_POINT('Ctrl Pts',(0.311399591884491,5.55111512312578E-17,
-9.3683304381886));
#1641=CARTESIAN_POINT('Ctrl Pts',(0.367103505631755,6.85444229916778E-17,
-9.36988821827261));
#1642=CARTESIAN_POINT('Ctrl Pts',(0.422831150939621,5.87871750452003E-17,
-9.3680748485131));
#1643=CARTESIAN_POINT('Ctrl Pts',(0.478263320761154,2.77555756156289E-17,
-9.36298374647352));
#1644=CARTESIAN_POINT('Ctrl Pts',(0.533575705714236,-3.2089667951128E-18,
-9.35790364593344));
#1645=CARTESIAN_POINT('Ctrl Pts',(0.588595028985349,-3.23733083412364E-18,
-9.34955953048671));
#1646=CARTESIAN_POINT('Ctrl Pts',(0.642988752500302,-4.16333634234434E-17,
-9.33799520690383));
#1647=CARTESIAN_POINT('Ctrl Pts',(0.678804353092733,-6.69152687369307E-17,
-9.33038066669953));
#1648=CARTESIAN_POINT('Ctrl Pts',(0.71434836981625,1.00855020107914E-16,
-9.32136899229967));
#1649=CARTESIAN_POINT('Ctrl Pts',(0.749518642587433,1.38777878078145E-16,
-9.31096239221434));
#1650=CARTESIAN_POINT('Ctrl Pts',(0.769076701406605,1.59866639362379E-16,
-9.30517532033404));
#1651=CARTESIAN_POINT('Ctrl Pts',(0.788519062790238,2.55605325868307E-16,
-9.298956738004));
#1652=CARTESIAN_POINT('Ctrl Pts',(0.807827109727137,2.91433543964104E-16,
-9.29230603077751));
#1653=CARTESIAN_POINT('Ctrl Pts',(0.818559239938918,3.11348199398534E-16,
-9.28860932047903));
#1654=CARTESIAN_POINT('Ctrl Pts',(0.829240783527344,-1.83058126084645E-16,
-9.2847821980586));
#1655=CARTESIAN_POINT('Ctrl Pts',(0.8398667788076,-1.80411241501588E-16,
-9.28082589766064));
#1656=CARTESIAN_POINT('Ctrl Pts',(0.889976825808067,-1.67929068550857E-16,
-9.26216878426455));
#1657=CARTESIAN_POINT('Ctrl Pts',(0.938869513559672,4.0157838554854E-16,
-9.24063671142138));
#1658=CARTESIAN_POINT('Ctrl Pts',(0.98622930974311,5.82867087928207E-16,
-9.21625829069502));
#1659=CARTESIAN_POINT('Ctrl Pts',(1.01225075171715,6.82474641796259E-16,
-9.20286377231719));
#1660=CARTESIAN_POINT('Ctrl Pts',(1.03780889950343,1.68166364412922E-16,
-9.18860928674763));
#1661=CARTESIAN_POINT('Ctrl Pts',(1.06284651935652,1.66533453693773E-16,
-9.17349488574954));
#1662=CARTESIAN_POINT('Ctrl Pts',(1.0738460014897,1.65816086292809E-16,
-9.16685485428058));
#1663=CARTESIAN_POINT('Ctrl Pts',(1.08474676248758,6.87759053474033E-17,
-9.16004765487644));
#1664=CARTESIAN_POINT('Ctrl Pts',(1.09553795195885,8.32667268468867E-17,
-9.15307683017833));
#1665=CARTESIAN_POINT('Ctrl Pts',(1.13878370301993,1.41338773575934E-16,
-9.12514121192347));
#1666=CARTESIAN_POINT('Ctrl Pts',(1.18018174990976,8.49405516589558E-17,
-9.09464047682561));
#1667=CARTESIAN_POINT('Ctrl Pts',(1.2194305312792,2.77555756156289E-16,
-9.06159040287082));
#1668=CARTESIAN_POINT('Ctrl Pts',(1.23072667069406,3.32992081247299E-16,
-9.05207830516897));
#1669=CARTESIAN_POINT('Ctrl Pts',(1.24184452723627,-2.66720307838255E-17,
-9.04235482722228));
#1670=CARTESIAN_POINT('Ctrl Pts',(1.25277625830225,-8.32667268468867E-17,
-9.03241985833571));
#1671=CARTESIAN_POINT('Ctrl Pts',(1.2782046881736,-2.15682180909711E-16,
-9.00931000884512));
#1672=CARTESIAN_POINT('Ctrl Pts',(1.30262660468688,-4.6191437463776E-18,
-8.98505599032355));
#1673=CARTESIAN_POINT('Ctrl Pts',(1.32600223113216,0.,-8.95974181993932));
#1674=CARTESIAN_POINT('Origin',(0.,-2.,0.));
#1675=CARTESIAN_POINT('',(6.,-2.,-1.));
#1676=CARTESIAN_POINT('',(6.,-2.,-20.1177737934952));
#1677=CARTESIAN_POINT('',(6.,-2.,-22.5));
#1678=CARTESIAN_POINT('',(5.95223357780454,-2.,-0.244410537887));
#1679=CARTESIAN_POINT('Origin',(0.,-2.,-1.));
#1680=CARTESIAN_POINT('',(3.96019464817045,-2.,15.4480806889011));
#1681=CARTESIAN_POINT('',(5.82730455093164,-2.,0.739730700022549));
#1682=CARTESIAN_POINT('',(-6.,-2.,14.818422803807));
#1683=CARTESIAN_POINT('Origin',(-0.999999999999998,-2.,14.818422803807));
#1684=CARTESIAN_POINT('',(-6.,-2.,-0.999999999999999));
#1685=CARTESIAN_POINT('',(-6.,-2.,-22.5));
#1686=CARTESIAN_POINT('',(-5.94011955396972,-2.,-1.84556471339957));
#1687=CARTESIAN_POINT('Origin',(0.,-2.,-1.));
#1688=CARTESIAN_POINT('',(-3.25827243551238,-2.,-20.6856277584357));
#1689=CARTESIAN_POINT('',(-6.07964053975338,-2.,-0.86542526019253));
#1690=CARTESIAN_POINT('',(-1.17002206664048,-2.,-22.4008433294136));
#1691=CARTESIAN_POINT('Origin',(-1.27823258418914,-2.,-20.4037728539692));
#1692=CARTESIAN_POINT('',(4.10821051754866,-2.,-22.1148442689397));
#1693=CARTESIAN_POINT('',(1.20680303014446,-2.,-22.2720559495949));
#1694=CARTESIAN_POINT('Origin',(4.,-2.,-20.1177737934952));
#1695=CARTESIAN_POINT('',(-3.,-2.,4.));
#1696=CARTESIAN_POINT('Origin',(-3.,-2.,5.));
#1697=CARTESIAN_POINT('',(1.,-2.,-21.25));
#1698=CARTESIAN_POINT('Origin',(1.,-2.,-18.));
#1699=CARTESIAN_POINT('',(-0.999999999999998,-2.,11.818422803807));
#1700=CARTESIAN_POINT('Origin',(-0.999999999999998,-2.,14.818422803807));
#1701=CARTESIAN_POINT('',(4.28626379701574E-16,-2.,-4.5));
#1702=CARTESIAN_POINT('Origin',(0.,-2.,-1.));
#1703=CARTESIAN_POINT('Origin',(0.499999999999999,0.5,-8.));
#1704=CARTESIAN_POINT('Origin',(1.,-0.299999999999995,-18.));
#1705=CARTESIAN_POINT('',(1.,-0.299999999999995,-19.55));
#1706=CARTESIAN_POINT('Origin',(1.,-0.299999999999995,-18.));
#1707=CARTESIAN_POINT('',(1.,-0.299999999999995,-19.55));
#1708=CARTESIAN_POINT('Origin',(1.,0.5,-18.));
#1709=CARTESIAN_POINT('',(1.,0.,-19.55));
#1710=CARTESIAN_POINT('Origin',(1.,0.,-18.));
#1711=CARTESIAN_POINT('',(1.,0.5,-19.55));
#1712=CARTESIAN_POINT('Origin',(-3.,8.,5.));
#1713=CARTESIAN_POINT('',(-3.,0.,4.));
#1714=CARTESIAN_POINT('Origin',(-3.,0.,5.));
#1715=CARTESIAN_POINT('',(-3.,8.,4.));
#1716=CARTESIAN_POINT('Origin',(-1.27823258418914,8.,-20.4037728539692));
#1717=CARTESIAN_POINT('',(-3.25827243551238,0.,-20.6856277584357));
#1718=CARTESIAN_POINT('',(-3.25827243551238,0.,-20.6856277584357));
#1719=CARTESIAN_POINT('',(-1.17002206664048,0.,-22.4008433294136));
#1720=CARTESIAN_POINT('Origin',(-1.27823258418914,0.,-20.4037728539692));
#1721=CARTESIAN_POINT('',(-1.17002206664048,-2.,-22.4008433294136));
#1722=CARTESIAN_POINT('Origin',(-0.999999999999998,0.5,14.818422803807));
#1723=CARTESIAN_POINT('',(-6.,0.,14.818422803807));
#1724=CARTESIAN_POINT('',(3.96019464817045,0.,15.4480806889011));
#1725=CARTESIAN_POINT('Origin',(-0.999999999999998,0.,14.818422803807));
#1726=CARTESIAN_POINT('',(-6.,0.5,14.818422803807));
#1727=CARTESIAN_POINT('',(3.96019464817045,0.5,15.4480806889011));
#1728=CARTESIAN_POINT('Origin',(0.,0.5,-1.));
#1729=CARTESIAN_POINT('',(4.28626379701574E-16,0.,-4.5));
#1730=CARTESIAN_POINT('Origin',(0.,0.,-1.));
#1731=CARTESIAN_POINT('',(4.28626379701574E-16,0.5,-4.5));
#1732=CARTESIAN_POINT('Origin',(-0.999999999999998,0.5,14.818422803807));
#1733=CARTESIAN_POINT('',(-0.999999999999998,0.,11.818422803807));
#1734=CARTESIAN_POINT('Origin',(-0.999999999999998,0.,14.818422803807));
#1735=CARTESIAN_POINT('',(-0.999999999999998,0.5,11.818422803807));
#1736=CARTESIAN_POINT('Origin',(0.,0.,0.));
#1737=CARTESIAN_POINT('',(4.10821051754866,0.,-22.1148442689397));
#1738=CARTESIAN_POINT('',(1.20680303014446,0.,-22.2720559495949));
#1739=CARTESIAN_POINT('',(-5.94011955396972,0.,-1.84556471339957));
#1740=CARTESIAN_POINT('',(-6.07964053975338,0.,-0.86542526019253));
#1741=CARTESIAN_POINT('',(-6.,0.,-1.));
#1742=CARTESIAN_POINT('Origin',(0.,0.,-1.));
#1743=CARTESIAN_POINT('',(-6.,0.,-22.5));
#1744=CARTESIAN_POINT('',(5.95223357780454,0.,-0.244410537887));
#1745=CARTESIAN_POINT('',(5.82730455093164,0.,0.739730700022549));
#1746=CARTESIAN_POINT('',(6.,0.,-1.));
#1747=CARTESIAN_POINT('Origin',(0.,0.,-1.));
#1748=CARTESIAN_POINT('',(6.,0.,-20.1177737934952));
#1749=CARTESIAN_POINT('',(6.,0.,-22.5));
#1750=CARTESIAN_POINT('Origin',(4.,0.,-20.1177737934952));
#1751=CARTESIAN_POINT('Origin',(-6.,-2.,-22.5));
#1752=CARTESIAN_POINT('',(-6.,8.,-0.999999999999999));
#1753=CARTESIAN_POINT('Origin',(6.,-2.,-22.5));
#1754=CARTESIAN_POINT('',(6.,0.5,-1.));
#1755=CARTESIAN_POINT('',(6.,-2.,-20.1177737934952));
#1756=CARTESIAN_POINT('Origin',(5.82730455093164,0.5,0.739730700022549));
#1757=CARTESIAN_POINT('',(5.95223357780454,0.5,-0.244410537887));
#1758=CARTESIAN_POINT('Origin',(0.,0.5,-1.));
#1759=CARTESIAN_POINT('Origin',(-6.07964053975338,8.,-0.86542526019253));
#1760=CARTESIAN_POINT('',(-5.94011955396972,8.,-1.84556471339957));
#1761=CARTESIAN_POINT('Origin',(0.,8.,-1.));
#1762=CARTESIAN_POINT('Origin',(1.20680303014446,8.,-22.2720559495949));
#1763=CARTESIAN_POINT('',(4.10821051754866,8.,-22.1148442689397));
#1764=CARTESIAN_POINT('Origin',(4.,-2.,-20.1177737934952));
#1765=CARTESIAN_POINT('',(-1.60250735316221,-2.61167420103581,-11.010995420114));
#1766=CARTESIAN_POINT('',(12.3221328359405,10.2116742010358,10.0895053000117));
#1767=UNCERTAINTY_MEASURE_WITH_UNIT(LENGTH_MEASURE(0.01),#1775,
'DISTANCE_ACCURACY_VALUE',
'Maximum model space distance between geometric entities at asserted c
onnectivities');
#1768=UNCERTAINTY_MEASURE_WITH_UNIT(LENGTH_MEASURE(0.01),#1775,
'DISTANCE_ACCURACY_VALUE',
'Maximum model space distance between geometric entities at asserted c
onnectivities');
#1769=UNCERTAINTY_MEASURE_WITH_UNIT(LENGTH_MEASURE(0.01),#1775,
'DISTANCE_ACCURACY_VALUE',
'Maximum model space distance between geometric entities at asserted c
onnectivities');
#1770=UNCERTAINTY_MEASURE_WITH_UNIT(LENGTH_MEASURE(0.01),#1775,
'DISTANCE_ACCURACY_VALUE',
'Maximum model space distance between geometric entities at asserted c
onnectivities');
#1771=(
GEOMETRIC_REPRESENTATION_CONTEXT(3)
GLOBAL_UNCERTAINTY_ASSIGNED_CONTEXT((#1767))
GLOBAL_UNIT_ASSIGNED_CONTEXT((#1775,#1777,#1778))
REPRESENTATION_CONTEXT('','3D')
);
#1772=(
GEOMETRIC_REPRESENTATION_CONTEXT(3)
GLOBAL_UNCERTAINTY_ASSIGNED_CONTEXT((#1768))
GLOBAL_UNIT_ASSIGNED_CONTEXT((#1775,#1777,#1778))
REPRESENTATION_CONTEXT('','3D')
);
#1773=(
GEOMETRIC_REPRESENTATION_CONTEXT(3)
GLOBAL_UNCERTAINTY_ASSIGNED_CONTEXT((#1769))
GLOBAL_UNIT_ASSIGNED_CONTEXT((#1775,#1777,#1778))
REPRESENTATION_CONTEXT('','3D')
);
#1774=(
GEOMETRIC_REPRESENTATION_CONTEXT(3)
GLOBAL_UNCERTAINTY_ASSIGNED_CONTEXT((#1770))
GLOBAL_UNIT_ASSIGNED_CONTEXT((#1775,#1777,#1778))
REPRESENTATION_CONTEXT('','3D')
);
#1775=(
LENGTH_UNIT()
NAMED_UNIT(*)
SI_UNIT(.MILLI.,.METRE.)
);
#1776=(
LENGTH_UNIT()
NAMED_UNIT(*)
SI_UNIT($,.METRE.)
);
#1777=(
NAMED_UNIT(*)
PLANE_ANGLE_UNIT()
SI_UNIT($,.RADIAN.)
);
#1778=(
NAMED_UNIT(*)
SI_UNIT($,.STERADIAN.)
SOLID_ANGLE_UNIT()
);
#1779=SHAPE_DEFINITION_REPRESENTATION(#1782,#1787);
#1780=SHAPE_DEFINITION_REPRESENTATION(#1783,#1788);
#1781=SHAPE_DEFINITION_REPRESENTATION(#1784,#1789);
#1782=PRODUCT_DEFINITION_SHAPE('',$,#1791);
#1783=PRODUCT_DEFINITION_SHAPE('',$,#1792);
#1784=PRODUCT_DEFINITION_SHAPE('',$,#1793);
#1785=PRODUCT_DEFINITION_SHAPE($,$,#17);
#1786=PRODUCT_DEFINITION_SHAPE($,$,#18);
#1787=SHAPE_REPRESENTATION('',(#578,#632),#1771);
#1788=SHAPE_REPRESENTATION('',(#579,#631),#1772);
#1789=SHAPE_REPRESENTATION('',(#580),#1773);
#1790=PRODUCT_DEFINITION_CONTEXT('part definition',#1801,'design');
#1791=PRODUCT_DEFINITION('YUDX Extruder','YUDX Extruder v9',#1794,#1790);
#1792=PRODUCT_DEFINITION('gear_set_assumble','gear_set_assumble',#1795,
#1790);
#1793=PRODUCT_DEFINITION('gear_container_metal_part_mirror',
'gear_container_metal_part_mirror',#1796,#1790);
#1794=PRODUCT_DEFINITION_FORMATION('',$,#1803);
#1795=PRODUCT_DEFINITION_FORMATION('',$,#1804);
#1796=PRODUCT_DEFINITION_FORMATION('',$,#1805);
#1797=PRODUCT_RELATED_PRODUCT_CATEGORY('YUDX Extruder v9',
'YUDX Extruder v9',(#1803));
#1798=PRODUCT_RELATED_PRODUCT_CATEGORY('gear_set_assumble',
'gear_set_assumble',(#1804));
#1799=PRODUCT_RELATED_PRODUCT_CATEGORY(
'gear_container_metal_part_mirror','gear_container_metal_part_mirror',(#1805));
#1800=APPLICATION_PROTOCOL_DEFINITION('international standard',
'automotive_design',2009,#1801);
#1801=APPLICATION_CONTEXT(
'Core Data for Automotive Mechanical Design Process');
#1802=PRODUCT_CONTEXT('part definition',#1801,'mechanical');
#1803=PRODUCT('YUDX Extruder','YUDX Extruder v9','STEP AP214',(#1802));
#1804=PRODUCT('gear_set_assumble','gear_set_assumble',$,(#1802));
#1805=PRODUCT('gear_container_metal_part_mirror',
'gear_container_metal_part_mirror',$,(#1802));
#1806=PRESENTATION_STYLE_ASSIGNMENT((#1809));
#1807=PRESENTATION_STYLE_ASSIGNMENT((#1810));
#1808=PRESENTATION_STYLE_ASSIGNMENT((#1811));
#1809=SURFACE_STYLE_USAGE(.BOTH.,#1812);
#1810=SURFACE_STYLE_USAGE(.BOTH.,#1813);
#1811=SURFACE_STYLE_USAGE(.BOTH.,#1814);
#1812=SURFACE_SIDE_STYLE('',(#1815));
#1813=SURFACE_SIDE_STYLE('',(#1816));
#1814=SURFACE_SIDE_STYLE('',(#1817));
#1815=SURFACE_STYLE_FILL_AREA(#1818);
#1816=SURFACE_STYLE_FILL_AREA(#1819);
#1817=SURFACE_STYLE_FILL_AREA(#1820);
#1818=FILL_AREA_STYLE('Steel - Satin',(#1821));
#1819=FILL_AREA_STYLE('Black',(#1822));
#1820=FILL_AREA_STYLE('Opaque(255,255,255)',(#1823));
#1821=FILL_AREA_STYLE_COLOUR('Steel - Satin',#1824);
#1822=FILL_AREA_STYLE_COLOUR('Black',#1825);
#1823=FILL_AREA_STYLE_COLOUR('Opaque(255,255,255)',#1826);
#1824=COLOUR_RGB('Steel - Satin',0.627450980392157,0.627450980392157,0.627450980392157);
#1825=COLOUR_RGB('Black',0.172549019607843,0.172549019607843,0.172549019607843);
#1826=COLOUR_RGB('Opaque(255,255,255)',1.,1.,1.);
ENDSEC;
END-ISO-10303-21;
