ISO-10303-21;
HEADER;
/* Generated by software containing ST-Developer
 * from STEP Tools, Inc. (www.steptools.com) 
 */

FILE_DESCRIPTION(
/* description */ ('STEP AP214'),
/* implementation_level */ '2;1');

FILE_NAME(
/* name */ '2x_gear_container_metal_part.step',
/* time_stamp */ '2026-09-12T10:21:12+02:00',
/* author */ (''),
/* organization */ (''),
/* preprocessor_version */ 'ST-DEVELOPER v20.2',
/* originating_system */ 'Autodesk Translation Framework v15.15.0.0',
/* authorisation */ '');

FILE_SCHEMA (('AUTOMOTIVE_DESIGN { 1 0 10303 214 3 1 1 }'));
ENDSEC;

DATA;
#10=MECHANICAL_DESIGN_GEOMETRIC_PRESENTATION_REPRESENTATION('',(#21),#1774);
#11=ITEM_DEFINED_TRANSFORMATION($,$,#580,#631);
#12=ITEM_DEFINED_TRANSFORMATION($,$,#579,#632);
#13=(
REPRESENTATION_RELATIONSHIP($,$,#1789,#1788)
REPRESENTATION_RELATIONSHIP_WITH_TRANSFORMATION(#11)
SHAPE_REPRESENTATION_RELATIONSHIP()
);
#14=(
REPRESENTATION_RELATIONSHIP($,$,#1788,#1787)
REPRESENTATION_RELATIONSHIP_WITH_TRANSFORMATION(#12)
SHAPE_REPRESENTATION_RELATIONSHIP()
);
#15=CONTEXT_DEPENDENT_SHAPE_REPRESENTATION(#13,#1785);
#16=CONTEXT_DEPENDENT_SHAPE_REPRESENTATION(#14,#1786);
#17=NEXT_ASSEMBLY_USAGE_OCCURRENCE('gear_container_metal_part:1',
'gear_container_metal_part:1','gear_container_metal_part:1',#1792,#1793,
'gear_container_metal_part:1');
#18=NEXT_ASSEMBLY_USAGE_OCCURRENCE('gear_set_assumble:1',
'gear_set_assumble:1','gear_set_assumble:1',#1791,#1792,
'gear_set_assumble:1');
#19=SHAPE_REPRESENTATION_RELATIONSHIP('SRR','None',#1789,#20);
#20=ADVANCED_BREP_SHAPE_REPRESENTATION('',(#22),#1773);
#21=STYLED_ITEM('',(#1808),#22);
#22=MANIFOLD_SOLID_BREP('Body1',#565);
#23=CONICAL_SURFACE('',#605,1.55,0.785398163397451);
#24=FACE_BOUND('',#84,.T.);
#25=FACE_BOUND('',#85,.T.);
#26=FACE_BOUND('',#86,.T.);
#27=FACE_BOUND('',#87,.T.);
#28=FACE_BOUND('',#88,.T.);
#29=FACE_BOUND('',#98,.T.);
#30=FACE_BOUND('',#99,.T.);
#31=FACE_BOUND('',#100,.T.);
#32=FACE_BOUND('',#101,.T.);
#33=FACE_BOUND('',#102,.T.);
#34=PLANE('',#594);
#35=PLANE('',#619);
#36=PLANE('',#623);
#37=PLANE('',#624);
#38=PLANE('',#625);
#39=PLANE('',#627);
#40=PLANE('',#629);
#41=B_SPLINE_SURFACE_WITH_KNOTS('',3,3,((#1054,#1055,#1056,#1057,#1058,
#1059,#1060,#1061,#1062,#1063,#1064,#1065,#1066,#1067,#1068,#1069,#1070,
#1071,#1072,#1073,#1074,#1075,#1076,#1077,#1078,#1079,#1080,#1081,#1082,
#1083,#1084),(#1085,#1086,#1087,#1088,#1089,#1090,#1091,#1092,#1093,#1094,
#1095,#1096,#1097,#1098,#1099,#1100,#1101,#1102,#1103,#1104,#1105,#1106,
#1107,#1108,#1109,#1110,#1111,#1112,#1113,#1114,#1115),(#1116,#1117,#1118,
#1119,#1120,#1121,#1122,#1123,#1124,#1125,#1126,#1127,#1128,#1129,#1130,
#1131,#1132,#1133,#1134,#1135,#1136,#1137,#1138,#1139,#1140,#1141,#1142,
#1143,#1144,#1145,#1146),(#1147,#1148,#1149,#1150,#1151,#1152,#1153,#1154,
#1155,#1156,#1157,#1158,#1159,#1160,#1161,#1162,#1163,#1164,#1165,#1166,
#1167,#1168,#1169,#1170,#1171,#1172,#1173,#1174,#1175,#1176,#1177)),
 .UNSPECIFIED.,.F.,.F.,.F.,(4,4),(4,1,1,1,1,1,1,1,1,1,1,1,1,1,1,1,1,1,1,
1,1,1,1,1,1,1,1,1,4),(0.,0.0321584099938622),(11.8553612635794,12.825122467882,
13.7948836721847,14.7646448764874,15.7344060807901,16.7041672850928,17.6739284893955,
18.6436896936982,19.6134508980009,20.5832121023035,21.5529733066062,22.5227345109089,
23.4924957152116,24.4622569195143,25.432018123817,26.4017793281197,27.3715405324224,
28.341301736725,29.3110629410277,30.2808241453304,31.2505853496331,32.2203465539358,
33.1901077582385,34.1598689625412,35.1296301668439,36.0993913711466,37.0691525754492,
38.0389137797519,39.0086749840546),.UNSPECIFIED.);
#42=B_SPLINE_SURFACE_WITH_KNOTS('',3,3,((#1364,#1365,#1366,#1367,#1368,
#1369,#1370,#1371,#1372,#1373,#1374,#1375,#1376,#1377,#1378,#1379,#1380,
#1381,#1382,#1383,#1384,#1385,#1386,#1387,#1388,#1389,#1390,#1391,#1392,
#1393,#1394),(#1395,#1396,#1397,#1398,#1399,#1400,#1401,#1402,#1403,#1404,
#1405,#1406,#1407,#1408,#1409,#1410,#1411,#1412,#1413,#1414,#1415,#1416,
#1417,#1418,#1419,#1420,#1421,#1422,#1423,#1424,#1425),(#1426,#1427,#1428,
#1429,#1430,#1431,#1432,#1433,#1434,#1435,#1436,#1437,#1438,#1439,#1440,
#1441,#1442,#1443,#1444,#1445,#1446,#1447,#1448,#1449,#1450,#1451,#1452,
#1453,#1454,#1455,#1456),(#1457,#1458,#1459,#1460,#1461,#1462,#1463,#1464,
#1465,#1466,#1467,#1468,#1469,#1470,#1471,#1472,#1473,#1474,#1475,#1476,
#1477,#1478,#1479,#1480,#1481,#1482,#1483,#1484,#1485,#1486,#1487)),
 .UNSPECIFIED.,.F.,.F.,.F.,(4,4),(4,1,1,1,1,1,1,1,1,1,1,1,1,1,1,1,1,1,1,
1,1,1,1,1,1,1,1,1,4),(0.,0.0321584099938622),(14.3984001269719,15.3681613312745,
16.3379225355772,17.3076837398799,18.2774449441826,19.2472061484853,20.216967352788,
21.1867285570907,22.1564897613934,23.126250965696,24.0960121699987,25.0657733743014,
26.0355345786041,27.0052957829068,27.9750569872095,28.9448181915122,29.9145793958149,
30.8843406001175,31.8541018044202,32.8238630087229,33.7936242130256,34.7633854173283,
35.733146621631,36.7029078259337,37.6726690302364,38.6424302345391,39.6121914388417,
40.5819526431444,41.5517138474471),.UNSPECIFIED.);
#43=FACE_OUTER_BOUND('',#72,.T.);
#44=FACE_OUTER_BOUND('',#73,.T.);
#45=FACE_OUTER_BOUND('',#74,.T.);
#46=FACE_OUTER_BOUND('',#75,.T.);
#47=FACE_OUTER_BOUND('',#76,.T.);
#48=FACE_OUTER_BOUND('',#77,.T.);
#49=FACE_OUTER_BOUND('',#78,.T.);
#50=FACE_OUTER_BOUND('',#79,.T.);
#51=FACE_OUTER_BOUND('',#80,.T.);
#52=FACE_OUTER_BOUND('',#81,.T.);
#53=FACE_OUTER_BOUND('',#82,.T.);
#54=FACE_OUTER_BOUND('',#83,.T.);
#55=FACE_OUTER_BOUND('',#89,.T.);
#56=FACE_OUTER_BOUND('',#90,.T.);
#57=FACE_OUTER_BOUND('',#91,.T.);
#58=FACE_OUTER_BOUND('',#92,.T.);
#59=FACE_OUTER_BOUND('',#93,.T.);
#60=FACE_OUTER_BOUND('',#94,.T.);
#61=FACE_OUTER_BOUND('',#95,.T.);
#62=FACE_OUTER_BOUND('',#96,.T.);
#63=FACE_OUTER_BOUND('',#97,.T.);
#64=FACE_OUTER_BOUND('',#103,.T.);
#65=FACE_OUTER_BOUND('',#104,.T.);
#66=FACE_OUTER_BOUND('',#105,.T.);
#67=FACE_OUTER_BOUND('',#106,.T.);
#68=FACE_OUTER_BOUND('',#107,.T.);
#69=FACE_OUTER_BOUND('',#108,.T.);
#70=FACE_OUTER_BOUND('',#109,.T.);
#71=FACE_OUTER_BOUND('',#110,.T.);
#72=EDGE_LOOP('',(#357,#358,#359,#360));
#73=EDGE_LOOP('',(#361,#362,#363,#364));
#74=EDGE_LOOP('',(#365,#366,#367,#368));
#75=EDGE_LOOP('',(#369,#370,#371,#372));
#76=EDGE_LOOP('',(#373,#374,#375,#376));
#77=EDGE_LOOP('',(#377,#378,#379,#380));
#78=EDGE_LOOP('',(#381,#382,#383,#384));
#79=EDGE_LOOP('',(#385,#386,#387,#388));
#80=EDGE_LOOP('',(#389,#390,#391,#392));
#81=EDGE_LOOP('',(#393,#394,#395,#396,#397,#398,#399,#400,#401,#402,#403,
#404));
#82=EDGE_LOOP('',(#405,#406,#407,#408,#409,#410,#411,#412,#413,#414,#415,
#416));
#83=EDGE_LOOP('',(#417,#418,#419,#420,#421,#422,#423,#424,#425,#426));
#84=EDGE_LOOP('',(#427));
#85=EDGE_LOOP('',(#428));
#86=EDGE_LOOP('',(#429,#430,#431,#432));
#87=EDGE_LOOP('',(#433));
#88=EDGE_LOOP('',(#434));
#89=EDGE_LOOP('',(#435,#436,#437,#438));
#90=EDGE_LOOP('',(#439,#440,#441,#442));
#91=EDGE_LOOP('',(#443,#444,#445,#446));
#92=EDGE_LOOP('',(#447,#448,#449,#450));
#93=EDGE_LOOP('',(#451,#452,#453,#454));
#94=EDGE_LOOP('',(#455,#456,#457,#458));
#95=EDGE_LOOP('',(#459,#460,#461,#462));
#96=EDGE_LOOP('',(#463,#464,#465,#466));
#97=EDGE_LOOP('',(#467,#468,#469,#470,#471,#472,#473,#474,#475,#476));
#98=EDGE_LOOP('',(#477,#478,#479,#480));
#99=EDGE_LOOP('',(#481));
#100=EDGE_LOOP('',(#482));
#101=EDGE_LOOP('',(#483));
#102=EDGE_LOOP('',(#484));
#103=EDGE_LOOP('',(#485,#486,#487,#488));
#104=EDGE_LOOP('',(#489,#490,#491,#492));
#105=EDGE_LOOP('',(#493,#494,#495,#496));
#106=EDGE_LOOP('',(#497,#498,#499,#500));
#107=EDGE_LOOP('',(#501,#502,#503,#504));
#108=EDGE_LOOP('',(#505,#506,#507,#508));
#109=EDGE_LOOP('',(#509,#510,#511,#512));
#110=EDGE_LOOP('',(#513,#514,#515,#516));
#111=CIRCLE('',#582,1.2645);
#112=CIRCLE('',#586,1.2645);
#113=CIRCLE('',#588,1.543);
#114=CIRCLE('',#592,1.543);
#115=CIRCLE('',#595,2.);
#116=CIRCLE('',#596,2.);
#117=CIRCLE('',#597,6.);
#118=CIRCLE('',#598,5.);
#119=CIRCLE('',#599,6.);
#120=CIRCLE('',#600,1.);
#121=CIRCLE('',#601,3.25000000000001);
#122=CIRCLE('',#602,3.);
#123=CIRCLE('',#603,3.5);
#124=CIRCLE('',#606,1.55);
#125=CIRCLE('',#608,1.55);
#126=CIRCLE('',#610,1.);
#127=CIRCLE('',#612,2.);
#128=CIRCLE('',#614,5.);
#129=CIRCLE('',#616,3.5);
#130=CIRCLE('',#618,3.);
#131=CIRCLE('',#620,2.);
#132=CIRCLE('',#621,6.);
#133=CIRCLE('',#622,6.);
#134=B_SPLINE_CURVE_WITH_KNOTS('',3,(#784,#785,#786,#787),.UNSPECIFIED.,
 .F.,.F.,(4,4),(26.4423043696955,27.1533137204753),.UNSPECIFIED.);
#135=B_SPLINE_CURVE_WITH_KNOTS('',3,(#790,#791,#792,#793,#794,#795,#796,
#797,#798,#799),.UNSPECIFIED.,.F.,.F.,(4,3,3,4),(-25.1327412287184,-24.2440301075672,
-23.2742689032645,-22.7021579259084),.UNSPECIFIED.);
#136=B_SPLINE_CURVE_WITH_KNOTS('',3,(#804,#805,#806,#807,#808,#809,#810,
#811,#812,#813,#814,#815,#816,#817,#818,#819,#820,#821,#822,#823,#824,#825,
#826,#827,#828),.UNSPECIFIED.,.F.,.F.,(4,3,3,3,3,3,3,3,4),(20.1591190625159,
20.3649852903565,21.3347464946591,22.3045076989618,23.2742689032645,24.2440301075672,
25.2137913118699,26.1835525161726,26.4423043696955),.UNSPECIFIED.);
#137=B_SPLINE_CURVE_WITH_KNOTS('',3,(#829,#830,#831,#832,#833,#834,#835,
#836,#837,#838,#839,#840,#841,#842,#843,#844,#845,#846,#847,#848,#849,#850,
#851,#852,#853),.UNSPECIFIED.,.F.,.F.,(4,3,3,3,3,3,3,3,4),(-22.7021579259084,
-22.3045076989618,-21.3347464946591,-20.3649852903564,-19.3952240860538,
-18.4254628817511,-17.4557016774484,-16.4859404731457,-16.4189726187288),
 .UNSPECIFIED.);
#138=B_SPLINE_CURVE_WITH_KNOTS('',3,(#858,#859,#860,#861,#862,#863,#864,
#865,#866,#867,#868,#869,#870,#871,#872,#873,#874,#875,#876,#877,#878,#879),
 .UNSPECIFIED.,.F.,.F.,(4,3,3,3,3,3,3,4),(13.8759337553363,14.5464180645403,
15.516179268843,16.4859404731457,17.4557016774484,18.4254628817511,19.3952240860538,
20.1591190625159),.UNSPECIFIED.);
#139=B_SPLINE_CURVE_WITH_KNOTS('',3,(#880,#881,#882,#883,#884,#885,#886,
#887,#888,#889,#890,#891,#892,#893,#894,#895,#896,#897,#898,#899,#900,#901),
 .UNSPECIFIED.,.F.,.F.,(4,3,3,3,3,3,3,4),(-16.4189726187288,-15.516179268843,
-14.5464180645403,-13.5766568602376,-12.6068956559349,-11.6371344516323,
-10.6673732473296,-10.1357873115492),.UNSPECIFIED.);
#140=B_SPLINE_CURVE_WITH_KNOTS('',3,(#907,#908,#909,#910,#911,#912,#913,
#914,#915,#916,#917,#918,#919),.UNSPECIFIED.,.F.,.F.,(4,3,3,3,4),(-3.85260200436961,
-2.90928361290806,-1.93952240860538,-0.969761204302687,0.),
 .UNSPECIFIED.);
#141=B_SPLINE_CURVE_WITH_KNOTS('',3,(#922,#923,#924,#925,#926,#927,#928,
#929,#930,#931,#932,#933,#934,#935,#936,#937,#938,#939,#940),
 .UNSPECIFIED.,.F.,.F.,(4,3,3,3,3,3,4),(2.02057249175691,2.90928361290807,
3.87904481721075,4.84880602151344,5.81856722581613,6.78832843011882,7.59274844815669),
 .UNSPECIFIED.);
#142=B_SPLINE_CURVE_WITH_KNOTS('',3,(#946,#947,#948,#949,#950,#951,#952,
#953),.UNSPECIFIED.,.F.,.F.,(4,1,1,1,1,4),(34.5575191894877,35.1296301668439,
36.0993913711466,37.0691525754492,38.0389137797519,39.0086749840546),
 .UNSPECIFIED.);
#143=B_SPLINE_CURVE_WITH_KNOTS('',3,(#956,#957,#958,#959,#960,#961,#962,
#963,#964),.UNSPECIFIED.,.F.,.F.,(4,1,1,1,1,1,4),(34.5575191894877,34.7633854173283,
35.733146621631,36.7029078259337,37.6726690302364,38.6424302345391,39.5311413556902),
 .UNSPECIFIED.);
#144=B_SPLINE_CURVE_WITH_KNOTS('',3,(#969,#970,#971,#972,#973,#974,#975,
#976,#977,#978,#979),.UNSPECIFIED.,.F.,.F.,(4,1,1,1,1,1,1,1,4),(28.2743338823081,
28.341301736725,29.3110629410277,30.2808241453304,31.2505853496331,32.2203465539358,
33.1901077582385,34.1598689625412,34.5575191894877),.UNSPECIFIED.);
#145=B_SPLINE_CURVE_WITH_KNOTS('',3,(#980,#981,#982,#983,#984,#985,#986,
#987,#988,#989),.UNSPECIFIED.,.F.,.F.,(4,1,1,1,1,1,1,4),(28.2743338823081,
28.9448181915122,29.9145793958149,30.8843406001175,31.8541018044202,32.8238630087229,
33.7936242130256,34.5575191894877),.UNSPECIFIED.);
#146=B_SPLINE_CURVE_WITH_KNOTS('',3,(#994,#995,#996,#997,#998,#999,#1000,
#1001,#1002,#1003),.UNSPECIFIED.,.F.,.F.,(4,1,1,1,1,1,1,4),(21.9911485751285,
22.5227345109089,23.4924957152116,24.4622569195143,25.432018123817,26.4017793281197,
27.3715405324224,28.2743338823081),.UNSPECIFIED.);
#147=B_SPLINE_CURVE_WITH_KNOTS('',3,(#1004,#1005,#1006,#1007,#1008,#1009,
#1010,#1011,#1012,#1013,#1014),.UNSPECIFIED.,.F.,.F.,(4,1,1,1,1,1,1,1,4),
(21.9911485751285,22.1564897613934,23.126250965696,24.0960121699987,25.0657733743014,
26.0355345786041,27.0052957829068,27.9750569872095,28.2743338823081),
 .UNSPECIFIED.);
#148=B_SPLINE_CURVE_WITH_KNOTS('',3,(#1020,#1021,#1022,#1023,#1024),
 .UNSPECIFIED.,.F.,.F.,(4,1,4),(14.3984001269719,15.3681613312745,15.707963267949),
 .UNSPECIFIED.);
#149=B_SPLINE_CURVE_WITH_KNOTS('',3,(#1027,#1028,#1029,#1030,#1031),
 .UNSPECIFIED.,.F.,.F.,(4,1,4),(13.8759337553363,14.7646448764874,15.707963267949),
 .UNSPECIFIED.);
#150=B_SPLINE_CURVE_WITH_KNOTS('',3,(#1033,#1034,#1035,#1036,#1037,#1038,
#1039,#1040,#1041,#1042,#1043),.UNSPECIFIED.,.F.,.F.,(4,1,1,1,1,1,1,1,4),
(15.707963267949,15.7344060807901,16.7041672850928,17.6739284893955,18.6436896936982,
19.6134508980009,20.5832121023035,21.5529733066062,21.9911485751285),
 .UNSPECIFIED.);
#151=B_SPLINE_CURVE_WITH_KNOTS('',3,(#1044,#1045,#1046,#1047,#1048,#1049,
#1050,#1051,#1052,#1053),.UNSPECIFIED.,.F.,.F.,(4,1,1,1,1,1,1,4),(15.707963267949,
16.3379225355772,17.3076837398799,18.2774449441826,19.2472061484853,20.216967352788,
21.1867285570907,21.9911485751285),.UNSPECIFIED.);
#152=B_SPLINE_CURVE_WITH_KNOTS('',3,(#1178,#1179,#1180,#1181,#1182,#1183,
#1184,#1185,#1186,#1187,#1188,#1189,#1190,#1191,#1192,#1193,#1194,#1195,
#1196,#1197,#1198,#1199,#1200,#1201,#1202,#1203,#1204,#1205,#1206,#1207,
#1208,#1209,#1210,#1211,#1212,#1213,#1214,#1215,#1216,#1217,#1218,#1219,
#1220,#1221,#1222,#1223,#1224,#1225,#1226,#1227,#1228,#1229,#1230,#1231,
#1232,#1233,#1234,#1235,#1236,#1237,#1238,#1239,#1240,#1241,#1242,#1243,
#1244,#1245,#1246,#1247,#1248,#1249,#1250,#1251,#1252,#1253,#1254,#1255,
#1256),.UNSPECIFIED.,.F.,.F.,(4,3,3,3,3,3,3,3,3,3,3,3,3,3,3,3,3,3,3,3,3,
3,3,3,3,3,4),(0.,0.0180469476949779,0.0362796705719113,0.0497916594454003,
0.0564446102833111,0.0594982449869551,0.0772391485053517,0.0946641808575925,
0.10709203103315,0.114965167501736,0.118088331335231,0.134958891924329,
0.144375581559824,0.160821883027941,0.168624625752995,0.173118123607945,
0.189888592782267,0.20662281546804,0.217641479703029,0.223768889393045,
0.227174771503652,0.243236091716356,0.252060846746051,0.255937740317438,
0.271474332063066,0.275945993304759,0.28634738033224),.UNSPECIFIED.);
#153=B_SPLINE_CURVE_WITH_KNOTS('',3,(#1257,#1258,#1259,#1260,#1261,#1262,
#1263,#1264,#1265,#1266,#1267,#1268,#1269,#1270,#1271,#1272,#1273,#1274,
#1275,#1276,#1277,#1278,#1279,#1280,#1281,#1282,#1283,#1284,#1285,#1286,
#1287,#1288,#1289,#1290,#1291,#1292,#1293,#1294,#1295,#1296,#1297,#1298,
#1299,#1300,#1301,#1302,#1303,#1304,#1305,#1306,#1307,#1308,#1309,#1310,
#1311,#1312,#1313,#1314,#1315,#1316,#1317,#1318,#1319,#1320,#1321,#1322,
#1323,#1324,#1325,#1326,#1327,#1328,#1329,#1330,#1331,#1332,#1333,#1334,
#1335,#1336,#1337,#1338),.UNSPECIFIED.,.F.,.F.,(4,3,3,3,3,3,3,3,3,3,3,3,
3,3,3,3,3,3,3,3,3,3,3,3,3,3,3,4),(0.,0.0151476477165192,0.0309661243750362,
0.043353805645151,0.0480318153760734,0.052155908775928,0.0684602761114026,
0.0850626438019027,0.0963138764854157,0.10079695184613,0.104384426713131,
0.121455773382192,0.130067574535955,0.146657950135573,0.15583413743154,
0.158543172439644,0.175594667575775,0.193042454735817,0.204594803184155,
0.210948238177443,0.215062943597097,0.233049674813697,0.242953753099075,
0.247558541882543,0.251092000015711,0.269297043909246,0.27266598795521,
0.285142803995145),.UNSPECIFIED.);
#154=B_SPLINE_CURVE_WITH_KNOTS('',3,(#1339,#1340,#1341,#1342,#1343,#1344,
#1345,#1346,#1347,#1348,#1349,#1350,#1351,#1352,#1353,#1354,#1355,#1356,
#1357,#1358,#1359,#1360,#1361,#1362,#1363),.UNSPECIFIED.,.F.,.F.,(4,3,3,
3,3,3,3,3,4),(-10.1357873115492,-9.69761204302688,-8.72785083872419,-7.7580896344215,
-6.78832843011882,-5.81856722581613,-4.84880602151344,-3.87904481721075,
-3.85260200436961),.UNSPECIFIED.);
#155=B_SPLINE_CURVE_WITH_KNOTS('',3,(#1488,#1489,#1490,#1491,#1492,#1493,
#1494,#1495,#1496,#1497,#1498,#1499,#1500,#1501,#1502,#1503,#1504,#1505,
#1506,#1507,#1508,#1509,#1510,#1511,#1512,#1513,#1514,#1515,#1516,#1517,
#1518,#1519,#1520,#1521,#1522,#1523,#1524,#1525,#1526,#1527,#1528,#1529,
#1530,#1531,#1532,#1533,#1534,#1535,#1536,#1537,#1538,#1539,#1540,#1541,
#1542,#1543,#1544,#1545,#1546,#1547,#1548,#1549,#1550,#1551,#1552,#1553,
#1554,#1555,#1556,#1557,#1558,#1559,#1560,#1561,#1562,#1563,#1564,#1565,
#1566,#1567,#1568,#1569),.UNSPECIFIED.,.F.,.F.,(4,3,3,3,3,3,3,3,3,3,3,3,
3,3,3,3,3,3,3,3,3,3,3,3,3,3,3,4),(0.,0.015147582459316,0.0309660135352121,
0.0433537086603054,0.0480316046516306,0.0521559270283575,0.0684602511220971,
0.0850626233232568,0.0963138611264323,0.100796920472588,0.104384416894692,
0.12145576999838,0.130067574535959,0.146657987177439,0.155834218567313,
0.158543293192189,0.175594829579261,0.193042635490058,0.204594900405872,
0.210948219315603,0.215062945441741,0.233049678488729,0.242953755855353,
0.247558595631749,0.251092057462592,0.269297100215439,0.272665987955224,
0.285142803995156),.UNSPECIFIED.);
#156=B_SPLINE_CURVE_WITH_KNOTS('',3,(#1570,#1571,#1572,#1573,#1574,#1575,
#1576,#1577,#1578,#1579,#1580,#1581,#1582,#1583,#1584,#1585,#1586,#1587,
#1588,#1589,#1590,#1591,#1592,#1593,#1594),.UNSPECIFIED.,.F.,.F.,(4,3,3,
3,3,3,3,3,4),(7.59274844815669,7.75808963442151,8.72785083872419,9.69761204302688,
10.6673732473296,11.6371344516323,12.6068956559349,13.5766568602376,13.8759337553363),
 .UNSPECIFIED.);
#157=B_SPLINE_CURVE_WITH_KNOTS('',3,(#1595,#1596,#1597,#1598,#1599,#1600,
#1601,#1602,#1603,#1604,#1605,#1606,#1607,#1608,#1609,#1610,#1611,#1612,
#1613,#1614,#1615,#1616,#1617,#1618,#1619,#1620,#1621,#1622,#1623,#1624,
#1625,#1626,#1627,#1628,#1629,#1630,#1631,#1632,#1633,#1634,#1635,#1636,
#1637,#1638,#1639,#1640,#1641,#1642,#1643,#1644,#1645,#1646,#1647,#1648,
#1649,#1650,#1651,#1652,#1653,#1654,#1655,#1656,#1657,#1658,#1659,#1660,
#1661,#1662,#1663,#1664,#1665,#1666,#1667,#1668,#1669,#1670,#1671,#1672,
#1673),.UNSPECIFIED.,.F.,.F.,(4,3,3,3,3,3,3,3,3,3,3,3,3,3,3,3,3,3,3,3,3,
3,3,3,3,3,4),(0.,0.0180469476949784,0.0362796679867394,0.0497916571833753,
0.0564446035790638,0.0594982358338768,0.0772391384683165,0.0946641906913139,
0.107092038408442,0.114965164957934,0.118088328136973,0.134958907533594,
0.144375581559827,0.160821883027945,0.168624633314031,0.173118123113918,
0.189888591299862,0.206622818463066,0.217641486540892,0.223768921738968,
0.227174785540207,0.243236126323649,0.252060894578437,0.255937779306995,
0.271474400959195,0.275945993304769,0.286347380332249),.UNSPECIFIED.);
#158=LINE('',#782,#191);
#159=LINE('',#803,#192);
#160=LINE('',#857,#193);
#161=LINE('',#905,#194);
#162=LINE('',#944,#195);
#163=LINE('',#968,#196);
#164=LINE('',#993,#197);
#165=LINE('',#1018,#198);
#166=LINE('',#1677,#199);
#167=LINE('',#1681,#200);
#168=LINE('',#1685,#201);
#169=LINE('',#1689,#202);
#170=LINE('',#1693,#203);
#171=LINE('',#1707,#204);
#172=LINE('',#1711,#205);
#173=LINE('',#1715,#206);
#174=LINE('',#1718,#207);
#175=LINE('',#1721,#208);
#176=LINE('',#1726,#209);
#177=LINE('',#1727,#210);
#178=LINE('',#1731,#211);
#179=LINE('',#1735,#212);
#180=LINE('',#1738,#213);
#181=LINE('',#1742,#214);
#182=LINE('',#1745,#215);
#183=LINE('',#1747,#216);
#184=LINE('',#1750,#217);
#185=LINE('',#1752,#218);
#186=LINE('',#1754,#219);
#187=LINE('',#1755,#220);
#188=LINE('',#1757,#221);
#189=LINE('',#1760,#222);
#190=LINE('',#1763,#223);
#191=VECTOR('',#641,1.6);
#192=VECTOR('',#646,1.6);
#193=VECTOR('',#649,1.6);
#194=VECTOR('',#652,1.6);
#195=VECTOR('',#657,1.543);
#196=VECTOR('',#662,1.543);
#197=VECTOR('',#665,1.543);
#198=VECTOR('',#668,1.543);
#199=VECTOR('',#675,1000.);
#200=VECTOR('',#678,1000.);
#201=VECTOR('',#681,1000.);
#202=VECTOR('',#684,1000.);
#203=VECTOR('',#687,1000.);
#204=VECTOR('',#704,1.55);
#205=VECTOR('',#709,1.55);
#206=VECTOR('',#714,1.);
#207=VECTOR('',#717,1000.);
#208=VECTOR('',#720,1000.);
#209=VECTOR('',#725,1000.);
#210=VECTOR('',#726,1000.);
#211=VECTOR('',#731,3.5);
#212=VECTOR('',#736,3.);
#213=VECTOR('',#739,1000.);
#214=VECTOR('',#742,1000.);
#215=VECTOR('',#745,1000.);
#216=VECTOR('',#746,1000.);
#217=VECTOR('',#749,1000.);
#218=VECTOR('',#752,1000.);
#219=VECTOR('',#755,1000.);
#220=VECTOR('',#756,1000.);
#221=VECTOR('',#759,1000.);
#222=VECTOR('',#764,1000.);
#223=VECTOR('',#769,1000.);
#224=VERTEX_POINT('',#780);
#225=VERTEX_POINT('',#781);
#226=VERTEX_POINT('',#783);
#227=VERTEX_POINT('',#788);
#228=VERTEX_POINT('',#801);
#229=VERTEX_POINT('',#802);
#230=VERTEX_POINT('',#855);
#231=VERTEX_POINT('',#856);
#232=VERTEX_POINT('',#903);
#233=VERTEX_POINT('',#904);
#234=VERTEX_POINT('',#906);
#235=VERTEX_POINT('',#920);
#236=VERTEX_POINT('',#942);
#237=VERTEX_POINT('',#943);
#238=VERTEX_POINT('',#945);
#239=VERTEX_POINT('',#954);
#240=VERTEX_POINT('',#966);
#241=VERTEX_POINT('',#967);
#242=VERTEX_POINT('',#991);
#243=VERTEX_POINT('',#992);
#244=VERTEX_POINT('',#1016);
#245=VERTEX_POINT('',#1017);
#246=VERTEX_POINT('',#1019);
#247=VERTEX_POINT('',#1025);
#248=VERTEX_POINT('',#1675);
#249=VERTEX_POINT('',#1676);
#250=VERTEX_POINT('',#1678);
#251=VERTEX_POINT('',#1680);
#252=VERTEX_POINT('',#1682);
#253=VERTEX_POINT('',#1684);
#254=VERTEX_POINT('',#1686);
#255=VERTEX_POINT('',#1688);
#256=VERTEX_POINT('',#1690);
#257=VERTEX_POINT('',#1692);
#258=VERTEX_POINT('',#1695);
#259=VERTEX_POINT('',#1697);
#260=VERTEX_POINT('',#1699);
#261=VERTEX_POINT('',#1701);
#262=VERTEX_POINT('',#1705);
#263=VERTEX_POINT('',#1709);
#264=VERTEX_POINT('',#1713);
#265=VERTEX_POINT('',#1717);
#266=VERTEX_POINT('',#1719);
#267=VERTEX_POINT('',#1723);
#268=VERTEX_POINT('',#1724);
#269=VERTEX_POINT('',#1729);
#270=VERTEX_POINT('',#1733);
#271=VERTEX_POINT('',#1737);
#272=VERTEX_POINT('',#1739);
#273=VERTEX_POINT('',#1741);
#274=VERTEX_POINT('',#1743);
#275=VERTEX_POINT('',#1746);
#276=VERTEX_POINT('',#1748);
#277=EDGE_CURVE('',#224,#225,#158,.T.);
#278=EDGE_CURVE('',#225,#226,#134,.T.);
#279=EDGE_CURVE('',#226,#227,#111,.F.);
#280=EDGE_CURVE('',#227,#224,#135,.T.);
#281=EDGE_CURVE('',#228,#229,#159,.T.);
#282=EDGE_CURVE('',#229,#225,#136,.T.);
#283=EDGE_CURVE('',#224,#228,#137,.T.);
#284=EDGE_CURVE('',#230,#231,#160,.T.);
#285=EDGE_CURVE('',#231,#229,#138,.T.);
#286=EDGE_CURVE('',#228,#230,#139,.T.);
#287=EDGE_CURVE('',#232,#233,#161,.T.);
#288=EDGE_CURVE('',#232,#234,#140,.T.);
#289=EDGE_CURVE('',#235,#234,#112,.F.);
#290=EDGE_CURVE('',#235,#233,#141,.T.);
#291=EDGE_CURVE('',#236,#237,#162,.T.);
#292=EDGE_CURVE('',#237,#238,#142,.T.);
#293=EDGE_CURVE('',#239,#238,#113,.T.);
#294=EDGE_CURVE('',#236,#239,#143,.T.);
#295=EDGE_CURVE('',#240,#241,#163,.T.);
#296=EDGE_CURVE('',#241,#237,#144,.T.);
#297=EDGE_CURVE('',#240,#236,#145,.T.);
#298=EDGE_CURVE('',#242,#243,#164,.T.);
#299=EDGE_CURVE('',#243,#241,#146,.T.);
#300=EDGE_CURVE('',#242,#240,#147,.T.);
#301=EDGE_CURVE('',#244,#245,#165,.T.);
#302=EDGE_CURVE('',#246,#244,#148,.T.);
#303=EDGE_CURVE('',#247,#246,#114,.T.);
#304=EDGE_CURVE('',#247,#245,#149,.T.);
#305=EDGE_CURVE('',#245,#243,#150,.T.);
#306=EDGE_CURVE('',#244,#242,#151,.T.);
#307=EDGE_CURVE('',#238,#227,#152,.T.);
#308=EDGE_CURVE('',#234,#247,#153,.T.);
#309=EDGE_CURVE('',#230,#232,#154,.T.);
#310=EDGE_CURVE('',#226,#239,#155,.T.);
#311=EDGE_CURVE('',#233,#231,#156,.T.);
#312=EDGE_CURVE('',#246,#235,#157,.T.);
#313=EDGE_CURVE('',#248,#249,#166,.T.);
#314=EDGE_CURVE('',#249,#250,#115,.T.);
#315=EDGE_CURVE('',#251,#250,#167,.T.);
#316=EDGE_CURVE('',#251,#252,#116,.T.);
#317=EDGE_CURVE('',#252,#253,#168,.T.);
#318=EDGE_CURVE('',#253,#254,#117,.T.);
#319=EDGE_CURVE('',#254,#255,#169,.T.);
#320=EDGE_CURVE('',#255,#256,#118,.T.);
#321=EDGE_CURVE('',#256,#257,#170,.T.);
#322=EDGE_CURVE('',#257,#248,#119,.T.);
#323=EDGE_CURVE('',#258,#258,#120,.T.);
#324=EDGE_CURVE('',#259,#259,#121,.T.);
#325=EDGE_CURVE('',#260,#260,#122,.T.);
#326=EDGE_CURVE('',#261,#261,#123,.T.);
#327=EDGE_CURVE('',#262,#262,#124,.T.);
#328=EDGE_CURVE('',#262,#259,#171,.T.);
#329=EDGE_CURVE('',#263,#263,#125,.T.);
#330=EDGE_CURVE('',#263,#262,#172,.T.);
#331=EDGE_CURVE('',#264,#264,#126,.T.);
#332=EDGE_CURVE('',#264,#258,#173,.T.);
#333=EDGE_CURVE('',#265,#251,#174,.T.);
#334=EDGE_CURVE('',#266,#265,#127,.T.);
#335=EDGE_CURVE('',#252,#266,#175,.T.);
#336=EDGE_CURVE('',#267,#268,#128,.T.);
#337=EDGE_CURVE('',#268,#256,#176,.T.);
#338=EDGE_CURVE('',#267,#255,#177,.T.);
#339=EDGE_CURVE('',#269,#269,#129,.T.);
#340=EDGE_CURVE('',#269,#261,#178,.T.);
#341=EDGE_CURVE('',#270,#270,#130,.T.);
#342=EDGE_CURVE('',#270,#260,#179,.T.);
#343=EDGE_CURVE('',#265,#271,#180,.T.);
#344=EDGE_CURVE('',#271,#272,#131,.T.);
#345=EDGE_CURVE('',#273,#272,#181,.T.);
#346=EDGE_CURVE('',#274,#273,#132,.T.);
#347=EDGE_CURVE('',#268,#274,#182,.T.);
#348=EDGE_CURVE('',#275,#267,#183,.T.);
#349=EDGE_CURVE('',#276,#275,#133,.T.);
#350=EDGE_CURVE('',#266,#276,#184,.T.);
#351=EDGE_CURVE('',#275,#254,#185,.T.);
#352=EDGE_CURVE('',#272,#249,#186,.T.);
#353=EDGE_CURVE('',#273,#248,#187,.T.);
#354=EDGE_CURVE('',#274,#257,#188,.T.);
#355=EDGE_CURVE('',#276,#253,#189,.T.);
#356=EDGE_CURVE('',#250,#271,#190,.T.);
#357=ORIENTED_EDGE('',*,*,#277,.T.);
#358=ORIENTED_EDGE('',*,*,#278,.T.);
#359=ORIENTED_EDGE('',*,*,#279,.T.);
#360=ORIENTED_EDGE('',*,*,#280,.T.);
#361=ORIENTED_EDGE('',*,*,#281,.T.);
#362=ORIENTED_EDGE('',*,*,#282,.T.);
#363=ORIENTED_EDGE('',*,*,#277,.F.);
#364=ORIENTED_EDGE('',*,*,#283,.T.);
#365=ORIENTED_EDGE('',*,*,#284,.T.);
#366=ORIENTED_EDGE('',*,*,#285,.T.);
#367=ORIENTED_EDGE('',*,*,#281,.F.);
#368=ORIENTED_EDGE('',*,*,#286,.T.);
#369=ORIENTED_EDGE('',*,*,#287,.F.);
#370=ORIENTED_EDGE('',*,*,#288,.T.);
#371=ORIENTED_EDGE('',*,*,#289,.F.);
#372=ORIENTED_EDGE('',*,*,#290,.T.);
#373=ORIENTED_EDGE('',*,*,#291,.T.);
#374=ORIENTED_EDGE('',*,*,#292,.T.);
#375=ORIENTED_EDGE('',*,*,#293,.F.);
#376=ORIENTED_EDGE('',*,*,#294,.F.);
#377=ORIENTED_EDGE('',*,*,#295,.T.);
#378=ORIENTED_EDGE('',*,*,#296,.T.);
#379=ORIENTED_EDGE('',*,*,#291,.F.);
#380=ORIENTED_EDGE('',*,*,#297,.F.);
#381=ORIENTED_EDGE('',*,*,#298,.T.);
#382=ORIENTED_EDGE('',*,*,#299,.T.);
#383=ORIENTED_EDGE('',*,*,#295,.F.);
#384=ORIENTED_EDGE('',*,*,#300,.F.);
#385=ORIENTED_EDGE('',*,*,#301,.F.);
#386=ORIENTED_EDGE('',*,*,#302,.F.);
#387=ORIENTED_EDGE('',*,*,#303,.F.);
#388=ORIENTED_EDGE('',*,*,#304,.T.);
#389=ORIENTED_EDGE('',*,*,#301,.T.);
#390=ORIENTED_EDGE('',*,*,#305,.T.);
#391=ORIENTED_EDGE('',*,*,#298,.F.);
#392=ORIENTED_EDGE('',*,*,#306,.F.);
#393=ORIENTED_EDGE('',*,*,#307,.F.);
#394=ORIENTED_EDGE('',*,*,#292,.F.);
#395=ORIENTED_EDGE('',*,*,#296,.F.);
#396=ORIENTED_EDGE('',*,*,#299,.F.);
#397=ORIENTED_EDGE('',*,*,#305,.F.);
#398=ORIENTED_EDGE('',*,*,#304,.F.);
#399=ORIENTED_EDGE('',*,*,#308,.F.);
#400=ORIENTED_EDGE('',*,*,#288,.F.);
#401=ORIENTED_EDGE('',*,*,#309,.F.);
#402=ORIENTED_EDGE('',*,*,#286,.F.);
#403=ORIENTED_EDGE('',*,*,#283,.F.);
#404=ORIENTED_EDGE('',*,*,#280,.F.);
#405=ORIENTED_EDGE('',*,*,#310,.F.);
#406=ORIENTED_EDGE('',*,*,#278,.F.);
#407=ORIENTED_EDGE('',*,*,#282,.F.);
#408=ORIENTED_EDGE('',*,*,#285,.F.);
#409=ORIENTED_EDGE('',*,*,#311,.F.);
#410=ORIENTED_EDGE('',*,*,#290,.F.);
#411=ORIENTED_EDGE('',*,*,#312,.F.);
#412=ORIENTED_EDGE('',*,*,#302,.T.);
#413=ORIENTED_EDGE('',*,*,#306,.T.);
#414=ORIENTED_EDGE('',*,*,#300,.T.);
#415=ORIENTED_EDGE('',*,*,#297,.T.);
#416=ORIENTED_EDGE('',*,*,#294,.T.);
#417=ORIENTED_EDGE('',*,*,#313,.T.);
#418=ORIENTED_EDGE('',*,*,#314,.T.);
#419=ORIENTED_EDGE('',*,*,#315,.F.);
#420=ORIENTED_EDGE('',*,*,#316,.T.);
#421=ORIENTED_EDGE('',*,*,#317,.T.);
#422=ORIENTED_EDGE('',*,*,#318,.T.);
#423=ORIENTED_EDGE('',*,*,#319,.T.);
#424=ORIENTED_EDGE('',*,*,#320,.T.);
#425=ORIENTED_EDGE('',*,*,#321,.T.);
#426=ORIENTED_EDGE('',*,*,#322,.T.);
#427=ORIENTED_EDGE('',*,*,#323,.F.);
#428=ORIENTED_EDGE('',*,*,#324,.T.);
#429=ORIENTED_EDGE('',*,*,#310,.T.);
#430=ORIENTED_EDGE('',*,*,#293,.T.);
#431=ORIENTED_EDGE('',*,*,#307,.T.);
#432=ORIENTED_EDGE('',*,*,#279,.F.);
#433=ORIENTED_EDGE('',*,*,#325,.F.);
#434=ORIENTED_EDGE('',*,*,#326,.F.);
#435=ORIENTED_EDGE('',*,*,#287,.T.);
#436=ORIENTED_EDGE('',*,*,#311,.T.);
#437=ORIENTED_EDGE('',*,*,#284,.F.);
#438=ORIENTED_EDGE('',*,*,#309,.T.);
#439=ORIENTED_EDGE('',*,*,#327,.F.);
#440=ORIENTED_EDGE('',*,*,#328,.T.);
#441=ORIENTED_EDGE('',*,*,#324,.F.);
#442=ORIENTED_EDGE('',*,*,#328,.F.);
#443=ORIENTED_EDGE('',*,*,#329,.F.);
#444=ORIENTED_EDGE('',*,*,#330,.T.);
#445=ORIENTED_EDGE('',*,*,#327,.T.);
#446=ORIENTED_EDGE('',*,*,#330,.F.);
#447=ORIENTED_EDGE('',*,*,#331,.F.);
#448=ORIENTED_EDGE('',*,*,#332,.T.);
#449=ORIENTED_EDGE('',*,*,#323,.T.);
#450=ORIENTED_EDGE('',*,*,#332,.F.);
#451=ORIENTED_EDGE('',*,*,#316,.F.);
#452=ORIENTED_EDGE('',*,*,#333,.F.);
#453=ORIENTED_EDGE('',*,*,#334,.F.);
#454=ORIENTED_EDGE('',*,*,#335,.F.);
#455=ORIENTED_EDGE('',*,*,#336,.T.);
#456=ORIENTED_EDGE('',*,*,#337,.T.);
#457=ORIENTED_EDGE('',*,*,#320,.F.);
#458=ORIENTED_EDGE('',*,*,#338,.F.);
#459=ORIENTED_EDGE('',*,*,#339,.F.);
#460=ORIENTED_EDGE('',*,*,#340,.T.);
#461=ORIENTED_EDGE('',*,*,#326,.T.);
#462=ORIENTED_EDGE('',*,*,#340,.F.);
#463=ORIENTED_EDGE('',*,*,#341,.F.);
#464=ORIENTED_EDGE('',*,*,#342,.T.);
#465=ORIENTED_EDGE('',*,*,#325,.T.);
#466=ORIENTED_EDGE('',*,*,#342,.F.);
#467=ORIENTED_EDGE('',*,*,#343,.T.);
#468=ORIENTED_EDGE('',*,*,#344,.T.);
#469=ORIENTED_EDGE('',*,*,#345,.F.);
#470=ORIENTED_EDGE('',*,*,#346,.F.);
#471=ORIENTED_EDGE('',*,*,#347,.F.);
#472=ORIENTED_EDGE('',*,*,#336,.F.);
#473=ORIENTED_EDGE('',*,*,#348,.F.);
#474=ORIENTED_EDGE('',*,*,#349,.F.);
#475=ORIENTED_EDGE('',*,*,#350,.F.);
#476=ORIENTED_EDGE('',*,*,#334,.T.);
#477=ORIENTED_EDGE('',*,*,#312,.T.);
#478=ORIENTED_EDGE('',*,*,#289,.T.);
#479=ORIENTED_EDGE('',*,*,#308,.T.);
#480=ORIENTED_EDGE('',*,*,#303,.T.);
#481=ORIENTED_EDGE('',*,*,#329,.T.);
#482=ORIENTED_EDGE('',*,*,#331,.T.);
#483=ORIENTED_EDGE('',*,*,#339,.T.);
#484=ORIENTED_EDGE('',*,*,#341,.T.);
#485=ORIENTED_EDGE('',*,*,#351,.F.);
#486=ORIENTED_EDGE('',*,*,#348,.T.);
#487=ORIENTED_EDGE('',*,*,#338,.T.);
#488=ORIENTED_EDGE('',*,*,#319,.F.);
#489=ORIENTED_EDGE('',*,*,#345,.T.);
#490=ORIENTED_EDGE('',*,*,#352,.T.);
#491=ORIENTED_EDGE('',*,*,#313,.F.);
#492=ORIENTED_EDGE('',*,*,#353,.F.);
#493=ORIENTED_EDGE('',*,*,#347,.T.);
#494=ORIENTED_EDGE('',*,*,#354,.T.);
#495=ORIENTED_EDGE('',*,*,#321,.F.);
#496=ORIENTED_EDGE('',*,*,#337,.F.);
#497=ORIENTED_EDGE('',*,*,#346,.T.);
#498=ORIENTED_EDGE('',*,*,#353,.T.);
#499=ORIENTED_EDGE('',*,*,#322,.F.);
#500=ORIENTED_EDGE('',*,*,#354,.F.);
#501=ORIENTED_EDGE('',*,*,#317,.F.);
#502=ORIENTED_EDGE('',*,*,#335,.T.);
#503=ORIENTED_EDGE('',*,*,#350,.T.);
#504=ORIENTED_EDGE('',*,*,#355,.T.);
#505=ORIENTED_EDGE('',*,*,#349,.T.);
#506=ORIENTED_EDGE('',*,*,#351,.T.);
#507=ORIENTED_EDGE('',*,*,#318,.F.);
#508=ORIENTED_EDGE('',*,*,#355,.F.);
#509=ORIENTED_EDGE('',*,*,#315,.T.);
#510=ORIENTED_EDGE('',*,*,#356,.T.);
#511=ORIENTED_EDGE('',*,*,#343,.F.);
#512=ORIENTED_EDGE('',*,*,#333,.T.);
#513=ORIENTED_EDGE('',*,*,#344,.F.);
#514=ORIENTED_EDGE('',*,*,#356,.F.);
#515=ORIENTED_EDGE('',*,*,#314,.F.);
#516=ORIENTED_EDGE('',*,*,#352,.F.);
#517=CYLINDRICAL_SURFACE('',#581,1.2645);
#518=CYLINDRICAL_SURFACE('',#583,1.2645);
#519=CYLINDRICAL_SURFACE('',#584,1.2645);
#520=CYLINDRICAL_SURFACE('',#585,1.2645);
#521=CYLINDRICAL_SURFACE('',#587,1.543);
#522=CYLINDRICAL_SURFACE('',#589,1.543);
#523=CYLINDRICAL_SURFACE('',#590,1.543);
#524=CYLINDRICAL_SURFACE('',#591,1.543);
#525=CYLINDRICAL_SURFACE('',#593,1.543);
#526=CYLINDRICAL_SURFACE('',#604,1.2645);
#527=CYLINDRICAL_SURFACE('',#607,1.55);
#528=CYLINDRICAL_SURFACE('',#609,1.);
#529=CYLINDRICAL_SURFACE('',#611,2.);
#530=CYLINDRICAL_SURFACE('',#613,5.);
#531=CYLINDRICAL_SURFACE('',#615,3.5);
#532=CYLINDRICAL_SURFACE('',#617,3.);
#533=CYLINDRICAL_SURFACE('',#626,6.);
#534=CYLINDRICAL_SURFACE('',#628,6.);
#535=CYLINDRICAL_SURFACE('',#630,2.);
#536=ADVANCED_FACE('',(#43),#517,.F.);
#537=ADVANCED_FACE('',(#44),#518,.F.);
#538=ADVANCED_FACE('',(#45),#519,.F.);
#539=ADVANCED_FACE('',(#46),#520,.F.);
#540=ADVANCED_FACE('',(#47),#521,.F.);
#541=ADVANCED_FACE('',(#48),#522,.F.);
#542=ADVANCED_FACE('',(#49),#523,.F.);
#543=ADVANCED_FACE('',(#50),#524,.F.);
#544=ADVANCED_FACE('',(#51),#525,.F.);
#545=ADVANCED_FACE('',(#52),#41,.F.);
#546=ADVANCED_FACE('',(#53),#42,.F.);
#547=ADVANCED_FACE('',(#54,#24,#25,#26,#27,#28),#34,.T.);
#548=ADVANCED_FACE('',(#55),#526,.F.);
#549=ADVANCED_FACE('',(#56),#23,.F.);
#550=ADVANCED_FACE('',(#57),#527,.F.);
#551=ADVANCED_FACE('',(#58),#528,.F.);
#552=ADVANCED_FACE('',(#59),#529,.T.);
#553=ADVANCED_FACE('',(#60),#530,.T.);
#554=ADVANCED_FACE('',(#61),#531,.F.);
#555=ADVANCED_FACE('',(#62),#532,.F.);
#556=ADVANCED_FACE('',(#63,#29,#30,#31,#32,#33),#35,.F.);
#557=ADVANCED_FACE('',(#64),#36,.F.);
#558=ADVANCED_FACE('',(#65),#37,.F.);
#559=ADVANCED_FACE('',(#66),#38,.T.);
#560=ADVANCED_FACE('',(#67),#533,.T.);
#561=ADVANCED_FACE('',(#68),#39,.T.);
#562=ADVANCED_FACE('',(#69),#534,.T.);
#563=ADVANCED_FACE('',(#70),#40,.F.);
#564=ADVANCED_FACE('',(#71),#535,.T.);
#565=CLOSED_SHELL('',(#536,#537,#538,#539,#540,#541,#542,#543,#544,#545,
#546,#547,#548,#549,#550,#551,#552,#553,#554,#555,#556,#557,#558,#559,#560,
#561,#562,#563,#564));
#566=DERIVED_UNIT_ELEMENT(#568,1.);
#567=DERIVED_UNIT_ELEMENT(#1776,-3.);
#568=(
MASS_UNIT()
NAMED_UNIT(*)
SI_UNIT(.KILO.,.GRAM.)
);
#569=DERIVED_UNIT((#566,#567));
#570=MEASURE_REPRESENTATION_ITEM('density measure',
POSITIVE_RATIO_MEASURE(7850.),#569);
#571=PROPERTY_DEFINITION_REPRESENTATION(#576,#573);
#572=PROPERTY_DEFINITION_REPRESENTATION(#577,#574);
#573=REPRESENTATION('material name',(#575),#1773);
#574=REPRESENTATION('density',(#570),#1773);
#575=DESCRIPTIVE_REPRESENTATION_ITEM('Steel','Steel');
#576=PROPERTY_DEFINITION('material property','material name',#1793);
#577=PROPERTY_DEFINITION('material property','density of part',#1793);
#578=AXIS2_PLACEMENT_3D('',#776,#633,#634);
#579=AXIS2_PLACEMENT_3D('',#777,#635,#636);
#580=AXIS2_PLACEMENT_3D('',#778,#637,#638);
#581=AXIS2_PLACEMENT_3D('',#779,#639,#640);
#582=AXIS2_PLACEMENT_3D('',#789,#642,#643);
#583=AXIS2_PLACEMENT_3D('',#800,#644,#645);
#584=AXIS2_PLACEMENT_3D('',#854,#647,#648);
#585=AXIS2_PLACEMENT_3D('',#902,#650,#651);
#586=AXIS2_PLACEMENT_3D('',#921,#653,#654);
#587=AXIS2_PLACEMENT_3D('',#941,#655,#656);
#588=AXIS2_PLACEMENT_3D('',#955,#658,#659);
#589=AXIS2_PLACEMENT_3D('',#965,#660,#661);
#590=AXIS2_PLACEMENT_3D('',#990,#663,#664);
#591=AXIS2_PLACEMENT_3D('',#1015,#666,#667);
#592=AXIS2_PLACEMENT_3D('',#1026,#669,#670);
#593=AXIS2_PLACEMENT_3D('',#1032,#671,#672);
#594=AXIS2_PLACEMENT_3D('',#1674,#673,#674);
#595=AXIS2_PLACEMENT_3D('',#1679,#676,#677);
#596=AXIS2_PLACEMENT_3D('',#1683,#679,#680);
#597=AXIS2_PLACEMENT_3D('',#1687,#682,#683);
#598=AXIS2_PLACEMENT_3D('',#1691,#685,#686);
#599=AXIS2_PLACEMENT_3D('',#1694,#688,#689);
#600=AXIS2_PLACEMENT_3D('',#1696,#690,#691);
#601=AXIS2_PLACEMENT_3D('',#1698,#692,#693);
#602=AXIS2_PLACEMENT_3D('',#1700,#694,#695);
#603=AXIS2_PLACEMENT_3D('',#1702,#696,#697);
#604=AXIS2_PLACEMENT_3D('',#1703,#698,#699);
#605=AXIS2_PLACEMENT_3D('',#1704,#700,#701);
#606=AXIS2_PLACEMENT_3D('',#1706,#702,#703);
#607=AXIS2_PLACEMENT_3D('',#1708,#705,#706);
#608=AXIS2_PLACEMENT_3D('',#1710,#707,#708);
#609=AXIS2_PLACEMENT_3D('',#1712,#710,#711);
#610=AXIS2_PLACEMENT_3D('',#1714,#712,#713);
#611=AXIS2_PLACEMENT_3D('',#1716,#715,#716);
#612=AXIS2_PLACEMENT_3D('',#1720,#718,#719);
#613=AXIS2_PLACEMENT_3D('',#1722,#721,#722);
#614=AXIS2_PLACEMENT_3D('',#1725,#723,#724);
#615=AXIS2_PLACEMENT_3D('',#1728,#727,#728);
#616=AXIS2_PLACEMENT_3D('',#1730,#729,#730);
#617=AXIS2_PLACEMENT_3D('',#1732,#732,#733);
#618=AXIS2_PLACEMENT_3D('',#1734,#734,#735);
#619=AXIS2_PLACEMENT_3D('',#1736,#737,#738);
#620=AXIS2_PLACEMENT_3D('',#1740,#740,#741);
#621=AXIS2_PLACEMENT_3D('',#1744,#743,#744);
#622=AXIS2_PLACEMENT_3D('',#1749,#747,#748);
#623=AXIS2_PLACEMENT_3D('',#1751,#750,#751);
#624=AXIS2_PLACEMENT_3D('',#1753,#753,#754);
#625=AXIS2_PLACEMENT_3D('',#1756,#757,#758);
#626=AXIS2_PLACEMENT_3D('',#1758,#760,#761);
#627=AXIS2_PLACEMENT_3D('',#1759,#762,#763);
#628=AXIS2_PLACEMENT_3D('',#1761,#765,#766);
#629=AXIS2_PLACEMENT_3D('',#1762,#767,#768);
#630=AXIS2_PLACEMENT_3D('',#1764,#770,#771);
#631=AXIS2_PLACEMENT_3D('',#1765,#772,#773);
#632=AXIS2_PLACEMENT_3D('',#1766,#774,#775);
#633=DIRECTION('axis',(0.,0.,1.));
#634=DIRECTION('refdir',(1.,0.,0.));
#635=DIRECTION('axis',(0.,0.,1.));
#636=DIRECTION('refdir',(1.,0.,0.));
#637=DIRECTION('axis',(0.,0.,1.));
#638=DIRECTION('refdir',(1.,0.,0.));
#639=DIRECTION('center_axis',(0.,1.,0.));
#640=DIRECTION('ref_axis',(-0.937339159240651,0.,-0.348418283897428));
#641=DIRECTION('',(0.,1.,0.));
#642=DIRECTION('center_axis',(0.,-1.,0.));
#643=DIRECTION('ref_axis',(0.,0.,1.));
#644=DIRECTION('center_axis',(0.,1.,0.));
#645=DIRECTION('ref_axis',(0.,0.,1.));
#646=DIRECTION('',(0.,1.,0.));
#647=DIRECTION('center_axis',(0.,1.,0.));
#648=DIRECTION('ref_axis',(0.,0.,1.));
#649=DIRECTION('',(0.,1.,0.));
#650=DIRECTION('center_axis',(0.,1.,0.));
#651=DIRECTION('ref_axis',(0.348226414732167,0.,0.937410456567869));
#652=DIRECTION('',(0.,1.,0.));
#653=DIRECTION('center_axis',(0.,-1.,0.));
#654=DIRECTION('ref_axis',(0.,0.,1.));
#655=DIRECTION('center_axis',(0.,1.,0.));
#656=DIRECTION('ref_axis',(-0.608994277583237,0.,0.793174614993994));
#657=DIRECTION('',(4.94128768394828E-31,1.,1.22464679914735E-16));
#658=DIRECTION('center_axis',(0.,-1.,0.));
#659=DIRECTION('ref_axis',(3.91240291406305E-15,0.,1.));
#660=DIRECTION('center_axis',(0.,1.,0.));
#661=DIRECTION('ref_axis',(3.91240291406305E-15,0.,1.));
#662=DIRECTION('',(4.94128768394828E-31,1.,1.22464679914735E-16));
#663=DIRECTION('center_axis',(0.,1.,0.));
#664=DIRECTION('ref_axis',(3.91240291406305E-15,0.,1.));
#665=DIRECTION('',(4.94128768394828E-31,1.,1.22464679914735E-16));
#666=DIRECTION('center_axis',(0.,1.,0.));
#667=DIRECTION('ref_axis',(0.793260805627278,0.,-0.60888200355698));
#668=DIRECTION('',(4.94128768394828E-31,1.,1.22464679914735E-16));
#669=DIRECTION('center_axis',(0.,1.,0.));
#670=DIRECTION('ref_axis',(3.91240291406305E-15,0.,1.));
#671=DIRECTION('center_axis',(0.,1.,0.));
#672=DIRECTION('ref_axis',(3.91240291406305E-15,0.,1.));
#673=DIRECTION('center_axis',(0.,1.,0.));
#674=DIRECTION('ref_axis',(0.,0.,1.));
#675=DIRECTION('',(-1.34922937020418E-16,0.,-1.));
#676=DIRECTION('center_axis',(0.,1.,0.));
#677=DIRECTION('ref_axis',(0.,0.,1.));
#678=DIRECTION('',(0.998535237722216,0.,0.05410525877433));
#679=DIRECTION('center_axis',(0.,1.,0.));
#680=DIRECTION('ref_axis',(0.,0.,1.));
#681=DIRECTION('',(-0.140927452233262,0.,0.990019925661621));
#682=DIRECTION('center_axis',(0.,1.,0.));
#683=DIRECTION('ref_axis',(0.,0.,1.));
#684=DIRECTION('',(1.34922937020418E-16,0.,1.));
#685=DIRECTION('center_axis',(0.,1.,0.));
#686=DIRECTION('ref_axis',(0.,0.,1.));
#687=DIRECTION('',(0.125931577018833,0.,-0.992038929634089));
#688=DIRECTION('center_axis',(0.,1.,0.));
#689=DIRECTION('ref_axis',(0.,0.,1.));
#690=DIRECTION('center_axis',(0.,1.,0.));
#691=DIRECTION('ref_axis',(0.,0.,1.));
#692=DIRECTION('center_axis',(0.,-1.,0.));
#693=DIRECTION('ref_axis',(0.,0.,1.));
#694=DIRECTION('center_axis',(0.,1.,0.));
#695=DIRECTION('ref_axis',(0.,0.,1.));
#696=DIRECTION('center_axis',(0.,1.,0.));
#697=DIRECTION('ref_axis',(0.,0.,1.));
#698=DIRECTION('center_axis',(0.,1.,0.));
#699=DIRECTION('ref_axis',(0.,0.,1.));
#700=DIRECTION('center_axis',(0.,1.,0.));
#701=DIRECTION('ref_axis',(0.,0.,1.));
#702=DIRECTION('center_axis',(0.,1.,0.));
#703=DIRECTION('ref_axis',(0.,0.,1.));
#704=DIRECTION('',(-8.65956056235495E-17,0.707106781186546,-0.707106781186549));
#705=DIRECTION('center_axis',(0.,1.,0.));
#706=DIRECTION('ref_axis',(0.,0.,1.));
#707=DIRECTION('center_axis',(0.,1.,0.));
#708=DIRECTION('ref_axis',(0.,0.,1.));
#709=DIRECTION('',(0.,1.,0.));
#710=DIRECTION('center_axis',(0.,1.,0.));
#711=DIRECTION('ref_axis',(0.,0.,1.));
#712=DIRECTION('center_axis',(0.,1.,0.));
#713=DIRECTION('ref_axis',(0.,0.,1.));
#714=DIRECTION('',(0.,1.,0.));
#715=DIRECTION('center_axis',(0.,-1.,0.));
#716=DIRECTION('ref_axis',(0.,0.,-1.));
#717=DIRECTION('',(0.,1.,0.));
#718=DIRECTION('center_axis',(0.,-1.,0.));
#719=DIRECTION('ref_axis',(0.,0.,1.));
#720=DIRECTION('',(0.,-1.,0.));
#721=DIRECTION('center_axis',(0.,1.,0.));
#722=DIRECTION('ref_axis',(0.,0.,1.));
#723=DIRECTION('center_axis',(0.,1.,0.));
#724=DIRECTION('ref_axis',(0.,0.,1.));
#725=DIRECTION('',(0.,1.,0.));
#726=DIRECTION('',(0.,1.,0.));
#727=DIRECTION('center_axis',(0.,1.,0.));
#728=DIRECTION('ref_axis',(0.,0.,1.));
#729=DIRECTION('center_axis',(0.,1.,0.));
#730=DIRECTION('ref_axis',(0.,0.,1.));
#731=DIRECTION('',(0.,1.,0.));
#732=DIRECTION('center_axis',(0.,1.,0.));
#733=DIRECTION('ref_axis',(0.,0.,1.));
#734=DIRECTION('center_axis',(0.,1.,0.));
#735=DIRECTION('ref_axis',(0.,0.,1.));
#736=DIRECTION('',(0.,1.,0.));
#737=DIRECTION('center_axis',(0.,1.,0.));
#738=DIRECTION('ref_axis',(0.,0.,1.));
#739=DIRECTION('',(0.998535237722216,0.,0.05410525877433));
#740=DIRECTION('center_axis',(0.,-1.,0.));
#741=DIRECTION('ref_axis',(0.,0.,1.));
#742=DIRECTION('',(-1.34922937020418E-16,0.,-1.));
#743=DIRECTION('center_axis',(0.,1.,0.));
#744=DIRECTION('ref_axis',(0.,0.,1.));
#745=DIRECTION('',(0.125931577018833,0.,-0.992038929634089));
#746=DIRECTION('',(1.34922937020418E-16,0.,1.));
#747=DIRECTION('center_axis',(0.,1.,0.));
#748=DIRECTION('ref_axis',(0.,0.,1.));
#749=DIRECTION('',(-0.140927452233262,0.,0.990019925661621));
#750=DIRECTION('center_axis',(1.,0.,-1.34922937020418E-16));
#751=DIRECTION('ref_axis',(-1.34922937020418E-16,0.,-1.));
#752=DIRECTION('',(0.,1.,0.));
#753=DIRECTION('center_axis',(-1.,0.,1.34922937020418E-16));
#754=DIRECTION('ref_axis',(1.34922937020418E-16,0.,1.));
#755=DIRECTION('',(0.,1.,0.));
#756=DIRECTION('',(0.,1.,0.));
#757=DIRECTION('center_axis',(0.992038929634089,0.,0.125931577018833));
#758=DIRECTION('ref_axis',(0.125931577018833,0.,-0.992038929634089));
#759=DIRECTION('',(0.,1.,0.));
#760=DIRECTION('center_axis',(0.,1.,0.));
#761=DIRECTION('ref_axis',(0.,0.,1.));
#762=DIRECTION('center_axis',(-0.990019925661621,0.,-0.140927452233262));
#763=DIRECTION('ref_axis',(-0.140927452233262,0.,0.990019925661621));
#764=DIRECTION('',(0.,1.,0.));
#765=DIRECTION('center_axis',(0.,1.,0.));
#766=DIRECTION('ref_axis',(0.,0.,1.));
#767=DIRECTION('center_axis',(-0.05410525877433,0.,0.998535237722216));
#768=DIRECTION('ref_axis',(0.998535237722216,0.,0.05410525877433));
#769=DIRECTION('',(0.,-1.,0.));
#770=DIRECTION('center_axis',(0.,1.,0.));
#771=DIRECTION('ref_axis',(0.,0.,1.));
#772=DIRECTION('',(0.,-4.07734576646953E-23,1.));
#773=DIRECTION('',(1.,9.30192210624662E-23,3.7927152719934E-45));
#774=DIRECTION('',(-0.064692197700656,-2.8426794056302E-17,0.997905265822693));
#775=DIRECTION('',(0.997905265822693,9.45757646951642E-18,0.064692197700656));
#776=CARTESIAN_POINT('',(0.,0.,0.));
#777=CARTESIAN_POINT('',(0.,0.,0.));
#778=CARTESIAN_POINT('',(0.,0.,0.));
#779=CARTESIAN_POINT('Origin',(0.499999999999999,-0.5,-8.));
#780=CARTESIAN_POINT('',(0.50048654552294,1.80658032638058,-9.26290099063401));
#781=CARTESIAN_POINT('',(0.501416444339182,1.94341967361942,-9.26399476435112));
#782=CARTESIAN_POINT('',(0.499999999999999,-0.5,-9.2645));
#783=CARTESIAN_POINT('',(-0.325211298936492,2.,-8.95811615272239));
#784=CARTESIAN_POINT('Ctrl Pts',(0.501416444339182,1.94341967361942,-9.26399476435112));
#785=CARTESIAN_POINT('Ctrl Pts',(0.202362888570135,1.96227978241295,-9.2614422197222));
#786=CARTESIAN_POINT('Ctrl Pts',(-0.0981347843635525,1.98113989120647,-9.15369380269339));
#787=CARTESIAN_POINT('Ctrl Pts',(-0.325211298936486,2.,-8.95811615272239));
#788=CARTESIAN_POINT('',(-0.326003209681757,2.,-7.04025866352446));
#789=CARTESIAN_POINT('Origin',(0.499999999999999,2.,-8.));
#790=CARTESIAN_POINT('Ctrl Pts',(-0.326003209681757,2.,-7.04025866352446));
#791=CARTESIAN_POINT('Ctrl Pts',(-0.607645438153599,1.97642620534801,-7.28538335026664));
#792=CARTESIAN_POINT('Ctrl Pts',(-0.776581966690776,1.95285241069602,-7.6637130010223));
#793=CARTESIAN_POINT('Ctrl Pts',(-0.765709384702657,1.92927861604403,-8.03668377814751));
#794=CARTESIAN_POINT('Ctrl Pts',(-0.753845227777266,1.90355490116344,-8.44366933440584));
#795=CARTESIAN_POINT('Ctrl Pts',(-0.527879390938655,1.87783118628285,-8.84427399125718));
#796=CARTESIAN_POINT('Ctrl Pts',(-0.185653167213895,1.85210747140227,-9.06465113833447));
#797=CARTESIAN_POINT('Ctrl Pts',(0.0162433187079732,1.83693175639504,-9.19466271689829));
#798=CARTESIAN_POINT('Ctrl Pts',(0.258603236431276,1.82175604138781,-9.26194765446421));
#799=CARTESIAN_POINT('Ctrl Pts',(0.50048654552294,1.80658032638058,-9.26290099063401));
#800=CARTESIAN_POINT('Origin',(0.499999999999999,-0.5,-8.));
#801=CARTESIAN_POINT('',(0.499554179790526,1.30658032638058,-9.26610494648535));
#802=CARTESIAN_POINT('',(0.499009325413955,1.44341967361942,-9.26473588514759));
#803=CARTESIAN_POINT('',(0.499999999999999,-0.5,-9.2645));
#804=CARTESIAN_POINT('Ctrl Pts',(0.499009325413955,1.44341967361942,-9.26473588514759));
#805=CARTESIAN_POINT('Ctrl Pts',(0.412300138707148,1.4488804449155,-9.2654655554974));
#806=CARTESIAN_POINT('Ctrl Pts',(0.325728663832804,1.45434121621159,-9.25726086252731));
#807=CARTESIAN_POINT('Ctrl Pts',(0.241133952260941,1.45980198750767,-9.23959502866456));
#808=CARTESIAN_POINT('Ctrl Pts',(-0.15736108129596,1.48552570238826,-9.15637768650282));
#809=CARTESIAN_POINT('Ctrl Pts',(-0.511991525467685,1.51124941726885,-8.8632166146841));
#810=CARTESIAN_POINT('Ctrl Pts',(-0.668724285396634,1.53697313214943,-8.48749281380929));
#811=CARTESIAN_POINT('Ctrl Pts',(-0.825457045325588,1.56269684703002,-8.11176901293448));
#812=CARTESIAN_POINT('Ctrl Pts',(-0.784292121011758,1.58842056191061,-7.65348248300359));
#813=CARTESIAN_POINT('Ctrl Pts',(-0.56300908217832,1.61414427679119,-7.31175743699815));
#814=CARTESIAN_POINT('Ctrl Pts',(-0.341726043344886,1.63986799167178,-6.97003239099272));
#815=CARTESIAN_POINT('Ctrl Pts',(0.0596751100081487,1.66559170655237,-6.74486882891275));
#816=CARTESIAN_POINT('Ctrl Pts',(0.46657714066273,1.69131542143295,-6.7341067854036));
#817=CARTESIAN_POINT('Ctrl Pts',(0.873479171317319,1.71703913631354,-6.72334474189444));
#818=CARTESIAN_POINT('Ctrl Pts',(1.28588207927345,1.74276285119413,-6.92698421695611));
#819=CARTESIAN_POINT('Ctrl Pts',(1.52499879960729,1.76848656607472,-7.25653139771891));
#820=CARTESIAN_POINT('Ctrl Pts',(1.76411551994113,1.79421028095531,-7.58607857848171));
#821=CARTESIAN_POINT('Ctrl Pts',(1.82994605265267,1.81993399583589,-8.04153346494565));
#822=CARTESIAN_POINT('Ctrl Pts',(1.69308202507581,1.84565771071648,-8.42502945302599));
#823=CARTESIAN_POINT('Ctrl Pts',(1.55621799749894,1.87138142559706,-8.80852544110632));
#824=CARTESIAN_POINT('Ctrl Pts',(1.21665940963366,1.89710514047765,-9.12006253080305));
#825=CARTESIAN_POINT('Ctrl Pts',(0.823730741701967,1.92282885535824,-9.22414836729547));
#826=CARTESIAN_POINT('Ctrl Pts',(0.718889446052581,1.9296924614453,-9.2519205683264));
#827=CARTESIAN_POINT('Ctrl Pts',(0.610248574005241,1.93655606753236,-9.26492369116933));
#828=CARTESIAN_POINT('Ctrl Pts',(0.501416444339182,1.94341967361942,-9.26399476435112));
#829=CARTESIAN_POINT('Ctrl Pts',(0.50048654552294,1.80658032638058,-9.26290099063401));
#830=CARTESIAN_POINT('Ctrl Pts',(0.668609438740923,1.79603232650722,-9.26356361442429));
#831=CARTESIAN_POINT('Ctrl Pts',(0.836502079746967,1.78548432663386,-9.23218108223317));
#832=CARTESIAN_POINT('Ctrl Pts',(0.990417367376882,1.7749363267605,-9.16754289805813));
#833=CARTESIAN_POINT('Ctrl Pts',(1.365775067632,1.74921261187992,-9.00990787340125));
#834=CARTESIAN_POINT('Ctrl Pts',(1.65800385753133,1.72348889699933,-8.65448818678426));
#835=CARTESIAN_POINT('Ctrl Pts',(1.74021971068242,1.69776518211874,-8.25577275376597));
#836=CARTESIAN_POINT('Ctrl Pts',(1.82243556383351,1.67204146723816,-7.85705732074768));
#837=CARTESIAN_POINT('Ctrl Pts',(1.69463848023636,1.64631775235757,-7.4150461413281));
#838=CARTESIAN_POINT('Ctrl Pts',(1.41231005330182,1.62059403747698,-7.12176476027229));
#839=CARTESIAN_POINT('Ctrl Pts',(1.12998162636727,1.5948703225964,-6.82848337921647));
#840=CARTESIAN_POINT('Ctrl Pts',(0.69312185609533,1.56914660771581,-6.68393179652443));
#841=CARTESIAN_POINT('Ctrl Pts',(0.291571956604278,1.54342289283522,-6.75093360727931));
#842=CARTESIAN_POINT('Ctrl Pts',(-0.109977942886779,1.51769917795463,-6.81793541803419));
#843=CARTESIAN_POINT('Ctrl Pts',(-0.476217971596946,1.49197546307405,-7.09649062223601));
#844=CARTESIAN_POINT('Ctrl Pts',(-0.648028001258731,1.46625174819346,-7.46555803885353));
#845=CARTESIAN_POINT('Ctrl Pts',(-0.819838030920515,1.44052803331287,-7.83462545547105));
#846=CARTESIAN_POINT('Ctrl Pts',(-0.797218061533923,1.41480431843229,-8.29420508450427));
#847=CARTESIAN_POINT('Ctrl Pts',(-0.589990133352313,1.3890806035517,-8.64461208171064));
#848=CARTESIAN_POINT('Ctrl Pts',(-0.382762205170701,1.36335688867111,-8.995019078917));
#849=CARTESIAN_POINT('Ctrl Pts',(0.0090736818059315,1.33763317379053,-9.23625344429652));
#850=CARTESIAN_POINT('Ctrl Pts',(0.415260175158558,1.31190945890994,-9.26349587510536));
#851=CARTESIAN_POINT('Ctrl Pts',(0.443309799986059,1.31013308140015,-9.26537712910096));
#852=CARTESIAN_POINT('Ctrl Pts',(0.471427859047472,1.30835670389037,-9.26623791234278));
#853=CARTESIAN_POINT('Ctrl Pts',(0.499554179790526,1.30658032638058,-9.26610494648535));
#854=CARTESIAN_POINT('Origin',(0.499999999999999,-0.5,-8.));
#855=CARTESIAN_POINT('',(0.500284745543428,0.806580326380583,-9.26274671142218));
#856=CARTESIAN_POINT('',(0.500911711821384,0.943419673619418,-9.26369748423671));
#857=CARTESIAN_POINT('',(0.499999999999999,-0.5,-9.2645));
#858=CARTESIAN_POINT('Ctrl Pts',(0.500911711821384,0.943419673619418,-9.26369748423671));
#859=CARTESIAN_POINT('Ctrl Pts',(0.217913478709346,0.961204822298647,-9.26165566989549));
#860=CARTESIAN_POINT('Ctrl Pts',(-0.0663235405517876,0.978989970977876,
-9.16709162473955));
#861=CARTESIAN_POINT('Ctrl Pts',(-0.28685664118714,0.996775119657106,-8.99219933246166));
#862=CARTESIAN_POINT('Ctrl Pts',(-0.605826738361575,1.02249883453769,-8.73924224211004));
#863=CARTESIAN_POINT('Ctrl Pts',(-0.791531093381432,1.04822254941828,-8.31824205959687));
#864=CARTESIAN_POINT('Ctrl Pts',(-0.763281433815376,1.07394626429887,-7.91212479080961));
#865=CARTESIAN_POINT('Ctrl Pts',(-0.73503177424932,1.09966997917945,-7.50600752202235));
#866=CARTESIAN_POINT('Ctrl Pts',(-0.492828100097355,1.12539369406004,-7.114773166961));
#867=CARTESIAN_POINT('Ctrl Pts',(-0.141906801543132,1.15111740894063,-6.90841440998714));
#868=CARTESIAN_POINT('Ctrl Pts',(0.209014497011094,1.17684112382121,-6.70205565301328));
#869=CARTESIAN_POINT('Ctrl Pts',(0.668653419967583,1.2025648387018,-6.68057249412692));
#870=CARTESIAN_POINT('Ctrl Pts',(1.03729136714507,1.22828855358239,-6.85329952611873));
#871=CARTESIAN_POINT('Ctrl Pts',(1.40592931432255,1.25401226846298,-7.02602655811053));
#872=CARTESIAN_POINT('Ctrl Pts',(1.68356628572104,1.27973598334356,-7.3929637809805));
#873=CARTESIAN_POINT('Ctrl Pts',(1.74957560051736,1.30545969822415,-7.79467549107971));
#874=CARTESIAN_POINT('Ctrl Pts',(1.81558491531369,1.33118341310474,-8.19638720117891));
#875=CARTESIAN_POINT('Ctrl Pts',(1.66996657350786,1.35690712798533,-8.63287339850735));
#876=CARTESIAN_POINT('Ctrl Pts',(1.37597759113389,1.38263084286591,-8.91447969091919));
#877=CARTESIAN_POINT('Ctrl Pts',(1.14439820254394,1.40289378645041,-9.13630505489445));
#878=CARTESIAN_POINT('Ctrl Pts',(0.820755698450598,1.42315673003492,-9.26202834287346));
#879=CARTESIAN_POINT('Ctrl Pts',(0.499009325413955,1.44341967361942,-9.26473588514759));
#880=CARTESIAN_POINT('Ctrl Pts',(0.499554179790526,1.30658032638058,-9.26610494648535));
#881=CARTESIAN_POINT('Ctrl Pts',(0.878724985614779,1.28263298900978,-9.26431243434805));
#882=CARTESIAN_POINT('Ctrl Pts',(1.25939724667487,1.25868565163898,-9.08191870164889));
#883=CARTESIAN_POINT('Ctrl Pts',(1.49414827261775,1.23473831426818,-8.78439177414969));
#884=CARTESIAN_POINT('Ctrl Pts',(1.7463127769957,1.20901459938759,-8.46479474614698));
#885=CARTESIAN_POINT('Ctrl Pts',(1.83010468602299,1.183290884507,-8.01235019390336));
#886=CARTESIAN_POINT('Ctrl Pts',(1.70911537941708,1.15756716962641,-7.62364629839956));
#887=CARTESIAN_POINT('Ctrl Pts',(1.58812607281117,1.13184345474583,-7.23494240289576));
#888=CARTESIAN_POINT('Ctrl Pts',(1.26235555057207,1.10611973986524,-6.90997916413177));
#889=CARTESIAN_POINT('Ctrl Pts',(0.873352424084138,1.08039602498465,-6.78995453343515));
#890=CARTESIAN_POINT('Ctrl Pts',(0.484349297596212,1.05467231010407,-6.66992990273852));
#891=CARTESIAN_POINT('Ctrl Pts',(0.0321135668594643,1.02894859522348,-6.75484388010925));
#892=CARTESIAN_POINT('Ctrl Pts',(-0.286856450639845,1.00322488034289,-7.00780090932428));
#893=CARTESIAN_POINT('Ctrl Pts',(-0.605826468139156,0.977501165462306,-7.26075793853932));
#894=CARTESIAN_POINT('Ctrl Pts',(-0.791530772401026,0.951777450581719,-7.68175801959865));
#895=CARTESIAN_POINT('Ctrl Pts',(-0.763281122534671,0.926053735701132,-8.08787518847824));
#896=CARTESIAN_POINT('Ctrl Pts',(-0.735031472668315,0.900330020820546,-8.49399235735783));
#897=CARTESIAN_POINT('Ctrl Pts',(-0.492827868673735,0.874606305939959,-8.88522661405769));
#898=CARTESIAN_POINT('Ctrl Pts',(-0.141906651038959,0.848882591059372,-9.09158532221463));
#899=CARTESIAN_POINT('Ctrl Pts',(0.0504549149155228,0.834781836166443,-9.20470325938857));
#900=CARTESIAN_POINT('Ctrl Pts',(0.275484083452588,0.820681081273513,-9.26226956380662));
#901=CARTESIAN_POINT('Ctrl Pts',(0.500284745543428,0.806580326380583,-9.26274671142218));
#902=CARTESIAN_POINT('Origin',(0.499999999999999,-0.5,-8.));
#903=CARTESIAN_POINT('',(0.499871474278491,0.306580326380583,-9.26629697268335));
#904=CARTESIAN_POINT('',(0.499099289923441,0.443419673619417,-9.26519980689219));
#905=CARTESIAN_POINT('',(0.499999999999999,-0.5,-9.2645));
#906=CARTESIAN_POINT('',(-0.325211298936491,0.,-7.04188384727761));
#907=CARTESIAN_POINT('Ctrl Pts',(0.499871474278491,0.306580326380583,-9.26629697268335));
#908=CARTESIAN_POINT('Ctrl Pts',(0.895840590366857,0.281558028895483,-9.26545590375998));
#909=CARTESIAN_POINT('Ctrl Pts',(1.29240128061279,0.256535731410383,-9.06402908020675));
#910=CARTESIAN_POINT('Ctrl Pts',(1.52499809650816,0.231513433925283,-8.74346812188433));
#911=CARTESIAN_POINT('Ctrl Pts',(1.76411499525766,0.205789719044696,-8.4139212967519));
#912=CARTESIAN_POINT('Ctrl Pts',(1.82994681037108,0.180066004164108,-7.95846766081031));
#913=CARTESIAN_POINT('Ctrl Pts',(1.69308239748415,0.154342289283521,-7.57497124546188));
#914=CARTESIAN_POINT('Ctrl Pts',(1.55621798459722,0.128618574402934,-7.19147483011344));
#915=CARTESIAN_POINT('Ctrl Pts',(1.21665734370994,0.102894859522348,-6.87993563535817));
#916=CARTESIAN_POINT('Ctrl Pts',(0.823728679003677,0.0771711446417605,-6.77584973106081));
#917=CARTESIAN_POINT('Ctrl Pts',(0.43080001429741,0.0514474297611736,-6.67176382676345));
#918=CARTESIAN_POINT('Ctrl Pts',(-0.0154966742278521,0.0257237148805865,
-6.775131212924));
#919=CARTESIAN_POINT('Ctrl Pts',(-0.325211298936492,-4.86317263386402E-16,
-7.04188384727761));
#920=CARTESIAN_POINT('',(-0.326002414777396,-3.12250225675825E-16,-8.95974172874406));
#921=CARTESIAN_POINT('Origin',(0.499999999999999,0.,-8.));
#922=CARTESIAN_POINT('Ctrl Pts',(-0.326002414777396,-3.12250225675825E-16,
-8.95974172874406));
#923=CARTESIAN_POINT('Ctrl Pts',(-0.607644462836673,0.0235737946519907,
-8.71461710175174));
#924=CARTESIAN_POINT('Ctrl Pts',(-0.77658249952447,0.0471475893039817,-8.33628717538024));
#925=CARTESIAN_POINT('Ctrl Pts',(-0.765710236247683,0.0707213839559728,
-7.96331622113206));
#926=CARTESIAN_POINT('Ctrl Pts',(-0.753846427099963,0.0964450988365598,
-7.55633047159723));
#927=CARTESIAN_POINT('Ctrl Pts',(-0.527879521754004,0.122168813717147,-7.15572573874647));
#928=CARTESIAN_POINT('Ctrl Pts',(-0.1856530078095,0.147892528597734,-6.9353485682303));
#929=CARTESIAN_POINT('Ctrl Pts',(0.156573506135004,0.173616243478321,-6.71497139771414));
#930=CARTESIAN_POINT('Ctrl Pts',(0.615059628678052,0.199339958358908,-6.67482178953257));
#931=CARTESIAN_POINT('Ctrl Pts',(0.990417296046351,0.225063673239495,-6.83245684873769));
#932=CARTESIAN_POINT('Ctrl Pts',(1.36577496341465,0.250787388120082,-6.99009190794281));
#933=CARTESIAN_POINT('Ctrl Pts',(1.6580041756082,0.276511103000669,-7.34551163453462));
#934=CARTESIAN_POINT('Ctrl Pts',(1.74022012293231,0.302234817881256,-7.74422716042289));
#935=CARTESIAN_POINT('Ctrl Pts',(1.82243607025642,0.327958532761843,-8.14294268631116));
#936=CARTESIAN_POINT('Ctrl Pts',(1.69463875271108,0.35368224764243,-8.58495401149588));
#937=CARTESIAN_POINT('Ctrl Pts',(1.41231021343933,0.379405962523017,-8.87823546968692));
#938=CARTESIAN_POINT('Ctrl Pts',(1.17811778787525,0.400743866221817,-9.12151337649683));
#939=CARTESIAN_POINT('Ctrl Pts',(0.837596206669754,0.422081769920617,-9.26245389802353));
#940=CARTESIAN_POINT('Ctrl Pts',(0.499099289923441,0.443419673619417,-9.26519980689219));
#941=CARTESIAN_POINT('Origin',(0.499999999999999,-1.10421172358873,-8.));
#942=CARTESIAN_POINT('',(0.49879113413502,1.60421172358873,-9.54328783770877));
#943=CARTESIAN_POINT('',(0.500593704817633,1.64578827641127,-9.54104881656645));
#944=CARTESIAN_POINT('',(0.499999999999993,-1.10421172358873,-9.543));
#945=CARTESIAN_POINT('',(1.99064942821851,2.,-7.60148615814276));
#946=CARTESIAN_POINT('Ctrl Pts',(0.500593704817633,1.64578827641127,-9.54104881656645));
#947=CARTESIAN_POINT('Ctrl Pts',(0.205436768535752,1.6609639914185,-9.53988551272304));
#948=CARTESIAN_POINT('Ctrl Pts',(-0.591595640180395,1.70186342130632,-9.31861016173983));
#949=CARTESIAN_POINT('Ctrl Pts',(-1.30573228367125,1.76848656607471,-8.05254946418868));
#950=CARTESIAN_POINT('Ctrl Pts',(-0.565394210195058,1.84565771071648,-6.53932421841986));
#951=CARTESIAN_POINT('Ctrl Pts',(1.10413801795896,1.92282885535824,-6.29751921745649));
#952=CARTESIAN_POINT('Ctrl Pts',(1.86182834048159,1.97427628511941,-7.11962816324199));
#953=CARTESIAN_POINT('Ctrl Pts',(1.99064942821851,2.,-7.60148615814276));
#954=CARTESIAN_POINT('',(1.99256461448528,2.,-8.39960866894435));
#955=CARTESIAN_POINT('Origin',(0.499999999999999,2.,-8.));
#956=CARTESIAN_POINT('Ctrl Pts',(0.49879113413502,1.60421172358873,-9.54328783770877));
#957=CARTESIAN_POINT('Ctrl Pts',(0.392984669059023,1.60967249488481,-9.54417821441874));
#958=CARTESIAN_POINT('Ctrl Pts',(-0.210278086217404,1.64085698106148,-9.48700481296615));
#959=CARTESIAN_POINT('Ctrl Pts',(-1.1676138387929,1.69776518211874,-8.69560751493971));
#960=CARTESIAN_POINT('Ctrl Pts',(-1.01691994029649,1.77493632676051,-7.01794176005629));
#961=CARTESIAN_POINT('Ctrl Pts',(0.452503498905741,1.85210747140226,-6.19367752212178));
#962=CARTESIAN_POINT('Ctrl Pts',(1.92014259400961,1.92712869581543,-6.91837962567414));
#963=CARTESIAN_POINT('Ctrl Pts',(2.10795576522377,1.97642620534801,-7.95885518393965));
#964=CARTESIAN_POINT('Ctrl Pts',(1.99256461448528,2.,-8.39960866894435));
#965=CARTESIAN_POINT('Origin',(0.499999999999999,-1.10421172358873,-8.));
#966=CARTESIAN_POINT('',(0.501112511933883,1.10421172358873,-9.54202073402708));
#967=CARTESIAN_POINT('',(0.499455990048848,1.14578827641127,-9.5449584281747));
#968=CARTESIAN_POINT('',(0.499999999999993,-1.10421172358873,-9.543));
#969=CARTESIAN_POINT('Ctrl Pts',(0.499455990048848,1.14578827641127,-9.5449584281747));
#970=CARTESIAN_POINT('Ctrl Pts',(0.465134983400744,1.14756465392106,-9.54512067911816));
#971=CARTESIAN_POINT('Ctrl Pts',(-0.0660323008656874,1.17506474631143,-9.52885995870718));
#972=CARTESIAN_POINT('Ctrl Pts',(-1.05532214802952,1.22828855358239,-8.91980214550282));
#973=CARTESIAN_POINT('Ctrl Pts',(-1.13812787226087,1.30545969822415,-7.23740269687117));
#974=CARTESIAN_POINT('Ctrl Pts',(0.202579990846559,1.38263084286591,-6.21768578089629));
#975=CARTESIAN_POINT('Ctrl Pts',(1.80180804667008,1.45980198750767,-6.74685088669423));
#976=CARTESIAN_POINT('Ctrl Pts',(2.26963936337327,1.53697313214943,-8.36493688869758));
#977=CARTESIAN_POINT('Ctrl Pts',(1.41023791977717,1.59896856178396,-9.41017336887581));
#978=CARTESIAN_POINT('Ctrl Pts',(0.705744850911225,1.63524027653791,-9.54185738003692));
#979=CARTESIAN_POINT('Ctrl Pts',(0.500593704817633,1.64578827641127,-9.54104881656645));
#980=CARTESIAN_POINT('Ctrl Pts',(0.501112511933883,1.10421172358873,-9.54202073402708));
#981=CARTESIAN_POINT('Ctrl Pts',(0.155785288769096,1.12199687226796,-9.53952921996737));
#982=CARTESIAN_POINT('Ctrl Pts',(-0.692707141539467,1.16550573582777,-9.25724059794782));
#983=CARTESIAN_POINT('Ctrl Pts',(-1.3025894004612,1.23473831426818,-7.8746098982524));
#984=CARTESIAN_POINT('Ctrl Pts',(-0.415945819876415,1.31190945890994,-6.44240441815828));
#985=CARTESIAN_POINT('Ctrl Pts',(1.26667068812324,1.3890806035517,-6.36376025644616));
#986=CARTESIAN_POINT('Ctrl Pts',(2.28302619670654,1.46625174819346,-7.7070203629429));
#987=CARTESIAN_POINT('Ctrl Pts',(1.7876769920448,1.53796212153914,-9.19181333621246));
#988=CARTESIAN_POINT('Ctrl Pts',(0.891400587354111,1.58394878000423,-9.53998397236358));
#989=CARTESIAN_POINT('Ctrl Pts',(0.49879113413502,1.60421172358873,-9.54328783770877));
#990=CARTESIAN_POINT('Origin',(0.499999999999999,-1.10421172358873,-8.));
#991=CARTESIAN_POINT('',(0.498900912891954,0.604211723588727,-9.54385393597046));
#992=CARTESIAN_POINT('',(0.500347459370119,0.645788276411272,-9.54086055810552));
#993=CARTESIAN_POINT('',(0.499999999999993,-1.10421172358873,-9.543));
#994=CARTESIAN_POINT('Ctrl Pts',(0.500347459370119,0.645788276411272,-9.54086055810552));
#995=CARTESIAN_POINT('Ctrl Pts',(0.226035540345867,0.659889031304202,-9.54027832103884));
#996=CARTESIAN_POINT('Ctrl Pts',(-0.549485431568318,0.699713501077719,-9.34188681187569));
#997=CARTESIAN_POINT('Ctrl Pts',(-1.30258894684923,0.765261685731822,-8.12539007458701));
#998=CARTESIAN_POINT('Ctrl Pts',(-0.622774613572679,0.842432830373584,-6.58422014558451));
#999=CARTESIAN_POINT('Ctrl Pts',(1.0327407660876,0.919603975015345,-6.27337253684658));
#1000=CARTESIAN_POINT('Ctrl Pts',(2.22530047146111,0.996775119657105,-7.46297699096957));
#1001=CARTESIAN_POINT('Ctrl Pts',(1.92562120683038,1.07216988678908,-9.08113144378656));
#1002=CARTESIAN_POINT('Ctrl Pts',(0.962137329223879,1.12184093904047,-9.54277112392176));
#1003=CARTESIAN_POINT('Ctrl Pts',(0.499455990048848,1.14578827641127,-9.5449584281747));
#1004=CARTESIAN_POINT('Ctrl Pts',(0.498900912891954,0.604211723588727,-9.54385393597046));
#1005=CARTESIAN_POINT('Ctrl Pts',(0.414002418333736,0.608597534770514,-9.54454263804604));
#1006=CARTESIAN_POINT('Ctrl Pts',(-0.168127237227461,0.638707060832888,
-9.5003617500294));
#1007=CARTESIAN_POINT('Ctrl Pts',(-1.13812835808802,0.69454030177585,-8.76259751396118));
#1008=CARTESIAN_POINT('Ctrl Pts',(-1.05532247941682,0.771711446417611,-7.08019761501004));
#1009=CARTESIAN_POINT('Ctrl Pts',(0.379085325668447,0.848882591059371,-6.19710222612229));
#1010=CARTESIAN_POINT('Ctrl Pts',(1.9185608175547,0.926053735701133,-6.88074291104775));
#1011=CARTESIAN_POINT('Ctrl Pts',(2.22530088666343,1.00322488034289,-8.53702314252897));
#1012=CARTESIAN_POINT('Ctrl Pts',(1.3075827015778,1.06261087630543,-9.45246715568119));
#1013=CARTESIAN_POINT('Ctrl Pts',(0.655252523449568,1.09627315738737,-9.54313284445479));
#1014=CARTESIAN_POINT('Ctrl Pts',(0.501112511933883,1.10421172358873,-9.54202073402708));
#1015=CARTESIAN_POINT('Origin',(0.499999999999999,-1.10421172358873,-8.));
#1016=CARTESIAN_POINT('',(0.501447250987659,0.104211723588727,-9.5412495734786));
#1017=CARTESIAN_POINT('',(0.499843167110883,0.145788276411273,-9.54519274721266));
#1018=CARTESIAN_POINT('',(0.499999999999993,-1.10421172358873,-9.543));
#1019=CARTESIAN_POINT('',(1.99064942821851,0.,-8.39851384185723));
#1020=CARTESIAN_POINT('Ctrl Pts',(1.99064942821851,-1.38777878078145E-16,
-8.39851384185723));
#1021=CARTESIAN_POINT('Ctrl Pts',(1.86182834048159,0.0257237148805869,-8.880371836758));
#1022=CARTESIAN_POINT('Ctrl Pts',(1.35023213591259,0.0604609560768294,-9.43545801522612));
#1023=CARTESIAN_POINT('Ctrl Pts',(0.676649142135044,0.0951981972730719,
-9.54225980548636));
#1024=CARTESIAN_POINT('Ctrl Pts',(0.501447250987659,0.104211723588727,-9.5412495734786));
#1025=CARTESIAN_POINT('',(1.9925651461318,-1.73472347597681E-16,-7.60039227303688));
#1026=CARTESIAN_POINT('Origin',(0.499999999999999,0.,-8.));
#1027=CARTESIAN_POINT('Ctrl Pts',(1.9925651461318,-4.98732999343332E-17,
-7.60039227303688));
#1028=CARTESIAN_POINT('Ctrl Pts',(2.10795643766477,0.0235737946519908,-8.04114594231761));
#1029=CARTESIAN_POINT('Ctrl Pts',(1.922812776071,0.0721698867890819,-9.06681464166467));
#1030=CARTESIAN_POINT('Ctrl Pts',(0.98302256301784,0.120765978926173,-9.54416643693289));
#1031=CARTESIAN_POINT('Ctrl Pts',(0.499843167110883,0.145788276411273,-9.54519274721266));
#1032=CARTESIAN_POINT('Origin',(0.499999999999999,-1.10421172358873,-8.));
#1033=CARTESIAN_POINT('Ctrl Pts',(0.499843167110883,0.145788276411273,-9.54519274721266));
#1034=CARTESIAN_POINT('Ctrl Pts',(0.486298829959915,0.14648969380676,-9.54522151642875));
#1035=CARTESIAN_POINT('Ctrl Pts',(-0.0239478706868891,0.172914826082834,
-9.53905956225519));
#1036=CARTESIAN_POINT('Ctrl Pts',(-1.01692029325628,0.225063673239495,-8.9820576172158));
#1037=CARTESIAN_POINT('Ctrl Pts',(-1.16761299705266,0.302234817881256,-7.30439285426795));
#1038=CARTESIAN_POINT('Ctrl Pts',(0.130594239964761,0.379405962523017,-6.23120767894961));
#1039=CARTESIAN_POINT('Ctrl Pts',(1.74995581203329,0.456577107164777,-6.69511950530776));
#1040=CARTESIAN_POINT('Ctrl Pts',(2.28302567654668,0.53374825180654,-8.29297953749801));
#1041=CARTESIAN_POINT('Ctrl Pts',(1.45237952898549,0.59681864155537,-9.39079816994409));
#1042=CARTESIAN_POINT('Ctrl Pts',(0.726457088476225,0.634165316423615,-9.54134048405138));
#1043=CARTESIAN_POINT('Ctrl Pts',(0.500347459370119,0.645788276411272,-9.54086055810552));
#1044=CARTESIAN_POINT('Ctrl Pts',(0.501447250987659,0.104211723588727,-9.5412495734786));
#1045=CARTESIAN_POINT('Ctrl Pts',(0.17664022924297,0.120921912153659,-9.53937670300009));
#1046=CARTESIAN_POINT('Ctrl Pts',(-0.651862152961752,0.163355815599178,
-9.2839331757289));
#1047=CARTESIAN_POINT('Ctrl Pts',(-1.30573505097988,0.231513433925283,-7.94745039182544));
#1048=CARTESIAN_POINT('Ctrl Pts',(-0.478529985858135,0.308684578567045,
-6.48094243740376));
#1049=CARTESIAN_POINT('Ctrl Pts',(1.19986642477988,0.385855723208805,-6.33396534268455));
#1050=CARTESIAN_POINT('Ctrl Pts',(2.26964026680751,0.463026867850567,-7.63506294204671));
#1051=CARTESIAN_POINT('Ctrl Pts',(1.8283960571703,0.53581220131054,-9.1611899498585));
#1052=CARTESIAN_POINT('Ctrl Pts',(0.911950135936288,0.582873819889927,-9.54050325397414));
#1053=CARTESIAN_POINT('Ctrl Pts',(0.498900912891954,0.604211723588727,-9.54385393597046));
#1054=CARTESIAN_POINT('Ctrl Pts',(-0.325211298936491,0.,-7.04188384727761));
#1055=CARTESIAN_POINT('Ctrl Pts',(-0.0154966742278511,0.025723714880587,
-6.775131212924));
#1056=CARTESIAN_POINT('Ctrl Pts',(0.877096702822674,0.0771711446417613,
-6.56839644060289));
#1057=CARTESIAN_POINT('Ctrl Pts',(1.89577862548449,0.154342289283522,-7.50301402486872));
#1058=CARTESIAN_POINT('Ctrl Pts',(1.69828318014425,0.231513433925284,-8.86937493269349));
#1059=CARTESIAN_POINT('Ctrl Pts',(0.461077232987443,0.308684578567044,-9.48029497566328));
#1060=CARTESIAN_POINT('Ctrl Pts',(-0.743127485951109,0.385855723208806,
-8.80480353659713));
#1061=CARTESIAN_POINT('Ctrl Pts',(-0.866621279827013,0.463026867850566,
-7.42994475970306));
#1062=CARTESIAN_POINT('Ctrl Pts',(0.197269226464964,0.540198012492328,-6.55046151006598));
#1063=CARTESIAN_POINT('Ctrl Pts',(1.52434810389896,0.617369157134088,-6.93064070930761));
#1064=CARTESIAN_POINT('Ctrl Pts',(1.96120283084464,0.694540301775851,-8.24009891456011));
#1065=CARTESIAN_POINT('Ctrl Pts',(1.12829222914576,0.771711446417609,-9.34091034959963));
#1066=CARTESIAN_POINT('Ctrl Pts',(-0.250624264679155,0.848882591059374,
-9.27646087075753));
#1067=CARTESIAN_POINT('Ctrl Pts',(-0.977235076662894,0.926053735701133,
-8.10275810065798));
#1068=CARTESIAN_POINT('Ctrl Pts',(-0.420122163877287,1.00322488034289,-6.83975785747999));
#1069=CARTESIAN_POINT('Ctrl Pts',(0.936585028332969,1.08039602498466,-6.58501592536779));
#1070=CARTESIAN_POINT('Ctrl Pts',(1.91389659505027,1.15756716962641,-7.55990564165975));
#1071=CARTESIAN_POINT('Ctrl Pts',(1.66252086796841,1.23473831426818,-8.91723929839059));
#1072=CARTESIAN_POINT('Ctrl Pts',(0.400909568782562,1.31190945890994,-9.47748780967603));
#1073=CARTESIAN_POINT('Ctrl Pts',(-0.77459809214733,1.3890806035517,-8.75378471353749));
#1074=CARTESIAN_POINT('Ctrl Pts',(-0.842458000307106,1.46625174819346,-7.37504582643783));
#1075=CARTESIAN_POINT('Ctrl Pts',(0.256262085823378,1.54342289283522,-6.53938021383238));
#1076=CARTESIAN_POINT('Ctrl Pts',(1.56684139663922,1.62059403747698,-6.97303496190852));
#1077=CARTESIAN_POINT('Ctrl Pts',(1.95023264743065,1.69776518211874,-8.29906850016726));
#1078=CARTESIAN_POINT('Ctrl Pts',(1.07354627773267,1.7749363267605,-9.36532756001824));
#1079=CARTESIAN_POINT('Ctrl Pts',(-0.301913554100045,1.85210747140227,-9.24487864810851));
#1080=CARTESIAN_POINT('Ctrl Pts',(-0.979811064615874,1.92927861604403,-8.0430646775545));
#1081=CARTESIAN_POINT('Ctrl Pts',(-0.373098495652398,2.00644976068579,-6.80296531055859));
#1082=CARTESIAN_POINT('Ctrl Pts',(0.995095608366238,2.08362090532755,-6.60480431009316));
#1083=CARTESIAN_POINT('Ctrl Pts',(1.61602847474982,2.13506833508872,-7.27852871835353));
#1084=CARTESIAN_POINT('Ctrl Pts',(1.72159831625555,2.16079204996931,-7.6734149364689));
#1085=CARTESIAN_POINT('Ctrl Pts',(-0.385794229410674,-0.0535973499897702,
-6.97154370004335));
#1086=CARTESIAN_POINT('Ctrl Pts',(-0.0533418894044579,-0.0278736351091832,
-6.68520740715079));
#1087=CARTESIAN_POINT('Ctrl Pts',(0.90478127689309,0.023573794651991,-6.46329519075656));
#1088=CARTESIAN_POINT('Ctrl Pts',(1.99824978594249,0.100744939293752,-7.46652777363001));
#1089=CARTESIAN_POINT('Ctrl Pts',(1.78625520220045,0.177916083935513,-8.93320013863922));
#1090=CARTESIAN_POINT('Ctrl Pts',(0.458219716020788,0.255087228577274,-9.58897090836981));
#1091=CARTESIAN_POINT('Ctrl Pts',(-0.83439175505283,0.332258373219036,-8.86388823013669));
#1092=CARTESIAN_POINT('Ctrl Pts',(-0.966951852235561,0.409429517860796,
-7.38809412455802));
#1093=CARTESIAN_POINT('Ctrl Pts',(0.175044230964897,0.486600662502558,-6.44404356636053));
#1094=CARTESIAN_POINT('Ctrl Pts',(1.59955067327707,0.563771807144318,-6.85213364130766));
#1095=CARTESIAN_POINT('Ctrl Pts',(2.06847711274532,0.64094295178608,-8.25772578887275));
#1096=CARTESIAN_POINT('Ctrl Pts',(1.17441833585911,0.718114096427841,-9.43935335272696));
#1097=CARTESIAN_POINT('Ctrl Pts',(-0.30573138415013,0.795285241069602,-9.37017231204024));
#1098=CARTESIAN_POINT('Ctrl Pts',(-1.08568636672501,0.872456385711363,-8.11030209196766));
#1099=CARTESIAN_POINT('Ctrl Pts',(-0.487672980442417,0.949627530353125,
-6.75457862018149));
#1100=CARTESIAN_POINT('Ctrl Pts',(0.968636940917845,1.02679867499488,-6.48113479586072));
#1101=CARTESIAN_POINT('Ctrl Pts',(2.01769788718722,1.10396981963665,-7.5275960914297));
#1102=CARTESIAN_POINT('Ctrl Pts',(1.74786739801433,1.18114096427841,-8.98457846923591));
#1103=CARTESIAN_POINT('Ctrl Pts',(0.393634839615816,1.25831210892017,-9.58595765414547));
#1104=CARTESIAN_POINT('Ctrl Pts',(-0.868172777441395,1.33548325356193,-8.80912385752593));
#1105=CARTESIAN_POINT('Ctrl Pts',(-0.941014624291693,1.41265439820369,-7.32916478324894));
#1106=CARTESIAN_POINT('Ctrl Pts',(0.238368054164438,1.48982554284545,-6.43214873618702));
#1107=CARTESIAN_POINT('Ctrl Pts',(1.64516361331617,1.56699668748721,-6.89764027017042));
#1108=CARTESIAN_POINT('Ctrl Pts',(2.05670155274486,1.64416783212897,-8.32102462967738));
#1109=CARTESIAN_POINT('Ctrl Pts',(1.11565320757281,1.72133897677073,-9.46556315391967));
#1110=CARTESIAN_POINT('Ctrl Pts',(-0.360786079424116,1.7985101214125,-9.33627147887119));
#1111=CARTESIAN_POINT('Ctrl Pts',(-1.08845147096767,1.87568126605426,-8.04622627309923));
#1112=CARTESIAN_POINT('Ctrl Pts',(-0.437197067166619,1.95285241069602,-6.71508494651235));
#1113=CARTESIAN_POINT('Ctrl Pts',(1.03144307823048,2.03002355533778,-6.50237594588094));
#1114=CARTESIAN_POINT('Ctrl Pts',(1.69796176332707,2.08147098509895,-7.22556186664968));
#1115=CARTESIAN_POINT('Ctrl Pts',(1.8112820202432,2.10719469997954,-7.64943867702686));
#1116=CARTESIAN_POINT('Ctrl Pts',(-0.446377159884857,-0.107194699979541,
-6.90120355280908));
#1117=CARTESIAN_POINT('Ctrl Pts',(-0.0911871045810637,-0.0814709850989535,
-6.59528360137758));
#1118=CARTESIAN_POINT('Ctrl Pts',(0.932465850963504,-0.0300235553377794,
-6.35819394091022));
#1119=CARTESIAN_POINT('Ctrl Pts',(2.10072094640049,0.0471475893039814,-7.43004152239129));
#1120=CARTESIAN_POINT('Ctrl Pts',(1.87422722425664,0.124318733945743,-8.99702534458496));
#1121=CARTESIAN_POINT('Ctrl Pts',(0.455362199054136,0.201489878587504,-9.69764684107633));
#1122=CARTESIAN_POINT('Ctrl Pts',(-0.925656024154553,0.278661023229265,
-8.92297292367624));
#1123=CARTESIAN_POINT('Ctrl Pts',(-1.06728242464411,0.355832167871026,-7.34624348941299));
#1124=CARTESIAN_POINT('Ctrl Pts',(0.152819235464829,0.433003312512787,-6.33762562265506));
#1125=CARTESIAN_POINT('Ctrl Pts',(1.67475324265518,0.510174457154548,-6.77362657330771));
#1126=CARTESIAN_POINT('Ctrl Pts',(2.175751394646,0.587345601796309,-8.27535266318538));
#1127=CARTESIAN_POINT('Ctrl Pts',(1.22054444257246,0.664516746438071,-9.53779635585429));
#1128=CARTESIAN_POINT('Ctrl Pts',(-0.360838503621105,0.741687891079831,
-9.46388375332295));
#1129=CARTESIAN_POINT('Ctrl Pts',(-1.19413765678712,0.818859035721593,-8.11784608327734));
#1130=CARTESIAN_POINT('Ctrl Pts',(-0.555223797007548,0.896030180363353,
-6.669399382883));
#1131=CARTESIAN_POINT('Ctrl Pts',(1.00068885350272,0.973201325005115,-6.37725366635365));
#1132=CARTESIAN_POINT('Ctrl Pts',(2.12149917932416,1.05037246964688,-7.49528654119963));
#1133=CARTESIAN_POINT('Ctrl Pts',(1.83321392806026,1.12754361428864,-9.05191764008124));
#1134=CARTESIAN_POINT('Ctrl Pts',(0.386360110449066,1.2047147589304,-9.6944274986149));
#1135=CARTESIAN_POINT('Ctrl Pts',(-0.961747462735457,1.28188590357216,-8.86446300151438));
#1136=CARTESIAN_POINT('Ctrl Pts',(-1.03957124827628,1.35905704821392,-7.28328374006004));
#1137=CARTESIAN_POINT('Ctrl Pts',(0.2204740225055,1.43622819285568,-6.32491725854167));
#1138=CARTESIAN_POINT('Ctrl Pts',(1.72348582999312,1.51339933749744,-6.82224557843231));
#1139=CARTESIAN_POINT('Ctrl Pts',(2.16317045805907,1.5905704821392,-8.34298075918748));
#1140=CARTESIAN_POINT('Ctrl Pts',(1.15776013741294,1.66774162678096,-9.5657987478211));
#1141=CARTESIAN_POINT('Ctrl Pts',(-0.419658604748186,1.74491277142273,-9.42766430963387));
#1142=CARTESIAN_POINT('Ctrl Pts',(-1.19709187731946,1.82208391606449,-8.04938786864395));
#1143=CARTESIAN_POINT('Ctrl Pts',(-0.501295638680837,1.89925506070625,-6.62720458246611));
#1144=CARTESIAN_POINT('Ctrl Pts',(1.06779054809472,1.97642620534801,-6.39994758166871));
#1145=CARTESIAN_POINT('Ctrl Pts',(1.77989505190433,2.02787363510918,-7.17259501494584));
#1146=CARTESIAN_POINT('Ctrl Pts',(1.90096572423086,2.05359734998977,-7.62546241758481));
#1147=CARTESIAN_POINT('Ctrl Pts',(-0.50696009035904,-0.160792049969311,
-6.83086340557482));
#1148=CARTESIAN_POINT('Ctrl Pts',(-0.12903231975767,-0.135068335088724,
-6.50535979560438));
#1149=CARTESIAN_POINT('Ctrl Pts',(0.960150425033917,-0.0836209053275497,
-6.25309269106388));
#1150=CARTESIAN_POINT('Ctrl Pts',(2.20319210685849,-0.00644976068578875,
-7.39355527115257));
#1151=CARTESIAN_POINT('Ctrl Pts',(1.96219924631284,0.0707213839559726,-9.0608505505307));
#1152=CARTESIAN_POINT('Ctrl Pts',(0.452504682087483,0.147892528597733,-9.80632277378286));
#1153=CARTESIAN_POINT('Ctrl Pts',(-1.01692029325628,0.225063673239495,-8.9820576172158));
#1154=CARTESIAN_POINT('Ctrl Pts',(-1.16761299705266,0.302234817881256,-7.30439285426795));
#1155=CARTESIAN_POINT('Ctrl Pts',(0.130594239964761,0.379405962523017,-6.23120767894961));
#1156=CARTESIAN_POINT('Ctrl Pts',(1.74995581203329,0.456577107164777,-6.69511950530776));
#1157=CARTESIAN_POINT('Ctrl Pts',(2.28302567654668,0.53374825180654,-8.29297953749801));
#1158=CARTESIAN_POINT('Ctrl Pts',(1.26667054928581,0.610919396448299,-9.63623935898162));
#1159=CARTESIAN_POINT('Ctrl Pts',(-0.41594562309208,0.688090541090062,-9.55759519460566));
#1160=CARTESIAN_POINT('Ctrl Pts',(-1.30258894684923,0.765261685731822,-8.12539007458701));
#1161=CARTESIAN_POINT('Ctrl Pts',(-0.622774613572679,0.842432830373584,
-6.58422014558451));
#1162=CARTESIAN_POINT('Ctrl Pts',(1.0327407660876,0.919603975015345,-6.27337253684658));
#1163=CARTESIAN_POINT('Ctrl Pts',(2.22530047146111,0.996775119657105,-7.46297699096957));
#1164=CARTESIAN_POINT('Ctrl Pts',(1.91856045810618,1.07394626429887,-9.11925681092657));
#1165=CARTESIAN_POINT('Ctrl Pts',(0.37908538128232,1.15111740894063,-9.80289734308434));
#1166=CARTESIAN_POINT('Ctrl Pts',(-1.05532214802952,1.22828855358239,-8.91980214550282));
#1167=CARTESIAN_POINT('Ctrl Pts',(-1.13812787226087,1.30545969822415,-7.23740269687117));
#1168=CARTESIAN_POINT('Ctrl Pts',(0.202579990846559,1.38263084286591,-6.21768578089629));
#1169=CARTESIAN_POINT('Ctrl Pts',(1.80180804667008,1.45980198750767,-6.74685088669423));
#1170=CARTESIAN_POINT('Ctrl Pts',(2.26963936337327,1.53697313214943,-8.36493688869758));
#1171=CARTESIAN_POINT('Ctrl Pts',(1.19986706725308,1.61414427679119,-9.66603434172254));
#1172=CARTESIAN_POINT('Ctrl Pts',(-0.478531130072256,1.69131542143296,-9.51905714039654));
#1173=CARTESIAN_POINT('Ctrl Pts',(-1.30573228367125,1.76848656607471,-8.05254946418868));
#1174=CARTESIAN_POINT('Ctrl Pts',(-0.565394210195058,1.84565771071648,-6.53932421841986));
#1175=CARTESIAN_POINT('Ctrl Pts',(1.10413801795896,1.92282885535824,-6.29751921745649));
#1176=CARTESIAN_POINT('Ctrl Pts',(1.86182834048159,1.97427628511941,-7.11962816324199));
#1177=CARTESIAN_POINT('Ctrl Pts',(1.99064942821851,2.,-7.60148615814276));
#1178=CARTESIAN_POINT('Ctrl Pts',(1.99064942821851,2.,-7.60148615814276));
#1179=CARTESIAN_POINT('Ctrl Pts',(1.97000358226356,2.,-7.54498348021825));
#1180=CARTESIAN_POINT('Ctrl Pts',(1.94587269654979,2.,-7.48998724609807));
#1181=CARTESIAN_POINT('Ctrl Pts',(1.91853914242261,2.,-7.43668817097307));
#1182=CARTESIAN_POINT('Ctrl Pts',(1.89092421683709,2.,-7.38284043545704));
#1183=CARTESIAN_POINT('Ctrl Pts',(1.86003947165728,2.,-7.3307242183016));
#1184=CARTESIAN_POINT('Ctrl Pts',(1.82613169959369,2.,-7.28056765909345));
#1185=CARTESIAN_POINT('Ctrl Pts',(1.80100317425271,2.,-7.24339740895981));
#1186=CARTESIAN_POINT('Ctrl Pts',(1.77421339575409,2.,-7.20730401428939));
#1187=CARTESIAN_POINT('Ctrl Pts',(1.74585162565803,2.,-7.1723950217525));
#1188=CARTESIAN_POINT('Ctrl Pts',(1.73188702992813,2.,-7.15520674448826));
#1189=CARTESIAN_POINT('Ctrl Pts',(1.71754121174762,2.,-7.13830581435421));
#1190=CARTESIAN_POINT('Ctrl Pts',(1.70282423990464,2.,-7.12170638393558));
#1191=CARTESIAN_POINT('Ctrl Pts',(1.69606930408035,2.,-7.1140874193555));
#1192=CARTESIAN_POINT('Ctrl Pts',(1.68923454468618,2.,-7.10653022735255));
#1193=CARTESIAN_POINT('Ctrl Pts',(1.68232627201439,2.,-7.09904202928495));
#1194=CARTESIAN_POINT('Ctrl Pts',(1.64219082332997,2.,-7.05553734966979));
#1195=CARTESIAN_POINT('Ctrl Pts',(1.59968759753208,2.,-7.01447569286047));
#1196=CARTESIAN_POINT('Ctrl Pts',(1.55505566465211,2.,-6.97606276448233));
#1197=CARTESIAN_POINT('Ctrl Pts',(1.511218389196,2.,-6.93833376612329));
#1198=CARTESIAN_POINT('Ctrl Pts',(1.46532659990932,2.,-6.90315954050811));
#1199=CARTESIAN_POINT('Ctrl Pts',(1.41758229635615,2.,-6.87077754195706));
#1200=CARTESIAN_POINT('Ctrl Pts',(1.38353019020791,2.,-6.84768211130062));
#1201=CARTESIAN_POINT('Ctrl Pts',(1.3485352178569,2.,-6.82600789148729));
#1202=CARTESIAN_POINT('Ctrl Pts',(1.31266663728167,2.,-6.80585663588303));
#1203=CARTESIAN_POINT('Ctrl Pts',(1.28994362197217,2.,-6.79309066404201));
#1204=CARTESIAN_POINT('Ctrl Pts',(1.26686994559589,2.,-6.78093617536945));
#1205=CARTESIAN_POINT('Ctrl Pts',(1.24346298782655,2.,-6.76942207492166));
#1206=CARTESIAN_POINT('Ctrl Pts',(1.23417777293805,2.,-6.76485459127174));
#1207=CARTESIAN_POINT('Ctrl Pts',(1.22483991676934,2.,-6.76038793201887));
#1208=CARTESIAN_POINT('Ctrl Pts',(1.21546409921481,2.,-6.75602997876256));
#1209=CARTESIAN_POINT('Ctrl Pts',(1.16481824566411,2.,-6.73248939031616));
#1210=CARTESIAN_POINT('Ctrl Pts',(1.11296928359863,2.,-6.71206839490626));
#1211=CARTESIAN_POINT('Ctrl Pts',(1.06010548901331,2.,-6.69498132566363));
#1212=CARTESIAN_POINT('Ctrl Pts',(1.0305983517765,2.,-6.68544378676631));
#1213=CARTESIAN_POINT('Ctrl Pts',(1.00077476287224,2.,-6.67694580845204));
#1214=CARTESIAN_POINT('Ctrl Pts',(0.970666254549346,2.,-6.66953168687097));
#1215=CARTESIAN_POINT('Ctrl Pts',(0.918081575240473,2.,-6.65658288178518));
#1216=CARTESIAN_POINT('Ctrl Pts',(0.864627089725637,2.,-6.64693796438519));
#1217=CARTESIAN_POINT('Ctrl Pts',(0.810599980064347,2.,-6.64054757030657));
#1218=CARTESIAN_POINT('Ctrl Pts',(0.784967491344463,2.,-6.63751572749353));
#1219=CARTESIAN_POINT('Ctrl Pts',(0.759206226864497,2.,-6.63521706502711));
#1220=CARTESIAN_POINT('Ctrl Pts',(0.733349016859884,2.,-6.63364950361679));
#1221=CARTESIAN_POINT('Ctrl Pts',(0.718458186573033,2.,-6.63274676542806));
#1222=CARTESIAN_POINT('Ctrl Pts',(0.703529082776581,2.,-6.63208652419647));
#1223=CARTESIAN_POINT('Ctrl Pts',(0.688603665630993,2.,-6.63166914193222));
#1224=CARTESIAN_POINT('Ctrl Pts',(0.632899566901266,2.,-6.63011140303427));
#1225=CARTESIAN_POINT('Ctrl Pts',(0.577171701608683,2.,-6.63192482075644));
#1226=CARTESIAN_POINT('Ctrl Pts',(0.521739290235211,2.,-6.63701597502359));
#1227=CARTESIAN_POINT('Ctrl Pts',(0.466426686497604,2.,-6.64209612563527));
#1228=CARTESIAN_POINT('Ctrl Pts',(0.411407122695855,2.,-6.65044029278489));
#1229=CARTESIAN_POINT('Ctrl Pts',(0.357013149706916,2.,-6.66200466728634));
#1230=CARTESIAN_POINT('Ctrl Pts',(0.321197388435747,2.,-6.66961924025527));
#1231=CARTESIAN_POINT('Ctrl Pts',(0.285653207099527,2.,-6.67863094679886));
#1232=CARTESIAN_POINT('Ctrl Pts',(0.250482769478232,2.,-6.68903757768769));
#1233=CARTESIAN_POINT('Ctrl Pts',(0.230924710925319,2.,-6.6948246394938));
#1234=CARTESIAN_POINT('Ctrl Pts',(0.211482348648962,2.,-6.70104320727828));
#1235=CARTESIAN_POINT('Ctrl Pts',(0.192174300047484,2.,-6.70769389534877));
#1236=CARTESIAN_POINT('Ctrl Pts',(0.181442042756173,2.,-6.71139063845368));
#1237=CARTESIAN_POINT('Ctrl Pts',(0.170760372541131,2.,-6.71521779550842));
#1238=CARTESIAN_POINT('Ctrl Pts',(0.160134251969785,2.,-6.7191741320942));
#1239=CARTESIAN_POINT('Ctrl Pts',(0.110024025140839,2.,-6.73783126311339));
#1240=CARTESIAN_POINT('Ctrl Pts',(0.0611311621547908,2.,-6.75936334267078));
#1241=CARTESIAN_POINT('Ctrl Pts',(0.013771206088533,2.,-6.78374175696205));
#1242=CARTESIAN_POINT('Ctrl Pts',(-0.0122503167356799,2.,-6.79713626820296));
#1243=CARTESIAN_POINT('Ctrl Pts',(-0.0378085409835125,2.,-6.81139074219811));
#1244=CARTESIAN_POINT('Ctrl Pts',(-0.0628462311246972,2.,-6.82650512676844));
#1245=CARTESIAN_POINT('Ctrl Pts',(-0.0738457953759541,2.,-6.83314518195173));
#1246=CARTESIAN_POINT('Ctrl Pts',(-0.0847466362190058,2.,-6.83995240558085));
#1247=CARTESIAN_POINT('Ctrl Pts',(-0.0955379035486725,2.,-6.84692325532756));
#1248=CARTESIAN_POINT('Ctrl Pts',(-0.138783742474033,2.,-6.87485882916795));
#1249=CARTESIAN_POINT('Ctrl Pts',(-0.18018185696155,2.,-6.90535950194259));
#1250=CARTESIAN_POINT('Ctrl Pts',(-0.219430676324837,2.,-6.93840949345481));
#1251=CARTESIAN_POINT('Ctrl Pts',(-0.230727067914609,2.,-6.94792177056829));
#1252=CARTESIAN_POINT('Ctrl Pts',(-0.241845166563852,2.,-6.95764543528509));
#1253=CARTESIAN_POINT('Ctrl Pts',(-0.252777128934958,2.,-6.96758059825016));
#1254=CARTESIAN_POINT('Ctrl Pts',(-0.278205614109895,2.,-6.99069046046811));
#1255=CARTESIAN_POINT('Ctrl Pts',(-0.302627565714049,2.,-7.01494448781661));
#1256=CARTESIAN_POINT('Ctrl Pts',(-0.326003209681763,2.,-7.04025866352446));
#1257=CARTESIAN_POINT('Ctrl Pts',(-0.325211298936491,0.,-7.04188384727761));
#1258=CARTESIAN_POINT('Ctrl Pts',(-0.290749051573124,7.2874824809758E-18,
-7.00498111522824));
#1259=CARTESIAN_POINT('Ctrl Pts',(-0.254050248098801,-3.51490515958003E-17,
-6.9704500835306));
#1260=CARTESIAN_POINT('Ctrl Pts',(-0.21543408683019,-3.12250225675825E-17,
-6.93829629296471));
#1261=CARTESIAN_POINT('Ctrl Pts',(-0.175107769694962,-2.71272139340669E-17,
-6.90471853917296));
#1262=CARTESIAN_POINT('Ctrl Pts',(-0.132690050561659,7.6725347342051E-17,
-6.87373262003164));
#1263=CARTESIAN_POINT('Ctrl Pts',(-0.0884948100205406,1.38777878078145E-16,
-6.84537265436228));
#1264=CARTESIAN_POINT('Ctrl Pts',(-0.0538848684125,1.87372125764369E-16,
-6.82316354895172));
#1265=CARTESIAN_POINT('Ctrl Pts',(-0.0181836804989238,-5.82617690248177E-17,
-6.80256534221617));
#1266=CARTESIAN_POINT('Ctrl Pts',(0.0184745433207779,-5.55111512312578E-17,
-6.78360932797859));
#1267=CARTESIAN_POINT('Ctrl Pts',(0.0323179353170353,-5.44724244087197E-17,
-6.77645089234166));
#1268=CARTESIAN_POINT('Ctrl Pts',(0.0462979320572212,1.71041627468265E-16,
-6.76952679157362));
#1269=CARTESIAN_POINT('Ctrl Pts',(0.0604077128699686,1.70002900645727E-16,
-6.76283926680027));
#1270=CARTESIAN_POINT('Ctrl Pts',(0.0728467750503232,1.69087167956082E-16,
-6.75694360211261));
#1271=CARTESIAN_POINT('Ctrl Pts',(0.0853917784686408,1.22163716853192E-16,
-6.75122976565274));
#1272=CARTESIAN_POINT('Ctrl Pts',(0.0980085310856954,1.11022302462516E-16,
-6.74571194507152));
#1273=CARTESIAN_POINT('Ctrl Pts',(0.147888140809501,6.69753580192261E-17,
-6.72389755705338));
#1274=CARTESIAN_POINT('Ctrl Pts',(0.198957928593232,2.55532342055031E-16,
-6.70510723563311));
#1275=CARTESIAN_POINT('Ctrl Pts',(0.250887882575828,2.28983498828939E-16,
-6.68937259482121));
#1276=CARTESIAN_POINT('Ctrl Pts',(0.303766977632399,2.01949413548119E-16,
-6.67335036673582));
#1277=CARTESIAN_POINT('Ctrl Pts',(0.357538891556615,-8.19983975383626E-17,
-6.66049593229651));
#1278=CARTESIAN_POINT('Ctrl Pts',(0.411889650888663,-1.52655665885959E-16,
-6.65088339526808));
#1279=CARTESIAN_POINT('Ctrl Pts',(0.448722532268612,-2.00539279945122E-16,
-6.64436909003151));
#1280=CARTESIAN_POINT('Ctrl Pts',(0.485821970680273,2.34389586345796E-16,
-6.63934451519607));
#1281=CARTESIAN_POINT('Ctrl Pts',(0.523095580707385,2.91433543964104E-16,
-6.63584524694505));
#1282=CARTESIAN_POINT('Ctrl Pts',(0.537947322504735,3.14162818886222E-16,
-6.6344509567621));
#1283=CARTESIAN_POINT('Ctrl Pts',(0.552826747965922,2.17399205670876E-16,
-6.63329895069143));
#1284=CARTESIAN_POINT('Ctrl Pts',(0.56772810374252,2.22044604925031E-16,
-6.63239197456938));
#1285=CARTESIAN_POINT('Ctrl Pts',(0.579652560734975,2.25761975642798E-16,
-6.63166618841121));
#1286=CARTESIAN_POINT('Ctrl Pts',(0.59159315250527,1.05906888489438E-16,
-6.63109738770375));
#1287=CARTESIAN_POINT('Ctrl Pts',(0.603524407793641,9.71445146547012E-17,
-6.63068745928468));
#1288=CARTESIAN_POINT('Ctrl Pts',(0.66030044184992,5.54479099613313E-17,
-6.6287367751933));
#1289=CARTESIAN_POINT('Ctrl Pts',(0.71697294137816,4.56766705452247E-16,
-6.63037173796312));
#1290=CARTESIAN_POINT('Ctrl Pts',(0.773210806412109,4.16333634234434E-16,
-6.63565493250466));
#1291=CARTESIAN_POINT('Ctrl Pts',(0.801580525589696,3.95936791729046E-16,
-6.63832008960857));
#1292=CARTESIAN_POINT('Ctrl Pts',(0.829840036638368,4.44444337310299E-17,
-6.64191437170114));
#1293=CARTESIAN_POINT('Ctrl Pts',(0.857948513972485,-1.38777878078145E-17,
-6.64645056782003));
#1294=CARTESIAN_POINT('Ctrl Pts',(0.912098649139341,-1.25619824140257E-16,
-6.65518941304674));
#1295=CARTESIAN_POINT('Ctrl Pts',(0.965688525362788,1.32384105454554E-16,
-6.66742061009387));
#1296=CARTESIAN_POINT('Ctrl Pts',(1.01850891020952,8.32667268468867E-17,
-6.68291900033244));
#1297=CARTESIAN_POINT('Ctrl Pts',(1.04772402601496,5.60997550755361E-17,
-6.69149120719786));
#1298=CARTESIAN_POINT('Ctrl Pts',(1.07670373752582,-1.31533282885279E-17,
-6.70106386949298));
#1299=CARTESIAN_POINT('Ctrl Pts',(1.10541177013626,-2.77555756156289E-17,
-6.71160544614364));
#1300=CARTESIAN_POINT('Ctrl Pts',(1.11388708377657,-3.20665163070303E-17,
-6.71471757749691));
#1301=CARTESIAN_POINT('Ctrl Pts',(1.12233674985808,1.64084671439907E-16,
-6.71791352759445));
#1302=CARTESIAN_POINT('Ctrl Pts',(1.13075148520543,1.52655665885959E-16,
-6.72118900031613));
#1303=CARTESIAN_POINT('Ctrl Pts',(1.18371640386393,8.071800836918E-17,-6.74180582771603));
#1304=CARTESIAN_POINT('Ctrl Pts',(1.23539180901994,-3.29310223059205E-16,
-6.765603092306));
#1305=CARTESIAN_POINT('Ctrl Pts',(1.28555971713956,-2.4980018054066E-16,
-6.79230442701543));
#1306=CARTESIAN_POINT('Ctrl Pts',(1.33689357239082,-1.6844225339854E-16,
-6.81962632466603));
#1307=CARTESIAN_POINT('Ctrl Pts',(1.38664997054271,-8.90968698894498E-17,
-6.84998917922049));
#1308=CARTESIAN_POINT('Ctrl Pts',(1.43459004566731,-2.77555756156289E-17,
-6.88315193980829));
#1309=CARTESIAN_POINT('Ctrl Pts',(1.46633163257452,1.28590879645223E-17,
-6.90510932399145));
#1310=CARTESIAN_POINT('Ctrl Pts',(1.49727683436315,-1.78891470728019E-17,
-6.92829528686059));
#1311=CARTESIAN_POINT('Ctrl Pts',(1.52735195936918,-5.55111512312578E-17,
-6.95265147847541));
#1312=CARTESIAN_POINT('Ctrl Pts',(1.5438923496193,-7.62020920219473E-17,
-6.96604663191982));
#1313=CARTESIAN_POINT('Ctrl Pts',(1.56016949461796,-2.6820530811927E-17,
-6.97979589342003));
#1314=CARTESIAN_POINT('Ctrl Pts',(1.57617044415842,-4.16333634234434E-17,
-6.99389060768218));
#1315=CARTESIAN_POINT('Ctrl Pts',(1.58653321545666,-5.12266688859874E-17,
-7.00301883473167));
#1316=CARTESIAN_POINT('Ctrl Pts',(1.59678181305909,-7.97852000081929E-17,
-7.01229372977966));
#1317=CARTESIAN_POINT('Ctrl Pts',(1.60689579681002,-9.71445146547012E-17,
-7.02169689804221));
#1318=CARTESIAN_POINT('Ctrl Pts',(1.65110734750527,-1.73027790565473E-16,
-7.06280124036409));
#1319=CARTESIAN_POINT('Ctrl Pts',(1.69281946521315,7.86686079023536E-17,
-7.10641366222385));
#1320=CARTESIAN_POINT('Ctrl Pts',(1.73177163284664,1.66533453693773E-16,
-7.15228774168925));
#1321=CARTESIAN_POINT('Ctrl Pts',(1.75321996122724,2.14914690994289E-16,
-7.17754749949759));
#1322=CARTESIAN_POINT('Ctrl Pts',(1.773831136803,-5.58776757562617E-17,
-7.20349384844428));
#1323=CARTESIAN_POINT('Ctrl Pts',(1.7935580481039,-5.55111512312578E-17,
-7.23009134249094));
#1324=CARTESIAN_POINT('Ctrl Pts',(1.80272985160479,-5.53407398135598E-17,
-7.24245754545555));
#1325=CARTESIAN_POINT('Ctrl Pts',(1.81171046167359,-1.99720709206588E-16,
-7.25496455750852));
#1326=CARTESIAN_POINT('Ctrl Pts',(1.82049489116842,-2.22044604925031E-16,
-7.2676090747315));
#1327=CARTESIAN_POINT('Ctrl Pts',(1.82723557251197,-2.39174717640198E-16,
-7.27731177214554));
#1328=CARTESIAN_POINT('Ctrl Pts',(1.83386003812528,-1.57252674492524E-17,
-7.28709457494773));
#1329=CARTESIAN_POINT('Ctrl Pts',(1.84036069194038,-2.77555756156289E-17,
-7.29694747885304));
#1330=CARTESIAN_POINT('Ctrl Pts',(1.87385328859225,-8.97379962267002E-17,
-7.34771150132477));
#1331=CARTESIAN_POINT('Ctrl Pts',(1.90410309577721,-2.16920779471546E-17,
-7.40039173691728));
#1332=CARTESIAN_POINT('Ctrl Pts',(1.9308353489188,-2.77555756156289E-17,
-7.45475987501745));
#1333=CARTESIAN_POINT('Ctrl Pts',(1.93578230019139,-2.88776593901799E-17,
-7.46482099962742));
#1334=CARTESIAN_POINT('Ctrl Pts',(1.94060869399342,8.1271911247685E-17,
-7.47494003333264));
#1335=CARTESIAN_POINT('Ctrl Pts',(1.94531264703601,8.32667268468867E-17,
-7.48511566712971));
#1336=CARTESIAN_POINT('Ctrl Pts',(1.96273364185576,9.01927510676607E-17,
-7.52280092080076));
#1337=CARTESIAN_POINT('Ctrl Pts',(1.97847613234259,-3.65285396286093E-17,
-7.56126197893591));
#1338=CARTESIAN_POINT('Ctrl Pts',(1.9925651461318,-2.77555756156289E-17,
-7.60039227303688));
#1339=CARTESIAN_POINT('Ctrl Pts',(0.500284745543428,0.806580326380583,-9.26274671142218));
#1340=CARTESIAN_POINT('Ctrl Pts',(0.685583271794026,0.794957366392925,-9.26314001431171));
#1341=CARTESIAN_POINT('Ctrl Pts',(0.870726542465841,0.783334406405267,-9.22474487062559));
#1342=CARTESIAN_POINT('Ctrl Pts',(1.03729124712475,0.77171144641761,-9.14670019728603));
#1343=CARTESIAN_POINT('Ctrl Pts',(1.40592909637872,0.745987731537022,-8.97397320458646));
#1344=CARTESIAN_POINT('Ctrl Pts',(1.68356596361168,0.720264016656437,-8.60703605957328));
#1345=CARTESIAN_POINT('Ctrl Pts',(1.74957527607055,0.694540301775849,-8.20532445285794));
#1346=CARTESIAN_POINT('Ctrl Pts',(1.81558458852941,0.668816586895262,-7.80361284614261));
#1347=CARTESIAN_POINT('Ctrl Pts',(1.66996634621418,0.643092872014675,-7.36712677772511));
#1348=CARTESIAN_POINT('Ctrl Pts',(1.37597741215091,0.617369157134088,-7.08552054364275));
#1349=CARTESIAN_POINT('Ctrl Pts',(1.08198847808763,0.5916454422535,-6.80391430956039));
#1350=CARTESIAN_POINT('Ctrl Pts',(0.639628852276296,0.565921727372914,-6.67718790981318));
#1351=CARTESIAN_POINT('Ctrl Pts',(0.241133954988633,0.540198012492327,-6.76040525154576));
#1352=CARTESIAN_POINT('Ctrl Pts',(-0.157360942299029,0.51447429761174,-6.84362259327834));
#1353=CARTESIAN_POINT('Ctrl Pts',(-0.511991111063023,0.488750582731153,
-7.1367836764907));
#1354=CARTESIAN_POINT('Ctrl Pts',(-0.668723896465702,0.463026867850566,
-7.51250734757923));
#1355=CARTESIAN_POINT('Ctrl Pts',(-0.82545668186838,0.437303152969979,-7.88823101866775));
#1356=CARTESIAN_POINT('Ctrl Pts',(-0.784292083909745,0.411579438089392,
-8.34651727763244));
#1357=CARTESIAN_POINT('Ctrl Pts',(-0.56300899844067,0.385855723208805,-8.68824231362581));
#1358=CARTESIAN_POINT('Ctrl Pts',(-0.341725912971594,0.360132008328218,
-9.02996734961918));
#1359=CARTESIAN_POINT('Ctrl Pts',(0.0596756600079237,0.334408293447631,
-9.25513116264123));
#1360=CARTESIAN_POINT('Ctrl Pts',(0.466577437690484,0.308684578567044,-9.26589306199062));
#1361=CARTESIAN_POINT('Ctrl Pts',(0.477672568640505,0.307983161171557,-9.26618651040766));
#1362=CARTESIAN_POINT('Ctrl Pts',(0.488771789037143,0.30728174377607,-9.26632054927035));
#1363=CARTESIAN_POINT('Ctrl Pts',(0.499871474278491,0.306580326380583,-9.26629697268335));
#1364=CARTESIAN_POINT('Ctrl Pts',(1.99064942821851,-1.38777878078145E-16,
-8.39851384185723));
#1365=CARTESIAN_POINT('Ctrl Pts',(1.86182834048159,0.0257237148805869,-8.880371836758));
#1366=CARTESIAN_POINT('Ctrl Pts',(1.104131157451,0.0771711446417609,-9.70247964367348));
#1367=CARTESIAN_POINT('Ctrl Pts',(-0.565390519736815,0.154342289283522,
-9.46067677444882));
#1368=CARTESIAN_POINT('Ctrl Pts',(-1.30573505097988,0.231513433925283,-7.94745039182544));
#1369=CARTESIAN_POINT('Ctrl Pts',(-0.478529985858135,0.308684578567045,
-6.48094243740376));
#1370=CARTESIAN_POINT('Ctrl Pts',(1.19986642477988,0.385855723208805,-6.33396534268455));
#1371=CARTESIAN_POINT('Ctrl Pts',(2.26964026680751,0.463026867850567,-7.63506294204671));
#1372=CARTESIAN_POINT('Ctrl Pts',(1.80180809368189,0.540198012492327,-9.25314947765773));
#1373=CARTESIAN_POINT('Ctrl Pts',(0.202580071807227,0.617369157134088,-9.7823146145913));
#1374=CARTESIAN_POINT('Ctrl Pts',(-1.13812835808802,0.69454030177585,-8.76259751396118));
#1375=CARTESIAN_POINT('Ctrl Pts',(-1.05532247941682,0.771711446417611,-7.08019761501004));
#1376=CARTESIAN_POINT('Ctrl Pts',(0.379085325668447,0.848882591059371,-6.19710222612229));
#1377=CARTESIAN_POINT('Ctrl Pts',(1.9185608175547,0.926053735701133,-6.88074291104775));
#1378=CARTESIAN_POINT('Ctrl Pts',(2.22530088666343,1.00322488034289,-8.53702314252897));
#1379=CARTESIAN_POINT('Ctrl Pts',(1.03274089581473,1.08039602498466,-9.72662788360256));
#1380=CARTESIAN_POINT('Ctrl Pts',(-0.622774881373087,1.15756716962642,-9.41578019865054));
#1381=CARTESIAN_POINT('Ctrl Pts',(-1.3025894004612,1.23473831426818,-7.8746098982524));
#1382=CARTESIAN_POINT('Ctrl Pts',(-0.415945819876415,1.31190945890994,-6.44240441815828));
#1383=CARTESIAN_POINT('Ctrl Pts',(1.26667068812324,1.3890806035517,-6.36376025644616));
#1384=CARTESIAN_POINT('Ctrl Pts',(2.28302619670654,1.46625174819346,-7.7070203629429));
#1385=CARTESIAN_POINT('Ctrl Pts',(1.74995596798436,1.54342289283522,-9.30488086704199));
#1386=CARTESIAN_POINT('Ctrl Pts',(0.130594406419389,1.62059403747698,-9.76879264854897));
#1387=CARTESIAN_POINT('Ctrl Pts',(-1.1676138387929,1.69776518211874,-8.69560751493971));
#1388=CARTESIAN_POINT('Ctrl Pts',(-1.01691994029649,1.77493632676051,-7.01794176005629));
#1389=CARTESIAN_POINT('Ctrl Pts',(0.452503498905741,1.85210747140226,-6.19367752212178));
#1390=CARTESIAN_POINT('Ctrl Pts',(1.96220145139996,1.92927861604403,-6.93914777127988));
#1391=CARTESIAN_POINT('Ctrl Pts',(2.20318961741161,2.00644976068579,-8.60644762848953));
#1392=CARTESIAN_POINT('Ctrl Pts',(0.960155451157461,2.08362090532755,-9.74690250251573));
#1393=CARTESIAN_POINT('Ctrl Pts',(-0.129032319757659,2.13506833508872,-9.49464020439563));
#1394=CARTESIAN_POINT('Ctrl Pts',(-0.506960090359032,2.16079204996931,-9.16913659442519));
#1395=CARTESIAN_POINT('Ctrl Pts',(1.90096572423086,-0.0535973499897704,
-8.37453758241518));
#1396=CARTESIAN_POINT('Ctrl Pts',(1.77989505190434,-0.0278736351091833,
-8.82740498505415));
#1397=CARTESIAN_POINT('Ctrl Pts',(1.06778410034361,0.0235737946519907,-9.60005134798044));
#1398=CARTESIAN_POINT('Ctrl Pts',(-0.501292170255997,0.100744939293752,
-9.37279635066745));
#1399=CARTESIAN_POINT('Ctrl Pts',(-1.19709447813523,0.177916083935513,-7.95061199603295));
#1400=CARTESIAN_POINT('Ctrl Pts',(-0.419657529374771,0.255087228577274,
-6.57233529356775));
#1401=CARTESIAN_POINT('Ctrl Pts',(1.15775953359362,0.332258373219035,-6.43420095557335));
#1402=CARTESIAN_POINT('Ctrl Pts',(2.16317130713893,0.409429517860796,-7.65701908173995));
#1403=CARTESIAN_POINT('Ctrl Pts',(1.72348587417651,0.486600662502557,-9.17775476399868));
#1404=CARTESIAN_POINT('Ctrl Pts',(0.220474098595235,0.563771807144318,-9.67508311315176));
#1405=CARTESIAN_POINT('Ctrl Pts',(-1.03957170487404,0.640942951786079,-8.71671645808773));
#1406=CARTESIAN_POINT('Ctrl Pts',(-0.961747774185113,0.718114096427841,
-7.13553677340704));
#1407=CARTESIAN_POINT('Ctrl Pts',(0.386360058181156,0.795285241069601,-6.30557209651006));
#1408=CARTESIAN_POINT('Ctrl Pts',(1.83321426588286,0.872456385711363,-6.94808209862027));
#1409=CARTESIAN_POINT('Ctrl Pts',(2.12149956954618,0.949627530353124,-8.50471358426708));
#1410=CARTESIAN_POINT('Ctrl Pts',(1.00068897542492,1.02679867499488,-9.6227467287995));
#1411=CARTESIAN_POINT('Ctrl Pts',(-0.555224048695964,1.10396981963665,-9.33060094064144));
#1412=CARTESIAN_POINT('Ctrl Pts',(-1.1941380831079,1.1811409642784,-7.88215389119615));
#1413=CARTESIAN_POINT('Ctrl Pts',(-0.360838688566071,1.25831210892017,-6.53611588273876));
#1414=CARTESIAN_POINT('Ctrl Pts',(1.22054457305685,1.33548325356193,-6.46220328271094));
#1415=CARTESIAN_POINT('Ctrl Pts',(2.17575188351087,1.41265439820369,-7.72464724324544));
#1416=CARTESIAN_POINT('Ctrl Pts',(1.67475338922358,1.48982554284545,-9.22637377663991));
#1417=CARTESIAN_POINT('Ctrl Pts',(0.152819391904851,1.56699668748721,-9.66237468513983));
#1418=CARTESIAN_POINT('Ctrl Pts',(-1.06728321574174,1.64416783212897,-8.6537568575816));
#1419=CARTESIAN_POINT('Ctrl Pts',(-0.925655692430302,1.72133897677073,-7.07702649106176));
#1420=CARTESIAN_POINT('Ctrl Pts',(0.455361087057557,1.7985101214125,-6.30235343702544));
#1421=CARTESIAN_POINT('Ctrl Pts',(1.8742292966765,1.87568126605426,-7.00297307819251));
#1422=CARTESIAN_POINT('Ctrl Pts',(2.10071860672915,1.95285241069602,-8.56996120279622));
#1423=CARTESIAN_POINT('Ctrl Pts',(0.932470574694433,2.03002355533778,-9.64180154184375));
#1424=CARTESIAN_POINT('Ctrl Pts',(-0.0911871045810535,2.08147098509895,
-9.40471639862242));
#1425=CARTESIAN_POINT('Ctrl Pts',(-0.44637715988485,2.10719469997954,-9.09879644719092));
#1426=CARTESIAN_POINT('Ctrl Pts',(1.8112820202432,-0.107194699979541,-8.35056132297314));
#1427=CARTESIAN_POINT('Ctrl Pts',(1.69796176332708,-0.0814709850989537,
-8.77443813335031));
#1428=CARTESIAN_POINT('Ctrl Pts',(1.03143704323622,-0.0300235553377796,
-9.49762305228741));
#1429=CARTESIAN_POINT('Ctrl Pts',(-0.437193820775179,0.0471475893039817,
-9.28491592688607));
#1430=CARTESIAN_POINT('Ctrl Pts',(-1.08845390529058,0.124318733945742,-7.95377360024048));
#1431=CARTESIAN_POINT('Ctrl Pts',(-0.360785072891407,0.201489878587504,
-6.66372814973172));
#1432=CARTESIAN_POINT('Ctrl Pts',(1.11565264240736,0.278661023229265,-6.53443656846218));
#1433=CARTESIAN_POINT('Ctrl Pts',(2.05670234747034,0.355832167871026,-7.67897522143319));
#1434=CARTESIAN_POINT('Ctrl Pts',(1.64516365467113,0.433003312512787,-9.10236005033964));
#1435=CARTESIAN_POINT('Ctrl Pts',(0.238368125383243,0.510174457154548,-9.56785161171221));
#1436=CARTESIAN_POINT('Ctrl Pts',(-0.94101505166006,0.58734560179631,-8.67083540221429));
#1437=CARTESIAN_POINT('Ctrl Pts',(-0.868173068953403,0.66451674643807,-7.19087593180403));
#1438=CARTESIAN_POINT('Ctrl Pts',(0.393634790693867,0.741687891079831,-6.41404196689782));
#1439=CARTESIAN_POINT('Ctrl Pts',(1.74786771421101,0.818859035721592,-7.01542128619279));
#1440=CARTESIAN_POINT('Ctrl Pts',(2.01769825242892,0.896030180363353,-8.47240402600517));
#1441=CARTESIAN_POINT('Ctrl Pts',(0.968637055035121,0.973201325005115,-9.51886557399647));
#1442=CARTESIAN_POINT('Ctrl Pts',(-0.487673216018841,1.05037246964687,-9.24542168263231));
#1443=CARTESIAN_POINT('Ctrl Pts',(-1.08568676575459,1.12754361428864,-7.88969788413994));
#1444=CARTESIAN_POINT('Ctrl Pts',(-0.305731557255727,1.2047147589304,-6.62982734731919));
#1445=CARTESIAN_POINT('Ctrl Pts',(1.17441845799046,1.28188590357216,-6.56064630897576));
#1446=CARTESIAN_POINT('Ctrl Pts',(2.06847757031519,1.35905704821392,-7.74227412354796));
#1447=CARTESIAN_POINT('Ctrl Pts',(1.5995508104628,1.43622819285568,-9.14786668623785));
#1448=CARTESIAN_POINT('Ctrl Pts',(0.175044377390312,1.51339933749744,-9.55595672173069));
#1449=CARTESIAN_POINT('Ctrl Pts',(-0.966952592690575,1.5905704821392,-8.61190620022349));
#1450=CARTESIAN_POINT('Ctrl Pts',(-0.834391444564116,1.66774162678096,-7.13611122206723));
#1451=CARTESIAN_POINT('Ctrl Pts',(0.45821867520937,1.74491277142273,-6.41102935192911));
#1452=CARTESIAN_POINT('Ctrl Pts',(1.78625714195304,1.82208391606449,-7.06679838510514));
#1453=CARTESIAN_POINT('Ctrl Pts',(1.99824759604668,1.89925506070625,-8.53347477710291));
#1454=CARTESIAN_POINT('Ctrl Pts',(0.904785698231407,1.97642620534801,-9.53670058117176));
#1455=CARTESIAN_POINT('Ctrl Pts',(-0.053341889404447,2.02787363510918,-9.31479259284921));
#1456=CARTESIAN_POINT('Ctrl Pts',(-0.385794229410667,2.05359734998977,-9.02845629995666));
#1457=CARTESIAN_POINT('Ctrl Pts',(1.72159831625555,-0.160792049969311,-8.32658506353109));
#1458=CARTESIAN_POINT('Ctrl Pts',(1.61602847474982,-0.135068335088724,-8.72147128164646));
#1459=CARTESIAN_POINT('Ctrl Pts',(0.995089986128832,-0.0836209053275498,
-9.39519475659437));
#1460=CARTESIAN_POINT('Ctrl Pts',(-0.373095471294362,-0.00644976068578872,
-9.1970355031047));
#1461=CARTESIAN_POINT('Ctrl Pts',(-0.979813332445922,0.0707213839559723,
-7.95693520444799));
#1462=CARTESIAN_POINT('Ctrl Pts',(-0.301912616408044,0.147892528597734,
-6.75512100589571));
#1463=CARTESIAN_POINT('Ctrl Pts',(1.0735457512211,0.225063673239495,-6.63467218135099));
#1464=CARTESIAN_POINT('Ctrl Pts',(1.95023338780175,0.302234817881255,-7.70093136112643));
#1465=CARTESIAN_POINT('Ctrl Pts',(1.56684143516575,0.379405962523017,-9.02696533668061));
#1466=CARTESIAN_POINT('Ctrl Pts',(0.25626215217125,0.456577107164778,-9.46062011027265));
#1467=CARTESIAN_POINT('Ctrl Pts',(-0.84245839844608,0.533748251806539,-8.62495434634083));
#1468=CARTESIAN_POINT('Ctrl Pts',(-0.774598363721693,0.6109193964483,-7.24621509020104));
#1469=CARTESIAN_POINT('Ctrl Pts',(0.400909523206577,0.68809054109006,-6.52251183728558));
#1470=CARTESIAN_POINT('Ctrl Pts',(1.66252116253916,0.765261685731823,-7.08276047376532));
#1471=CARTESIAN_POINT('Ctrl Pts',(1.91389693531167,0.842432830373582,-8.44009446774328));
#1472=CARTESIAN_POINT('Ctrl Pts',(0.936585134645315,0.919603975015346,-9.41498441919341));
#1473=CARTESIAN_POINT('Ctrl Pts',(-0.420122383341717,0.996775119657104,
-9.1602424246232));
#1474=CARTESIAN_POINT('Ctrl Pts',(-0.977235448401287,1.07394626429887,-7.8972418770837));
#1475=CARTESIAN_POINT('Ctrl Pts',(-0.250624425945383,1.15111740894063,-6.72353881189965));
#1476=CARTESIAN_POINT('Ctrl Pts',(1.12829234292406,1.22828855358239,-6.65908933524056));
#1477=CARTESIAN_POINT('Ctrl Pts',(1.96120325711952,1.30545969822415,-7.75990100385048));
#1478=CARTESIAN_POINT('Ctrl Pts',(1.52434823170202,1.38263084286591,-9.06935959583578));
#1479=CARTESIAN_POINT('Ctrl Pts',(0.197269362875772,1.45980198750767,-9.44953875832155));
#1480=CARTESIAN_POINT('Ctrl Pts',(-0.866621969639414,1.53697313214944,-8.57005554286537));
#1481=CARTESIAN_POINT('Ctrl Pts',(-0.743127196697931,1.61414427679119,-7.19519595307271));
#1482=CARTESIAN_POINT('Ctrl Pts',(0.461076263361185,1.69131542143295,-6.51970526683278));
#1483=CARTESIAN_POINT('Ctrl Pts',(1.69828498722959,1.76848656607472,-7.13062369201777));
#1484=CARTESIAN_POINT('Ctrl Pts',(1.89577658536422,1.84565771071648,-8.49698835140959));
#1485=CARTESIAN_POINT('Ctrl Pts',(0.87710082176838,1.92282885535824,-9.43159962049978));
#1486=CARTESIAN_POINT('Ctrl Pts',(-0.0154966742278416,1.97427628511941,
-9.224868787076));
#1487=CARTESIAN_POINT('Ctrl Pts',(-0.325211298936485,2.,-8.95811615272239));
#1488=CARTESIAN_POINT('Ctrl Pts',(-0.325211298936485,2.,-8.95811615272239));
#1489=CARTESIAN_POINT('Ctrl Pts',(-0.290749200039066,2.,-8.99501872579203));
#1490=CARTESIAN_POINT('Ctrl Pts',(-0.254050533271356,2.,-9.02954958928861));
#1491=CARTESIAN_POINT('Ctrl Pts',(-0.215434500657154,2.,-9.06170321007187));
#1492=CARTESIAN_POINT('Ctrl Pts',(-0.175108260349637,2.,-9.09528083445956));
#1493=CARTESIAN_POINT('Ctrl Pts',(-0.132690603304849,2.,-9.12626661505937));
#1494=CARTESIAN_POINT('Ctrl Pts',(-0.0884954157779581,2.,-9.154626441443));
#1495=CARTESIAN_POINT('Ctrl Pts',(-0.0538853772442571,2.,-9.1768355266143));
#1496=CARTESIAN_POINT('Ctrl Pts',(-0.0181840781135245,2.,-9.19743369976603));
#1497=CARTESIAN_POINT('Ctrl Pts',(0.0184742669328259,2.,-9.21638967072534));
#1498=CARTESIAN_POINT('Ctrl Pts',(0.0323173526408016,2.,-9.22354790796535));
#1499=CARTESIAN_POINT('Ctrl Pts',(0.046297037574601,2.,-9.2304718208703));
#1500=CARTESIAN_POINT('Ctrl Pts',(0.0604065013560814,2.,-9.23715916868163));
#1501=CARTESIAN_POINT('Ctrl Pts',(0.0728462771239672,2.,-9.24305514804294));
#1502=CARTESIAN_POINT('Ctrl Pts',(0.0853920071883399,2.,-9.24876927870317));
#1503=CARTESIAN_POINT('Ctrl Pts',(0.0980094952722893,2.,-9.25428737155096));
#1504=CARTESIAN_POINT('Ctrl Pts',(0.14788911092272,2.,-9.27610156693911));
#1505=CARTESIAN_POINT('Ctrl Pts',(0.198958904438337,2.,-9.29489170602534));
#1506=CARTESIAN_POINT('Ctrl Pts',(0.250888858180154,2.,-9.31062618323475));
#1507=CARTESIAN_POINT('Ctrl Pts',(0.303768107602195,2.,-9.32664829157358));
#1508=CARTESIAN_POINT('Ctrl Pts',(0.357540174916804,2.,-9.33950260715758));
#1509=CARTESIAN_POINT('Ctrl Pts',(0.411891077796856,2.,-9.34911503458106));
#1510=CARTESIAN_POINT('Ctrl Pts',(0.448724063210714,2.,-9.35562926673397));
#1511=CARTESIAN_POINT('Ctrl Pts',(0.485823601241009,2.,-9.3606537721818));
#1512=CARTESIAN_POINT('Ctrl Pts',(0.523097303665381,2.,-9.36415297732069));
#1513=CARTESIAN_POINT('Ctrl Pts',(0.537949022466691,2.,-9.36554723674143));
#1514=CARTESIAN_POINT('Ctrl Pts',(0.552828423562042,2.,-9.36669921499774));
#1515=CARTESIAN_POINT('Ctrl Pts',(0.56772975349282,2.,-9.3676061664519));
#1516=CARTESIAN_POINT('Ctrl Pts',(0.579654304047139,2.,-9.36833193982352));
#1517=CARTESIAN_POINT('Ctrl Pts',(0.591594988878933,2.,-9.36890072675736));
#1518=CARTESIAN_POINT('Ctrl Pts',(0.603526336174502,2.,-9.36931064049091));
#1519=CARTESIAN_POINT('Ctrl Pts',(0.660302488320725,2.,-9.371261243715));
#1520=CARTESIAN_POINT('Ctrl Pts',(0.716975083729329,2.,-9.36962621979066));
#1521=CARTESIAN_POINT('Ctrl Pts',(0.773213013280048,2.,-9.36434299230016));
#1522=CARTESIAN_POINT('Ctrl Pts',(0.801582765457704,2.,-9.36167781853218));
#1523=CARTESIAN_POINT('Ctrl Pts',(0.829842301523517,2.,-9.35808352692143));
#1524=CARTESIAN_POINT('Ctrl Pts',(0.857950794708911,2.,-9.35354732952244));
#1525=CARTESIAN_POINT('Ctrl Pts',(0.912101060038442,2.,-9.34480846575189));
#1526=CARTESIAN_POINT('Ctrl Pts',(0.965691030386049,2.,-9.33257726786715));
#1527=CARTESIAN_POINT('Ctrl Pts',(1.01851147898869,2.,-9.31707888890477));
#1528=CARTESIAN_POINT('Ctrl Pts',(1.04772670521416,2.,-9.30850666622411));
#1529=CARTESIAN_POINT('Ctrl Pts',(1.0767065166342,2.,-9.2989339866754));
#1530=CARTESIAN_POINT('Ctrl Pts',(1.1054146392557,2.,-9.28839239062139));
#1531=CARTESIAN_POINT('Ctrl Pts',(1.11389006268579,2.,-9.28528022298282));
#1532=CARTESIAN_POINT('Ctrl Pts',(1.1223398364767,2.,-9.28208423503256));
#1533=CARTESIAN_POINT('Ctrl Pts',(1.13075467808156,2.,-9.27880872268128));
#1534=CARTESIAN_POINT('Ctrl Pts',(1.18371961913528,2.,-9.25819189746307));
#1535=CARTESIAN_POINT('Ctrl Pts',(1.2353950166345,2.,-9.23439464383187));
#1536=CARTESIAN_POINT('Ctrl Pts',(1.28556289317987,2.,-9.20769332274111));
#1537=CARTESIAN_POINT('Ctrl Pts',(1.33689664710389,2.,-9.18037147576041));
#1538=CARTESIAN_POINT('Ctrl Pts',(1.38665292312043,2.,-9.15000868283847));
#1539=CARTESIAN_POINT('Ctrl Pts',(1.43459286217952,2.,-9.11684598738177));
#1540=CARTESIAN_POINT('Ctrl Pts',(1.46633409536895,2.,-9.09488882868818));
#1541=CARTESIAN_POINT('Ctrl Pts',(1.49727895054201,2.,-9.07170311324476));
#1542=CARTESIAN_POINT('Ctrl Pts',(1.52735373977677,2.,-9.04734718743304));
#1543=CARTESIAN_POINT('Ctrl Pts',(1.54389376275441,2.,-9.03395232805687));
#1544=CARTESIAN_POINT('Ctrl Pts',(1.56017054957338,2.,-9.02020337400605));
#1545=CARTESIAN_POINT('Ctrl Pts',(1.57617115109841,2.,-9.00610897973211));
#1546=CARTESIAN_POINT('Ctrl Pts',(1.58653393849573,2.,-8.9969807472012));
#1547=CARTESIAN_POINT('Ctrl Pts',(1.59678255111534,2.,-8.98770584512878));
#1548=CARTESIAN_POINT('Ctrl Pts',(1.60689654871111,2.,-8.97830266835519));
#1549=CARTESIAN_POINT('Ctrl Pts',(1.65110794194027,2.,-8.93719849149493));
#1550=CARTESIAN_POINT('Ctrl Pts',(1.69281990464968,2.,-8.89358623138724));
#1551=CARTESIAN_POINT('Ctrl Pts',(1.73177192783138,2.,-8.84771230190532));
#1552=CARTESIAN_POINT('Ctrl Pts',(1.75322017249984,2.,-8.82245263159648));
#1553=CARTESIAN_POINT('Ctrl Pts',(1.77383126788272,2.,-8.79650636685161));
#1554=CARTESIAN_POINT('Ctrl Pts',(1.79355810387848,2.,-8.76990895234716));
#1555=CARTESIAN_POINT('Ctrl Pts',(1.80272997478509,2.,-8.75754264827605));
#1556=CARTESIAN_POINT('Ctrl Pts',(1.81171064904666,2.,-8.74503553096475));
#1557=CARTESIAN_POINT('Ctrl Pts',(1.82049513949183,2.,-8.73239090430368));
#1558=CARTESIAN_POINT('Ctrl Pts',(1.82723580001395,2.,-8.7226882202057));
#1559=CARTESIAN_POINT('Ctrl Pts',(1.83386024504114,2.,-8.71290543013571));
#1560=CARTESIAN_POINT('Ctrl Pts',(1.84036087877619,2.,-8.70305253803375));
#1561=CARTESIAN_POINT('Ctrl Pts',(1.8738533348243,2.,-8.65228863267903));
#1562=CARTESIAN_POINT('Ctrl Pts',(1.90410302120058,2.,-8.59960849483133));
#1563=CARTESIAN_POINT('Ctrl Pts',(1.93083518142015,2.,-8.54524042682601));
#1564=CARTESIAN_POINT('Ctrl Pts',(1.93578203312736,2.,-8.53517948271149));
#1565=CARTESIAN_POINT('Ctrl Pts',(1.94060833233373,2.,-8.52506063048298));
#1566=CARTESIAN_POINT('Ctrl Pts',(1.94531219589661,2.,-8.51488517902587));
#1567=CARTESIAN_POINT('Ctrl Pts',(1.96273315049178,2.,-8.4771999708029));
#1568=CARTESIAN_POINT('Ctrl Pts',(1.97847561478284,2.,-8.43873894401565));
#1569=CARTESIAN_POINT('Ctrl Pts',(1.99256461448528,2.,-8.39960866894436));
#1570=CARTESIAN_POINT('Ctrl Pts',(0.499099289923441,0.443419673619417,-9.26519980689219));
#1571=CARTESIAN_POINT('Ctrl Pts',(0.429524340883347,0.447805484801204,-9.26576420337604));
#1572=CARTESIAN_POINT('Ctrl Pts',(0.360034927938126,0.452191295982991,-9.26049028554288));
#1573=CARTESIAN_POINT('Ctrl Pts',(0.291571940900777,0.456577107164778,-9.24906668735201));
#1574=CARTESIAN_POINT('Ctrl Pts',(-0.10997803136786,0.482300822045365,-9.18206485562871));
#1575=CARTESIAN_POINT('Ctrl Pts',(-0.476218214906969,0.508024536925952,
-8.90350960098477));
#1576=CARTESIAN_POINT('Ctrl Pts',(-0.648028300889126,0.533748251806539,
-8.5344420976395));
#1577=CARTESIAN_POINT('Ctrl Pts',(-0.819838386871285,0.559471966687126,
-8.16537459429424));
#1578=CARTESIAN_POINT('Ctrl Pts',(-0.797218375296489,0.585195681567713,
-7.70579484224764));
#1579=CARTESIAN_POINT('Ctrl Pts',(-0.589990388354378,0.6109193964483,-7.35538775740509));
#1580=CARTESIAN_POINT('Ctrl Pts',(-0.382762401412269,0.636643111328887,
-7.00498067256255));
#1581=CARTESIAN_POINT('Ctrl Pts',(0.00907356089715546,0.662366826209474,
-6.76374625492406));
#1582=CARTESIAN_POINT('Ctrl Pts',(0.415260148607295,0.688090541090061,-6.73650381885144));
#1583=CARTESIAN_POINT('Ctrl Pts',(0.821446736317439,0.713814255970648,-6.70926138277882));
#1584=CARTESIAN_POINT('Ctrl Pts',(1.2419839494283,0.739537970851236,-6.89601092827207));
#1585=CARTESIAN_POINT('Ctrl Pts',(1.49414851811248,0.765261685731823,-7.21560803334836));
#1586=CARTESIAN_POINT('Ctrl Pts',(1.74631308679666,0.79098540061241,-7.53520513842464));
#1587=CARTESIAN_POINT('Ctrl Pts',(1.83010501105417,0.816709115492996,-7.98764980308396));
#1588=CARTESIAN_POINT('Ctrl Pts',(1.70911567307186,0.842432830373583,-8.37635379398864));
#1589=CARTESIAN_POINT('Ctrl Pts',(1.58812633508955,0.86815654525417,-8.76505778489332));
#1590=CARTESIAN_POINT('Ctrl Pts',(1.26235573486744,0.893880260134758,-9.09002110204337));
#1591=CARTESIAN_POINT('Ctrl Pts',(0.873352515091871,0.919603975015345,-9.21004576152336));
#1592=CARTESIAN_POINT('Ctrl Pts',(0.753302676759226,0.927542541216703,-9.2470864342839));
#1593=CARTESIAN_POINT('Ctrl Pts',(0.627230600066092,0.93548110741806,-9.2646088670208));
#1594=CARTESIAN_POINT('Ctrl Pts',(0.500911711821384,0.943419673619418,-9.26369748423671));
#1595=CARTESIAN_POINT('Ctrl Pts',(1.99064942821851,-1.38777878078145E-16,
-8.39851384185723));
#1596=CARTESIAN_POINT('Ctrl Pts',(1.97000358226356,-1.30763423336076E-16,
-8.45501651978174));
#1597=CARTESIAN_POINT('Ctrl Pts',(1.94587264711087,-2.22799562060437E-16,
-8.51001274569491));
#1598=CARTESIAN_POINT('Ctrl Pts',(1.9185390066094,-1.35308431126191E-16,
-8.56331180659103));
#1599=CARTESIAN_POINT('Ctrl Pts',(1.89092399767592,-4.69166794962008E-17,
-8.61715952009679));
#1600=CARTESIAN_POINT('Ctrl Pts',(1.86003913234216,-2.03922173616224E-16,
-8.66927570957989));
#1601=CARTESIAN_POINT('Ctrl Pts',(1.82613121563432,-2.25514051876985E-16,
-8.71943223773013));
#1602=CARTESIAN_POINT('Ctrl Pts',(1.80100257893584,-2.41515461492549E-16,
-8.75660247100646));
#1603=CARTESIAN_POINT('Ctrl Pts',(1.77421267506743,1.68694198530243E-16,
-8.79269584660201));
#1604=CARTESIAN_POINT('Ctrl Pts',(1.74585077064518,2.04697370165263E-16,
-8.82760481872835));
#1605=CARTESIAN_POINT('Ctrl Pts',(1.73188611843484,2.2242438041348E-16,
-8.84479307405518));
#1606=CARTESIAN_POINT('Ctrl Pts',(1.71754024213062,-4.70048933030199E-17,
-8.86169398232553));
#1607=CARTESIAN_POINT('Ctrl Pts',(1.70282321111211,-3.46944695195361E-17,
-8.87829339109072));
#1608=CARTESIAN_POINT('Ctrl Pts',(1.6960682490336,-2.90441147894837E-17,
-8.88591234470939));
#1609=CARTESIAN_POINT('Ctrl Pts',(1.68923346320187,-1.53514261509524E-16,
-8.89346952578472));
#1610=CARTESIAN_POINT('Ctrl Pts',(1.68232516389863,-1.45716771982052E-16,
-8.90095771307622));
#1611=CARTESIAN_POINT('Ctrl Pts',(1.6421895303052,-1.00415147242559E-16,
-8.94446236280525));
#1612=CARTESIAN_POINT('Ctrl Pts',(1.59968611191606,-2.80477135386116E-16,
-8.9855239891307));
#1613=CARTESIAN_POINT('Ctrl Pts',(1.55505399063995,-2.22044604925031E-16,
-9.02393688856398));
#1614=CARTESIAN_POINT('Ctrl Pts',(1.51121647796742,-1.64652378848004E-16,
-9.06166590339788));
#1615=CARTESIAN_POINT('Ctrl Pts',(1.46532445059543,1.03177035644093E-17,
-9.0968401408956));
#1616=CARTESIAN_POINT('Ctrl Pts',(1.41757992020828,0.,-9.12922214793224));
#1617=CARTESIAN_POINT('Ctrl Pts',(1.38352769784569,-7.35876409711519E-18,
-9.15231755373511));
#1618=CARTESIAN_POINT('Ctrl Pts',(1.34853261752656,-2.87994477292716E-16,
-9.17399175076416));
#1619=CARTESIAN_POINT('Ctrl Pts',(1.31266394150249,-3.33066907387547E-16,
-9.19414298646393));
#1620=CARTESIAN_POINT('Ctrl Pts',(1.28994088985848,-3.61620600199589E-16,
-9.20690893213723));
#1621=CARTESIAN_POINT('Ctrl Pts',(1.26686718292024,-2.28109406191835E-16,
-9.21906339709701));
#1622=CARTESIAN_POINT('Ctrl Pts',(1.24346020143833,-2.28983498828939E-16,
-9.23057747659687));
#1623=CARTESIAN_POINT('Ctrl Pts',(1.23417496739094,-2.29330239596042E-16,
-9.23514495673433));
#1624=CARTESIAN_POINT('Ctrl Pts',(1.22483709301496,-1.85034451729629E-16,
-9.2396116127068));
#1625=CARTESIAN_POINT('Ctrl Pts',(1.21546125831282,-1.80411241501588E-16,
-9.24396956292519));
#1626=CARTESIAN_POINT('Ctrl Pts',(1.16481524506134,-1.55437767255061E-16,
-9.26751016613775));
#1627=CARTESIAN_POINT('Ctrl Pts',(1.1129661508185,6.53581639576436E-17,
-9.28793117507581));
#1628=CARTESIAN_POINT('Ctrl Pts',(1.06010226292807,4.16333634234434E-17,
-9.30501825775709));
#1629=CARTESIAN_POINT('Ctrl Pts',(1.0305951554174,2.83908595523129E-17,
-9.31455577771334));
#1630=CARTESIAN_POINT('Ctrl Pts',(1.00077161011149,-3.20931554299618E-16,
-9.32305374281807));
#1631=CARTESIAN_POINT('Ctrl Pts',(0.970663161056102,-3.19189119579733E-16,
-9.33046785748091));
#1632=CARTESIAN_POINT('Ctrl Pts',(0.918078498093048,-3.01050883841291E-16,
-9.34341667194817));
#1633=CARTESIAN_POINT('Ctrl Pts',(0.86462407383992,-2.87052269212087E-16,
-9.35306160696443));
#1634=CARTESIAN_POINT('Ctrl Pts',(0.81059706080971,-3.05311331771918E-16,
-9.35945202510903));
#1635=CARTESIAN_POINT('Ctrl Pts',(0.784964593096828,-3.13974124794931E-16,
-9.3624838822778));
#1636=CARTESIAN_POINT('Ctrl Pts',(0.759203357338693,-3.23266394265791E-16,
-9.36478255913168));
#1637=CARTESIAN_POINT('Ctrl Pts',(0.73334618285257,-3.46944695195361E-16,
-9.36635013477639));
#1638=CARTESIAN_POINT('Ctrl Pts',(0.718455414143171,-3.60580682482487E-16,
-9.36725287866948));
#1639=CARTESIAN_POINT('Ctrl Pts',(0.703526374410735,1.40607095884954E-16,
-9.36791312689731));
#1640=CARTESIAN_POINT('Ctrl Pts',(0.688601023366262,1.38777878078145E-16,
-9.3683305173925));
#1641=CARTESIAN_POINT('Ctrl Pts',(0.632897074764521,1.31950926109759E-16,
-9.36988828971035));
#1642=CARTESIAN_POINT('Ctrl Pts',(0.577169387998533,-5.46666353630886E-17,
-9.36807491090619));
#1643=CARTESIAN_POINT('Ctrl Pts',(0.521737172647977,-4.16333634234434E-17,
-9.36298379901713));
#1644=CARTESIAN_POINT('Ctrl Pts',(0.466424746450284,-2.86282564163162E-17,
-9.35790368903329));
#1645=CARTESIAN_POINT('Ctrl Pts',(0.411405377830037,-1.54401027487333E-16,
-9.34955956383357));
#1646=CARTESIAN_POINT('Ctrl Pts',(0.357011607275043,-1.80411241501588E-16,
-9.33799523064395));
#1647=CARTESIAN_POINT('Ctrl Pts',(0.321195976388616,-1.97537692102575E-16,
-9.33038068425857));
#1648=CARTESIAN_POINT('Ctrl Pts',(0.285651928627291,-1.89830566889842E-16,
-9.32136900379424));
#1649=CARTESIAN_POINT('Ctrl Pts',(0.25048162477134,-2.22044604925031E-16,
-9.31096239789669));
#1650=CARTESIAN_POINT('Ctrl Pts',(0.230923566006718,-2.39958696640544E-16,
-9.3051753279152));
#1651=CARTESIAN_POINT('Ctrl Pts',(0.21148120445836,-1.41680378712709E-16,
-9.29895674832716));
#1652=CARTESIAN_POINT('Ctrl Pts',(0.192173157210414,-1.2490009027033E-16,
-9.29230604471208));
#1653=CARTESIAN_POINT('Ctrl Pts',(0.181441003043358,-1.1557296152351E-16,
-9.28860932822906));
#1654=CARTESIAN_POINT('Ctrl Pts',(0.170759435584798,-7.59694115538116E-17,
-9.28478219927958));
#1655=CARTESIAN_POINT('Ctrl Pts',(0.16013341668591,-9.71445146547012E-17,
-9.28082589205978));
#1656=CARTESIAN_POINT('Ctrl Pts',(0.11002333575894,-1.9700186858182E-16,
-9.26216877533123));
#1657=CARTESIAN_POINT('Ctrl Pts',(0.0611306149425827,-4.74222341511575E-16,
-9.24063670121039));
#1658=CARTESIAN_POINT('Ctrl Pts',(0.01377078858427,-4.71844785465692E-16,
-9.21625828168364));
#1659=CARTESIAN_POINT('Ctrl Pts',(-0.0122506686423873,-4.70538457345232E-16,
-9.20286376464785));
#1660=CARTESIAN_POINT('Ctrl Pts',(-0.0378088308554821,-8.97905735609112E-17,
-9.18860928125691));
#1661=CARTESIAN_POINT('Ctrl Pts',(-0.0628464639731608,-1.38777878078145E-16,
-9.17349488335243));
#1662=CARTESIAN_POINT('Ctrl Pts',(-0.0738459615996854,-1.60298911525459E-16,
-9.16685484740753));
#1663=CARTESIAN_POINT('Ctrl Pts',(-0.084746737662643,4.95766712383864E-17,
-9.16004764343096));
#1664=CARTESIAN_POINT('Ctrl Pts',(-0.0955379418245643,-2.77555756156289E-17,
-9.15307681400502));
#1665=CARTESIAN_POINT('Ctrl Pts',(-0.138783709489618,-3.37664676609774E-16,
-9.12514120410793));
#1666=CARTESIAN_POINT('Ctrl Pts',(-0.180181769166472,1.55401022030978E-16,
-9.09464048074257));
#1667=CARTESIAN_POINT('Ctrl Pts',(-0.2194305577456,3.33066907387547E-16,
-9.06159042231184));
#1668=CARTESIAN_POINT('Ctrl Pts',(-0.230726744684581,3.84200894609123E-16,
-9.05207829080681));
#1669=CARTESIAN_POINT('Ctrl Pts',(-0.241844646854164,6.21304376029829E-17,
-9.04235477767073));
#1670=CARTESIAN_POINT('Ctrl Pts',(-0.252776421512469,5.55111512312578E-17,
-9.03241977221796));
#1671=CARTESIAN_POINT('Ctrl Pts',(-0.278204861837711,4.01140054099969E-17,
-9.00930992032445));
#1672=CARTESIAN_POINT('Ctrl Pts',(-0.302626784996678,5.2775937575178E-17,
-8.98505590013531));
#1673=CARTESIAN_POINT('Ctrl Pts',(-0.326002414777405,2.77555756156289E-17,
-8.95974172874405));
#1674=CARTESIAN_POINT('Origin',(0.,2.,0.));
#1675=CARTESIAN_POINT('',(6.,2.,-1.));
#1676=CARTESIAN_POINT('',(6.,2.,-20.1177737934952));
#1677=CARTESIAN_POINT('',(6.,2.,-22.5));
#1678=CARTESIAN_POINT('',(4.10821051754866,2.,-22.1148442689397));
#1679=CARTESIAN_POINT('Origin',(4.,2.,-20.1177737934952));
#1680=CARTESIAN_POINT('',(-1.17002206664048,2.,-22.4008433294136));
#1681=CARTESIAN_POINT('',(1.20680303014446,2.,-22.2720559495949));
#1682=CARTESIAN_POINT('',(-3.25827243551238,2.,-20.6856277584357));
#1683=CARTESIAN_POINT('Origin',(-1.27823258418914,2.,-20.4037728539692));
#1684=CARTESIAN_POINT('',(-5.94011955396972,2.,-1.84556471339957));
#1685=CARTESIAN_POINT('',(-6.07964053975338,2.,-0.86542526019253));
#1686=CARTESIAN_POINT('',(-6.,2.,-0.999999999999999));
#1687=CARTESIAN_POINT('Origin',(0.,2.,-1.));
#1688=CARTESIAN_POINT('',(-6.,2.,14.818422803807));
#1689=CARTESIAN_POINT('',(-6.,2.,-22.5));
#1690=CARTESIAN_POINT('',(3.96019464817045,2.,15.4480806889011));
#1691=CARTESIAN_POINT('Origin',(-0.999999999999998,2.,14.818422803807));
#1692=CARTESIAN_POINT('',(5.95223357780454,2.,-0.244410537887));
#1693=CARTESIAN_POINT('',(5.82730455093164,2.,0.739730700022549));
#1694=CARTESIAN_POINT('Origin',(0.,2.,-1.));
#1695=CARTESIAN_POINT('',(-3.,2.,4.));
#1696=CARTESIAN_POINT('Origin',(-3.,2.,5.));
#1697=CARTESIAN_POINT('',(1.,2.,-21.25));
#1698=CARTESIAN_POINT('Origin',(1.,2.,-18.));
#1699=CARTESIAN_POINT('',(-0.999999999999998,2.,11.818422803807));
#1700=CARTESIAN_POINT('Origin',(-0.999999999999998,2.,14.818422803807));
#1701=CARTESIAN_POINT('',(-4.28626379701574E-16,2.,-4.5));
#1702=CARTESIAN_POINT('Origin',(0.,2.,-1.));
#1703=CARTESIAN_POINT('Origin',(0.499999999999999,-0.5,-8.));
#1704=CARTESIAN_POINT('Origin',(1.,0.299999999999995,-18.));
#1705=CARTESIAN_POINT('',(1.,0.299999999999995,-19.55));
#1706=CARTESIAN_POINT('Origin',(1.,0.299999999999995,-18.));
#1707=CARTESIAN_POINT('',(1.,0.299999999999995,-19.55));
#1708=CARTESIAN_POINT('Origin',(1.,-0.5,-18.));
#1709=CARTESIAN_POINT('',(1.,0.,-19.55));
#1710=CARTESIAN_POINT('Origin',(1.,0.,-18.));
#1711=CARTESIAN_POINT('',(1.,-0.5,-19.55));
#1712=CARTESIAN_POINT('Origin',(-3.,-8.,5.));
#1713=CARTESIAN_POINT('',(-3.,0.,4.));
#1714=CARTESIAN_POINT('Origin',(-3.,0.,5.));
#1715=CARTESIAN_POINT('',(-3.,-8.,4.));
#1716=CARTESIAN_POINT('Origin',(-1.27823258418914,-8.,-20.4037728539692));
#1717=CARTESIAN_POINT('',(-1.17002206664048,0.,-22.4008433294136));
#1718=CARTESIAN_POINT('',(-1.17002206664048,2.,-22.4008433294136));
#1719=CARTESIAN_POINT('',(-3.25827243551238,0.,-20.6856277584357));
#1720=CARTESIAN_POINT('Origin',(-1.27823258418914,0.,-20.4037728539692));
#1721=CARTESIAN_POINT('',(-3.25827243551238,0.,-20.6856277584357));
#1722=CARTESIAN_POINT('Origin',(-0.999999999999998,-0.5,14.818422803807));
#1723=CARTESIAN_POINT('',(-6.,0.,14.818422803807));
#1724=CARTESIAN_POINT('',(3.96019464817045,0.,15.4480806889011));
#1725=CARTESIAN_POINT('Origin',(-0.999999999999998,0.,14.818422803807));
#1726=CARTESIAN_POINT('',(3.96019464817045,-0.5,15.4480806889011));
#1727=CARTESIAN_POINT('',(-6.,-0.5,14.818422803807));
#1728=CARTESIAN_POINT('Origin',(0.,-0.5,-1.));
#1729=CARTESIAN_POINT('',(-4.28626379701574E-16,0.,-4.5));
#1730=CARTESIAN_POINT('Origin',(0.,0.,-1.));
#1731=CARTESIAN_POINT('',(-4.28626379701574E-16,-0.5,-4.5));
#1732=CARTESIAN_POINT('Origin',(-0.999999999999998,-0.5,14.818422803807));
#1733=CARTESIAN_POINT('',(-0.999999999999998,0.,11.818422803807));
#1734=CARTESIAN_POINT('Origin',(-0.999999999999998,0.,14.818422803807));
#1735=CARTESIAN_POINT('',(-0.999999999999998,-0.5,11.818422803807));
#1736=CARTESIAN_POINT('Origin',(0.,0.,0.));
#1737=CARTESIAN_POINT('',(4.10821051754866,0.,-22.1148442689397));
#1738=CARTESIAN_POINT('',(1.20680303014446,0.,-22.2720559495949));
#1739=CARTESIAN_POINT('',(6.,0.,-20.1177737934952));
#1740=CARTESIAN_POINT('Origin',(4.,0.,-20.1177737934952));
#1741=CARTESIAN_POINT('',(6.,0.,-1.));
#1742=CARTESIAN_POINT('',(6.,0.,-22.5));
#1743=CARTESIAN_POINT('',(5.95223357780454,0.,-0.244410537887));
#1744=CARTESIAN_POINT('Origin',(0.,0.,-1.));
#1745=CARTESIAN_POINT('',(5.82730455093164,0.,0.739730700022549));
#1746=CARTESIAN_POINT('',(-6.,0.,-1.));
#1747=CARTESIAN_POINT('',(-6.,0.,-22.5));
#1748=CARTESIAN_POINT('',(-5.94011955396972,0.,-1.84556471339957));
#1749=CARTESIAN_POINT('Origin',(0.,0.,-1.));
#1750=CARTESIAN_POINT('',(-6.07964053975338,0.,-0.86542526019253));
#1751=CARTESIAN_POINT('Origin',(-6.,2.,-22.5));
#1752=CARTESIAN_POINT('',(-6.,-8.,-0.999999999999999));
#1753=CARTESIAN_POINT('Origin',(6.,2.,-22.5));
#1754=CARTESIAN_POINT('',(6.,2.,-20.1177737934952));
#1755=CARTESIAN_POINT('',(6.,-0.5,-1.));
#1756=CARTESIAN_POINT('Origin',(5.82730455093164,-0.5,0.739730700022549));
#1757=CARTESIAN_POINT('',(5.95223357780454,-0.5,-0.244410537887));
#1758=CARTESIAN_POINT('Origin',(0.,-0.5,-1.));
#1759=CARTESIAN_POINT('Origin',(-6.07964053975338,-8.,-0.86542526019253));
#1760=CARTESIAN_POINT('',(-5.94011955396972,-8.,-1.84556471339957));
#1761=CARTESIAN_POINT('Origin',(0.,-8.,-1.));
#1762=CARTESIAN_POINT('Origin',(1.20680303014446,-8.,-22.2720559495949));
#1763=CARTESIAN_POINT('',(4.10821051754866,-8.,-22.1148442689397));
#1764=CARTESIAN_POINT('Origin',(4.,2.,-20.1177737934952));
#1765=CARTESIAN_POINT('',(-1.60250735316221,16.9883257989642,-11.010995420114));
#1766=CARTESIAN_POINT('',(12.3221328359405,10.2116742010358,10.0895053000117));
#1767=UNCERTAINTY_MEASURE_WITH_UNIT(LENGTH_MEASURE(0.01),#1775,
'DISTANCE_ACCURACY_VALUE',
'Maximum model space distance between geometric entities at asserted c
onnectivities');
#1768=UNCERTAINTY_MEASURE_WITH_UNIT(LENGTH_MEASURE(0.01),#1775,
'DISTANCE_ACCURACY_VALUE',
'Maximum model space distance between geometric entities at asserted c
onnectivities');
#1769=UNCERTAINTY_MEASURE_WITH_UNIT(LENGTH_MEASURE(0.01),#1775,
'DISTANCE_ACCURACY_VALUE',
'Maximum model space distance between geometric entities at asserted c
onnectivities');
#1770=UNCERTAINTY_MEASURE_WITH_UNIT(LENGTH_MEASURE(0.01),#1775,
'DISTANCE_ACCURACY_VALUE',
'Maximum model space distance between geometric entities at asserted c
onnectivities');
#1771=(
GEOMETRIC_REPRESENTATION_CONTEXT(3)
GLOBAL_UNCERTAINTY_ASSIGNED_CONTEXT((#1767))
GLOBAL_UNIT_ASSIGNED_CONTEXT((#1775,#1777,#1778))
REPRESENTATION_CONTEXT('','3D')
);
#1772=(
GEOMETRIC_REPRESENTATION_CONTEXT(3)
GLOBAL_UNCERTAINTY_ASSIGNED_CONTEXT((#1768))
GLOBAL_UNIT_ASSIGNED_CONTEXT((#1775,#1777,#1778))
REPRESENTATION_CONTEXT('','3D')
);
#1773=(
GEOMETRIC_REPRESENTATION_CONTEXT(3)
GLOBAL_UNCERTAINTY_ASSIGNED_CONTEXT((#1769))
GLOBAL_UNIT_ASSIGNED_CONTEXT((#1775,#1777,#1778))
REPRESENTATION_CONTEXT('','3D')
);
#1774=(
GEOMETRIC_REPRESENTATION_CONTEXT(3)
GLOBAL_UNCERTAINTY_ASSIGNED_CONTEXT((#1770))
GLOBAL_UNIT_ASSIGNED_CONTEXT((#1775,#1777,#1778))
REPRESENTATION_CONTEXT('','3D')
);
#1775=(
LENGTH_UNIT()
NAMED_UNIT(*)
SI_UNIT(.MILLI.,.METRE.)
);
#1776=(
LENGTH_UNIT()
NAMED_UNIT(*)
SI_UNIT($,.METRE.)
);
#1777=(
NAMED_UNIT(*)
PLANE_ANGLE_UNIT()
SI_UNIT($,.RADIAN.)
);
#1778=(
NAMED_UNIT(*)
SI_UNIT($,.STERADIAN.)
SOLID_ANGLE_UNIT()
);
#1779=SHAPE_DEFINITION_REPRESENTATION(#1782,#1787);
#1780=SHAPE_DEFINITION_REPRESENTATION(#1783,#1788);
#1781=SHAPE_DEFINITION_REPRESENTATION(#1784,#1789);
#1782=PRODUCT_DEFINITION_SHAPE('',$,#1791);
#1783=PRODUCT_DEFINITION_SHAPE('',$,#1792);
#1784=PRODUCT_DEFINITION_SHAPE('',$,#1793);
#1785=PRODUCT_DEFINITION_SHAPE($,$,#17);
#1786=PRODUCT_DEFINITION_SHAPE($,$,#18);
#1787=SHAPE_REPRESENTATION('',(#578,#632),#1771);
#1788=SHAPE_REPRESENTATION('',(#579,#631),#1772);
#1789=SHAPE_REPRESENTATION('',(#580),#1773);
#1790=PRODUCT_DEFINITION_CONTEXT('part definition',#1801,'design');
#1791=PRODUCT_DEFINITION('YUDX Extruder','YUDX Extruder v9',#1794,#1790);
#1792=PRODUCT_DEFINITION('gear_set_assumble','gear_set_assumble',#1795,
#1790);
#1793=PRODUCT_DEFINITION('gear_container_metal_part',
'gear_container_metal_part',#1796,#1790);
#1794=PRODUCT_DEFINITION_FORMATION('',$,#1803);
#1795=PRODUCT_DEFINITION_FORMATION('',$,#1804);
#1796=PRODUCT_DEFINITION_FORMATION('',$,#1805);
#1797=PRODUCT_RELATED_PRODUCT_CATEGORY('YUDX Extruder v9',
'YUDX Extruder v9',(#1803));
#1798=PRODUCT_RELATED_PRODUCT_CATEGORY('gear_set_assumble',
'gear_set_assumble',(#1804));
#1799=PRODUCT_RELATED_PRODUCT_CATEGORY('gear_container_metal_part',
'gear_container_metal_part',(#1805));
#1800=APPLICATION_PROTOCOL_DEFINITION('international standard',
'automotive_design',2009,#1801);
#1801=APPLICATION_CONTEXT(
'Core Data for Automotive Mechanical Design Process');
#1802=PRODUCT_CONTEXT('part definition',#1801,'mechanical');
#1803=PRODUCT('YUDX Extruder','YUDX Extruder v9','STEP AP214',(#1802));
#1804=PRODUCT('gear_set_assumble','gear_set_assumble',$,(#1802));
#1805=PRODUCT('gear_container_metal_part','gear_container_metal_part',$,
(#1802));
#1806=PRESENTATION_STYLE_ASSIGNMENT((#1809));
#1807=PRESENTATION_STYLE_ASSIGNMENT((#1810));
#1808=PRESENTATION_STYLE_ASSIGNMENT((#1811));
#1809=SURFACE_STYLE_USAGE(.BOTH.,#1812);
#1810=SURFACE_STYLE_USAGE(.BOTH.,#1813);
#1811=SURFACE_STYLE_USAGE(.BOTH.,#1814);
#1812=SURFACE_SIDE_STYLE('',(#1815));
#1813=SURFACE_SIDE_STYLE('',(#1816));
#1814=SURFACE_SIDE_STYLE('',(#1817));
#1815=SURFACE_STYLE_FILL_AREA(#1818);
#1816=SURFACE_STYLE_FILL_AREA(#1819);
#1817=SURFACE_STYLE_FILL_AREA(#1820);
#1818=FILL_AREA_STYLE('Steel - Satin',(#1821));
#1819=FILL_AREA_STYLE('Black',(#1822));
#1820=FILL_AREA_STYLE('Opaque(255,255,255)',(#1823));
#1821=FILL_AREA_STYLE_COLOUR('Steel - Satin',#1824);
#1822=FILL_AREA_STYLE_COLOUR('Black',#1825);
#1823=FILL_AREA_STYLE_COLOUR('Opaque(255,255,255)',#1826);
#1824=COLOUR_RGB('Steel - Satin',0.627450980392157,0.627450980392157,0.627450980392157);
#1825=COLOUR_RGB('Black',0.172549019607843,0.172549019607843,0.172549019607843);
#1826=COLOUR_RGB('Opaque(255,255,255)',1.,1.,1.);
ENDSEC;
END-ISO-10303-21;
