ISO-10303-21;
HEADER;
/* Generated by software containing ST-Developer
 * from STEP Tools, Inc. (www.steptools.com) 
 */

FILE_DESCRIPTION(
/* description */ ('STEP AP214'),
/* implementation_level */ '2;1');

FILE_NAME(
/* name */ 'extruder_top_metal_part.step',
/* time_stamp */ '2026-09-12T10:19:49+02:00',
/* author */ (''),
/* organization */ (''),
/* preprocessor_version */ 'ST-DEVELOPER v20.2',
/* originating_system */ 'Autodesk Translation Framework v15.15.0.0',
/* authorisation */ '');

FILE_SCHEMA (('AUTOMOTIVE_DESIGN { 1 0 10303 214 3 1 1 }'));
ENDSEC;

DATA;
#10=MECHANICAL_DESIGN_GEOMETRIC_PRESENTATION_REPRESENTATION('',(#17),#3297);
#11=ITEM_DEFINED_TRANSFORMATION($,$,#1927,#2134);
#12=(
REPRESENTATION_RELATIONSHIP($,$,#3307,#3306)
REPRESENTATION_RELATIONSHIP_WITH_TRANSFORMATION(#11)
SHAPE_REPRESENTATION_RELATIONSHIP()
);
#13=CONTEXT_DEPENDENT_SHAPE_REPRESENTATION(#12,#3305);
#14=NEXT_ASSEMBLY_USAGE_OCCURRENCE('extruder_top_metal_part:1',
'extruder_top_metal_part:1','extruder_top_metal_part:1',#3309,#3310,
'extruder_top_metal_part:1');
#15=SHAPE_REPRESENTATION_RELATIONSHIP('SRR','None',#3307,#16);
#16=ADVANCED_BREP_SHAPE_REPRESENTATION('',(#18),#3296);
#17=STYLED_ITEM('',(#3322),#18);
#18=MANIFOLD_SOLID_BREP('Body1',#1925);
#19=CONICAL_SURFACE('',#2095,1.50000000000002,0.78539816339745);
#20=CONICAL_SURFACE('',#2097,3.49999999999998,0.785398163397447);
#21=CONICAL_SURFACE('',#2099,1.50000000000002,0.78539816339745);
#22=CONICAL_SURFACE('',#2103,0.500000000000007,0.785398163397448);
#23=CONICAL_SURFACE('',#2109,0.5,0.785398163397447);
#24=CONICAL_SURFACE('',#2110,3.5,0.785398163397448);
#25=CONICAL_SURFACE('',#2111,0.5,0.785398163397448);
#26=CONICAL_SURFACE('',#2114,1.50000000000002,0.78539816339744);
#27=CONICAL_SURFACE('',#2116,3.49999999999999,0.785398163397441);
#28=CONICAL_SURFACE('',#2118,1.50000000000002,0.78539816339744);
#29=ELLIPSE('',#1954,0.707106781186363,0.499999999999868);
#30=ELLIPSE('',#2049,1.06066017177989,0.750000000000019);
#31=ELLIPSE('',#2094,0.707106781186608,0.500000000000046);
#32=ELLIPSE('',#2101,0.707106781186535,0.499999999999994);
#33=ELLIPSE('',#2105,0.707106781186373,0.49999999999988);
#34=ELLIPSE('',#2108,0.707106781186239,0.499999999999779);
#35=ELLIPSE('',#2120,0.707106781186578,0.500000000000011);
#36=CYLINDRICAL_SURFACE('',#1953,0.5);
#37=CYLINDRICAL_SURFACE('',#1956,3.25);
#38=CYLINDRICAL_SURFACE('',#1958,3.25);
#39=CYLINDRICAL_SURFACE('',#1960,3.25);
#40=CYLINDRICAL_SURFACE('',#1962,4.);
#41=CYLINDRICAL_SURFACE('',#1965,0.749999999999997);
#42=CYLINDRICAL_SURFACE('',#1968,0.750000000000001);
#43=CYLINDRICAL_SURFACE('',#1971,0.750000000000004);
#44=CYLINDRICAL_SURFACE('',#1974,2.4);
#45=CYLINDRICAL_SURFACE('',#1981,2.4);
#46=CYLINDRICAL_SURFACE('',#1986,1.55);
#47=CYLINDRICAL_SURFACE('',#1988,1.55);
#48=CYLINDRICAL_SURFACE('',#1990,1.55);
#49=CYLINDRICAL_SURFACE('',#1992,1.55);
#50=CYLINDRICAL_SURFACE('',#2019,3.25);
#51=CYLINDRICAL_SURFACE('',#2042,0.750000000000001);
#52=CYLINDRICAL_SURFACE('',#2048,0.750000000000001);
#53=CYLINDRICAL_SURFACE('',#2055,0.749999999999997);
#54=CYLINDRICAL_SURFACE('',#2069,3.);
#55=CYLINDRICAL_SURFACE('',#2071,3.);
#56=CYLINDRICAL_SURFACE('',#2073,2.);
#57=CYLINDRICAL_SURFACE('',#2075,2.);
#58=CYLINDRICAL_SURFACE('',#2077,2.);
#59=CYLINDRICAL_SURFACE('',#2079,2.);
#60=CYLINDRICAL_SURFACE('',#2081,1.);
#61=CYLINDRICAL_SURFACE('',#2083,3.5);
#62=CYLINDRICAL_SURFACE('',#2085,1.);
#63=CYLINDRICAL_SURFACE('',#2087,1.);
#64=CYLINDRICAL_SURFACE('',#2121,0.5);
#65=CYLINDRICAL_SURFACE('',#2122,0.5);
#66=CYLINDRICAL_SURFACE('',#2123,0.5);
#67=CYLINDRICAL_SURFACE('',#2124,0.5);
#68=CYLINDRICAL_SURFACE('',#2125,0.5);
#69=CYLINDRICAL_SURFACE('',#2126,0.5);
#70=CYLINDRICAL_SURFACE('',#2127,0.5);
#71=CYLINDRICAL_SURFACE('',#2128,0.5);
#72=CYLINDRICAL_SURFACE('',#2129,0.5);
#73=CYLINDRICAL_SURFACE('',#2130,1.1);
#74=CYLINDRICAL_SURFACE('',#2131,1.1);
#75=CYLINDRICAL_SURFACE('',#2132,1.1);
#76=CYLINDRICAL_SURFACE('',#2133,1.1);
#77=FACE_BOUND('',#194,.T.);
#78=FACE_BOUND('',#196,.T.);
#79=FACE_BOUND('',#198,.T.);
#80=FACE_BOUND('',#200,.T.);
#81=FACE_BOUND('',#219,.T.);
#82=FACE_BOUND('',#220,.T.);
#83=FACE_BOUND('',#221,.T.);
#84=FACE_BOUND('',#224,.T.);
#85=FACE_BOUND('',#225,.T.);
#86=FACE_BOUND('',#226,.T.);
#87=FACE_BOUND('',#227,.T.);
#88=FACE_BOUND('',#228,.T.);
#89=FACE_OUTER_BOUND('',#193,.T.);
#90=FACE_OUTER_BOUND('',#195,.T.);
#91=FACE_OUTER_BOUND('',#197,.T.);
#92=FACE_OUTER_BOUND('',#199,.T.);
#93=FACE_OUTER_BOUND('',#201,.T.);
#94=FACE_OUTER_BOUND('',#202,.T.);
#95=FACE_OUTER_BOUND('',#203,.T.);
#96=FACE_OUTER_BOUND('',#204,.T.);
#97=FACE_OUTER_BOUND('',#205,.T.);
#98=FACE_OUTER_BOUND('',#206,.T.);
#99=FACE_OUTER_BOUND('',#207,.T.);
#100=FACE_OUTER_BOUND('',#208,.T.);
#101=FACE_OUTER_BOUND('',#209,.T.);
#102=FACE_OUTER_BOUND('',#210,.T.);
#103=FACE_OUTER_BOUND('',#211,.T.);
#104=FACE_OUTER_BOUND('',#212,.T.);
#105=FACE_OUTER_BOUND('',#213,.T.);
#106=FACE_OUTER_BOUND('',#214,.T.);
#107=FACE_OUTER_BOUND('',#215,.T.);
#108=FACE_OUTER_BOUND('',#216,.T.);
#109=FACE_OUTER_BOUND('',#217,.T.);
#110=FACE_OUTER_BOUND('',#218,.T.);
#111=FACE_OUTER_BOUND('',#222,.T.);
#112=FACE_OUTER_BOUND('',#223,.T.);
#113=FACE_OUTER_BOUND('',#229,.T.);
#114=FACE_OUTER_BOUND('',#230,.T.);
#115=FACE_OUTER_BOUND('',#231,.T.);
#116=FACE_OUTER_BOUND('',#232,.T.);
#117=FACE_OUTER_BOUND('',#233,.T.);
#118=FACE_OUTER_BOUND('',#234,.T.);
#119=FACE_OUTER_BOUND('',#235,.T.);
#120=FACE_OUTER_BOUND('',#236,.T.);
#121=FACE_OUTER_BOUND('',#237,.T.);
#122=FACE_OUTER_BOUND('',#238,.T.);
#123=FACE_OUTER_BOUND('',#239,.T.);
#124=FACE_OUTER_BOUND('',#240,.T.);
#125=FACE_OUTER_BOUND('',#241,.T.);
#126=FACE_OUTER_BOUND('',#242,.T.);
#127=FACE_OUTER_BOUND('',#243,.T.);
#128=FACE_OUTER_BOUND('',#244,.T.);
#129=FACE_OUTER_BOUND('',#245,.T.);
#130=FACE_OUTER_BOUND('',#246,.T.);
#131=FACE_OUTER_BOUND('',#247,.T.);
#132=FACE_OUTER_BOUND('',#248,.T.);
#133=FACE_OUTER_BOUND('',#249,.T.);
#134=FACE_OUTER_BOUND('',#250,.T.);
#135=FACE_OUTER_BOUND('',#251,.T.);
#136=FACE_OUTER_BOUND('',#252,.T.);
#137=FACE_OUTER_BOUND('',#253,.T.);
#138=FACE_OUTER_BOUND('',#254,.T.);
#139=FACE_OUTER_BOUND('',#255,.T.);
#140=FACE_OUTER_BOUND('',#256,.T.);
#141=FACE_OUTER_BOUND('',#257,.T.);
#142=FACE_OUTER_BOUND('',#258,.T.);
#143=FACE_OUTER_BOUND('',#259,.T.);
#144=FACE_OUTER_BOUND('',#260,.T.);
#145=FACE_OUTER_BOUND('',#261,.T.);
#146=FACE_OUTER_BOUND('',#262,.T.);
#147=FACE_OUTER_BOUND('',#263,.T.);
#148=FACE_OUTER_BOUND('',#264,.T.);
#149=FACE_OUTER_BOUND('',#265,.T.);
#150=FACE_OUTER_BOUND('',#266,.T.);
#151=FACE_OUTER_BOUND('',#267,.T.);
#152=FACE_OUTER_BOUND('',#268,.T.);
#153=FACE_OUTER_BOUND('',#269,.T.);
#154=FACE_OUTER_BOUND('',#270,.T.);
#155=FACE_OUTER_BOUND('',#271,.T.);
#156=FACE_OUTER_BOUND('',#272,.T.);
#157=FACE_OUTER_BOUND('',#273,.T.);
#158=FACE_OUTER_BOUND('',#274,.T.);
#159=FACE_OUTER_BOUND('',#275,.T.);
#160=FACE_OUTER_BOUND('',#276,.T.);
#161=FACE_OUTER_BOUND('',#277,.T.);
#162=FACE_OUTER_BOUND('',#278,.T.);
#163=FACE_OUTER_BOUND('',#279,.T.);
#164=FACE_OUTER_BOUND('',#280,.T.);
#165=FACE_OUTER_BOUND('',#281,.T.);
#166=FACE_OUTER_BOUND('',#282,.T.);
#167=FACE_OUTER_BOUND('',#283,.T.);
#168=FACE_OUTER_BOUND('',#284,.T.);
#169=FACE_OUTER_BOUND('',#285,.T.);
#170=FACE_OUTER_BOUND('',#286,.T.);
#171=FACE_OUTER_BOUND('',#287,.T.);
#172=FACE_OUTER_BOUND('',#288,.T.);
#173=FACE_OUTER_BOUND('',#289,.T.);
#174=FACE_OUTER_BOUND('',#290,.T.);
#175=FACE_OUTER_BOUND('',#291,.T.);
#176=FACE_OUTER_BOUND('',#292,.T.);
#177=FACE_OUTER_BOUND('',#293,.T.);
#178=FACE_OUTER_BOUND('',#294,.T.);
#179=FACE_OUTER_BOUND('',#295,.T.);
#180=FACE_OUTER_BOUND('',#296,.T.);
#181=FACE_OUTER_BOUND('',#297,.T.);
#182=FACE_OUTER_BOUND('',#298,.T.);
#183=FACE_OUTER_BOUND('',#299,.T.);
#184=FACE_OUTER_BOUND('',#300,.T.);
#185=FACE_OUTER_BOUND('',#301,.T.);
#186=FACE_OUTER_BOUND('',#302,.T.);
#187=FACE_OUTER_BOUND('',#303,.T.);
#188=FACE_OUTER_BOUND('',#304,.T.);
#189=FACE_OUTER_BOUND('',#305,.T.);
#190=FACE_OUTER_BOUND('',#306,.T.);
#191=FACE_OUTER_BOUND('',#307,.T.);
#192=FACE_OUTER_BOUND('',#308,.T.);
#193=EDGE_LOOP('',(#1212,#1213,#1214,#1215));
#194=EDGE_LOOP('',(#1216));
#195=EDGE_LOOP('',(#1217,#1218,#1219,#1220,#1221,#1222,#1223,#1224));
#196=EDGE_LOOP('',(#1225));
#197=EDGE_LOOP('',(#1226));
#198=EDGE_LOOP('',(#1227));
#199=EDGE_LOOP('',(#1228,#1229,#1230,#1231,#1232,#1233,#1234,#1235));
#200=EDGE_LOOP('',(#1236));
#201=EDGE_LOOP('',(#1237,#1238,#1239,#1240,#1241,#1242,#1243,#1244));
#202=EDGE_LOOP('',(#1245,#1246,#1247,#1248,#1249,#1250,#1251,#1252));
#203=EDGE_LOOP('',(#1253,#1254,#1255,#1256,#1257,#1258,#1259,#1260));
#204=EDGE_LOOP('',(#1261,#1262,#1263,#1264,#1265));
#205=EDGE_LOOP('',(#1266,#1267,#1268,#1269));
#206=EDGE_LOOP('',(#1270,#1271,#1272,#1273));
#207=EDGE_LOOP('',(#1274,#1275,#1276,#1277));
#208=EDGE_LOOP('',(#1278,#1279,#1280,#1281));
#209=EDGE_LOOP('',(#1282,#1283,#1284,#1285));
#210=EDGE_LOOP('',(#1286,#1287,#1288,#1289));
#211=EDGE_LOOP('',(#1290,#1291,#1292,#1293));
#212=EDGE_LOOP('',(#1294,#1295,#1296,#1297,#1298,#1299,#1300,#1301,#1302,
#1303,#1304,#1305));
#213=EDGE_LOOP('',(#1306,#1307,#1308,#1309,#1310,#1311,#1312,#1313));
#214=EDGE_LOOP('',(#1314,#1315,#1316,#1317));
#215=EDGE_LOOP('',(#1318,#1319,#1320,#1321));
#216=EDGE_LOOP('',(#1322,#1323,#1324,#1325));
#217=EDGE_LOOP('',(#1326,#1327,#1328,#1329));
#218=EDGE_LOOP('',(#1330,#1331,#1332,#1333,#1334,#1335,#1336,#1337,#1338,
#1339,#1340,#1341,#1342,#1343,#1344,#1345,#1346,#1347,#1348,#1349,#1350,
#1351,#1352,#1353,#1354,#1355,#1356,#1357,#1358,#1359,#1360,#1361,#1362,
#1363,#1364,#1365,#1366,#1367,#1368,#1369,#1370,#1371,#1372,#1373,#1374,
#1375,#1376,#1377,#1378,#1379,#1380,#1381,#1382,#1383,#1384,#1385,#1386,
#1387,#1388,#1389));
#219=EDGE_LOOP('',(#1390));
#220=EDGE_LOOP('',(#1391));
#221=EDGE_LOOP('',(#1392,#1393,#1394,#1395,#1396,#1397,#1398));
#222=EDGE_LOOP('',(#1399,#1400,#1401,#1402));
#223=EDGE_LOOP('',(#1403,#1404,#1405,#1406,#1407,#1408,#1409,#1410,#1411,
#1412,#1413,#1414,#1415,#1416,#1417,#1418,#1419,#1420));
#224=EDGE_LOOP('',(#1421));
#225=EDGE_LOOP('',(#1422));
#226=EDGE_LOOP('',(#1423));
#227=EDGE_LOOP('',(#1424));
#228=EDGE_LOOP('',(#1425));
#229=EDGE_LOOP('',(#1426,#1427,#1428,#1429,#1430,#1431,#1432,#1433,#1434,
#1435,#1436,#1437));
#230=EDGE_LOOP('',(#1438,#1439,#1440,#1441));
#231=EDGE_LOOP('',(#1442,#1443,#1444,#1445));
#232=EDGE_LOOP('',(#1446,#1447,#1448,#1449));
#233=EDGE_LOOP('',(#1450,#1451,#1452,#1453));
#234=EDGE_LOOP('',(#1454));
#235=EDGE_LOOP('',(#1455));
#236=EDGE_LOOP('',(#1456,#1457,#1458,#1459));
#237=EDGE_LOOP('',(#1460,#1461,#1462,#1463));
#238=EDGE_LOOP('',(#1464,#1465,#1466,#1467,#1468,#1469,#1470));
#239=EDGE_LOOP('',(#1471,#1472,#1473,#1474));
#240=EDGE_LOOP('',(#1475,#1476,#1477,#1478));
#241=EDGE_LOOP('',(#1479,#1480,#1481,#1482));
#242=EDGE_LOOP('',(#1483,#1484,#1485,#1486));
#243=EDGE_LOOP('',(#1487,#1488,#1489,#1490,#1491,#1492));
#244=EDGE_LOOP('',(#1493,#1494,#1495,#1496,#1497,#1498));
#245=EDGE_LOOP('',(#1499,#1500,#1501,#1502));
#246=EDGE_LOOP('',(#1503,#1504,#1505,#1506));
#247=EDGE_LOOP('',(#1507,#1508,#1509,#1510));
#248=EDGE_LOOP('',(#1511,#1512,#1513,#1514,#1515,#1516));
#249=EDGE_LOOP('',(#1517,#1518,#1519,#1520));
#250=EDGE_LOOP('',(#1521,#1522,#1523,#1524));
#251=EDGE_LOOP('',(#1525,#1526,#1527,#1528));
#252=EDGE_LOOP('',(#1529,#1530,#1531,#1532,#1533));
#253=EDGE_LOOP('',(#1534,#1535,#1536,#1537,#1538));
#254=EDGE_LOOP('',(#1539,#1540,#1541,#1542,#1543,#1544));
#255=EDGE_LOOP('',(#1545,#1546,#1547,#1548));
#256=EDGE_LOOP('',(#1549,#1550,#1551,#1552,#1553));
#257=EDGE_LOOP('',(#1554,#1555,#1556,#1557,#1558));
#258=EDGE_LOOP('',(#1559,#1560,#1561,#1562,#1563,#1564));
#259=EDGE_LOOP('',(#1565,#1566,#1567,#1568));
#260=EDGE_LOOP('',(#1569,#1570,#1571,#1572));
#261=EDGE_LOOP('',(#1573,#1574,#1575,#1576));
#262=EDGE_LOOP('',(#1577,#1578,#1579,#1580));
#263=EDGE_LOOP('',(#1581,#1582,#1583,#1584));
#264=EDGE_LOOP('',(#1585,#1586,#1587,#1588));
#265=EDGE_LOOP('',(#1589,#1590,#1591,#1592));
#266=EDGE_LOOP('',(#1593,#1594,#1595,#1596));
#267=EDGE_LOOP('',(#1597,#1598,#1599,#1600));
#268=EDGE_LOOP('',(#1601,#1602,#1603,#1604));
#269=EDGE_LOOP('',(#1605,#1606,#1607,#1608));
#270=EDGE_LOOP('',(#1609,#1610,#1611,#1612));
#271=EDGE_LOOP('',(#1613,#1614,#1615,#1616));
#272=EDGE_LOOP('',(#1617,#1618,#1619,#1620));
#273=EDGE_LOOP('',(#1621,#1622,#1623,#1624));
#274=EDGE_LOOP('',(#1625,#1626,#1627,#1628));
#275=EDGE_LOOP('',(#1629,#1630,#1631,#1632));
#276=EDGE_LOOP('',(#1633,#1634,#1635,#1636));
#277=EDGE_LOOP('',(#1637,#1638,#1639,#1640));
#278=EDGE_LOOP('',(#1641,#1642,#1643,#1644));
#279=EDGE_LOOP('',(#1645,#1646,#1647,#1648));
#280=EDGE_LOOP('',(#1649,#1650,#1651,#1652,#1653,#1654));
#281=EDGE_LOOP('',(#1655,#1656,#1657,#1658));
#282=EDGE_LOOP('',(#1659,#1660,#1661,#1662));
#283=EDGE_LOOP('',(#1663,#1664,#1665,#1666));
#284=EDGE_LOOP('',(#1667,#1668,#1669,#1670));
#285=EDGE_LOOP('',(#1671,#1672,#1673,#1674));
#286=EDGE_LOOP('',(#1675,#1676,#1677,#1678));
#287=EDGE_LOOP('',(#1679,#1680,#1681,#1682));
#288=EDGE_LOOP('',(#1683,#1684,#1685,#1686));
#289=EDGE_LOOP('',(#1687,#1688,#1689,#1690));
#290=EDGE_LOOP('',(#1691,#1692,#1693,#1694));
#291=EDGE_LOOP('',(#1695,#1696,#1697,#1698));
#292=EDGE_LOOP('',(#1699,#1700,#1701,#1702));
#293=EDGE_LOOP('',(#1703,#1704,#1705,#1706));
#294=EDGE_LOOP('',(#1707,#1708,#1709,#1710));
#295=EDGE_LOOP('',(#1711,#1712,#1713,#1714));
#296=EDGE_LOOP('',(#1715,#1716,#1717,#1718));
#297=EDGE_LOOP('',(#1719,#1720,#1721,#1722));
#298=EDGE_LOOP('',(#1723,#1724,#1725,#1726));
#299=EDGE_LOOP('',(#1727,#1728,#1729,#1730));
#300=EDGE_LOOP('',(#1731,#1732,#1733,#1734));
#301=EDGE_LOOP('',(#1735,#1736,#1737,#1738));
#302=EDGE_LOOP('',(#1739,#1740,#1741,#1742));
#303=EDGE_LOOP('',(#1743,#1744,#1745,#1746));
#304=EDGE_LOOP('',(#1747,#1748,#1749,#1750,#1751));
#305=EDGE_LOOP('',(#1752,#1753,#1754,#1755));
#306=EDGE_LOOP('',(#1756,#1757,#1758,#1759));
#307=EDGE_LOOP('',(#1760,#1761,#1762,#1763));
#308=EDGE_LOOP('',(#1764,#1765,#1766,#1767));
#309=CIRCLE('',#1929,0.5);
#310=CIRCLE('',#1930,3.25);
#311=CIRCLE('',#1931,0.5);
#312=CIRCLE('',#1932,1.55);
#313=CIRCLE('',#1934,0.5);
#314=CIRCLE('',#1935,3.25);
#315=CIRCLE('',#1936,0.5);
#316=CIRCLE('',#1937,0.5);
#317=CIRCLE('',#1938,0.5);
#318=CIRCLE('',#1939,1.55);
#319=CIRCLE('',#1941,3.25);
#320=CIRCLE('',#1942,1.55);
#321=CIRCLE('',#1944,0.5);
#322=CIRCLE('',#1945,0.5);
#323=CIRCLE('',#1946,3.25);
#324=CIRCLE('',#1947,0.5);
#325=CIRCLE('',#1948,0.5);
#326=CIRCLE('',#1949,1.55);
#327=CIRCLE('',#1955,0.5);
#328=CIRCLE('',#1957,3.25);
#329=CIRCLE('',#1959,3.25);
#330=CIRCLE('',#1961,3.25);
#331=CIRCLE('',#1963,4.);
#332=CIRCLE('',#1964,4.);
#333=CIRCLE('',#1966,0.749999999999997);
#334=CIRCLE('',#1967,0.749999999999997);
#335=CIRCLE('',#1969,0.750000000000001);
#336=CIRCLE('',#1970,0.750000000000001);
#337=CIRCLE('',#1972,0.750000000000004);
#338=CIRCLE('',#1973,0.750000000000004);
#339=CIRCLE('',#1975,2.4);
#340=CIRCLE('',#1976,2.4);
#341=CIRCLE('',#1977,2.4);
#342=CIRCLE('',#1978,2.4);
#343=CIRCLE('',#1979,2.4);
#344=CIRCLE('',#1980,2.4);
#345=CIRCLE('',#1982,2.4);
#346=CIRCLE('',#1983,2.4);
#347=CIRCLE('',#1984,2.4);
#348=CIRCLE('',#1985,2.4);
#349=CIRCLE('',#1987,1.55);
#350=CIRCLE('',#1989,1.55);
#351=CIRCLE('',#1991,1.55);
#352=CIRCLE('',#1993,1.55);
#353=CIRCLE('',#1995,1.1);
#354=CIRCLE('',#1996,1.1);
#355=CIRCLE('',#1997,1.1);
#356=CIRCLE('',#1998,1.1);
#357=CIRCLE('',#1999,0.750000000000001);
#358=CIRCLE('',#2000,0.750000000000001);
#359=CIRCLE('',#2001,0.750000000000001);
#360=CIRCLE('',#2002,0.500000000000007);
#361=CIRCLE('',#2003,0.5);
#362=CIRCLE('',#2004,3.25);
#363=CIRCLE('',#2005,0.5);
#364=CIRCLE('',#2006,1.50000000000002);
#365=CIRCLE('',#2007,3.49999999999998);
#366=CIRCLE('',#2008,1.50000000000002);
#367=CIRCLE('',#2009,0.5);
#368=CIRCLE('',#2010,1.50000000000002);
#369=CIRCLE('',#2011,3.49999999999999);
#370=CIRCLE('',#2012,1.50000000000002);
#371=CIRCLE('',#2013,0.5);
#372=CIRCLE('',#2014,0.5);
#373=CIRCLE('',#2015,0.5);
#374=CIRCLE('',#2016,4.);
#375=CIRCLE('',#2017,0.5);
#376=CIRCLE('',#2018,0.749999999999997);
#377=CIRCLE('',#2021,1.);
#378=CIRCLE('',#2022,3.5);
#379=CIRCLE('',#2023,1.);
#380=CIRCLE('',#2024,2.);
#381=CIRCLE('',#2025,3.);
#382=CIRCLE('',#2026,2.);
#383=CIRCLE('',#2027,2.);
#384=CIRCLE('',#2028,3.);
#385=CIRCLE('',#2029,2.);
#386=CIRCLE('',#2030,1.);
#387=CIRCLE('',#2041,0.750000000000001);
#388=CIRCLE('',#2047,0.750000000000001);
#389=CIRCLE('',#2054,0.749999999999997);
#390=CIRCLE('',#2061,1.1);
#391=CIRCLE('',#2062,1.1);
#392=CIRCLE('',#2067,1.1);
#393=CIRCLE('',#2068,1.1);
#394=CIRCLE('',#2070,3.);
#395=CIRCLE('',#2072,3.);
#396=CIRCLE('',#2074,2.);
#397=CIRCLE('',#2076,2.);
#398=CIRCLE('',#2078,2.);
#399=CIRCLE('',#2080,2.);
#400=CIRCLE('',#2082,1.);
#401=CIRCLE('',#2084,3.5);
#402=CIRCLE('',#2086,1.);
#403=CIRCLE('',#2088,1.);
#404=LINE('',#2734,#580);
#405=LINE('',#2745,#581);
#406=LINE('',#2753,#582);
#407=LINE('',#2757,#583);
#408=LINE('',#2769,#584);
#409=LINE('',#2773,#585);
#410=LINE('',#2781,#586);
#411=LINE('',#2787,#587);
#412=LINE('',#2789,#588);
#413=LINE('',#2791,#589);
#414=LINE('',#2793,#590);
#415=LINE('',#2795,#591);
#416=LINE('',#2797,#592);
#417=LINE('',#2798,#593);
#418=LINE('',#2801,#594);
#419=LINE('',#2803,#595);
#420=LINE('',#2805,#596);
#421=LINE('',#2807,#597);
#422=LINE('',#2809,#598);
#423=LINE('',#2811,#599);
#424=LINE('',#2812,#600);
#425=LINE('',#2815,#601);
#426=LINE('',#2817,#602);
#427=LINE('',#2819,#603);
#428=LINE('',#2821,#604);
#429=LINE('',#2823,#605);
#430=LINE('',#2825,#606);
#431=LINE('',#2826,#607);
#432=LINE('',#2832,#608);
#433=LINE('',#2836,#609);
#434=LINE('',#2839,#610);
#435=LINE('',#2843,#611);
#436=LINE('',#2846,#612);
#437=LINE('',#2851,#613);
#438=LINE('',#2858,#614);
#439=LINE('',#2861,#615);
#440=LINE('',#2867,#616);
#441=LINE('',#2870,#617);
#442=LINE('',#2876,#618);
#443=LINE('',#2879,#619);
#444=LINE('',#2884,#620);
#445=LINE('',#2888,#621);
#446=LINE('',#2892,#622);
#447=LINE('',#2896,#623);
#448=LINE('',#2900,#624);
#449=LINE('',#2906,#625);
#450=LINE('',#2910,#626);
#451=LINE('',#2914,#627);
#452=LINE('',#2919,#628);
#453=LINE('',#2923,#629);
#454=LINE('',#2927,#630);
#455=LINE('',#2931,#631);
#456=LINE('',#2937,#632);
#457=LINE('',#2941,#633);
#458=LINE('',#2943,#634);
#459=LINE('',#2945,#635);
#460=LINE('',#2949,#636);
#461=LINE('',#2953,#637);
#462=LINE('',#2955,#638);
#463=LINE('',#2958,#639);
#464=LINE('',#2960,#640);
#465=LINE('',#2963,#641);
#466=LINE('',#2964,#642);
#467=LINE('',#2965,#643);
#468=LINE('',#2967,#644);
#469=LINE('',#2971,#645);
#470=LINE('',#2975,#646);
#471=LINE('',#2977,#647);
#472=LINE('',#2985,#648);
#473=LINE('',#2987,#649);
#474=LINE('',#2991,#650);
#475=LINE('',#2995,#651);
#476=LINE('',#2999,#652);
#477=LINE('',#3002,#653);
#478=LINE('',#3006,#654);
#479=LINE('',#3010,#655);
#480=LINE('',#3014,#656);
#481=LINE('',#3016,#657);
#482=LINE('',#3021,#658);
#483=LINE('',#3023,#659);
#484=LINE('',#3031,#660);
#485=LINE('',#3032,#661);
#486=LINE('',#3034,#662);
#487=LINE('',#3037,#663);
#488=LINE('',#3038,#664);
#489=LINE('',#3040,#665);
#490=LINE('',#3041,#666);
#491=LINE('',#3045,#667);
#492=LINE('',#3054,#668);
#493=LINE('',#3058,#669);
#494=LINE('',#3063,#670);
#495=LINE('',#3067,#671);
#496=LINE('',#3072,#672);
#497=LINE('',#3074,#673);
#498=LINE('',#3076,#674);
#499=LINE('',#3078,#675);
#500=LINE('',#3080,#676);
#501=LINE('',#3082,#677);
#502=LINE('',#3084,#678);
#503=LINE('',#3086,#679);
#504=LINE('',#3088,#680);
#505=LINE('',#3090,#681);
#506=LINE('',#3091,#682);
#507=LINE('',#3094,#683);
#508=LINE('',#3096,#684);
#509=LINE('',#3097,#685);
#510=LINE('',#3100,#686);
#511=LINE('',#3102,#687);
#512=LINE('',#3103,#688);
#513=LINE('',#3106,#689);
#514=LINE('',#3108,#690);
#515=LINE('',#3109,#691);
#516=LINE('',#3112,#692);
#517=LINE('',#3114,#693);
#518=LINE('',#3115,#694);
#519=LINE('',#3119,#695);
#520=LINE('',#3122,#696);
#521=LINE('',#3123,#697);
#522=LINE('',#3126,#698);
#523=LINE('',#3129,#699);
#524=LINE('',#3133,#700);
#525=LINE('',#3134,#701);
#526=LINE('',#3136,#702);
#527=LINE('',#3140,#703);
#528=LINE('',#3143,#704);
#529=LINE('',#3146,#705);
#530=LINE('',#3149,#706);
#531=LINE('',#3150,#707);
#532=LINE('',#3153,#708);
#533=LINE('',#3156,#709);
#534=LINE('',#3160,#710);
#535=LINE('',#3162,#711);
#536=LINE('',#3163,#712);
#537=LINE('',#3165,#713);
#538=LINE('',#3167,#714);
#539=LINE('',#3168,#715);
#540=LINE('',#3170,#716);
#541=LINE('',#3172,#717);
#542=LINE('',#3173,#718);
#543=LINE('',#3179,#719);
#544=LINE('',#3181,#720);
#545=LINE('',#3182,#721);
#546=LINE('',#3184,#722);
#547=LINE('',#3186,#723);
#548=LINE('',#3187,#724);
#549=LINE('',#3189,#725);
#550=LINE('',#3191,#726);
#551=LINE('',#3192,#727);
#552=LINE('',#3212,#728);
#553=LINE('',#3215,#729);
#554=LINE('',#3221,#730);
#555=LINE('',#3222,#731);
#556=LINE('',#3224,#732);
#557=LINE('',#3225,#733);
#558=LINE('',#3227,#734);
#559=LINE('',#3228,#735);
#560=LINE('',#3230,#736);
#561=LINE('',#3231,#737);
#562=LINE('',#3234,#738);
#563=LINE('',#3236,#739);
#564=LINE('',#3238,#740);
#565=LINE('',#3240,#741);
#566=LINE('',#3242,#742);
#567=LINE('',#3244,#743);
#568=LINE('',#3248,#744);
#569=LINE('',#3250,#745);
#570=LINE('',#3256,#746);
#571=LINE('',#3258,#747);
#572=LINE('',#3260,#748);
#573=LINE('',#3262,#749);
#574=LINE('',#3265,#750);
#575=LINE('',#3267,#751);
#576=LINE('',#3269,#752);
#577=LINE('',#3271,#753);
#578=LINE('',#3273,#754);
#579=LINE('',#3275,#755);
#580=VECTOR('',#2141,10.);
#581=VECTOR('',#2152,1000.);
#582=VECTOR('',#2159,1000.);
#583=VECTOR('',#2162,10.);
#584=VECTOR('',#2175,10.);
#585=VECTOR('',#2178,1000.);
#586=VECTOR('',#2185,1000.);
#587=VECTOR('',#2192,1000.);
#588=VECTOR('',#2193,10.);
#589=VECTOR('',#2194,1000.);
#590=VECTOR('',#2195,1000.);
#591=VECTOR('',#2196,1000.);
#592=VECTOR('',#2197,1000.);
#593=VECTOR('',#2198,1000.);
#594=VECTOR('',#2201,10.);
#595=VECTOR('',#2202,10.);
#596=VECTOR('',#2203,1000.);
#597=VECTOR('',#2204,1000.);
#598=VECTOR('',#2205,1000.);
#599=VECTOR('',#2206,1000.);
#600=VECTOR('',#2207,1000.);
#601=VECTOR('',#2210,1000.);
#602=VECTOR('',#2211,10.);
#603=VECTOR('',#2212,1000.);
#604=VECTOR('',#2213,1000.);
#605=VECTOR('',#2214,1000.);
#606=VECTOR('',#2215,1000.);
#607=VECTOR('',#2216,1000.);
#608=VECTOR('',#2223,10.);
#609=VECTOR('',#2228,10.);
#610=VECTOR('',#2231,3.25);
#611=VECTOR('',#2236,1000.);
#612=VECTOR('',#2239,10.);
#613=VECTOR('',#2244,4.);
#614=VECTOR('',#2251,1000.);
#615=VECTOR('',#2254,1000.);
#616=VECTOR('',#2259,1000.);
#617=VECTOR('',#2262,1000.);
#618=VECTOR('',#2267,1000.);
#619=VECTOR('',#2270,1000.);
#620=VECTOR('',#2275,2.4);
#621=VECTOR('',#2278,1000.);
#622=VECTOR('',#2281,1000.);
#623=VECTOR('',#2284,1000.);
#624=VECTOR('',#2287,1000.);
#625=VECTOR('',#2294,2.4);
#626=VECTOR('',#2297,1000.);
#627=VECTOR('',#2300,1000.);
#628=VECTOR('',#2307,1.55);
#629=VECTOR('',#2312,1.55);
#630=VECTOR('',#2317,1.55);
#631=VECTOR('',#2322,1.55);
#632=VECTOR('',#2327,1000.);
#633=VECTOR('',#2330,1000.);
#634=VECTOR('',#2331,1000.);
#635=VECTOR('',#2332,1000.);
#636=VECTOR('',#2335,1000.);
#637=VECTOR('',#2338,1000.);
#638=VECTOR('',#2339,1000.);
#639=VECTOR('',#2342,1000.);
#640=VECTOR('',#2343,1000.);
#641=VECTOR('',#2346,1000.);
#642=VECTOR('',#2347,1000.);
#643=VECTOR('',#2348,1000.);
#644=VECTOR('',#2349,1000.);
#645=VECTOR('',#2352,1000.);
#646=VECTOR('',#2355,1000.);
#647=VECTOR('',#2356,1000.);
#648=VECTOR('',#2363,1000.);
#649=VECTOR('',#2364,1000.);
#650=VECTOR('',#2367,1000.);
#651=VECTOR('',#2370,1000.);
#652=VECTOR('',#2373,1000.);
#653=VECTOR('',#2376,1000.);
#654=VECTOR('',#2379,1000.);
#655=VECTOR('',#2382,1000.);
#656=VECTOR('',#2385,1000.);
#657=VECTOR('',#2386,1000.);
#658=VECTOR('',#2391,1000.);
#659=VECTOR('',#2392,1000.);
#660=VECTOR('',#2399,1000.);
#661=VECTOR('',#2400,1000.);
#662=VECTOR('',#2401,1000.);
#663=VECTOR('',#2404,1000.);
#664=VECTOR('',#2405,1000.);
#665=VECTOR('',#2408,1000.);
#666=VECTOR('',#2409,1000.);
#667=VECTOR('',#2412,1000.);
#668=VECTOR('',#2421,1000.);
#669=VECTOR('',#2424,1000.);
#670=VECTOR('',#2429,1000.);
#671=VECTOR('',#2432,1000.);
#672=VECTOR('',#2439,1000.);
#673=VECTOR('',#2440,1000.);
#674=VECTOR('',#2441,1000.);
#675=VECTOR('',#2442,1000.);
#676=VECTOR('',#2443,1000.);
#677=VECTOR('',#2444,1000.);
#678=VECTOR('',#2445,1000.);
#679=VECTOR('',#2446,1000.);
#680=VECTOR('',#2447,1000.);
#681=VECTOR('',#2448,1000.);
#682=VECTOR('',#2449,1000.);
#683=VECTOR('',#2452,1000.);
#684=VECTOR('',#2453,1000.);
#685=VECTOR('',#2454,1000.);
#686=VECTOR('',#2457,1000.);
#687=VECTOR('',#2458,1000.);
#688=VECTOR('',#2459,1000.);
#689=VECTOR('',#2462,1000.);
#690=VECTOR('',#2463,1000.);
#691=VECTOR('',#2464,1000.);
#692=VECTOR('',#2467,1000.);
#693=VECTOR('',#2468,1000.);
#694=VECTOR('',#2469,1000.);
#695=VECTOR('',#2476,1000.);
#696=VECTOR('',#2479,1000.);
#697=VECTOR('',#2480,1000.);
#698=VECTOR('',#2483,1000.);
#699=VECTOR('',#2488,1000.);
#700=VECTOR('',#2493,1000.);
#701=VECTOR('',#2494,1000.);
#702=VECTOR('',#2497,1000.);
#703=VECTOR('',#2502,1000.);
#704=VECTOR('',#2507,1000.);
#705=VECTOR('',#2512,1000.);
#706=VECTOR('',#2515,1000.);
#707=VECTOR('',#2516,1000.);
#708=VECTOR('',#2519,1000.);
#709=VECTOR('',#2524,1000.);
#710=VECTOR('',#2529,1000.);
#711=VECTOR('',#2530,1000.);
#712=VECTOR('',#2531,1000.);
#713=VECTOR('',#2534,1000.);
#714=VECTOR('',#2535,1000.);
#715=VECTOR('',#2536,1000.);
#716=VECTOR('',#2539,1000.);
#717=VECTOR('',#2540,1000.);
#718=VECTOR('',#2541,1000.);
#719=VECTOR('',#2550,1000.);
#720=VECTOR('',#2551,1000.);
#721=VECTOR('',#2552,1000.);
#722=VECTOR('',#2555,1000.);
#723=VECTOR('',#2556,1000.);
#724=VECTOR('',#2557,1000.);
#725=VECTOR('',#2560,1000.);
#726=VECTOR('',#2561,1000.);
#727=VECTOR('',#2562,1000.);
#728=VECTOR('',#2599,1000.);
#729=VECTOR('',#2602,1000.);
#730=VECTOR('',#2613,10.);
#731=VECTOR('',#2614,1000.);
#732=VECTOR('',#2617,10.);
#733=VECTOR('',#2618,10.);
#734=VECTOR('',#2621,10.);
#735=VECTOR('',#2622,10.);
#736=VECTOR('',#2625,10.);
#737=VECTOR('',#2626,10.);
#738=VECTOR('',#2631,1000.);
#739=VECTOR('',#2634,1000.);
#740=VECTOR('',#2637,1000.);
#741=VECTOR('',#2640,1000.);
#742=VECTOR('',#2643,1000.);
#743=VECTOR('',#2646,1000.);
#744=VECTOR('',#2653,1000.);
#745=VECTOR('',#2656,1000.);
#746=VECTOR('',#2667,1000.);
#747=VECTOR('',#2670,1000.);
#748=VECTOR('',#2673,1000.);
#749=VECTOR('',#2676,1000.);
#750=VECTOR('',#2681,1000.);
#751=VECTOR('',#2684,1000.);
#752=VECTOR('',#2687,1000.);
#753=VECTOR('',#2690,1000.);
#754=VECTOR('',#2693,1000.);
#755=VECTOR('',#2696,1000.);
#756=VERTEX_POINT('',#2732);
#757=VERTEX_POINT('',#2733);
#758=VERTEX_POINT('',#2735);
#759=VERTEX_POINT('',#2737);
#760=VERTEX_POINT('',#2740);
#761=VERTEX_POINT('',#2743);
#762=VERTEX_POINT('',#2744);
#763=VERTEX_POINT('',#2746);
#764=VERTEX_POINT('',#2748);
#765=VERTEX_POINT('',#2750);
#766=VERTEX_POINT('',#2752);
#767=VERTEX_POINT('',#2754);
#768=VERTEX_POINT('',#2756);
#769=VERTEX_POINT('',#2759);
#770=VERTEX_POINT('',#2762);
#771=VERTEX_POINT('',#2764);
#772=VERTEX_POINT('',#2767);
#773=VERTEX_POINT('',#2768);
#774=VERTEX_POINT('',#2770);
#775=VERTEX_POINT('',#2772);
#776=VERTEX_POINT('',#2774);
#777=VERTEX_POINT('',#2776);
#778=VERTEX_POINT('',#2778);
#779=VERTEX_POINT('',#2780);
#780=VERTEX_POINT('',#2783);
#781=VERTEX_POINT('',#2786);
#782=VERTEX_POINT('',#2788);
#783=VERTEX_POINT('',#2790);
#784=VERTEX_POINT('',#2792);
#785=VERTEX_POINT('',#2794);
#786=VERTEX_POINT('',#2796);
#787=VERTEX_POINT('',#2800);
#788=VERTEX_POINT('',#2802);
#789=VERTEX_POINT('',#2804);
#790=VERTEX_POINT('',#2806);
#791=VERTEX_POINT('',#2808);
#792=VERTEX_POINT('',#2810);
#793=VERTEX_POINT('',#2814);
#794=VERTEX_POINT('',#2816);
#795=VERTEX_POINT('',#2818);
#796=VERTEX_POINT('',#2820);
#797=VERTEX_POINT('',#2822);
#798=VERTEX_POINT('',#2824);
#799=VERTEX_POINT('',#2828);
#800=VERTEX_POINT('',#2830);
#801=VERTEX_POINT('',#2834);
#802=VERTEX_POINT('',#2838);
#803=VERTEX_POINT('',#2842);
#804=VERTEX_POINT('',#2844);
#805=VERTEX_POINT('',#2848);
#806=VERTEX_POINT('',#2850);
#807=VERTEX_POINT('',#2854);
#808=VERTEX_POINT('',#2855);
#809=VERTEX_POINT('',#2857);
#810=VERTEX_POINT('',#2859);
#811=VERTEX_POINT('',#2863);
#812=VERTEX_POINT('',#2864);
#813=VERTEX_POINT('',#2866);
#814=VERTEX_POINT('',#2868);
#815=VERTEX_POINT('',#2872);
#816=VERTEX_POINT('',#2873);
#817=VERTEX_POINT('',#2875);
#818=VERTEX_POINT('',#2877);
#819=VERTEX_POINT('',#2881);
#820=VERTEX_POINT('',#2883);
#821=VERTEX_POINT('',#2885);
#822=VERTEX_POINT('',#2887);
#823=VERTEX_POINT('',#2889);
#824=VERTEX_POINT('',#2891);
#825=VERTEX_POINT('',#2893);
#826=VERTEX_POINT('',#2895);
#827=VERTEX_POINT('',#2897);
#828=VERTEX_POINT('',#2899);
#829=VERTEX_POINT('',#2903);
#830=VERTEX_POINT('',#2905);
#831=VERTEX_POINT('',#2907);
#832=VERTEX_POINT('',#2909);
#833=VERTEX_POINT('',#2911);
#834=VERTEX_POINT('',#2913);
#835=VERTEX_POINT('',#2917);
#836=VERTEX_POINT('',#2921);
#837=VERTEX_POINT('',#2925);
#838=VERTEX_POINT('',#2929);
#839=VERTEX_POINT('',#2933);
#840=VERTEX_POINT('',#2934);
#841=VERTEX_POINT('',#2936);
#842=VERTEX_POINT('',#2938);
#843=VERTEX_POINT('',#2940);
#844=VERTEX_POINT('',#2942);
#845=VERTEX_POINT('',#2944);
#846=VERTEX_POINT('',#2946);
#847=VERTEX_POINT('',#2948);
#848=VERTEX_POINT('',#2950);
#849=VERTEX_POINT('',#2952);
#850=VERTEX_POINT('',#2954);
#851=VERTEX_POINT('',#2956);
#852=VERTEX_POINT('',#2959);
#853=VERTEX_POINT('',#2961);
#854=VERTEX_POINT('',#2966);
#855=VERTEX_POINT('',#2968);
#856=VERTEX_POINT('',#2970);
#857=VERTEX_POINT('',#2972);
#858=VERTEX_POINT('',#2974);
#859=VERTEX_POINT('',#2976);
#860=VERTEX_POINT('',#2978);
#861=VERTEX_POINT('',#2980);
#862=VERTEX_POINT('',#2982);
#863=VERTEX_POINT('',#2984);
#864=VERTEX_POINT('',#2986);
#865=VERTEX_POINT('',#2988);
#866=VERTEX_POINT('',#2990);
#867=VERTEX_POINT('',#2992);
#868=VERTEX_POINT('',#2994);
#869=VERTEX_POINT('',#2996);
#870=VERTEX_POINT('',#2998);
#871=VERTEX_POINT('',#3001);
#872=VERTEX_POINT('',#3003);
#873=VERTEX_POINT('',#3005);
#874=VERTEX_POINT('',#3007);
#875=VERTEX_POINT('',#3009);
#876=VERTEX_POINT('',#3011);
#877=VERTEX_POINT('',#3013);
#878=VERTEX_POINT('',#3015);
#879=VERTEX_POINT('',#3018);
#880=VERTEX_POINT('',#3020);
#881=VERTEX_POINT('',#3022);
#882=VERTEX_POINT('',#3024);
#883=VERTEX_POINT('',#3026);
#884=VERTEX_POINT('',#3028);
#885=VERTEX_POINT('',#3030);
#886=VERTEX_POINT('',#3033);
#887=VERTEX_POINT('',#3035);
#888=VERTEX_POINT('',#3043);
#889=VERTEX_POINT('',#3044);
#890=VERTEX_POINT('',#3046);
#891=VERTEX_POINT('',#3048);
#892=VERTEX_POINT('',#3051);
#893=VERTEX_POINT('',#3053);
#894=VERTEX_POINT('',#3055);
#895=VERTEX_POINT('',#3057);
#896=VERTEX_POINT('',#3060);
#897=VERTEX_POINT('',#3062);
#898=VERTEX_POINT('',#3064);
#899=VERTEX_POINT('',#3066);
#900=VERTEX_POINT('',#3071);
#901=VERTEX_POINT('',#3073);
#902=VERTEX_POINT('',#3075);
#903=VERTEX_POINT('',#3077);
#904=VERTEX_POINT('',#3079);
#905=VERTEX_POINT('',#3081);
#906=VERTEX_POINT('',#3083);
#907=VERTEX_POINT('',#3085);
#908=VERTEX_POINT('',#3087);
#909=VERTEX_POINT('',#3089);
#910=VERTEX_POINT('',#3093);
#911=VERTEX_POINT('',#3095);
#912=VERTEX_POINT('',#3099);
#913=VERTEX_POINT('',#3101);
#914=VERTEX_POINT('',#3105);
#915=VERTEX_POINT('',#3107);
#916=VERTEX_POINT('',#3111);
#917=VERTEX_POINT('',#3113);
#918=VERTEX_POINT('',#3121);
#919=VERTEX_POINT('',#3125);
#920=VERTEX_POINT('',#3132);
#921=VERTEX_POINT('',#3138);
#922=VERTEX_POINT('',#3148);
#923=VERTEX_POINT('',#3152);
#924=VERTEX_POINT('',#3159);
#925=VERTEX_POINT('',#3161);
#926=VERTEX_POINT('',#3166);
#927=VERTEX_POINT('',#3171);
#928=VERTEX_POINT('',#3178);
#929=VERTEX_POINT('',#3180);
#930=VERTEX_POINT('',#3185);
#931=VERTEX_POINT('',#3190);
#932=VERTEX_POINT('',#3211);
#933=VERTEX_POINT('',#3213);
#934=EDGE_CURVE('',#756,#757,#404,.T.);
#935=EDGE_CURVE('',#758,#756,#309,.T.);
#936=EDGE_CURVE('',#759,#758,#310,.T.);
#937=EDGE_CURVE('',#757,#759,#311,.T.);
#938=EDGE_CURVE('',#760,#760,#312,.T.);
#939=EDGE_CURVE('',#761,#762,#405,.T.);
#940=EDGE_CURVE('',#763,#761,#313,.T.);
#941=EDGE_CURVE('',#764,#763,#314,.T.);
#942=EDGE_CURVE('',#765,#764,#315,.T.);
#943=EDGE_CURVE('',#766,#765,#406,.T.);
#944=EDGE_CURVE('',#767,#766,#316,.T.);
#945=EDGE_CURVE('',#768,#767,#407,.T.);
#946=EDGE_CURVE('',#762,#768,#317,.T.);
#947=EDGE_CURVE('',#769,#769,#318,.T.);
#948=EDGE_CURVE('',#770,#770,#319,.T.);
#949=EDGE_CURVE('',#771,#771,#320,.T.);
#950=EDGE_CURVE('',#772,#773,#408,.T.);
#951=EDGE_CURVE('',#774,#772,#321,.T.);
#952=EDGE_CURVE('',#775,#774,#409,.T.);
#953=EDGE_CURVE('',#776,#775,#322,.T.);
#954=EDGE_CURVE('',#777,#776,#323,.T.);
#955=EDGE_CURVE('',#778,#777,#324,.T.);
#956=EDGE_CURVE('',#779,#778,#410,.T.);
#957=EDGE_CURVE('',#773,#779,#325,.T.);
#958=EDGE_CURVE('',#780,#780,#326,.T.);
#959=EDGE_CURVE('',#781,#756,#411,.T.);
#960=EDGE_CURVE('',#757,#782,#412,.T.);
#961=EDGE_CURVE('',#782,#783,#413,.T.);
#962=EDGE_CURVE('',#783,#784,#414,.T.);
#963=EDGE_CURVE('',#784,#785,#415,.T.);
#964=EDGE_CURVE('',#785,#786,#416,.T.);
#965=EDGE_CURVE('',#786,#781,#417,.T.);
#966=EDGE_CURVE('',#768,#787,#418,.T.);
#967=EDGE_CURVE('',#767,#788,#419,.T.);
#968=EDGE_CURVE('',#788,#789,#420,.T.);
#969=EDGE_CURVE('',#789,#790,#421,.T.);
#970=EDGE_CURVE('',#790,#791,#422,.T.);
#971=EDGE_CURVE('',#791,#792,#423,.T.);
#972=EDGE_CURVE('',#792,#787,#424,.T.);
#973=EDGE_CURVE('',#793,#772,#425,.T.);
#974=EDGE_CURVE('',#773,#794,#426,.T.);
#975=EDGE_CURVE('',#794,#795,#427,.T.);
#976=EDGE_CURVE('',#795,#796,#428,.T.);
#977=EDGE_CURVE('',#796,#797,#429,.T.);
#978=EDGE_CURVE('',#797,#798,#430,.T.);
#979=EDGE_CURVE('',#798,#793,#431,.T.);
#980=EDGE_CURVE('',#799,#781,#29,.T.);
#981=EDGE_CURVE('',#800,#799,#327,.T.);
#982=EDGE_CURVE('',#800,#758,#432,.T.);
#983=EDGE_CURVE('',#800,#801,#328,.T.);
#984=EDGE_CURVE('',#801,#759,#433,.T.);
#985=EDGE_CURVE('',#770,#802,#434,.T.);
#986=EDGE_CURVE('',#802,#802,#329,.T.);
#987=EDGE_CURVE('',#763,#803,#435,.T.);
#988=EDGE_CURVE('',#803,#804,#330,.T.);
#989=EDGE_CURVE('',#804,#764,#436,.T.);
#990=EDGE_CURVE('',#805,#805,#331,.T.);
#991=EDGE_CURVE('',#805,#806,#437,.T.);
#992=EDGE_CURVE('',#806,#806,#332,.T.);
#993=EDGE_CURVE('',#807,#808,#333,.T.);
#994=EDGE_CURVE('',#807,#809,#438,.T.);
#995=EDGE_CURVE('',#809,#810,#334,.T.);
#996=EDGE_CURVE('',#808,#810,#439,.T.);
#997=EDGE_CURVE('',#811,#812,#335,.T.);
#998=EDGE_CURVE('',#811,#813,#440,.T.);
#999=EDGE_CURVE('',#813,#814,#336,.T.);
#1000=EDGE_CURVE('',#812,#814,#441,.T.);
#1001=EDGE_CURVE('',#815,#816,#337,.T.);
#1002=EDGE_CURVE('',#815,#817,#442,.T.);
#1003=EDGE_CURVE('',#817,#818,#338,.T.);
#1004=EDGE_CURVE('',#816,#818,#443,.T.);
#1005=EDGE_CURVE('',#819,#819,#339,.T.);
#1006=EDGE_CURVE('',#819,#820,#444,.T.);
#1007=EDGE_CURVE('',#821,#820,#340,.T.);
#1008=EDGE_CURVE('',#821,#822,#445,.T.);
#1009=EDGE_CURVE('',#822,#823,#341,.T.);
#1010=EDGE_CURVE('',#823,#824,#446,.T.);
#1011=EDGE_CURVE('',#825,#824,#342,.T.);
#1012=EDGE_CURVE('',#825,#826,#447,.T.);
#1013=EDGE_CURVE('',#826,#827,#343,.T.);
#1014=EDGE_CURVE('',#827,#828,#448,.T.);
#1015=EDGE_CURVE('',#820,#828,#344,.T.);
#1016=EDGE_CURVE('',#829,#829,#345,.T.);
#1017=EDGE_CURVE('',#829,#830,#449,.T.);
#1018=EDGE_CURVE('',#830,#831,#346,.T.);
#1019=EDGE_CURVE('',#831,#832,#450,.T.);
#1020=EDGE_CURVE('',#833,#832,#347,.T.);
#1021=EDGE_CURVE('',#833,#834,#451,.T.);
#1022=EDGE_CURVE('',#834,#830,#348,.T.);
#1023=EDGE_CURVE('',#835,#835,#349,.T.);
#1024=EDGE_CURVE('',#835,#769,#452,.T.);
#1025=EDGE_CURVE('',#836,#836,#350,.T.);
#1026=EDGE_CURVE('',#836,#771,#453,.T.);
#1027=EDGE_CURVE('',#837,#837,#351,.T.);
#1028=EDGE_CURVE('',#837,#760,#454,.T.);
#1029=EDGE_CURVE('',#838,#838,#352,.T.);
#1030=EDGE_CURVE('',#838,#780,#455,.T.);
#1031=EDGE_CURVE('',#839,#840,#353,.T.);
#1032=EDGE_CURVE('',#841,#839,#456,.T.);
#1033=EDGE_CURVE('',#842,#841,#354,.T.);
#1034=EDGE_CURVE('',#843,#842,#457,.T.);
#1035=EDGE_CURVE('',#843,#844,#458,.T.);
#1036=EDGE_CURVE('',#845,#844,#459,.T.);
#1037=EDGE_CURVE('',#846,#845,#355,.T.);
#1038=EDGE_CURVE('',#847,#846,#460,.T.);
#1039=EDGE_CURVE('',#848,#847,#356,.T.);
#1040=EDGE_CURVE('',#849,#848,#461,.T.);
#1041=EDGE_CURVE('',#849,#850,#462,.T.);
#1042=EDGE_CURVE('',#851,#850,#357,.T.);
#1043=EDGE_CURVE('',#823,#851,#463,.T.);
#1044=EDGE_CURVE('',#852,#822,#464,.T.);
#1045=EDGE_CURVE('',#853,#852,#358,.T.);
#1046=EDGE_CURVE('',#818,#853,#465,.T.);
#1047=EDGE_CURVE('',#827,#817,#466,.T.);
#1048=EDGE_CURVE('',#814,#826,#467,.T.);
#1049=EDGE_CURVE('',#854,#813,#468,.T.);
#1050=EDGE_CURVE('',#855,#854,#359,.T.);
#1051=EDGE_CURVE('',#855,#856,#469,.T.);
#1052=EDGE_CURVE('',#856,#857,#360,.T.);
#1053=EDGE_CURVE('',#857,#858,#470,.T.);
#1054=EDGE_CURVE('',#858,#859,#471,.T.);
#1055=EDGE_CURVE('',#859,#860,#361,.T.);
#1056=EDGE_CURVE('',#861,#860,#362,.T.);
#1057=EDGE_CURVE('',#861,#862,#363,.T.);
#1058=EDGE_CURVE('',#862,#863,#472,.T.);
#1059=EDGE_CURVE('',#863,#864,#473,.T.);
#1060=EDGE_CURVE('',#864,#865,#364,.T.);
#1061=EDGE_CURVE('',#865,#866,#474,.T.);
#1062=EDGE_CURVE('',#866,#867,#365,.T.);
#1063=EDGE_CURVE('',#867,#868,#475,.T.);
#1064=EDGE_CURVE('',#868,#869,#366,.T.);
#1065=EDGE_CURVE('',#869,#870,#476,.T.);
#1066=EDGE_CURVE('',#870,#801,#367,.T.);
#1067=EDGE_CURVE('',#799,#871,#477,.T.);
#1068=EDGE_CURVE('',#871,#872,#368,.T.);
#1069=EDGE_CURVE('',#872,#873,#478,.T.);
#1070=EDGE_CURVE('',#873,#874,#369,.T.);
#1071=EDGE_CURVE('',#874,#875,#479,.T.);
#1072=EDGE_CURVE('',#875,#876,#370,.T.);
#1073=EDGE_CURVE('',#876,#877,#480,.T.);
#1074=EDGE_CURVE('',#878,#877,#481,.T.);
#1075=EDGE_CURVE('',#878,#804,#371,.T.);
#1076=EDGE_CURVE('',#803,#879,#372,.T.);
#1077=EDGE_CURVE('',#880,#879,#482,.T.);
#1078=EDGE_CURVE('',#880,#881,#483,.T.);
#1079=EDGE_CURVE('',#881,#882,#373,.T.);
#1080=EDGE_CURVE('',#882,#883,#374,.T.);
#1081=EDGE_CURVE('',#883,#884,#375,.T.);
#1082=EDGE_CURVE('',#884,#885,#484,.T.);
#1083=EDGE_CURVE('',#840,#885,#485,.T.);
#1084=EDGE_CURVE('',#886,#834,#486,.T.);
#1085=EDGE_CURVE('',#887,#886,#376,.T.);
#1086=EDGE_CURVE('',#810,#887,#487,.T.);
#1087=EDGE_CURVE('',#831,#809,#488,.T.);
#1088=EDGE_CURVE('',#860,#777,#489,.T.);
#1089=EDGE_CURVE('',#776,#861,#490,.T.);
#1090=EDGE_CURVE('',#888,#889,#491,.T.);
#1091=EDGE_CURVE('',#889,#890,#377,.T.);
#1092=EDGE_CURVE('',#890,#891,#378,.T.);
#1093=EDGE_CURVE('',#891,#791,#379,.T.);
#1094=EDGE_CURVE('',#790,#892,#380,.T.);
#1095=EDGE_CURVE('',#892,#893,#492,.T.);
#1096=EDGE_CURVE('',#893,#894,#381,.T.);
#1097=EDGE_CURVE('',#894,#895,#493,.T.);
#1098=EDGE_CURVE('',#895,#785,#382,.T.);
#1099=EDGE_CURVE('',#784,#896,#383,.T.);
#1100=EDGE_CURVE('',#896,#897,#494,.T.);
#1101=EDGE_CURVE('',#897,#898,#384,.T.);
#1102=EDGE_CURVE('',#898,#899,#495,.T.);
#1103=EDGE_CURVE('',#899,#797,#385,.T.);
#1104=EDGE_CURVE('',#796,#888,#386,.T.);
#1105=EDGE_CURVE('',#888,#900,#496,.T.);
#1106=EDGE_CURVE('',#900,#901,#497,.T.);
#1107=EDGE_CURVE('',#901,#902,#498,.T.);
#1108=EDGE_CURVE('',#902,#903,#499,.T.);
#1109=EDGE_CURVE('',#903,#904,#500,.T.);
#1110=EDGE_CURVE('',#904,#905,#501,.T.);
#1111=EDGE_CURVE('',#905,#906,#502,.T.);
#1112=EDGE_CURVE('',#906,#907,#503,.T.);
#1113=EDGE_CURVE('',#907,#908,#504,.T.);
#1114=EDGE_CURVE('',#908,#909,#505,.T.);
#1115=EDGE_CURVE('',#909,#889,#506,.T.);
#1116=EDGE_CURVE('',#898,#910,#507,.T.);
#1117=EDGE_CURVE('',#910,#911,#508,.T.);
#1118=EDGE_CURVE('',#911,#899,#509,.T.);
#1119=EDGE_CURVE('',#896,#912,#510,.T.);
#1120=EDGE_CURVE('',#912,#913,#511,.T.);
#1121=EDGE_CURVE('',#913,#897,#512,.T.);
#1122=EDGE_CURVE('',#894,#914,#513,.T.);
#1123=EDGE_CURVE('',#914,#915,#514,.T.);
#1124=EDGE_CURVE('',#915,#895,#515,.T.);
#1125=EDGE_CURVE('',#892,#916,#516,.T.);
#1126=EDGE_CURVE('',#916,#917,#517,.T.);
#1127=EDGE_CURVE('',#917,#893,#518,.T.);
#1128=EDGE_CURVE('',#828,#815,#519,.T.);
#1129=EDGE_CURVE('',#918,#821,#520,.T.);
#1130=EDGE_CURVE('',#918,#852,#521,.T.);
#1131=EDGE_CURVE('',#816,#919,#522,.T.);
#1132=EDGE_CURVE('',#919,#918,#387,.T.);
#1133=EDGE_CURVE('',#919,#853,#523,.T.);
#1134=EDGE_CURVE('',#920,#851,#524,.T.);
#1135=EDGE_CURVE('',#824,#920,#525,.T.);
#1136=EDGE_CURVE('',#812,#825,#526,.T.);
#1137=EDGE_CURVE('',#920,#921,#388,.T.);
#1138=EDGE_CURVE('',#921,#811,#527,.T.);
#1139=EDGE_CURVE('',#850,#855,#30,.T.);
#1140=EDGE_CURVE('',#921,#854,#528,.T.);
#1141=EDGE_CURVE('',#832,#807,#529,.T.);
#1142=EDGE_CURVE('',#922,#833,#530,.T.);
#1143=EDGE_CURVE('',#922,#886,#531,.T.);
#1144=EDGE_CURVE('',#808,#923,#532,.T.);
#1145=EDGE_CURVE('',#923,#922,#389,.T.);
#1146=EDGE_CURVE('',#923,#887,#533,.T.);
#1147=EDGE_CURVE('',#846,#924,#534,.T.);
#1148=EDGE_CURVE('',#925,#924,#535,.T.);
#1149=EDGE_CURVE('',#925,#847,#536,.T.);
#1150=EDGE_CURVE('',#901,#849,#537,.T.);
#1151=EDGE_CURVE('',#926,#848,#538,.T.);
#1152=EDGE_CURVE('',#902,#926,#539,.T.);
#1153=EDGE_CURVE('',#844,#904,#540,.T.);
#1154=EDGE_CURVE('',#927,#903,#541,.T.);
#1155=EDGE_CURVE('',#927,#845,#542,.T.);
#1156=EDGE_CURVE('',#927,#924,#390,.T.);
#1157=EDGE_CURVE('',#925,#926,#391,.T.);
#1158=EDGE_CURVE('',#839,#928,#543,.T.);
#1159=EDGE_CURVE('',#929,#928,#544,.T.);
#1160=EDGE_CURVE('',#929,#841,#545,.T.);
#1161=EDGE_CURVE('',#905,#843,#546,.T.);
#1162=EDGE_CURVE('',#930,#842,#547,.T.);
#1163=EDGE_CURVE('',#906,#930,#548,.T.);
#1164=EDGE_CURVE('',#885,#908,#549,.T.);
#1165=EDGE_CURVE('',#931,#907,#550,.T.);
#1166=EDGE_CURVE('',#931,#840,#551,.T.);
#1167=EDGE_CURVE('',#931,#928,#392,.T.);
#1168=EDGE_CURVE('',#929,#930,#393,.T.);
#1169=EDGE_CURVE('',#913,#910,#394,.T.);
#1170=EDGE_CURVE('',#917,#914,#395,.T.);
#1171=EDGE_CURVE('',#911,#798,#396,.T.);
#1172=EDGE_CURVE('',#783,#912,#397,.T.);
#1173=EDGE_CURVE('',#915,#786,#398,.T.);
#1174=EDGE_CURVE('',#789,#916,#399,.T.);
#1175=EDGE_CURVE('',#795,#900,#400,.T.);
#1176=EDGE_CURVE('',#890,#932,#552,.T.);
#1177=EDGE_CURVE('',#932,#933,#401,.T.);
#1178=EDGE_CURVE('',#933,#891,#553,.T.);
#1179=EDGE_CURVE('',#909,#932,#402,.T.);
#1180=EDGE_CURVE('',#933,#792,#403,.T.);
#1181=EDGE_CURVE('',#879,#761,#554,.T.);
#1182=EDGE_CURVE('',#762,#880,#555,.T.);
#1183=EDGE_CURVE('',#878,#765,#556,.T.);
#1184=EDGE_CURVE('',#877,#766,#557,.T.);
#1185=EDGE_CURVE('',#862,#775,#558,.T.);
#1186=EDGE_CURVE('',#863,#774,#559,.T.);
#1187=EDGE_CURVE('',#859,#778,#560,.T.);
#1188=EDGE_CURVE('',#858,#779,#561,.T.);
#1189=EDGE_CURVE('',#863,#793,#31,.T.);
#1190=EDGE_CURVE('',#864,#798,#562,.T.);
#1191=EDGE_CURVE('',#865,#911,#563,.T.);
#1192=EDGE_CURVE('',#866,#910,#564,.T.);
#1193=EDGE_CURVE('',#867,#913,#565,.T.);
#1194=EDGE_CURVE('',#868,#912,#566,.T.);
#1195=EDGE_CURVE('',#869,#783,#567,.T.);
#1196=EDGE_CURVE('',#782,#870,#32,.T.);
#1197=EDGE_CURVE('',#856,#900,#568,.T.);
#1198=EDGE_CURVE('',#857,#795,#569,.T.);
#1199=EDGE_CURVE('',#794,#858,#33,.T.);
#1200=EDGE_CURVE('',#880,#787,#34,.T.);
#1201=EDGE_CURVE('',#881,#792,#570,.T.);
#1202=EDGE_CURVE('',#882,#933,#571,.T.);
#1203=EDGE_CURVE('',#883,#932,#572,.T.);
#1204=EDGE_CURVE('',#884,#909,#573,.T.);
#1205=EDGE_CURVE('',#871,#786,#574,.T.);
#1206=EDGE_CURVE('',#872,#915,#575,.T.);
#1207=EDGE_CURVE('',#873,#914,#576,.T.);
#1208=EDGE_CURVE('',#874,#917,#577,.T.);
#1209=EDGE_CURVE('',#875,#916,#578,.T.);
#1210=EDGE_CURVE('',#876,#789,#579,.T.);
#1211=EDGE_CURVE('',#788,#877,#35,.T.);
#1212=ORIENTED_EDGE('',*,*,#934,.F.);
#1213=ORIENTED_EDGE('',*,*,#935,.F.);
#1214=ORIENTED_EDGE('',*,*,#936,.F.);
#1215=ORIENTED_EDGE('',*,*,#937,.F.);
#1216=ORIENTED_EDGE('',*,*,#938,.F.);
#1217=ORIENTED_EDGE('',*,*,#939,.F.);
#1218=ORIENTED_EDGE('',*,*,#940,.F.);
#1219=ORIENTED_EDGE('',*,*,#941,.F.);
#1220=ORIENTED_EDGE('',*,*,#942,.F.);
#1221=ORIENTED_EDGE('',*,*,#943,.F.);
#1222=ORIENTED_EDGE('',*,*,#944,.F.);
#1223=ORIENTED_EDGE('',*,*,#945,.F.);
#1224=ORIENTED_EDGE('',*,*,#946,.F.);
#1225=ORIENTED_EDGE('',*,*,#947,.F.);
#1226=ORIENTED_EDGE('',*,*,#948,.F.);
#1227=ORIENTED_EDGE('',*,*,#949,.F.);
#1228=ORIENTED_EDGE('',*,*,#950,.F.);
#1229=ORIENTED_EDGE('',*,*,#951,.F.);
#1230=ORIENTED_EDGE('',*,*,#952,.F.);
#1231=ORIENTED_EDGE('',*,*,#953,.F.);
#1232=ORIENTED_EDGE('',*,*,#954,.F.);
#1233=ORIENTED_EDGE('',*,*,#955,.F.);
#1234=ORIENTED_EDGE('',*,*,#956,.F.);
#1235=ORIENTED_EDGE('',*,*,#957,.F.);
#1236=ORIENTED_EDGE('',*,*,#958,.F.);
#1237=ORIENTED_EDGE('',*,*,#959,.T.);
#1238=ORIENTED_EDGE('',*,*,#934,.T.);
#1239=ORIENTED_EDGE('',*,*,#960,.T.);
#1240=ORIENTED_EDGE('',*,*,#961,.T.);
#1241=ORIENTED_EDGE('',*,*,#962,.T.);
#1242=ORIENTED_EDGE('',*,*,#963,.T.);
#1243=ORIENTED_EDGE('',*,*,#964,.T.);
#1244=ORIENTED_EDGE('',*,*,#965,.T.);
#1245=ORIENTED_EDGE('',*,*,#966,.F.);
#1246=ORIENTED_EDGE('',*,*,#945,.T.);
#1247=ORIENTED_EDGE('',*,*,#967,.T.);
#1248=ORIENTED_EDGE('',*,*,#968,.T.);
#1249=ORIENTED_EDGE('',*,*,#969,.T.);
#1250=ORIENTED_EDGE('',*,*,#970,.T.);
#1251=ORIENTED_EDGE('',*,*,#971,.T.);
#1252=ORIENTED_EDGE('',*,*,#972,.T.);
#1253=ORIENTED_EDGE('',*,*,#973,.T.);
#1254=ORIENTED_EDGE('',*,*,#950,.T.);
#1255=ORIENTED_EDGE('',*,*,#974,.T.);
#1256=ORIENTED_EDGE('',*,*,#975,.T.);
#1257=ORIENTED_EDGE('',*,*,#976,.T.);
#1258=ORIENTED_EDGE('',*,*,#977,.T.);
#1259=ORIENTED_EDGE('',*,*,#978,.T.);
#1260=ORIENTED_EDGE('',*,*,#979,.T.);
#1261=ORIENTED_EDGE('',*,*,#959,.F.);
#1262=ORIENTED_EDGE('',*,*,#980,.F.);
#1263=ORIENTED_EDGE('',*,*,#981,.F.);
#1264=ORIENTED_EDGE('',*,*,#982,.T.);
#1265=ORIENTED_EDGE('',*,*,#935,.T.);
#1266=ORIENTED_EDGE('',*,*,#982,.F.);
#1267=ORIENTED_EDGE('',*,*,#983,.T.);
#1268=ORIENTED_EDGE('',*,*,#984,.T.);
#1269=ORIENTED_EDGE('',*,*,#936,.T.);
#1270=ORIENTED_EDGE('',*,*,#948,.T.);
#1271=ORIENTED_EDGE('',*,*,#985,.T.);
#1272=ORIENTED_EDGE('',*,*,#986,.T.);
#1273=ORIENTED_EDGE('',*,*,#985,.F.);
#1274=ORIENTED_EDGE('',*,*,#987,.T.);
#1275=ORIENTED_EDGE('',*,*,#988,.T.);
#1276=ORIENTED_EDGE('',*,*,#989,.T.);
#1277=ORIENTED_EDGE('',*,*,#941,.T.);
#1278=ORIENTED_EDGE('',*,*,#990,.F.);
#1279=ORIENTED_EDGE('',*,*,#991,.T.);
#1280=ORIENTED_EDGE('',*,*,#992,.T.);
#1281=ORIENTED_EDGE('',*,*,#991,.F.);
#1282=ORIENTED_EDGE('',*,*,#993,.F.);
#1283=ORIENTED_EDGE('',*,*,#994,.T.);
#1284=ORIENTED_EDGE('',*,*,#995,.T.);
#1285=ORIENTED_EDGE('',*,*,#996,.F.);
#1286=ORIENTED_EDGE('',*,*,#997,.F.);
#1287=ORIENTED_EDGE('',*,*,#998,.T.);
#1288=ORIENTED_EDGE('',*,*,#999,.T.);
#1289=ORIENTED_EDGE('',*,*,#1000,.F.);
#1290=ORIENTED_EDGE('',*,*,#1001,.F.);
#1291=ORIENTED_EDGE('',*,*,#1002,.T.);
#1292=ORIENTED_EDGE('',*,*,#1003,.T.);
#1293=ORIENTED_EDGE('',*,*,#1004,.F.);
#1294=ORIENTED_EDGE('',*,*,#1005,.F.);
#1295=ORIENTED_EDGE('',*,*,#1006,.T.);
#1296=ORIENTED_EDGE('',*,*,#1007,.F.);
#1297=ORIENTED_EDGE('',*,*,#1008,.T.);
#1298=ORIENTED_EDGE('',*,*,#1009,.T.);
#1299=ORIENTED_EDGE('',*,*,#1010,.T.);
#1300=ORIENTED_EDGE('',*,*,#1011,.F.);
#1301=ORIENTED_EDGE('',*,*,#1012,.T.);
#1302=ORIENTED_EDGE('',*,*,#1013,.T.);
#1303=ORIENTED_EDGE('',*,*,#1014,.T.);
#1304=ORIENTED_EDGE('',*,*,#1015,.F.);
#1305=ORIENTED_EDGE('',*,*,#1006,.F.);
#1306=ORIENTED_EDGE('',*,*,#1016,.F.);
#1307=ORIENTED_EDGE('',*,*,#1017,.T.);
#1308=ORIENTED_EDGE('',*,*,#1018,.T.);
#1309=ORIENTED_EDGE('',*,*,#1019,.T.);
#1310=ORIENTED_EDGE('',*,*,#1020,.F.);
#1311=ORIENTED_EDGE('',*,*,#1021,.T.);
#1312=ORIENTED_EDGE('',*,*,#1022,.T.);
#1313=ORIENTED_EDGE('',*,*,#1017,.F.);
#1314=ORIENTED_EDGE('',*,*,#1023,.F.);
#1315=ORIENTED_EDGE('',*,*,#1024,.T.);
#1316=ORIENTED_EDGE('',*,*,#947,.T.);
#1317=ORIENTED_EDGE('',*,*,#1024,.F.);
#1318=ORIENTED_EDGE('',*,*,#1025,.F.);
#1319=ORIENTED_EDGE('',*,*,#1026,.T.);
#1320=ORIENTED_EDGE('',*,*,#949,.T.);
#1321=ORIENTED_EDGE('',*,*,#1026,.F.);
#1322=ORIENTED_EDGE('',*,*,#1027,.F.);
#1323=ORIENTED_EDGE('',*,*,#1028,.T.);
#1324=ORIENTED_EDGE('',*,*,#938,.T.);
#1325=ORIENTED_EDGE('',*,*,#1028,.F.);
#1326=ORIENTED_EDGE('',*,*,#1029,.F.);
#1327=ORIENTED_EDGE('',*,*,#1030,.T.);
#1328=ORIENTED_EDGE('',*,*,#958,.T.);
#1329=ORIENTED_EDGE('',*,*,#1030,.F.);
#1330=ORIENTED_EDGE('',*,*,#1031,.F.);
#1331=ORIENTED_EDGE('',*,*,#1032,.F.);
#1332=ORIENTED_EDGE('',*,*,#1033,.F.);
#1333=ORIENTED_EDGE('',*,*,#1034,.F.);
#1334=ORIENTED_EDGE('',*,*,#1035,.T.);
#1335=ORIENTED_EDGE('',*,*,#1036,.F.);
#1336=ORIENTED_EDGE('',*,*,#1037,.F.);
#1337=ORIENTED_EDGE('',*,*,#1038,.F.);
#1338=ORIENTED_EDGE('',*,*,#1039,.F.);
#1339=ORIENTED_EDGE('',*,*,#1040,.F.);
#1340=ORIENTED_EDGE('',*,*,#1041,.T.);
#1341=ORIENTED_EDGE('',*,*,#1042,.F.);
#1342=ORIENTED_EDGE('',*,*,#1043,.F.);
#1343=ORIENTED_EDGE('',*,*,#1009,.F.);
#1344=ORIENTED_EDGE('',*,*,#1044,.F.);
#1345=ORIENTED_EDGE('',*,*,#1045,.F.);
#1346=ORIENTED_EDGE('',*,*,#1046,.F.);
#1347=ORIENTED_EDGE('',*,*,#1003,.F.);
#1348=ORIENTED_EDGE('',*,*,#1047,.F.);
#1349=ORIENTED_EDGE('',*,*,#1013,.F.);
#1350=ORIENTED_EDGE('',*,*,#1048,.F.);
#1351=ORIENTED_EDGE('',*,*,#999,.F.);
#1352=ORIENTED_EDGE('',*,*,#1049,.F.);
#1353=ORIENTED_EDGE('',*,*,#1050,.F.);
#1354=ORIENTED_EDGE('',*,*,#1051,.T.);
#1355=ORIENTED_EDGE('',*,*,#1052,.T.);
#1356=ORIENTED_EDGE('',*,*,#1053,.T.);
#1357=ORIENTED_EDGE('',*,*,#1054,.T.);
#1358=ORIENTED_EDGE('',*,*,#1055,.T.);
#1359=ORIENTED_EDGE('',*,*,#1056,.F.);
#1360=ORIENTED_EDGE('',*,*,#1057,.T.);
#1361=ORIENTED_EDGE('',*,*,#1058,.T.);
#1362=ORIENTED_EDGE('',*,*,#1059,.T.);
#1363=ORIENTED_EDGE('',*,*,#1060,.T.);
#1364=ORIENTED_EDGE('',*,*,#1061,.T.);
#1365=ORIENTED_EDGE('',*,*,#1062,.T.);
#1366=ORIENTED_EDGE('',*,*,#1063,.T.);
#1367=ORIENTED_EDGE('',*,*,#1064,.T.);
#1368=ORIENTED_EDGE('',*,*,#1065,.T.);
#1369=ORIENTED_EDGE('',*,*,#1066,.T.);
#1370=ORIENTED_EDGE('',*,*,#983,.F.);
#1371=ORIENTED_EDGE('',*,*,#981,.T.);
#1372=ORIENTED_EDGE('',*,*,#1067,.T.);
#1373=ORIENTED_EDGE('',*,*,#1068,.T.);
#1374=ORIENTED_EDGE('',*,*,#1069,.T.);
#1375=ORIENTED_EDGE('',*,*,#1070,.T.);
#1376=ORIENTED_EDGE('',*,*,#1071,.T.);
#1377=ORIENTED_EDGE('',*,*,#1072,.T.);
#1378=ORIENTED_EDGE('',*,*,#1073,.T.);
#1379=ORIENTED_EDGE('',*,*,#1074,.F.);
#1380=ORIENTED_EDGE('',*,*,#1075,.T.);
#1381=ORIENTED_EDGE('',*,*,#988,.F.);
#1382=ORIENTED_EDGE('',*,*,#1076,.T.);
#1383=ORIENTED_EDGE('',*,*,#1077,.F.);
#1384=ORIENTED_EDGE('',*,*,#1078,.T.);
#1385=ORIENTED_EDGE('',*,*,#1079,.T.);
#1386=ORIENTED_EDGE('',*,*,#1080,.T.);
#1387=ORIENTED_EDGE('',*,*,#1081,.T.);
#1388=ORIENTED_EDGE('',*,*,#1082,.T.);
#1389=ORIENTED_EDGE('',*,*,#1083,.F.);
#1390=ORIENTED_EDGE('',*,*,#986,.F.);
#1391=ORIENTED_EDGE('',*,*,#992,.F.);
#1392=ORIENTED_EDGE('',*,*,#1084,.F.);
#1393=ORIENTED_EDGE('',*,*,#1085,.F.);
#1394=ORIENTED_EDGE('',*,*,#1086,.F.);
#1395=ORIENTED_EDGE('',*,*,#995,.F.);
#1396=ORIENTED_EDGE('',*,*,#1087,.F.);
#1397=ORIENTED_EDGE('',*,*,#1018,.F.);
#1398=ORIENTED_EDGE('',*,*,#1022,.F.);
#1399=ORIENTED_EDGE('',*,*,#1056,.T.);
#1400=ORIENTED_EDGE('',*,*,#1088,.T.);
#1401=ORIENTED_EDGE('',*,*,#954,.T.);
#1402=ORIENTED_EDGE('',*,*,#1089,.T.);
#1403=ORIENTED_EDGE('',*,*,#1090,.T.);
#1404=ORIENTED_EDGE('',*,*,#1091,.T.);
#1405=ORIENTED_EDGE('',*,*,#1092,.T.);
#1406=ORIENTED_EDGE('',*,*,#1093,.T.);
#1407=ORIENTED_EDGE('',*,*,#970,.F.);
#1408=ORIENTED_EDGE('',*,*,#1094,.T.);
#1409=ORIENTED_EDGE('',*,*,#1095,.T.);
#1410=ORIENTED_EDGE('',*,*,#1096,.T.);
#1411=ORIENTED_EDGE('',*,*,#1097,.T.);
#1412=ORIENTED_EDGE('',*,*,#1098,.T.);
#1413=ORIENTED_EDGE('',*,*,#963,.F.);
#1414=ORIENTED_EDGE('',*,*,#1099,.T.);
#1415=ORIENTED_EDGE('',*,*,#1100,.T.);
#1416=ORIENTED_EDGE('',*,*,#1101,.T.);
#1417=ORIENTED_EDGE('',*,*,#1102,.T.);
#1418=ORIENTED_EDGE('',*,*,#1103,.T.);
#1419=ORIENTED_EDGE('',*,*,#977,.F.);
#1420=ORIENTED_EDGE('',*,*,#1104,.T.);
#1421=ORIENTED_EDGE('',*,*,#1023,.T.);
#1422=ORIENTED_EDGE('',*,*,#1025,.T.);
#1423=ORIENTED_EDGE('',*,*,#1027,.T.);
#1424=ORIENTED_EDGE('',*,*,#990,.T.);
#1425=ORIENTED_EDGE('',*,*,#1029,.T.);
#1426=ORIENTED_EDGE('',*,*,#1105,.T.);
#1427=ORIENTED_EDGE('',*,*,#1106,.T.);
#1428=ORIENTED_EDGE('',*,*,#1107,.T.);
#1429=ORIENTED_EDGE('',*,*,#1108,.T.);
#1430=ORIENTED_EDGE('',*,*,#1109,.T.);
#1431=ORIENTED_EDGE('',*,*,#1110,.T.);
#1432=ORIENTED_EDGE('',*,*,#1111,.T.);
#1433=ORIENTED_EDGE('',*,*,#1112,.T.);
#1434=ORIENTED_EDGE('',*,*,#1113,.T.);
#1435=ORIENTED_EDGE('',*,*,#1114,.T.);
#1436=ORIENTED_EDGE('',*,*,#1115,.T.);
#1437=ORIENTED_EDGE('',*,*,#1090,.F.);
#1438=ORIENTED_EDGE('',*,*,#1116,.T.);
#1439=ORIENTED_EDGE('',*,*,#1117,.T.);
#1440=ORIENTED_EDGE('',*,*,#1118,.T.);
#1441=ORIENTED_EDGE('',*,*,#1102,.F.);
#1442=ORIENTED_EDGE('',*,*,#1119,.T.);
#1443=ORIENTED_EDGE('',*,*,#1120,.T.);
#1444=ORIENTED_EDGE('',*,*,#1121,.T.);
#1445=ORIENTED_EDGE('',*,*,#1100,.F.);
#1446=ORIENTED_EDGE('',*,*,#1122,.T.);
#1447=ORIENTED_EDGE('',*,*,#1123,.T.);
#1448=ORIENTED_EDGE('',*,*,#1124,.T.);
#1449=ORIENTED_EDGE('',*,*,#1097,.F.);
#1450=ORIENTED_EDGE('',*,*,#1125,.T.);
#1451=ORIENTED_EDGE('',*,*,#1126,.T.);
#1452=ORIENTED_EDGE('',*,*,#1127,.T.);
#1453=ORIENTED_EDGE('',*,*,#1095,.F.);
#1454=ORIENTED_EDGE('',*,*,#1016,.T.);
#1455=ORIENTED_EDGE('',*,*,#1005,.T.);
#1456=ORIENTED_EDGE('',*,*,#1047,.T.);
#1457=ORIENTED_EDGE('',*,*,#1002,.F.);
#1458=ORIENTED_EDGE('',*,*,#1128,.F.);
#1459=ORIENTED_EDGE('',*,*,#1014,.F.);
#1460=ORIENTED_EDGE('',*,*,#1129,.F.);
#1461=ORIENTED_EDGE('',*,*,#1130,.T.);
#1462=ORIENTED_EDGE('',*,*,#1044,.T.);
#1463=ORIENTED_EDGE('',*,*,#1008,.F.);
#1464=ORIENTED_EDGE('',*,*,#1007,.T.);
#1465=ORIENTED_EDGE('',*,*,#1015,.T.);
#1466=ORIENTED_EDGE('',*,*,#1128,.T.);
#1467=ORIENTED_EDGE('',*,*,#1001,.T.);
#1468=ORIENTED_EDGE('',*,*,#1131,.T.);
#1469=ORIENTED_EDGE('',*,*,#1132,.T.);
#1470=ORIENTED_EDGE('',*,*,#1129,.T.);
#1471=ORIENTED_EDGE('',*,*,#1045,.T.);
#1472=ORIENTED_EDGE('',*,*,#1130,.F.);
#1473=ORIENTED_EDGE('',*,*,#1132,.F.);
#1474=ORIENTED_EDGE('',*,*,#1133,.T.);
#1475=ORIENTED_EDGE('',*,*,#1046,.T.);
#1476=ORIENTED_EDGE('',*,*,#1133,.F.);
#1477=ORIENTED_EDGE('',*,*,#1131,.F.);
#1478=ORIENTED_EDGE('',*,*,#1004,.T.);
#1479=ORIENTED_EDGE('',*,*,#1043,.T.);
#1480=ORIENTED_EDGE('',*,*,#1134,.F.);
#1481=ORIENTED_EDGE('',*,*,#1135,.F.);
#1482=ORIENTED_EDGE('',*,*,#1010,.F.);
#1483=ORIENTED_EDGE('',*,*,#1136,.F.);
#1484=ORIENTED_EDGE('',*,*,#1000,.T.);
#1485=ORIENTED_EDGE('',*,*,#1048,.T.);
#1486=ORIENTED_EDGE('',*,*,#1012,.F.);
#1487=ORIENTED_EDGE('',*,*,#1011,.T.);
#1488=ORIENTED_EDGE('',*,*,#1135,.T.);
#1489=ORIENTED_EDGE('',*,*,#1137,.T.);
#1490=ORIENTED_EDGE('',*,*,#1138,.T.);
#1491=ORIENTED_EDGE('',*,*,#997,.T.);
#1492=ORIENTED_EDGE('',*,*,#1136,.T.);
#1493=ORIENTED_EDGE('',*,*,#1042,.T.);
#1494=ORIENTED_EDGE('',*,*,#1139,.T.);
#1495=ORIENTED_EDGE('',*,*,#1050,.T.);
#1496=ORIENTED_EDGE('',*,*,#1140,.F.);
#1497=ORIENTED_EDGE('',*,*,#1137,.F.);
#1498=ORIENTED_EDGE('',*,*,#1134,.T.);
#1499=ORIENTED_EDGE('',*,*,#1049,.T.);
#1500=ORIENTED_EDGE('',*,*,#998,.F.);
#1501=ORIENTED_EDGE('',*,*,#1138,.F.);
#1502=ORIENTED_EDGE('',*,*,#1140,.T.);
#1503=ORIENTED_EDGE('',*,*,#1087,.T.);
#1504=ORIENTED_EDGE('',*,*,#994,.F.);
#1505=ORIENTED_EDGE('',*,*,#1141,.F.);
#1506=ORIENTED_EDGE('',*,*,#1019,.F.);
#1507=ORIENTED_EDGE('',*,*,#1142,.F.);
#1508=ORIENTED_EDGE('',*,*,#1143,.T.);
#1509=ORIENTED_EDGE('',*,*,#1084,.T.);
#1510=ORIENTED_EDGE('',*,*,#1021,.F.);
#1511=ORIENTED_EDGE('',*,*,#1020,.T.);
#1512=ORIENTED_EDGE('',*,*,#1141,.T.);
#1513=ORIENTED_EDGE('',*,*,#993,.T.);
#1514=ORIENTED_EDGE('',*,*,#1144,.T.);
#1515=ORIENTED_EDGE('',*,*,#1145,.T.);
#1516=ORIENTED_EDGE('',*,*,#1142,.T.);
#1517=ORIENTED_EDGE('',*,*,#1085,.T.);
#1518=ORIENTED_EDGE('',*,*,#1143,.F.);
#1519=ORIENTED_EDGE('',*,*,#1145,.F.);
#1520=ORIENTED_EDGE('',*,*,#1146,.T.);
#1521=ORIENTED_EDGE('',*,*,#1086,.T.);
#1522=ORIENTED_EDGE('',*,*,#1146,.F.);
#1523=ORIENTED_EDGE('',*,*,#1144,.F.);
#1524=ORIENTED_EDGE('',*,*,#996,.T.);
#1525=ORIENTED_EDGE('',*,*,#1038,.T.);
#1526=ORIENTED_EDGE('',*,*,#1147,.T.);
#1527=ORIENTED_EDGE('',*,*,#1148,.F.);
#1528=ORIENTED_EDGE('',*,*,#1149,.T.);
#1529=ORIENTED_EDGE('',*,*,#1107,.F.);
#1530=ORIENTED_EDGE('',*,*,#1150,.T.);
#1531=ORIENTED_EDGE('',*,*,#1040,.T.);
#1532=ORIENTED_EDGE('',*,*,#1151,.F.);
#1533=ORIENTED_EDGE('',*,*,#1152,.F.);
#1534=ORIENTED_EDGE('',*,*,#1036,.T.);
#1535=ORIENTED_EDGE('',*,*,#1153,.T.);
#1536=ORIENTED_EDGE('',*,*,#1109,.F.);
#1537=ORIENTED_EDGE('',*,*,#1154,.F.);
#1538=ORIENTED_EDGE('',*,*,#1155,.T.);
#1539=ORIENTED_EDGE('',*,*,#1148,.T.);
#1540=ORIENTED_EDGE('',*,*,#1156,.F.);
#1541=ORIENTED_EDGE('',*,*,#1154,.T.);
#1542=ORIENTED_EDGE('',*,*,#1108,.F.);
#1543=ORIENTED_EDGE('',*,*,#1152,.T.);
#1544=ORIENTED_EDGE('',*,*,#1157,.F.);
#1545=ORIENTED_EDGE('',*,*,#1032,.T.);
#1546=ORIENTED_EDGE('',*,*,#1158,.T.);
#1547=ORIENTED_EDGE('',*,*,#1159,.F.);
#1548=ORIENTED_EDGE('',*,*,#1160,.T.);
#1549=ORIENTED_EDGE('',*,*,#1111,.F.);
#1550=ORIENTED_EDGE('',*,*,#1161,.T.);
#1551=ORIENTED_EDGE('',*,*,#1034,.T.);
#1552=ORIENTED_EDGE('',*,*,#1162,.F.);
#1553=ORIENTED_EDGE('',*,*,#1163,.F.);
#1554=ORIENTED_EDGE('',*,*,#1083,.T.);
#1555=ORIENTED_EDGE('',*,*,#1164,.T.);
#1556=ORIENTED_EDGE('',*,*,#1113,.F.);
#1557=ORIENTED_EDGE('',*,*,#1165,.F.);
#1558=ORIENTED_EDGE('',*,*,#1166,.T.);
#1559=ORIENTED_EDGE('',*,*,#1159,.T.);
#1560=ORIENTED_EDGE('',*,*,#1167,.F.);
#1561=ORIENTED_EDGE('',*,*,#1165,.T.);
#1562=ORIENTED_EDGE('',*,*,#1112,.F.);
#1563=ORIENTED_EDGE('',*,*,#1163,.T.);
#1564=ORIENTED_EDGE('',*,*,#1168,.F.);
#1565=ORIENTED_EDGE('',*,*,#1121,.F.);
#1566=ORIENTED_EDGE('',*,*,#1169,.T.);
#1567=ORIENTED_EDGE('',*,*,#1116,.F.);
#1568=ORIENTED_EDGE('',*,*,#1101,.F.);
#1569=ORIENTED_EDGE('',*,*,#1127,.F.);
#1570=ORIENTED_EDGE('',*,*,#1170,.T.);
#1571=ORIENTED_EDGE('',*,*,#1122,.F.);
#1572=ORIENTED_EDGE('',*,*,#1096,.F.);
#1573=ORIENTED_EDGE('',*,*,#1118,.F.);
#1574=ORIENTED_EDGE('',*,*,#1171,.T.);
#1575=ORIENTED_EDGE('',*,*,#978,.F.);
#1576=ORIENTED_EDGE('',*,*,#1103,.F.);
#1577=ORIENTED_EDGE('',*,*,#962,.F.);
#1578=ORIENTED_EDGE('',*,*,#1172,.T.);
#1579=ORIENTED_EDGE('',*,*,#1119,.F.);
#1580=ORIENTED_EDGE('',*,*,#1099,.F.);
#1581=ORIENTED_EDGE('',*,*,#1124,.F.);
#1582=ORIENTED_EDGE('',*,*,#1173,.T.);
#1583=ORIENTED_EDGE('',*,*,#964,.F.);
#1584=ORIENTED_EDGE('',*,*,#1098,.F.);
#1585=ORIENTED_EDGE('',*,*,#969,.F.);
#1586=ORIENTED_EDGE('',*,*,#1174,.T.);
#1587=ORIENTED_EDGE('',*,*,#1125,.F.);
#1588=ORIENTED_EDGE('',*,*,#1094,.F.);
#1589=ORIENTED_EDGE('',*,*,#976,.F.);
#1590=ORIENTED_EDGE('',*,*,#1175,.T.);
#1591=ORIENTED_EDGE('',*,*,#1105,.F.);
#1592=ORIENTED_EDGE('',*,*,#1104,.F.);
#1593=ORIENTED_EDGE('',*,*,#1176,.T.);
#1594=ORIENTED_EDGE('',*,*,#1177,.T.);
#1595=ORIENTED_EDGE('',*,*,#1178,.T.);
#1596=ORIENTED_EDGE('',*,*,#1092,.F.);
#1597=ORIENTED_EDGE('',*,*,#1115,.F.);
#1598=ORIENTED_EDGE('',*,*,#1179,.T.);
#1599=ORIENTED_EDGE('',*,*,#1176,.F.);
#1600=ORIENTED_EDGE('',*,*,#1091,.F.);
#1601=ORIENTED_EDGE('',*,*,#1178,.F.);
#1602=ORIENTED_EDGE('',*,*,#1180,.T.);
#1603=ORIENTED_EDGE('',*,*,#971,.F.);
#1604=ORIENTED_EDGE('',*,*,#1093,.F.);
#1605=ORIENTED_EDGE('',*,*,#1077,.T.);
#1606=ORIENTED_EDGE('',*,*,#1181,.T.);
#1607=ORIENTED_EDGE('',*,*,#939,.T.);
#1608=ORIENTED_EDGE('',*,*,#1182,.T.);
#1609=ORIENTED_EDGE('',*,*,#1183,.F.);
#1610=ORIENTED_EDGE('',*,*,#1074,.T.);
#1611=ORIENTED_EDGE('',*,*,#1184,.T.);
#1612=ORIENTED_EDGE('',*,*,#943,.T.);
#1613=ORIENTED_EDGE('',*,*,#1058,.F.);
#1614=ORIENTED_EDGE('',*,*,#1185,.T.);
#1615=ORIENTED_EDGE('',*,*,#952,.T.);
#1616=ORIENTED_EDGE('',*,*,#1186,.F.);
#1617=ORIENTED_EDGE('',*,*,#1187,.F.);
#1618=ORIENTED_EDGE('',*,*,#1054,.F.);
#1619=ORIENTED_EDGE('',*,*,#1188,.T.);
#1620=ORIENTED_EDGE('',*,*,#956,.T.);
#1621=ORIENTED_EDGE('',*,*,#1059,.F.);
#1622=ORIENTED_EDGE('',*,*,#1189,.T.);
#1623=ORIENTED_EDGE('',*,*,#979,.F.);
#1624=ORIENTED_EDGE('',*,*,#1190,.F.);
#1625=ORIENTED_EDGE('',*,*,#1190,.T.);
#1626=ORIENTED_EDGE('',*,*,#1171,.F.);
#1627=ORIENTED_EDGE('',*,*,#1191,.F.);
#1628=ORIENTED_EDGE('',*,*,#1060,.F.);
#1629=ORIENTED_EDGE('',*,*,#1191,.T.);
#1630=ORIENTED_EDGE('',*,*,#1117,.F.);
#1631=ORIENTED_EDGE('',*,*,#1192,.F.);
#1632=ORIENTED_EDGE('',*,*,#1061,.F.);
#1633=ORIENTED_EDGE('',*,*,#1192,.T.);
#1634=ORIENTED_EDGE('',*,*,#1169,.F.);
#1635=ORIENTED_EDGE('',*,*,#1193,.F.);
#1636=ORIENTED_EDGE('',*,*,#1062,.F.);
#1637=ORIENTED_EDGE('',*,*,#1193,.T.);
#1638=ORIENTED_EDGE('',*,*,#1120,.F.);
#1639=ORIENTED_EDGE('',*,*,#1194,.F.);
#1640=ORIENTED_EDGE('',*,*,#1063,.F.);
#1641=ORIENTED_EDGE('',*,*,#1194,.T.);
#1642=ORIENTED_EDGE('',*,*,#1172,.F.);
#1643=ORIENTED_EDGE('',*,*,#1195,.F.);
#1644=ORIENTED_EDGE('',*,*,#1064,.F.);
#1645=ORIENTED_EDGE('',*,*,#961,.F.);
#1646=ORIENTED_EDGE('',*,*,#1196,.T.);
#1647=ORIENTED_EDGE('',*,*,#1065,.F.);
#1648=ORIENTED_EDGE('',*,*,#1195,.T.);
#1649=ORIENTED_EDGE('',*,*,#1150,.F.);
#1650=ORIENTED_EDGE('',*,*,#1106,.F.);
#1651=ORIENTED_EDGE('',*,*,#1197,.F.);
#1652=ORIENTED_EDGE('',*,*,#1051,.F.);
#1653=ORIENTED_EDGE('',*,*,#1139,.F.);
#1654=ORIENTED_EDGE('',*,*,#1041,.F.);
#1655=ORIENTED_EDGE('',*,*,#1197,.T.);
#1656=ORIENTED_EDGE('',*,*,#1175,.F.);
#1657=ORIENTED_EDGE('',*,*,#1198,.F.);
#1658=ORIENTED_EDGE('',*,*,#1052,.F.);
#1659=ORIENTED_EDGE('',*,*,#975,.F.);
#1660=ORIENTED_EDGE('',*,*,#1199,.T.);
#1661=ORIENTED_EDGE('',*,*,#1053,.F.);
#1662=ORIENTED_EDGE('',*,*,#1198,.T.);
#1663=ORIENTED_EDGE('',*,*,#1153,.F.);
#1664=ORIENTED_EDGE('',*,*,#1035,.F.);
#1665=ORIENTED_EDGE('',*,*,#1161,.F.);
#1666=ORIENTED_EDGE('',*,*,#1110,.F.);
#1667=ORIENTED_EDGE('',*,*,#1078,.F.);
#1668=ORIENTED_EDGE('',*,*,#1200,.T.);
#1669=ORIENTED_EDGE('',*,*,#972,.F.);
#1670=ORIENTED_EDGE('',*,*,#1201,.F.);
#1671=ORIENTED_EDGE('',*,*,#1201,.T.);
#1672=ORIENTED_EDGE('',*,*,#1180,.F.);
#1673=ORIENTED_EDGE('',*,*,#1202,.F.);
#1674=ORIENTED_EDGE('',*,*,#1079,.F.);
#1675=ORIENTED_EDGE('',*,*,#1202,.T.);
#1676=ORIENTED_EDGE('',*,*,#1177,.F.);
#1677=ORIENTED_EDGE('',*,*,#1203,.F.);
#1678=ORIENTED_EDGE('',*,*,#1080,.F.);
#1679=ORIENTED_EDGE('',*,*,#1203,.T.);
#1680=ORIENTED_EDGE('',*,*,#1179,.F.);
#1681=ORIENTED_EDGE('',*,*,#1204,.F.);
#1682=ORIENTED_EDGE('',*,*,#1081,.F.);
#1683=ORIENTED_EDGE('',*,*,#1164,.F.);
#1684=ORIENTED_EDGE('',*,*,#1082,.F.);
#1685=ORIENTED_EDGE('',*,*,#1204,.T.);
#1686=ORIENTED_EDGE('',*,*,#1114,.F.);
#1687=ORIENTED_EDGE('',*,*,#1067,.F.);
#1688=ORIENTED_EDGE('',*,*,#980,.T.);
#1689=ORIENTED_EDGE('',*,*,#965,.F.);
#1690=ORIENTED_EDGE('',*,*,#1205,.F.);
#1691=ORIENTED_EDGE('',*,*,#1205,.T.);
#1692=ORIENTED_EDGE('',*,*,#1173,.F.);
#1693=ORIENTED_EDGE('',*,*,#1206,.F.);
#1694=ORIENTED_EDGE('',*,*,#1068,.F.);
#1695=ORIENTED_EDGE('',*,*,#1206,.T.);
#1696=ORIENTED_EDGE('',*,*,#1123,.F.);
#1697=ORIENTED_EDGE('',*,*,#1207,.F.);
#1698=ORIENTED_EDGE('',*,*,#1069,.F.);
#1699=ORIENTED_EDGE('',*,*,#1207,.T.);
#1700=ORIENTED_EDGE('',*,*,#1170,.F.);
#1701=ORIENTED_EDGE('',*,*,#1208,.F.);
#1702=ORIENTED_EDGE('',*,*,#1070,.F.);
#1703=ORIENTED_EDGE('',*,*,#1208,.T.);
#1704=ORIENTED_EDGE('',*,*,#1126,.F.);
#1705=ORIENTED_EDGE('',*,*,#1209,.F.);
#1706=ORIENTED_EDGE('',*,*,#1071,.F.);
#1707=ORIENTED_EDGE('',*,*,#1209,.T.);
#1708=ORIENTED_EDGE('',*,*,#1174,.F.);
#1709=ORIENTED_EDGE('',*,*,#1210,.F.);
#1710=ORIENTED_EDGE('',*,*,#1072,.F.);
#1711=ORIENTED_EDGE('',*,*,#968,.F.);
#1712=ORIENTED_EDGE('',*,*,#1211,.T.);
#1713=ORIENTED_EDGE('',*,*,#1073,.F.);
#1714=ORIENTED_EDGE('',*,*,#1210,.T.);
#1715=ORIENTED_EDGE('',*,*,#989,.F.);
#1716=ORIENTED_EDGE('',*,*,#1075,.F.);
#1717=ORIENTED_EDGE('',*,*,#1183,.T.);
#1718=ORIENTED_EDGE('',*,*,#942,.T.);
#1719=ORIENTED_EDGE('',*,*,#1184,.F.);
#1720=ORIENTED_EDGE('',*,*,#1211,.F.);
#1721=ORIENTED_EDGE('',*,*,#967,.F.);
#1722=ORIENTED_EDGE('',*,*,#944,.T.);
#1723=ORIENTED_EDGE('',*,*,#1181,.F.);
#1724=ORIENTED_EDGE('',*,*,#1076,.F.);
#1725=ORIENTED_EDGE('',*,*,#987,.F.);
#1726=ORIENTED_EDGE('',*,*,#940,.T.);
#1727=ORIENTED_EDGE('',*,*,#966,.T.);
#1728=ORIENTED_EDGE('',*,*,#1200,.F.);
#1729=ORIENTED_EDGE('',*,*,#1182,.F.);
#1730=ORIENTED_EDGE('',*,*,#946,.T.);
#1731=ORIENTED_EDGE('',*,*,#1088,.F.);
#1732=ORIENTED_EDGE('',*,*,#1055,.F.);
#1733=ORIENTED_EDGE('',*,*,#1187,.T.);
#1734=ORIENTED_EDGE('',*,*,#955,.T.);
#1735=ORIENTED_EDGE('',*,*,#1185,.F.);
#1736=ORIENTED_EDGE('',*,*,#1057,.F.);
#1737=ORIENTED_EDGE('',*,*,#1089,.F.);
#1738=ORIENTED_EDGE('',*,*,#953,.T.);
#1739=ORIENTED_EDGE('',*,*,#973,.F.);
#1740=ORIENTED_EDGE('',*,*,#1189,.F.);
#1741=ORIENTED_EDGE('',*,*,#1186,.T.);
#1742=ORIENTED_EDGE('',*,*,#951,.T.);
#1743=ORIENTED_EDGE('',*,*,#1188,.F.);
#1744=ORIENTED_EDGE('',*,*,#1199,.F.);
#1745=ORIENTED_EDGE('',*,*,#974,.F.);
#1746=ORIENTED_EDGE('',*,*,#957,.T.);
#1747=ORIENTED_EDGE('',*,*,#984,.F.);
#1748=ORIENTED_EDGE('',*,*,#1066,.F.);
#1749=ORIENTED_EDGE('',*,*,#1196,.F.);
#1750=ORIENTED_EDGE('',*,*,#960,.F.);
#1751=ORIENTED_EDGE('',*,*,#937,.T.);
#1752=ORIENTED_EDGE('',*,*,#1031,.T.);
#1753=ORIENTED_EDGE('',*,*,#1166,.F.);
#1754=ORIENTED_EDGE('',*,*,#1167,.T.);
#1755=ORIENTED_EDGE('',*,*,#1158,.F.);
#1756=ORIENTED_EDGE('',*,*,#1168,.T.);
#1757=ORIENTED_EDGE('',*,*,#1162,.T.);
#1758=ORIENTED_EDGE('',*,*,#1033,.T.);
#1759=ORIENTED_EDGE('',*,*,#1160,.F.);
#1760=ORIENTED_EDGE('',*,*,#1037,.T.);
#1761=ORIENTED_EDGE('',*,*,#1155,.F.);
#1762=ORIENTED_EDGE('',*,*,#1156,.T.);
#1763=ORIENTED_EDGE('',*,*,#1147,.F.);
#1764=ORIENTED_EDGE('',*,*,#1157,.T.);
#1765=ORIENTED_EDGE('',*,*,#1151,.T.);
#1766=ORIENTED_EDGE('',*,*,#1039,.T.);
#1767=ORIENTED_EDGE('',*,*,#1149,.F.);
#1768=PLANE('',#1928);
#1769=PLANE('',#1933);
#1770=PLANE('',#1940);
#1771=PLANE('',#1943);
#1772=PLANE('',#1950);
#1773=PLANE('',#1951);
#1774=PLANE('',#1952);
#1775=PLANE('',#1994);
#1776=PLANE('',#2020);
#1777=PLANE('',#2031);
#1778=PLANE('',#2032);
#1779=PLANE('',#2033);
#1780=PLANE('',#2034);
#1781=PLANE('',#2035);
#1782=PLANE('',#2036);
#1783=PLANE('',#2037);
#1784=PLANE('',#2038);
#1785=PLANE('',#2039);
#1786=PLANE('',#2040);
#1787=PLANE('',#2043);
#1788=PLANE('',#2044);
#1789=PLANE('',#2045);
#1790=PLANE('',#2046);
#1791=PLANE('',#2050);
#1792=PLANE('',#2051);
#1793=PLANE('',#2052);
#1794=PLANE('',#2053);
#1795=PLANE('',#2056);
#1796=PLANE('',#2057);
#1797=PLANE('',#2058);
#1798=PLANE('',#2059);
#1799=PLANE('',#2060);
#1800=PLANE('',#2063);
#1801=PLANE('',#2064);
#1802=PLANE('',#2065);
#1803=PLANE('',#2066);
#1804=PLANE('',#2089);
#1805=PLANE('',#2090);
#1806=PLANE('',#2091);
#1807=PLANE('',#2092);
#1808=PLANE('',#2093);
#1809=PLANE('',#2096);
#1810=PLANE('',#2098);
#1811=PLANE('',#2100);
#1812=PLANE('',#2102);
#1813=PLANE('',#2104);
#1814=PLANE('',#2106);
#1815=PLANE('',#2107);
#1816=PLANE('',#2112);
#1817=PLANE('',#2113);
#1818=PLANE('',#2115);
#1819=PLANE('',#2117);
#1820=PLANE('',#2119);
#1821=ADVANCED_FACE('',(#89,#77),#1768,.T.);
#1822=ADVANCED_FACE('',(#90,#78),#1769,.T.);
#1823=ADVANCED_FACE('',(#91,#79),#1770,.T.);
#1824=ADVANCED_FACE('',(#92,#80),#1771,.T.);
#1825=ADVANCED_FACE('',(#93),#1772,.F.);
#1826=ADVANCED_FACE('',(#94),#1773,.F.);
#1827=ADVANCED_FACE('',(#95),#1774,.F.);
#1828=ADVANCED_FACE('',(#96),#36,.T.);
#1829=ADVANCED_FACE('',(#97),#37,.F.);
#1830=ADVANCED_FACE('',(#98),#38,.F.);
#1831=ADVANCED_FACE('',(#99),#39,.F.);
#1832=ADVANCED_FACE('',(#100),#40,.F.);
#1833=ADVANCED_FACE('',(#101),#41,.F.);
#1834=ADVANCED_FACE('',(#102),#42,.F.);
#1835=ADVANCED_FACE('',(#103),#43,.F.);
#1836=ADVANCED_FACE('',(#104),#44,.F.);
#1837=ADVANCED_FACE('',(#105),#45,.F.);
#1838=ADVANCED_FACE('',(#106),#46,.F.);
#1839=ADVANCED_FACE('',(#107),#47,.F.);
#1840=ADVANCED_FACE('',(#108),#48,.F.);
#1841=ADVANCED_FACE('',(#109),#49,.F.);
#1842=ADVANCED_FACE('',(#110,#81,#82,#83),#1775,.T.);
#1843=ADVANCED_FACE('',(#111),#50,.F.);
#1844=ADVANCED_FACE('',(#112,#84,#85,#86,#87,#88),#1776,.F.);
#1845=ADVANCED_FACE('',(#113),#1777,.F.);
#1846=ADVANCED_FACE('',(#114),#1778,.F.);
#1847=ADVANCED_FACE('',(#115),#1779,.F.);
#1848=ADVANCED_FACE('',(#116),#1780,.F.);
#1849=ADVANCED_FACE('',(#117),#1781,.F.);
#1850=ADVANCED_FACE('',(#118),#1782,.T.);
#1851=ADVANCED_FACE('',(#119),#1783,.T.);
#1852=ADVANCED_FACE('',(#120),#1784,.F.);
#1853=ADVANCED_FACE('',(#121),#1785,.F.);
#1854=ADVANCED_FACE('',(#122),#1786,.T.);
#1855=ADVANCED_FACE('',(#123),#51,.F.);
#1856=ADVANCED_FACE('',(#124),#1787,.F.);
#1857=ADVANCED_FACE('',(#125),#1788,.F.);
#1858=ADVANCED_FACE('',(#126),#1789,.F.);
#1859=ADVANCED_FACE('',(#127),#1790,.T.);
#1860=ADVANCED_FACE('',(#128),#52,.F.);
#1861=ADVANCED_FACE('',(#129),#1791,.F.);
#1862=ADVANCED_FACE('',(#130),#1792,.F.);
#1863=ADVANCED_FACE('',(#131),#1793,.F.);
#1864=ADVANCED_FACE('',(#132),#1794,.T.);
#1865=ADVANCED_FACE('',(#133),#53,.F.);
#1866=ADVANCED_FACE('',(#134),#1795,.F.);
#1867=ADVANCED_FACE('',(#135),#1796,.F.);
#1868=ADVANCED_FACE('',(#136),#1797,.F.);
#1869=ADVANCED_FACE('',(#137),#1798,.F.);
#1870=ADVANCED_FACE('',(#138),#1799,.T.);
#1871=ADVANCED_FACE('',(#139),#1800,.F.);
#1872=ADVANCED_FACE('',(#140),#1801,.F.);
#1873=ADVANCED_FACE('',(#141),#1802,.F.);
#1874=ADVANCED_FACE('',(#142),#1803,.T.);
#1875=ADVANCED_FACE('',(#143),#54,.F.);
#1876=ADVANCED_FACE('',(#144),#55,.F.);
#1877=ADVANCED_FACE('',(#145),#56,.T.);
#1878=ADVANCED_FACE('',(#146),#57,.T.);
#1879=ADVANCED_FACE('',(#147),#58,.T.);
#1880=ADVANCED_FACE('',(#148),#59,.T.);
#1881=ADVANCED_FACE('',(#149),#60,.T.);
#1882=ADVANCED_FACE('',(#150),#61,.F.);
#1883=ADVANCED_FACE('',(#151),#62,.T.);
#1884=ADVANCED_FACE('',(#152),#63,.T.);
#1885=ADVANCED_FACE('',(#153),#1804,.F.);
#1886=ADVANCED_FACE('',(#154),#1805,.F.);
#1887=ADVANCED_FACE('',(#155),#1806,.T.);
#1888=ADVANCED_FACE('',(#156),#1807,.T.);
#1889=ADVANCED_FACE('',(#157),#1808,.T.);
#1890=ADVANCED_FACE('',(#158),#19,.T.);
#1891=ADVANCED_FACE('',(#159),#1809,.T.);
#1892=ADVANCED_FACE('',(#160),#20,.F.);
#1893=ADVANCED_FACE('',(#161),#1810,.T.);
#1894=ADVANCED_FACE('',(#162),#21,.T.);
#1895=ADVANCED_FACE('',(#163),#1811,.T.);
#1896=ADVANCED_FACE('',(#164),#1812,.T.);
#1897=ADVANCED_FACE('',(#165),#22,.T.);
#1898=ADVANCED_FACE('',(#166),#1813,.T.);
#1899=ADVANCED_FACE('',(#167),#1814,.T.);
#1900=ADVANCED_FACE('',(#168),#1815,.T.);
#1901=ADVANCED_FACE('',(#169),#23,.T.);
#1902=ADVANCED_FACE('',(#170),#24,.F.);
#1903=ADVANCED_FACE('',(#171),#25,.T.);
#1904=ADVANCED_FACE('',(#172),#1816,.T.);
#1905=ADVANCED_FACE('',(#173),#1817,.T.);
#1906=ADVANCED_FACE('',(#174),#26,.T.);
#1907=ADVANCED_FACE('',(#175),#1818,.T.);
#1908=ADVANCED_FACE('',(#176),#27,.F.);
#1909=ADVANCED_FACE('',(#177),#1819,.T.);
#1910=ADVANCED_FACE('',(#178),#28,.T.);
#1911=ADVANCED_FACE('',(#179),#1820,.T.);
#1912=ADVANCED_FACE('',(#180),#64,.T.);
#1913=ADVANCED_FACE('',(#181),#65,.T.);
#1914=ADVANCED_FACE('',(#182),#66,.T.);
#1915=ADVANCED_FACE('',(#183),#67,.T.);
#1916=ADVANCED_FACE('',(#184),#68,.T.);
#1917=ADVANCED_FACE('',(#185),#69,.T.);
#1918=ADVANCED_FACE('',(#186),#70,.T.);
#1919=ADVANCED_FACE('',(#187),#71,.T.);
#1920=ADVANCED_FACE('',(#188),#72,.T.);
#1921=ADVANCED_FACE('',(#189),#73,.F.);
#1922=ADVANCED_FACE('',(#190),#74,.F.);
#1923=ADVANCED_FACE('',(#191),#75,.F.);
#1924=ADVANCED_FACE('',(#192),#76,.F.);
#1925=CLOSED_SHELL('',(#1821,#1822,#1823,#1824,#1825,#1826,#1827,#1828,
#1829,#1830,#1831,#1832,#1833,#1834,#1835,#1836,#1837,#1838,#1839,#1840,
#1841,#1842,#1843,#1844,#1845,#1846,#1847,#1848,#1849,#1850,#1851,#1852,
#1853,#1854,#1855,#1856,#1857,#1858,#1859,#1860,#1861,#1862,#1863,#1864,
#1865,#1866,#1867,#1868,#1869,#1870,#1871,#1872,#1873,#1874,#1875,#1876,
#1877,#1878,#1879,#1880,#1881,#1882,#1883,#1884,#1885,#1886,#1887,#1888,
#1889,#1890,#1891,#1892,#1893,#1894,#1895,#1896,#1897,#1898,#1899,#1900,
#1901,#1902,#1903,#1904,#1905,#1906,#1907,#1908,#1909,#1910,#1911,#1912,
#1913,#1914,#1915,#1916,#1917,#1918,#1919,#1920,#1921,#1922,#1923,#1924));
#1926=AXIS2_PLACEMENT_3D('',#2729,#2135,#2136);
#1927=AXIS2_PLACEMENT_3D('',#2730,#2137,#2138);
#1928=AXIS2_PLACEMENT_3D('',#2731,#2139,#2140);
#1929=AXIS2_PLACEMENT_3D('',#2736,#2142,#2143);
#1930=AXIS2_PLACEMENT_3D('',#2738,#2144,#2145);
#1931=AXIS2_PLACEMENT_3D('',#2739,#2146,#2147);
#1932=AXIS2_PLACEMENT_3D('',#2741,#2148,#2149);
#1933=AXIS2_PLACEMENT_3D('',#2742,#2150,#2151);
#1934=AXIS2_PLACEMENT_3D('',#2747,#2153,#2154);
#1935=AXIS2_PLACEMENT_3D('',#2749,#2155,#2156);
#1936=AXIS2_PLACEMENT_3D('',#2751,#2157,#2158);
#1937=AXIS2_PLACEMENT_3D('',#2755,#2160,#2161);
#1938=AXIS2_PLACEMENT_3D('',#2758,#2163,#2164);
#1939=AXIS2_PLACEMENT_3D('',#2760,#2165,#2166);
#1940=AXIS2_PLACEMENT_3D('',#2761,#2167,#2168);
#1941=AXIS2_PLACEMENT_3D('',#2763,#2169,#2170);
#1942=AXIS2_PLACEMENT_3D('',#2765,#2171,#2172);
#1943=AXIS2_PLACEMENT_3D('',#2766,#2173,#2174);
#1944=AXIS2_PLACEMENT_3D('',#2771,#2176,#2177);
#1945=AXIS2_PLACEMENT_3D('',#2775,#2179,#2180);
#1946=AXIS2_PLACEMENT_3D('',#2777,#2181,#2182);
#1947=AXIS2_PLACEMENT_3D('',#2779,#2183,#2184);
#1948=AXIS2_PLACEMENT_3D('',#2782,#2186,#2187);
#1949=AXIS2_PLACEMENT_3D('',#2784,#2188,#2189);
#1950=AXIS2_PLACEMENT_3D('',#2785,#2190,#2191);
#1951=AXIS2_PLACEMENT_3D('',#2799,#2199,#2200);
#1952=AXIS2_PLACEMENT_3D('',#2813,#2208,#2209);
#1953=AXIS2_PLACEMENT_3D('',#2827,#2217,#2218);
#1954=AXIS2_PLACEMENT_3D('',#2829,#2219,#2220);
#1955=AXIS2_PLACEMENT_3D('',#2831,#2221,#2222);
#1956=AXIS2_PLACEMENT_3D('',#2833,#2224,#2225);
#1957=AXIS2_PLACEMENT_3D('',#2835,#2226,#2227);
#1958=AXIS2_PLACEMENT_3D('',#2837,#2229,#2230);
#1959=AXIS2_PLACEMENT_3D('',#2840,#2232,#2233);
#1960=AXIS2_PLACEMENT_3D('',#2841,#2234,#2235);
#1961=AXIS2_PLACEMENT_3D('',#2845,#2237,#2238);
#1962=AXIS2_PLACEMENT_3D('',#2847,#2240,#2241);
#1963=AXIS2_PLACEMENT_3D('',#2849,#2242,#2243);
#1964=AXIS2_PLACEMENT_3D('',#2852,#2245,#2246);
#1965=AXIS2_PLACEMENT_3D('',#2853,#2247,#2248);
#1966=AXIS2_PLACEMENT_3D('',#2856,#2249,#2250);
#1967=AXIS2_PLACEMENT_3D('',#2860,#2252,#2253);
#1968=AXIS2_PLACEMENT_3D('',#2862,#2255,#2256);
#1969=AXIS2_PLACEMENT_3D('',#2865,#2257,#2258);
#1970=AXIS2_PLACEMENT_3D('',#2869,#2260,#2261);
#1971=AXIS2_PLACEMENT_3D('',#2871,#2263,#2264);
#1972=AXIS2_PLACEMENT_3D('',#2874,#2265,#2266);
#1973=AXIS2_PLACEMENT_3D('',#2878,#2268,#2269);
#1974=AXIS2_PLACEMENT_3D('',#2880,#2271,#2272);
#1975=AXIS2_PLACEMENT_3D('',#2882,#2273,#2274);
#1976=AXIS2_PLACEMENT_3D('',#2886,#2276,#2277);
#1977=AXIS2_PLACEMENT_3D('',#2890,#2279,#2280);
#1978=AXIS2_PLACEMENT_3D('',#2894,#2282,#2283);
#1979=AXIS2_PLACEMENT_3D('',#2898,#2285,#2286);
#1980=AXIS2_PLACEMENT_3D('',#2901,#2288,#2289);
#1981=AXIS2_PLACEMENT_3D('',#2902,#2290,#2291);
#1982=AXIS2_PLACEMENT_3D('',#2904,#2292,#2293);
#1983=AXIS2_PLACEMENT_3D('',#2908,#2295,#2296);
#1984=AXIS2_PLACEMENT_3D('',#2912,#2298,#2299);
#1985=AXIS2_PLACEMENT_3D('',#2915,#2301,#2302);
#1986=AXIS2_PLACEMENT_3D('',#2916,#2303,#2304);
#1987=AXIS2_PLACEMENT_3D('',#2918,#2305,#2306);
#1988=AXIS2_PLACEMENT_3D('',#2920,#2308,#2309);
#1989=AXIS2_PLACEMENT_3D('',#2922,#2310,#2311);
#1990=AXIS2_PLACEMENT_3D('',#2924,#2313,#2314);
#1991=AXIS2_PLACEMENT_3D('',#2926,#2315,#2316);
#1992=AXIS2_PLACEMENT_3D('',#2928,#2318,#2319);
#1993=AXIS2_PLACEMENT_3D('',#2930,#2320,#2321);
#1994=AXIS2_PLACEMENT_3D('',#2932,#2323,#2324);
#1995=AXIS2_PLACEMENT_3D('',#2935,#2325,#2326);
#1996=AXIS2_PLACEMENT_3D('',#2939,#2328,#2329);
#1997=AXIS2_PLACEMENT_3D('',#2947,#2333,#2334);
#1998=AXIS2_PLACEMENT_3D('',#2951,#2336,#2337);
#1999=AXIS2_PLACEMENT_3D('',#2957,#2340,#2341);
#2000=AXIS2_PLACEMENT_3D('',#2962,#2344,#2345);
#2001=AXIS2_PLACEMENT_3D('',#2969,#2350,#2351);
#2002=AXIS2_PLACEMENT_3D('',#2973,#2353,#2354);
#2003=AXIS2_PLACEMENT_3D('',#2979,#2357,#2358);
#2004=AXIS2_PLACEMENT_3D('',#2981,#2359,#2360);
#2005=AXIS2_PLACEMENT_3D('',#2983,#2361,#2362);
#2006=AXIS2_PLACEMENT_3D('',#2989,#2365,#2366);
#2007=AXIS2_PLACEMENT_3D('',#2993,#2368,#2369);
#2008=AXIS2_PLACEMENT_3D('',#2997,#2371,#2372);
#2009=AXIS2_PLACEMENT_3D('',#3000,#2374,#2375);
#2010=AXIS2_PLACEMENT_3D('',#3004,#2377,#2378);
#2011=AXIS2_PLACEMENT_3D('',#3008,#2380,#2381);
#2012=AXIS2_PLACEMENT_3D('',#3012,#2383,#2384);
#2013=AXIS2_PLACEMENT_3D('',#3017,#2387,#2388);
#2014=AXIS2_PLACEMENT_3D('',#3019,#2389,#2390);
#2015=AXIS2_PLACEMENT_3D('',#3025,#2393,#2394);
#2016=AXIS2_PLACEMENT_3D('',#3027,#2395,#2396);
#2017=AXIS2_PLACEMENT_3D('',#3029,#2397,#2398);
#2018=AXIS2_PLACEMENT_3D('',#3036,#2402,#2403);
#2019=AXIS2_PLACEMENT_3D('',#3039,#2406,#2407);
#2020=AXIS2_PLACEMENT_3D('',#3042,#2410,#2411);
#2021=AXIS2_PLACEMENT_3D('',#3047,#2413,#2414);
#2022=AXIS2_PLACEMENT_3D('',#3049,#2415,#2416);
#2023=AXIS2_PLACEMENT_3D('',#3050,#2417,#2418);
#2024=AXIS2_PLACEMENT_3D('',#3052,#2419,#2420);
#2025=AXIS2_PLACEMENT_3D('',#3056,#2422,#2423);
#2026=AXIS2_PLACEMENT_3D('',#3059,#2425,#2426);
#2027=AXIS2_PLACEMENT_3D('',#3061,#2427,#2428);
#2028=AXIS2_PLACEMENT_3D('',#3065,#2430,#2431);
#2029=AXIS2_PLACEMENT_3D('',#3068,#2433,#2434);
#2030=AXIS2_PLACEMENT_3D('',#3069,#2435,#2436);
#2031=AXIS2_PLACEMENT_3D('',#3070,#2437,#2438);
#2032=AXIS2_PLACEMENT_3D('',#3092,#2450,#2451);
#2033=AXIS2_PLACEMENT_3D('',#3098,#2455,#2456);
#2034=AXIS2_PLACEMENT_3D('',#3104,#2460,#2461);
#2035=AXIS2_PLACEMENT_3D('',#3110,#2465,#2466);
#2036=AXIS2_PLACEMENT_3D('',#3116,#2470,#2471);
#2037=AXIS2_PLACEMENT_3D('',#3117,#2472,#2473);
#2038=AXIS2_PLACEMENT_3D('',#3118,#2474,#2475);
#2039=AXIS2_PLACEMENT_3D('',#3120,#2477,#2478);
#2040=AXIS2_PLACEMENT_3D('',#3124,#2481,#2482);
#2041=AXIS2_PLACEMENT_3D('',#3127,#2484,#2485);
#2042=AXIS2_PLACEMENT_3D('',#3128,#2486,#2487);
#2043=AXIS2_PLACEMENT_3D('',#3130,#2489,#2490);
#2044=AXIS2_PLACEMENT_3D('',#3131,#2491,#2492);
#2045=AXIS2_PLACEMENT_3D('',#3135,#2495,#2496);
#2046=AXIS2_PLACEMENT_3D('',#3137,#2498,#2499);
#2047=AXIS2_PLACEMENT_3D('',#3139,#2500,#2501);
#2048=AXIS2_PLACEMENT_3D('',#3141,#2503,#2504);
#2049=AXIS2_PLACEMENT_3D('',#3142,#2505,#2506);
#2050=AXIS2_PLACEMENT_3D('',#3144,#2508,#2509);
#2051=AXIS2_PLACEMENT_3D('',#3145,#2510,#2511);
#2052=AXIS2_PLACEMENT_3D('',#3147,#2513,#2514);
#2053=AXIS2_PLACEMENT_3D('',#3151,#2517,#2518);
#2054=AXIS2_PLACEMENT_3D('',#3154,#2520,#2521);
#2055=AXIS2_PLACEMENT_3D('',#3155,#2522,#2523);
#2056=AXIS2_PLACEMENT_3D('',#3157,#2525,#2526);
#2057=AXIS2_PLACEMENT_3D('',#3158,#2527,#2528);
#2058=AXIS2_PLACEMENT_3D('',#3164,#2532,#2533);
#2059=AXIS2_PLACEMENT_3D('',#3169,#2537,#2538);
#2060=AXIS2_PLACEMENT_3D('',#3174,#2542,#2543);
#2061=AXIS2_PLACEMENT_3D('',#3175,#2544,#2545);
#2062=AXIS2_PLACEMENT_3D('',#3176,#2546,#2547);
#2063=AXIS2_PLACEMENT_3D('',#3177,#2548,#2549);
#2064=AXIS2_PLACEMENT_3D('',#3183,#2553,#2554);
#2065=AXIS2_PLACEMENT_3D('',#3188,#2558,#2559);
#2066=AXIS2_PLACEMENT_3D('',#3193,#2563,#2564);
#2067=AXIS2_PLACEMENT_3D('',#3194,#2565,#2566);
#2068=AXIS2_PLACEMENT_3D('',#3195,#2567,#2568);
#2069=AXIS2_PLACEMENT_3D('',#3196,#2569,#2570);
#2070=AXIS2_PLACEMENT_3D('',#3197,#2571,#2572);
#2071=AXIS2_PLACEMENT_3D('',#3198,#2573,#2574);
#2072=AXIS2_PLACEMENT_3D('',#3199,#2575,#2576);
#2073=AXIS2_PLACEMENT_3D('',#3200,#2577,#2578);
#2074=AXIS2_PLACEMENT_3D('',#3201,#2579,#2580);
#2075=AXIS2_PLACEMENT_3D('',#3202,#2581,#2582);
#2076=AXIS2_PLACEMENT_3D('',#3203,#2583,#2584);
#2077=AXIS2_PLACEMENT_3D('',#3204,#2585,#2586);
#2078=AXIS2_PLACEMENT_3D('',#3205,#2587,#2588);
#2079=AXIS2_PLACEMENT_3D('',#3206,#2589,#2590);
#2080=AXIS2_PLACEMENT_3D('',#3207,#2591,#2592);
#2081=AXIS2_PLACEMENT_3D('',#3208,#2593,#2594);
#2082=AXIS2_PLACEMENT_3D('',#3209,#2595,#2596);
#2083=AXIS2_PLACEMENT_3D('',#3210,#2597,#2598);
#2084=AXIS2_PLACEMENT_3D('',#3214,#2600,#2601);
#2085=AXIS2_PLACEMENT_3D('',#3216,#2603,#2604);
#2086=AXIS2_PLACEMENT_3D('',#3217,#2605,#2606);
#2087=AXIS2_PLACEMENT_3D('',#3218,#2607,#2608);
#2088=AXIS2_PLACEMENT_3D('',#3219,#2609,#2610);
#2089=AXIS2_PLACEMENT_3D('',#3220,#2611,#2612);
#2090=AXIS2_PLACEMENT_3D('',#3223,#2615,#2616);
#2091=AXIS2_PLACEMENT_3D('',#3226,#2619,#2620);
#2092=AXIS2_PLACEMENT_3D('',#3229,#2623,#2624);
#2093=AXIS2_PLACEMENT_3D('',#3232,#2627,#2628);
#2094=AXIS2_PLACEMENT_3D('',#3233,#2629,#2630);
#2095=AXIS2_PLACEMENT_3D('',#3235,#2632,#2633);
#2096=AXIS2_PLACEMENT_3D('',#3237,#2635,#2636);
#2097=AXIS2_PLACEMENT_3D('',#3239,#2638,#2639);
#2098=AXIS2_PLACEMENT_3D('',#3241,#2641,#2642);
#2099=AXIS2_PLACEMENT_3D('',#3243,#2644,#2645);
#2100=AXIS2_PLACEMENT_3D('',#3245,#2647,#2648);
#2101=AXIS2_PLACEMENT_3D('',#3246,#2649,#2650);
#2102=AXIS2_PLACEMENT_3D('',#3247,#2651,#2652);
#2103=AXIS2_PLACEMENT_3D('',#3249,#2654,#2655);
#2104=AXIS2_PLACEMENT_3D('',#3251,#2657,#2658);
#2105=AXIS2_PLACEMENT_3D('',#3252,#2659,#2660);
#2106=AXIS2_PLACEMENT_3D('',#3253,#2661,#2662);
#2107=AXIS2_PLACEMENT_3D('',#3254,#2663,#2664);
#2108=AXIS2_PLACEMENT_3D('',#3255,#2665,#2666);
#2109=AXIS2_PLACEMENT_3D('',#3257,#2668,#2669);
#2110=AXIS2_PLACEMENT_3D('',#3259,#2671,#2672);
#2111=AXIS2_PLACEMENT_3D('',#3261,#2674,#2675);
#2112=AXIS2_PLACEMENT_3D('',#3263,#2677,#2678);
#2113=AXIS2_PLACEMENT_3D('',#3264,#2679,#2680);
#2114=AXIS2_PLACEMENT_3D('',#3266,#2682,#2683);
#2115=AXIS2_PLACEMENT_3D('',#3268,#2685,#2686);
#2116=AXIS2_PLACEMENT_3D('',#3270,#2688,#2689);
#2117=AXIS2_PLACEMENT_3D('',#3272,#2691,#2692);
#2118=AXIS2_PLACEMENT_3D('',#3274,#2694,#2695);
#2119=AXIS2_PLACEMENT_3D('',#3276,#2697,#2698);
#2120=AXIS2_PLACEMENT_3D('',#3277,#2699,#2700);
#2121=AXIS2_PLACEMENT_3D('',#3278,#2701,#2702);
#2122=AXIS2_PLACEMENT_3D('',#3279,#2703,#2704);
#2123=AXIS2_PLACEMENT_3D('',#3280,#2705,#2706);
#2124=AXIS2_PLACEMENT_3D('',#3281,#2707,#2708);
#2125=AXIS2_PLACEMENT_3D('',#3282,#2709,#2710);
#2126=AXIS2_PLACEMENT_3D('',#3283,#2711,#2712);
#2127=AXIS2_PLACEMENT_3D('',#3284,#2713,#2714);
#2128=AXIS2_PLACEMENT_3D('',#3285,#2715,#2716);
#2129=AXIS2_PLACEMENT_3D('',#3286,#2717,#2718);
#2130=AXIS2_PLACEMENT_3D('',#3287,#2719,#2720);
#2131=AXIS2_PLACEMENT_3D('',#3288,#2721,#2722);
#2132=AXIS2_PLACEMENT_3D('',#3289,#2723,#2724);
#2133=AXIS2_PLACEMENT_3D('',#3290,#2725,#2726);
#2134=AXIS2_PLACEMENT_3D('',#3291,#2727,#2728);
#2135=DIRECTION('axis',(0.,0.,1.));
#2136=DIRECTION('refdir',(1.,0.,0.));
#2137=DIRECTION('axis',(0.,0.,1.));
#2138=DIRECTION('refdir',(1.,0.,0.));
#2139=DIRECTION('center_axis',(0.,1.,0.));
#2140=DIRECTION('ref_axis',(0.,0.,1.));
#2141=DIRECTION('',(1.15648231731787E-16,0.,1.));
#2142=DIRECTION('center_axis',(0.,1.,0.));
#2143=DIRECTION('ref_axis',(0.,0.,1.));
#2144=DIRECTION('center_axis',(0.,-1.,0.));
#2145=DIRECTION('ref_axis',(0.,0.,1.));
#2146=DIRECTION('center_axis',(0.,1.,0.));
#2147=DIRECTION('ref_axis',(0.,0.,1.));
#2148=DIRECTION('center_axis',(0.,1.,0.));
#2149=DIRECTION('ref_axis',(0.,0.,1.));
#2150=DIRECTION('center_axis',(0.,1.,0.));
#2151=DIRECTION('ref_axis',(0.,0.,1.));
#2152=DIRECTION('',(0.,0.,-1.));
#2153=DIRECTION('center_axis',(0.,1.,0.));
#2154=DIRECTION('ref_axis',(0.,0.,1.));
#2155=DIRECTION('center_axis',(0.,-1.,0.));
#2156=DIRECTION('ref_axis',(0.,0.,1.));
#2157=DIRECTION('center_axis',(0.,1.,0.));
#2158=DIRECTION('ref_axis',(0.,0.,1.));
#2159=DIRECTION('',(0.,0.,1.));
#2160=DIRECTION('center_axis',(0.,1.,0.));
#2161=DIRECTION('ref_axis',(0.,0.,1.));
#2162=DIRECTION('',(1.,0.,0.));
#2163=DIRECTION('center_axis',(0.,1.,0.));
#2164=DIRECTION('ref_axis',(0.,0.,1.));
#2165=DIRECTION('center_axis',(0.,1.,0.));
#2166=DIRECTION('ref_axis',(0.,0.,1.));
#2167=DIRECTION('center_axis',(0.,1.,0.));
#2168=DIRECTION('ref_axis',(0.,0.,1.));
#2169=DIRECTION('center_axis',(0.,-1.,0.));
#2170=DIRECTION('ref_axis',(0.,0.,1.));
#2171=DIRECTION('center_axis',(0.,1.,0.));
#2172=DIRECTION('ref_axis',(0.,0.,1.));
#2173=DIRECTION('center_axis',(0.,1.,0.));
#2174=DIRECTION('ref_axis',(0.,0.,1.));
#2175=DIRECTION('',(-1.,0.,0.));
#2176=DIRECTION('center_axis',(0.,1.,0.));
#2177=DIRECTION('ref_axis',(0.,0.,1.));
#2178=DIRECTION('',(0.,0.,1.));
#2179=DIRECTION('center_axis',(0.,1.,0.));
#2180=DIRECTION('ref_axis',(0.,0.,1.));
#2181=DIRECTION('center_axis',(0.,-1.,0.));
#2182=DIRECTION('ref_axis',(0.,0.,1.));
#2183=DIRECTION('center_axis',(0.,1.,0.));
#2184=DIRECTION('ref_axis',(0.,0.,1.));
#2185=DIRECTION('',(0.,0.,-1.));
#2186=DIRECTION('center_axis',(0.,1.,0.));
#2187=DIRECTION('ref_axis',(0.,0.,1.));
#2188=DIRECTION('center_axis',(0.,1.,0.));
#2189=DIRECTION('ref_axis',(0.,0.,1.));
#2190=DIRECTION('center_axis',(-1.,0.,1.15648231731787E-16));
#2191=DIRECTION('ref_axis',(1.15648231731787E-16,0.,1.));
#2192=DIRECTION('',(0.,-1.,0.));
#2193=DIRECTION('',(0.,1.,0.));
#2194=DIRECTION('',(1.15648231731787E-16,0.,1.));
#2195=DIRECTION('',(0.,-1.,0.));
#2196=DIRECTION('',(-1.15648231731787E-16,0.,-1.));
#2197=DIRECTION('',(0.,1.,0.));
#2198=DIRECTION('',(1.15648231731787E-16,0.,1.));
#2199=DIRECTION('center_axis',(0.,0.,1.));
#2200=DIRECTION('ref_axis',(1.,0.,0.));
#2201=DIRECTION('',(0.,1.,0.));
#2202=DIRECTION('',(0.,1.,0.));
#2203=DIRECTION('',(1.,0.,0.));
#2204=DIRECTION('',(0.,-1.,0.));
#2205=DIRECTION('',(-1.,0.,0.));
#2206=DIRECTION('',(0.,1.,0.));
#2207=DIRECTION('',(1.,0.,0.));
#2208=DIRECTION('center_axis',(0.,0.,-1.));
#2209=DIRECTION('ref_axis',(-1.,0.,0.));
#2210=DIRECTION('',(0.,-1.,0.));
#2211=DIRECTION('',(0.,1.,0.));
#2212=DIRECTION('',(-1.,0.,0.));
#2213=DIRECTION('',(0.,-1.,0.));
#2214=DIRECTION('',(1.,0.,0.));
#2215=DIRECTION('',(0.,1.,0.));
#2216=DIRECTION('',(-1.,0.,0.));
#2217=DIRECTION('center_axis',(0.,1.,0.));
#2218=DIRECTION('ref_axis',(0.,0.,1.));
#2219=DIRECTION('center_axis',(0.707106781186561,0.707106781186534,1.57980064641159E-14));
#2220=DIRECTION('ref_axis',(0.707106781186534,-0.707106781186561,-3.11369271970555E-13));
#2221=DIRECTION('center_axis',(0.,1.,0.));
#2222=DIRECTION('ref_axis',(0.,0.,1.));
#2223=DIRECTION('',(0.,-1.,0.));
#2224=DIRECTION('center_axis',(0.,1.,0.));
#2225=DIRECTION('ref_axis',(-1.,0.,-1.83697019872103E-16));
#2226=DIRECTION('center_axis',(0.,1.,0.));
#2227=DIRECTION('ref_axis',(0.,0.,1.));
#2228=DIRECTION('',(0.,-1.,0.));
#2229=DIRECTION('center_axis',(0.,1.,0.));
#2230=DIRECTION('ref_axis',(0.,0.,1.));
#2231=DIRECTION('',(0.,1.,0.));
#2232=DIRECTION('center_axis',(0.,1.,0.));
#2233=DIRECTION('ref_axis',(0.,0.,1.));
#2234=DIRECTION('center_axis',(0.,1.,0.));
#2235=DIRECTION('ref_axis',(0.,0.,1.));
#2236=DIRECTION('',(0.,1.,0.));
#2237=DIRECTION('center_axis',(0.,1.,0.));
#2238=DIRECTION('ref_axis',(0.,0.,1.));
#2239=DIRECTION('',(0.,-1.,0.));
#2240=DIRECTION('center_axis',(0.,1.,0.));
#2241=DIRECTION('ref_axis',(0.,0.,1.));
#2242=DIRECTION('center_axis',(0.,1.,0.));
#2243=DIRECTION('ref_axis',(0.,0.,1.));
#2244=DIRECTION('',(0.,1.,0.));
#2245=DIRECTION('center_axis',(0.,1.,0.));
#2246=DIRECTION('ref_axis',(0.,0.,1.));
#2247=DIRECTION('center_axis',(0.,1.,0.));
#2248=DIRECTION('ref_axis',(0.,0.,1.));
#2249=DIRECTION('center_axis',(0.,1.,0.));
#2250=DIRECTION('ref_axis',(0.,0.,1.));
#2251=DIRECTION('',(0.,1.,0.));
#2252=DIRECTION('center_axis',(0.,1.,0.));
#2253=DIRECTION('ref_axis',(0.,0.,1.));
#2254=DIRECTION('',(0.,1.,0.));
#2255=DIRECTION('center_axis',(0.,1.,0.));
#2256=DIRECTION('ref_axis',(0.,0.,1.));
#2257=DIRECTION('center_axis',(0.,1.,0.));
#2258=DIRECTION('ref_axis',(0.,0.,1.));
#2259=DIRECTION('',(0.,1.,0.));
#2260=DIRECTION('center_axis',(0.,1.,0.));
#2261=DIRECTION('ref_axis',(0.,0.,1.));
#2262=DIRECTION('',(0.,1.,0.));
#2263=DIRECTION('center_axis',(0.,1.,0.));
#2264=DIRECTION('ref_axis',(0.,0.,1.));
#2265=DIRECTION('center_axis',(0.,1.,0.));
#2266=DIRECTION('ref_axis',(0.,0.,1.));
#2267=DIRECTION('',(0.,1.,0.));
#2268=DIRECTION('center_axis',(0.,1.,0.));
#2269=DIRECTION('ref_axis',(0.,0.,1.));
#2270=DIRECTION('',(0.,1.,0.));
#2271=DIRECTION('center_axis',(0.,1.,0.));
#2272=DIRECTION('ref_axis',(0.,0.,1.));
#2273=DIRECTION('center_axis',(0.,1.,0.));
#2274=DIRECTION('ref_axis',(0.,0.,1.));
#2275=DIRECTION('',(0.,1.,0.));
#2276=DIRECTION('center_axis',(0.,-1.,0.));
#2277=DIRECTION('ref_axis',(1.40946282423116E-14,0.,1.));
#2278=DIRECTION('',(0.,1.,0.));
#2279=DIRECTION('center_axis',(0.,1.,0.));
#2280=DIRECTION('ref_axis',(0.,0.,1.));
#2281=DIRECTION('',(0.,-1.,0.));
#2282=DIRECTION('center_axis',(0.,-1.,0.));
#2283=DIRECTION('ref_axis',(0.,0.,1.));
#2284=DIRECTION('',(0.,1.,0.));
#2285=DIRECTION('center_axis',(0.,1.,0.));
#2286=DIRECTION('ref_axis',(0.,0.,1.));
#2287=DIRECTION('',(0.,-1.,0.));
#2288=DIRECTION('center_axis',(0.,-1.,0.));
#2289=DIRECTION('ref_axis',(1.40946282423116E-14,0.,1.));
#2290=DIRECTION('center_axis',(0.,1.,0.));
#2291=DIRECTION('ref_axis',(0.,0.,1.));
#2292=DIRECTION('center_axis',(0.,1.,0.));
#2293=DIRECTION('ref_axis',(0.,0.,1.));
#2294=DIRECTION('',(0.,1.,0.));
#2295=DIRECTION('center_axis',(0.,1.,0.));
#2296=DIRECTION('ref_axis',(0.,0.,1.));
#2297=DIRECTION('',(0.,-1.,0.));
#2298=DIRECTION('center_axis',(0.,-1.,0.));
#2299=DIRECTION('ref_axis',(0.,0.,1.));
#2300=DIRECTION('',(0.,1.,0.));
#2301=DIRECTION('center_axis',(0.,1.,0.));
#2302=DIRECTION('ref_axis',(0.,0.,1.));
#2303=DIRECTION('center_axis',(0.,1.,0.));
#2304=DIRECTION('ref_axis',(0.,0.,1.));
#2305=DIRECTION('center_axis',(0.,1.,0.));
#2306=DIRECTION('ref_axis',(0.,0.,1.));
#2307=DIRECTION('',(0.,1.,0.));
#2308=DIRECTION('center_axis',(0.,1.,0.));
#2309=DIRECTION('ref_axis',(0.,0.,1.));
#2310=DIRECTION('center_axis',(0.,1.,0.));
#2311=DIRECTION('ref_axis',(0.,0.,1.));
#2312=DIRECTION('',(0.,1.,0.));
#2313=DIRECTION('center_axis',(0.,1.,0.));
#2314=DIRECTION('ref_axis',(0.,0.,1.));
#2315=DIRECTION('center_axis',(0.,1.,0.));
#2316=DIRECTION('ref_axis',(0.,0.,1.));
#2317=DIRECTION('',(0.,1.,0.));
#2318=DIRECTION('center_axis',(0.,1.,0.));
#2319=DIRECTION('ref_axis',(0.,0.,1.));
#2320=DIRECTION('center_axis',(0.,1.,0.));
#2321=DIRECTION('ref_axis',(0.,0.,1.));
#2322=DIRECTION('',(0.,1.,0.));
#2323=DIRECTION('center_axis',(0.,1.,0.));
#2324=DIRECTION('ref_axis',(0.,0.,1.));
#2325=DIRECTION('center_axis',(0.,1.,0.));
#2326=DIRECTION('ref_axis',(0.,0.,1.));
#2327=DIRECTION('',(-2.37633352873535E-16,0.,-1.));
#2328=DIRECTION('center_axis',(0.,1.,0.));
#2329=DIRECTION('ref_axis',(0.,0.,1.));
#2330=DIRECTION('',(1.,0.,0.));
#2331=DIRECTION('',(0.,0.,1.));
#2332=DIRECTION('',(-1.,0.,0.));
#2333=DIRECTION('center_axis',(0.,1.,0.));
#2334=DIRECTION('ref_axis',(0.,0.,1.));
#2335=DIRECTION('',(-2.37633352873535E-16,0.,-1.));
#2336=DIRECTION('center_axis',(0.,1.,0.));
#2337=DIRECTION('ref_axis',(0.,0.,1.));
#2338=DIRECTION('',(1.,0.,0.));
#2339=DIRECTION('',(0.,0.,1.));
#2340=DIRECTION('center_axis',(0.,1.,0.));
#2341=DIRECTION('ref_axis',(0.,0.,1.));
#2342=DIRECTION('',(-0.866025403784438,0.,-0.500000000000001));
#2343=DIRECTION('',(0.866025403784438,0.,0.500000000000001));
#2344=DIRECTION('center_axis',(0.,1.,0.));
#2345=DIRECTION('ref_axis',(0.,0.,1.));
#2346=DIRECTION('',(-0.866025403784438,0.,-0.500000000000001));
#2347=DIRECTION('',(0.866025403784438,0.,0.500000000000001));
#2348=DIRECTION('',(-0.866025403784438,0.,-0.500000000000001));
#2349=DIRECTION('',(0.866025403784438,0.,0.5));
#2350=DIRECTION('center_axis',(0.,1.,0.));
#2351=DIRECTION('ref_axis',(0.,0.,1.));
#2352=DIRECTION('',(0.,0.,1.));
#2353=DIRECTION('center_axis',(0.,1.,0.));
#2354=DIRECTION('ref_axis',(0.,0.,1.));
#2355=DIRECTION('',(1.,0.,0.));
#2356=DIRECTION('',(0.,0.,-1.));
#2357=DIRECTION('center_axis',(0.,1.,0.));
#2358=DIRECTION('ref_axis',(0.,0.,1.));
#2359=DIRECTION('center_axis',(0.,1.,0.));
#2360=DIRECTION('ref_axis',(0.,0.,1.));
#2361=DIRECTION('center_axis',(0.,1.,0.));
#2362=DIRECTION('ref_axis',(0.,0.,1.));
#2363=DIRECTION('',(0.,0.,1.));
#2364=DIRECTION('',(1.,0.,0.));
#2365=DIRECTION('center_axis',(0.,1.,0.));
#2366=DIRECTION('ref_axis',(0.,0.,1.));
#2367=DIRECTION('',(0.,0.,-1.));
#2368=DIRECTION('center_axis',(0.,-1.,0.));
#2369=DIRECTION('ref_axis',(0.,0.,1.));
#2370=DIRECTION('',(1.,0.,0.));
#2371=DIRECTION('center_axis',(0.,1.,0.));
#2372=DIRECTION('ref_axis',(0.,0.,1.));
#2373=DIRECTION('',(-1.15648231731787E-16,0.,-1.));
#2374=DIRECTION('center_axis',(0.,1.,0.));
#2375=DIRECTION('ref_axis',(0.,0.,1.));
#2376=DIRECTION('',(-1.15648231731787E-16,0.,-1.));
#2377=DIRECTION('center_axis',(0.,1.,0.));
#2378=DIRECTION('ref_axis',(0.,0.,1.));
#2379=DIRECTION('',(-1.,0.,0.));
#2380=DIRECTION('center_axis',(0.,-1.,0.));
#2381=DIRECTION('ref_axis',(0.,0.,1.));
#2382=DIRECTION('',(0.,0.,-1.));
#2383=DIRECTION('center_axis',(0.,1.,0.));
#2384=DIRECTION('ref_axis',(0.,0.,1.));
#2385=DIRECTION('',(-1.,0.,0.));
#2386=DIRECTION('',(0.,0.,-1.));
#2387=DIRECTION('center_axis',(0.,1.,0.));
#2388=DIRECTION('ref_axis',(0.,0.,1.));
#2389=DIRECTION('center_axis',(0.,1.,0.));
#2390=DIRECTION('ref_axis',(0.,0.,1.));
#2391=DIRECTION('',(0.,0.,1.));
#2392=DIRECTION('',(-1.,0.,0.));
#2393=DIRECTION('center_axis',(0.,1.,0.));
#2394=DIRECTION('ref_axis',(0.,0.,1.));
#2395=DIRECTION('center_axis',(0.,-1.,0.));
#2396=DIRECTION('ref_axis',(1.73472347597681E-15,0.,1.));
#2397=DIRECTION('center_axis',(0.,1.,0.));
#2398=DIRECTION('ref_axis',(0.,0.,1.));
#2399=DIRECTION('',(0.,0.,1.));
#2400=DIRECTION('',(-1.,0.,0.));
#2401=DIRECTION('',(0.,0.,1.));
#2402=DIRECTION('center_axis',(0.,1.,0.));
#2403=DIRECTION('ref_axis',(0.,0.,1.));
#2404=DIRECTION('',(0.,0.,-1.));
#2405=DIRECTION('',(0.,0.,1.));
#2406=DIRECTION('center_axis',(0.,1.,0.));
#2407=DIRECTION('ref_axis',(1.01064309961486E-15,0.,-1.));
#2408=DIRECTION('',(0.,-1.,0.));
#2409=DIRECTION('',(0.,1.,0.));
#2410=DIRECTION('center_axis',(0.,1.,0.));
#2411=DIRECTION('ref_axis',(0.,0.,1.));
#2412=DIRECTION('',(0.,0.,-1.));
#2413=DIRECTION('center_axis',(0.,-1.,0.));
#2414=DIRECTION('ref_axis',(0.,0.,1.));
#2415=DIRECTION('center_axis',(0.,1.,0.));
#2416=DIRECTION('ref_axis',(0.,0.,1.));
#2417=DIRECTION('center_axis',(0.,-1.,0.));
#2418=DIRECTION('ref_axis',(-1.73472347597681E-15,0.,1.));
#2419=DIRECTION('center_axis',(0.,-1.,0.));
#2420=DIRECTION('ref_axis',(0.,0.,1.));
#2421=DIRECTION('',(0.,0.,1.));
#2422=DIRECTION('center_axis',(0.,1.,0.));
#2423=DIRECTION('ref_axis',(0.,0.,1.));
#2424=DIRECTION('',(1.,0.,0.));
#2425=DIRECTION('center_axis',(0.,-1.,0.));
#2426=DIRECTION('ref_axis',(0.,0.,1.));
#2427=DIRECTION('center_axis',(0.,-1.,0.));
#2428=DIRECTION('ref_axis',(0.,0.,1.));
#2429=DIRECTION('',(-1.,0.,0.));
#2430=DIRECTION('center_axis',(0.,1.,0.));
#2431=DIRECTION('ref_axis',(0.,0.,1.));
#2432=DIRECTION('',(0.,0.,1.));
#2433=DIRECTION('center_axis',(0.,-1.,0.));
#2434=DIRECTION('ref_axis',(0.,0.,1.));
#2435=DIRECTION('center_axis',(0.,-1.,0.));
#2436=DIRECTION('ref_axis',(-2.60208521396521E-15,0.,1.));
#2437=DIRECTION('center_axis',(1.,0.,0.));
#2438=DIRECTION('ref_axis',(0.,0.,-1.));
#2439=DIRECTION('',(0.,1.,0.));
#2440=DIRECTION('',(0.,0.,-1.));
#2441=DIRECTION('',(0.,-1.,0.));
#2442=DIRECTION('',(-1.18816676436768E-16,0.,-1.));
#2443=DIRECTION('',(0.,1.,0.));
#2444=DIRECTION('',(0.,0.,-1.));
#2445=DIRECTION('',(0.,-1.,0.));
#2446=DIRECTION('',(-1.18816676436768E-16,0.,-1.));
#2447=DIRECTION('',(0.,1.,0.));
#2448=DIRECTION('',(0.,0.,-1.));
#2449=DIRECTION('',(0.,-1.,0.));
#2450=DIRECTION('center_axis',(-1.,0.,0.));
#2451=DIRECTION('ref_axis',(0.,0.,1.));
#2452=DIRECTION('',(0.,1.,0.));
#2453=DIRECTION('',(0.,0.,1.));
#2454=DIRECTION('',(0.,-1.,0.));
#2455=DIRECTION('center_axis',(0.,0.,-1.));
#2456=DIRECTION('ref_axis',(-1.,0.,0.));
#2457=DIRECTION('',(0.,1.,0.));
#2458=DIRECTION('',(-1.,0.,0.));
#2459=DIRECTION('',(0.,-1.,0.));
#2460=DIRECTION('center_axis',(0.,0.,1.));
#2461=DIRECTION('ref_axis',(1.,0.,0.));
#2462=DIRECTION('',(0.,1.,0.));
#2463=DIRECTION('',(1.,0.,0.));
#2464=DIRECTION('',(0.,-1.,0.));
#2465=DIRECTION('center_axis',(-1.,0.,0.));
#2466=DIRECTION('ref_axis',(0.,0.,1.));
#2467=DIRECTION('',(0.,1.,0.));
#2468=DIRECTION('',(0.,0.,1.));
#2469=DIRECTION('',(0.,-1.,0.));
#2470=DIRECTION('center_axis',(0.,1.,0.));
#2471=DIRECTION('ref_axis',(0.,0.,1.));
#2472=DIRECTION('center_axis',(0.,1.,0.));
#2473=DIRECTION('ref_axis',(0.,0.,1.));
#2474=DIRECTION('center_axis',(-0.500000000000001,0.,0.866025403784438));
#2475=DIRECTION('ref_axis',(0.866025403784438,0.,0.500000000000001));
#2476=DIRECTION('',(0.866025403784438,0.,0.500000000000001));
#2477=DIRECTION('center_axis',(-0.500000000000001,0.,0.866025403784438));
#2478=DIRECTION('ref_axis',(0.866025403784438,0.,0.500000000000001));
#2479=DIRECTION('',(0.866025403784438,0.,0.500000000000001));
#2480=DIRECTION('',(0.,1.,0.));
#2481=DIRECTION('center_axis',(0.,1.,0.));
#2482=DIRECTION('ref_axis',(0.,0.,1.));
#2483=DIRECTION('',(-0.866025403784438,0.,-0.500000000000001));
#2484=DIRECTION('center_axis',(0.,1.,0.));
#2485=DIRECTION('ref_axis',(0.,0.,1.));
#2486=DIRECTION('center_axis',(0.,1.,0.));
#2487=DIRECTION('ref_axis',(-0.866025403784438,0.,-0.500000000000001));
#2488=DIRECTION('',(0.,1.,0.));
#2489=DIRECTION('center_axis',(0.500000000000001,0.,-0.866025403784438));
#2490=DIRECTION('ref_axis',(-0.866025403784438,0.,-0.500000000000001));
#2491=DIRECTION('center_axis',(0.500000000000001,0.,-0.866025403784438));
#2492=DIRECTION('ref_axis',(-0.866025403784438,0.,-0.500000000000001));
#2493=DIRECTION('',(0.,1.,0.));
#2494=DIRECTION('',(-0.866025403784438,0.,-0.500000000000001));
#2495=DIRECTION('center_axis',(0.500000000000001,0.,-0.866025403784438));
#2496=DIRECTION('ref_axis',(-0.866025403784438,0.,-0.500000000000001));
#2497=DIRECTION('',(-0.866025403784438,0.,-0.500000000000001));
#2498=DIRECTION('center_axis',(0.,1.,0.));
#2499=DIRECTION('ref_axis',(0.,0.,1.));
#2500=DIRECTION('center_axis',(0.,1.,0.));
#2501=DIRECTION('ref_axis',(0.,0.,1.));
#2502=DIRECTION('',(0.866025403784438,0.,0.5));
#2503=DIRECTION('center_axis',(0.,1.,0.));
#2504=DIRECTION('ref_axis',(-0.866025403784438,0.,-0.500000000000001));
#2505=DIRECTION('center_axis',(-0.707106781186546,0.707106781186549,0.));
#2506=DIRECTION('ref_axis',(0.707106781186549,0.707106781186546,-2.71999990823123E-14));
#2507=DIRECTION('',(0.,1.,0.));
#2508=DIRECTION('center_axis',(-0.5,0.,0.866025403784438));
#2509=DIRECTION('ref_axis',(0.866025403784438,0.,0.5));
#2510=DIRECTION('center_axis',(-1.,0.,0.));
#2511=DIRECTION('ref_axis',(0.,0.,1.));
#2512=DIRECTION('',(0.,0.,1.));
#2513=DIRECTION('center_axis',(-1.,0.,0.));
#2514=DIRECTION('ref_axis',(0.,0.,1.));
#2515=DIRECTION('',(0.,0.,1.));
#2516=DIRECTION('',(0.,1.,0.));
#2517=DIRECTION('center_axis',(0.,1.,0.));
#2518=DIRECTION('ref_axis',(0.,0.,1.));
#2519=DIRECTION('',(0.,0.,-1.));
#2520=DIRECTION('center_axis',(0.,1.,0.));
#2521=DIRECTION('ref_axis',(0.,0.,1.));
#2522=DIRECTION('center_axis',(0.,1.,0.));
#2523=DIRECTION('ref_axis',(1.22464679914735E-16,0.,-1.));
#2524=DIRECTION('',(0.,1.,0.));
#2525=DIRECTION('center_axis',(1.,0.,0.));
#2526=DIRECTION('ref_axis',(0.,0.,-1.));
#2527=DIRECTION('center_axis',(1.,0.,-2.37633352873535E-16));
#2528=DIRECTION('ref_axis',(-2.37633352873535E-16,0.,-1.));
#2529=DIRECTION('',(0.,-1.,0.));
#2530=DIRECTION('',(-2.37633352873535E-16,0.,-1.));
#2531=DIRECTION('',(0.,1.,0.));
#2532=DIRECTION('center_axis',(0.,0.,1.));
#2533=DIRECTION('ref_axis',(1.,0.,0.));
#2534=DIRECTION('',(0.707106781186547,0.707106781186547,0.));
#2535=DIRECTION('',(0.,1.,0.));
#2536=DIRECTION('',(1.,0.,0.));
#2537=DIRECTION('center_axis',(0.,0.,-1.));
#2538=DIRECTION('ref_axis',(-1.,0.,0.));
#2539=DIRECTION('',(-0.707106781186547,-0.707106781186547,0.));
#2540=DIRECTION('',(-1.,0.,0.));
#2541=DIRECTION('',(0.,1.,0.));
#2542=DIRECTION('center_axis',(0.,1.,0.));
#2543=DIRECTION('ref_axis',(0.,0.,1.));
#2544=DIRECTION('center_axis',(0.,-1.,0.));
#2545=DIRECTION('ref_axis',(3.15404268359419E-15,0.,1.));
#2546=DIRECTION('center_axis',(0.,-1.,0.));
#2547=DIRECTION('ref_axis',(0.,0.,1.));
#2548=DIRECTION('center_axis',(1.,0.,-2.37633352873535E-16));
#2549=DIRECTION('ref_axis',(-2.37633352873535E-16,0.,-1.));
#2550=DIRECTION('',(0.,-1.,0.));
#2551=DIRECTION('',(-2.37633352873535E-16,0.,-1.));
#2552=DIRECTION('',(0.,1.,0.));
#2553=DIRECTION('center_axis',(0.,0.,1.));
#2554=DIRECTION('ref_axis',(1.,0.,0.));
#2555=DIRECTION('',(0.707106781186548,0.707106781186548,0.));
#2556=DIRECTION('',(0.,1.,0.));
#2557=DIRECTION('',(1.,0.,0.));
#2558=DIRECTION('center_axis',(0.,0.,-1.));
#2559=DIRECTION('ref_axis',(-1.,0.,0.));
#2560=DIRECTION('',(-0.707106781186547,-0.707106781186547,0.));
#2561=DIRECTION('',(-1.,0.,0.));
#2562=DIRECTION('',(0.,1.,0.));
#2563=DIRECTION('center_axis',(0.,1.,0.));
#2564=DIRECTION('ref_axis',(0.,0.,1.));
#2565=DIRECTION('center_axis',(0.,-1.,0.));
#2566=DIRECTION('ref_axis',(3.15404268359419E-15,0.,1.));
#2567=DIRECTION('center_axis',(0.,-1.,0.));
#2568=DIRECTION('ref_axis',(0.,0.,1.));
#2569=DIRECTION('center_axis',(0.,-1.,0.));
#2570=DIRECTION('ref_axis',(0.,0.,-1.));
#2571=DIRECTION('center_axis',(0.,1.,0.));
#2572=DIRECTION('ref_axis',(0.,0.,1.));
#2573=DIRECTION('center_axis',(0.,-1.,0.));
#2574=DIRECTION('ref_axis',(0.,0.,-1.));
#2575=DIRECTION('center_axis',(0.,1.,0.));
#2576=DIRECTION('ref_axis',(0.,0.,1.));
#2577=DIRECTION('center_axis',(0.,1.,0.));
#2578=DIRECTION('ref_axis',(0.,0.,1.));
#2579=DIRECTION('center_axis',(0.,-1.,0.));
#2580=DIRECTION('ref_axis',(0.,0.,1.));
#2581=DIRECTION('center_axis',(0.,1.,0.));
#2582=DIRECTION('ref_axis',(0.,0.,1.));
#2583=DIRECTION('center_axis',(0.,-1.,0.));
#2584=DIRECTION('ref_axis',(0.,0.,1.));
#2585=DIRECTION('center_axis',(0.,1.,0.));
#2586=DIRECTION('ref_axis',(0.,0.,1.));
#2587=DIRECTION('center_axis',(0.,-1.,0.));
#2588=DIRECTION('ref_axis',(0.,0.,1.));
#2589=DIRECTION('center_axis',(0.,1.,0.));
#2590=DIRECTION('ref_axis',(0.,0.,1.));
#2591=DIRECTION('center_axis',(0.,-1.,0.));
#2592=DIRECTION('ref_axis',(0.,0.,1.));
#2593=DIRECTION('center_axis',(0.,1.,0.));
#2594=DIRECTION('ref_axis',(0.,0.,1.));
#2595=DIRECTION('center_axis',(0.,-1.,0.));
#2596=DIRECTION('ref_axis',(-2.60208521396521E-15,0.,1.));
#2597=DIRECTION('center_axis',(0.,1.,0.));
#2598=DIRECTION('ref_axis',(0.,0.,1.));
#2599=DIRECTION('',(0.,1.,0.));
#2600=DIRECTION('center_axis',(0.,1.,0.));
#2601=DIRECTION('ref_axis',(0.,0.,1.));
#2602=DIRECTION('',(0.,-1.,0.));
#2603=DIRECTION('center_axis',(0.,1.,0.));
#2604=DIRECTION('ref_axis',(0.,0.,1.));
#2605=DIRECTION('center_axis',(0.,-1.,0.));
#2606=DIRECTION('ref_axis',(0.,0.,1.));
#2607=DIRECTION('center_axis',(0.,1.,0.));
#2608=DIRECTION('ref_axis',(0.,0.,1.));
#2609=DIRECTION('center_axis',(0.,-1.,0.));
#2610=DIRECTION('ref_axis',(1.73472347597681E-15,0.,1.));
#2611=DIRECTION('center_axis',(-1.,0.,0.));
#2612=DIRECTION('ref_axis',(0.,0.,1.));
#2613=DIRECTION('',(0.,-1.,0.));
#2614=DIRECTION('',(0.,1.,0.));
#2615=DIRECTION('center_axis',(1.,0.,0.));
#2616=DIRECTION('ref_axis',(0.,0.,-1.));
#2617=DIRECTION('',(0.,-1.,0.));
#2618=DIRECTION('',(0.,-1.,0.));
#2619=DIRECTION('center_axis',(-1.,0.,0.));
#2620=DIRECTION('ref_axis',(0.,0.,1.));
#2621=DIRECTION('',(0.,-1.,0.));
#2622=DIRECTION('',(0.,-1.,0.));
#2623=DIRECTION('center_axis',(1.,0.,0.));
#2624=DIRECTION('ref_axis',(0.,0.,-1.));
#2625=DIRECTION('',(0.,-1.,0.));
#2626=DIRECTION('',(0.,-1.,0.));
#2627=DIRECTION('center_axis',(0.,0.707106781186548,0.707106781186548));
#2628=DIRECTION('ref_axis',(-1.,0.,0.));
#2629=DIRECTION('center_axis',(-4.71888504772292E-15,0.707106781186546,
0.707106781186549));
#2630=DIRECTION('ref_axis',(-1.05308325135556E-13,-0.707106781186549,0.707106781186546));
#2631=DIRECTION('',(0.,-0.707106781186547,0.707106781186547));
#2632=DIRECTION('center_axis',(0.,-1.,0.));
#2633=DIRECTION('ref_axis',(0.,0.,-1.));
#2634=DIRECTION('',(0.70710678118655,-0.707106781186545,0.));
#2635=DIRECTION('center_axis',(0.707106781186548,0.707106781186548,0.));
#2636=DIRECTION('ref_axis',(0.,0.,-1.));
#2637=DIRECTION('',(0.707106781186547,-0.707106781186547,0.));
#2638=DIRECTION('center_axis',(0.,1.,0.));
#2639=DIRECTION('ref_axis',(0.,0.,1.));
#2640=DIRECTION('',(0.,-0.707106781186547,0.707106781186547));
#2641=DIRECTION('center_axis',(0.,0.707106781186548,0.707106781186548));
#2642=DIRECTION('ref_axis',(1.,0.,0.));
#2643=DIRECTION('',(0.,-0.707106781186547,0.707106781186547));
#2644=DIRECTION('center_axis',(0.,-1.,0.));
#2645=DIRECTION('ref_axis',(0.,0.,-1.));
#2646=DIRECTION('',(0.70710678118655,-0.707106781186545,0.));
#2647=DIRECTION('center_axis',(0.707106781186548,0.707106781186548,-8.177564888978E-17));
#2648=DIRECTION('ref_axis',(1.15648231731787E-16,0.,1.));
#2649=DIRECTION('center_axis',(0.707106781186558,0.707106781186538,-2.15427360874309E-14));
#2650=DIRECTION('ref_axis',(0.707106781186537,-0.707106781186558,2.39763318363623E-14));
#2651=DIRECTION('center_axis',(-0.707106781186548,0.707106781186548,0.));
#2652=DIRECTION('ref_axis',(0.,0.,1.));
#2653=DIRECTION('',(-0.707106781186547,-0.707106781186547,0.));
#2654=DIRECTION('center_axis',(0.,-1.,0.));
#2655=DIRECTION('ref_axis',(0.,0.,-1.));
#2656=DIRECTION('',(0.,-0.707106781186547,0.707106781186547));
#2657=DIRECTION('center_axis',(0.,0.707106781186548,0.707106781186548));
#2658=DIRECTION('ref_axis',(-1.,0.,0.));
#2659=DIRECTION('center_axis',(-1.17972126193069E-14,0.707106781186554,
0.707106781186541));
#2660=DIRECTION('ref_axis',(-2.7167777997148E-13,-0.707106781186541,0.707106781186554));
#2661=DIRECTION('center_axis',(-0.707106781186548,0.707106781186548,0.));
#2662=DIRECTION('ref_axis',(0.,0.,1.));
#2663=DIRECTION('center_axis',(0.,0.707106781186548,-0.707106781186548));
#2664=DIRECTION('ref_axis',(1.,0.,0.));
#2665=DIRECTION('center_axis',(9.02743226520891E-15,0.707106781186545,-0.70710678118655));
#2666=DIRECTION('ref_axis',(5.42028144079842E-13,0.70710678118655,0.707106781186545));
#2667=DIRECTION('',(-2.4532694666934E-15,-0.707106781186547,-0.707106781186547));
#2668=DIRECTION('center_axis',(0.,-1.,0.));
#2669=DIRECTION('ref_axis',(0.,0.,-1.));
#2670=DIRECTION('',(-0.633430791721744,-0.707106781186548,-0.314269680527353));
#2671=DIRECTION('center_axis',(0.,1.,0.));
#2672=DIRECTION('ref_axis',(0.,0.,1.));
#2673=DIRECTION('',(-0.314269680527356,-0.707106781186548,-0.633430791721742));
#2674=DIRECTION('center_axis',(0.,-1.,0.));
#2675=DIRECTION('ref_axis',(0.,0.,-1.));
#2676=DIRECTION('',(-0.707106781186547,-0.707106781186547,0.));
#2677=DIRECTION('center_axis',(-0.707106781186548,0.707106781186548,0.));
#2678=DIRECTION('ref_axis',(0.,0.,1.));
#2679=DIRECTION('center_axis',(0.707106781186552,0.707106781186543,-8.17756488897805E-17));
#2680=DIRECTION('ref_axis',(1.15648231731787E-16,1.23259516440783E-32,1.));
#2681=DIRECTION('',(0.707106781186543,-0.707106781186552,0.));
#2682=DIRECTION('center_axis',(0.,-1.,0.));
#2683=DIRECTION('ref_axis',(0.,0.,-1.));
#2684=DIRECTION('',(0.,-0.707106781186552,-0.707106781186543));
#2685=DIRECTION('center_axis',(0.,0.707106781186543,-0.707106781186552));
#2686=DIRECTION('ref_axis',(-1.,0.,0.));
#2687=DIRECTION('',(0.,-0.707106781186552,-0.707106781186543));
#2688=DIRECTION('center_axis',(0.,1.,0.));
#2689=DIRECTION('ref_axis',(0.,0.,1.));
#2690=DIRECTION('',(0.707106781186543,-0.707106781186552,0.));
#2691=DIRECTION('center_axis',(0.707106781186552,0.707106781186543,0.));
#2692=DIRECTION('ref_axis',(0.,0.,-1.));
#2693=DIRECTION('',(0.707106781186543,-0.707106781186552,0.));
#2694=DIRECTION('center_axis',(0.,-1.,0.));
#2695=DIRECTION('ref_axis',(0.,0.,-1.));
#2696=DIRECTION('',(0.,-0.707106781186555,-0.70710678118654));
#2697=DIRECTION('center_axis',(0.,0.707106781186543,-0.707106781186552));
#2698=DIRECTION('ref_axis',(1.,0.,0.));
#2699=DIRECTION('center_axis',(9.43777009544554E-15,0.70710678118655,-0.707106781186546));
#2700=DIRECTION('ref_axis',(5.15479826818898E-14,0.707106781186546,0.70710678118655));
#2701=DIRECTION('center_axis',(0.,1.,0.));
#2702=DIRECTION('ref_axis',(0.,0.,1.));
#2703=DIRECTION('center_axis',(0.,1.,0.));
#2704=DIRECTION('ref_axis',(0.,0.,1.));
#2705=DIRECTION('center_axis',(0.,1.,0.));
#2706=DIRECTION('ref_axis',(0.,0.,1.));
#2707=DIRECTION('center_axis',(0.,1.,0.));
#2708=DIRECTION('ref_axis',(0.,0.,1.));
#2709=DIRECTION('center_axis',(0.,1.,0.));
#2710=DIRECTION('ref_axis',(0.,0.,1.));
#2711=DIRECTION('center_axis',(0.,1.,0.));
#2712=DIRECTION('ref_axis',(0.,0.,1.));
#2713=DIRECTION('center_axis',(0.,-1.,0.));
#2714=DIRECTION('ref_axis',(0.,0.,-1.));
#2715=DIRECTION('center_axis',(0.,-1.,0.));
#2716=DIRECTION('ref_axis',(0.,0.,-1.));
#2717=DIRECTION('center_axis',(0.,1.,0.));
#2718=DIRECTION('ref_axis',(0.408248290463866,0.,-0.912870929175276));
#2719=DIRECTION('center_axis',(0.,1.,0.));
#2720=DIRECTION('ref_axis',(0.,0.,1.));
#2721=DIRECTION('center_axis',(0.,1.,0.));
#2722=DIRECTION('ref_axis',(0.,0.,1.));
#2723=DIRECTION('center_axis',(0.,1.,0.));
#2724=DIRECTION('ref_axis',(0.,0.,1.));
#2725=DIRECTION('center_axis',(0.,1.,0.));
#2726=DIRECTION('ref_axis',(0.,0.,1.));
#2727=DIRECTION('',(0.,0.,1.));
#2728=DIRECTION('',(1.,0.,0.));
#2729=CARTESIAN_POINT('',(0.,0.,0.));
#2730=CARTESIAN_POINT('',(0.,0.,0.));
#2731=CARTESIAN_POINT('Origin',(25.,2.25,5.00000000000001));
#2732=CARTESIAN_POINT('',(28.,2.25,2.20491502812526));
#2733=CARTESIAN_POINT('',(28.,2.25,7.79508497187475));
#2734=CARTESIAN_POINT('',(28.,2.25,-12.5));
#2735=CARTESIAN_POINT('',(27.1666666666667,2.25,2.57759302437523));
#2736=CARTESIAN_POINT('Origin',(27.5,2.25,2.20491502812527));
#2737=CARTESIAN_POINT('',(27.1666666666667,2.25,7.42240697562478));
#2738=CARTESIAN_POINT('Origin',(25.,2.25,5.00000000000001));
#2739=CARTESIAN_POINT('Origin',(27.5,2.25,7.79508497187475));
#2740=CARTESIAN_POINT('',(25.,2.25,3.45000000000001));
#2741=CARTESIAN_POINT('Origin',(25.,2.25,5.00000000000001));
#2742=CARTESIAN_POINT('Origin',(16.,2.25,-26.5));
#2743=CARTESIAN_POINT('',(14.,2.25,-29.2950849718747));
#2744=CARTESIAN_POINT('',(14.,2.25,-29.5));
#2745=CARTESIAN_POINT('',(14.,2.25,-29.0617376914899));
#2746=CARTESIAN_POINT('',(13.8333333333333,2.25,-28.9224069756248));
#2747=CARTESIAN_POINT('Origin',(13.5,2.25,-29.2950849718747));
#2748=CARTESIAN_POINT('',(18.1666666666667,2.25,-28.9224069756248));
#2749=CARTESIAN_POINT('Origin',(16.,2.25,-26.5));
#2750=CARTESIAN_POINT('',(18.,2.25,-29.2950849718747));
#2751=CARTESIAN_POINT('Origin',(18.5,2.25,-29.2950849718747));
#2752=CARTESIAN_POINT('',(18.,2.25,-29.5));
#2753=CARTESIAN_POINT('',(18.,2.25,-29.0617376914899));
#2754=CARTESIAN_POINT('',(18.5,2.25,-30.));
#2755=CARTESIAN_POINT('Origin',(18.5,2.25,-29.5));
#2756=CARTESIAN_POINT('',(13.5,2.25,-30.));
#2757=CARTESIAN_POINT('',(-5.99999999999999,2.25,-30.));
#2758=CARTESIAN_POINT('Origin',(13.5,2.25,-29.5));
#2759=CARTESIAN_POINT('',(16.,2.25,-28.05));
#2760=CARTESIAN_POINT('Origin',(16.,2.25,-26.5));
#2761=CARTESIAN_POINT('Origin',(23.,2.25,-15.));
#2762=CARTESIAN_POINT('',(23.,2.25,-18.25));
#2763=CARTESIAN_POINT('Origin',(23.,2.25,-15.));
#2764=CARTESIAN_POINT('',(23.,2.25,-16.55));
#2765=CARTESIAN_POINT('Origin',(23.,2.25,-15.));
#2766=CARTESIAN_POINT('Origin',(16.,2.25,26.5));
#2767=CARTESIAN_POINT('',(18.5,2.25,30.));
#2768=CARTESIAN_POINT('',(13.5,2.25,30.));
#2769=CARTESIAN_POINT('',(-5.99999999999999,2.25,30.));
#2770=CARTESIAN_POINT('',(18.,2.25,29.5));
#2771=CARTESIAN_POINT('Origin',(18.5,2.25,29.5));
#2772=CARTESIAN_POINT('',(18.,2.25,29.2950849718747));
#2773=CARTESIAN_POINT('',(18.,2.25,29.0617376914899));
#2774=CARTESIAN_POINT('',(18.1666666666667,2.25,28.9224069756248));
#2775=CARTESIAN_POINT('Origin',(18.5,2.25,29.2950849718747));
#2776=CARTESIAN_POINT('',(13.8333333333333,2.25,28.9224069756248));
#2777=CARTESIAN_POINT('Origin',(16.,2.25,26.5));
#2778=CARTESIAN_POINT('',(14.,2.25,29.2950849718747));
#2779=CARTESIAN_POINT('Origin',(13.5,2.25,29.2950849718747));
#2780=CARTESIAN_POINT('',(14.,2.25,29.5));
#2781=CARTESIAN_POINT('',(14.,2.25,29.0617376914899));
#2782=CARTESIAN_POINT('Origin',(13.5,2.25,29.5));
#2783=CARTESIAN_POINT('',(16.,2.25,24.95));
#2784=CARTESIAN_POINT('Origin',(16.,2.25,26.5));
#2785=CARTESIAN_POINT('Origin',(28.,4.,-30.));
#2786=CARTESIAN_POINT('',(28.,3.50000000000001,2.20491502812527));
#2787=CARTESIAN_POINT('',(28.,4.,2.20491502812526));
#2788=CARTESIAN_POINT('',(28.,3.50000000000002,7.79508497187475));
#2789=CARTESIAN_POINT('',(28.,2.5,7.79508497187475));
#2790=CARTESIAN_POINT('',(28.,3.50000000000002,21.));
#2791=CARTESIAN_POINT('',(28.,3.50000000000002,21.));
#2792=CARTESIAN_POINT('',(28.,0.,21.));
#2793=CARTESIAN_POINT('',(28.,4.,21.));
#2794=CARTESIAN_POINT('',(28.,0.,-21.));
#2795=CARTESIAN_POINT('',(28.,0.,-30.));
#2796=CARTESIAN_POINT('',(28.,3.50000000000001,-21.));
#2797=CARTESIAN_POINT('',(28.,4.,-21.));
#2798=CARTESIAN_POINT('',(28.,3.50000000000001,3.75));
#2799=CARTESIAN_POINT('Origin',(-28.,4.,-30.));
#2800=CARTESIAN_POINT('',(13.5,3.5,-30.));
#2801=CARTESIAN_POINT('',(13.5,2.5,-30.));
#2802=CARTESIAN_POINT('',(18.5,3.50000000000001,-30.));
#2803=CARTESIAN_POINT('',(18.5,2.5,-30.));
#2804=CARTESIAN_POINT('',(19.,3.50000000000001,-30.));
#2805=CARTESIAN_POINT('',(19.,3.50000000000001,-30.));
#2806=CARTESIAN_POINT('',(19.,0.,-30.));
#2807=CARTESIAN_POINT('',(19.,4.,-30.));
#2808=CARTESIAN_POINT('',(6.53112887414927,0.,-30.));
#2809=CARTESIAN_POINT('',(-28.,0.,-30.));
#2810=CARTESIAN_POINT('',(6.53112887414927,3.5,-30.));
#2811=CARTESIAN_POINT('',(6.53112887414927,4.,-30.));
#2812=CARTESIAN_POINT('',(14.,3.5,-30.));
#2813=CARTESIAN_POINT('Origin',(-28.,4.,30.));
#2814=CARTESIAN_POINT('',(18.5,3.50000000000002,30.));
#2815=CARTESIAN_POINT('',(18.5,2.5,30.));
#2816=CARTESIAN_POINT('',(13.5,3.50000000000001,30.));
#2817=CARTESIAN_POINT('',(13.5,2.5,30.));
#2818=CARTESIAN_POINT('',(4.5,3.50000000000001,30.));
#2819=CARTESIAN_POINT('',(4.5,3.50000000000001,30.));
#2820=CARTESIAN_POINT('',(4.5,0.,30.));
#2821=CARTESIAN_POINT('',(4.5,4.,30.));
#2822=CARTESIAN_POINT('',(19.,0.,30.));
#2823=CARTESIAN_POINT('',(-28.,0.,30.));
#2824=CARTESIAN_POINT('',(19.,3.50000000000002,30.));
#2825=CARTESIAN_POINT('',(19.,4.,30.));
#2826=CARTESIAN_POINT('',(18.,3.50000000000002,30.));
#2827=CARTESIAN_POINT('Origin',(27.5,2.5,2.20491502812527));
#2828=CARTESIAN_POINT('',(27.5,4.,2.70491502812526));
#2829=CARTESIAN_POINT('Origin',(27.5000000000001,3.99999999999989,2.2049150281254));
#2830=CARTESIAN_POINT('',(27.1666666666667,4.,2.57759302437523));
#2831=CARTESIAN_POINT('Origin',(27.5,4.,2.20491502812527));
#2832=CARTESIAN_POINT('',(27.1666666666667,2.5,2.57759302437523));
#2833=CARTESIAN_POINT('Origin',(25.,2.5,5.00000000000001));
#2834=CARTESIAN_POINT('',(27.1666666666667,4.,7.42240697562478));
#2835=CARTESIAN_POINT('Origin',(25.,4.,5.00000000000001));
#2836=CARTESIAN_POINT('',(27.1666666666667,2.5,7.42240697562478));
#2837=CARTESIAN_POINT('Origin',(23.,2.5,-15.));
#2838=CARTESIAN_POINT('',(23.,4.,-18.25));
#2839=CARTESIAN_POINT('',(23.,2.5,-18.25));
#2840=CARTESIAN_POINT('Origin',(23.,4.,-15.));
#2841=CARTESIAN_POINT('Origin',(16.,2.5,-26.5));
#2842=CARTESIAN_POINT('',(13.8333333333333,4.,-28.9224069756248));
#2843=CARTESIAN_POINT('',(13.8333333333333,2.5,-28.9224069756248));
#2844=CARTESIAN_POINT('',(18.1666666666667,4.,-28.9224069756248));
#2845=CARTESIAN_POINT('Origin',(16.,4.,-26.5));
#2846=CARTESIAN_POINT('',(18.1666666666667,2.5,-28.9224069756248));
#2847=CARTESIAN_POINT('Origin',(11.5,0.,-2.));
#2848=CARTESIAN_POINT('',(11.5,0.,-6.));
#2849=CARTESIAN_POINT('Origin',(11.5,0.,-2.));
#2850=CARTESIAN_POINT('',(11.5,4.,-6.));
#2851=CARTESIAN_POINT('',(11.5,0.,-6.));
#2852=CARTESIAN_POINT('Origin',(11.5,4.,-2.));
#2853=CARTESIAN_POINT('Origin',(9.5,2.6,-24.));
#2854=CARTESIAN_POINT('',(8.75,2.6,-24.));
#2855=CARTESIAN_POINT('',(10.25,2.6,-24.));
#2856=CARTESIAN_POINT('Origin',(9.5,2.6,-24.));
#2857=CARTESIAN_POINT('',(8.75,4.,-24.));
#2858=CARTESIAN_POINT('',(8.75,2.6,-24.));
#2859=CARTESIAN_POINT('',(10.25,4.,-24.));
#2860=CARTESIAN_POINT('Origin',(9.5,4.,-24.));
#2861=CARTESIAN_POINT('',(10.25,2.6,-24.));
#2862=CARTESIAN_POINT('Origin',(7.88205080756887,2.6,28.338268590218));
#2863=CARTESIAN_POINT('',(7.50705080756887,2.6,28.9877876430563));
#2864=CARTESIAN_POINT('',(8.25705080756888,2.6,27.6887495373797));
#2865=CARTESIAN_POINT('Origin',(7.88205080756887,2.6,28.338268590218));
#2866=CARTESIAN_POINT('',(7.50705080756887,4.,28.9877876430563));
#2867=CARTESIAN_POINT('',(7.50705080756887,2.6,28.9877876430563));
#2868=CARTESIAN_POINT('',(8.25705080756888,4.,27.6887495373797));
#2869=CARTESIAN_POINT('Origin',(7.88205080756887,4.,28.338268590218));
#2870=CARTESIAN_POINT('',(8.25705080756888,2.6,27.6887495373797));
#2871=CARTESIAN_POINT('Origin',(10.5820508075689,2.6,23.661731409782));
#2872=CARTESIAN_POINT('',(10.2070508075689,2.6,24.3112504626204));
#2873=CARTESIAN_POINT('',(10.9570508075689,2.6,23.0122123569437));
#2874=CARTESIAN_POINT('Origin',(10.5820508075689,2.6,23.661731409782));
#2875=CARTESIAN_POINT('',(10.2070508075689,4.,24.3112504626204));
#2876=CARTESIAN_POINT('',(10.2070508075689,2.6,24.3112504626204));
#2877=CARTESIAN_POINT('',(10.9570508075689,4.,23.0122123569437));
#2878=CARTESIAN_POINT('Origin',(10.5820508075689,4.,23.661731409782));
#2879=CARTESIAN_POINT('',(10.9570508075689,2.6,23.0122123569437));
#2880=CARTESIAN_POINT('Origin',(7.5,1.,25.));
#2881=CARTESIAN_POINT('',(7.5,1.,22.6));
#2882=CARTESIAN_POINT('Origin',(7.5,1.,25.));
#2883=CARTESIAN_POINT('',(7.5,2.6,22.6));
#2884=CARTESIAN_POINT('',(7.5,1.,22.6));
#2885=CARTESIAN_POINT('',(7.26333791839474,2.6,22.6116970336387));
#2886=CARTESIAN_POINT('Origin',(7.5,2.6,25.));
#2887=CARTESIAN_POINT('',(7.26333791839474,4.,22.6116970336387));
#2888=CARTESIAN_POINT('',(7.26333791839474,1.,22.6116970336387));
#2889=CARTESIAN_POINT('',(5.31333791839474,4.,25.989196108398));
#2890=CARTESIAN_POINT('Origin',(7.5,4.,25.));
#2891=CARTESIAN_POINT('',(5.31333791839474,2.6,25.989196108398));
#2892=CARTESIAN_POINT('',(5.31333791839474,1.,25.989196108398));
#2893=CARTESIAN_POINT('',(7.73666208160526,2.6,27.3883029663613));
#2894=CARTESIAN_POINT('Origin',(7.5,2.6,25.));
#2895=CARTESIAN_POINT('',(7.73666208160526,4.,27.3883029663613));
#2896=CARTESIAN_POINT('',(7.73666208160526,1.,27.3883029663613));
#2897=CARTESIAN_POINT('',(9.68666208160527,4.,24.010803891602));
#2898=CARTESIAN_POINT('Origin',(7.5,4.,25.));
#2899=CARTESIAN_POINT('',(9.68666208160527,2.6,24.010803891602));
#2900=CARTESIAN_POINT('',(9.68666208160527,1.,24.010803891602));
#2901=CARTESIAN_POINT('Origin',(7.5,2.6,25.));
#2902=CARTESIAN_POINT('Origin',(7.,1.,-26.));
#2903=CARTESIAN_POINT('',(7.,1.,-28.4));
#2904=CARTESIAN_POINT('Origin',(7.,1.,-26.));
#2905=CARTESIAN_POINT('',(7.,4.,-28.4));
#2906=CARTESIAN_POINT('',(7.,1.,-28.4));
#2907=CARTESIAN_POINT('',(8.75,4.,-24.3575932294343));
#2908=CARTESIAN_POINT('Origin',(7.,4.,-26.));
#2909=CARTESIAN_POINT('',(8.75,2.6,-24.3575932294343));
#2910=CARTESIAN_POINT('',(8.75,1.,-24.3575932294343));
#2911=CARTESIAN_POINT('',(8.75,2.6,-27.6424067705657));
#2912=CARTESIAN_POINT('Origin',(7.,2.6,-26.));
#2913=CARTESIAN_POINT('',(8.75,4.,-27.6424067705657));
#2914=CARTESIAN_POINT('',(8.75,1.,-27.6424067705657));
#2915=CARTESIAN_POINT('Origin',(7.,4.,-26.));
#2916=CARTESIAN_POINT('Origin',(16.,0.,-26.5));
#2917=CARTESIAN_POINT('',(16.,0.,-28.05));
#2918=CARTESIAN_POINT('Origin',(16.,0.,-26.5));
#2919=CARTESIAN_POINT('',(16.,0.,-28.05));
#2920=CARTESIAN_POINT('Origin',(23.,0.,-15.));
#2921=CARTESIAN_POINT('',(23.,0.,-16.55));
#2922=CARTESIAN_POINT('Origin',(23.,0.,-15.));
#2923=CARTESIAN_POINT('',(23.,0.,-16.55));
#2924=CARTESIAN_POINT('Origin',(25.,0.,5.00000000000001));
#2925=CARTESIAN_POINT('',(25.,0.,3.45000000000001));
#2926=CARTESIAN_POINT('Origin',(25.,0.,5.00000000000001));
#2927=CARTESIAN_POINT('',(25.,0.,3.45000000000001));
#2928=CARTESIAN_POINT('Origin',(16.,0.,26.5));
#2929=CARTESIAN_POINT('',(16.,0.,24.95));
#2930=CARTESIAN_POINT('Origin',(16.,0.,26.5));
#2931=CARTESIAN_POINT('',(16.,0.,24.95));
#2932=CARTESIAN_POINT('Origin',(0.,4.,0.));
#2933=CARTESIAN_POINT('',(8.75,4.,-19.1));
#2934=CARTESIAN_POINT('',(8.75,4.,-21.3));
#2935=CARTESIAN_POINT('Origin',(8.75,4.,-20.2));
#2936=CARTESIAN_POINT('',(8.75,4.,-8.90000000000001));
#2937=CARTESIAN_POINT('',(8.75,4.,-21.3));
#2938=CARTESIAN_POINT('',(8.75,4.,-6.7));
#2939=CARTESIAN_POINT('Origin',(8.75,4.,-7.80000000000001));
#2940=CARTESIAN_POINT('',(3.99999999999999,4.,-6.7));
#2941=CARTESIAN_POINT('',(4.25,4.,-6.7));
#2942=CARTESIAN_POINT('',(3.99999999999999,4.,4.7));
#2943=CARTESIAN_POINT('',(3.99999999999999,4.,4.7));
#2944=CARTESIAN_POINT('',(8.8,4.,4.7));
#2945=CARTESIAN_POINT('',(4.2,4.,4.7));
#2946=CARTESIAN_POINT('',(8.8,4.,6.9));
#2947=CARTESIAN_POINT('Origin',(8.8,4.,5.8));
#2948=CARTESIAN_POINT('',(8.8,4.,17.1));
#2949=CARTESIAN_POINT('',(8.8,4.,4.7));
#2950=CARTESIAN_POINT('',(8.8,4.,19.3));
#2951=CARTESIAN_POINT('Origin',(8.8,4.,18.2));
#2952=CARTESIAN_POINT('',(3.99999999999999,4.,19.3));
#2953=CARTESIAN_POINT('',(4.2,4.,19.3));
#2954=CARTESIAN_POINT('',(3.99999999999999,4.,25.7155178595511));
#2955=CARTESIAN_POINT('',(3.99999999999999,4.,29.));
#2956=CARTESIAN_POINT('',(4.79294919243112,4.,25.6887495373797));
#2957=CARTESIAN_POINT('Origin',(4.41794919243112,4.,26.338268590218));
#2958=CARTESIAN_POINT('',(4.79294919243112,4.,25.6887495373797));
#2959=CARTESIAN_POINT('',(6.74294919243113,4.,22.3112504626204));
#2960=CARTESIAN_POINT('',(6.74294919243113,4.,22.3112504626204));
#2961=CARTESIAN_POINT('',(7.49294919243114,4.,21.0122123569437));
#2962=CARTESIAN_POINT('Origin',(7.11794919243113,4.,21.661731409782));
#2963=CARTESIAN_POINT('',(7.49294919243114,4.,21.0122123569437));
#2964=CARTESIAN_POINT('',(6.74294919243113,4.,22.3112504626204));
#2965=CARTESIAN_POINT('',(4.79294919243112,4.,25.6887495373797));
#2966=CARTESIAN_POINT('',(4.04294919243112,4.,26.9877876430563));
#2967=CARTESIAN_POINT('',(4.04294919243112,4.,26.9877876430563));
#2968=CARTESIAN_POINT('',(3.99999999999999,4.,26.9610193208849));
#2969=CARTESIAN_POINT('Origin',(4.41794919243112,4.,26.338268590218));
#2970=CARTESIAN_POINT('',(3.99999999999999,4.,29.));
#2971=CARTESIAN_POINT('',(3.99999999999999,4.,29.));
#2972=CARTESIAN_POINT('',(4.5,4.,29.5));
#2973=CARTESIAN_POINT('Origin',(4.5,4.,29.));
#2974=CARTESIAN_POINT('',(14.,4.,29.5));
#2975=CARTESIAN_POINT('',(14.,4.,29.5));
#2976=CARTESIAN_POINT('',(14.,4.,29.2950849718747));
#2977=CARTESIAN_POINT('',(14.,4.,29.0617376914899));
#2978=CARTESIAN_POINT('',(13.8333333333333,4.,28.9224069756248));
#2979=CARTESIAN_POINT('Origin',(13.5,4.,29.2950849718747));
#2980=CARTESIAN_POINT('',(18.1666666666667,4.,28.9224069756248));
#2981=CARTESIAN_POINT('Origin',(16.,4.,26.5));
#2982=CARTESIAN_POINT('',(18.,4.,29.2950849718747));
#2983=CARTESIAN_POINT('Origin',(18.5,4.,29.2950849718747));
#2984=CARTESIAN_POINT('',(18.,4.,29.5));
#2985=CARTESIAN_POINT('',(18.,4.,29.0617376914899));
#2986=CARTESIAN_POINT('',(19.,4.,29.5));
#2987=CARTESIAN_POINT('',(19.,4.,29.5));
#2988=CARTESIAN_POINT('',(20.5,4.,28.));
#2989=CARTESIAN_POINT('Origin',(19.,4.,28.));
#2990=CARTESIAN_POINT('',(20.5,4.,26.));
#2991=CARTESIAN_POINT('',(20.5,4.,26.));
#2992=CARTESIAN_POINT('',(24.,4.,22.5));
#2993=CARTESIAN_POINT('Origin',(24.,4.,26.));
#2994=CARTESIAN_POINT('',(26.,4.,22.5));
#2995=CARTESIAN_POINT('',(26.,4.,22.5));
#2996=CARTESIAN_POINT('',(27.5,4.,21.));
#2997=CARTESIAN_POINT('Origin',(26.,4.,21.));
#2998=CARTESIAN_POINT('',(27.5,4.,7.29508497187475));
#2999=CARTESIAN_POINT('',(27.5,4.,6.25000000000002));
#3000=CARTESIAN_POINT('Origin',(27.5,4.,7.79508497187475));
#3001=CARTESIAN_POINT('',(27.5,4.,-21.));
#3002=CARTESIAN_POINT('',(27.5,4.,-21.));
#3003=CARTESIAN_POINT('',(26.,4.,-22.5));
#3004=CARTESIAN_POINT('Origin',(26.,4.,-21.));
#3005=CARTESIAN_POINT('',(24.,4.,-22.5));
#3006=CARTESIAN_POINT('',(24.,4.,-22.5));
#3007=CARTESIAN_POINT('',(20.5,4.,-26.));
#3008=CARTESIAN_POINT('Origin',(24.,4.,-26.));
#3009=CARTESIAN_POINT('',(20.5,4.,-28.));
#3010=CARTESIAN_POINT('',(20.5,4.,-28.));
#3011=CARTESIAN_POINT('',(19.,4.,-29.5));
#3012=CARTESIAN_POINT('Origin',(19.,4.,-28.));
#3013=CARTESIAN_POINT('',(18.,4.,-29.5));
#3014=CARTESIAN_POINT('',(18.,4.,-29.5));
#3015=CARTESIAN_POINT('',(18.,4.,-29.2950849718747));
#3016=CARTESIAN_POINT('',(18.,4.,-29.0617376914899));
#3017=CARTESIAN_POINT('Origin',(18.5,4.,-29.2950849718747));
#3018=CARTESIAN_POINT('',(14.,4.,-29.2950849718747));
#3019=CARTESIAN_POINT('Origin',(13.5,4.,-29.2950849718747));
#3020=CARTESIAN_POINT('',(14.,4.,-29.5));
#3021=CARTESIAN_POINT('',(14.,4.,-29.0617376914899));
#3022=CARTESIAN_POINT('',(6.53112887414927,4.,-29.5));
#3023=CARTESIAN_POINT('',(6.53112887414927,4.,-29.5));
#3024=CARTESIAN_POINT('',(6.08322566591047,4.,-29.2222222222222));
#3025=CARTESIAN_POINT('Origin',(6.53112887414927,4.,-29.));
#3026=CARTESIAN_POINT('',(4.27777777777778,4.,-27.4167743340895));
#3027=CARTESIAN_POINT('Origin',(2.5,4.,-31.));
#3028=CARTESIAN_POINT('',(4.,4.,-26.9688711258507));
#3029=CARTESIAN_POINT('Origin',(4.5,4.,-26.9688711258507));
#3030=CARTESIAN_POINT('',(4.,4.,-21.3));
#3031=CARTESIAN_POINT('',(4.,4.,-21.3));
#3032=CARTESIAN_POINT('',(4.25,4.,-21.3));
#3033=CARTESIAN_POINT('',(8.75,4.,-28.));
#3034=CARTESIAN_POINT('',(8.75,4.,-28.));
#3035=CARTESIAN_POINT('',(10.25,4.,-28.));
#3036=CARTESIAN_POINT('Origin',(9.5,4.,-28.));
#3037=CARTESIAN_POINT('',(10.25,4.,-28.));
#3038=CARTESIAN_POINT('',(8.75,4.,-28.));
#3039=CARTESIAN_POINT('Origin',(16.,2.5,26.5));
#3040=CARTESIAN_POINT('',(13.8333333333333,2.5,28.9224069756248));
#3041=CARTESIAN_POINT('',(18.1666666666667,2.5,28.9224069756248));
#3042=CARTESIAN_POINT('Origin',(0.,0.,0.));
#3043=CARTESIAN_POINT('',(3.5,0.,29.));
#3044=CARTESIAN_POINT('',(3.5,0.,-26.9688711258507));
#3045=CARTESIAN_POINT('',(3.5,0.,0.));
#3046=CARTESIAN_POINT('',(4.05555555555555,0.,-27.8646775423283));
#3047=CARTESIAN_POINT('Origin',(4.5,0.,-26.9688711258507));
#3048=CARTESIAN_POINT('',(5.63532245767166,0.,-29.4444444444444));
#3049=CARTESIAN_POINT('Origin',(2.5,0.,-31.));
#3050=CARTESIAN_POINT('Origin',(6.53112887414927,0.,-29.));
#3051=CARTESIAN_POINT('',(21.,0.,-28.));
#3052=CARTESIAN_POINT('Origin',(19.,0.,-28.));
#3053=CARTESIAN_POINT('',(21.,0.,-26.));
#3054=CARTESIAN_POINT('',(21.,0.,-30.));
#3055=CARTESIAN_POINT('',(24.,0.,-23.));
#3056=CARTESIAN_POINT('Origin',(24.,0.,-26.));
#3057=CARTESIAN_POINT('',(26.,0.,-23.));
#3058=CARTESIAN_POINT('',(28.,0.,-23.));
#3059=CARTESIAN_POINT('Origin',(26.,0.,-21.));
#3060=CARTESIAN_POINT('',(26.,0.,23.));
#3061=CARTESIAN_POINT('Origin',(26.,0.,21.));
#3062=CARTESIAN_POINT('',(24.,0.,23.));
#3063=CARTESIAN_POINT('',(28.,0.,23.));
#3064=CARTESIAN_POINT('',(21.,0.,26.));
#3065=CARTESIAN_POINT('Origin',(24.,0.,26.));
#3066=CARTESIAN_POINT('',(21.,0.,28.));
#3067=CARTESIAN_POINT('',(21.,0.,30.));
#3068=CARTESIAN_POINT('Origin',(19.,0.,28.));
#3069=CARTESIAN_POINT('Origin',(4.5,0.,29.));
#3070=CARTESIAN_POINT('Origin',(3.5,-6.,-30.));
#3071=CARTESIAN_POINT('',(3.5,3.50000000000001,29.));
#3072=CARTESIAN_POINT('',(3.5,-6.,29.));
#3073=CARTESIAN_POINT('',(3.5,3.50000000000001,19.3));
#3074=CARTESIAN_POINT('',(3.5,3.50000000000001,19.3));
#3075=CARTESIAN_POINT('',(3.5,1.3,19.3));
#3076=CARTESIAN_POINT('',(3.5,4.,19.3));
#3077=CARTESIAN_POINT('',(3.5,1.3,4.7));
#3078=CARTESIAN_POINT('',(3.5,1.3,19.3));
#3079=CARTESIAN_POINT('',(3.5,3.50000000000001,4.7));
#3080=CARTESIAN_POINT('',(3.5,1.3,4.7));
#3081=CARTESIAN_POINT('',(3.5,3.50000000000001,-6.7));
#3082=CARTESIAN_POINT('',(3.5,3.50000000000001,-6.7));
#3083=CARTESIAN_POINT('',(3.5,1.3,-6.7));
#3084=CARTESIAN_POINT('',(3.5,4.,-6.7));
#3085=CARTESIAN_POINT('',(3.49999999999999,1.3,-21.3));
#3086=CARTESIAN_POINT('',(3.5,1.3,-6.7));
#3087=CARTESIAN_POINT('',(3.49999999999999,3.5,-21.3));
#3088=CARTESIAN_POINT('',(3.49999999999999,1.3,-21.3));
#3089=CARTESIAN_POINT('',(3.5,3.5,-26.9688711258507));
#3090=CARTESIAN_POINT('',(3.5,3.5,-26.9688711258507));
#3091=CARTESIAN_POINT('',(3.5,-6.,-26.9688711258507));
#3092=CARTESIAN_POINT('Origin',(21.,0.,30.));
#3093=CARTESIAN_POINT('',(21.,3.50000000000002,26.));
#3094=CARTESIAN_POINT('',(21.,4.,26.));
#3095=CARTESIAN_POINT('',(21.,3.50000000000002,28.));
#3096=CARTESIAN_POINT('',(21.,3.50000000000002,28.));
#3097=CARTESIAN_POINT('',(21.,0.,28.));
#3098=CARTESIAN_POINT('Origin',(28.,0.,23.));
#3099=CARTESIAN_POINT('',(26.,3.50000000000002,23.));
#3100=CARTESIAN_POINT('',(26.,0.,23.));
#3101=CARTESIAN_POINT('',(24.,3.50000000000002,23.));
#3102=CARTESIAN_POINT('',(24.,3.50000000000002,23.));
#3103=CARTESIAN_POINT('',(24.,0.,23.));
#3104=CARTESIAN_POINT('Origin',(28.,0.,-23.));
#3105=CARTESIAN_POINT('',(24.,3.50000000000001,-23.));
#3106=CARTESIAN_POINT('',(24.,4.,-23.));
#3107=CARTESIAN_POINT('',(26.,3.50000000000001,-23.));
#3108=CARTESIAN_POINT('',(26.,3.50000000000001,-23.));
#3109=CARTESIAN_POINT('',(26.,0.,-23.));
#3110=CARTESIAN_POINT('Origin',(21.,0.,-30.));
#3111=CARTESIAN_POINT('',(21.,3.50000000000001,-28.));
#3112=CARTESIAN_POINT('',(21.,0.,-28.));
#3113=CARTESIAN_POINT('',(21.,3.50000000000001,-26.));
#3114=CARTESIAN_POINT('',(21.,3.50000000000001,-26.));
#3115=CARTESIAN_POINT('',(21.,0.,-26.));
#3116=CARTESIAN_POINT('Origin',(7.,1.,-26.));
#3117=CARTESIAN_POINT('Origin',(7.5,1.,25.));
#3118=CARTESIAN_POINT('Origin',(6.74294919243113,2.6,22.3112504626204));
#3119=CARTESIAN_POINT('',(6.74294919243113,2.6,22.3112504626204));
#3120=CARTESIAN_POINT('Origin',(6.74294919243113,2.6,22.3112504626204));
#3121=CARTESIAN_POINT('',(6.74294919243113,2.6,22.3112504626204));
#3122=CARTESIAN_POINT('',(6.74294919243113,2.6,22.3112504626204));
#3123=CARTESIAN_POINT('',(6.74294919243113,2.6,22.3112504626204));
#3124=CARTESIAN_POINT('Origin',(7.11794919243113,2.6,21.661731409782));
#3125=CARTESIAN_POINT('',(7.49294919243114,2.6,21.0122123569437));
#3126=CARTESIAN_POINT('',(7.49294919243114,2.6,21.0122123569437));
#3127=CARTESIAN_POINT('Origin',(7.11794919243113,2.6,21.661731409782));
#3128=CARTESIAN_POINT('Origin',(7.11794919243113,2.6,21.661731409782));
#3129=CARTESIAN_POINT('',(7.49294919243114,2.6,21.0122123569437));
#3130=CARTESIAN_POINT('Origin',(7.49294919243114,2.6,21.0122123569437));
#3131=CARTESIAN_POINT('Origin',(4.79294919243112,2.6,25.6887495373797));
#3132=CARTESIAN_POINT('',(4.79294919243112,2.6,25.6887495373797));
#3133=CARTESIAN_POINT('',(4.79294919243112,2.6,25.6887495373797));
#3134=CARTESIAN_POINT('',(4.79294919243112,2.6,25.6887495373797));
#3135=CARTESIAN_POINT('Origin',(4.79294919243112,2.6,25.6887495373797));
#3136=CARTESIAN_POINT('',(4.79294919243112,2.6,25.6887495373797));
#3137=CARTESIAN_POINT('Origin',(4.41794919243112,2.6,26.338268590218));
#3138=CARTESIAN_POINT('',(4.04294919243112,2.6,26.9877876430563));
#3139=CARTESIAN_POINT('Origin',(4.41794919243112,2.6,26.338268590218));
#3140=CARTESIAN_POINT('',(4.04294919243112,2.6,26.9877876430563));
#3141=CARTESIAN_POINT('Origin',(4.41794919243112,2.6,26.338268590218));
#3142=CARTESIAN_POINT('Origin',(4.41794919243117,4.41794919243118,26.338268590218));
#3143=CARTESIAN_POINT('',(4.04294919243112,2.6,26.9877876430563));
#3144=CARTESIAN_POINT('Origin',(4.04294919243112,2.6,26.9877876430563));
#3145=CARTESIAN_POINT('Origin',(8.75,2.6,-28.));
#3146=CARTESIAN_POINT('',(8.75,2.6,-28.));
#3147=CARTESIAN_POINT('Origin',(8.75,2.6,-28.));
#3148=CARTESIAN_POINT('',(8.75,2.6,-28.));
#3149=CARTESIAN_POINT('',(8.75,2.6,-28.));
#3150=CARTESIAN_POINT('',(8.75,2.6,-28.));
#3151=CARTESIAN_POINT('Origin',(9.5,2.6,-28.));
#3152=CARTESIAN_POINT('',(10.25,2.6,-28.));
#3153=CARTESIAN_POINT('',(10.25,2.6,-28.));
#3154=CARTESIAN_POINT('Origin',(9.5,2.6,-28.));
#3155=CARTESIAN_POINT('Origin',(9.5,2.6,-28.));
#3156=CARTESIAN_POINT('',(10.25,2.6,-28.));
#3157=CARTESIAN_POINT('Origin',(10.25,2.6,-28.));
#3158=CARTESIAN_POINT('Origin',(8.8,1.3,4.7));
#3159=CARTESIAN_POINT('',(8.8,1.3,6.9));
#3160=CARTESIAN_POINT('',(8.8,-1.81126983722081,6.9));
#3161=CARTESIAN_POINT('',(8.8,1.3,17.1));
#3162=CARTESIAN_POINT('',(8.8,1.3,4.7));
#3163=CARTESIAN_POINT('',(8.8,-1.81126983722081,17.1));
#3164=CARTESIAN_POINT('Origin',(4.2,1.3,19.3));
#3165=CARTESIAN_POINT('',(3.5,3.50000000000001,19.3));
#3166=CARTESIAN_POINT('',(8.8,1.3,19.3));
#3167=CARTESIAN_POINT('',(8.8,1.3,19.3));
#3168=CARTESIAN_POINT('',(4.2,1.3,19.3));
#3169=CARTESIAN_POINT('Origin',(4.2,1.3,4.7));
#3170=CARTESIAN_POINT('',(3.5,3.50000000000001,4.70000000000001));
#3171=CARTESIAN_POINT('',(8.8,1.3,4.7));
#3172=CARTESIAN_POINT('',(4.2,1.3,4.7));
#3173=CARTESIAN_POINT('',(8.8,1.3,4.7));
#3174=CARTESIAN_POINT('Origin',(0.,1.3,0.));
#3175=CARTESIAN_POINT('Origin',(8.8,1.3,5.8));
#3176=CARTESIAN_POINT('Origin',(8.8,1.3,18.2));
#3177=CARTESIAN_POINT('Origin',(8.75,1.3,-21.3));
#3178=CARTESIAN_POINT('',(8.75,1.3,-19.1));
#3179=CARTESIAN_POINT('',(8.75,-1.81126983722081,-19.1));
#3180=CARTESIAN_POINT('',(8.75,1.3,-8.90000000000001));
#3181=CARTESIAN_POINT('',(8.75,1.3,-21.3));
#3182=CARTESIAN_POINT('',(8.75,-1.81126983722081,-8.90000000000001));
#3183=CARTESIAN_POINT('Origin',(4.25,1.3,-6.7));
#3184=CARTESIAN_POINT('',(3.5,3.50000000000001,-6.7));
#3185=CARTESIAN_POINT('',(8.75,1.3,-6.7));
#3186=CARTESIAN_POINT('',(8.75,1.3,-6.7));
#3187=CARTESIAN_POINT('',(4.25,1.3,-6.7));
#3188=CARTESIAN_POINT('Origin',(4.25,1.3,-21.3));
#3189=CARTESIAN_POINT('',(3.5,3.5,-21.3));
#3190=CARTESIAN_POINT('',(8.75,1.3,-21.3));
#3191=CARTESIAN_POINT('',(4.25,1.3,-21.3));
#3192=CARTESIAN_POINT('',(8.75,1.3,-21.3));
#3193=CARTESIAN_POINT('Origin',(0.,1.3,0.));
#3194=CARTESIAN_POINT('Origin',(8.75,1.3,-20.2));
#3195=CARTESIAN_POINT('Origin',(8.75,1.3,-7.80000000000001));
#3196=CARTESIAN_POINT('Origin',(24.,0.,26.));
#3197=CARTESIAN_POINT('Origin',(24.,3.50000000000002,26.));
#3198=CARTESIAN_POINT('Origin',(24.,0.,-26.));
#3199=CARTESIAN_POINT('Origin',(24.,3.50000000000001,-26.));
#3200=CARTESIAN_POINT('Origin',(19.,4.,28.));
#3201=CARTESIAN_POINT('Origin',(19.,3.50000000000002,28.));
#3202=CARTESIAN_POINT('Origin',(26.,0.,21.));
#3203=CARTESIAN_POINT('Origin',(26.,3.50000000000002,21.));
#3204=CARTESIAN_POINT('Origin',(26.,4.,-21.));
#3205=CARTESIAN_POINT('Origin',(26.,3.50000000000001,-21.));
#3206=CARTESIAN_POINT('Origin',(19.,0.,-28.));
#3207=CARTESIAN_POINT('Origin',(19.,3.50000000000001,-28.));
#3208=CARTESIAN_POINT('Origin',(4.5,-6.,29.));
#3209=CARTESIAN_POINT('Origin',(4.5,3.50000000000001,29.));
#3210=CARTESIAN_POINT('Origin',(2.5,-6.,-31.));
#3211=CARTESIAN_POINT('',(4.05555555555555,3.5,-27.8646775423283));
#3212=CARTESIAN_POINT('',(4.05555555555555,-6.,-27.8646775423283));
#3213=CARTESIAN_POINT('',(5.63532245767166,3.5,-29.4444444444444));
#3214=CARTESIAN_POINT('Origin',(2.5,3.5,-31.));
#3215=CARTESIAN_POINT('',(5.63532245767166,-6.,-29.4444444444444));
#3216=CARTESIAN_POINT('Origin',(4.5,-6.,-26.9688711258507));
#3217=CARTESIAN_POINT('Origin',(4.5,3.5,-26.9688711258507));
#3218=CARTESIAN_POINT('Origin',(6.53112887414927,-6.,-29.));
#3219=CARTESIAN_POINT('Origin',(6.53112887414927,3.5,-29.));
#3220=CARTESIAN_POINT('Origin',(14.,-1.60856862661082,-29.0617376914899));
#3221=CARTESIAN_POINT('',(14.,2.5,-29.2950849718747));
#3222=CARTESIAN_POINT('',(14.,-1.60856862661082,-29.5));
#3223=CARTESIAN_POINT('Origin',(18.,-1.60856862661082,-29.0617376914899));
#3224=CARTESIAN_POINT('',(18.,2.5,-29.2950849718747));
#3225=CARTESIAN_POINT('',(18.,2.5,-29.5));
#3226=CARTESIAN_POINT('Origin',(18.,-1.60856862661082,29.0617376914899));
#3227=CARTESIAN_POINT('',(18.,2.5,29.2950849718747));
#3228=CARTESIAN_POINT('',(18.,2.5,29.5));
#3229=CARTESIAN_POINT('Origin',(14.,-1.60856862661082,29.0617376914899));
#3230=CARTESIAN_POINT('',(14.,2.5,29.2950849718747));
#3231=CARTESIAN_POINT('',(14.,2.5,29.5));
#3232=CARTESIAN_POINT('Origin',(0.,4.,29.5));
#3233=CARTESIAN_POINT('Origin',(18.5000000000001,4.00000000000006,29.5));
#3234=CARTESIAN_POINT('',(19.,4.,29.5));
#3235=CARTESIAN_POINT('Origin',(19.,4.,28.));
#3236=CARTESIAN_POINT('',(20.5,4.,28.));
#3237=CARTESIAN_POINT('Origin',(21.,3.50000000000002,30.));
#3238=CARTESIAN_POINT('',(20.5,4.,26.));
#3239=CARTESIAN_POINT('Origin',(24.,4.,26.));
#3240=CARTESIAN_POINT('',(24.,4.,22.5));
#3241=CARTESIAN_POINT('Origin',(28.,3.50000000000002,23.));
#3242=CARTESIAN_POINT('',(26.,4.,22.5));
#3243=CARTESIAN_POINT('Origin',(26.,4.,21.));
#3244=CARTESIAN_POINT('',(27.5,4.,21.));
#3245=CARTESIAN_POINT('Origin',(27.5,4.,-3.18032637262415E-15));
#3246=CARTESIAN_POINT('Origin',(27.5,4.00000000000002,7.79508497187474));
#3247=CARTESIAN_POINT('Origin',(3.5,3.50000000000001,-30.));
#3248=CARTESIAN_POINT('',(3.99999999999999,4.,29.));
#3249=CARTESIAN_POINT('Origin',(4.5,4.,29.));
#3250=CARTESIAN_POINT('',(4.5,4.,29.5));
#3251=CARTESIAN_POINT('Origin',(0.,4.,29.5));
#3252=CARTESIAN_POINT('Origin',(13.5000000000001,3.99999999999988,29.5000000000001));
#3253=CARTESIAN_POINT('Origin',(3.5,3.50000000000001,-30.));
#3254=CARTESIAN_POINT('Origin',(0.,4.,-29.5));
#3255=CARTESIAN_POINT('Origin',(13.5000000000002,3.99999999999978,-29.5000000000002));
#3256=CARTESIAN_POINT('',(6.53112887414927,4.,-29.5));
#3257=CARTESIAN_POINT('Origin',(6.53112887414927,4.,-29.));
#3258=CARTESIAN_POINT('',(6.08322566591047,4.,-29.2222222222222));
#3259=CARTESIAN_POINT('Origin',(2.5,3.5,-31.));
#3260=CARTESIAN_POINT('',(4.27777777777778,4.,-27.4167743340895));
#3261=CARTESIAN_POINT('Origin',(4.5,4.,-26.9688711258507));
#3262=CARTESIAN_POINT('',(4.,4.,-26.9688711258507));
#3263=CARTESIAN_POINT('Origin',(3.5,3.5,-30.));
#3264=CARTESIAN_POINT('Origin',(27.5,4.,-3.18032637262415E-15));
#3265=CARTESIAN_POINT('',(27.5,4.,-21.));
#3266=CARTESIAN_POINT('Origin',(26.,4.,-21.));
#3267=CARTESIAN_POINT('',(26.,4.,-22.5));
#3268=CARTESIAN_POINT('Origin',(28.,3.50000000000001,-23.));
#3269=CARTESIAN_POINT('',(24.,4.,-22.5));
#3270=CARTESIAN_POINT('Origin',(24.,4.,-26.));
#3271=CARTESIAN_POINT('',(20.5,4.,-26.));
#3272=CARTESIAN_POINT('Origin',(21.,3.50000000000001,-30.));
#3273=CARTESIAN_POINT('',(20.5,4.,-28.));
#3274=CARTESIAN_POINT('Origin',(19.,4.,-28.));
#3275=CARTESIAN_POINT('',(19.,4.,-29.5));
#3276=CARTESIAN_POINT('Origin',(0.,4.,-29.5));
#3277=CARTESIAN_POINT('Origin',(18.5,4.00000000000003,-29.5));
#3278=CARTESIAN_POINT('Origin',(18.5,2.5,-29.2950849718747));
#3279=CARTESIAN_POINT('Origin',(18.5,4.,-29.5));
#3280=CARTESIAN_POINT('Origin',(13.5,2.5,-29.2950849718747));
#3281=CARTESIAN_POINT('Origin',(13.5,-1.60856862661082,-29.5));
#3282=CARTESIAN_POINT('Origin',(13.5,2.5,29.2950849718747));
#3283=CARTESIAN_POINT('Origin',(18.5,2.5,29.2950849718747));
#3284=CARTESIAN_POINT('Origin',(18.5,-1.60856862661082,29.5));
#3285=CARTESIAN_POINT('Origin',(13.5,4.,29.5));
#3286=CARTESIAN_POINT('Origin',(27.5,2.5,7.79508497187475));
#3287=CARTESIAN_POINT('Origin',(8.75,-1.81126983722081,-20.2));
#3288=CARTESIAN_POINT('Origin',(8.75,-1.81126983722081,-7.80000000000001));
#3289=CARTESIAN_POINT('Origin',(8.8,-1.81126983722081,5.8));
#3290=CARTESIAN_POINT('Origin',(8.8,-1.81126983722081,18.2));
#3291=CARTESIAN_POINT('',(0.,30.,-8.67361737988404E-16));
#3292=UNCERTAINTY_MEASURE_WITH_UNIT(LENGTH_MEASURE(0.01),#3298,
'DISTANCE_ACCURACY_VALUE',
'Maximum model space distance between geometric entities at asserted c
onnectivities');
#3293=UNCERTAINTY_MEASURE_WITH_UNIT(LENGTH_MEASURE(0.01),#3298,
'DISTANCE_ACCURACY_VALUE',
'Maximum model space distance between geometric entities at asserted c
onnectivities');
#3294=UNCERTAINTY_MEASURE_WITH_UNIT(LENGTH_MEASURE(0.01),#3298,
'DISTANCE_ACCURACY_VALUE',
'Maximum model space distance between geometric entities at asserted c
onnectivities');
#3295=(
GEOMETRIC_REPRESENTATION_CONTEXT(3)
GLOBAL_UNCERTAINTY_ASSIGNED_CONTEXT((#3292))
GLOBAL_UNIT_ASSIGNED_CONTEXT((#3298,#3299,#3300))
REPRESENTATION_CONTEXT('','3D')
);
#3296=(
GEOMETRIC_REPRESENTATION_CONTEXT(3)
GLOBAL_UNCERTAINTY_ASSIGNED_CONTEXT((#3293))
GLOBAL_UNIT_ASSIGNED_CONTEXT((#3298,#3299,#3300))
REPRESENTATION_CONTEXT('','3D')
);
#3297=(
GEOMETRIC_REPRESENTATION_CONTEXT(3)
GLOBAL_UNCERTAINTY_ASSIGNED_CONTEXT((#3294))
GLOBAL_UNIT_ASSIGNED_CONTEXT((#3298,#3299,#3300))
REPRESENTATION_CONTEXT('','3D')
);
#3298=(
LENGTH_UNIT()
NAMED_UNIT(*)
SI_UNIT(.MILLI.,.METRE.)
);
#3299=(
NAMED_UNIT(*)
PLANE_ANGLE_UNIT()
SI_UNIT($,.RADIAN.)
);
#3300=(
NAMED_UNIT(*)
SI_UNIT($,.STERADIAN.)
SOLID_ANGLE_UNIT()
);
#3301=SHAPE_DEFINITION_REPRESENTATION(#3303,#3306);
#3302=SHAPE_DEFINITION_REPRESENTATION(#3304,#3307);
#3303=PRODUCT_DEFINITION_SHAPE('',$,#3309);
#3304=PRODUCT_DEFINITION_SHAPE('',$,#3310);
#3305=PRODUCT_DEFINITION_SHAPE($,$,#14);
#3306=SHAPE_REPRESENTATION('',(#1926,#2134),#3295);
#3307=SHAPE_REPRESENTATION('',(#1927),#3296);
#3308=PRODUCT_DEFINITION_CONTEXT('part definition',#3316,'design');
#3309=PRODUCT_DEFINITION('YUDX Extruder','YUDX Extruder v9',#3311,#3308);
#3310=PRODUCT_DEFINITION('extruder_top_metal_part',
'extruder_top_metal_part',#3312,#3308);
#3311=PRODUCT_DEFINITION_FORMATION('',$,#3318);
#3312=PRODUCT_DEFINITION_FORMATION('',$,#3319);
#3313=PRODUCT_RELATED_PRODUCT_CATEGORY('YUDX Extruder v9',
'YUDX Extruder v9',(#3318));
#3314=PRODUCT_RELATED_PRODUCT_CATEGORY('extruder_top_metal_part',
'extruder_top_metal_part',(#3319));
#3315=APPLICATION_PROTOCOL_DEFINITION('international standard',
'automotive_design',2009,#3316);
#3316=APPLICATION_CONTEXT(
'Core Data for Automotive Mechanical Design Process');
#3317=PRODUCT_CONTEXT('part definition',#3316,'mechanical');
#3318=PRODUCT('YUDX Extruder','YUDX Extruder v9','STEP AP214',(#3317));
#3319=PRODUCT('extruder_top_metal_part','extruder_top_metal_part',$,(#3317));
#3320=PRESENTATION_STYLE_ASSIGNMENT((#3323));
#3321=PRESENTATION_STYLE_ASSIGNMENT((#3324));
#3322=PRESENTATION_STYLE_ASSIGNMENT((#3325));
#3323=SURFACE_STYLE_USAGE(.BOTH.,#3326);
#3324=SURFACE_STYLE_USAGE(.BOTH.,#3327);
#3325=SURFACE_STYLE_USAGE(.BOTH.,#3328);
#3326=SURFACE_SIDE_STYLE('',(#3329));
#3327=SURFACE_SIDE_STYLE('',(#3330));
#3328=SURFACE_SIDE_STYLE('',(#3331));
#3329=SURFACE_STYLE_FILL_AREA(#3332);
#3330=SURFACE_STYLE_FILL_AREA(#3333);
#3331=SURFACE_STYLE_FILL_AREA(#3334);
#3332=FILL_AREA_STYLE('Steel - Satin',(#3335));
#3333=FILL_AREA_STYLE('Black',(#3336));
#3334=FILL_AREA_STYLE('Opaque(228,233,237)',(#3337));
#3335=FILL_AREA_STYLE_COLOUR('Steel - Satin',#3338);
#3336=FILL_AREA_STYLE_COLOUR('Black',#3339);
#3337=FILL_AREA_STYLE_COLOUR('Opaque(228,233,237)',#3340);
#3338=COLOUR_RGB('Steel - Satin',0.627450980392157,0.627450980392157,0.627450980392157);
#3339=COLOUR_RGB('Black',0.172549019607843,0.172549019607843,0.172549019607843);
#3340=COLOUR_RGB('Opaque(228,233,237)',0.894117647058824,0.913725490196078,
0.929411764705882);
ENDSEC;
END-ISO-10303-21;
