ISO-10303-21;
HEADER;
/* Generated by software containing ST-Developer
 * from STEP Tools, Inc. (www.steptools.com) 
 */

FILE_DESCRIPTION(
/* description */ ('STEP AP214'),
/* implementation_level */ '2;1');

FILE_NAME(
/* name */ 'line_cut_rack.step',
/* time_stamp */ '2026-09-12T10:23:33+02:00',
/* author */ (''),
/* organization */ (''),
/* preprocessor_version */ 'ST-DEVELOPER v20.2',
/* originating_system */ 'Autodesk Translation Framework v15.15.0.0',
/* authorisation */ '');

FILE_SCHEMA (('AUTOMOTIVE_DESIGN { 1 0 10303 214 3 1 1 }'));
ENDSEC;

DATA;
#10=MECHANICAL_DESIGN_GEOMETRIC_PRESENTATION_REPRESENTATION('',(#17),#4040);
#11=ITEM_DEFINED_TRANSFORMATION($,$,#2052,#2262);
#12=(
REPRESENTATION_RELATIONSHIP($,$,#4051,#4050)
REPRESENTATION_RELATIONSHIP_WITH_TRANSFORMATION(#11)
SHAPE_REPRESENTATION_RELATIONSHIP()
);
#13=CONTEXT_DEPENDENT_SHAPE_REPRESENTATION(#12,#4049);
#14=NEXT_ASSEMBLY_USAGE_OCCURRENCE('line_cut_rack:1','line_cut_rack:1',
'line_cut_rack:1',#4053,#4054,'line_cut_rack:1');
#15=SHAPE_REPRESENTATION_RELATIONSHIP('SRR','None',#4051,#16);
#16=ADVANCED_BREP_SHAPE_REPRESENTATION('',(#18),#4039);
#17=STYLED_ITEM('',(#4066),#18);
#18=MANIFOLD_SOLID_BREP('Body1',#2038);
#19=B_SPLINE_SURFACE_WITH_KNOTS('',4,1,((#3590,#3591),(#3592,#3593),(#3594,
#3595),(#3596,#3597),(#3598,#3599),(#3600,#3601),(#3602,#3603),(#3604,#3605)),
 .UNSPECIFIED.,.F.,.F.,.F.,(5,1,1,1,5),(2,2),(0.837423164444776,0.844236071684461,
0.862480781482845,0.880559100525112,0.881904298783132),(0.,0.3),
 .UNSPECIFIED.);
#20=B_SPLINE_SURFACE_WITH_KNOTS('',4,1,((#3613,#3614),(#3615,#3616),(#3617,
#3618),(#3619,#3620),(#3621,#3622),(#3623,#3624),(#3625,#3626),(#3627,#3628)),
 .UNSPECIFIED.,.F.,.F.,.F.,(5,1,1,1,5),(2,2),(0.837423164444776,0.844236071684461,
0.862480781482845,0.880559100525112,0.881904298783132),(0.,0.3),
 .UNSPECIFIED.);
#21=B_SPLINE_SURFACE_WITH_KNOTS('',4,1,((#3630,#3631),(#3632,#3633),(#3634,
#3635),(#3636,#3637),(#3638,#3639),(#3640,#3641),(#3642,#3643),(#3644,#3645)),
 .UNSPECIFIED.,.F.,.F.,.F.,(5,1,1,1,5),(2,2),(0.837423164444777,0.844236071684461,
0.862480781482845,0.880559100525112,0.881904298783133),(0.,0.3),
 .UNSPECIFIED.);
#22=B_SPLINE_SURFACE_WITH_KNOTS('',4,1,((#3653,#3654),(#3655,#3656),(#3657,
#3658),(#3659,#3660),(#3661,#3662),(#3663,#3664),(#3665,#3666),(#3667,#3668)),
 .UNSPECIFIED.,.F.,.F.,.F.,(5,1,1,1,5),(2,2),(0.837423164444776,0.844236071684461,
0.862480781482845,0.880559100525112,0.881904298783132),(0.,0.3),
 .UNSPECIFIED.);
#23=B_SPLINE_SURFACE_WITH_KNOTS('',4,1,((#3669,#3670),(#3671,#3672),(#3673,
#3674),(#3675,#3676),(#3677,#3678),(#3679,#3680),(#3681,#3682),(#3683,#3684)),
 .UNSPECIFIED.,.F.,.F.,.F.,(5,1,1,1,5),(2,2),(0.837423164444777,0.844236071684461,
0.862480781482845,0.880559100525112,0.881904298783133),(0.,0.3),
 .UNSPECIFIED.);
#24=B_SPLINE_SURFACE_WITH_KNOTS('',4,1,((#3692,#3693),(#3694,#3695),(#3696,
#3697),(#3698,#3699),(#3700,#3701),(#3702,#3703),(#3704,#3705),(#3706,#3707)),
 .UNSPECIFIED.,.F.,.F.,.F.,(5,1,1,1,5),(2,2),(0.837423164444776,0.844236071684461,
0.862480781482845,0.880559100525112,0.881904298783132),(0.,0.3),
 .UNSPECIFIED.);
#25=B_SPLINE_SURFACE_WITH_KNOTS('',4,1,((#3708,#3709),(#3710,#3711),(#3712,
#3713),(#3714,#3715),(#3716,#3717),(#3718,#3719),(#3720,#3721),(#3722,#3723)),
 .UNSPECIFIED.,.F.,.F.,.F.,(5,1,1,1,5),(2,2),(0.837423164444777,0.844236071684461,
0.862480781482845,0.880559100525112,0.881904298783133),(0.,0.3),
 .UNSPECIFIED.);
#26=B_SPLINE_SURFACE_WITH_KNOTS('',4,1,((#3731,#3732),(#3733,#3734),(#3735,
#3736),(#3737,#3738),(#3739,#3740),(#3741,#3742),(#3743,#3744),(#3745,#3746)),
 .UNSPECIFIED.,.F.,.F.,.F.,(5,1,1,1,5),(2,2),(0.837423164444776,0.844236071684461,
0.862480781482845,0.880559100525112,0.881904298783131),(0.,0.3),
 .UNSPECIFIED.);
#27=B_SPLINE_SURFACE_WITH_KNOTS('',4,1,((#3747,#3748),(#3749,#3750),(#3751,
#3752),(#3753,#3754),(#3755,#3756),(#3757,#3758),(#3759,#3760),(#3761,#3762)),
 .UNSPECIFIED.,.F.,.F.,.F.,(5,1,1,1,5),(2,2),(0.837423164444776,0.844236071684461,
0.862480781482845,0.880559100525112,0.881904298783133),(0.,0.3),
 .UNSPECIFIED.);
#28=B_SPLINE_SURFACE_WITH_KNOTS('',4,1,((#3771,#3772),(#3773,#3774),(#3775,
#3776),(#3777,#3778),(#3779,#3780),(#3781,#3782),(#3783,#3784),(#3785,#3786)),
 .UNSPECIFIED.,.F.,.F.,.F.,(5,1,1,1,5),(2,2),(0.837423164444776,0.844236071684461,
0.862480781482845,0.880559100525112,0.881904298783131),(0.,0.3),
 .UNSPECIFIED.);
#29=B_SPLINE_SURFACE_WITH_KNOTS('',4,1,((#3807,#3808),(#3809,#3810),(#3811,
#3812),(#3813,#3814),(#3815,#3816),(#3817,#3818),(#3819,#3820),(#3821,#3822)),
 .UNSPECIFIED.,.F.,.F.,.F.,(5,1,1,1,5),(2,2),(0.,0.00134519825802071,0.0194235173002879,
0.0376682270986712,0.044481134338356),(0.,0.3),.UNSPECIFIED.);
#30=B_SPLINE_SURFACE_WITH_KNOTS('',4,1,((#3830,#3831),(#3832,#3833),(#3834,
#3835),(#3836,#3837),(#3838,#3839),(#3840,#3841),(#3842,#3843),(#3844,#3845)),
 .UNSPECIFIED.,.F.,.F.,.F.,(5,1,1,1,5),(2,2),(0.,0.00134519825802037,0.0194235173002876,
0.0376682270986709,0.0444811343383558),(0.,0.3),.UNSPECIFIED.);
#31=B_SPLINE_SURFACE_WITH_KNOTS('',4,1,((#3847,#3848),(#3849,#3850),(#3851,
#3852),(#3853,#3854),(#3855,#3856),(#3857,#3858),(#3859,#3860),(#3861,#3862)),
 .UNSPECIFIED.,.F.,.F.,.F.,(5,1,1,1,5),(2,2),(0.,0.00134519825802093,0.0194235173002881,
0.0376682270986715,0.0444811343383558),(0.,0.3),.UNSPECIFIED.);
#32=B_SPLINE_SURFACE_WITH_KNOTS('',4,1,((#3870,#3871),(#3872,#3873),(#3874,
#3875),(#3876,#3877),(#3878,#3879),(#3880,#3881),(#3882,#3883),(#3884,#3885)),
 .UNSPECIFIED.,.F.,.F.,.F.,(5,1,1,1,5),(2,2),(0.,0.00134519825801993,0.0194235173002871,
0.0376682270986705,0.0444811343383554),(0.,0.3),.UNSPECIFIED.);
#33=B_SPLINE_SURFACE_WITH_KNOTS('',4,1,((#3886,#3887),(#3888,#3889),(#3890,
#3891),(#3892,#3893),(#3894,#3895),(#3896,#3897),(#3898,#3899),(#3900,#3901)),
 .UNSPECIFIED.,.F.,.F.,.F.,(5,1,1,1,5),(2,2),(0.,0.00134519825802082,0.019423517300288,
0.0376682270986713,0.0444811343383558),(0.,0.3),.UNSPECIFIED.);
#34=B_SPLINE_SURFACE_WITH_KNOTS('',4,1,((#3909,#3910),(#3911,#3912),(#3913,
#3914),(#3915,#3916),(#3917,#3918),(#3919,#3920),(#3921,#3922),(#3923,#3924)),
 .UNSPECIFIED.,.F.,.F.,.F.,(5,1,1,1,5),(2,2),(0.,0.00134519825802004,0.0194235173002872,
0.0376682270986706,0.0444811343383554),(0.,0.3),.UNSPECIFIED.);
#35=B_SPLINE_SURFACE_WITH_KNOTS('',4,1,((#3925,#3926),(#3927,#3928),(#3929,
#3930),(#3931,#3932),(#3933,#3934),(#3935,#3936),(#3937,#3938),(#3939,#3940)),
 .UNSPECIFIED.,.F.,.F.,.F.,(5,1,1,1,5),(2,2),(0.,0.00134519825802115,0.0194235173002884,
0.0376682270986717,0.0444811343383563),(0.,0.3),.UNSPECIFIED.);
#36=B_SPLINE_SURFACE_WITH_KNOTS('',4,1,((#3948,#3949),(#3950,#3951),(#3952,
#3953),(#3954,#3955),(#3956,#3957),(#3958,#3959),(#3960,#3961),(#3962,#3963)),
 .UNSPECIFIED.,.F.,.F.,.F.,(5,1,1,1,5),(2,2),(0.,0.0013451982580196,0.0194235173002868,
0.0376682270986701,0.0444811343383549),(0.,0.3),.UNSPECIFIED.);
#37=B_SPLINE_SURFACE_WITH_KNOTS('',4,1,((#3964,#3965),(#3966,#3967),(#3968,
#3969),(#3970,#3971),(#3972,#3973),(#3974,#3975),(#3976,#3977),(#3978,#3979)),
 .UNSPECIFIED.,.F.,.F.,.F.,(5,1,1,1,5),(2,2),(0.,0.00134519825802082,0.019423517300288,
0.0376682270986713,0.0444811343383563),(0.,0.3),.UNSPECIFIED.);
#38=B_SPLINE_SURFACE_WITH_KNOTS('',4,1,((#3988,#3989),(#3990,#3991),(#3992,
#3993),(#3994,#3995),(#3996,#3997),(#3998,#3999),(#4000,#4001),(#4002,#4003)),
 .UNSPECIFIED.,.F.,.F.,.F.,(5,1,1,1,5),(2,2),(0.,0.0013451982580196,0.0194235173002868,
0.0376682270986701,0.0444811343383551),(0.,0.3),.UNSPECIFIED.);
#39=FACE_BOUND('',#221,.T.);
#40=FACE_BOUND('',#222,.T.);
#41=FACE_BOUND('',#223,.T.);
#42=FACE_BOUND('',#229,.T.);
#43=FACE_BOUND('',#230,.T.);
#44=FACE_BOUND('',#231,.T.);
#45=B_SPLINE_CURVE_WITH_KNOTS('',4,(#2907,#2908,#2909,#2910,#2911,#2912,
#2913,#2914),.UNSPECIFIED.,.F.,.F.,(5,1,1,1,5),(0.0271866212347746,0.0285318185596564,
0.0466101376019236,0.0648548474003069,0.0716677534053194),.UNSPECIFIED.);
#46=B_SPLINE_CURVE_WITH_KNOTS('',4,(#2922,#2923,#2924,#2925,#2926,#2927,
#2928,#2929),.UNSPECIFIED.,.F.,.F.,(5,1,1,1,5),(0.0271866212347741,0.0285318185596564,
0.0466101376019236,0.0648548474003069,0.0716677534053193),.UNSPECIFIED.);
#47=B_SPLINE_CURVE_WITH_KNOTS('',4,(#2933,#2934,#2935,#2936,#2937,#2938,
#2939,#2940),.UNSPECIFIED.,.F.,.F.,(5,1,1,1,5),(0.0271866212347748,0.0285318185596564,
0.0466101376019236,0.0648548474003069,0.0716677534053194),.UNSPECIFIED.);
#48=B_SPLINE_CURVE_WITH_KNOTS('',4,(#2948,#2949,#2950,#2951,#2952,#2953,
#2954,#2955),.UNSPECIFIED.,.F.,.F.,(5,1,1,1,5),(0.0271866212347741,0.0285318185596564,
0.0466101376019236,0.0648548474003069,0.0716677534053194),.UNSPECIFIED.);
#49=B_SPLINE_CURVE_WITH_KNOTS('',4,(#2959,#2960,#2961,#2962,#2963,#2964,
#2965,#2966),.UNSPECIFIED.,.F.,.F.,(5,1,1,1,5),(0.0271866212347749,0.0285318185596564,
0.0466101376019236,0.0648548474003069,0.0716677534053194),.UNSPECIFIED.);
#50=B_SPLINE_CURVE_WITH_KNOTS('',4,(#2974,#2975,#2976,#2977,#2978,#2979,
#2980,#2981),.UNSPECIFIED.,.F.,.F.,(5,1,1,1,5),(0.027186621234774,0.0285318185596564,
0.0466101376019236,0.0648548474003069,0.0716677534053195),.UNSPECIFIED.);
#51=B_SPLINE_CURVE_WITH_KNOTS('',4,(#2985,#2986,#2987,#2988,#2989,#2990,
#2991,#2992),.UNSPECIFIED.,.F.,.F.,(5,1,1,1,5),(0.0271866212347748,0.0285318185596564,
0.0466101376019236,0.0648548474003069,0.0716677534053193),.UNSPECIFIED.);
#52=B_SPLINE_CURVE_WITH_KNOTS('',4,(#3000,#3001,#3002,#3003,#3004,#3005,
#3006,#3007),.UNSPECIFIED.,.F.,.F.,(5,1,1,1,5),(0.027186621234774,0.0285318185596564,
0.0466101376019236,0.0648548474003069,0.0716677534053195),.UNSPECIFIED.);
#53=B_SPLINE_CURVE_WITH_KNOTS('',4,(#3011,#3012,#3013,#3014,#3015,#3016,
#3017,#3018),.UNSPECIFIED.,.F.,.F.,(5,1,1,1,5),(0.0271866212347748,0.0285318185596564,
0.0466101376019236,0.0648548474003069,0.0716677534053195),.UNSPECIFIED.);
#54=B_SPLINE_CURVE_WITH_KNOTS('',4,(#3026,#3027,#3028,#3029,#3030,#3031,
#3032,#3033),.UNSPECIFIED.,.F.,.F.,(5,1,1,1,5),(0.0271866212347741,0.0285318185596564,
0.0466101376019236,0.0648548474003069,0.0716677534053195),.UNSPECIFIED.);
#55=B_SPLINE_CURVE_WITH_KNOTS('',4,(#3053,#3054,#3055,#3056,#3057,#3058,
#3059,#3060),.UNSPECIFIED.,.F.,.F.,(5,1,1,1,5),(0.0271866212347741,0.0285318185596564,
0.0466101376019236,0.0648548474003069,0.0716677534053195),.UNSPECIFIED.);
#56=B_SPLINE_CURVE_WITH_KNOTS('',4,(#3068,#3069,#3070,#3071,#3072,#3073,
#3074,#3075),.UNSPECIFIED.,.F.,.F.,(5,1,1,1,5),(0.0271866212347748,0.0285318185596564,
0.0466101376019236,0.0648548474003069,0.0716677534053195),.UNSPECIFIED.);
#57=B_SPLINE_CURVE_WITH_KNOTS('',4,(#3079,#3080,#3081,#3082,#3083,#3084,
#3085,#3086),.UNSPECIFIED.,.F.,.F.,(5,1,1,1,5),(0.027186621234774,0.0285318185596564,
0.0466101376019236,0.0648548474003069,0.0716677534053195),.UNSPECIFIED.);
#58=B_SPLINE_CURVE_WITH_KNOTS('',4,(#3094,#3095,#3096,#3097,#3098,#3099,
#3100,#3101),.UNSPECIFIED.,.F.,.F.,(5,1,1,1,5),(0.0271866212347748,0.0285318185596564,
0.0466101376019236,0.0648548474003069,0.0716677534053193),.UNSPECIFIED.);
#59=B_SPLINE_CURVE_WITH_KNOTS('',4,(#3105,#3106,#3107,#3108,#3109,#3110,
#3111,#3112),.UNSPECIFIED.,.F.,.F.,(5,1,1,1,5),(0.027186621234774,0.0285318185596564,
0.0466101376019236,0.0648548474003069,0.0716677534053195),.UNSPECIFIED.);
#60=B_SPLINE_CURVE_WITH_KNOTS('',4,(#3120,#3121,#3122,#3123,#3124,#3125,
#3126,#3127),.UNSPECIFIED.,.F.,.F.,(5,1,1,1,5),(0.0271866212347749,0.0285318185596564,
0.0466101376019236,0.0648548474003069,0.0716677534053194),.UNSPECIFIED.);
#61=B_SPLINE_CURVE_WITH_KNOTS('',4,(#3131,#3132,#3133,#3134,#3135,#3136,
#3137,#3138),.UNSPECIFIED.,.F.,.F.,(5,1,1,1,5),(0.0271866212347741,0.0285318185596564,
0.0466101376019236,0.0648548474003069,0.0716677534053194),.UNSPECIFIED.);
#62=B_SPLINE_CURVE_WITH_KNOTS('',4,(#3146,#3147,#3148,#3149,#3150,#3151,
#3152,#3153),.UNSPECIFIED.,.F.,.F.,(5,1,1,1,5),(0.0271866212347748,0.0285318185596564,
0.0466101376019236,0.0648548474003069,0.0716677534053194),.UNSPECIFIED.);
#63=B_SPLINE_CURVE_WITH_KNOTS('',4,(#3157,#3158,#3159,#3160,#3161,#3162,
#3163,#3164),.UNSPECIFIED.,.F.,.F.,(5,1,1,1,5),(0.0271866212347741,0.0285318185596564,
0.0466101376019236,0.0648548474003069,0.0716677534053193),.UNSPECIFIED.);
#64=B_SPLINE_CURVE_WITH_KNOTS('',4,(#3172,#3173,#3174,#3175,#3176,#3177,
#3178,#3179),.UNSPECIFIED.,.F.,.F.,(5,1,1,1,5),(0.0271866212347746,0.0285318185596564,
0.0466101376019236,0.0648548474003069,0.0716677534053194),.UNSPECIFIED.);
#65=B_SPLINE_CURVE_WITH_KNOTS('',4,(#3257,#3258,#3259,#3260,#3261,#3262,
#3263,#3264),.UNSPECIFIED.,.F.,.F.,(5,1,1,1,5),(0.0271866212347746,0.0285318185596564,
0.0466101376019236,0.0648548474003069,0.0716677534053194),.UNSPECIFIED.);
#66=B_SPLINE_CURVE_WITH_KNOTS('',4,(#3272,#3273,#3274,#3275,#3276,#3277,
#3278,#3279),.UNSPECIFIED.,.F.,.F.,(5,1,1,1,5),(0.0271866212347741,0.0285318185596564,
0.0466101376019236,0.0648548474003069,0.0716677534053193),.UNSPECIFIED.);
#67=B_SPLINE_CURVE_WITH_KNOTS('',4,(#3283,#3284,#3285,#3286,#3287,#3288,
#3289,#3290),.UNSPECIFIED.,.F.,.F.,(5,1,1,1,5),(0.0271866212347748,0.0285318185596564,
0.0466101376019236,0.0648548474003069,0.0716677534053194),.UNSPECIFIED.);
#68=B_SPLINE_CURVE_WITH_KNOTS('',4,(#3298,#3299,#3300,#3301,#3302,#3303,
#3304,#3305),.UNSPECIFIED.,.F.,.F.,(5,1,1,1,5),(0.0271866212347741,0.0285318185596564,
0.0466101376019236,0.0648548474003069,0.0716677534053194),.UNSPECIFIED.);
#69=B_SPLINE_CURVE_WITH_KNOTS('',4,(#3309,#3310,#3311,#3312,#3313,#3314,
#3315,#3316),.UNSPECIFIED.,.F.,.F.,(5,1,1,1,5),(0.0271866212347749,0.0285318185596564,
0.0466101376019236,0.0648548474003069,0.0716677534053194),.UNSPECIFIED.);
#70=B_SPLINE_CURVE_WITH_KNOTS('',4,(#3324,#3325,#3326,#3327,#3328,#3329,
#3330,#3331),.UNSPECIFIED.,.F.,.F.,(5,1,1,1,5),(0.027186621234774,0.0285318185596564,
0.0466101376019236,0.0648548474003069,0.0716677534053195),.UNSPECIFIED.);
#71=B_SPLINE_CURVE_WITH_KNOTS('',4,(#3335,#3336,#3337,#3338,#3339,#3340,
#3341,#3342),.UNSPECIFIED.,.F.,.F.,(5,1,1,1,5),(0.0271866212347748,0.0285318185596564,
0.0466101376019236,0.0648548474003069,0.0716677534053193),.UNSPECIFIED.);
#72=B_SPLINE_CURVE_WITH_KNOTS('',4,(#3350,#3351,#3352,#3353,#3354,#3355,
#3356,#3357),.UNSPECIFIED.,.F.,.F.,(5,1,1,1,5),(0.027186621234774,0.0285318185596564,
0.0466101376019236,0.0648548474003069,0.0716677534053195),.UNSPECIFIED.);
#73=B_SPLINE_CURVE_WITH_KNOTS('',4,(#3361,#3362,#3363,#3364,#3365,#3366,
#3367,#3368),.UNSPECIFIED.,.F.,.F.,(5,1,1,1,5),(0.0271866212347748,0.0285318185596564,
0.0466101376019236,0.0648548474003069,0.0716677534053195),.UNSPECIFIED.);
#74=B_SPLINE_CURVE_WITH_KNOTS('',4,(#3376,#3377,#3378,#3379,#3380,#3381,
#3382,#3383),.UNSPECIFIED.,.F.,.F.,(5,1,1,1,5),(0.0271866212347741,0.0285318185596564,
0.0466101376019236,0.0648548474003069,0.0716677534053195),.UNSPECIFIED.);
#75=B_SPLINE_CURVE_WITH_KNOTS('',4,(#3400,#3401,#3402,#3403,#3404,#3405,
#3406,#3407),.UNSPECIFIED.,.F.,.F.,(5,1,1,1,5),(0.0271866212347741,0.0285318185596564,
0.0466101376019236,0.0648548474003069,0.0716677534053195),.UNSPECIFIED.);
#76=B_SPLINE_CURVE_WITH_KNOTS('',4,(#3415,#3416,#3417,#3418,#3419,#3420,
#3421,#3422),.UNSPECIFIED.,.F.,.F.,(5,1,1,1,5),(0.0271866212347748,0.0285318185596564,
0.0466101376019236,0.0648548474003069,0.0716677534053195),.UNSPECIFIED.);
#77=B_SPLINE_CURVE_WITH_KNOTS('',4,(#3426,#3427,#3428,#3429,#3430,#3431,
#3432,#3433),.UNSPECIFIED.,.F.,.F.,(5,1,1,1,5),(0.027186621234774,0.0285318185596564,
0.0466101376019236,0.0648548474003069,0.0716677534053195),.UNSPECIFIED.);
#78=B_SPLINE_CURVE_WITH_KNOTS('',4,(#3441,#3442,#3443,#3444,#3445,#3446,
#3447,#3448),.UNSPECIFIED.,.F.,.F.,(5,1,1,1,5),(0.0271866212347748,0.0285318185596564,
0.0466101376019236,0.0648548474003069,0.0716677534053193),.UNSPECIFIED.);
#79=B_SPLINE_CURVE_WITH_KNOTS('',4,(#3452,#3453,#3454,#3455,#3456,#3457,
#3458,#3459),.UNSPECIFIED.,.F.,.F.,(5,1,1,1,5),(0.027186621234774,0.0285318185596564,
0.0466101376019236,0.0648548474003069,0.0716677534053195),.UNSPECIFIED.);
#80=B_SPLINE_CURVE_WITH_KNOTS('',4,(#3467,#3468,#3469,#3470,#3471,#3472,
#3473,#3474),.UNSPECIFIED.,.F.,.F.,(5,1,1,1,5),(0.0271866212347749,0.0285318185596564,
0.0466101376019236,0.0648548474003069,0.0716677534053194),.UNSPECIFIED.);
#81=B_SPLINE_CURVE_WITH_KNOTS('',4,(#3478,#3479,#3480,#3481,#3482,#3483,
#3484,#3485),.UNSPECIFIED.,.F.,.F.,(5,1,1,1,5),(0.0271866212347741,0.0285318185596564,
0.0466101376019236,0.0648548474003069,0.0716677534053194),.UNSPECIFIED.);
#82=B_SPLINE_CURVE_WITH_KNOTS('',4,(#3493,#3494,#3495,#3496,#3497,#3498,
#3499,#3500),.UNSPECIFIED.,.F.,.F.,(5,1,1,1,5),(0.0271866212347748,0.0285318185596564,
0.0466101376019236,0.0648548474003069,0.0716677534053194),.UNSPECIFIED.);
#83=B_SPLINE_CURVE_WITH_KNOTS('',4,(#3504,#3505,#3506,#3507,#3508,#3509,
#3510,#3511),.UNSPECIFIED.,.F.,.F.,(5,1,1,1,5),(0.0271866212347741,0.0285318185596564,
0.0466101376019236,0.0648548474003069,0.0716677534053193),.UNSPECIFIED.);
#84=B_SPLINE_CURVE_WITH_KNOTS('',4,(#3519,#3520,#3521,#3522,#3523,#3524,
#3525,#3526),.UNSPECIFIED.,.F.,.F.,(5,1,1,1,5),(0.0271866212347746,0.0285318185596564,
0.0466101376019236,0.0648548474003069,0.0716677534053194),.UNSPECIFIED.);
#85=PLANE('',#2056);
#86=PLANE('',#2060);
#87=PLANE('',#2061);
#88=PLANE('',#2062);
#89=PLANE('',#2063);
#90=PLANE('',#2064);
#91=PLANE('',#2133);
#92=PLANE('',#2190);
#93=PLANE('',#2192);
#94=PLANE('',#2193);
#95=PLANE('',#2196);
#96=PLANE('',#2197);
#97=PLANE('',#2198);
#98=PLANE('',#2221);
#99=PLANE('',#2222);
#100=PLANE('',#2244);
#101=PLANE('',#2245);
#102=PLANE('',#2247);
#103=PLANE('',#2248);
#104=PLANE('',#2256);
#105=PLANE('',#2257);
#106=PLANE('',#2258);
#107=PLANE('',#2259);
#108=FACE_OUTER_BOUND('',#213,.T.);
#109=FACE_OUTER_BOUND('',#214,.T.);
#110=FACE_OUTER_BOUND('',#215,.T.);
#111=FACE_OUTER_BOUND('',#216,.T.);
#112=FACE_OUTER_BOUND('',#217,.T.);
#113=FACE_OUTER_BOUND('',#218,.T.);
#114=FACE_OUTER_BOUND('',#219,.T.);
#115=FACE_OUTER_BOUND('',#220,.T.);
#116=FACE_OUTER_BOUND('',#224,.T.);
#117=FACE_OUTER_BOUND('',#225,.T.);
#118=FACE_OUTER_BOUND('',#226,.T.);
#119=FACE_OUTER_BOUND('',#227,.T.);
#120=FACE_OUTER_BOUND('',#228,.T.);
#121=FACE_OUTER_BOUND('',#232,.T.);
#122=FACE_OUTER_BOUND('',#233,.T.);
#123=FACE_OUTER_BOUND('',#234,.T.);
#124=FACE_OUTER_BOUND('',#235,.T.);
#125=FACE_OUTER_BOUND('',#236,.T.);
#126=FACE_OUTER_BOUND('',#237,.T.);
#127=FACE_OUTER_BOUND('',#238,.T.);
#128=FACE_OUTER_BOUND('',#239,.T.);
#129=FACE_OUTER_BOUND('',#240,.T.);
#130=FACE_OUTER_BOUND('',#241,.T.);
#131=FACE_OUTER_BOUND('',#242,.T.);
#132=FACE_OUTER_BOUND('',#243,.T.);
#133=FACE_OUTER_BOUND('',#244,.T.);
#134=FACE_OUTER_BOUND('',#245,.T.);
#135=FACE_OUTER_BOUND('',#246,.T.);
#136=FACE_OUTER_BOUND('',#247,.T.);
#137=FACE_OUTER_BOUND('',#248,.T.);
#138=FACE_OUTER_BOUND('',#249,.T.);
#139=FACE_OUTER_BOUND('',#250,.T.);
#140=FACE_OUTER_BOUND('',#251,.T.);
#141=FACE_OUTER_BOUND('',#252,.T.);
#142=FACE_OUTER_BOUND('',#253,.T.);
#143=FACE_OUTER_BOUND('',#254,.T.);
#144=FACE_OUTER_BOUND('',#255,.T.);
#145=FACE_OUTER_BOUND('',#256,.T.);
#146=FACE_OUTER_BOUND('',#257,.T.);
#147=FACE_OUTER_BOUND('',#258,.T.);
#148=FACE_OUTER_BOUND('',#259,.T.);
#149=FACE_OUTER_BOUND('',#260,.T.);
#150=FACE_OUTER_BOUND('',#261,.T.);
#151=FACE_OUTER_BOUND('',#262,.T.);
#152=FACE_OUTER_BOUND('',#263,.T.);
#153=FACE_OUTER_BOUND('',#264,.T.);
#154=FACE_OUTER_BOUND('',#265,.T.);
#155=FACE_OUTER_BOUND('',#266,.T.);
#156=FACE_OUTER_BOUND('',#267,.T.);
#157=FACE_OUTER_BOUND('',#268,.T.);
#158=FACE_OUTER_BOUND('',#269,.T.);
#159=FACE_OUTER_BOUND('',#270,.T.);
#160=FACE_OUTER_BOUND('',#271,.T.);
#161=FACE_OUTER_BOUND('',#272,.T.);
#162=FACE_OUTER_BOUND('',#273,.T.);
#163=FACE_OUTER_BOUND('',#274,.T.);
#164=FACE_OUTER_BOUND('',#275,.T.);
#165=FACE_OUTER_BOUND('',#276,.T.);
#166=FACE_OUTER_BOUND('',#277,.T.);
#167=FACE_OUTER_BOUND('',#278,.T.);
#168=FACE_OUTER_BOUND('',#279,.T.);
#169=FACE_OUTER_BOUND('',#280,.T.);
#170=FACE_OUTER_BOUND('',#281,.T.);
#171=FACE_OUTER_BOUND('',#282,.T.);
#172=FACE_OUTER_BOUND('',#283,.T.);
#173=FACE_OUTER_BOUND('',#284,.T.);
#174=FACE_OUTER_BOUND('',#285,.T.);
#175=FACE_OUTER_BOUND('',#286,.T.);
#176=FACE_OUTER_BOUND('',#287,.T.);
#177=FACE_OUTER_BOUND('',#288,.T.);
#178=FACE_OUTER_BOUND('',#289,.T.);
#179=FACE_OUTER_BOUND('',#290,.T.);
#180=FACE_OUTER_BOUND('',#291,.T.);
#181=FACE_OUTER_BOUND('',#292,.T.);
#182=FACE_OUTER_BOUND('',#293,.T.);
#183=FACE_OUTER_BOUND('',#294,.T.);
#184=FACE_OUTER_BOUND('',#295,.T.);
#185=FACE_OUTER_BOUND('',#296,.T.);
#186=FACE_OUTER_BOUND('',#297,.T.);
#187=FACE_OUTER_BOUND('',#298,.T.);
#188=FACE_OUTER_BOUND('',#299,.T.);
#189=FACE_OUTER_BOUND('',#300,.T.);
#190=FACE_OUTER_BOUND('',#301,.T.);
#191=FACE_OUTER_BOUND('',#302,.T.);
#192=FACE_OUTER_BOUND('',#303,.T.);
#193=FACE_OUTER_BOUND('',#304,.T.);
#194=FACE_OUTER_BOUND('',#305,.T.);
#195=FACE_OUTER_BOUND('',#306,.T.);
#196=FACE_OUTER_BOUND('',#307,.T.);
#197=FACE_OUTER_BOUND('',#308,.T.);
#198=FACE_OUTER_BOUND('',#309,.T.);
#199=FACE_OUTER_BOUND('',#310,.T.);
#200=FACE_OUTER_BOUND('',#311,.T.);
#201=FACE_OUTER_BOUND('',#312,.T.);
#202=FACE_OUTER_BOUND('',#313,.T.);
#203=FACE_OUTER_BOUND('',#314,.T.);
#204=FACE_OUTER_BOUND('',#315,.T.);
#205=FACE_OUTER_BOUND('',#316,.T.);
#206=FACE_OUTER_BOUND('',#317,.T.);
#207=FACE_OUTER_BOUND('',#318,.T.);
#208=FACE_OUTER_BOUND('',#319,.T.);
#209=FACE_OUTER_BOUND('',#320,.T.);
#210=FACE_OUTER_BOUND('',#321,.T.);
#211=FACE_OUTER_BOUND('',#322,.T.);
#212=FACE_OUTER_BOUND('',#323,.T.);
#213=EDGE_LOOP('',(#1253,#1254,#1255,#1256));
#214=EDGE_LOOP('',(#1257,#1258,#1259,#1260));
#215=EDGE_LOOP('',(#1261,#1262,#1263,#1264));
#216=EDGE_LOOP('',(#1265,#1266,#1267,#1268));
#217=EDGE_LOOP('',(#1269,#1270,#1271,#1272));
#218=EDGE_LOOP('',(#1273,#1274,#1275,#1276));
#219=EDGE_LOOP('',(#1277,#1278,#1279,#1280));
#220=EDGE_LOOP('',(#1281,#1282,#1283,#1284,#1285,#1286,#1287,#1288,#1289,
#1290,#1291,#1292,#1293,#1294,#1295,#1296,#1297,#1298,#1299,#1300,#1301,
#1302,#1303,#1304,#1305,#1306,#1307,#1308,#1309,#1310,#1311,#1312,#1313,
#1314,#1315,#1316,#1317,#1318,#1319,#1320,#1321,#1322,#1323,#1324,#1325,
#1326,#1327,#1328,#1329,#1330,#1331,#1332,#1333,#1334,#1335,#1336,#1337,
#1338,#1339,#1340,#1341,#1342,#1343,#1344,#1345,#1346,#1347,#1348,#1349,
#1350,#1351,#1352,#1353,#1354,#1355,#1356,#1357,#1358,#1359,#1360,#1361,
#1362,#1363,#1364,#1365,#1366,#1367,#1368,#1369,#1370,#1371,#1372,#1373,
#1374,#1375,#1376,#1377,#1378,#1379,#1380));
#221=EDGE_LOOP('',(#1381));
#222=EDGE_LOOP('',(#1382));
#223=EDGE_LOOP('',(#1383));
#224=EDGE_LOOP('',(#1384,#1385,#1386,#1387));
#225=EDGE_LOOP('',(#1388,#1389,#1390,#1391));
#226=EDGE_LOOP('',(#1392,#1393,#1394,#1395));
#227=EDGE_LOOP('',(#1396,#1397,#1398,#1399));
#228=EDGE_LOOP('',(#1400,#1401,#1402,#1403,#1404,#1405,#1406,#1407,#1408,
#1409,#1410,#1411,#1412,#1413,#1414,#1415,#1416,#1417,#1418,#1419,#1420,
#1421,#1422,#1423,#1424,#1425,#1426,#1427,#1428,#1429,#1430,#1431,#1432,
#1433,#1434,#1435,#1436,#1437,#1438,#1439,#1440,#1441,#1442,#1443,#1444,
#1445,#1446,#1447,#1448,#1449,#1450,#1451,#1452,#1453,#1454,#1455,#1456,
#1457,#1458,#1459,#1460,#1461,#1462,#1463,#1464,#1465,#1466,#1467,#1468,
#1469,#1470,#1471,#1472,#1473,#1474,#1475,#1476,#1477,#1478,#1479,#1480,
#1481,#1482,#1483,#1484,#1485,#1486,#1487,#1488,#1489,#1490,#1491,#1492,
#1493,#1494,#1495,#1496,#1497,#1498,#1499));
#229=EDGE_LOOP('',(#1500));
#230=EDGE_LOOP('',(#1501));
#231=EDGE_LOOP('',(#1502));
#232=EDGE_LOOP('',(#1503,#1504,#1505,#1506));
#233=EDGE_LOOP('',(#1507,#1508,#1509,#1510));
#234=EDGE_LOOP('',(#1511,#1512,#1513,#1514));
#235=EDGE_LOOP('',(#1515,#1516,#1517,#1518));
#236=EDGE_LOOP('',(#1519,#1520,#1521,#1522));
#237=EDGE_LOOP('',(#1523,#1524,#1525,#1526));
#238=EDGE_LOOP('',(#1527,#1528,#1529,#1530));
#239=EDGE_LOOP('',(#1531,#1532,#1533,#1534));
#240=EDGE_LOOP('',(#1535,#1536,#1537,#1538));
#241=EDGE_LOOP('',(#1539,#1540,#1541,#1542));
#242=EDGE_LOOP('',(#1543,#1544,#1545,#1546));
#243=EDGE_LOOP('',(#1547,#1548,#1549,#1550));
#244=EDGE_LOOP('',(#1551,#1552,#1553,#1554));
#245=EDGE_LOOP('',(#1555,#1556,#1557,#1558));
#246=EDGE_LOOP('',(#1559,#1560,#1561,#1562));
#247=EDGE_LOOP('',(#1563,#1564,#1565,#1566));
#248=EDGE_LOOP('',(#1567,#1568,#1569,#1570));
#249=EDGE_LOOP('',(#1571,#1572,#1573,#1574));
#250=EDGE_LOOP('',(#1575,#1576,#1577,#1578));
#251=EDGE_LOOP('',(#1579,#1580,#1581,#1582));
#252=EDGE_LOOP('',(#1583,#1584,#1585,#1586));
#253=EDGE_LOOP('',(#1587,#1588,#1589,#1590));
#254=EDGE_LOOP('',(#1591,#1592,#1593,#1594));
#255=EDGE_LOOP('',(#1595,#1596,#1597,#1598));
#256=EDGE_LOOP('',(#1599,#1600,#1601,#1602));
#257=EDGE_LOOP('',(#1603,#1604,#1605,#1606));
#258=EDGE_LOOP('',(#1607,#1608,#1609,#1610));
#259=EDGE_LOOP('',(#1611,#1612,#1613,#1614));
#260=EDGE_LOOP('',(#1615,#1616,#1617,#1618));
#261=EDGE_LOOP('',(#1619,#1620,#1621,#1622));
#262=EDGE_LOOP('',(#1623,#1624,#1625,#1626));
#263=EDGE_LOOP('',(#1627,#1628,#1629,#1630));
#264=EDGE_LOOP('',(#1631,#1632,#1633,#1634));
#265=EDGE_LOOP('',(#1635,#1636,#1637,#1638));
#266=EDGE_LOOP('',(#1639,#1640,#1641,#1642));
#267=EDGE_LOOP('',(#1643,#1644,#1645,#1646));
#268=EDGE_LOOP('',(#1647,#1648,#1649,#1650));
#269=EDGE_LOOP('',(#1651,#1652,#1653,#1654));
#270=EDGE_LOOP('',(#1655,#1656,#1657,#1658));
#271=EDGE_LOOP('',(#1659,#1660,#1661,#1662));
#272=EDGE_LOOP('',(#1663,#1664,#1665,#1666));
#273=EDGE_LOOP('',(#1667,#1668,#1669,#1670));
#274=EDGE_LOOP('',(#1671,#1672,#1673,#1674));
#275=EDGE_LOOP('',(#1675,#1676,#1677,#1678));
#276=EDGE_LOOP('',(#1679,#1680,#1681,#1682));
#277=EDGE_LOOP('',(#1683,#1684,#1685,#1686));
#278=EDGE_LOOP('',(#1687,#1688,#1689,#1690));
#279=EDGE_LOOP('',(#1691,#1692,#1693,#1694));
#280=EDGE_LOOP('',(#1695,#1696,#1697,#1698));
#281=EDGE_LOOP('',(#1699,#1700,#1701,#1702));
#282=EDGE_LOOP('',(#1703,#1704,#1705,#1706));
#283=EDGE_LOOP('',(#1707,#1708,#1709,#1710));
#284=EDGE_LOOP('',(#1711,#1712,#1713,#1714));
#285=EDGE_LOOP('',(#1715,#1716,#1717,#1718));
#286=EDGE_LOOP('',(#1719,#1720,#1721,#1722));
#287=EDGE_LOOP('',(#1723,#1724,#1725,#1726));
#288=EDGE_LOOP('',(#1727,#1728,#1729,#1730));
#289=EDGE_LOOP('',(#1731,#1732,#1733,#1734));
#290=EDGE_LOOP('',(#1735,#1736,#1737,#1738));
#291=EDGE_LOOP('',(#1739,#1740,#1741,#1742));
#292=EDGE_LOOP('',(#1743,#1744,#1745,#1746));
#293=EDGE_LOOP('',(#1747,#1748,#1749,#1750));
#294=EDGE_LOOP('',(#1751,#1752,#1753,#1754));
#295=EDGE_LOOP('',(#1755,#1756,#1757,#1758));
#296=EDGE_LOOP('',(#1759,#1760,#1761,#1762));
#297=EDGE_LOOP('',(#1763,#1764,#1765,#1766));
#298=EDGE_LOOP('',(#1767,#1768,#1769,#1770));
#299=EDGE_LOOP('',(#1771,#1772,#1773,#1774));
#300=EDGE_LOOP('',(#1775,#1776,#1777,#1778));
#301=EDGE_LOOP('',(#1779,#1780,#1781,#1782));
#302=EDGE_LOOP('',(#1783,#1784,#1785,#1786));
#303=EDGE_LOOP('',(#1787,#1788,#1789,#1790));
#304=EDGE_LOOP('',(#1791,#1792,#1793,#1794));
#305=EDGE_LOOP('',(#1795,#1796,#1797,#1798));
#306=EDGE_LOOP('',(#1799,#1800,#1801,#1802));
#307=EDGE_LOOP('',(#1803,#1804,#1805,#1806));
#308=EDGE_LOOP('',(#1807,#1808,#1809,#1810));
#309=EDGE_LOOP('',(#1811,#1812,#1813,#1814));
#310=EDGE_LOOP('',(#1815,#1816,#1817,#1818));
#311=EDGE_LOOP('',(#1819,#1820,#1821,#1822));
#312=EDGE_LOOP('',(#1823,#1824,#1825,#1826));
#313=EDGE_LOOP('',(#1827,#1828,#1829,#1830));
#314=EDGE_LOOP('',(#1831,#1832,#1833,#1834));
#315=EDGE_LOOP('',(#1835,#1836,#1837,#1838));
#316=EDGE_LOOP('',(#1839,#1840,#1841,#1842));
#317=EDGE_LOOP('',(#1843,#1844,#1845,#1846));
#318=EDGE_LOOP('',(#1847,#1848,#1849,#1850));
#319=EDGE_LOOP('',(#1851,#1852,#1853,#1854));
#320=EDGE_LOOP('',(#1855,#1856,#1857,#1858));
#321=EDGE_LOOP('',(#1859,#1860,#1861,#1862));
#322=EDGE_LOOP('',(#1863,#1864,#1865,#1866));
#323=EDGE_LOOP('',(#1867,#1868,#1869,#1870));
#324=LINE('',#2839,#469);
#325=LINE('',#2842,#470);
#326=LINE('',#2845,#471);
#327=LINE('',#2847,#472);
#328=LINE('',#2848,#473);
#329=LINE('',#2854,#474);
#330=LINE('',#2857,#475);
#331=LINE('',#2859,#476);
#332=LINE('',#2860,#477);
#333=LINE('',#2863,#478);
#334=LINE('',#2865,#479);
#335=LINE('',#2866,#480);
#336=LINE('',#2869,#481);
#337=LINE('',#2871,#482);
#338=LINE('',#2872,#483);
#339=LINE('',#2875,#484);
#340=LINE('',#2877,#485);
#341=LINE('',#2878,#486);
#342=LINE('',#2883,#487);
#343=LINE('',#2887,#488);
#344=LINE('',#2891,#489);
#345=LINE('',#2895,#490);
#346=LINE('',#2901,#491);
#347=LINE('',#2903,#492);
#348=LINE('',#3037,#493);
#349=LINE('',#3039,#494);
#350=LINE('',#3047,#495);
#351=LINE('',#3049,#496);
#352=LINE('',#3183,#497);
#353=LINE('',#3185,#498);
#354=LINE('',#3191,#499);
#355=LINE('',#3195,#500);
#356=LINE('',#3199,#501);
#357=LINE('',#3203,#502);
#358=LINE('',#3215,#503);
#359=LINE('',#3216,#504);
#360=LINE('',#3219,#505);
#361=LINE('',#3223,#506);
#362=LINE('',#3227,#507);
#363=LINE('',#3233,#508);
#364=LINE('',#3237,#509);
#365=LINE('',#3241,#510);
#366=LINE('',#3245,#511);
#367=LINE('',#3251,#512);
#368=LINE('',#3253,#513);
#369=LINE('',#3387,#514);
#370=LINE('',#3389,#515);
#371=LINE('',#3394,#516);
#372=LINE('',#3396,#517);
#373=LINE('',#3530,#518);
#374=LINE('',#3532,#519);
#375=LINE('',#3538,#520);
#376=LINE('',#3542,#521);
#377=LINE('',#3546,#522);
#378=LINE('',#3550,#523);
#379=LINE('',#3553,#524);
#380=LINE('',#3554,#525);
#381=LINE('',#3556,#526);
#382=LINE('',#3557,#527);
#383=LINE('',#3559,#528);
#384=LINE('',#3560,#529);
#385=LINE('',#3562,#530);
#386=LINE('',#3563,#531);
#387=LINE('',#3565,#532);
#388=LINE('',#3568,#533);
#389=LINE('',#3569,#534);
#390=LINE('',#3571,#535);
#391=LINE('',#3572,#536);
#392=LINE('',#3574,#537);
#393=LINE('',#3575,#538);
#394=LINE('',#3577,#539);
#395=LINE('',#3579,#540);
#396=LINE('',#3580,#541);
#397=LINE('',#3582,#542);
#398=LINE('',#3583,#543);
#399=LINE('',#3585,#544);
#400=LINE('',#3586,#545);
#401=LINE('',#3588,#546);
#402=LINE('',#3589,#547);
#403=LINE('',#3606,#548);
#404=LINE('',#3608,#549);
#405=LINE('',#3610,#550);
#406=LINE('',#3612,#551);
#407=LINE('',#3629,#552);
#408=LINE('',#3646,#553);
#409=LINE('',#3648,#554);
#410=LINE('',#3650,#555);
#411=LINE('',#3652,#556);
#412=LINE('',#3685,#557);
#413=LINE('',#3687,#558);
#414=LINE('',#3689,#559);
#415=LINE('',#3691,#560);
#416=LINE('',#3724,#561);
#417=LINE('',#3726,#562);
#418=LINE('',#3728,#563);
#419=LINE('',#3730,#564);
#420=LINE('',#3763,#565);
#421=LINE('',#3764,#566);
#422=LINE('',#3766,#567);
#423=LINE('',#3768,#568);
#424=LINE('',#3770,#569);
#425=LINE('',#3788,#570);
#426=LINE('',#3790,#571);
#427=LINE('',#3792,#572);
#428=LINE('',#3794,#573);
#429=LINE('',#3796,#574);
#430=LINE('',#3797,#575);
#431=LINE('',#3799,#576);
#432=LINE('',#3800,#577);
#433=LINE('',#3802,#578);
#434=LINE('',#3803,#579);
#435=LINE('',#3805,#580);
#436=LINE('',#3806,#581);
#437=LINE('',#3823,#582);
#438=LINE('',#3825,#583);
#439=LINE('',#3827,#584);
#440=LINE('',#3829,#585);
#441=LINE('',#3846,#586);
#442=LINE('',#3863,#587);
#443=LINE('',#3865,#588);
#444=LINE('',#3867,#589);
#445=LINE('',#3869,#590);
#446=LINE('',#3902,#591);
#447=LINE('',#3904,#592);
#448=LINE('',#3906,#593);
#449=LINE('',#3908,#594);
#450=LINE('',#3941,#595);
#451=LINE('',#3943,#596);
#452=LINE('',#3945,#597);
#453=LINE('',#3947,#598);
#454=LINE('',#3980,#599);
#455=LINE('',#3981,#600);
#456=LINE('',#3983,#601);
#457=LINE('',#3985,#602);
#458=LINE('',#3987,#603);
#459=LINE('',#4005,#604);
#460=LINE('',#4007,#605);
#461=LINE('',#4009,#606);
#462=LINE('',#4010,#607);
#463=LINE('',#4012,#608);
#464=LINE('',#4013,#609);
#465=LINE('',#4016,#610);
#466=LINE('',#4017,#611);
#467=LINE('',#4019,#612);
#468=LINE('',#4020,#613);
#469=VECTOR('',#2271,10.);
#470=VECTOR('',#2274,10.);
#471=VECTOR('',#2277,10.);
#472=VECTOR('',#2278,10.);
#473=VECTOR('',#2279,10.);
#474=VECTOR('',#2286,10.);
#475=VECTOR('',#2289,10.);
#476=VECTOR('',#2290,10.);
#477=VECTOR('',#2291,10.);
#478=VECTOR('',#2294,10.);
#479=VECTOR('',#2295,10.);
#480=VECTOR('',#2296,10.);
#481=VECTOR('',#2299,1000.);
#482=VECTOR('',#2300,1000.);
#483=VECTOR('',#2301,1000.);
#484=VECTOR('',#2304,1000.);
#485=VECTOR('',#2305,1000.);
#486=VECTOR('',#2306,1000.);
#487=VECTOR('',#2311,1000.);
#488=VECTOR('',#2314,1000.);
#489=VECTOR('',#2317,1000.);
#490=VECTOR('',#2320,1000.);
#491=VECTOR('',#2325,1000.);
#492=VECTOR('',#2326,1000.);
#493=VECTOR('',#2369,1000.);
#494=VECTOR('',#2370,1000.);
#495=VECTOR('',#2377,1000.);
#496=VECTOR('',#2378,1000.);
#497=VECTOR('',#2421,1000.);
#498=VECTOR('',#2422,1000.);
#499=VECTOR('',#2427,1000.);
#500=VECTOR('',#2430,1000.);
#501=VECTOR('',#2433,1000.);
#502=VECTOR('',#2436,1000.);
#503=VECTOR('',#2449,1000.);
#504=VECTOR('',#2450,1000.);
#505=VECTOR('',#2453,1.55);
#506=VECTOR('',#2458,1.55);
#507=VECTOR('',#2463,1.55);
#508=VECTOR('',#2470,1000.);
#509=VECTOR('',#2473,1000.);
#510=VECTOR('',#2476,1000.);
#511=VECTOR('',#2479,1000.);
#512=VECTOR('',#2484,1000.);
#513=VECTOR('',#2485,1000.);
#514=VECTOR('',#2528,1000.);
#515=VECTOR('',#2529,1000.);
#516=VECTOR('',#2534,1000.);
#517=VECTOR('',#2535,1000.);
#518=VECTOR('',#2578,1000.);
#519=VECTOR('',#2579,1000.);
#520=VECTOR('',#2584,1000.);
#521=VECTOR('',#2587,1000.);
#522=VECTOR('',#2590,1000.);
#523=VECTOR('',#2593,1000.);
#524=VECTOR('',#2598,1000.);
#525=VECTOR('',#2599,1000.);
#526=VECTOR('',#2602,1000.);
#527=VECTOR('',#2603,1000.);
#528=VECTOR('',#2606,1000.);
#529=VECTOR('',#2607,1000.);
#530=VECTOR('',#2610,1000.);
#531=VECTOR('',#2611,1000.);
#532=VECTOR('',#2614,1000.);
#533=VECTOR('',#2619,1000.);
#534=VECTOR('',#2620,1000.);
#535=VECTOR('',#2623,1000.);
#536=VECTOR('',#2624,1000.);
#537=VECTOR('',#2627,1000.);
#538=VECTOR('',#2628,1000.);
#539=VECTOR('',#2631,1000.);
#540=VECTOR('',#2634,1000.);
#541=VECTOR('',#2635,1000.);
#542=VECTOR('',#2638,1000.);
#543=VECTOR('',#2639,1000.);
#544=VECTOR('',#2642,1000.);
#545=VECTOR('',#2643,1000.);
#546=VECTOR('',#2646,1000.);
#547=VECTOR('',#2647,1000.);
#548=VECTOR('',#2648,1000.);
#549=VECTOR('',#2651,1000.);
#550=VECTOR('',#2654,1000.);
#551=VECTOR('',#2657,1000.);
#552=VECTOR('',#2658,1000.);
#553=VECTOR('',#2659,1000.);
#554=VECTOR('',#2662,1000.);
#555=VECTOR('',#2665,1000.);
#556=VECTOR('',#2668,1000.);
#557=VECTOR('',#2669,1000.);
#558=VECTOR('',#2672,1000.);
#559=VECTOR('',#2675,1000.);
#560=VECTOR('',#2678,1000.);
#561=VECTOR('',#2679,1000.);
#562=VECTOR('',#2682,1000.);
#563=VECTOR('',#2685,1000.);
#564=VECTOR('',#2688,1000.);
#565=VECTOR('',#2689,1000.);
#566=VECTOR('',#2690,1000.);
#567=VECTOR('',#2693,1000.);
#568=VECTOR('',#2696,1000.);
#569=VECTOR('',#2699,1000.);
#570=VECTOR('',#2702,1000.);
#571=VECTOR('',#2705,1000.);
#572=VECTOR('',#2708,1000.);
#573=VECTOR('',#2711,1000.);
#574=VECTOR('',#2714,1000.);
#575=VECTOR('',#2715,1000.);
#576=VECTOR('',#2718,1000.);
#577=VECTOR('',#2719,1000.);
#578=VECTOR('',#2722,1000.);
#579=VECTOR('',#2723,1000.);
#580=VECTOR('',#2726,1000.);
#581=VECTOR('',#2727,1000.);
#582=VECTOR('',#2728,1000.);
#583=VECTOR('',#2731,1000.);
#584=VECTOR('',#2734,1000.);
#585=VECTOR('',#2737,1000.);
#586=VECTOR('',#2738,1000.);
#587=VECTOR('',#2739,1000.);
#588=VECTOR('',#2742,1000.);
#589=VECTOR('',#2745,1000.);
#590=VECTOR('',#2748,1000.);
#591=VECTOR('',#2749,1000.);
#592=VECTOR('',#2752,1000.);
#593=VECTOR('',#2755,1000.);
#594=VECTOR('',#2758,1000.);
#595=VECTOR('',#2759,1000.);
#596=VECTOR('',#2762,1000.);
#597=VECTOR('',#2765,1000.);
#598=VECTOR('',#2768,1000.);
#599=VECTOR('',#2769,1000.);
#600=VECTOR('',#2770,1000.);
#601=VECTOR('',#2773,1000.);
#602=VECTOR('',#2776,1000.);
#603=VECTOR('',#2779,1000.);
#604=VECTOR('',#2782,1000.);
#605=VECTOR('',#2785,1000.);
#606=VECTOR('',#2788,1000.);
#607=VECTOR('',#2789,1000.);
#608=VECTOR('',#2792,1000.);
#609=VECTOR('',#2793,1000.);
#610=VECTOR('',#2798,1000.);
#611=VECTOR('',#2799,1000.);
#612=VECTOR('',#2802,1000.);
#613=VECTOR('',#2803,1000.);
#614=CIRCLE('',#2054,1.);
#615=CIRCLE('',#2055,1.);
#616=CIRCLE('',#2058,1.);
#617=CIRCLE('',#2059,1.);
#618=CIRCLE('',#2065,2.);
#619=CIRCLE('',#2066,3.);
#620=CIRCLE('',#2067,2.);
#621=CIRCLE('',#2068,1.);
#622=CIRCLE('',#2069,10.);
#623=CIRCLE('',#2070,20.);
#624=CIRCLE('',#2071,19.);
#625=CIRCLE('',#2072,0.19);
#626=CIRCLE('',#2073,17.875);
#627=CIRCLE('',#2074,0.19);
#628=CIRCLE('',#2075,19.);
#629=CIRCLE('',#2076,0.19);
#630=CIRCLE('',#2077,17.875);
#631=CIRCLE('',#2078,0.19);
#632=CIRCLE('',#2079,19.);
#633=CIRCLE('',#2080,0.19);
#634=CIRCLE('',#2081,17.875);
#635=CIRCLE('',#2082,0.19);
#636=CIRCLE('',#2083,19.);
#637=CIRCLE('',#2084,0.19);
#638=CIRCLE('',#2085,17.875);
#639=CIRCLE('',#2086,0.19);
#640=CIRCLE('',#2087,19.);
#641=CIRCLE('',#2088,0.19);
#642=CIRCLE('',#2089,17.875);
#643=CIRCLE('',#2090,0.19);
#644=CIRCLE('',#2091,19.);
#645=CIRCLE('',#2092,20.);
#646=CIRCLE('',#2093,10.);
#647=CIRCLE('',#2094,20.);
#648=CIRCLE('',#2095,19.);
#649=CIRCLE('',#2096,0.19);
#650=CIRCLE('',#2097,17.875);
#651=CIRCLE('',#2098,0.19);
#652=CIRCLE('',#2099,19.);
#653=CIRCLE('',#2100,0.19);
#654=CIRCLE('',#2101,17.875);
#655=CIRCLE('',#2102,0.19);
#656=CIRCLE('',#2103,19.);
#657=CIRCLE('',#2104,0.19);
#658=CIRCLE('',#2105,17.875);
#659=CIRCLE('',#2106,0.19);
#660=CIRCLE('',#2107,19.);
#661=CIRCLE('',#2108,0.19);
#662=CIRCLE('',#2109,17.875);
#663=CIRCLE('',#2110,0.19);
#664=CIRCLE('',#2111,19.);
#665=CIRCLE('',#2112,0.19);
#666=CIRCLE('',#2113,17.875);
#667=CIRCLE('',#2114,0.19);
#668=CIRCLE('',#2115,19.);
#669=CIRCLE('',#2116,20.);
#670=CIRCLE('',#2117,10.);
#671=CIRCLE('',#2118,1.);
#672=CIRCLE('',#2119,2.);
#673=CIRCLE('',#2120,3.);
#674=CIRCLE('',#2121,2.);
#675=CIRCLE('',#2122,1.55);
#676=CIRCLE('',#2123,1.55);
#677=CIRCLE('',#2124,1.55);
#678=CIRCLE('',#2126,10.);
#679=CIRCLE('',#2128,1.55);
#680=CIRCLE('',#2130,1.55);
#681=CIRCLE('',#2132,1.55);
#682=CIRCLE('',#2134,2.);
#683=CIRCLE('',#2135,3.);
#684=CIRCLE('',#2136,2.);
#685=CIRCLE('',#2137,1.);
#686=CIRCLE('',#2138,10.);
#687=CIRCLE('',#2139,20.);
#688=CIRCLE('',#2140,19.);
#689=CIRCLE('',#2141,0.19);
#690=CIRCLE('',#2142,17.875);
#691=CIRCLE('',#2143,0.19);
#692=CIRCLE('',#2144,19.);
#693=CIRCLE('',#2145,0.19);
#694=CIRCLE('',#2146,17.875);
#695=CIRCLE('',#2147,0.19);
#696=CIRCLE('',#2148,19.);
#697=CIRCLE('',#2149,0.19);
#698=CIRCLE('',#2150,17.875);
#699=CIRCLE('',#2151,0.19);
#700=CIRCLE('',#2152,19.);
#701=CIRCLE('',#2153,0.19);
#702=CIRCLE('',#2154,17.875);
#703=CIRCLE('',#2155,0.19);
#704=CIRCLE('',#2156,19.);
#705=CIRCLE('',#2157,0.19);
#706=CIRCLE('',#2158,17.875);
#707=CIRCLE('',#2159,0.19);
#708=CIRCLE('',#2160,19.);
#709=CIRCLE('',#2161,20.);
#710=CIRCLE('',#2162,20.);
#711=CIRCLE('',#2163,19.);
#712=CIRCLE('',#2164,0.19);
#713=CIRCLE('',#2165,17.875);
#714=CIRCLE('',#2166,0.19);
#715=CIRCLE('',#2167,19.);
#716=CIRCLE('',#2168,0.19);
#717=CIRCLE('',#2169,17.875);
#718=CIRCLE('',#2170,0.19);
#719=CIRCLE('',#2171,19.);
#720=CIRCLE('',#2172,0.19);
#721=CIRCLE('',#2173,17.875);
#722=CIRCLE('',#2174,0.19);
#723=CIRCLE('',#2175,19.);
#724=CIRCLE('',#2176,0.19);
#725=CIRCLE('',#2177,17.875);
#726=CIRCLE('',#2178,0.19);
#727=CIRCLE('',#2179,19.);
#728=CIRCLE('',#2180,0.19);
#729=CIRCLE('',#2181,17.875);
#730=CIRCLE('',#2182,0.19);
#731=CIRCLE('',#2183,19.);
#732=CIRCLE('',#2184,20.);
#733=CIRCLE('',#2185,10.);
#734=CIRCLE('',#2186,1.);
#735=CIRCLE('',#2187,2.);
#736=CIRCLE('',#2188,3.);
#737=CIRCLE('',#2189,2.);
#738=VERTEX_POINT('',#2835);
#739=VERTEX_POINT('',#2836);
#740=VERTEX_POINT('',#2838);
#741=VERTEX_POINT('',#2840);
#742=VERTEX_POINT('',#2844);
#743=VERTEX_POINT('',#2846);
#744=VERTEX_POINT('',#2850);
#745=VERTEX_POINT('',#2852);
#746=VERTEX_POINT('',#2856);
#747=VERTEX_POINT('',#2858);
#748=VERTEX_POINT('',#2862);
#749=VERTEX_POINT('',#2864);
#750=VERTEX_POINT('',#2868);
#751=VERTEX_POINT('',#2870);
#752=VERTEX_POINT('',#2874);
#753=VERTEX_POINT('',#2876);
#754=VERTEX_POINT('',#2880);
#755=VERTEX_POINT('',#2882);
#756=VERTEX_POINT('',#2884);
#757=VERTEX_POINT('',#2886);
#758=VERTEX_POINT('',#2888);
#759=VERTEX_POINT('',#2890);
#760=VERTEX_POINT('',#2892);
#761=VERTEX_POINT('',#2894);
#762=VERTEX_POINT('',#2896);
#763=VERTEX_POINT('',#2898);
#764=VERTEX_POINT('',#2900);
#765=VERTEX_POINT('',#2902);
#766=VERTEX_POINT('',#2904);
#767=VERTEX_POINT('',#2906);
#768=VERTEX_POINT('',#2915);
#769=VERTEX_POINT('',#2917);
#770=VERTEX_POINT('',#2919);
#771=VERTEX_POINT('',#2921);
#772=VERTEX_POINT('',#2930);
#773=VERTEX_POINT('',#2932);
#774=VERTEX_POINT('',#2941);
#775=VERTEX_POINT('',#2943);
#776=VERTEX_POINT('',#2945);
#777=VERTEX_POINT('',#2947);
#778=VERTEX_POINT('',#2956);
#779=VERTEX_POINT('',#2958);
#780=VERTEX_POINT('',#2967);
#781=VERTEX_POINT('',#2969);
#782=VERTEX_POINT('',#2971);
#783=VERTEX_POINT('',#2973);
#784=VERTEX_POINT('',#2982);
#785=VERTEX_POINT('',#2984);
#786=VERTEX_POINT('',#2993);
#787=VERTEX_POINT('',#2995);
#788=VERTEX_POINT('',#2997);
#789=VERTEX_POINT('',#2999);
#790=VERTEX_POINT('',#3008);
#791=VERTEX_POINT('',#3010);
#792=VERTEX_POINT('',#3019);
#793=VERTEX_POINT('',#3021);
#794=VERTEX_POINT('',#3023);
#795=VERTEX_POINT('',#3025);
#796=VERTEX_POINT('',#3034);
#797=VERTEX_POINT('',#3036);
#798=VERTEX_POINT('',#3038);
#799=VERTEX_POINT('',#3040);
#800=VERTEX_POINT('',#3042);
#801=VERTEX_POINT('',#3044);
#802=VERTEX_POINT('',#3046);
#803=VERTEX_POINT('',#3048);
#804=VERTEX_POINT('',#3050);
#805=VERTEX_POINT('',#3052);
#806=VERTEX_POINT('',#3061);
#807=VERTEX_POINT('',#3063);
#808=VERTEX_POINT('',#3065);
#809=VERTEX_POINT('',#3067);
#810=VERTEX_POINT('',#3076);
#811=VERTEX_POINT('',#3078);
#812=VERTEX_POINT('',#3087);
#813=VERTEX_POINT('',#3089);
#814=VERTEX_POINT('',#3091);
#815=VERTEX_POINT('',#3093);
#816=VERTEX_POINT('',#3102);
#817=VERTEX_POINT('',#3104);
#818=VERTEX_POINT('',#3113);
#819=VERTEX_POINT('',#3115);
#820=VERTEX_POINT('',#3117);
#821=VERTEX_POINT('',#3119);
#822=VERTEX_POINT('',#3128);
#823=VERTEX_POINT('',#3130);
#824=VERTEX_POINT('',#3139);
#825=VERTEX_POINT('',#3141);
#826=VERTEX_POINT('',#3143);
#827=VERTEX_POINT('',#3145);
#828=VERTEX_POINT('',#3154);
#829=VERTEX_POINT('',#3156);
#830=VERTEX_POINT('',#3165);
#831=VERTEX_POINT('',#3167);
#832=VERTEX_POINT('',#3169);
#833=VERTEX_POINT('',#3171);
#834=VERTEX_POINT('',#3180);
#835=VERTEX_POINT('',#3182);
#836=VERTEX_POINT('',#3184);
#837=VERTEX_POINT('',#3186);
#838=VERTEX_POINT('',#3188);
#839=VERTEX_POINT('',#3190);
#840=VERTEX_POINT('',#3192);
#841=VERTEX_POINT('',#3194);
#842=VERTEX_POINT('',#3196);
#843=VERTEX_POINT('',#3198);
#844=VERTEX_POINT('',#3200);
#845=VERTEX_POINT('',#3202);
#846=VERTEX_POINT('',#3205);
#847=VERTEX_POINT('',#3207);
#848=VERTEX_POINT('',#3209);
#849=VERTEX_POINT('',#3212);
#850=VERTEX_POINT('',#3213);
#851=VERTEX_POINT('',#3218);
#852=VERTEX_POINT('',#3222);
#853=VERTEX_POINT('',#3226);
#854=VERTEX_POINT('',#3230);
#855=VERTEX_POINT('',#3232);
#856=VERTEX_POINT('',#3234);
#857=VERTEX_POINT('',#3236);
#858=VERTEX_POINT('',#3238);
#859=VERTEX_POINT('',#3240);
#860=VERTEX_POINT('',#3242);
#861=VERTEX_POINT('',#3244);
#862=VERTEX_POINT('',#3246);
#863=VERTEX_POINT('',#3248);
#864=VERTEX_POINT('',#3250);
#865=VERTEX_POINT('',#3252);
#866=VERTEX_POINT('',#3254);
#867=VERTEX_POINT('',#3256);
#868=VERTEX_POINT('',#3265);
#869=VERTEX_POINT('',#3267);
#870=VERTEX_POINT('',#3269);
#871=VERTEX_POINT('',#3271);
#872=VERTEX_POINT('',#3280);
#873=VERTEX_POINT('',#3282);
#874=VERTEX_POINT('',#3291);
#875=VERTEX_POINT('',#3293);
#876=VERTEX_POINT('',#3295);
#877=VERTEX_POINT('',#3297);
#878=VERTEX_POINT('',#3306);
#879=VERTEX_POINT('',#3308);
#880=VERTEX_POINT('',#3317);
#881=VERTEX_POINT('',#3319);
#882=VERTEX_POINT('',#3321);
#883=VERTEX_POINT('',#3323);
#884=VERTEX_POINT('',#3332);
#885=VERTEX_POINT('',#3334);
#886=VERTEX_POINT('',#3343);
#887=VERTEX_POINT('',#3345);
#888=VERTEX_POINT('',#3347);
#889=VERTEX_POINT('',#3349);
#890=VERTEX_POINT('',#3358);
#891=VERTEX_POINT('',#3360);
#892=VERTEX_POINT('',#3369);
#893=VERTEX_POINT('',#3371);
#894=VERTEX_POINT('',#3373);
#895=VERTEX_POINT('',#3375);
#896=VERTEX_POINT('',#3384);
#897=VERTEX_POINT('',#3386);
#898=VERTEX_POINT('',#3388);
#899=VERTEX_POINT('',#3391);
#900=VERTEX_POINT('',#3393);
#901=VERTEX_POINT('',#3395);
#902=VERTEX_POINT('',#3397);
#903=VERTEX_POINT('',#3399);
#904=VERTEX_POINT('',#3408);
#905=VERTEX_POINT('',#3410);
#906=VERTEX_POINT('',#3412);
#907=VERTEX_POINT('',#3414);
#908=VERTEX_POINT('',#3423);
#909=VERTEX_POINT('',#3425);
#910=VERTEX_POINT('',#3434);
#911=VERTEX_POINT('',#3436);
#912=VERTEX_POINT('',#3438);
#913=VERTEX_POINT('',#3440);
#914=VERTEX_POINT('',#3449);
#915=VERTEX_POINT('',#3451);
#916=VERTEX_POINT('',#3460);
#917=VERTEX_POINT('',#3462);
#918=VERTEX_POINT('',#3464);
#919=VERTEX_POINT('',#3466);
#920=VERTEX_POINT('',#3475);
#921=VERTEX_POINT('',#3477);
#922=VERTEX_POINT('',#3486);
#923=VERTEX_POINT('',#3488);
#924=VERTEX_POINT('',#3490);
#925=VERTEX_POINT('',#3492);
#926=VERTEX_POINT('',#3501);
#927=VERTEX_POINT('',#3503);
#928=VERTEX_POINT('',#3512);
#929=VERTEX_POINT('',#3514);
#930=VERTEX_POINT('',#3516);
#931=VERTEX_POINT('',#3518);
#932=VERTEX_POINT('',#3527);
#933=VERTEX_POINT('',#3529);
#934=VERTEX_POINT('',#3531);
#935=VERTEX_POINT('',#3533);
#936=VERTEX_POINT('',#3535);
#937=VERTEX_POINT('',#3537);
#938=VERTEX_POINT('',#3539);
#939=VERTEX_POINT('',#3541);
#940=VERTEX_POINT('',#3543);
#941=VERTEX_POINT('',#3545);
#942=VERTEX_POINT('',#3547);
#943=VERTEX_POINT('',#3549);
#944=EDGE_CURVE('',#738,#739,#614,.T.);
#945=EDGE_CURVE('',#739,#740,#324,.T.);
#946=EDGE_CURVE('',#740,#741,#615,.T.);
#947=EDGE_CURVE('',#741,#738,#325,.T.);
#948=EDGE_CURVE('',#742,#739,#326,.T.);
#949=EDGE_CURVE('',#743,#742,#327,.T.);
#950=EDGE_CURVE('',#740,#743,#328,.T.);
#951=EDGE_CURVE('',#744,#743,#616,.T.);
#952=EDGE_CURVE('',#742,#745,#617,.T.);
#953=EDGE_CURVE('',#745,#744,#329,.T.);
#954=EDGE_CURVE('',#746,#745,#330,.T.);
#955=EDGE_CURVE('',#747,#746,#331,.T.);
#956=EDGE_CURVE('',#744,#747,#332,.T.);
#957=EDGE_CURVE('',#748,#741,#333,.T.);
#958=EDGE_CURVE('',#749,#748,#334,.T.);
#959=EDGE_CURVE('',#738,#749,#335,.T.);
#960=EDGE_CURVE('',#750,#748,#336,.T.);
#961=EDGE_CURVE('',#750,#751,#337,.T.);
#962=EDGE_CURVE('',#751,#749,#338,.T.);
#963=EDGE_CURVE('',#746,#752,#339,.T.);
#964=EDGE_CURVE('',#752,#753,#340,.T.);
#965=EDGE_CURVE('',#747,#753,#341,.T.);
#966=EDGE_CURVE('',#751,#754,#618,.T.);
#967=EDGE_CURVE('',#755,#754,#342,.T.);
#968=EDGE_CURVE('',#755,#756,#619,.T.);
#969=EDGE_CURVE('',#757,#756,#343,.T.);
#970=EDGE_CURVE('',#757,#758,#620,.T.);
#971=EDGE_CURVE('',#759,#758,#344,.T.);
#972=EDGE_CURVE('',#759,#760,#621,.T.);
#973=EDGE_CURVE('',#761,#760,#345,.T.);
#974=EDGE_CURVE('',#761,#762,#622,.T.);
#975=EDGE_CURVE('',#763,#762,#623,.T.);
#976=EDGE_CURVE('',#763,#764,#346,.T.);
#977=EDGE_CURVE('',#764,#765,#347,.T.);
#978=EDGE_CURVE('',#765,#766,#624,.T.);
#979=EDGE_CURVE('',#767,#766,#45,.T.);
#980=EDGE_CURVE('',#767,#768,#625,.T.);
#981=EDGE_CURVE('',#768,#769,#626,.T.);
#982=EDGE_CURVE('',#769,#770,#627,.T.);
#983=EDGE_CURVE('',#770,#771,#46,.T.);
#984=EDGE_CURVE('',#771,#772,#628,.T.);
#985=EDGE_CURVE('',#773,#772,#47,.T.);
#986=EDGE_CURVE('',#773,#774,#629,.T.);
#987=EDGE_CURVE('',#774,#775,#630,.T.);
#988=EDGE_CURVE('',#775,#776,#631,.T.);
#989=EDGE_CURVE('',#776,#777,#48,.T.);
#990=EDGE_CURVE('',#777,#778,#632,.T.);
#991=EDGE_CURVE('',#779,#778,#49,.T.);
#992=EDGE_CURVE('',#779,#780,#633,.T.);
#993=EDGE_CURVE('',#780,#781,#634,.T.);
#994=EDGE_CURVE('',#781,#782,#635,.T.);
#995=EDGE_CURVE('',#782,#783,#50,.T.);
#996=EDGE_CURVE('',#783,#784,#636,.T.);
#997=EDGE_CURVE('',#785,#784,#51,.T.);
#998=EDGE_CURVE('',#785,#786,#637,.T.);
#999=EDGE_CURVE('',#786,#787,#638,.T.);
#1000=EDGE_CURVE('',#787,#788,#639,.T.);
#1001=EDGE_CURVE('',#788,#789,#52,.T.);
#1002=EDGE_CURVE('',#789,#790,#640,.T.);
#1003=EDGE_CURVE('',#791,#790,#53,.T.);
#1004=EDGE_CURVE('',#791,#792,#641,.T.);
#1005=EDGE_CURVE('',#792,#793,#642,.T.);
#1006=EDGE_CURVE('',#793,#794,#643,.T.);
#1007=EDGE_CURVE('',#794,#795,#54,.T.);
#1008=EDGE_CURVE('',#795,#796,#644,.T.);
#1009=EDGE_CURVE('',#796,#797,#348,.T.);
#1010=EDGE_CURVE('',#798,#797,#349,.T.);
#1011=EDGE_CURVE('',#799,#798,#645,.T.);
#1012=EDGE_CURVE('',#799,#800,#646,.T.);
#1013=EDGE_CURVE('',#800,#801,#647,.T.);
#1014=EDGE_CURVE('',#801,#802,#350,.T.);
#1015=EDGE_CURVE('',#802,#803,#351,.T.);
#1016=EDGE_CURVE('',#804,#803,#648,.T.);
#1017=EDGE_CURVE('',#805,#804,#55,.T.);
#1018=EDGE_CURVE('',#806,#805,#649,.T.);
#1019=EDGE_CURVE('',#807,#806,#650,.T.);
#1020=EDGE_CURVE('',#808,#807,#651,.T.);
#1021=EDGE_CURVE('',#808,#809,#56,.T.);
#1022=EDGE_CURVE('',#810,#809,#652,.T.);
#1023=EDGE_CURVE('',#811,#810,#57,.T.);
#1024=EDGE_CURVE('',#812,#811,#653,.T.);
#1025=EDGE_CURVE('',#813,#812,#654,.T.);
#1026=EDGE_CURVE('',#814,#813,#655,.T.);
#1027=EDGE_CURVE('',#814,#815,#58,.T.);
#1028=EDGE_CURVE('',#816,#815,#656,.T.);
#1029=EDGE_CURVE('',#817,#816,#59,.T.);
#1030=EDGE_CURVE('',#818,#817,#657,.T.);
#1031=EDGE_CURVE('',#819,#818,#658,.T.);
#1032=EDGE_CURVE('',#820,#819,#659,.T.);
#1033=EDGE_CURVE('',#820,#821,#60,.T.);
#1034=EDGE_CURVE('',#822,#821,#660,.T.);
#1035=EDGE_CURVE('',#823,#822,#61,.T.);
#1036=EDGE_CURVE('',#824,#823,#661,.T.);
#1037=EDGE_CURVE('',#825,#824,#662,.T.);
#1038=EDGE_CURVE('',#826,#825,#663,.T.);
#1039=EDGE_CURVE('',#826,#827,#62,.T.);
#1040=EDGE_CURVE('',#828,#827,#664,.T.);
#1041=EDGE_CURVE('',#829,#828,#63,.T.);
#1042=EDGE_CURVE('',#830,#829,#665,.T.);
#1043=EDGE_CURVE('',#831,#830,#666,.T.);
#1044=EDGE_CURVE('',#832,#831,#667,.T.);
#1045=EDGE_CURVE('',#832,#833,#64,.T.);
#1046=EDGE_CURVE('',#834,#833,#668,.T.);
#1047=EDGE_CURVE('',#834,#835,#352,.T.);
#1048=EDGE_CURVE('',#836,#835,#353,.T.);
#1049=EDGE_CURVE('',#836,#837,#669,.T.);
#1050=EDGE_CURVE('',#837,#838,#670,.T.);
#1051=EDGE_CURVE('',#838,#839,#354,.T.);
#1052=EDGE_CURVE('',#839,#840,#671,.T.);
#1053=EDGE_CURVE('',#841,#840,#355,.T.);
#1054=EDGE_CURVE('',#841,#842,#672,.T.);
#1055=EDGE_CURVE('',#842,#843,#356,.T.);
#1056=EDGE_CURVE('',#843,#844,#673,.T.);
#1057=EDGE_CURVE('',#844,#845,#357,.T.);
#1058=EDGE_CURVE('',#845,#752,#674,.T.);
#1059=EDGE_CURVE('',#846,#846,#675,.T.);
#1060=EDGE_CURVE('',#847,#847,#676,.T.);
#1061=EDGE_CURVE('',#848,#848,#677,.T.);
#1062=EDGE_CURVE('',#849,#850,#678,.T.);
#1063=EDGE_CURVE('',#800,#849,#358,.T.);
#1064=EDGE_CURVE('',#850,#799,#359,.T.);
#1065=EDGE_CURVE('',#846,#851,#360,.T.);
#1066=EDGE_CURVE('',#851,#851,#679,.T.);
#1067=EDGE_CURVE('',#847,#852,#361,.T.);
#1068=EDGE_CURVE('',#852,#852,#680,.T.);
#1069=EDGE_CURVE('',#848,#853,#362,.T.);
#1070=EDGE_CURVE('',#853,#853,#681,.T.);
#1071=EDGE_CURVE('',#753,#854,#682,.T.);
#1072=EDGE_CURVE('',#855,#854,#363,.T.);
#1073=EDGE_CURVE('',#855,#856,#683,.T.);
#1074=EDGE_CURVE('',#857,#856,#364,.T.);
#1075=EDGE_CURVE('',#857,#858,#684,.T.);
#1076=EDGE_CURVE('',#858,#859,#365,.T.);
#1077=EDGE_CURVE('',#859,#860,#685,.T.);
#1078=EDGE_CURVE('',#861,#860,#366,.T.);
#1079=EDGE_CURVE('',#861,#862,#686,.T.);
#1080=EDGE_CURVE('',#863,#862,#687,.T.);
#1081=EDGE_CURVE('',#864,#863,#367,.T.);
#1082=EDGE_CURVE('',#864,#865,#368,.T.);
#1083=EDGE_CURVE('',#865,#866,#688,.T.);
#1084=EDGE_CURVE('',#867,#866,#65,.T.);
#1085=EDGE_CURVE('',#867,#868,#689,.T.);
#1086=EDGE_CURVE('',#868,#869,#690,.T.);
#1087=EDGE_CURVE('',#869,#870,#691,.T.);
#1088=EDGE_CURVE('',#870,#871,#66,.T.);
#1089=EDGE_CURVE('',#871,#872,#692,.T.);
#1090=EDGE_CURVE('',#873,#872,#67,.T.);
#1091=EDGE_CURVE('',#873,#874,#693,.T.);
#1092=EDGE_CURVE('',#874,#875,#694,.T.);
#1093=EDGE_CURVE('',#875,#876,#695,.T.);
#1094=EDGE_CURVE('',#876,#877,#68,.T.);
#1095=EDGE_CURVE('',#877,#878,#696,.T.);
#1096=EDGE_CURVE('',#879,#878,#69,.T.);
#1097=EDGE_CURVE('',#879,#880,#697,.T.);
#1098=EDGE_CURVE('',#880,#881,#698,.T.);
#1099=EDGE_CURVE('',#881,#882,#699,.T.);
#1100=EDGE_CURVE('',#882,#883,#70,.T.);
#1101=EDGE_CURVE('',#883,#884,#700,.T.);
#1102=EDGE_CURVE('',#885,#884,#71,.T.);
#1103=EDGE_CURVE('',#885,#886,#701,.T.);
#1104=EDGE_CURVE('',#886,#887,#702,.T.);
#1105=EDGE_CURVE('',#887,#888,#703,.T.);
#1106=EDGE_CURVE('',#888,#889,#72,.T.);
#1107=EDGE_CURVE('',#889,#890,#704,.T.);
#1108=EDGE_CURVE('',#891,#890,#73,.T.);
#1109=EDGE_CURVE('',#891,#892,#705,.T.);
#1110=EDGE_CURVE('',#892,#893,#706,.T.);
#1111=EDGE_CURVE('',#893,#894,#707,.T.);
#1112=EDGE_CURVE('',#894,#895,#74,.T.);
#1113=EDGE_CURVE('',#895,#896,#708,.T.);
#1114=EDGE_CURVE('',#896,#897,#369,.T.);
#1115=EDGE_CURVE('',#897,#898,#370,.T.);
#1116=EDGE_CURVE('',#849,#898,#709,.T.);
#1117=EDGE_CURVE('',#850,#899,#710,.T.);
#1118=EDGE_CURVE('',#900,#899,#371,.T.);
#1119=EDGE_CURVE('',#900,#901,#372,.T.);
#1120=EDGE_CURVE('',#902,#901,#711,.T.);
#1121=EDGE_CURVE('',#903,#902,#75,.T.);
#1122=EDGE_CURVE('',#904,#903,#712,.T.);
#1123=EDGE_CURVE('',#905,#904,#713,.T.);
#1124=EDGE_CURVE('',#906,#905,#714,.T.);
#1125=EDGE_CURVE('',#906,#907,#76,.T.);
#1126=EDGE_CURVE('',#908,#907,#715,.T.);
#1127=EDGE_CURVE('',#909,#908,#77,.T.);
#1128=EDGE_CURVE('',#910,#909,#716,.T.);
#1129=EDGE_CURVE('',#911,#910,#717,.T.);
#1130=EDGE_CURVE('',#912,#911,#718,.T.);
#1131=EDGE_CURVE('',#912,#913,#78,.T.);
#1132=EDGE_CURVE('',#914,#913,#719,.T.);
#1133=EDGE_CURVE('',#915,#914,#79,.T.);
#1134=EDGE_CURVE('',#916,#915,#720,.T.);
#1135=EDGE_CURVE('',#917,#916,#721,.T.);
#1136=EDGE_CURVE('',#918,#917,#722,.T.);
#1137=EDGE_CURVE('',#918,#919,#80,.T.);
#1138=EDGE_CURVE('',#920,#919,#723,.T.);
#1139=EDGE_CURVE('',#921,#920,#81,.T.);
#1140=EDGE_CURVE('',#922,#921,#724,.T.);
#1141=EDGE_CURVE('',#923,#922,#725,.T.);
#1142=EDGE_CURVE('',#924,#923,#726,.T.);
#1143=EDGE_CURVE('',#924,#925,#82,.T.);
#1144=EDGE_CURVE('',#926,#925,#727,.T.);
#1145=EDGE_CURVE('',#927,#926,#83,.T.);
#1146=EDGE_CURVE('',#928,#927,#728,.T.);
#1147=EDGE_CURVE('',#929,#928,#729,.T.);
#1148=EDGE_CURVE('',#930,#929,#730,.T.);
#1149=EDGE_CURVE('',#930,#931,#84,.T.);
#1150=EDGE_CURVE('',#932,#931,#731,.T.);
#1151=EDGE_CURVE('',#932,#933,#373,.T.);
#1152=EDGE_CURVE('',#933,#934,#374,.T.);
#1153=EDGE_CURVE('',#934,#935,#732,.T.);
#1154=EDGE_CURVE('',#935,#936,#733,.T.);
#1155=EDGE_CURVE('',#936,#937,#375,.T.);
#1156=EDGE_CURVE('',#937,#938,#734,.T.);
#1157=EDGE_CURVE('',#938,#939,#376,.T.);
#1158=EDGE_CURVE('',#939,#940,#735,.T.);
#1159=EDGE_CURVE('',#940,#941,#377,.T.);
#1160=EDGE_CURVE('',#941,#942,#736,.T.);
#1161=EDGE_CURVE('',#942,#943,#378,.T.);
#1162=EDGE_CURVE('',#943,#750,#737,.T.);
#1163=EDGE_CURVE('',#938,#759,#379,.T.);
#1164=EDGE_CURVE('',#758,#939,#380,.T.);
#1165=EDGE_CURVE('',#762,#935,#381,.T.);
#1166=EDGE_CURVE('',#763,#934,#382,.T.);
#1167=EDGE_CURVE('',#835,#864,#383,.T.);
#1168=EDGE_CURVE('',#836,#863,#384,.T.);
#1169=EDGE_CURVE('',#897,#802,#385,.T.);
#1170=EDGE_CURVE('',#801,#898,#386,.T.);
#1171=EDGE_CURVE('',#862,#837,#387,.T.);
#1172=EDGE_CURVE('',#840,#859,#388,.T.);
#1173=EDGE_CURVE('',#858,#841,#389,.T.);
#1174=EDGE_CURVE('',#838,#861,#390,.T.);
#1175=EDGE_CURVE('',#860,#839,#391,.T.);
#1176=EDGE_CURVE('',#936,#761,#392,.T.);
#1177=EDGE_CURVE('',#760,#937,#393,.T.);
#1178=EDGE_CURVE('',#798,#899,#394,.T.);
#1179=EDGE_CURVE('',#889,#810,#395,.T.);
#1180=EDGE_CURVE('',#890,#809,#396,.T.);
#1181=EDGE_CURVE('',#883,#816,#397,.T.);
#1182=EDGE_CURVE('',#884,#815,#398,.T.);
#1183=EDGE_CURVE('',#877,#822,#399,.T.);
#1184=EDGE_CURVE('',#878,#821,#400,.T.);
#1185=EDGE_CURVE('',#871,#828,#401,.T.);
#1186=EDGE_CURVE('',#872,#827,#402,.T.);
#1187=EDGE_CURVE('',#829,#870,#403,.T.);
#1188=EDGE_CURVE('',#869,#830,#404,.T.);
#1189=EDGE_CURVE('',#831,#868,#405,.T.);
#1190=EDGE_CURVE('',#867,#832,#406,.T.);
#1191=EDGE_CURVE('',#866,#833,#407,.T.);
#1192=EDGE_CURVE('',#823,#876,#408,.T.);
#1193=EDGE_CURVE('',#875,#824,#409,.T.);
#1194=EDGE_CURVE('',#825,#874,#410,.T.);
#1195=EDGE_CURVE('',#873,#826,#411,.T.);
#1196=EDGE_CURVE('',#817,#882,#412,.T.);
#1197=EDGE_CURVE('',#881,#818,#413,.T.);
#1198=EDGE_CURVE('',#819,#880,#414,.T.);
#1199=EDGE_CURVE('',#879,#820,#415,.T.);
#1200=EDGE_CURVE('',#811,#888,#416,.T.);
#1201=EDGE_CURVE('',#887,#812,#417,.T.);
#1202=EDGE_CURVE('',#813,#886,#418,.T.);
#1203=EDGE_CURVE('',#885,#814,#419,.T.);
#1204=EDGE_CURVE('',#805,#894,#420,.T.);
#1205=EDGE_CURVE('',#895,#804,#421,.T.);
#1206=EDGE_CURVE('',#893,#806,#422,.T.);
#1207=EDGE_CURVE('',#807,#892,#423,.T.);
#1208=EDGE_CURVE('',#891,#808,#424,.T.);
#1209=EDGE_CURVE('',#803,#896,#425,.T.);
#1210=EDGE_CURVE('',#865,#834,#426,.T.);
#1211=EDGE_CURVE('',#933,#764,#427,.T.);
#1212=EDGE_CURVE('',#797,#900,#428,.T.);
#1213=EDGE_CURVE('',#908,#789,#429,.T.);
#1214=EDGE_CURVE('',#907,#790,#430,.T.);
#1215=EDGE_CURVE('',#914,#783,#431,.T.);
#1216=EDGE_CURVE('',#913,#784,#432,.T.);
#1217=EDGE_CURVE('',#920,#777,#433,.T.);
#1218=EDGE_CURVE('',#919,#778,#434,.T.);
#1219=EDGE_CURVE('',#926,#771,#435,.T.);
#1220=EDGE_CURVE('',#925,#772,#436,.T.);
#1221=EDGE_CURVE('',#770,#927,#437,.T.);
#1222=EDGE_CURVE('',#928,#769,#438,.T.);
#1223=EDGE_CURVE('',#768,#929,#439,.T.);
#1224=EDGE_CURVE('',#930,#767,#440,.T.);
#1225=EDGE_CURVE('',#931,#766,#441,.T.);
#1226=EDGE_CURVE('',#776,#921,#442,.T.);
#1227=EDGE_CURVE('',#922,#775,#443,.T.);
#1228=EDGE_CURVE('',#774,#923,#444,.T.);
#1229=EDGE_CURVE('',#924,#773,#445,.T.);
#1230=EDGE_CURVE('',#782,#915,#446,.T.);
#1231=EDGE_CURVE('',#916,#781,#447,.T.);
#1232=EDGE_CURVE('',#780,#917,#448,.T.);
#1233=EDGE_CURVE('',#918,#779,#449,.T.);
#1234=EDGE_CURVE('',#788,#909,#450,.T.);
#1235=EDGE_CURVE('',#910,#787,#451,.T.);
#1236=EDGE_CURVE('',#786,#911,#452,.T.);
#1237=EDGE_CURVE('',#912,#785,#453,.T.);
#1238=EDGE_CURVE('',#794,#903,#454,.T.);
#1239=EDGE_CURVE('',#902,#795,#455,.T.);
#1240=EDGE_CURVE('',#904,#793,#456,.T.);
#1241=EDGE_CURVE('',#792,#905,#457,.T.);
#1242=EDGE_CURVE('',#906,#791,#458,.T.);
#1243=EDGE_CURVE('',#901,#796,#459,.T.);
#1244=EDGE_CURVE('',#765,#932,#460,.T.);
#1245=EDGE_CURVE('',#854,#845,#461,.T.);
#1246=EDGE_CURVE('',#844,#855,#462,.T.);
#1247=EDGE_CURVE('',#842,#857,#463,.T.);
#1248=EDGE_CURVE('',#856,#843,#464,.T.);
#1249=EDGE_CURVE('',#940,#757,#465,.T.);
#1250=EDGE_CURVE('',#756,#941,#466,.T.);
#1251=EDGE_CURVE('',#754,#943,#467,.T.);
#1252=EDGE_CURVE('',#942,#755,#468,.T.);
#1253=ORIENTED_EDGE('',*,*,#944,.T.);
#1254=ORIENTED_EDGE('',*,*,#945,.T.);
#1255=ORIENTED_EDGE('',*,*,#946,.T.);
#1256=ORIENTED_EDGE('',*,*,#947,.T.);
#1257=ORIENTED_EDGE('',*,*,#945,.F.);
#1258=ORIENTED_EDGE('',*,*,#948,.F.);
#1259=ORIENTED_EDGE('',*,*,#949,.F.);
#1260=ORIENTED_EDGE('',*,*,#950,.F.);
#1261=ORIENTED_EDGE('',*,*,#951,.T.);
#1262=ORIENTED_EDGE('',*,*,#949,.T.);
#1263=ORIENTED_EDGE('',*,*,#952,.T.);
#1264=ORIENTED_EDGE('',*,*,#953,.T.);
#1265=ORIENTED_EDGE('',*,*,#953,.F.);
#1266=ORIENTED_EDGE('',*,*,#954,.F.);
#1267=ORIENTED_EDGE('',*,*,#955,.F.);
#1268=ORIENTED_EDGE('',*,*,#956,.F.);
#1269=ORIENTED_EDGE('',*,*,#947,.F.);
#1270=ORIENTED_EDGE('',*,*,#957,.F.);
#1271=ORIENTED_EDGE('',*,*,#958,.F.);
#1272=ORIENTED_EDGE('',*,*,#959,.F.);
#1273=ORIENTED_EDGE('',*,*,#958,.T.);
#1274=ORIENTED_EDGE('',*,*,#960,.F.);
#1275=ORIENTED_EDGE('',*,*,#961,.T.);
#1276=ORIENTED_EDGE('',*,*,#962,.T.);
#1277=ORIENTED_EDGE('',*,*,#955,.T.);
#1278=ORIENTED_EDGE('',*,*,#963,.T.);
#1279=ORIENTED_EDGE('',*,*,#964,.T.);
#1280=ORIENTED_EDGE('',*,*,#965,.F.);
#1281=ORIENTED_EDGE('',*,*,#954,.T.);
#1282=ORIENTED_EDGE('',*,*,#952,.F.);
#1283=ORIENTED_EDGE('',*,*,#948,.T.);
#1284=ORIENTED_EDGE('',*,*,#944,.F.);
#1285=ORIENTED_EDGE('',*,*,#959,.T.);
#1286=ORIENTED_EDGE('',*,*,#962,.F.);
#1287=ORIENTED_EDGE('',*,*,#966,.T.);
#1288=ORIENTED_EDGE('',*,*,#967,.F.);
#1289=ORIENTED_EDGE('',*,*,#968,.T.);
#1290=ORIENTED_EDGE('',*,*,#969,.F.);
#1291=ORIENTED_EDGE('',*,*,#970,.T.);
#1292=ORIENTED_EDGE('',*,*,#971,.F.);
#1293=ORIENTED_EDGE('',*,*,#972,.T.);
#1294=ORIENTED_EDGE('',*,*,#973,.F.);
#1295=ORIENTED_EDGE('',*,*,#974,.T.);
#1296=ORIENTED_EDGE('',*,*,#975,.F.);
#1297=ORIENTED_EDGE('',*,*,#976,.T.);
#1298=ORIENTED_EDGE('',*,*,#977,.T.);
#1299=ORIENTED_EDGE('',*,*,#978,.T.);
#1300=ORIENTED_EDGE('',*,*,#979,.F.);
#1301=ORIENTED_EDGE('',*,*,#980,.T.);
#1302=ORIENTED_EDGE('',*,*,#981,.T.);
#1303=ORIENTED_EDGE('',*,*,#982,.T.);
#1304=ORIENTED_EDGE('',*,*,#983,.T.);
#1305=ORIENTED_EDGE('',*,*,#984,.T.);
#1306=ORIENTED_EDGE('',*,*,#985,.F.);
#1307=ORIENTED_EDGE('',*,*,#986,.T.);
#1308=ORIENTED_EDGE('',*,*,#987,.T.);
#1309=ORIENTED_EDGE('',*,*,#988,.T.);
#1310=ORIENTED_EDGE('',*,*,#989,.T.);
#1311=ORIENTED_EDGE('',*,*,#990,.T.);
#1312=ORIENTED_EDGE('',*,*,#991,.F.);
#1313=ORIENTED_EDGE('',*,*,#992,.T.);
#1314=ORIENTED_EDGE('',*,*,#993,.T.);
#1315=ORIENTED_EDGE('',*,*,#994,.T.);
#1316=ORIENTED_EDGE('',*,*,#995,.T.);
#1317=ORIENTED_EDGE('',*,*,#996,.T.);
#1318=ORIENTED_EDGE('',*,*,#997,.F.);
#1319=ORIENTED_EDGE('',*,*,#998,.T.);
#1320=ORIENTED_EDGE('',*,*,#999,.T.);
#1321=ORIENTED_EDGE('',*,*,#1000,.T.);
#1322=ORIENTED_EDGE('',*,*,#1001,.T.);
#1323=ORIENTED_EDGE('',*,*,#1002,.T.);
#1324=ORIENTED_EDGE('',*,*,#1003,.F.);
#1325=ORIENTED_EDGE('',*,*,#1004,.T.);
#1326=ORIENTED_EDGE('',*,*,#1005,.T.);
#1327=ORIENTED_EDGE('',*,*,#1006,.T.);
#1328=ORIENTED_EDGE('',*,*,#1007,.T.);
#1329=ORIENTED_EDGE('',*,*,#1008,.T.);
#1330=ORIENTED_EDGE('',*,*,#1009,.T.);
#1331=ORIENTED_EDGE('',*,*,#1010,.F.);
#1332=ORIENTED_EDGE('',*,*,#1011,.F.);
#1333=ORIENTED_EDGE('',*,*,#1012,.T.);
#1334=ORIENTED_EDGE('',*,*,#1013,.T.);
#1335=ORIENTED_EDGE('',*,*,#1014,.T.);
#1336=ORIENTED_EDGE('',*,*,#1015,.T.);
#1337=ORIENTED_EDGE('',*,*,#1016,.F.);
#1338=ORIENTED_EDGE('',*,*,#1017,.F.);
#1339=ORIENTED_EDGE('',*,*,#1018,.F.);
#1340=ORIENTED_EDGE('',*,*,#1019,.F.);
#1341=ORIENTED_EDGE('',*,*,#1020,.F.);
#1342=ORIENTED_EDGE('',*,*,#1021,.T.);
#1343=ORIENTED_EDGE('',*,*,#1022,.F.);
#1344=ORIENTED_EDGE('',*,*,#1023,.F.);
#1345=ORIENTED_EDGE('',*,*,#1024,.F.);
#1346=ORIENTED_EDGE('',*,*,#1025,.F.);
#1347=ORIENTED_EDGE('',*,*,#1026,.F.);
#1348=ORIENTED_EDGE('',*,*,#1027,.T.);
#1349=ORIENTED_EDGE('',*,*,#1028,.F.);
#1350=ORIENTED_EDGE('',*,*,#1029,.F.);
#1351=ORIENTED_EDGE('',*,*,#1030,.F.);
#1352=ORIENTED_EDGE('',*,*,#1031,.F.);
#1353=ORIENTED_EDGE('',*,*,#1032,.F.);
#1354=ORIENTED_EDGE('',*,*,#1033,.T.);
#1355=ORIENTED_EDGE('',*,*,#1034,.F.);
#1356=ORIENTED_EDGE('',*,*,#1035,.F.);
#1357=ORIENTED_EDGE('',*,*,#1036,.F.);
#1358=ORIENTED_EDGE('',*,*,#1037,.F.);
#1359=ORIENTED_EDGE('',*,*,#1038,.F.);
#1360=ORIENTED_EDGE('',*,*,#1039,.T.);
#1361=ORIENTED_EDGE('',*,*,#1040,.F.);
#1362=ORIENTED_EDGE('',*,*,#1041,.F.);
#1363=ORIENTED_EDGE('',*,*,#1042,.F.);
#1364=ORIENTED_EDGE('',*,*,#1043,.F.);
#1365=ORIENTED_EDGE('',*,*,#1044,.F.);
#1366=ORIENTED_EDGE('',*,*,#1045,.T.);
#1367=ORIENTED_EDGE('',*,*,#1046,.F.);
#1368=ORIENTED_EDGE('',*,*,#1047,.T.);
#1369=ORIENTED_EDGE('',*,*,#1048,.F.);
#1370=ORIENTED_EDGE('',*,*,#1049,.T.);
#1371=ORIENTED_EDGE('',*,*,#1050,.T.);
#1372=ORIENTED_EDGE('',*,*,#1051,.T.);
#1373=ORIENTED_EDGE('',*,*,#1052,.T.);
#1374=ORIENTED_EDGE('',*,*,#1053,.F.);
#1375=ORIENTED_EDGE('',*,*,#1054,.T.);
#1376=ORIENTED_EDGE('',*,*,#1055,.T.);
#1377=ORIENTED_EDGE('',*,*,#1056,.T.);
#1378=ORIENTED_EDGE('',*,*,#1057,.T.);
#1379=ORIENTED_EDGE('',*,*,#1058,.T.);
#1380=ORIENTED_EDGE('',*,*,#963,.F.);
#1381=ORIENTED_EDGE('',*,*,#1059,.F.);
#1382=ORIENTED_EDGE('',*,*,#1060,.T.);
#1383=ORIENTED_EDGE('',*,*,#1061,.T.);
#1384=ORIENTED_EDGE('',*,*,#1062,.F.);
#1385=ORIENTED_EDGE('',*,*,#1063,.F.);
#1386=ORIENTED_EDGE('',*,*,#1012,.F.);
#1387=ORIENTED_EDGE('',*,*,#1064,.F.);
#1388=ORIENTED_EDGE('',*,*,#1059,.T.);
#1389=ORIENTED_EDGE('',*,*,#1065,.T.);
#1390=ORIENTED_EDGE('',*,*,#1066,.F.);
#1391=ORIENTED_EDGE('',*,*,#1065,.F.);
#1392=ORIENTED_EDGE('',*,*,#1060,.F.);
#1393=ORIENTED_EDGE('',*,*,#1067,.T.);
#1394=ORIENTED_EDGE('',*,*,#1068,.T.);
#1395=ORIENTED_EDGE('',*,*,#1067,.F.);
#1396=ORIENTED_EDGE('',*,*,#1061,.F.);
#1397=ORIENTED_EDGE('',*,*,#1069,.T.);
#1398=ORIENTED_EDGE('',*,*,#1070,.T.);
#1399=ORIENTED_EDGE('',*,*,#1069,.F.);
#1400=ORIENTED_EDGE('',*,*,#956,.T.);
#1401=ORIENTED_EDGE('',*,*,#965,.T.);
#1402=ORIENTED_EDGE('',*,*,#1071,.T.);
#1403=ORIENTED_EDGE('',*,*,#1072,.F.);
#1404=ORIENTED_EDGE('',*,*,#1073,.T.);
#1405=ORIENTED_EDGE('',*,*,#1074,.F.);
#1406=ORIENTED_EDGE('',*,*,#1075,.T.);
#1407=ORIENTED_EDGE('',*,*,#1076,.T.);
#1408=ORIENTED_EDGE('',*,*,#1077,.T.);
#1409=ORIENTED_EDGE('',*,*,#1078,.F.);
#1410=ORIENTED_EDGE('',*,*,#1079,.T.);
#1411=ORIENTED_EDGE('',*,*,#1080,.F.);
#1412=ORIENTED_EDGE('',*,*,#1081,.F.);
#1413=ORIENTED_EDGE('',*,*,#1082,.T.);
#1414=ORIENTED_EDGE('',*,*,#1083,.T.);
#1415=ORIENTED_EDGE('',*,*,#1084,.F.);
#1416=ORIENTED_EDGE('',*,*,#1085,.T.);
#1417=ORIENTED_EDGE('',*,*,#1086,.T.);
#1418=ORIENTED_EDGE('',*,*,#1087,.T.);
#1419=ORIENTED_EDGE('',*,*,#1088,.T.);
#1420=ORIENTED_EDGE('',*,*,#1089,.T.);
#1421=ORIENTED_EDGE('',*,*,#1090,.F.);
#1422=ORIENTED_EDGE('',*,*,#1091,.T.);
#1423=ORIENTED_EDGE('',*,*,#1092,.T.);
#1424=ORIENTED_EDGE('',*,*,#1093,.T.);
#1425=ORIENTED_EDGE('',*,*,#1094,.T.);
#1426=ORIENTED_EDGE('',*,*,#1095,.T.);
#1427=ORIENTED_EDGE('',*,*,#1096,.F.);
#1428=ORIENTED_EDGE('',*,*,#1097,.T.);
#1429=ORIENTED_EDGE('',*,*,#1098,.T.);
#1430=ORIENTED_EDGE('',*,*,#1099,.T.);
#1431=ORIENTED_EDGE('',*,*,#1100,.T.);
#1432=ORIENTED_EDGE('',*,*,#1101,.T.);
#1433=ORIENTED_EDGE('',*,*,#1102,.F.);
#1434=ORIENTED_EDGE('',*,*,#1103,.T.);
#1435=ORIENTED_EDGE('',*,*,#1104,.T.);
#1436=ORIENTED_EDGE('',*,*,#1105,.T.);
#1437=ORIENTED_EDGE('',*,*,#1106,.T.);
#1438=ORIENTED_EDGE('',*,*,#1107,.T.);
#1439=ORIENTED_EDGE('',*,*,#1108,.F.);
#1440=ORIENTED_EDGE('',*,*,#1109,.T.);
#1441=ORIENTED_EDGE('',*,*,#1110,.T.);
#1442=ORIENTED_EDGE('',*,*,#1111,.T.);
#1443=ORIENTED_EDGE('',*,*,#1112,.T.);
#1444=ORIENTED_EDGE('',*,*,#1113,.T.);
#1445=ORIENTED_EDGE('',*,*,#1114,.T.);
#1446=ORIENTED_EDGE('',*,*,#1115,.T.);
#1447=ORIENTED_EDGE('',*,*,#1116,.F.);
#1448=ORIENTED_EDGE('',*,*,#1062,.T.);
#1449=ORIENTED_EDGE('',*,*,#1117,.T.);
#1450=ORIENTED_EDGE('',*,*,#1118,.F.);
#1451=ORIENTED_EDGE('',*,*,#1119,.T.);
#1452=ORIENTED_EDGE('',*,*,#1120,.F.);
#1453=ORIENTED_EDGE('',*,*,#1121,.F.);
#1454=ORIENTED_EDGE('',*,*,#1122,.F.);
#1455=ORIENTED_EDGE('',*,*,#1123,.F.);
#1456=ORIENTED_EDGE('',*,*,#1124,.F.);
#1457=ORIENTED_EDGE('',*,*,#1125,.T.);
#1458=ORIENTED_EDGE('',*,*,#1126,.F.);
#1459=ORIENTED_EDGE('',*,*,#1127,.F.);
#1460=ORIENTED_EDGE('',*,*,#1128,.F.);
#1461=ORIENTED_EDGE('',*,*,#1129,.F.);
#1462=ORIENTED_EDGE('',*,*,#1130,.F.);
#1463=ORIENTED_EDGE('',*,*,#1131,.T.);
#1464=ORIENTED_EDGE('',*,*,#1132,.F.);
#1465=ORIENTED_EDGE('',*,*,#1133,.F.);
#1466=ORIENTED_EDGE('',*,*,#1134,.F.);
#1467=ORIENTED_EDGE('',*,*,#1135,.F.);
#1468=ORIENTED_EDGE('',*,*,#1136,.F.);
#1469=ORIENTED_EDGE('',*,*,#1137,.T.);
#1470=ORIENTED_EDGE('',*,*,#1138,.F.);
#1471=ORIENTED_EDGE('',*,*,#1139,.F.);
#1472=ORIENTED_EDGE('',*,*,#1140,.F.);
#1473=ORIENTED_EDGE('',*,*,#1141,.F.);
#1474=ORIENTED_EDGE('',*,*,#1142,.F.);
#1475=ORIENTED_EDGE('',*,*,#1143,.T.);
#1476=ORIENTED_EDGE('',*,*,#1144,.F.);
#1477=ORIENTED_EDGE('',*,*,#1145,.F.);
#1478=ORIENTED_EDGE('',*,*,#1146,.F.);
#1479=ORIENTED_EDGE('',*,*,#1147,.F.);
#1480=ORIENTED_EDGE('',*,*,#1148,.F.);
#1481=ORIENTED_EDGE('',*,*,#1149,.T.);
#1482=ORIENTED_EDGE('',*,*,#1150,.F.);
#1483=ORIENTED_EDGE('',*,*,#1151,.T.);
#1484=ORIENTED_EDGE('',*,*,#1152,.T.);
#1485=ORIENTED_EDGE('',*,*,#1153,.T.);
#1486=ORIENTED_EDGE('',*,*,#1154,.T.);
#1487=ORIENTED_EDGE('',*,*,#1155,.T.);
#1488=ORIENTED_EDGE('',*,*,#1156,.T.);
#1489=ORIENTED_EDGE('',*,*,#1157,.T.);
#1490=ORIENTED_EDGE('',*,*,#1158,.T.);
#1491=ORIENTED_EDGE('',*,*,#1159,.T.);
#1492=ORIENTED_EDGE('',*,*,#1160,.T.);
#1493=ORIENTED_EDGE('',*,*,#1161,.T.);
#1494=ORIENTED_EDGE('',*,*,#1162,.T.);
#1495=ORIENTED_EDGE('',*,*,#960,.T.);
#1496=ORIENTED_EDGE('',*,*,#957,.T.);
#1497=ORIENTED_EDGE('',*,*,#946,.F.);
#1498=ORIENTED_EDGE('',*,*,#950,.T.);
#1499=ORIENTED_EDGE('',*,*,#951,.F.);
#1500=ORIENTED_EDGE('',*,*,#1066,.T.);
#1501=ORIENTED_EDGE('',*,*,#1068,.F.);
#1502=ORIENTED_EDGE('',*,*,#1070,.F.);
#1503=ORIENTED_EDGE('',*,*,#1157,.F.);
#1504=ORIENTED_EDGE('',*,*,#1163,.T.);
#1505=ORIENTED_EDGE('',*,*,#971,.T.);
#1506=ORIENTED_EDGE('',*,*,#1164,.T.);
#1507=ORIENTED_EDGE('',*,*,#975,.T.);
#1508=ORIENTED_EDGE('',*,*,#1165,.T.);
#1509=ORIENTED_EDGE('',*,*,#1153,.F.);
#1510=ORIENTED_EDGE('',*,*,#1166,.F.);
#1511=ORIENTED_EDGE('',*,*,#1048,.T.);
#1512=ORIENTED_EDGE('',*,*,#1167,.T.);
#1513=ORIENTED_EDGE('',*,*,#1081,.T.);
#1514=ORIENTED_EDGE('',*,*,#1168,.F.);
#1515=ORIENTED_EDGE('',*,*,#1115,.F.);
#1516=ORIENTED_EDGE('',*,*,#1169,.T.);
#1517=ORIENTED_EDGE('',*,*,#1014,.F.);
#1518=ORIENTED_EDGE('',*,*,#1170,.T.);
#1519=ORIENTED_EDGE('',*,*,#1080,.T.);
#1520=ORIENTED_EDGE('',*,*,#1171,.T.);
#1521=ORIENTED_EDGE('',*,*,#1049,.F.);
#1522=ORIENTED_EDGE('',*,*,#1168,.T.);
#1523=ORIENTED_EDGE('',*,*,#1013,.F.);
#1524=ORIENTED_EDGE('',*,*,#1063,.T.);
#1525=ORIENTED_EDGE('',*,*,#1116,.T.);
#1526=ORIENTED_EDGE('',*,*,#1170,.F.);
#1527=ORIENTED_EDGE('',*,*,#1053,.T.);
#1528=ORIENTED_EDGE('',*,*,#1172,.T.);
#1529=ORIENTED_EDGE('',*,*,#1076,.F.);
#1530=ORIENTED_EDGE('',*,*,#1173,.T.);
#1531=ORIENTED_EDGE('',*,*,#1051,.F.);
#1532=ORIENTED_EDGE('',*,*,#1174,.T.);
#1533=ORIENTED_EDGE('',*,*,#1078,.T.);
#1534=ORIENTED_EDGE('',*,*,#1175,.T.);
#1535=ORIENTED_EDGE('',*,*,#1155,.F.);
#1536=ORIENTED_EDGE('',*,*,#1176,.T.);
#1537=ORIENTED_EDGE('',*,*,#973,.T.);
#1538=ORIENTED_EDGE('',*,*,#1177,.T.);
#1539=ORIENTED_EDGE('',*,*,#1117,.F.);
#1540=ORIENTED_EDGE('',*,*,#1064,.T.);
#1541=ORIENTED_EDGE('',*,*,#1011,.T.);
#1542=ORIENTED_EDGE('',*,*,#1178,.T.);
#1543=ORIENTED_EDGE('',*,*,#1179,.T.);
#1544=ORIENTED_EDGE('',*,*,#1022,.T.);
#1545=ORIENTED_EDGE('',*,*,#1180,.F.);
#1546=ORIENTED_EDGE('',*,*,#1107,.F.);
#1547=ORIENTED_EDGE('',*,*,#1181,.T.);
#1548=ORIENTED_EDGE('',*,*,#1028,.T.);
#1549=ORIENTED_EDGE('',*,*,#1182,.F.);
#1550=ORIENTED_EDGE('',*,*,#1101,.F.);
#1551=ORIENTED_EDGE('',*,*,#1183,.T.);
#1552=ORIENTED_EDGE('',*,*,#1034,.T.);
#1553=ORIENTED_EDGE('',*,*,#1184,.F.);
#1554=ORIENTED_EDGE('',*,*,#1095,.F.);
#1555=ORIENTED_EDGE('',*,*,#1185,.T.);
#1556=ORIENTED_EDGE('',*,*,#1040,.T.);
#1557=ORIENTED_EDGE('',*,*,#1186,.F.);
#1558=ORIENTED_EDGE('',*,*,#1089,.F.);
#1559=ORIENTED_EDGE('',*,*,#1187,.F.);
#1560=ORIENTED_EDGE('',*,*,#1041,.T.);
#1561=ORIENTED_EDGE('',*,*,#1185,.F.);
#1562=ORIENTED_EDGE('',*,*,#1088,.F.);
#1563=ORIENTED_EDGE('',*,*,#1188,.T.);
#1564=ORIENTED_EDGE('',*,*,#1042,.T.);
#1565=ORIENTED_EDGE('',*,*,#1187,.T.);
#1566=ORIENTED_EDGE('',*,*,#1087,.F.);
#1567=ORIENTED_EDGE('',*,*,#1189,.F.);
#1568=ORIENTED_EDGE('',*,*,#1043,.T.);
#1569=ORIENTED_EDGE('',*,*,#1188,.F.);
#1570=ORIENTED_EDGE('',*,*,#1086,.F.);
#1571=ORIENTED_EDGE('',*,*,#1190,.T.);
#1572=ORIENTED_EDGE('',*,*,#1044,.T.);
#1573=ORIENTED_EDGE('',*,*,#1189,.T.);
#1574=ORIENTED_EDGE('',*,*,#1085,.F.);
#1575=ORIENTED_EDGE('',*,*,#1084,.T.);
#1576=ORIENTED_EDGE('',*,*,#1191,.T.);
#1577=ORIENTED_EDGE('',*,*,#1045,.F.);
#1578=ORIENTED_EDGE('',*,*,#1190,.F.);
#1579=ORIENTED_EDGE('',*,*,#1192,.F.);
#1580=ORIENTED_EDGE('',*,*,#1035,.T.);
#1581=ORIENTED_EDGE('',*,*,#1183,.F.);
#1582=ORIENTED_EDGE('',*,*,#1094,.F.);
#1583=ORIENTED_EDGE('',*,*,#1193,.T.);
#1584=ORIENTED_EDGE('',*,*,#1036,.T.);
#1585=ORIENTED_EDGE('',*,*,#1192,.T.);
#1586=ORIENTED_EDGE('',*,*,#1093,.F.);
#1587=ORIENTED_EDGE('',*,*,#1194,.F.);
#1588=ORIENTED_EDGE('',*,*,#1037,.T.);
#1589=ORIENTED_EDGE('',*,*,#1193,.F.);
#1590=ORIENTED_EDGE('',*,*,#1092,.F.);
#1591=ORIENTED_EDGE('',*,*,#1195,.T.);
#1592=ORIENTED_EDGE('',*,*,#1038,.T.);
#1593=ORIENTED_EDGE('',*,*,#1194,.T.);
#1594=ORIENTED_EDGE('',*,*,#1091,.F.);
#1595=ORIENTED_EDGE('',*,*,#1090,.T.);
#1596=ORIENTED_EDGE('',*,*,#1186,.T.);
#1597=ORIENTED_EDGE('',*,*,#1039,.F.);
#1598=ORIENTED_EDGE('',*,*,#1195,.F.);
#1599=ORIENTED_EDGE('',*,*,#1196,.F.);
#1600=ORIENTED_EDGE('',*,*,#1029,.T.);
#1601=ORIENTED_EDGE('',*,*,#1181,.F.);
#1602=ORIENTED_EDGE('',*,*,#1100,.F.);
#1603=ORIENTED_EDGE('',*,*,#1197,.T.);
#1604=ORIENTED_EDGE('',*,*,#1030,.T.);
#1605=ORIENTED_EDGE('',*,*,#1196,.T.);
#1606=ORIENTED_EDGE('',*,*,#1099,.F.);
#1607=ORIENTED_EDGE('',*,*,#1198,.F.);
#1608=ORIENTED_EDGE('',*,*,#1031,.T.);
#1609=ORIENTED_EDGE('',*,*,#1197,.F.);
#1610=ORIENTED_EDGE('',*,*,#1098,.F.);
#1611=ORIENTED_EDGE('',*,*,#1199,.T.);
#1612=ORIENTED_EDGE('',*,*,#1032,.T.);
#1613=ORIENTED_EDGE('',*,*,#1198,.T.);
#1614=ORIENTED_EDGE('',*,*,#1097,.F.);
#1615=ORIENTED_EDGE('',*,*,#1096,.T.);
#1616=ORIENTED_EDGE('',*,*,#1184,.T.);
#1617=ORIENTED_EDGE('',*,*,#1033,.F.);
#1618=ORIENTED_EDGE('',*,*,#1199,.F.);
#1619=ORIENTED_EDGE('',*,*,#1200,.F.);
#1620=ORIENTED_EDGE('',*,*,#1023,.T.);
#1621=ORIENTED_EDGE('',*,*,#1179,.F.);
#1622=ORIENTED_EDGE('',*,*,#1106,.F.);
#1623=ORIENTED_EDGE('',*,*,#1201,.T.);
#1624=ORIENTED_EDGE('',*,*,#1024,.T.);
#1625=ORIENTED_EDGE('',*,*,#1200,.T.);
#1626=ORIENTED_EDGE('',*,*,#1105,.F.);
#1627=ORIENTED_EDGE('',*,*,#1202,.F.);
#1628=ORIENTED_EDGE('',*,*,#1025,.T.);
#1629=ORIENTED_EDGE('',*,*,#1201,.F.);
#1630=ORIENTED_EDGE('',*,*,#1104,.F.);
#1631=ORIENTED_EDGE('',*,*,#1203,.T.);
#1632=ORIENTED_EDGE('',*,*,#1026,.T.);
#1633=ORIENTED_EDGE('',*,*,#1202,.T.);
#1634=ORIENTED_EDGE('',*,*,#1103,.F.);
#1635=ORIENTED_EDGE('',*,*,#1102,.T.);
#1636=ORIENTED_EDGE('',*,*,#1182,.T.);
#1637=ORIENTED_EDGE('',*,*,#1027,.F.);
#1638=ORIENTED_EDGE('',*,*,#1203,.F.);
#1639=ORIENTED_EDGE('',*,*,#1204,.F.);
#1640=ORIENTED_EDGE('',*,*,#1017,.T.);
#1641=ORIENTED_EDGE('',*,*,#1205,.F.);
#1642=ORIENTED_EDGE('',*,*,#1112,.F.);
#1643=ORIENTED_EDGE('',*,*,#1206,.T.);
#1644=ORIENTED_EDGE('',*,*,#1018,.T.);
#1645=ORIENTED_EDGE('',*,*,#1204,.T.);
#1646=ORIENTED_EDGE('',*,*,#1111,.F.);
#1647=ORIENTED_EDGE('',*,*,#1207,.F.);
#1648=ORIENTED_EDGE('',*,*,#1019,.T.);
#1649=ORIENTED_EDGE('',*,*,#1206,.F.);
#1650=ORIENTED_EDGE('',*,*,#1110,.F.);
#1651=ORIENTED_EDGE('',*,*,#1208,.T.);
#1652=ORIENTED_EDGE('',*,*,#1020,.T.);
#1653=ORIENTED_EDGE('',*,*,#1207,.T.);
#1654=ORIENTED_EDGE('',*,*,#1109,.F.);
#1655=ORIENTED_EDGE('',*,*,#1108,.T.);
#1656=ORIENTED_EDGE('',*,*,#1180,.T.);
#1657=ORIENTED_EDGE('',*,*,#1021,.F.);
#1658=ORIENTED_EDGE('',*,*,#1208,.F.);
#1659=ORIENTED_EDGE('',*,*,#1016,.T.);
#1660=ORIENTED_EDGE('',*,*,#1209,.T.);
#1661=ORIENTED_EDGE('',*,*,#1113,.F.);
#1662=ORIENTED_EDGE('',*,*,#1205,.T.);
#1663=ORIENTED_EDGE('',*,*,#1083,.F.);
#1664=ORIENTED_EDGE('',*,*,#1210,.T.);
#1665=ORIENTED_EDGE('',*,*,#1046,.T.);
#1666=ORIENTED_EDGE('',*,*,#1191,.F.);
#1667=ORIENTED_EDGE('',*,*,#1152,.F.);
#1668=ORIENTED_EDGE('',*,*,#1211,.T.);
#1669=ORIENTED_EDGE('',*,*,#976,.F.);
#1670=ORIENTED_EDGE('',*,*,#1166,.T.);
#1671=ORIENTED_EDGE('',*,*,#1010,.T.);
#1672=ORIENTED_EDGE('',*,*,#1212,.T.);
#1673=ORIENTED_EDGE('',*,*,#1118,.T.);
#1674=ORIENTED_EDGE('',*,*,#1178,.F.);
#1675=ORIENTED_EDGE('',*,*,#1213,.F.);
#1676=ORIENTED_EDGE('',*,*,#1126,.T.);
#1677=ORIENTED_EDGE('',*,*,#1214,.T.);
#1678=ORIENTED_EDGE('',*,*,#1002,.F.);
#1679=ORIENTED_EDGE('',*,*,#1215,.F.);
#1680=ORIENTED_EDGE('',*,*,#1132,.T.);
#1681=ORIENTED_EDGE('',*,*,#1216,.T.);
#1682=ORIENTED_EDGE('',*,*,#996,.F.);
#1683=ORIENTED_EDGE('',*,*,#1217,.F.);
#1684=ORIENTED_EDGE('',*,*,#1138,.T.);
#1685=ORIENTED_EDGE('',*,*,#1218,.T.);
#1686=ORIENTED_EDGE('',*,*,#990,.F.);
#1687=ORIENTED_EDGE('',*,*,#1219,.F.);
#1688=ORIENTED_EDGE('',*,*,#1144,.T.);
#1689=ORIENTED_EDGE('',*,*,#1220,.T.);
#1690=ORIENTED_EDGE('',*,*,#984,.F.);
#1691=ORIENTED_EDGE('',*,*,#1221,.T.);
#1692=ORIENTED_EDGE('',*,*,#1145,.T.);
#1693=ORIENTED_EDGE('',*,*,#1219,.T.);
#1694=ORIENTED_EDGE('',*,*,#983,.F.);
#1695=ORIENTED_EDGE('',*,*,#1222,.F.);
#1696=ORIENTED_EDGE('',*,*,#1146,.T.);
#1697=ORIENTED_EDGE('',*,*,#1221,.F.);
#1698=ORIENTED_EDGE('',*,*,#982,.F.);
#1699=ORIENTED_EDGE('',*,*,#1223,.T.);
#1700=ORIENTED_EDGE('',*,*,#1147,.T.);
#1701=ORIENTED_EDGE('',*,*,#1222,.T.);
#1702=ORIENTED_EDGE('',*,*,#981,.F.);
#1703=ORIENTED_EDGE('',*,*,#1224,.F.);
#1704=ORIENTED_EDGE('',*,*,#1148,.T.);
#1705=ORIENTED_EDGE('',*,*,#1223,.F.);
#1706=ORIENTED_EDGE('',*,*,#980,.F.);
#1707=ORIENTED_EDGE('',*,*,#1149,.F.);
#1708=ORIENTED_EDGE('',*,*,#1224,.T.);
#1709=ORIENTED_EDGE('',*,*,#979,.T.);
#1710=ORIENTED_EDGE('',*,*,#1225,.F.);
#1711=ORIENTED_EDGE('',*,*,#1226,.T.);
#1712=ORIENTED_EDGE('',*,*,#1139,.T.);
#1713=ORIENTED_EDGE('',*,*,#1217,.T.);
#1714=ORIENTED_EDGE('',*,*,#989,.F.);
#1715=ORIENTED_EDGE('',*,*,#1227,.F.);
#1716=ORIENTED_EDGE('',*,*,#1140,.T.);
#1717=ORIENTED_EDGE('',*,*,#1226,.F.);
#1718=ORIENTED_EDGE('',*,*,#988,.F.);
#1719=ORIENTED_EDGE('',*,*,#1228,.T.);
#1720=ORIENTED_EDGE('',*,*,#1141,.T.);
#1721=ORIENTED_EDGE('',*,*,#1227,.T.);
#1722=ORIENTED_EDGE('',*,*,#987,.F.);
#1723=ORIENTED_EDGE('',*,*,#1229,.F.);
#1724=ORIENTED_EDGE('',*,*,#1142,.T.);
#1725=ORIENTED_EDGE('',*,*,#1228,.F.);
#1726=ORIENTED_EDGE('',*,*,#986,.F.);
#1727=ORIENTED_EDGE('',*,*,#1143,.F.);
#1728=ORIENTED_EDGE('',*,*,#1229,.T.);
#1729=ORIENTED_EDGE('',*,*,#985,.T.);
#1730=ORIENTED_EDGE('',*,*,#1220,.F.);
#1731=ORIENTED_EDGE('',*,*,#1230,.T.);
#1732=ORIENTED_EDGE('',*,*,#1133,.T.);
#1733=ORIENTED_EDGE('',*,*,#1215,.T.);
#1734=ORIENTED_EDGE('',*,*,#995,.F.);
#1735=ORIENTED_EDGE('',*,*,#1231,.F.);
#1736=ORIENTED_EDGE('',*,*,#1134,.T.);
#1737=ORIENTED_EDGE('',*,*,#1230,.F.);
#1738=ORIENTED_EDGE('',*,*,#994,.F.);
#1739=ORIENTED_EDGE('',*,*,#1232,.T.);
#1740=ORIENTED_EDGE('',*,*,#1135,.T.);
#1741=ORIENTED_EDGE('',*,*,#1231,.T.);
#1742=ORIENTED_EDGE('',*,*,#993,.F.);
#1743=ORIENTED_EDGE('',*,*,#1233,.F.);
#1744=ORIENTED_EDGE('',*,*,#1136,.T.);
#1745=ORIENTED_EDGE('',*,*,#1232,.F.);
#1746=ORIENTED_EDGE('',*,*,#992,.F.);
#1747=ORIENTED_EDGE('',*,*,#1137,.F.);
#1748=ORIENTED_EDGE('',*,*,#1233,.T.);
#1749=ORIENTED_EDGE('',*,*,#991,.T.);
#1750=ORIENTED_EDGE('',*,*,#1218,.F.);
#1751=ORIENTED_EDGE('',*,*,#1234,.T.);
#1752=ORIENTED_EDGE('',*,*,#1127,.T.);
#1753=ORIENTED_EDGE('',*,*,#1213,.T.);
#1754=ORIENTED_EDGE('',*,*,#1001,.F.);
#1755=ORIENTED_EDGE('',*,*,#1235,.F.);
#1756=ORIENTED_EDGE('',*,*,#1128,.T.);
#1757=ORIENTED_EDGE('',*,*,#1234,.F.);
#1758=ORIENTED_EDGE('',*,*,#1000,.F.);
#1759=ORIENTED_EDGE('',*,*,#1236,.T.);
#1760=ORIENTED_EDGE('',*,*,#1129,.T.);
#1761=ORIENTED_EDGE('',*,*,#1235,.T.);
#1762=ORIENTED_EDGE('',*,*,#999,.F.);
#1763=ORIENTED_EDGE('',*,*,#1237,.F.);
#1764=ORIENTED_EDGE('',*,*,#1130,.T.);
#1765=ORIENTED_EDGE('',*,*,#1236,.F.);
#1766=ORIENTED_EDGE('',*,*,#998,.F.);
#1767=ORIENTED_EDGE('',*,*,#1131,.F.);
#1768=ORIENTED_EDGE('',*,*,#1237,.T.);
#1769=ORIENTED_EDGE('',*,*,#997,.T.);
#1770=ORIENTED_EDGE('',*,*,#1216,.F.);
#1771=ORIENTED_EDGE('',*,*,#1238,.T.);
#1772=ORIENTED_EDGE('',*,*,#1121,.T.);
#1773=ORIENTED_EDGE('',*,*,#1239,.T.);
#1774=ORIENTED_EDGE('',*,*,#1007,.F.);
#1775=ORIENTED_EDGE('',*,*,#1240,.F.);
#1776=ORIENTED_EDGE('',*,*,#1122,.T.);
#1777=ORIENTED_EDGE('',*,*,#1238,.F.);
#1778=ORIENTED_EDGE('',*,*,#1006,.F.);
#1779=ORIENTED_EDGE('',*,*,#1241,.T.);
#1780=ORIENTED_EDGE('',*,*,#1123,.T.);
#1781=ORIENTED_EDGE('',*,*,#1240,.T.);
#1782=ORIENTED_EDGE('',*,*,#1005,.F.);
#1783=ORIENTED_EDGE('',*,*,#1242,.F.);
#1784=ORIENTED_EDGE('',*,*,#1124,.T.);
#1785=ORIENTED_EDGE('',*,*,#1241,.F.);
#1786=ORIENTED_EDGE('',*,*,#1004,.F.);
#1787=ORIENTED_EDGE('',*,*,#1125,.F.);
#1788=ORIENTED_EDGE('',*,*,#1242,.T.);
#1789=ORIENTED_EDGE('',*,*,#1003,.T.);
#1790=ORIENTED_EDGE('',*,*,#1214,.F.);
#1791=ORIENTED_EDGE('',*,*,#1120,.T.);
#1792=ORIENTED_EDGE('',*,*,#1243,.T.);
#1793=ORIENTED_EDGE('',*,*,#1008,.F.);
#1794=ORIENTED_EDGE('',*,*,#1239,.F.);
#1795=ORIENTED_EDGE('',*,*,#978,.F.);
#1796=ORIENTED_EDGE('',*,*,#1244,.T.);
#1797=ORIENTED_EDGE('',*,*,#1150,.T.);
#1798=ORIENTED_EDGE('',*,*,#1225,.T.);
#1799=ORIENTED_EDGE('',*,*,#1072,.T.);
#1800=ORIENTED_EDGE('',*,*,#1245,.T.);
#1801=ORIENTED_EDGE('',*,*,#1057,.F.);
#1802=ORIENTED_EDGE('',*,*,#1246,.T.);
#1803=ORIENTED_EDGE('',*,*,#1055,.F.);
#1804=ORIENTED_EDGE('',*,*,#1247,.T.);
#1805=ORIENTED_EDGE('',*,*,#1074,.T.);
#1806=ORIENTED_EDGE('',*,*,#1248,.T.);
#1807=ORIENTED_EDGE('',*,*,#1056,.F.);
#1808=ORIENTED_EDGE('',*,*,#1248,.F.);
#1809=ORIENTED_EDGE('',*,*,#1073,.F.);
#1810=ORIENTED_EDGE('',*,*,#1246,.F.);
#1811=ORIENTED_EDGE('',*,*,#1159,.F.);
#1812=ORIENTED_EDGE('',*,*,#1249,.T.);
#1813=ORIENTED_EDGE('',*,*,#969,.T.);
#1814=ORIENTED_EDGE('',*,*,#1250,.T.);
#1815=ORIENTED_EDGE('',*,*,#967,.T.);
#1816=ORIENTED_EDGE('',*,*,#1251,.T.);
#1817=ORIENTED_EDGE('',*,*,#1161,.F.);
#1818=ORIENTED_EDGE('',*,*,#1252,.T.);
#1819=ORIENTED_EDGE('',*,*,#968,.F.);
#1820=ORIENTED_EDGE('',*,*,#1252,.F.);
#1821=ORIENTED_EDGE('',*,*,#1160,.F.);
#1822=ORIENTED_EDGE('',*,*,#1250,.F.);
#1823=ORIENTED_EDGE('',*,*,#966,.F.);
#1824=ORIENTED_EDGE('',*,*,#961,.F.);
#1825=ORIENTED_EDGE('',*,*,#1162,.F.);
#1826=ORIENTED_EDGE('',*,*,#1251,.F.);
#1827=ORIENTED_EDGE('',*,*,#970,.F.);
#1828=ORIENTED_EDGE('',*,*,#1249,.F.);
#1829=ORIENTED_EDGE('',*,*,#1158,.F.);
#1830=ORIENTED_EDGE('',*,*,#1164,.F.);
#1831=ORIENTED_EDGE('',*,*,#1058,.F.);
#1832=ORIENTED_EDGE('',*,*,#1245,.F.);
#1833=ORIENTED_EDGE('',*,*,#1071,.F.);
#1834=ORIENTED_EDGE('',*,*,#964,.F.);
#1835=ORIENTED_EDGE('',*,*,#1054,.F.);
#1836=ORIENTED_EDGE('',*,*,#1173,.F.);
#1837=ORIENTED_EDGE('',*,*,#1075,.F.);
#1838=ORIENTED_EDGE('',*,*,#1247,.F.);
#1839=ORIENTED_EDGE('',*,*,#972,.F.);
#1840=ORIENTED_EDGE('',*,*,#1163,.F.);
#1841=ORIENTED_EDGE('',*,*,#1156,.F.);
#1842=ORIENTED_EDGE('',*,*,#1177,.F.);
#1843=ORIENTED_EDGE('',*,*,#1052,.F.);
#1844=ORIENTED_EDGE('',*,*,#1175,.F.);
#1845=ORIENTED_EDGE('',*,*,#1077,.F.);
#1846=ORIENTED_EDGE('',*,*,#1172,.F.);
#1847=ORIENTED_EDGE('',*,*,#1151,.F.);
#1848=ORIENTED_EDGE('',*,*,#1244,.F.);
#1849=ORIENTED_EDGE('',*,*,#977,.F.);
#1850=ORIENTED_EDGE('',*,*,#1211,.F.);
#1851=ORIENTED_EDGE('',*,*,#1119,.F.);
#1852=ORIENTED_EDGE('',*,*,#1212,.F.);
#1853=ORIENTED_EDGE('',*,*,#1009,.F.);
#1854=ORIENTED_EDGE('',*,*,#1243,.F.);
#1855=ORIENTED_EDGE('',*,*,#1082,.F.);
#1856=ORIENTED_EDGE('',*,*,#1167,.F.);
#1857=ORIENTED_EDGE('',*,*,#1047,.F.);
#1858=ORIENTED_EDGE('',*,*,#1210,.F.);
#1859=ORIENTED_EDGE('',*,*,#1114,.F.);
#1860=ORIENTED_EDGE('',*,*,#1209,.F.);
#1861=ORIENTED_EDGE('',*,*,#1015,.F.);
#1862=ORIENTED_EDGE('',*,*,#1169,.F.);
#1863=ORIENTED_EDGE('',*,*,#1050,.F.);
#1864=ORIENTED_EDGE('',*,*,#1171,.F.);
#1865=ORIENTED_EDGE('',*,*,#1079,.F.);
#1866=ORIENTED_EDGE('',*,*,#1174,.F.);
#1867=ORIENTED_EDGE('',*,*,#974,.F.);
#1868=ORIENTED_EDGE('',*,*,#1176,.F.);
#1869=ORIENTED_EDGE('',*,*,#1154,.F.);
#1870=ORIENTED_EDGE('',*,*,#1165,.F.);
#1871=CYLINDRICAL_SURFACE('',#2053,1.);
#1872=CYLINDRICAL_SURFACE('',#2057,1.);
#1873=CYLINDRICAL_SURFACE('',#2125,10.);
#1874=CYLINDRICAL_SURFACE('',#2127,1.55);
#1875=CYLINDRICAL_SURFACE('',#2129,1.55);
#1876=CYLINDRICAL_SURFACE('',#2131,1.55);
#1877=CYLINDRICAL_SURFACE('',#2191,20.);
#1878=CYLINDRICAL_SURFACE('',#2194,20.);
#1879=CYLINDRICAL_SURFACE('',#2195,20.);
#1880=CYLINDRICAL_SURFACE('',#2199,20.);
#1881=CYLINDRICAL_SURFACE('',#2200,19.);
#1882=CYLINDRICAL_SURFACE('',#2201,19.);
#1883=CYLINDRICAL_SURFACE('',#2202,19.);
#1884=CYLINDRICAL_SURFACE('',#2203,19.);
#1885=CYLINDRICAL_SURFACE('',#2204,0.19);
#1886=CYLINDRICAL_SURFACE('',#2205,17.875);
#1887=CYLINDRICAL_SURFACE('',#2206,0.19);
#1888=CYLINDRICAL_SURFACE('',#2207,0.19);
#1889=CYLINDRICAL_SURFACE('',#2208,17.875);
#1890=CYLINDRICAL_SURFACE('',#2209,0.19);
#1891=CYLINDRICAL_SURFACE('',#2210,0.19);
#1892=CYLINDRICAL_SURFACE('',#2211,17.875);
#1893=CYLINDRICAL_SURFACE('',#2212,0.19);
#1894=CYLINDRICAL_SURFACE('',#2213,0.19);
#1895=CYLINDRICAL_SURFACE('',#2214,17.875);
#1896=CYLINDRICAL_SURFACE('',#2215,0.19);
#1897=CYLINDRICAL_SURFACE('',#2216,0.19);
#1898=CYLINDRICAL_SURFACE('',#2217,17.875);
#1899=CYLINDRICAL_SURFACE('',#2218,0.19);
#1900=CYLINDRICAL_SURFACE('',#2219,19.);
#1901=CYLINDRICAL_SURFACE('',#2220,19.);
#1902=CYLINDRICAL_SURFACE('',#2223,19.);
#1903=CYLINDRICAL_SURFACE('',#2224,19.);
#1904=CYLINDRICAL_SURFACE('',#2225,19.);
#1905=CYLINDRICAL_SURFACE('',#2226,19.);
#1906=CYLINDRICAL_SURFACE('',#2227,0.19);
#1907=CYLINDRICAL_SURFACE('',#2228,17.875);
#1908=CYLINDRICAL_SURFACE('',#2229,0.19);
#1909=CYLINDRICAL_SURFACE('',#2230,0.19);
#1910=CYLINDRICAL_SURFACE('',#2231,17.875);
#1911=CYLINDRICAL_SURFACE('',#2232,0.19);
#1912=CYLINDRICAL_SURFACE('',#2233,0.19);
#1913=CYLINDRICAL_SURFACE('',#2234,17.875);
#1914=CYLINDRICAL_SURFACE('',#2235,0.19);
#1915=CYLINDRICAL_SURFACE('',#2236,0.19);
#1916=CYLINDRICAL_SURFACE('',#2237,17.875);
#1917=CYLINDRICAL_SURFACE('',#2238,0.19);
#1918=CYLINDRICAL_SURFACE('',#2239,0.19);
#1919=CYLINDRICAL_SURFACE('',#2240,17.875);
#1920=CYLINDRICAL_SURFACE('',#2241,0.19);
#1921=CYLINDRICAL_SURFACE('',#2242,19.);
#1922=CYLINDRICAL_SURFACE('',#2243,19.);
#1923=CYLINDRICAL_SURFACE('',#2246,3.);
#1924=CYLINDRICAL_SURFACE('',#2249,3.);
#1925=CYLINDRICAL_SURFACE('',#2250,2.);
#1926=CYLINDRICAL_SURFACE('',#2251,2.);
#1927=CYLINDRICAL_SURFACE('',#2252,2.);
#1928=CYLINDRICAL_SURFACE('',#2253,2.);
#1929=CYLINDRICAL_SURFACE('',#2254,1.);
#1930=CYLINDRICAL_SURFACE('',#2255,1.);
#1931=CYLINDRICAL_SURFACE('',#2260,10.);
#1932=CYLINDRICAL_SURFACE('',#2261,10.);
#1933=ADVANCED_FACE('',(#108),#1871,.F.);
#1934=ADVANCED_FACE('',(#109),#85,.F.);
#1935=ADVANCED_FACE('',(#110),#1872,.F.);
#1936=ADVANCED_FACE('',(#111),#86,.F.);
#1937=ADVANCED_FACE('',(#112),#87,.F.);
#1938=ADVANCED_FACE('',(#113),#88,.F.);
#1939=ADVANCED_FACE('',(#114),#89,.F.);
#1940=ADVANCED_FACE('',(#115,#39,#40,#41),#90,.F.);
#1941=ADVANCED_FACE('',(#116),#1873,.T.);
#1942=ADVANCED_FACE('',(#117),#1874,.F.);
#1943=ADVANCED_FACE('',(#118),#1875,.F.);
#1944=ADVANCED_FACE('',(#119),#1876,.F.);
#1945=ADVANCED_FACE('',(#120,#42,#43,#44),#91,.T.);
#1946=ADVANCED_FACE('',(#121),#92,.F.);
#1947=ADVANCED_FACE('',(#122),#1877,.F.);
#1948=ADVANCED_FACE('',(#123),#93,.F.);
#1949=ADVANCED_FACE('',(#124),#94,.T.);
#1950=ADVANCED_FACE('',(#125),#1878,.F.);
#1951=ADVANCED_FACE('',(#126),#1879,.F.);
#1952=ADVANCED_FACE('',(#127),#95,.F.);
#1953=ADVANCED_FACE('',(#128),#96,.F.);
#1954=ADVANCED_FACE('',(#129),#97,.T.);
#1955=ADVANCED_FACE('',(#130),#1880,.F.);
#1956=ADVANCED_FACE('',(#131),#1881,.F.);
#1957=ADVANCED_FACE('',(#132),#1882,.F.);
#1958=ADVANCED_FACE('',(#133),#1883,.F.);
#1959=ADVANCED_FACE('',(#134),#1884,.F.);
#1960=ADVANCED_FACE('',(#135),#19,.T.);
#1961=ADVANCED_FACE('',(#136),#1885,.T.);
#1962=ADVANCED_FACE('',(#137),#1886,.F.);
#1963=ADVANCED_FACE('',(#138),#1887,.T.);
#1964=ADVANCED_FACE('',(#139),#20,.F.);
#1965=ADVANCED_FACE('',(#140),#21,.T.);
#1966=ADVANCED_FACE('',(#141),#1888,.T.);
#1967=ADVANCED_FACE('',(#142),#1889,.F.);
#1968=ADVANCED_FACE('',(#143),#1890,.T.);
#1969=ADVANCED_FACE('',(#144),#22,.F.);
#1970=ADVANCED_FACE('',(#145),#23,.T.);
#1971=ADVANCED_FACE('',(#146),#1891,.T.);
#1972=ADVANCED_FACE('',(#147),#1892,.F.);
#1973=ADVANCED_FACE('',(#148),#1893,.T.);
#1974=ADVANCED_FACE('',(#149),#24,.F.);
#1975=ADVANCED_FACE('',(#150),#25,.T.);
#1976=ADVANCED_FACE('',(#151),#1894,.T.);
#1977=ADVANCED_FACE('',(#152),#1895,.F.);
#1978=ADVANCED_FACE('',(#153),#1896,.T.);
#1979=ADVANCED_FACE('',(#154),#26,.F.);
#1980=ADVANCED_FACE('',(#155),#27,.T.);
#1981=ADVANCED_FACE('',(#156),#1897,.T.);
#1982=ADVANCED_FACE('',(#157),#1898,.F.);
#1983=ADVANCED_FACE('',(#158),#1899,.T.);
#1984=ADVANCED_FACE('',(#159),#28,.F.);
#1985=ADVANCED_FACE('',(#160),#1900,.F.);
#1986=ADVANCED_FACE('',(#161),#1901,.F.);
#1987=ADVANCED_FACE('',(#162),#98,.F.);
#1988=ADVANCED_FACE('',(#163),#99,.T.);
#1989=ADVANCED_FACE('',(#164),#1902,.F.);
#1990=ADVANCED_FACE('',(#165),#1903,.F.);
#1991=ADVANCED_FACE('',(#166),#1904,.F.);
#1992=ADVANCED_FACE('',(#167),#1905,.F.);
#1993=ADVANCED_FACE('',(#168),#29,.T.);
#1994=ADVANCED_FACE('',(#169),#1906,.T.);
#1995=ADVANCED_FACE('',(#170),#1907,.F.);
#1996=ADVANCED_FACE('',(#171),#1908,.T.);
#1997=ADVANCED_FACE('',(#172),#30,.F.);
#1998=ADVANCED_FACE('',(#173),#31,.T.);
#1999=ADVANCED_FACE('',(#174),#1909,.T.);
#2000=ADVANCED_FACE('',(#175),#1910,.F.);
#2001=ADVANCED_FACE('',(#176),#1911,.T.);
#2002=ADVANCED_FACE('',(#177),#32,.F.);
#2003=ADVANCED_FACE('',(#178),#33,.T.);
#2004=ADVANCED_FACE('',(#179),#1912,.T.);
#2005=ADVANCED_FACE('',(#180),#1913,.F.);
#2006=ADVANCED_FACE('',(#181),#1914,.T.);
#2007=ADVANCED_FACE('',(#182),#34,.F.);
#2008=ADVANCED_FACE('',(#183),#35,.T.);
#2009=ADVANCED_FACE('',(#184),#1915,.T.);
#2010=ADVANCED_FACE('',(#185),#1916,.F.);
#2011=ADVANCED_FACE('',(#186),#1917,.T.);
#2012=ADVANCED_FACE('',(#187),#36,.F.);
#2013=ADVANCED_FACE('',(#188),#37,.T.);
#2014=ADVANCED_FACE('',(#189),#1918,.T.);
#2015=ADVANCED_FACE('',(#190),#1919,.F.);
#2016=ADVANCED_FACE('',(#191),#1920,.T.);
#2017=ADVANCED_FACE('',(#192),#38,.F.);
#2018=ADVANCED_FACE('',(#193),#1921,.F.);
#2019=ADVANCED_FACE('',(#194),#1922,.F.);
#2020=ADVANCED_FACE('',(#195),#100,.F.);
#2021=ADVANCED_FACE('',(#196),#101,.F.);
#2022=ADVANCED_FACE('',(#197),#1923,.F.);
#2023=ADVANCED_FACE('',(#198),#102,.T.);
#2024=ADVANCED_FACE('',(#199),#103,.T.);
#2025=ADVANCED_FACE('',(#200),#1924,.F.);
#2026=ADVANCED_FACE('',(#201),#1925,.T.);
#2027=ADVANCED_FACE('',(#202),#1926,.T.);
#2028=ADVANCED_FACE('',(#203),#1927,.T.);
#2029=ADVANCED_FACE('',(#204),#1928,.T.);
#2030=ADVANCED_FACE('',(#205),#1929,.T.);
#2031=ADVANCED_FACE('',(#206),#1930,.T.);
#2032=ADVANCED_FACE('',(#207),#104,.T.);
#2033=ADVANCED_FACE('',(#208),#105,.T.);
#2034=ADVANCED_FACE('',(#209),#106,.T.);
#2035=ADVANCED_FACE('',(#210),#107,.T.);
#2036=ADVANCED_FACE('',(#211),#1931,.T.);
#2037=ADVANCED_FACE('',(#212),#1932,.T.);
#2038=CLOSED_SHELL('',(#1933,#1934,#1935,#1936,#1937,#1938,#1939,#1940,
#1941,#1942,#1943,#1944,#1945,#1946,#1947,#1948,#1949,#1950,#1951,#1952,
#1953,#1954,#1955,#1956,#1957,#1958,#1959,#1960,#1961,#1962,#1963,#1964,
#1965,#1966,#1967,#1968,#1969,#1970,#1971,#1972,#1973,#1974,#1975,#1976,
#1977,#1978,#1979,#1980,#1981,#1982,#1983,#1984,#1985,#1986,#1987,#1988,
#1989,#1990,#1991,#1992,#1993,#1994,#1995,#1996,#1997,#1998,#1999,#2000,
#2001,#2002,#2003,#2004,#2005,#2006,#2007,#2008,#2009,#2010,#2011,#2012,
#2013,#2014,#2015,#2016,#2017,#2018,#2019,#2020,#2021,#2022,#2023,#2024,
#2025,#2026,#2027,#2028,#2029,#2030,#2031,#2032,#2033,#2034,#2035,#2036,
#2037));
#2039=DERIVED_UNIT_ELEMENT(#2041,1.);
#2040=DERIVED_UNIT_ELEMENT(#4042,-3.);
#2041=(
MASS_UNIT()
NAMED_UNIT(*)
SI_UNIT(.KILO.,.GRAM.)
);
#2042=DERIVED_UNIT((#2039,#2040));
#2043=MEASURE_REPRESENTATION_ITEM('density measure',
POSITIVE_RATIO_MEASURE(7850.),#2042);
#2044=PROPERTY_DEFINITION_REPRESENTATION(#2049,#2046);
#2045=PROPERTY_DEFINITION_REPRESENTATION(#2050,#2047);
#2046=REPRESENTATION('material name',(#2048),#4039);
#2047=REPRESENTATION('density',(#2043),#4039);
#2048=DESCRIPTIVE_REPRESENTATION_ITEM('Steel','Steel');
#2049=PROPERTY_DEFINITION('material property','material name',#4054);
#2050=PROPERTY_DEFINITION('material property','density of part',#4054);
#2051=AXIS2_PLACEMENT_3D('',#2832,#2263,#2264);
#2052=AXIS2_PLACEMENT_3D('',#2833,#2265,#2266);
#2053=AXIS2_PLACEMENT_3D('',#2834,#2267,#2268);
#2054=AXIS2_PLACEMENT_3D('',#2837,#2269,#2270);
#2055=AXIS2_PLACEMENT_3D('',#2841,#2272,#2273);
#2056=AXIS2_PLACEMENT_3D('',#2843,#2275,#2276);
#2057=AXIS2_PLACEMENT_3D('',#2849,#2280,#2281);
#2058=AXIS2_PLACEMENT_3D('',#2851,#2282,#2283);
#2059=AXIS2_PLACEMENT_3D('',#2853,#2284,#2285);
#2060=AXIS2_PLACEMENT_3D('',#2855,#2287,#2288);
#2061=AXIS2_PLACEMENT_3D('',#2861,#2292,#2293);
#2062=AXIS2_PLACEMENT_3D('',#2867,#2297,#2298);
#2063=AXIS2_PLACEMENT_3D('',#2873,#2302,#2303);
#2064=AXIS2_PLACEMENT_3D('',#2879,#2307,#2308);
#2065=AXIS2_PLACEMENT_3D('',#2881,#2309,#2310);
#2066=AXIS2_PLACEMENT_3D('',#2885,#2312,#2313);
#2067=AXIS2_PLACEMENT_3D('',#2889,#2315,#2316);
#2068=AXIS2_PLACEMENT_3D('',#2893,#2318,#2319);
#2069=AXIS2_PLACEMENT_3D('',#2897,#2321,#2322);
#2070=AXIS2_PLACEMENT_3D('',#2899,#2323,#2324);
#2071=AXIS2_PLACEMENT_3D('',#2905,#2327,#2328);
#2072=AXIS2_PLACEMENT_3D('',#2916,#2329,#2330);
#2073=AXIS2_PLACEMENT_3D('',#2918,#2331,#2332);
#2074=AXIS2_PLACEMENT_3D('',#2920,#2333,#2334);
#2075=AXIS2_PLACEMENT_3D('',#2931,#2335,#2336);
#2076=AXIS2_PLACEMENT_3D('',#2942,#2337,#2338);
#2077=AXIS2_PLACEMENT_3D('',#2944,#2339,#2340);
#2078=AXIS2_PLACEMENT_3D('',#2946,#2341,#2342);
#2079=AXIS2_PLACEMENT_3D('',#2957,#2343,#2344);
#2080=AXIS2_PLACEMENT_3D('',#2968,#2345,#2346);
#2081=AXIS2_PLACEMENT_3D('',#2970,#2347,#2348);
#2082=AXIS2_PLACEMENT_3D('',#2972,#2349,#2350);
#2083=AXIS2_PLACEMENT_3D('',#2983,#2351,#2352);
#2084=AXIS2_PLACEMENT_3D('',#2994,#2353,#2354);
#2085=AXIS2_PLACEMENT_3D('',#2996,#2355,#2356);
#2086=AXIS2_PLACEMENT_3D('',#2998,#2357,#2358);
#2087=AXIS2_PLACEMENT_3D('',#3009,#2359,#2360);
#2088=AXIS2_PLACEMENT_3D('',#3020,#2361,#2362);
#2089=AXIS2_PLACEMENT_3D('',#3022,#2363,#2364);
#2090=AXIS2_PLACEMENT_3D('',#3024,#2365,#2366);
#2091=AXIS2_PLACEMENT_3D('',#3035,#2367,#2368);
#2092=AXIS2_PLACEMENT_3D('',#3041,#2371,#2372);
#2093=AXIS2_PLACEMENT_3D('',#3043,#2373,#2374);
#2094=AXIS2_PLACEMENT_3D('',#3045,#2375,#2376);
#2095=AXIS2_PLACEMENT_3D('',#3051,#2379,#2380);
#2096=AXIS2_PLACEMENT_3D('',#3062,#2381,#2382);
#2097=AXIS2_PLACEMENT_3D('',#3064,#2383,#2384);
#2098=AXIS2_PLACEMENT_3D('',#3066,#2385,#2386);
#2099=AXIS2_PLACEMENT_3D('',#3077,#2387,#2388);
#2100=AXIS2_PLACEMENT_3D('',#3088,#2389,#2390);
#2101=AXIS2_PLACEMENT_3D('',#3090,#2391,#2392);
#2102=AXIS2_PLACEMENT_3D('',#3092,#2393,#2394);
#2103=AXIS2_PLACEMENT_3D('',#3103,#2395,#2396);
#2104=AXIS2_PLACEMENT_3D('',#3114,#2397,#2398);
#2105=AXIS2_PLACEMENT_3D('',#3116,#2399,#2400);
#2106=AXIS2_PLACEMENT_3D('',#3118,#2401,#2402);
#2107=AXIS2_PLACEMENT_3D('',#3129,#2403,#2404);
#2108=AXIS2_PLACEMENT_3D('',#3140,#2405,#2406);
#2109=AXIS2_PLACEMENT_3D('',#3142,#2407,#2408);
#2110=AXIS2_PLACEMENT_3D('',#3144,#2409,#2410);
#2111=AXIS2_PLACEMENT_3D('',#3155,#2411,#2412);
#2112=AXIS2_PLACEMENT_3D('',#3166,#2413,#2414);
#2113=AXIS2_PLACEMENT_3D('',#3168,#2415,#2416);
#2114=AXIS2_PLACEMENT_3D('',#3170,#2417,#2418);
#2115=AXIS2_PLACEMENT_3D('',#3181,#2419,#2420);
#2116=AXIS2_PLACEMENT_3D('',#3187,#2423,#2424);
#2117=AXIS2_PLACEMENT_3D('',#3189,#2425,#2426);
#2118=AXIS2_PLACEMENT_3D('',#3193,#2428,#2429);
#2119=AXIS2_PLACEMENT_3D('',#3197,#2431,#2432);
#2120=AXIS2_PLACEMENT_3D('',#3201,#2434,#2435);
#2121=AXIS2_PLACEMENT_3D('',#3204,#2437,#2438);
#2122=AXIS2_PLACEMENT_3D('',#3206,#2439,#2440);
#2123=AXIS2_PLACEMENT_3D('',#3208,#2441,#2442);
#2124=AXIS2_PLACEMENT_3D('',#3210,#2443,#2444);
#2125=AXIS2_PLACEMENT_3D('',#3211,#2445,#2446);
#2126=AXIS2_PLACEMENT_3D('',#3214,#2447,#2448);
#2127=AXIS2_PLACEMENT_3D('',#3217,#2451,#2452);
#2128=AXIS2_PLACEMENT_3D('',#3220,#2454,#2455);
#2129=AXIS2_PLACEMENT_3D('',#3221,#2456,#2457);
#2130=AXIS2_PLACEMENT_3D('',#3224,#2459,#2460);
#2131=AXIS2_PLACEMENT_3D('',#3225,#2461,#2462);
#2132=AXIS2_PLACEMENT_3D('',#3228,#2464,#2465);
#2133=AXIS2_PLACEMENT_3D('',#3229,#2466,#2467);
#2134=AXIS2_PLACEMENT_3D('',#3231,#2468,#2469);
#2135=AXIS2_PLACEMENT_3D('',#3235,#2471,#2472);
#2136=AXIS2_PLACEMENT_3D('',#3239,#2474,#2475);
#2137=AXIS2_PLACEMENT_3D('',#3243,#2477,#2478);
#2138=AXIS2_PLACEMENT_3D('',#3247,#2480,#2481);
#2139=AXIS2_PLACEMENT_3D('',#3249,#2482,#2483);
#2140=AXIS2_PLACEMENT_3D('',#3255,#2486,#2487);
#2141=AXIS2_PLACEMENT_3D('',#3266,#2488,#2489);
#2142=AXIS2_PLACEMENT_3D('',#3268,#2490,#2491);
#2143=AXIS2_PLACEMENT_3D('',#3270,#2492,#2493);
#2144=AXIS2_PLACEMENT_3D('',#3281,#2494,#2495);
#2145=AXIS2_PLACEMENT_3D('',#3292,#2496,#2497);
#2146=AXIS2_PLACEMENT_3D('',#3294,#2498,#2499);
#2147=AXIS2_PLACEMENT_3D('',#3296,#2500,#2501);
#2148=AXIS2_PLACEMENT_3D('',#3307,#2502,#2503);
#2149=AXIS2_PLACEMENT_3D('',#3318,#2504,#2505);
#2150=AXIS2_PLACEMENT_3D('',#3320,#2506,#2507);
#2151=AXIS2_PLACEMENT_3D('',#3322,#2508,#2509);
#2152=AXIS2_PLACEMENT_3D('',#3333,#2510,#2511);
#2153=AXIS2_PLACEMENT_3D('',#3344,#2512,#2513);
#2154=AXIS2_PLACEMENT_3D('',#3346,#2514,#2515);
#2155=AXIS2_PLACEMENT_3D('',#3348,#2516,#2517);
#2156=AXIS2_PLACEMENT_3D('',#3359,#2518,#2519);
#2157=AXIS2_PLACEMENT_3D('',#3370,#2520,#2521);
#2158=AXIS2_PLACEMENT_3D('',#3372,#2522,#2523);
#2159=AXIS2_PLACEMENT_3D('',#3374,#2524,#2525);
#2160=AXIS2_PLACEMENT_3D('',#3385,#2526,#2527);
#2161=AXIS2_PLACEMENT_3D('',#3390,#2530,#2531);
#2162=AXIS2_PLACEMENT_3D('',#3392,#2532,#2533);
#2163=AXIS2_PLACEMENT_3D('',#3398,#2536,#2537);
#2164=AXIS2_PLACEMENT_3D('',#3409,#2538,#2539);
#2165=AXIS2_PLACEMENT_3D('',#3411,#2540,#2541);
#2166=AXIS2_PLACEMENT_3D('',#3413,#2542,#2543);
#2167=AXIS2_PLACEMENT_3D('',#3424,#2544,#2545);
#2168=AXIS2_PLACEMENT_3D('',#3435,#2546,#2547);
#2169=AXIS2_PLACEMENT_3D('',#3437,#2548,#2549);
#2170=AXIS2_PLACEMENT_3D('',#3439,#2550,#2551);
#2171=AXIS2_PLACEMENT_3D('',#3450,#2552,#2553);
#2172=AXIS2_PLACEMENT_3D('',#3461,#2554,#2555);
#2173=AXIS2_PLACEMENT_3D('',#3463,#2556,#2557);
#2174=AXIS2_PLACEMENT_3D('',#3465,#2558,#2559);
#2175=AXIS2_PLACEMENT_3D('',#3476,#2560,#2561);
#2176=AXIS2_PLACEMENT_3D('',#3487,#2562,#2563);
#2177=AXIS2_PLACEMENT_3D('',#3489,#2564,#2565);
#2178=AXIS2_PLACEMENT_3D('',#3491,#2566,#2567);
#2179=AXIS2_PLACEMENT_3D('',#3502,#2568,#2569);
#2180=AXIS2_PLACEMENT_3D('',#3513,#2570,#2571);
#2181=AXIS2_PLACEMENT_3D('',#3515,#2572,#2573);
#2182=AXIS2_PLACEMENT_3D('',#3517,#2574,#2575);
#2183=AXIS2_PLACEMENT_3D('',#3528,#2576,#2577);
#2184=AXIS2_PLACEMENT_3D('',#3534,#2580,#2581);
#2185=AXIS2_PLACEMENT_3D('',#3536,#2582,#2583);
#2186=AXIS2_PLACEMENT_3D('',#3540,#2585,#2586);
#2187=AXIS2_PLACEMENT_3D('',#3544,#2588,#2589);
#2188=AXIS2_PLACEMENT_3D('',#3548,#2591,#2592);
#2189=AXIS2_PLACEMENT_3D('',#3551,#2594,#2595);
#2190=AXIS2_PLACEMENT_3D('',#3552,#2596,#2597);
#2191=AXIS2_PLACEMENT_3D('',#3555,#2600,#2601);
#2192=AXIS2_PLACEMENT_3D('',#3558,#2604,#2605);
#2193=AXIS2_PLACEMENT_3D('',#3561,#2608,#2609);
#2194=AXIS2_PLACEMENT_3D('',#3564,#2612,#2613);
#2195=AXIS2_PLACEMENT_3D('',#3566,#2615,#2616);
#2196=AXIS2_PLACEMENT_3D('',#3567,#2617,#2618);
#2197=AXIS2_PLACEMENT_3D('',#3570,#2621,#2622);
#2198=AXIS2_PLACEMENT_3D('',#3573,#2625,#2626);
#2199=AXIS2_PLACEMENT_3D('',#3576,#2629,#2630);
#2200=AXIS2_PLACEMENT_3D('',#3578,#2632,#2633);
#2201=AXIS2_PLACEMENT_3D('',#3581,#2636,#2637);
#2202=AXIS2_PLACEMENT_3D('',#3584,#2640,#2641);
#2203=AXIS2_PLACEMENT_3D('',#3587,#2644,#2645);
#2204=AXIS2_PLACEMENT_3D('',#3607,#2649,#2650);
#2205=AXIS2_PLACEMENT_3D('',#3609,#2652,#2653);
#2206=AXIS2_PLACEMENT_3D('',#3611,#2655,#2656);
#2207=AXIS2_PLACEMENT_3D('',#3647,#2660,#2661);
#2208=AXIS2_PLACEMENT_3D('',#3649,#2663,#2664);
#2209=AXIS2_PLACEMENT_3D('',#3651,#2666,#2667);
#2210=AXIS2_PLACEMENT_3D('',#3686,#2670,#2671);
#2211=AXIS2_PLACEMENT_3D('',#3688,#2673,#2674);
#2212=AXIS2_PLACEMENT_3D('',#3690,#2676,#2677);
#2213=AXIS2_PLACEMENT_3D('',#3725,#2680,#2681);
#2214=AXIS2_PLACEMENT_3D('',#3727,#2683,#2684);
#2215=AXIS2_PLACEMENT_3D('',#3729,#2686,#2687);
#2216=AXIS2_PLACEMENT_3D('',#3765,#2691,#2692);
#2217=AXIS2_PLACEMENT_3D('',#3767,#2694,#2695);
#2218=AXIS2_PLACEMENT_3D('',#3769,#2697,#2698);
#2219=AXIS2_PLACEMENT_3D('',#3787,#2700,#2701);
#2220=AXIS2_PLACEMENT_3D('',#3789,#2703,#2704);
#2221=AXIS2_PLACEMENT_3D('',#3791,#2706,#2707);
#2222=AXIS2_PLACEMENT_3D('',#3793,#2709,#2710);
#2223=AXIS2_PLACEMENT_3D('',#3795,#2712,#2713);
#2224=AXIS2_PLACEMENT_3D('',#3798,#2716,#2717);
#2225=AXIS2_PLACEMENT_3D('',#3801,#2720,#2721);
#2226=AXIS2_PLACEMENT_3D('',#3804,#2724,#2725);
#2227=AXIS2_PLACEMENT_3D('',#3824,#2729,#2730);
#2228=AXIS2_PLACEMENT_3D('',#3826,#2732,#2733);
#2229=AXIS2_PLACEMENT_3D('',#3828,#2735,#2736);
#2230=AXIS2_PLACEMENT_3D('',#3864,#2740,#2741);
#2231=AXIS2_PLACEMENT_3D('',#3866,#2743,#2744);
#2232=AXIS2_PLACEMENT_3D('',#3868,#2746,#2747);
#2233=AXIS2_PLACEMENT_3D('',#3903,#2750,#2751);
#2234=AXIS2_PLACEMENT_3D('',#3905,#2753,#2754);
#2235=AXIS2_PLACEMENT_3D('',#3907,#2756,#2757);
#2236=AXIS2_PLACEMENT_3D('',#3942,#2760,#2761);
#2237=AXIS2_PLACEMENT_3D('',#3944,#2763,#2764);
#2238=AXIS2_PLACEMENT_3D('',#3946,#2766,#2767);
#2239=AXIS2_PLACEMENT_3D('',#3982,#2771,#2772);
#2240=AXIS2_PLACEMENT_3D('',#3984,#2774,#2775);
#2241=AXIS2_PLACEMENT_3D('',#3986,#2777,#2778);
#2242=AXIS2_PLACEMENT_3D('',#4004,#2780,#2781);
#2243=AXIS2_PLACEMENT_3D('',#4006,#2783,#2784);
#2244=AXIS2_PLACEMENT_3D('',#4008,#2786,#2787);
#2245=AXIS2_PLACEMENT_3D('',#4011,#2790,#2791);
#2246=AXIS2_PLACEMENT_3D('',#4014,#2794,#2795);
#2247=AXIS2_PLACEMENT_3D('',#4015,#2796,#2797);
#2248=AXIS2_PLACEMENT_3D('',#4018,#2800,#2801);
#2249=AXIS2_PLACEMENT_3D('',#4021,#2804,#2805);
#2250=AXIS2_PLACEMENT_3D('',#4022,#2806,#2807);
#2251=AXIS2_PLACEMENT_3D('',#4023,#2808,#2809);
#2252=AXIS2_PLACEMENT_3D('',#4024,#2810,#2811);
#2253=AXIS2_PLACEMENT_3D('',#4025,#2812,#2813);
#2254=AXIS2_PLACEMENT_3D('',#4026,#2814,#2815);
#2255=AXIS2_PLACEMENT_3D('',#4027,#2816,#2817);
#2256=AXIS2_PLACEMENT_3D('',#4028,#2818,#2819);
#2257=AXIS2_PLACEMENT_3D('',#4029,#2820,#2821);
#2258=AXIS2_PLACEMENT_3D('',#4030,#2822,#2823);
#2259=AXIS2_PLACEMENT_3D('',#4031,#2824,#2825);
#2260=AXIS2_PLACEMENT_3D('',#4032,#2826,#2827);
#2261=AXIS2_PLACEMENT_3D('',#4033,#2828,#2829);
#2262=AXIS2_PLACEMENT_3D('',#4034,#2830,#2831);
#2263=DIRECTION('axis',(0.,0.,1.));
#2264=DIRECTION('refdir',(1.,0.,0.));
#2265=DIRECTION('axis',(0.,0.,1.));
#2266=DIRECTION('refdir',(1.,0.,0.));
#2267=DIRECTION('center_axis',(0.,1.,0.));
#2268=DIRECTION('ref_axis',(-0.707106781186548,0.,-0.707106781186547));
#2269=DIRECTION('center_axis',(0.,-1.,0.));
#2270=DIRECTION('ref_axis',(-0.707106781186548,0.,-0.707106781186547));
#2271=DIRECTION('',(0.,1.,0.));
#2272=DIRECTION('center_axis',(0.,1.,0.));
#2273=DIRECTION('ref_axis',(-0.707106781186548,0.,-0.707106781186547));
#2274=DIRECTION('',(0.,-1.,0.));
#2275=DIRECTION('center_axis',(0.,0.,-1.));
#2276=DIRECTION('ref_axis',(-1.,0.,0.));
#2277=DIRECTION('',(-1.,0.,0.));
#2278=DIRECTION('',(0.,-1.,0.));
#2279=DIRECTION('',(1.,0.,0.));
#2280=DIRECTION('center_axis',(0.,-1.,0.));
#2281=DIRECTION('ref_axis',(0.707106781186548,0.,-0.707106781186547));
#2282=DIRECTION('center_axis',(0.,1.,0.));
#2283=DIRECTION('ref_axis',(0.707106781186548,0.,-0.707106781186547));
#2284=DIRECTION('center_axis',(0.,-1.,0.));
#2285=DIRECTION('ref_axis',(0.707106781186548,0.,-0.707106781186547));
#2286=DIRECTION('',(0.,1.,0.));
#2287=DIRECTION('center_axis',(1.,0.,0.));
#2288=DIRECTION('ref_axis',(0.,-1.,0.));
#2289=DIRECTION('',(0.,0.,-1.));
#2290=DIRECTION('',(0.,-1.,0.));
#2291=DIRECTION('',(0.,0.,1.));
#2292=DIRECTION('center_axis',(-1.,0.,0.));
#2293=DIRECTION('ref_axis',(0.,1.,0.));
#2294=DIRECTION('',(0.,0.,-1.));
#2295=DIRECTION('',(0.,1.,0.));
#2296=DIRECTION('',(0.,0.,1.));
#2297=DIRECTION('center_axis',(0.,0.,-1.));
#2298=DIRECTION('ref_axis',(-1.,0.,0.));
#2299=DIRECTION('',(1.,0.,0.));
#2300=DIRECTION('',(0.,-1.,0.));
#2301=DIRECTION('',(1.,0.,0.));
#2302=DIRECTION('center_axis',(0.,0.,-1.));
#2303=DIRECTION('ref_axis',(-1.,0.,0.));
#2304=DIRECTION('',(1.,0.,0.));
#2305=DIRECTION('',(0.,1.,0.));
#2306=DIRECTION('',(1.,0.,0.));
#2307=DIRECTION('center_axis',(0.,1.,0.));
#2308=DIRECTION('ref_axis',(0.,0.,1.));
#2309=DIRECTION('center_axis',(0.,-1.,0.));
#2310=DIRECTION('ref_axis',(0.,0.,1.));
#2311=DIRECTION('',(0.,0.,1.));
#2312=DIRECTION('center_axis',(0.,1.,0.));
#2313=DIRECTION('ref_axis',(0.,0.,1.));
#2314=DIRECTION('',(1.,0.,1.23908819712629E-16));
#2315=DIRECTION('center_axis',(0.,-1.,0.));
#2316=DIRECTION('ref_axis',(0.,0.,1.));
#2317=DIRECTION('',(0.,0.,1.));
#2318=DIRECTION('center_axis',(0.,-1.,0.));
#2319=DIRECTION('ref_axis',(0.,0.,1.));
#2320=DIRECTION('',(-1.,0.,-1.69158765225583E-16));
#2321=DIRECTION('center_axis',(0.,-1.,0.));
#2322=DIRECTION('ref_axis',(0.,0.,1.));
#2323=DIRECTION('center_axis',(0.,-1.,0.));
#2324=DIRECTION('ref_axis',(0.,0.,1.));
#2325=DIRECTION('',(0.139173100960059,0.,-0.990268068741571));
#2326=DIRECTION('',(0.798635510047292,0.,-0.601815023152049));
#2327=DIRECTION('center_axis',(0.,1.,0.));
#2328=DIRECTION('ref_axis',(-2.23907150130817E-12,0.,1.));
#2329=DIRECTION('center_axis',(0.,-1.,0.));
#2330=DIRECTION('ref_axis',(0.,0.,1.));
#2331=DIRECTION('center_axis',(0.,1.,0.));
#2332=DIRECTION('ref_axis',(3.0016781601098E-13,0.,1.));
#2333=DIRECTION('center_axis',(0.,-1.,0.));
#2334=DIRECTION('ref_axis',(0.,0.,1.));
#2335=DIRECTION('center_axis',(0.,1.,0.));
#2336=DIRECTION('ref_axis',(-2.66599607886962E-14,0.,1.));
#2337=DIRECTION('center_axis',(0.,-1.,0.));
#2338=DIRECTION('ref_axis',(0.,0.,1.));
#2339=DIRECTION('center_axis',(0.,1.,0.));
#2340=DIRECTION('ref_axis',(-7.69198224928234E-13,0.,1.));
#2341=DIRECTION('center_axis',(0.,-1.,0.));
#2342=DIRECTION('ref_axis',(0.,0.,1.));
#2343=DIRECTION('center_axis',(0.,1.,0.));
#2344=DIRECTION('ref_axis',(0.,0.,1.));
#2345=DIRECTION('center_axis',(0.,-1.,0.));
#2346=DIRECTION('ref_axis',(0.,0.,1.));
#2347=DIRECTION('center_axis',(0.,1.,0.));
#2348=DIRECTION('ref_axis',(-8.73427204687623E-16,0.,1.));
#2349=DIRECTION('center_axis',(0.,-1.,0.));
#2350=DIRECTION('ref_axis',(0.,0.,1.));
#2351=DIRECTION('center_axis',(0.,1.,0.));
#2352=DIRECTION('ref_axis',(0.,0.,1.));
#2353=DIRECTION('center_axis',(0.,-1.,0.));
#2354=DIRECTION('ref_axis',(0.,0.,1.));
#2355=DIRECTION('center_axis',(0.,1.,0.));
#2356=DIRECTION('ref_axis',(0.,0.,1.));
#2357=DIRECTION('center_axis',(0.,-1.,0.));
#2358=DIRECTION('ref_axis',(0.,0.,1.));
#2359=DIRECTION('center_axis',(0.,1.,0.));
#2360=DIRECTION('ref_axis',(-9.13012355777267E-16,0.,1.));
#2361=DIRECTION('center_axis',(0.,-1.,0.));
#2362=DIRECTION('ref_axis',(0.,0.,1.));
#2363=DIRECTION('center_axis',(0.,1.,0.));
#2364=DIRECTION('ref_axis',(-1.74685440937525E-15,0.,1.));
#2365=DIRECTION('center_axis',(0.,-1.,0.));
#2366=DIRECTION('ref_axis',(0.,0.,1.));
#2367=DIRECTION('center_axis',(0.,1.,0.));
#2368=DIRECTION('ref_axis',(3.81639164714898E-14,0.,1.));
#2369=DIRECTION('',(0.882947592858921,0.,0.469471562785901));
#2370=DIRECTION('',(-0.292371704722744,0.,-0.956304755963033));
#2371=DIRECTION('center_axis',(0.,-1.,0.));
#2372=DIRECTION('ref_axis',(3.72965547335013E-14,0.,1.));
#2373=DIRECTION('center_axis',(0.,-1.,0.));
#2374=DIRECTION('ref_axis',(3.5527136788005E-15,0.,1.));
#2375=DIRECTION('center_axis',(0.,1.,0.));
#2376=DIRECTION('ref_axis',(0.,0.,1.));
#2377=DIRECTION('',(0.292371704722744,0.,-0.956304755963033));
#2378=DIRECTION('',(0.882947592858931,0.,-0.469471562785883));
#2379=DIRECTION('center_axis',(0.,-1.,0.));
#2380=DIRECTION('ref_axis',(-3.81639164714898E-14,0.,1.));
#2381=DIRECTION('center_axis',(0.,1.,0.));
#2382=DIRECTION('ref_axis',(0.,0.,1.));
#2383=DIRECTION('center_axis',(0.,-1.,0.));
#2384=DIRECTION('ref_axis',(1.74685440937525E-15,0.,1.));
#2385=DIRECTION('center_axis',(0.,1.,0.));
#2386=DIRECTION('ref_axis',(0.,0.,1.));
#2387=DIRECTION('center_axis',(0.,-1.,0.));
#2388=DIRECTION('ref_axis',(9.13012355777267E-16,0.,1.));
#2389=DIRECTION('center_axis',(0.,1.,0.));
#2390=DIRECTION('ref_axis',(0.,0.,1.));
#2391=DIRECTION('center_axis',(0.,-1.,0.));
#2392=DIRECTION('ref_axis',(0.,0.,1.));
#2393=DIRECTION('center_axis',(0.,1.,0.));
#2394=DIRECTION('ref_axis',(0.,0.,1.));
#2395=DIRECTION('center_axis',(0.,-1.,0.));
#2396=DIRECTION('ref_axis',(0.,0.,1.));
#2397=DIRECTION('center_axis',(0.,1.,0.));
#2398=DIRECTION('ref_axis',(0.,0.,1.));
#2399=DIRECTION('center_axis',(0.,-1.,0.));
#2400=DIRECTION('ref_axis',(8.73427204687623E-16,0.,1.));
#2401=DIRECTION('center_axis',(0.,1.,0.));
#2402=DIRECTION('ref_axis',(0.,0.,1.));
#2403=DIRECTION('center_axis',(0.,-1.,0.));
#2404=DIRECTION('ref_axis',(0.,0.,1.));
#2405=DIRECTION('center_axis',(0.,1.,0.));
#2406=DIRECTION('ref_axis',(0.,0.,1.));
#2407=DIRECTION('center_axis',(0.,-1.,0.));
#2408=DIRECTION('ref_axis',(7.69198224928234E-13,0.,1.));
#2409=DIRECTION('center_axis',(0.,1.,0.));
#2410=DIRECTION('ref_axis',(0.,0.,1.));
#2411=DIRECTION('center_axis',(0.,-1.,0.));
#2412=DIRECTION('ref_axis',(2.66599607886962E-14,0.,1.));
#2413=DIRECTION('center_axis',(0.,1.,0.));
#2414=DIRECTION('ref_axis',(0.,0.,1.));
#2415=DIRECTION('center_axis',(0.,-1.,0.));
#2416=DIRECTION('ref_axis',(-3.0016781601098E-13,0.,1.));
#2417=DIRECTION('center_axis',(0.,1.,0.));
#2418=DIRECTION('ref_axis',(0.,0.,1.));
#2419=DIRECTION('center_axis',(0.,-1.,0.));
#2420=DIRECTION('ref_axis',(-4.133572139546E-12,0.,1.));
#2421=DIRECTION('',(0.798635510047282,0.,0.601815023152063));
#2422=DIRECTION('',(-0.139173100960059,0.,-0.990268068741571));
#2423=DIRECTION('center_axis',(0.,1.,0.));
#2424=DIRECTION('ref_axis',(0.,0.,1.));
#2425=DIRECTION('center_axis',(0.,-1.,0.));
#2426=DIRECTION('ref_axis',(0.,0.,1.));
#2427=DIRECTION('',(1.,0.,-1.69158765225583E-16));
#2428=DIRECTION('center_axis',(0.,-1.,0.));
#2429=DIRECTION('ref_axis',(0.,0.,1.));
#2430=DIRECTION('',(-2.16840434497101E-16,0.,-1.));
#2431=DIRECTION('center_axis',(0.,-1.,0.));
#2432=DIRECTION('ref_axis',(1.73472347597681E-15,0.,1.));
#2433=DIRECTION('',(-1.,0.,1.23908819712629E-16));
#2434=DIRECTION('center_axis',(0.,1.,0.));
#2435=DIRECTION('ref_axis',(0.,0.,1.));
#2436=DIRECTION('',(0.,0.,1.));
#2437=DIRECTION('center_axis',(0.,-1.,0.));
#2438=DIRECTION('ref_axis',(-1.73472347597681E-15,0.,1.));
#2439=DIRECTION('center_axis',(0.,-1.,0.));
#2440=DIRECTION('ref_axis',(0.,0.,1.));
#2441=DIRECTION('center_axis',(0.,1.,0.));
#2442=DIRECTION('ref_axis',(0.,0.,1.));
#2443=DIRECTION('center_axis',(0.,1.,0.));
#2444=DIRECTION('ref_axis',(0.,0.,1.));
#2445=DIRECTION('center_axis',(0.,-1.,0.));
#2446=DIRECTION('ref_axis',(0.,0.,-1.));
#2447=DIRECTION('center_axis',(0.,1.,0.));
#2448=DIRECTION('ref_axis',(0.,0.,1.));
#2449=DIRECTION('',(0.,1.,0.));
#2450=DIRECTION('',(0.,-1.,0.));
#2451=DIRECTION('center_axis',(0.,1.,0.));
#2452=DIRECTION('ref_axis',(0.,0.,1.));
#2453=DIRECTION('',(0.,1.,0.));
#2454=DIRECTION('center_axis',(0.,-1.,0.));
#2455=DIRECTION('ref_axis',(0.,0.,1.));
#2456=DIRECTION('center_axis',(0.,1.,0.));
#2457=DIRECTION('ref_axis',(0.,0.,1.));
#2458=DIRECTION('',(0.,1.,0.));
#2459=DIRECTION('center_axis',(0.,1.,0.));
#2460=DIRECTION('ref_axis',(0.,0.,1.));
#2461=DIRECTION('center_axis',(0.,1.,0.));
#2462=DIRECTION('ref_axis',(0.,0.,1.));
#2463=DIRECTION('',(0.,1.,0.));
#2464=DIRECTION('center_axis',(0.,1.,0.));
#2465=DIRECTION('ref_axis',(0.,0.,1.));
#2466=DIRECTION('center_axis',(0.,1.,0.));
#2467=DIRECTION('ref_axis',(0.,0.,1.));
#2468=DIRECTION('center_axis',(0.,1.,0.));
#2469=DIRECTION('ref_axis',(0.,0.,1.));
#2470=DIRECTION('',(0.,0.,1.));
#2471=DIRECTION('center_axis',(0.,-1.,0.));
#2472=DIRECTION('ref_axis',(1.15648231731787E-15,0.,1.));
#2473=DIRECTION('',(-1.,0.,1.23908819712629E-16));
#2474=DIRECTION('center_axis',(0.,1.,0.));
#2475=DIRECTION('ref_axis',(0.,0.,1.));
#2476=DIRECTION('',(-2.16840434497101E-16,0.,-1.));
#2477=DIRECTION('center_axis',(0.,1.,0.));
#2478=DIRECTION('ref_axis',(0.,0.,1.));
#2479=DIRECTION('',(1.,0.,-1.69158765225583E-16));
#2480=DIRECTION('center_axis',(0.,1.,0.));
#2481=DIRECTION('ref_axis',(0.,0.,1.));
#2482=DIRECTION('center_axis',(0.,1.,0.));
#2483=DIRECTION('ref_axis',(0.,0.,1.));
#2484=DIRECTION('',(0.139173100960059,0.,0.990268068741571));
#2485=DIRECTION('',(-0.798635510047282,0.,-0.601815023152063));
#2486=DIRECTION('center_axis',(0.,-1.,0.));
#2487=DIRECTION('ref_axis',(-4.133572139546E-12,0.,1.));
#2488=DIRECTION('center_axis',(0.,1.,0.));
#2489=DIRECTION('ref_axis',(0.,0.,1.));
#2490=DIRECTION('center_axis',(0.,-1.,0.));
#2491=DIRECTION('ref_axis',(-3.0016781601098E-13,0.,1.));
#2492=DIRECTION('center_axis',(0.,1.,0.));
#2493=DIRECTION('ref_axis',(0.,0.,1.));
#2494=DIRECTION('center_axis',(0.,-1.,0.));
#2495=DIRECTION('ref_axis',(2.66599607886962E-14,0.,1.));
#2496=DIRECTION('center_axis',(0.,1.,0.));
#2497=DIRECTION('ref_axis',(0.,0.,1.));
#2498=DIRECTION('center_axis',(0.,-1.,0.));
#2499=DIRECTION('ref_axis',(7.69198224928234E-13,0.,1.));
#2500=DIRECTION('center_axis',(0.,1.,0.));
#2501=DIRECTION('ref_axis',(0.,0.,1.));
#2502=DIRECTION('center_axis',(0.,-1.,0.));
#2503=DIRECTION('ref_axis',(0.,0.,1.));
#2504=DIRECTION('center_axis',(0.,1.,0.));
#2505=DIRECTION('ref_axis',(0.,0.,1.));
#2506=DIRECTION('center_axis',(0.,-1.,0.));
#2507=DIRECTION('ref_axis',(8.73427204687623E-16,0.,1.));
#2508=DIRECTION('center_axis',(0.,1.,0.));
#2509=DIRECTION('ref_axis',(0.,0.,1.));
#2510=DIRECTION('center_axis',(0.,-1.,0.));
#2511=DIRECTION('ref_axis',(0.,0.,1.));
#2512=DIRECTION('center_axis',(0.,1.,0.));
#2513=DIRECTION('ref_axis',(0.,0.,1.));
#2514=DIRECTION('center_axis',(0.,-1.,0.));
#2515=DIRECTION('ref_axis',(0.,0.,1.));
#2516=DIRECTION('center_axis',(0.,1.,0.));
#2517=DIRECTION('ref_axis',(0.,0.,1.));
#2518=DIRECTION('center_axis',(0.,-1.,0.));
#2519=DIRECTION('ref_axis',(9.13012355777267E-16,0.,1.));
#2520=DIRECTION('center_axis',(0.,1.,0.));
#2521=DIRECTION('ref_axis',(0.,0.,1.));
#2522=DIRECTION('center_axis',(0.,-1.,0.));
#2523=DIRECTION('ref_axis',(1.74685440937525E-15,0.,1.));
#2524=DIRECTION('center_axis',(0.,1.,0.));
#2525=DIRECTION('ref_axis',(0.,0.,1.));
#2526=DIRECTION('center_axis',(0.,-1.,0.));
#2527=DIRECTION('ref_axis',(-3.81639164714898E-14,0.,1.));
#2528=DIRECTION('',(-0.882947592858931,0.,0.469471562785883));
#2529=DIRECTION('',(-0.292371704722744,0.,0.956304755963033));
#2530=DIRECTION('center_axis',(0.,1.,0.));
#2531=DIRECTION('ref_axis',(0.,0.,1.));
#2532=DIRECTION('center_axis',(0.,-1.,0.));
#2533=DIRECTION('ref_axis',(0.,0.,1.));
#2534=DIRECTION('',(0.292371704722744,0.,0.956304755963033));
#2535=DIRECTION('',(-0.882947592858921,0.,-0.469471562785901));
#2536=DIRECTION('center_axis',(0.,1.,0.));
#2537=DIRECTION('ref_axis',(3.81639164714898E-14,0.,1.));
#2538=DIRECTION('center_axis',(0.,-1.,0.));
#2539=DIRECTION('ref_axis',(0.,0.,1.));
#2540=DIRECTION('center_axis',(0.,1.,0.));
#2541=DIRECTION('ref_axis',(-1.74685440937525E-15,0.,1.));
#2542=DIRECTION('center_axis',(0.,-1.,0.));
#2543=DIRECTION('ref_axis',(0.,0.,1.));
#2544=DIRECTION('center_axis',(0.,1.,0.));
#2545=DIRECTION('ref_axis',(-9.13012355777267E-16,0.,1.));
#2546=DIRECTION('center_axis',(0.,-1.,0.));
#2547=DIRECTION('ref_axis',(0.,0.,1.));
#2548=DIRECTION('center_axis',(0.,1.,0.));
#2549=DIRECTION('ref_axis',(0.,0.,1.));
#2550=DIRECTION('center_axis',(0.,-1.,0.));
#2551=DIRECTION('ref_axis',(0.,0.,1.));
#2552=DIRECTION('center_axis',(0.,1.,0.));
#2553=DIRECTION('ref_axis',(0.,0.,1.));
#2554=DIRECTION('center_axis',(0.,-1.,0.));
#2555=DIRECTION('ref_axis',(0.,0.,1.));
#2556=DIRECTION('center_axis',(0.,1.,0.));
#2557=DIRECTION('ref_axis',(-8.73427204687623E-16,0.,1.));
#2558=DIRECTION('center_axis',(0.,-1.,0.));
#2559=DIRECTION('ref_axis',(0.,0.,1.));
#2560=DIRECTION('center_axis',(0.,1.,0.));
#2561=DIRECTION('ref_axis',(0.,0.,1.));
#2562=DIRECTION('center_axis',(0.,-1.,0.));
#2563=DIRECTION('ref_axis',(0.,0.,1.));
#2564=DIRECTION('center_axis',(0.,1.,0.));
#2565=DIRECTION('ref_axis',(-7.69198224928234E-13,0.,1.));
#2566=DIRECTION('center_axis',(0.,-1.,0.));
#2567=DIRECTION('ref_axis',(0.,0.,1.));
#2568=DIRECTION('center_axis',(0.,1.,0.));
#2569=DIRECTION('ref_axis',(-2.66599607886962E-14,0.,1.));
#2570=DIRECTION('center_axis',(0.,-1.,0.));
#2571=DIRECTION('ref_axis',(0.,0.,1.));
#2572=DIRECTION('center_axis',(0.,1.,0.));
#2573=DIRECTION('ref_axis',(3.0016781601098E-13,0.,1.));
#2574=DIRECTION('center_axis',(0.,-1.,0.));
#2575=DIRECTION('ref_axis',(0.,0.,1.));
#2576=DIRECTION('center_axis',(0.,1.,0.));
#2577=DIRECTION('ref_axis',(-2.23907150130817E-12,0.,1.));
#2578=DIRECTION('',(-0.798635510047292,0.,0.601815023152049));
#2579=DIRECTION('',(-0.139173100960059,0.,0.990268068741571));
#2580=DIRECTION('center_axis',(0.,-1.,0.));
#2581=DIRECTION('ref_axis',(0.,0.,1.));
#2582=DIRECTION('center_axis',(0.,1.,0.));
#2583=DIRECTION('ref_axis',(0.,0.,1.));
#2584=DIRECTION('',(-1.,0.,-1.69158765225583E-16));
#2585=DIRECTION('center_axis',(0.,1.,0.));
#2586=DIRECTION('ref_axis',(0.,0.,1.));
#2587=DIRECTION('',(0.,0.,1.));
#2588=DIRECTION('center_axis',(0.,1.,0.));
#2589=DIRECTION('ref_axis',(0.,0.,1.));
#2590=DIRECTION('',(1.,0.,1.23908819712629E-16));
#2591=DIRECTION('center_axis',(0.,-1.,0.));
#2592=DIRECTION('ref_axis',(1.15648231731787E-15,0.,1.));
#2593=DIRECTION('',(0.,0.,1.));
#2594=DIRECTION('center_axis',(0.,1.,0.));
#2595=DIRECTION('ref_axis',(0.,0.,1.));
#2596=DIRECTION('center_axis',(1.,0.,0.));
#2597=DIRECTION('ref_axis',(0.,0.,-1.));
#2598=DIRECTION('',(0.,-1.,0.));
#2599=DIRECTION('',(0.,1.,0.));
#2600=DIRECTION('center_axis',(0.,1.,0.));
#2601=DIRECTION('ref_axis',(0.,0.,1.));
#2602=DIRECTION('',(0.,1.,0.));
#2603=DIRECTION('',(0.,1.,0.));
#2604=DIRECTION('center_axis',(-0.990268068741571,0.,0.139173100960059));
#2605=DIRECTION('ref_axis',(0.139173100960059,0.,0.990268068741571));
#2606=DIRECTION('',(0.,1.,0.));
#2607=DIRECTION('',(0.,1.,0.));
#2608=DIRECTION('center_axis',(-0.956304755963033,0.,-0.292371704722744));
#2609=DIRECTION('ref_axis',(-0.292371704722744,0.,0.956304755963033));
#2610=DIRECTION('',(0.,-1.,0.));
#2611=DIRECTION('',(0.,1.,0.));
#2612=DIRECTION('center_axis',(0.,1.,0.));
#2613=DIRECTION('ref_axis',(0.,0.,1.));
#2614=DIRECTION('',(0.,-1.,0.));
#2615=DIRECTION('center_axis',(0.,1.,0.));
#2616=DIRECTION('ref_axis',(0.,0.,1.));
#2617=DIRECTION('center_axis',(-1.,0.,2.16840434497101E-16));
#2618=DIRECTION('ref_axis',(2.16840434497101E-16,0.,1.));
#2619=DIRECTION('',(0.,1.,0.));
#2620=DIRECTION('',(0.,-1.,0.));
#2621=DIRECTION('center_axis',(1.69158765225583E-16,0.,1.));
#2622=DIRECTION('ref_axis',(1.,0.,-1.69158765225583E-16));
#2623=DIRECTION('',(0.,1.,0.));
#2624=DIRECTION('',(0.,-1.,0.));
#2625=DIRECTION('center_axis',(1.69158765225583E-16,0.,-1.));
#2626=DIRECTION('ref_axis',(-1.,0.,-1.69158765225583E-16));
#2627=DIRECTION('',(0.,-1.,0.));
#2628=DIRECTION('',(0.,1.,0.));
#2629=DIRECTION('center_axis',(0.,1.,0.));
#2630=DIRECTION('ref_axis',(0.,0.,1.));
#2631=DIRECTION('',(0.,1.,0.));
#2632=DIRECTION('center_axis',(0.,1.,0.));
#2633=DIRECTION('ref_axis',(0.,0.,1.));
#2634=DIRECTION('',(0.,-1.,0.));
#2635=DIRECTION('',(0.,-1.,0.));
#2636=DIRECTION('center_axis',(0.,1.,0.));
#2637=DIRECTION('ref_axis',(0.,0.,1.));
#2638=DIRECTION('',(0.,-1.,0.));
#2639=DIRECTION('',(0.,-1.,0.));
#2640=DIRECTION('center_axis',(0.,1.,0.));
#2641=DIRECTION('ref_axis',(0.,0.,1.));
#2642=DIRECTION('',(0.,-1.,0.));
#2643=DIRECTION('',(0.,-1.,0.));
#2644=DIRECTION('center_axis',(0.,1.,0.));
#2645=DIRECTION('ref_axis',(0.,0.,1.));
#2646=DIRECTION('',(0.,-1.,0.));
#2647=DIRECTION('',(0.,-1.,0.));
#2648=DIRECTION('',(0.,1.,0.));
#2649=DIRECTION('center_axis',(0.,-1.,0.));
#2650=DIRECTION('ref_axis',(0.084805924475505,0.,0.996397488542527));
#2651=DIRECTION('',(0.,-1.,0.));
#2652=DIRECTION('center_axis',(0.,-1.,0.));
#2653=DIRECTION('ref_axis',(0.0848059244755024,0.,0.996397488542527));
#2654=DIRECTION('',(0.,1.,0.));
#2655=DIRECTION('center_axis',(0.,-1.,0.));
#2656=DIRECTION('ref_axis',(0.526048515396406,0.,-0.850454560484708));
#2657=DIRECTION('',(0.,-1.,0.));
#2658=DIRECTION('',(0.,-1.,0.));
#2659=DIRECTION('',(0.,1.,0.));
#2660=DIRECTION('center_axis',(0.,-1.,0.));
#2661=DIRECTION('ref_axis',(0.,0.,1.));
#2662=DIRECTION('',(0.,-1.,0.));
#2663=DIRECTION('center_axis',(0.,-1.,0.));
#2664=DIRECTION('ref_axis',(0.,0.,1.));
#2665=DIRECTION('',(0.,1.,0.));
#2666=DIRECTION('center_axis',(0.,-1.,0.));
#2667=DIRECTION('ref_axis',(0.596277004818828,0.,-0.802778757519335));
#2668=DIRECTION('',(0.,-1.,0.));
#2669=DIRECTION('',(0.,1.,0.));
#2670=DIRECTION('center_axis',(0.,-1.,0.));
#2671=DIRECTION('ref_axis',(-0.0848059244755141,0.,0.996397488542526));
#2672=DIRECTION('',(0.,-1.,0.));
#2673=DIRECTION('center_axis',(0.,-1.,0.));
#2674=DIRECTION('ref_axis',(-0.0848059244755163,0.,0.996397488542526));
#2675=DIRECTION('',(0.,1.,0.));
#2676=DIRECTION('center_axis',(0.,-1.,0.));
#2677=DIRECTION('ref_axis',(0.662209304757876,0.,-0.7493189152104));
#2678=DIRECTION('',(0.,-1.,0.));
#2679=DIRECTION('',(0.,1.,0.));
#2680=DIRECTION('center_axis',(0.,-1.,0.));
#2681=DIRECTION('ref_axis',(-0.169000820321854,0.,0.985615910347708));
#2682=DIRECTION('',(0.,-1.,0.));
#2683=DIRECTION('center_axis',(0.,-1.,0.));
#2684=DIRECTION('ref_axis',(-0.169000820321856,0.,0.985615910347707));
#2685=DIRECTION('',(0.,1.,0.));
#2686=DIRECTION('center_axis',(0.,-1.,0.));
#2687=DIRECTION('ref_axis',(0.723370371481637,0.,-0.690460212946784));
#2688=DIRECTION('',(0.,-1.,0.));
#2689=DIRECTION('',(0.,1.,0.));
#2690=DIRECTION('',(0.,-1.,0.));
#2691=DIRECTION('center_axis',(0.,-1.,0.));
#2692=DIRECTION('ref_axis',(-0.251978061385133,0.,0.967732946933497));
#2693=DIRECTION('',(0.,-1.,0.));
#2694=DIRECTION('center_axis',(0.,-1.,0.));
#2695=DIRECTION('ref_axis',(-0.251978061385132,0.,0.967732946933497));
#2696=DIRECTION('',(0.,1.,0.));
#2697=DIRECTION('center_axis',(0.,-1.,0.));
#2698=DIRECTION('ref_axis',(0.779319538102888,0.,-0.626626729027018));
#2699=DIRECTION('',(0.,-1.,0.));
#2700=DIRECTION('center_axis',(0.,1.,0.));
#2701=DIRECTION('ref_axis',(0.,0.,1.));
#2702=DIRECTION('',(0.,1.,0.));
#2703=DIRECTION('center_axis',(0.,1.,0.));
#2704=DIRECTION('ref_axis',(0.,0.,1.));
#2705=DIRECTION('',(0.,-1.,0.));
#2706=DIRECTION('center_axis',(0.990268068741571,0.,0.139173100960059));
#2707=DIRECTION('ref_axis',(-0.139173100960059,0.,0.990268068741571));
#2708=DIRECTION('',(0.,-1.,0.));
#2709=DIRECTION('center_axis',(0.956304755963033,0.,-0.292371704722744));
#2710=DIRECTION('ref_axis',(0.292371704722744,0.,0.956304755963033));
#2711=DIRECTION('',(0.,1.,0.));
#2712=DIRECTION('center_axis',(0.,1.,0.));
#2713=DIRECTION('ref_axis',(0.,0.,1.));
#2714=DIRECTION('',(0.,-1.,0.));
#2715=DIRECTION('',(0.,-1.,0.));
#2716=DIRECTION('center_axis',(0.,1.,0.));
#2717=DIRECTION('ref_axis',(0.,0.,1.));
#2718=DIRECTION('',(0.,-1.,0.));
#2719=DIRECTION('',(0.,-1.,0.));
#2720=DIRECTION('center_axis',(0.,1.,0.));
#2721=DIRECTION('ref_axis',(0.,0.,1.));
#2722=DIRECTION('',(0.,-1.,0.));
#2723=DIRECTION('',(0.,-1.,0.));
#2724=DIRECTION('center_axis',(0.,1.,0.));
#2725=DIRECTION('ref_axis',(0.,0.,1.));
#2726=DIRECTION('',(0.,-1.,0.));
#2727=DIRECTION('',(0.,-1.,0.));
#2728=DIRECTION('',(0.,1.,0.));
#2729=DIRECTION('center_axis',(0.,-1.,0.));
#2730=DIRECTION('ref_axis',(-0.084805924475505,0.,0.996397488542527));
#2731=DIRECTION('',(0.,-1.,0.));
#2732=DIRECTION('center_axis',(0.,-1.,0.));
#2733=DIRECTION('ref_axis',(-0.0848059244755024,0.,0.996397488542527));
#2734=DIRECTION('',(0.,1.,0.));
#2735=DIRECTION('center_axis',(0.,-1.,0.));
#2736=DIRECTION('ref_axis',(-0.526048515396406,0.,-0.850454560484708));
#2737=DIRECTION('',(0.,-1.,0.));
#2738=DIRECTION('',(0.,-1.,0.));
#2739=DIRECTION('',(0.,1.,0.));
#2740=DIRECTION('center_axis',(0.,-1.,0.));
#2741=DIRECTION('ref_axis',(0.,0.,1.));
#2742=DIRECTION('',(0.,-1.,0.));
#2743=DIRECTION('center_axis',(0.,-1.,0.));
#2744=DIRECTION('ref_axis',(0.,0.,1.));
#2745=DIRECTION('',(0.,1.,0.));
#2746=DIRECTION('center_axis',(0.,-1.,0.));
#2747=DIRECTION('ref_axis',(-0.596277004818828,0.,-0.802778757519335));
#2748=DIRECTION('',(0.,-1.,0.));
#2749=DIRECTION('',(0.,1.,0.));
#2750=DIRECTION('center_axis',(0.,-1.,0.));
#2751=DIRECTION('ref_axis',(0.0848059244755141,0.,0.996397488542526));
#2752=DIRECTION('',(0.,-1.,0.));
#2753=DIRECTION('center_axis',(0.,-1.,0.));
#2754=DIRECTION('ref_axis',(0.0848059244755163,0.,0.996397488542526));
#2755=DIRECTION('',(0.,1.,0.));
#2756=DIRECTION('center_axis',(0.,-1.,0.));
#2757=DIRECTION('ref_axis',(-0.662209304757876,0.,-0.7493189152104));
#2758=DIRECTION('',(0.,-1.,0.));
#2759=DIRECTION('',(0.,1.,0.));
#2760=DIRECTION('center_axis',(0.,-1.,0.));
#2761=DIRECTION('ref_axis',(0.169000820321854,0.,0.985615910347708));
#2762=DIRECTION('',(0.,-1.,0.));
#2763=DIRECTION('center_axis',(0.,-1.,0.));
#2764=DIRECTION('ref_axis',(0.169000820321856,0.,0.985615910347707));
#2765=DIRECTION('',(0.,1.,0.));
#2766=DIRECTION('center_axis',(0.,-1.,0.));
#2767=DIRECTION('ref_axis',(-0.723370371481637,0.,-0.690460212946784));
#2768=DIRECTION('',(0.,-1.,0.));
#2769=DIRECTION('',(0.,1.,0.));
#2770=DIRECTION('',(0.,-1.,0.));
#2771=DIRECTION('center_axis',(0.,-1.,0.));
#2772=DIRECTION('ref_axis',(0.251978061385133,0.,0.967732946933497));
#2773=DIRECTION('',(0.,-1.,0.));
#2774=DIRECTION('center_axis',(0.,-1.,0.));
#2775=DIRECTION('ref_axis',(0.251978061385132,0.,0.967732946933497));
#2776=DIRECTION('',(0.,1.,0.));
#2777=DIRECTION('center_axis',(0.,-1.,0.));
#2778=DIRECTION('ref_axis',(-0.779319538102889,0.,-0.626626729027018));
#2779=DIRECTION('',(0.,-1.,0.));
#2780=DIRECTION('center_axis',(0.,1.,0.));
#2781=DIRECTION('ref_axis',(0.,0.,1.));
#2782=DIRECTION('',(0.,-1.,0.));
#2783=DIRECTION('center_axis',(0.,1.,0.));
#2784=DIRECTION('ref_axis',(0.,0.,1.));
#2785=DIRECTION('',(0.,1.,0.));
#2786=DIRECTION('center_axis',(-1.,0.,0.));
#2787=DIRECTION('ref_axis',(0.,0.,1.));
#2788=DIRECTION('',(0.,-1.,0.));
#2789=DIRECTION('',(0.,1.,0.));
#2790=DIRECTION('center_axis',(-1.23908819712629E-16,0.,-1.));
#2791=DIRECTION('ref_axis',(-1.,0.,1.23908819712629E-16));
#2792=DIRECTION('',(0.,1.,0.));
#2793=DIRECTION('',(0.,-1.,0.));
#2794=DIRECTION('center_axis',(0.,-1.,0.));
#2795=DIRECTION('ref_axis',(0.,0.,-1.));
#2796=DIRECTION('center_axis',(-1.23908819712629E-16,0.,1.));
#2797=DIRECTION('ref_axis',(1.,0.,1.23908819712629E-16));
#2798=DIRECTION('',(0.,-1.,0.));
#2799=DIRECTION('',(0.,1.,0.));
#2800=DIRECTION('center_axis',(-1.,0.,0.));
#2801=DIRECTION('ref_axis',(0.,0.,1.));
#2802=DIRECTION('',(0.,1.,0.));
#2803=DIRECTION('',(0.,-1.,0.));
#2804=DIRECTION('center_axis',(0.,-1.,0.));
#2805=DIRECTION('ref_axis',(0.,0.,-1.));
#2806=DIRECTION('center_axis',(0.,-1.,0.));
#2807=DIRECTION('ref_axis',(0.,0.,-1.));
#2808=DIRECTION('center_axis',(0.,-1.,0.));
#2809=DIRECTION('ref_axis',(0.,0.,-1.));
#2810=DIRECTION('center_axis',(0.,1.,0.));
#2811=DIRECTION('ref_axis',(0.,0.,1.));
#2812=DIRECTION('center_axis',(0.,1.,0.));
#2813=DIRECTION('ref_axis',(0.,0.,1.));
#2814=DIRECTION('center_axis',(0.,-1.,0.));
#2815=DIRECTION('ref_axis',(0.,0.,-1.));
#2816=DIRECTION('center_axis',(0.,1.,0.));
#2817=DIRECTION('ref_axis',(0.,0.,1.));
#2818=DIRECTION('center_axis',(-0.601815023152049,0.,-0.798635510047292));
#2819=DIRECTION('ref_axis',(0.,1.,0.));
#2820=DIRECTION('center_axis',(0.469471562785901,0.,-0.882947592858921));
#2821=DIRECTION('ref_axis',(0.,1.,0.));
#2822=DIRECTION('center_axis',(0.601815023152063,0.,-0.798635510047282));
#2823=DIRECTION('ref_axis',(0.,1.,0.));
#2824=DIRECTION('center_axis',(-0.469471562785883,0.,-0.882947592858931));
#2825=DIRECTION('ref_axis',(0.,1.,0.));
#2826=DIRECTION('center_axis',(0.,1.,0.));
#2827=DIRECTION('ref_axis',(0.,0.,1.));
#2828=DIRECTION('center_axis',(0.,1.,0.));
#2829=DIRECTION('ref_axis',(0.,0.,1.));
#2830=DIRECTION('',(0.,0.,1.));
#2831=DIRECTION('',(1.,0.,0.));
#2832=CARTESIAN_POINT('',(0.,0.,0.));
#2833=CARTESIAN_POINT('',(0.,0.,0.));
#2834=CARTESIAN_POINT('Origin',(-1.00000000000003,0.625000000000001,6.49999999999999));
#2835=CARTESIAN_POINT('',(-2.00000000000003,0.,6.49999999999999));
#2836=CARTESIAN_POINT('',(-1.00000000000003,0.,5.49999999999999));
#2837=CARTESIAN_POINT('Origin',(-1.00000000000003,0.,6.49999999999999));
#2838=CARTESIAN_POINT('',(-1.00000000000003,2.5,5.49999999999999));
#2839=CARTESIAN_POINT('',(-1.00000000000003,0.625000000000001,5.49999999999999));
#2840=CARTESIAN_POINT('',(-2.00000000000003,2.5,6.49999999999999));
#2841=CARTESIAN_POINT('Origin',(-1.00000000000003,2.5,6.49999999999999));
#2842=CARTESIAN_POINT('',(-2.00000000000003,0.625000000000001,6.49999999999999));
#2843=CARTESIAN_POINT('Origin',(-2.55351295663786E-14,1.25,5.49999999999999));
#2844=CARTESIAN_POINT('',(0.999999999999974,0.,5.49999999999999));
#2845=CARTESIAN_POINT('',(-1.27675647831893E-14,0.,5.49999999999999));
#2846=CARTESIAN_POINT('',(0.999999999999974,2.5,5.49999999999999));
#2847=CARTESIAN_POINT('',(0.999999999999974,1.875,5.49999999999999));
#2848=CARTESIAN_POINT('',(-1.27675647831893E-14,2.5,5.49999999999999));
#2849=CARTESIAN_POINT('Origin',(0.999999999999974,1.875,6.49999999999999));
#2850=CARTESIAN_POINT('',(1.99999999999997,2.5,6.49999999999999));
#2851=CARTESIAN_POINT('Origin',(0.999999999999974,2.5,6.49999999999999));
#2852=CARTESIAN_POINT('',(1.99999999999997,0.,6.49999999999999));
#2853=CARTESIAN_POINT('Origin',(0.999999999999974,0.,6.49999999999999));
#2854=CARTESIAN_POINT('',(1.99999999999997,1.875,6.49999999999999));
#2855=CARTESIAN_POINT('Origin',(1.99999999999997,2.5,7.99999999999999));
#2856=CARTESIAN_POINT('',(1.99999999999998,0.,7.99999999999999));
#2857=CARTESIAN_POINT('',(1.99999999999997,0.,4.));
#2858=CARTESIAN_POINT('',(1.99999999999997,2.5,7.99999999999999));
#2859=CARTESIAN_POINT('',(1.99999999999998,2.5,8.));
#2860=CARTESIAN_POINT('',(1.99999999999997,2.5,4.));
#2861=CARTESIAN_POINT('Origin',(-2.00000000000003,0.,7.99999999999999));
#2862=CARTESIAN_POINT('',(-2.00000000000003,2.5,7.99999999999999));
#2863=CARTESIAN_POINT('',(-2.00000000000003,2.5,4.));
#2864=CARTESIAN_POINT('',(-2.00000000000003,0.,7.99999999999999));
#2865=CARTESIAN_POINT('',(-2.00000000000003,1.25,8.));
#2866=CARTESIAN_POINT('',(-2.00000000000003,0.,4.));
#2867=CARTESIAN_POINT('Origin',(-28.,2.5,8.));
#2868=CARTESIAN_POINT('',(-19.,2.5,8.));
#2869=CARTESIAN_POINT('',(-28.,2.5,8.));
#2870=CARTESIAN_POINT('',(-19.,0.,8.));
#2871=CARTESIAN_POINT('',(-19.,0.,8.));
#2872=CARTESIAN_POINT('',(-28.,0.,8.));
#2873=CARTESIAN_POINT('Origin',(-28.,2.5,8.));
#2874=CARTESIAN_POINT('',(19.,0.,8.));
#2875=CARTESIAN_POINT('',(-28.,0.,8.));
#2876=CARTESIAN_POINT('',(19.,2.5,8.));
#2877=CARTESIAN_POINT('',(19.,2.5,8.));
#2878=CARTESIAN_POINT('',(-28.,2.5,8.));
#2879=CARTESIAN_POINT('Origin',(0.,0.,0.));
#2880=CARTESIAN_POINT('',(-21.,0.,6.));
#2881=CARTESIAN_POINT('Origin',(-19.,0.,6.));
#2882=CARTESIAN_POINT('',(-21.,0.,4.));
#2883=CARTESIAN_POINT('',(-21.,0.,8.));
#2884=CARTESIAN_POINT('',(-24.,0.,1.));
#2885=CARTESIAN_POINT('Origin',(-24.,0.,4.));
#2886=CARTESIAN_POINT('',(-26.,0.,1.));
#2887=CARTESIAN_POINT('',(-28.,0.,1.));
#2888=CARTESIAN_POINT('',(-28.,0.,-1.));
#2889=CARTESIAN_POINT('Origin',(-26.,0.,-1.));
#2890=CARTESIAN_POINT('',(-28.,0.,-4.));
#2891=CARTESIAN_POINT('',(-28.,0.,-8.));
#2892=CARTESIAN_POINT('',(-27.,0.,-5.));
#2893=CARTESIAN_POINT('Origin',(-27.,0.,-4.));
#2894=CARTESIAN_POINT('',(-19.1811457478686,0.,-5.));
#2895=CARTESIAN_POINT('',(8.45793826127912E-16,0.,-4.99999999999999));
#2896=CARTESIAN_POINT('',(-16.6207638319124,0.,-4.66666666666666));
#2897=CARTESIAN_POINT('Origin',(-19.1811457478686,0.,5.));
#2898=CARTESIAN_POINT('',(-14.2834620192012,0.,-4.19463862516857));
#2899=CARTESIAN_POINT('Origin',(-11.5,0.,-24.));
#2900=CARTESIAN_POINT('',(-14.1860408485291,0.,-4.88782627328767));
#2901=CARTESIAN_POINT('',(-14.5849030214492,0.,-2.0497744446878));
#2902=CARTESIAN_POINT('',(-13.8444902412156,0.,-5.14520311674387));
#2903=CARTESIAN_POINT('',(-14.1860408485291,0.,-4.88782627328767));
#2904=CARTESIAN_POINT('',(-13.8351325061507,8.67361737988404E-16,-5.14404189178609));
#2905=CARTESIAN_POINT('Origin',(-11.5,0.,-24.));
#2906=CARTESIAN_POINT('',(-13.3692107642693,8.67361737988404E-16,-6.08296082208144));
#2907=CARTESIAN_POINT('Ctrl Pts',(-13.3692107642693,8.67361737988404E-16,
-6.08296082208144));
#2908=CARTESIAN_POINT('Ctrl Pts',(-13.3720730620944,8.67361737988404E-16,
-6.0755614530524));
#2909=CARTESIAN_POINT('Ctrl Pts',(-13.4136453797989,8.67361737988404E-16,
-5.96881377666155));
#2910=CARTESIAN_POINT('Ctrl Pts',(-13.5009796387746,8.67361737988404E-16,
-5.76439054918338));
#2911=CARTESIAN_POINT('Ctrl Pts',(-13.6164088630354,8.67361737988404E-16,
-5.52861333272693));
#2912=CARTESIAN_POINT('Ctrl Pts',(-13.7395938340188,8.67361737988404E-16,
-5.30593029940549));
#2913=CARTESIAN_POINT('Ctrl Pts',(-13.8145196190719,8.67361737988404E-16,
-5.17853523776245));
#2914=CARTESIAN_POINT('Ctrl Pts',(-13.8351325061507,8.67361737988404E-16,
-5.14404189178609));
#2915=CARTESIAN_POINT('',(-13.1742111045787,0.,-6.20357782650385));
#2916=CARTESIAN_POINT('Origin',(-13.192006914921,0.,-6.01441305934502));
#2917=CARTESIAN_POINT('',(-13.0827163219535,0.,-6.19520755402575));
#2918=CARTESIAN_POINT('Origin',(-11.5,0.,-24.));
#2919=CARTESIAN_POINT('',(-12.9128393624272,0.,-6.04121032139681));
#2920=CARTESIAN_POINT('Origin',(-13.0995396003407,0.,-6.00595381613849));
#2921=CARTESIAN_POINT('',(-12.6250172665844,8.67361737988404E-16,-5.03333618819886));
#2922=CARTESIAN_POINT('Ctrl Pts',(-12.9128393624272,0.,-6.04121032139681));
#2923=CARTESIAN_POINT('Ctrl Pts',(-12.9113671828214,8.67361737988404E-16,
-6.03341441875015));
#2924=CARTESIAN_POINT('Ctrl Pts',(-12.8898541663871,8.67361737988404E-16,
-5.92089546862146));
#2925=CARTESIAN_POINT('Ctrl Pts',(-12.8410619313042,8.67361737988404E-16,
-5.70401889884258));
#2926=CARTESIAN_POINT('Ctrl Pts',(-12.7703302333996,8.67361737988404E-16,
-5.45121101026918));
#2927=CARTESIAN_POINT('Ctrl Pts',(-12.689595609408,8.67361737988404E-16,
-5.20987267743676));
#2928=CARTESIAN_POINT('Ctrl Pts',(-12.6390292185149,8.67361737988404E-16,
-5.07099713924192));
#2929=CARTESIAN_POINT('Ctrl Pts',(-12.6250172665844,8.67361737988404E-16,
-5.03333618819886));
#2930=CARTESIAN_POINT('',(-12.2276232053042,8.67361737988404E-16,-5.01393762595565));
#2931=CARTESIAN_POINT('Origin',(-11.5,0.,-24.));
#2932=CARTESIAN_POINT('',(-11.8430058397274,8.67361737988404E-16,-5.98898701410047));
#2933=CARTESIAN_POINT('Ctrl Pts',(-11.8430058397274,8.67361737988404E-16,
-5.98898701410047));
#2934=CARTESIAN_POINT('Ctrl Pts',(-11.8452303157608,8.67361737988404E-16,
-5.98137156156994));
#2935=CARTESIAN_POINT('Ctrl Pts',(-11.8776000333325,8.67361737988404E-16,
-5.87148286607084));
#2936=CARTESIAN_POINT('Ctrl Pts',(-11.9472833688491,8.67361737988404E-16,
-5.66038961304101));
#2937=CARTESIAN_POINT('Ctrl Pts',(-12.0423014531951,8.67361737988404E-16,
-5.41567270463332));
#2938=CARTESIAN_POINT('Ctrl Pts',(-12.1461578084033,8.67361737988404E-16,
-5.18334507414508));
#2939=CARTESIAN_POINT('Ctrl Pts',(-12.210009816481,8.67361737988404E-16,
-5.05005480420276));
#2940=CARTESIAN_POINT('Ctrl Pts',(-12.2276232053042,8.67361737988404E-16,
-5.01393762595565));
#2941=CARTESIAN_POINT('',(-11.6589377051125,0.,-6.12570662079495));
#2942=CARTESIAN_POINT('Origin',(-11.6606271128871,0.,-5.93571413172928));
#2943=CARTESIAN_POINT('',(-11.5670626847945,0.,-6.12512580194456));
#2944=CARTESIAN_POINT('Origin',(-11.5,0.,-24.));
#2945=CARTESIAN_POINT('',(-11.3847378312814,0.,-5.98608991871031));
#2946=CARTESIAN_POINT('Origin',(-11.5677755189266,0.,-5.93512713914007));
#2947=CARTESIAN_POINT('',(-11.0124789202158,8.67361737988404E-16,-5.00625568254732));
#2948=CARTESIAN_POINT('Ctrl Pts',(-11.3847378312814,0.,-5.98608991871031));
#2949=CARTESIAN_POINT('Ctrl Pts',(-11.3826098164885,8.67361737988404E-16,
-5.97844695044471));
#2950=CARTESIAN_POINT('Ctrl Pts',(-11.3516320273557,8.67361737988404E-16,
-5.86815778237002));
#2951=CARTESIAN_POINT('Ctrl Pts',(-11.2846231488615,8.67361737988404E-16,
-5.65620038352205));
#2952=CARTESIAN_POINT('Ctrl Pts',(-11.1927066560039,8.67361737988404E-16,
-5.4103017052943));
#2953=CARTESIAN_POINT('Ctrl Pts',(-11.091795958993,8.67361737988404E-16,
-5.17667957099582));
#2954=CARTESIAN_POINT('Ctrl Pts',(-11.0296342656988,8.67361737988404E-16,
-5.04259266304557));
#2955=CARTESIAN_POINT('Ctrl Pts',(-11.0124789202158,8.67361737988404E-16,
-5.00625568254732));
#2956=CARTESIAN_POINT('',(-10.6148713625897,8.67361737988404E-16,-5.0206283745948));
#2957=CARTESIAN_POINT('Origin',(-11.5,0.,-24.));
#2958=CARTESIAN_POINT('',(-10.31432955025,8.67361737988404E-16,-6.0247829674043));
#2959=CARTESIAN_POINT('Ctrl Pts',(-10.31432955025,8.67361737988404E-16,
-6.0247829674043));
#2960=CARTESIAN_POINT('Ctrl Pts',(-10.3159001770909,8.67361737988404E-16,
-6.01700630088228));
#2961=CARTESIAN_POINT('Ctrl Pts',(-10.3388340699729,8.67361737988404E-16,
-5.90476833684408));
#2962=CARTESIAN_POINT('Ctrl Pts',(-10.3903644120012,8.67361737988404E-16,
-5.68852598998787));
#2963=CARTESIAN_POINT('Ctrl Pts',(-10.4642867489574,8.67361737988404E-16,
-5.4366325805617));
#2964=CARTESIAN_POINT('Ctrl Pts',(-10.5480662009712,8.67361737988404E-16,
-5.1963342788081));
#2965=CARTESIAN_POINT('Ctrl Pts',(-10.6003843768922,8.67361737988404E-16,
-5.05810916001576));
#2966=CARTESIAN_POINT('Ctrl Pts',(-10.6148713625897,8.67361737988404E-16,
-5.0206283745948));
#2967=CARTESIAN_POINT('',(-10.1425191558387,0.,-6.1766201084717));
#2968=CARTESIAN_POINT('Origin',(-10.1280899888239,0.,-5.98716879773659));
#2969=CARTESIAN_POINT('',(-10.0509258594545,0.,-6.18383292806215));
#2970=CARTESIAN_POINT('Origin',(-11.5,0.,-24.));
#2971=CARTESIAN_POINT('',(-9.85746676670226,0.,-6.06076015094729));
#2972=CARTESIAN_POINT('Origin',(-10.0355231133452,0.,-5.99445828505976));
#2973=CARTESIAN_POINT('',(-9.40345317439833,8.67361737988404E-16,-5.11602553994367));
#2974=CARTESIAN_POINT('Ctrl Pts',(-9.85746676670226,0.,-6.06076015094729));
#2975=CARTESIAN_POINT('Ctrl Pts',(-9.85469824911746,8.67361737988403E-16,
-6.05332518482426));
#2976=CARTESIAN_POINT('Ctrl Pts',(-9.81447888296673,8.67361737988404E-16,
-5.9460604347868));
#2977=CARTESIAN_POINT('Ctrl Pts',(-9.72973616156641,8.67361737988404E-16,
-5.74054936478544));
#2978=CARTESIAN_POINT('Ctrl Pts',(-9.61729713419298,8.67361737988404E-16,
-5.50333160251472));
#2979=CARTESIAN_POINT('Ctrl Pts',(-9.49693742804711,8.67361737988404E-16,
-5.27910891958125));
#2980=CARTESIAN_POINT('Ctrl Pts',(-9.42362830877646,8.67361737988404E-16,
-5.15077674111996));
#2981=CARTESIAN_POINT('Ctrl Pts',(-9.40345317439833,8.67361737988404E-16,
-5.11602553994367));
#2982=CARTESIAN_POINT('',(-9.00849689199057,8.67361737988404E-16,-5.1640659307063));
#2983=CARTESIAN_POINT('Origin',(-11.5,0.,-24.));
#2984=CARTESIAN_POINT('',(-8.79419604353285,8.67361737988404E-16,-6.19009077132914));
#2985=CARTESIAN_POINT('Ctrl Pts',(-8.79419604353285,8.67361737988404E-16,
-6.19009077132914));
#2986=CARTESIAN_POINT('Ctrl Pts',(-8.7951015047788,8.67361737988404E-16,
-6.18220892187612));
#2987=CARTESIAN_POINT('Ctrl Pts',(-8.80843433374744,8.67361737988404E-16,
-6.06843036640166));
#2988=CARTESIAN_POINT('Ctrl Pts',(-8.84144040499224,8.67361737988404E-16,
-5.84859695678333));
#2989=CARTESIAN_POINT('Ctrl Pts',(-8.89373438242693,8.67361737988404E-16,
-5.59134194412572));
#2990=CARTESIAN_POINT('Ctrl Pts',(-8.95683329837487,8.67361737988404E-16,
-5.34480432587731));
#2991=CARTESIAN_POINT('Ctrl Pts',(-8.99724068848277,8.67361737988404E-16,
-5.20264027338328));
#2992=CARTESIAN_POINT('Ctrl Pts',(-9.00849689199057,8.67361737988404E-16,
-5.1640659307063));
#2993=CARTESIAN_POINT('',(-8.63588128715387,0.,-6.35595145668873));
#2994=CARTESIAN_POINT('Origin',(-8.60543750782852,0.,-6.16840632531927));
#2995=CARTESIAN_POINT('',(-8.54522964650272,0.,-6.37090594618959));
#2996=CARTESIAN_POINT('Origin',(-11.5,0.,-24.));
#2997=CARTESIAN_POINT('',(-8.34203019170769,0.,-6.26468301737343));
#2998=CARTESIAN_POINT('Origin',(-8.51382229729072,0.,-6.18351977163162));
#2999=CARTESIAN_POINT('',(-7.80953309650171,8.67361737988404E-16,-5.36185486605001));
#3000=CARTESIAN_POINT('Ctrl Pts',(-8.34203019170769,0.,-6.26468301737343));
#3001=CARTESIAN_POINT('Ctrl Pts',(-8.33864111856369,8.67361737988404E-16,
-6.25750962249425));
#3002=CARTESIAN_POINT('Ctrl Pts',(-8.28946995684977,8.67361737988404E-16,
-6.15404213547602));
#3003=CARTESIAN_POINT('Ctrl Pts',(-8.18760396579282,8.67361737988404E-16,
-5.9564581062899));
#3004=CARTESIAN_POINT('Ctrl Pts',(-8.05545252967239,8.67361737988404E-16,
-5.72963041938921));
#3005=CARTESIAN_POINT('Ctrl Pts',(-7.91651100883238,8.67361737988404E-16,
-5.51642271738933));
#3006=CARTESIAN_POINT('Ctrl Pts',(-7.83258265746947,8.67361737988404E-16,
-5.39476990470355));
#3007=CARTESIAN_POINT('Ctrl Pts',(-7.80953309650171,8.67361737988404E-16,
-5.36185486605001));
#3008=CARTESIAN_POINT('',(-7.42007375837731,8.67361737988404E-16,-5.44321682341148));
#3009=CARTESIAN_POINT('Origin',(-11.5,0.,-24.));
#3010=CARTESIAN_POINT('',(-7.29355791632536,8.67361737988404E-16,-6.48371937935968));
#3011=CARTESIAN_POINT('Ctrl Pts',(-7.29355791632536,8.67361737988404E-16,
-6.48371937935968));
#3012=CARTESIAN_POINT('Ctrl Pts',(-7.29379168810736,8.67361737988404E-16,
-6.47578913588158));
#3013=CARTESIAN_POINT('Ctrl Pts',(-7.29742738982438,8.67361737988404E-16,
-6.36128976607027));
#3014=CARTESIAN_POINT('Ctrl Pts',(-7.31167138078607,8.67361737988404E-16,
-6.13944919844361));
#3015=CARTESIAN_POINT('Ctrl Pts',(-7.34196021939351,8.67361737988404E-16,
-5.87868611081574));
#3016=CARTESIAN_POINT('Ctrl Pts',(-7.38392397014024,8.67361737988404E-16,
-5.6276854852614));
#3017=CARTESIAN_POINT('Ctrl Pts',(-7.41212943826337,8.67361737988404E-16,
-5.48260679432157));
#3018=CARTESIAN_POINT('Ctrl Pts',(-7.42007375837731,8.67361737988404E-16,
-5.44321682341148));
#3019=CARTESIAN_POINT('',(-7.14987945942619,0.,-6.66240857897275));
#3020=CARTESIAN_POINT('Origin',(-7.10364041591799,0.,-6.47812089393806));
#3021=CARTESIAN_POINT('',(-7.0608226216563,0.,-6.68499699094449));
#3022=CARTESIAN_POINT('Origin',(-11.5,0.,-24.));
#3023=CARTESIAN_POINT('',(-6.84934686154657,0.,-6.59638924906325));
#3024=CARTESIAN_POINT('Origin',(-7.01363696001237,0.,-6.50094940651258));
#3025=CARTESIAN_POINT('',(-6.24220291721164,8.67361737988404E-16,-5.74197245493856));
#3026=CARTESIAN_POINT('Ctrl Pts',(-6.84934686154657,0.,-6.59638924906325));
#3027=CARTESIAN_POINT('Ctrl Pts',(-6.84536165119304,8.67361737988404E-16,
-6.5895291099024));
#3028=CARTESIAN_POINT('Ctrl Pts',(-6.78759297326284,8.67361737988404E-16,
-6.49060437151831));
#3029=CARTESIAN_POINT('Ctrl Pts',(-6.66933765934908,8.67361737988404E-16,
-6.30237098060534));
#3030=CARTESIAN_POINT('Ctrl Pts',(-6.51842596860714,8.67361737988404E-16,
-6.08756766775654));
#3031=CARTESIAN_POINT('Ctrl Pts',(-6.36190370991447,8.67361737988404E-16,
-5.88691111306881));
#3032=CARTESIAN_POINT('Ctrl Pts',(-6.26796083215409,8.67361737988404E-16,
-5.7728141774616));
#3033=CARTESIAN_POINT('Ctrl Pts',(-6.24220291721164,8.67361737988404E-16,
-5.74197245493856));
#3034=CARTESIAN_POINT('',(-6.23483426023763,0.,-5.74409603079506));
#3035=CARTESIAN_POINT('Origin',(-11.5,0.,-24.));
#3036=CARTESIAN_POINT('',(-5.85722609885103,0.,-5.54331820991346));
#3037=CARTESIAN_POINT('',(-6.23483426023763,0.,-5.74409603079507));
#3038=CARTESIAN_POINT('',(-5.65256590554511,0.,-4.87390488073933));
#3039=CARTESIAN_POINT('',(-3.80665120054232,0.,1.16381006561726));
#3040=CARTESIAN_POINT('',(-3.83333333333333,0.,-5.52779866333678));
#3041=CARTESIAN_POINT('Origin',(-11.5,0.,-24.));
#3042=CARTESIAN_POINT('',(3.83333333333333,0.,-5.52779866333678));
#3043=CARTESIAN_POINT('Origin',(0.,0.,3.70830200499483));
#3044=CARTESIAN_POINT('',(5.65256590554511,0.,-4.87390488073933));
#3045=CARTESIAN_POINT('Origin',(11.5,0.,-24.));
#3046=CARTESIAN_POINT('',(5.85722609885104,0.,-5.54331820991347));
#3047=CARTESIAN_POINT('',(3.80665120054232,0.,1.16381006561726));
#3048=CARTESIAN_POINT('',(6.23483426023762,0.,-5.74409603079506));
#3049=CARTESIAN_POINT('',(5.85722609885104,0.,-5.54331820991347));
#3050=CARTESIAN_POINT('',(6.24220291721164,8.67361737988404E-16,-5.74197245493856));
#3051=CARTESIAN_POINT('Origin',(11.5,0.,-24.));
#3052=CARTESIAN_POINT('',(6.84934686154657,0.,-6.59638924906325));
#3053=CARTESIAN_POINT('Ctrl Pts',(6.84934686154657,0.,-6.59638924906325));
#3054=CARTESIAN_POINT('Ctrl Pts',(6.84536165119304,8.67361737988404E-16,
-6.5895291099024));
#3055=CARTESIAN_POINT('Ctrl Pts',(6.78759297326284,8.67361737988404E-16,
-6.49060437151831));
#3056=CARTESIAN_POINT('Ctrl Pts',(6.66933765934908,8.67361737988404E-16,
-6.30237098060534));
#3057=CARTESIAN_POINT('Ctrl Pts',(6.51842596860714,8.67361737988404E-16,
-6.08756766775654));
#3058=CARTESIAN_POINT('Ctrl Pts',(6.36190370991447,8.67361737988404E-16,
-5.88691111306881));
#3059=CARTESIAN_POINT('Ctrl Pts',(6.26796083215409,8.67361737988404E-16,
-5.7728141774616));
#3060=CARTESIAN_POINT('Ctrl Pts',(6.24220291721164,8.67361737988404E-16,
-5.74197245493856));
#3061=CARTESIAN_POINT('',(7.0608226216563,0.,-6.68499699094449));
#3062=CARTESIAN_POINT('Origin',(7.01363696001237,0.,-6.50094940651258));
#3063=CARTESIAN_POINT('',(7.14987945942619,0.,-6.66240857897275));
#3064=CARTESIAN_POINT('Origin',(11.5,0.,-24.));
#3065=CARTESIAN_POINT('',(7.29355791632536,8.67361737988404E-16,-6.48371937935968));
#3066=CARTESIAN_POINT('Origin',(7.10364041591799,0.,-6.47812089393806));
#3067=CARTESIAN_POINT('',(7.42007375837731,8.67361737988404E-16,-5.44321682341148));
#3068=CARTESIAN_POINT('Ctrl Pts',(7.29355791632536,8.67361737988404E-16,
-6.48371937935968));
#3069=CARTESIAN_POINT('Ctrl Pts',(7.29379168810736,8.67361737988404E-16,
-6.47578913588158));
#3070=CARTESIAN_POINT('Ctrl Pts',(7.29742738982438,8.67361737988404E-16,
-6.36128976607027));
#3071=CARTESIAN_POINT('Ctrl Pts',(7.31167138078607,8.67361737988404E-16,
-6.13944919844361));
#3072=CARTESIAN_POINT('Ctrl Pts',(7.34196021939351,8.67361737988404E-16,
-5.87868611081574));
#3073=CARTESIAN_POINT('Ctrl Pts',(7.38392397014024,8.67361737988404E-16,
-5.6276854852614));
#3074=CARTESIAN_POINT('Ctrl Pts',(7.41212943826337,8.67361737988404E-16,
-5.48260679432157));
#3075=CARTESIAN_POINT('Ctrl Pts',(7.42007375837731,8.67361737988404E-16,
-5.44321682341148));
#3076=CARTESIAN_POINT('',(7.80953309650171,8.67361737988404E-16,-5.36185486605001));
#3077=CARTESIAN_POINT('Origin',(11.5,0.,-24.));
#3078=CARTESIAN_POINT('',(8.34203019170769,0.,-6.26468301737343));
#3079=CARTESIAN_POINT('Ctrl Pts',(8.34203019170769,0.,-6.26468301737343));
#3080=CARTESIAN_POINT('Ctrl Pts',(8.33864111856369,8.67361737988404E-16,
-6.25750962249425));
#3081=CARTESIAN_POINT('Ctrl Pts',(8.28946995684977,8.67361737988404E-16,
-6.15404213547602));
#3082=CARTESIAN_POINT('Ctrl Pts',(8.18760396579282,8.67361737988404E-16,
-5.9564581062899));
#3083=CARTESIAN_POINT('Ctrl Pts',(8.05545252967239,8.67361737988404E-16,
-5.72963041938921));
#3084=CARTESIAN_POINT('Ctrl Pts',(7.91651100883238,8.67361737988404E-16,
-5.51642271738933));
#3085=CARTESIAN_POINT('Ctrl Pts',(7.83258265746947,8.67361737988404E-16,
-5.39476990470355));
#3086=CARTESIAN_POINT('Ctrl Pts',(7.80953309650171,8.67361737988404E-16,
-5.36185486605001));
#3087=CARTESIAN_POINT('',(8.54522964650272,0.,-6.37090594618959));
#3088=CARTESIAN_POINT('Origin',(8.51382229729072,0.,-6.18351977163162));
#3089=CARTESIAN_POINT('',(8.63588128715387,0.,-6.35595145668873));
#3090=CARTESIAN_POINT('Origin',(11.5,0.,-24.));
#3091=CARTESIAN_POINT('',(8.79419604353285,8.67361737988404E-16,-6.19009077132914));
#3092=CARTESIAN_POINT('Origin',(8.60543750782852,0.,-6.16840632531927));
#3093=CARTESIAN_POINT('',(9.00849689199057,8.67361737988404E-16,-5.1640659307063));
#3094=CARTESIAN_POINT('Ctrl Pts',(8.79419604353285,8.67361737988404E-16,
-6.19009077132914));
#3095=CARTESIAN_POINT('Ctrl Pts',(8.7951015047788,8.67361737988404E-16,
-6.18220892187612));
#3096=CARTESIAN_POINT('Ctrl Pts',(8.80843433374744,8.67361737988404E-16,
-6.06843036640166));
#3097=CARTESIAN_POINT('Ctrl Pts',(8.84144040499224,8.67361737988404E-16,
-5.84859695678333));
#3098=CARTESIAN_POINT('Ctrl Pts',(8.89373438242693,8.67361737988404E-16,
-5.59134194412572));
#3099=CARTESIAN_POINT('Ctrl Pts',(8.95683329837487,8.67361737988404E-16,
-5.34480432587731));
#3100=CARTESIAN_POINT('Ctrl Pts',(8.99724068848277,8.67361737988404E-16,
-5.20264027338328));
#3101=CARTESIAN_POINT('Ctrl Pts',(9.00849689199057,8.67361737988404E-16,
-5.1640659307063));
#3102=CARTESIAN_POINT('',(9.40345317439833,8.67361737988404E-16,-5.11602553994367));
#3103=CARTESIAN_POINT('Origin',(11.5,0.,-24.));
#3104=CARTESIAN_POINT('',(9.85746676670226,0.,-6.06076015094729));
#3105=CARTESIAN_POINT('Ctrl Pts',(9.85746676670226,0.,-6.06076015094729));
#3106=CARTESIAN_POINT('Ctrl Pts',(9.85469824911746,8.67361737988403E-16,
-6.05332518482426));
#3107=CARTESIAN_POINT('Ctrl Pts',(9.81447888296673,8.67361737988404E-16,
-5.9460604347868));
#3108=CARTESIAN_POINT('Ctrl Pts',(9.72973616156641,8.67361737988404E-16,
-5.74054936478544));
#3109=CARTESIAN_POINT('Ctrl Pts',(9.61729713419298,8.67361737988404E-16,
-5.50333160251472));
#3110=CARTESIAN_POINT('Ctrl Pts',(9.49693742804711,8.67361737988404E-16,
-5.27910891958125));
#3111=CARTESIAN_POINT('Ctrl Pts',(9.42362830877646,8.67361737988404E-16,
-5.15077674111996));
#3112=CARTESIAN_POINT('Ctrl Pts',(9.40345317439833,8.67361737988404E-16,
-5.11602553994367));
#3113=CARTESIAN_POINT('',(10.0509258594545,0.,-6.18383292806215));
#3114=CARTESIAN_POINT('Origin',(10.0355231133452,0.,-5.99445828505976));
#3115=CARTESIAN_POINT('',(10.1425191558387,0.,-6.1766201084717));
#3116=CARTESIAN_POINT('Origin',(11.5,0.,-24.));
#3117=CARTESIAN_POINT('',(10.31432955025,8.67361737988404E-16,-6.0247829674043));
#3118=CARTESIAN_POINT('Origin',(10.1280899888239,0.,-5.98716879773659));
#3119=CARTESIAN_POINT('',(10.6148713625897,8.67361737988404E-16,-5.0206283745948));
#3120=CARTESIAN_POINT('Ctrl Pts',(10.31432955025,8.67361737988404E-16,-6.0247829674043));
#3121=CARTESIAN_POINT('Ctrl Pts',(10.3159001770909,8.67361737988404E-16,
-6.01700630088228));
#3122=CARTESIAN_POINT('Ctrl Pts',(10.3388340699729,8.67361737988404E-16,
-5.90476833684408));
#3123=CARTESIAN_POINT('Ctrl Pts',(10.3903644120012,8.67361737988404E-16,
-5.68852598998787));
#3124=CARTESIAN_POINT('Ctrl Pts',(10.4642867489574,8.67361737988404E-16,
-5.4366325805617));
#3125=CARTESIAN_POINT('Ctrl Pts',(10.5480662009712,8.67361737988404E-16,
-5.1963342788081));
#3126=CARTESIAN_POINT('Ctrl Pts',(10.6003843768922,8.67361737988404E-16,
-5.05810916001576));
#3127=CARTESIAN_POINT('Ctrl Pts',(10.6148713625897,8.67361737988404E-16,
-5.0206283745948));
#3128=CARTESIAN_POINT('',(11.0124789202158,8.67361737988404E-16,-5.00625568254732));
#3129=CARTESIAN_POINT('Origin',(11.5,0.,-24.));
#3130=CARTESIAN_POINT('',(11.3847378312814,0.,-5.98608991871031));
#3131=CARTESIAN_POINT('Ctrl Pts',(11.3847378312814,0.,-5.98608991871031));
#3132=CARTESIAN_POINT('Ctrl Pts',(11.3826098164885,8.67361737988404E-16,
-5.97844695044471));
#3133=CARTESIAN_POINT('Ctrl Pts',(11.3516320273557,8.67361737988404E-16,
-5.86815778237002));
#3134=CARTESIAN_POINT('Ctrl Pts',(11.2846231488615,8.67361737988404E-16,
-5.65620038352205));
#3135=CARTESIAN_POINT('Ctrl Pts',(11.1927066560039,8.67361737988404E-16,
-5.4103017052943));
#3136=CARTESIAN_POINT('Ctrl Pts',(11.091795958993,8.67361737988404E-16,
-5.17667957099582));
#3137=CARTESIAN_POINT('Ctrl Pts',(11.0296342656988,8.67361737988404E-16,
-5.04259266304557));
#3138=CARTESIAN_POINT('Ctrl Pts',(11.0124789202158,8.67361737988404E-16,
-5.00625568254732));
#3139=CARTESIAN_POINT('',(11.5670626847945,0.,-6.12512580194456));
#3140=CARTESIAN_POINT('Origin',(11.5677755189266,0.,-5.93512713914007));
#3141=CARTESIAN_POINT('',(11.6589377051125,0.,-6.12570662079495));
#3142=CARTESIAN_POINT('Origin',(11.5,0.,-24.));
#3143=CARTESIAN_POINT('',(11.8430058397274,8.67361737988404E-16,-5.98898701410047));
#3144=CARTESIAN_POINT('Origin',(11.6606271128871,0.,-5.93571413172928));
#3145=CARTESIAN_POINT('',(12.2276232053042,8.67361737988404E-16,-5.01393762595565));
#3146=CARTESIAN_POINT('Ctrl Pts',(11.8430058397274,8.67361737988404E-16,
-5.98898701410047));
#3147=CARTESIAN_POINT('Ctrl Pts',(11.8452303157608,8.67361737988404E-16,
-5.98137156156994));
#3148=CARTESIAN_POINT('Ctrl Pts',(11.8776000333325,8.67361737988404E-16,
-5.87148286607084));
#3149=CARTESIAN_POINT('Ctrl Pts',(11.9472833688491,8.67361737988404E-16,
-5.66038961304101));
#3150=CARTESIAN_POINT('Ctrl Pts',(12.0423014531951,8.67361737988404E-16,
-5.41567270463332));
#3151=CARTESIAN_POINT('Ctrl Pts',(12.1461578084033,8.67361737988404E-16,
-5.18334507414508));
#3152=CARTESIAN_POINT('Ctrl Pts',(12.210009816481,8.67361737988404E-16,
-5.05005480420276));
#3153=CARTESIAN_POINT('Ctrl Pts',(12.2276232053042,8.67361737988404E-16,
-5.01393762595565));
#3154=CARTESIAN_POINT('',(12.6250172665844,8.67361737988404E-16,-5.03333618819886));
#3155=CARTESIAN_POINT('Origin',(11.5,0.,-24.));
#3156=CARTESIAN_POINT('',(12.9128393624272,0.,-6.04121032139681));
#3157=CARTESIAN_POINT('Ctrl Pts',(12.9128393624272,0.,-6.04121032139681));
#3158=CARTESIAN_POINT('Ctrl Pts',(12.9113671828214,8.67361737988404E-16,
-6.03341441875015));
#3159=CARTESIAN_POINT('Ctrl Pts',(12.8898541663871,8.67361737988404E-16,
-5.92089546862146));
#3160=CARTESIAN_POINT('Ctrl Pts',(12.8410619313042,8.67361737988404E-16,
-5.70401889884258));
#3161=CARTESIAN_POINT('Ctrl Pts',(12.7703302333996,8.67361737988404E-16,
-5.45121101026918));
#3162=CARTESIAN_POINT('Ctrl Pts',(12.689595609408,8.67361737988404E-16,
-5.20987267743676));
#3163=CARTESIAN_POINT('Ctrl Pts',(12.6390292185149,8.67361737988404E-16,
-5.07099713924192));
#3164=CARTESIAN_POINT('Ctrl Pts',(12.6250172665844,8.67361737988404E-16,
-5.03333618819886));
#3165=CARTESIAN_POINT('',(13.0827163219535,0.,-6.19520755402575));
#3166=CARTESIAN_POINT('Origin',(13.0995396003407,0.,-6.00595381613849));
#3167=CARTESIAN_POINT('',(13.1742111045787,0.,-6.20357782650385));
#3168=CARTESIAN_POINT('Origin',(11.5,0.,-24.));
#3169=CARTESIAN_POINT('',(13.3692107642693,8.67361737988404E-16,-6.08296082208144));
#3170=CARTESIAN_POINT('Origin',(13.192006914921,0.,-6.01441305934502));
#3171=CARTESIAN_POINT('',(13.8351325061507,8.67361737988404E-16,-5.14404189178609));
#3172=CARTESIAN_POINT('Ctrl Pts',(13.3692107642693,8.67361737988404E-16,
-6.08296082208144));
#3173=CARTESIAN_POINT('Ctrl Pts',(13.3720730620944,8.67361737988404E-16,
-6.0755614530524));
#3174=CARTESIAN_POINT('Ctrl Pts',(13.4136453797989,8.67361737988404E-16,
-5.96881377666155));
#3175=CARTESIAN_POINT('Ctrl Pts',(13.5009796387746,8.67361737988404E-16,
-5.76439054918338));
#3176=CARTESIAN_POINT('Ctrl Pts',(13.6164088630354,8.67361737988404E-16,
-5.52861333272693));
#3177=CARTESIAN_POINT('Ctrl Pts',(13.7395938340188,8.67361737988404E-16,
-5.30593029940549));
#3178=CARTESIAN_POINT('Ctrl Pts',(13.8145196190719,8.67361737988404E-16,
-5.17853523776245));
#3179=CARTESIAN_POINT('Ctrl Pts',(13.8351325061507,8.67361737988404E-16,
-5.14404189178609));
#3180=CARTESIAN_POINT('',(13.8444902412156,0.,-5.14520311674388));
#3181=CARTESIAN_POINT('Origin',(11.5,0.,-24.));
#3182=CARTESIAN_POINT('',(14.1860408485291,0.,-4.88782627328767));
#3183=CARTESIAN_POINT('',(13.8444902412156,0.,-5.14520311674388));
#3184=CARTESIAN_POINT('',(14.2834620192012,0.,-4.19463862516857));
#3185=CARTESIAN_POINT('',(14.5849030214492,0.,-2.0497744446878));
#3186=CARTESIAN_POINT('',(16.6207638319124,0.,-4.66666666666666));
#3187=CARTESIAN_POINT('Origin',(11.5,0.,-24.));
#3188=CARTESIAN_POINT('',(19.1811457478686,0.,-5.));
#3189=CARTESIAN_POINT('Origin',(19.1811457478686,0.,5.));
#3190=CARTESIAN_POINT('',(27.,0.,-5.));
#3191=CARTESIAN_POINT('',(-8.45793826127912E-16,0.,-4.99999999999999));
#3192=CARTESIAN_POINT('',(28.,0.,-4.));
#3193=CARTESIAN_POINT('Origin',(27.,0.,-4.));
#3194=CARTESIAN_POINT('',(28.,0.,-1.));
#3195=CARTESIAN_POINT('',(28.,0.,-8.));
#3196=CARTESIAN_POINT('',(26.,0.,1.));
#3197=CARTESIAN_POINT('Origin',(26.,0.,-1.));
#3198=CARTESIAN_POINT('',(24.,0.,1.));
#3199=CARTESIAN_POINT('',(28.,0.,1.));
#3200=CARTESIAN_POINT('',(21.,0.,4.));
#3201=CARTESIAN_POINT('Origin',(24.,0.,4.));
#3202=CARTESIAN_POINT('',(21.,0.,6.));
#3203=CARTESIAN_POINT('',(21.,0.,8.));
#3204=CARTESIAN_POINT('Origin',(19.,0.,6.));
#3205=CARTESIAN_POINT('',(-16.,0.,2.95));
#3206=CARTESIAN_POINT('Origin',(-16.,0.,4.5));
#3207=CARTESIAN_POINT('',(16.,0.,2.95));
#3208=CARTESIAN_POINT('Origin',(16.,0.,4.5));
#3209=CARTESIAN_POINT('',(-1.8982025386784E-16,0.,1.45));
#3210=CARTESIAN_POINT('Origin',(0.,0.,3.));
#3211=CARTESIAN_POINT('Origin',(0.,-7.5,3.70830200499483));
#3212=CARTESIAN_POINT('',(3.83333333333333,2.5,-5.52779866333678));
#3213=CARTESIAN_POINT('',(-3.83333333333333,2.5,-5.52779866333678));
#3214=CARTESIAN_POINT('Origin',(0.,2.5,3.70830200499483));
#3215=CARTESIAN_POINT('',(3.83333333333333,-7.5,-5.52779866333677));
#3216=CARTESIAN_POINT('',(-3.83333333333333,-7.5,-5.52779866333677));
#3217=CARTESIAN_POINT('Origin',(-16.,0.,4.5));
#3218=CARTESIAN_POINT('',(-16.,2.5,2.95));
#3219=CARTESIAN_POINT('',(-16.,0.,2.95));
#3220=CARTESIAN_POINT('Origin',(-16.,2.5,4.5));
#3221=CARTESIAN_POINT('Origin',(16.,0.,4.5));
#3222=CARTESIAN_POINT('',(16.,2.5,2.95));
#3223=CARTESIAN_POINT('',(16.,0.,2.95));
#3224=CARTESIAN_POINT('Origin',(16.,2.5,4.5));
#3225=CARTESIAN_POINT('Origin',(0.,0.,3.));
#3226=CARTESIAN_POINT('',(-1.8982025386784E-16,2.5,1.45));
#3227=CARTESIAN_POINT('',(-1.8982025386784E-16,0.,1.45));
#3228=CARTESIAN_POINT('Origin',(0.,2.5,3.));
#3229=CARTESIAN_POINT('Origin',(0.,2.5,0.));
#3230=CARTESIAN_POINT('',(21.,2.5,6.));
#3231=CARTESIAN_POINT('Origin',(19.,2.5,6.));
#3232=CARTESIAN_POINT('',(21.,2.5,4.));
#3233=CARTESIAN_POINT('',(21.,2.5,8.));
#3234=CARTESIAN_POINT('',(24.,2.5,1.));
#3235=CARTESIAN_POINT('Origin',(24.,2.5,4.));
#3236=CARTESIAN_POINT('',(26.,2.5,1.));
#3237=CARTESIAN_POINT('',(28.,2.5,1.));
#3238=CARTESIAN_POINT('',(28.,2.5,-1.));
#3239=CARTESIAN_POINT('Origin',(26.,2.5,-1.));
#3240=CARTESIAN_POINT('',(28.,2.5,-4.));
#3241=CARTESIAN_POINT('',(28.,2.5,-8.));
#3242=CARTESIAN_POINT('',(27.,2.5,-5.));
#3243=CARTESIAN_POINT('Origin',(27.,2.5,-4.));
#3244=CARTESIAN_POINT('',(19.1811457478686,2.5,-5.));
#3245=CARTESIAN_POINT('',(-8.45793826127912E-16,2.5,-4.99999999999999));
#3246=CARTESIAN_POINT('',(16.6207638319124,2.5,-4.66666666666666));
#3247=CARTESIAN_POINT('Origin',(19.1811457478686,2.5,5.));
#3248=CARTESIAN_POINT('',(14.2834620192012,2.5,-4.19463862516857));
#3249=CARTESIAN_POINT('Origin',(11.5,2.5,-24.));
#3250=CARTESIAN_POINT('',(14.1860408485291,2.5,-4.88782627328767));
#3251=CARTESIAN_POINT('',(14.5849030214492,2.5,-2.0497744446878));
#3252=CARTESIAN_POINT('',(13.8444902412156,2.5,-5.14520311674388));
#3253=CARTESIAN_POINT('',(7.48715911622077,2.5,-9.93579573382845));
#3254=CARTESIAN_POINT('',(13.8351325061507,2.5,-5.14404189178609));
#3255=CARTESIAN_POINT('Origin',(11.5,2.5,-24.));
#3256=CARTESIAN_POINT('',(13.3692107642693,2.5,-6.08296082208144));
#3257=CARTESIAN_POINT('Ctrl Pts',(13.3692107642693,2.5,-6.08296082208144));
#3258=CARTESIAN_POINT('Ctrl Pts',(13.3720730620944,2.5,-6.0755614530524));
#3259=CARTESIAN_POINT('Ctrl Pts',(13.4136453797989,2.5,-5.96881377666155));
#3260=CARTESIAN_POINT('Ctrl Pts',(13.5009796387746,2.5,-5.76439054918338));
#3261=CARTESIAN_POINT('Ctrl Pts',(13.6164088630354,2.5,-5.52861333272693));
#3262=CARTESIAN_POINT('Ctrl Pts',(13.7395938340188,2.5,-5.30593029940549));
#3263=CARTESIAN_POINT('Ctrl Pts',(13.8145196190719,2.5,-5.17853523776245));
#3264=CARTESIAN_POINT('Ctrl Pts',(13.8351325061507,2.5,-5.14404189178609));
#3265=CARTESIAN_POINT('',(13.1742111045787,2.5,-6.20357782650385));
#3266=CARTESIAN_POINT('Origin',(13.192006914921,2.5,-6.01441305934502));
#3267=CARTESIAN_POINT('',(13.0827163219535,2.5,-6.19520755402575));
#3268=CARTESIAN_POINT('Origin',(11.5,2.5,-24.));
#3269=CARTESIAN_POINT('',(12.9128393624272,2.5,-6.04121032139681));
#3270=CARTESIAN_POINT('Origin',(13.0995396003407,2.5,-6.00595381613849));
#3271=CARTESIAN_POINT('',(12.6250172665844,2.5,-5.03333618819886));
#3272=CARTESIAN_POINT('Ctrl Pts',(12.9128393624272,2.5,-6.04121032139681));
#3273=CARTESIAN_POINT('Ctrl Pts',(12.9113671828214,2.5,-6.03341441875015));
#3274=CARTESIAN_POINT('Ctrl Pts',(12.8898541663871,2.5,-5.92089546862146));
#3275=CARTESIAN_POINT('Ctrl Pts',(12.8410619313042,2.5,-5.70401889884258));
#3276=CARTESIAN_POINT('Ctrl Pts',(12.7703302333996,2.5,-5.45121101026918));
#3277=CARTESIAN_POINT('Ctrl Pts',(12.689595609408,2.5,-5.20987267743676));
#3278=CARTESIAN_POINT('Ctrl Pts',(12.6390292185149,2.5,-5.07099713924192));
#3279=CARTESIAN_POINT('Ctrl Pts',(12.6250172665844,2.5,-5.03333618819886));
#3280=CARTESIAN_POINT('',(12.2276232053042,2.5,-5.01393762595565));
#3281=CARTESIAN_POINT('Origin',(11.5,2.5,-24.));
#3282=CARTESIAN_POINT('',(11.8430058397274,2.5,-5.98898701410047));
#3283=CARTESIAN_POINT('Ctrl Pts',(11.8430058397274,2.5,-5.98898701410047));
#3284=CARTESIAN_POINT('Ctrl Pts',(11.8452303157608,2.5,-5.98137156156994));
#3285=CARTESIAN_POINT('Ctrl Pts',(11.8776000333325,2.5,-5.87148286607084));
#3286=CARTESIAN_POINT('Ctrl Pts',(11.9472833688491,2.5,-5.66038961304101));
#3287=CARTESIAN_POINT('Ctrl Pts',(12.0423014531951,2.5,-5.41567270463332));
#3288=CARTESIAN_POINT('Ctrl Pts',(12.1461578084033,2.5,-5.18334507414508));
#3289=CARTESIAN_POINT('Ctrl Pts',(12.210009816481,2.5,-5.05005480420276));
#3290=CARTESIAN_POINT('Ctrl Pts',(12.2276232053042,2.5,-5.01393762595565));
#3291=CARTESIAN_POINT('',(11.6589377051125,2.5,-6.12570662079495));
#3292=CARTESIAN_POINT('Origin',(11.6606271128871,2.5,-5.93571413172928));
#3293=CARTESIAN_POINT('',(11.5670626847945,2.5,-6.12512580194456));
#3294=CARTESIAN_POINT('Origin',(11.5,2.5,-24.));
#3295=CARTESIAN_POINT('',(11.3847378312814,2.5,-5.98608991871031));
#3296=CARTESIAN_POINT('Origin',(11.5677755189266,2.5,-5.93512713914007));
#3297=CARTESIAN_POINT('',(11.0124789202158,2.5,-5.00625568254732));
#3298=CARTESIAN_POINT('Ctrl Pts',(11.3847378312814,2.5,-5.98608991871031));
#3299=CARTESIAN_POINT('Ctrl Pts',(11.3826098164885,2.5,-5.97844695044471));
#3300=CARTESIAN_POINT('Ctrl Pts',(11.3516320273557,2.5,-5.86815778237002));
#3301=CARTESIAN_POINT('Ctrl Pts',(11.2846231488615,2.5,-5.65620038352205));
#3302=CARTESIAN_POINT('Ctrl Pts',(11.1927066560039,2.5,-5.4103017052943));
#3303=CARTESIAN_POINT('Ctrl Pts',(11.091795958993,2.5,-5.17667957099582));
#3304=CARTESIAN_POINT('Ctrl Pts',(11.0296342656988,2.5,-5.04259266304557));
#3305=CARTESIAN_POINT('Ctrl Pts',(11.0124789202158,2.5,-5.00625568254732));
#3306=CARTESIAN_POINT('',(10.6148713625897,2.5,-5.0206283745948));
#3307=CARTESIAN_POINT('Origin',(11.5,2.5,-24.));
#3308=CARTESIAN_POINT('',(10.31432955025,2.5,-6.0247829674043));
#3309=CARTESIAN_POINT('Ctrl Pts',(10.31432955025,2.5,-6.0247829674043));
#3310=CARTESIAN_POINT('Ctrl Pts',(10.3159001770909,2.5,-6.01700630088228));
#3311=CARTESIAN_POINT('Ctrl Pts',(10.3388340699729,2.5,-5.90476833684408));
#3312=CARTESIAN_POINT('Ctrl Pts',(10.3903644120012,2.5,-5.68852598998787));
#3313=CARTESIAN_POINT('Ctrl Pts',(10.4642867489574,2.5,-5.4366325805617));
#3314=CARTESIAN_POINT('Ctrl Pts',(10.5480662009712,2.5,-5.1963342788081));
#3315=CARTESIAN_POINT('Ctrl Pts',(10.6003843768922,2.5,-5.05810916001576));
#3316=CARTESIAN_POINT('Ctrl Pts',(10.6148713625897,2.5,-5.0206283745948));
#3317=CARTESIAN_POINT('',(10.1425191558387,2.5,-6.1766201084717));
#3318=CARTESIAN_POINT('Origin',(10.1280899888239,2.5,-5.98716879773659));
#3319=CARTESIAN_POINT('',(10.0509258594545,2.5,-6.18383292806215));
#3320=CARTESIAN_POINT('Origin',(11.5,2.5,-24.));
#3321=CARTESIAN_POINT('',(9.85746676670226,2.5,-6.06076015094729));
#3322=CARTESIAN_POINT('Origin',(10.0355231133452,2.5,-5.99445828505976));
#3323=CARTESIAN_POINT('',(9.40345317439833,2.5,-5.11602553994367));
#3324=CARTESIAN_POINT('Ctrl Pts',(9.85746676670226,2.5,-6.06076015094729));
#3325=CARTESIAN_POINT('Ctrl Pts',(9.85469824911746,2.5,-6.05332518482426));
#3326=CARTESIAN_POINT('Ctrl Pts',(9.81447888296673,2.5,-5.9460604347868));
#3327=CARTESIAN_POINT('Ctrl Pts',(9.72973616156641,2.5,-5.74054936478544));
#3328=CARTESIAN_POINT('Ctrl Pts',(9.61729713419298,2.5,-5.50333160251472));
#3329=CARTESIAN_POINT('Ctrl Pts',(9.49693742804711,2.5,-5.27910891958125));
#3330=CARTESIAN_POINT('Ctrl Pts',(9.42362830877646,2.5,-5.15077674111996));
#3331=CARTESIAN_POINT('Ctrl Pts',(9.40345317439833,2.5,-5.11602553994367));
#3332=CARTESIAN_POINT('',(9.00849689199057,2.5,-5.1640659307063));
#3333=CARTESIAN_POINT('Origin',(11.5,2.5,-24.));
#3334=CARTESIAN_POINT('',(8.79419604353285,2.5,-6.19009077132914));
#3335=CARTESIAN_POINT('Ctrl Pts',(8.79419604353285,2.5,-6.19009077132914));
#3336=CARTESIAN_POINT('Ctrl Pts',(8.7951015047788,2.5,-6.18220892187612));
#3337=CARTESIAN_POINT('Ctrl Pts',(8.80843433374744,2.5,-6.06843036640166));
#3338=CARTESIAN_POINT('Ctrl Pts',(8.84144040499224,2.5,-5.84859695678333));
#3339=CARTESIAN_POINT('Ctrl Pts',(8.89373438242693,2.5,-5.59134194412572));
#3340=CARTESIAN_POINT('Ctrl Pts',(8.95683329837487,2.5,-5.34480432587731));
#3341=CARTESIAN_POINT('Ctrl Pts',(8.99724068848277,2.5,-5.20264027338328));
#3342=CARTESIAN_POINT('Ctrl Pts',(9.00849689199057,2.5,-5.1640659307063));
#3343=CARTESIAN_POINT('',(8.63588128715387,2.5,-6.35595145668873));
#3344=CARTESIAN_POINT('Origin',(8.60543750782852,2.5,-6.16840632531927));
#3345=CARTESIAN_POINT('',(8.54522964650272,2.5,-6.37090594618959));
#3346=CARTESIAN_POINT('Origin',(11.5,2.5,-24.));
#3347=CARTESIAN_POINT('',(8.34203019170769,2.5,-6.26468301737343));
#3348=CARTESIAN_POINT('Origin',(8.51382229729072,2.5,-6.18351977163162));
#3349=CARTESIAN_POINT('',(7.80953309650171,2.5,-5.36185486605001));
#3350=CARTESIAN_POINT('Ctrl Pts',(8.34203019170769,2.5,-6.26468301737343));
#3351=CARTESIAN_POINT('Ctrl Pts',(8.33864111856369,2.5,-6.25750962249425));
#3352=CARTESIAN_POINT('Ctrl Pts',(8.28946995684977,2.5,-6.15404213547602));
#3353=CARTESIAN_POINT('Ctrl Pts',(8.18760396579282,2.5,-5.9564581062899));
#3354=CARTESIAN_POINT('Ctrl Pts',(8.05545252967239,2.5,-5.72963041938921));
#3355=CARTESIAN_POINT('Ctrl Pts',(7.91651100883238,2.5,-5.51642271738933));
#3356=CARTESIAN_POINT('Ctrl Pts',(7.83258265746947,2.5,-5.39476990470355));
#3357=CARTESIAN_POINT('Ctrl Pts',(7.80953309650171,2.5,-5.36185486605001));
#3358=CARTESIAN_POINT('',(7.42007375837731,2.5,-5.44321682341148));
#3359=CARTESIAN_POINT('Origin',(11.5,2.5,-24.));
#3360=CARTESIAN_POINT('',(7.29355791632536,2.5,-6.48371937935968));
#3361=CARTESIAN_POINT('Ctrl Pts',(7.29355791632536,2.5,-6.48371937935968));
#3362=CARTESIAN_POINT('Ctrl Pts',(7.29379168810736,2.5,-6.47578913588158));
#3363=CARTESIAN_POINT('Ctrl Pts',(7.29742738982438,2.5,-6.36128976607027));
#3364=CARTESIAN_POINT('Ctrl Pts',(7.31167138078607,2.5,-6.13944919844361));
#3365=CARTESIAN_POINT('Ctrl Pts',(7.34196021939351,2.5,-5.87868611081574));
#3366=CARTESIAN_POINT('Ctrl Pts',(7.38392397014024,2.5,-5.6276854852614));
#3367=CARTESIAN_POINT('Ctrl Pts',(7.41212943826337,2.5,-5.48260679432157));
#3368=CARTESIAN_POINT('Ctrl Pts',(7.42007375837731,2.5,-5.44321682341148));
#3369=CARTESIAN_POINT('',(7.14987945942619,2.5,-6.66240857897275));
#3370=CARTESIAN_POINT('Origin',(7.10364041591799,2.5,-6.47812089393806));
#3371=CARTESIAN_POINT('',(7.0608226216563,2.5,-6.68499699094449));
#3372=CARTESIAN_POINT('Origin',(11.5,2.5,-24.));
#3373=CARTESIAN_POINT('',(6.84934686154657,2.5,-6.59638924906325));
#3374=CARTESIAN_POINT('Origin',(7.01363696001237,2.5,-6.50094940651258));
#3375=CARTESIAN_POINT('',(6.24220291721164,2.5,-5.74197245493856));
#3376=CARTESIAN_POINT('Ctrl Pts',(6.84934686154657,2.5,-6.59638924906325));
#3377=CARTESIAN_POINT('Ctrl Pts',(6.84536165119304,2.5,-6.5895291099024));
#3378=CARTESIAN_POINT('Ctrl Pts',(6.78759297326284,2.5,-6.49060437151831));
#3379=CARTESIAN_POINT('Ctrl Pts',(6.66933765934908,2.5,-6.30237098060534));
#3380=CARTESIAN_POINT('Ctrl Pts',(6.51842596860714,2.5,-6.08756766775654));
#3381=CARTESIAN_POINT('Ctrl Pts',(6.36190370991447,2.5,-5.88691111306881));
#3382=CARTESIAN_POINT('Ctrl Pts',(6.26796083215409,2.5,-5.7728141774616));
#3383=CARTESIAN_POINT('Ctrl Pts',(6.24220291721164,2.5,-5.74197245493856));
#3384=CARTESIAN_POINT('',(6.23483426023762,2.5,-5.74409603079506));
#3385=CARTESIAN_POINT('Origin',(11.5,2.5,-24.));
#3386=CARTESIAN_POINT('',(5.85722609885104,2.5,-5.54331820991347));
#3387=CARTESIAN_POINT('',(-1.00685612114848,2.5,-1.89362095383995));
#3388=CARTESIAN_POINT('',(5.65256590554511,2.5,-4.87390488073933));
#3389=CARTESIAN_POINT('',(3.80665120054232,2.5,1.16381006561726));
#3390=CARTESIAN_POINT('Origin',(11.5,2.5,-24.));
#3391=CARTESIAN_POINT('',(-5.65256590554511,2.5,-4.87390488073933));
#3392=CARTESIAN_POINT('Origin',(-11.5,2.5,-24.));
#3393=CARTESIAN_POINT('',(-5.85722609885103,2.5,-5.54331820991346));
#3394=CARTESIAN_POINT('',(-3.80665120054232,2.5,1.16381006561726));
#3395=CARTESIAN_POINT('',(-6.23483426023763,2.5,-5.74409603079506));
#3396=CARTESIAN_POINT('',(1.00685612114844,2.5,-1.89362095383977));
#3397=CARTESIAN_POINT('',(-6.24220291721164,2.5,-5.74197245493856));
#3398=CARTESIAN_POINT('Origin',(-11.5,2.5,-24.));
#3399=CARTESIAN_POINT('',(-6.84934686154657,2.5,-6.59638924906325));
#3400=CARTESIAN_POINT('Ctrl Pts',(-6.84934686154657,2.5,-6.59638924906325));
#3401=CARTESIAN_POINT('Ctrl Pts',(-6.84536165119304,2.5,-6.5895291099024));
#3402=CARTESIAN_POINT('Ctrl Pts',(-6.78759297326284,2.5,-6.49060437151831));
#3403=CARTESIAN_POINT('Ctrl Pts',(-6.66933765934908,2.5,-6.30237098060534));
#3404=CARTESIAN_POINT('Ctrl Pts',(-6.51842596860714,2.5,-6.08756766775654));
#3405=CARTESIAN_POINT('Ctrl Pts',(-6.36190370991447,2.5,-5.88691111306881));
#3406=CARTESIAN_POINT('Ctrl Pts',(-6.26796083215409,2.5,-5.7728141774616));
#3407=CARTESIAN_POINT('Ctrl Pts',(-6.24220291721164,2.5,-5.74197245493856));
#3408=CARTESIAN_POINT('',(-7.0608226216563,2.5,-6.68499699094449));
#3409=CARTESIAN_POINT('Origin',(-7.01363696001237,2.5,-6.50094940651258));
#3410=CARTESIAN_POINT('',(-7.14987945942619,2.5,-6.66240857897275));
#3411=CARTESIAN_POINT('Origin',(-11.5,2.5,-24.));
#3412=CARTESIAN_POINT('',(-7.29355791632536,2.5,-6.48371937935968));
#3413=CARTESIAN_POINT('Origin',(-7.10364041591799,2.5,-6.47812089393806));
#3414=CARTESIAN_POINT('',(-7.42007375837731,2.5,-5.44321682341148));
#3415=CARTESIAN_POINT('Ctrl Pts',(-7.29355791632536,2.5,-6.48371937935968));
#3416=CARTESIAN_POINT('Ctrl Pts',(-7.29379168810736,2.5,-6.47578913588158));
#3417=CARTESIAN_POINT('Ctrl Pts',(-7.29742738982438,2.5,-6.36128976607027));
#3418=CARTESIAN_POINT('Ctrl Pts',(-7.31167138078607,2.5,-6.13944919844361));
#3419=CARTESIAN_POINT('Ctrl Pts',(-7.34196021939351,2.5,-5.87868611081574));
#3420=CARTESIAN_POINT('Ctrl Pts',(-7.38392397014024,2.5,-5.6276854852614));
#3421=CARTESIAN_POINT('Ctrl Pts',(-7.41212943826337,2.5,-5.48260679432157));
#3422=CARTESIAN_POINT('Ctrl Pts',(-7.42007375837731,2.5,-5.44321682341148));
#3423=CARTESIAN_POINT('',(-7.80953309650171,2.5,-5.36185486605001));
#3424=CARTESIAN_POINT('Origin',(-11.5,2.5,-24.));
#3425=CARTESIAN_POINT('',(-8.34203019170769,2.5,-6.26468301737343));
#3426=CARTESIAN_POINT('Ctrl Pts',(-8.34203019170769,2.5,-6.26468301737343));
#3427=CARTESIAN_POINT('Ctrl Pts',(-8.33864111856369,2.5,-6.25750962249425));
#3428=CARTESIAN_POINT('Ctrl Pts',(-8.28946995684977,2.5,-6.15404213547602));
#3429=CARTESIAN_POINT('Ctrl Pts',(-8.18760396579282,2.5,-5.9564581062899));
#3430=CARTESIAN_POINT('Ctrl Pts',(-8.05545252967239,2.5,-5.72963041938921));
#3431=CARTESIAN_POINT('Ctrl Pts',(-7.91651100883238,2.5,-5.51642271738933));
#3432=CARTESIAN_POINT('Ctrl Pts',(-7.83258265746947,2.5,-5.39476990470355));
#3433=CARTESIAN_POINT('Ctrl Pts',(-7.80953309650171,2.5,-5.36185486605001));
#3434=CARTESIAN_POINT('',(-8.54522964650272,2.5,-6.37090594618959));
#3435=CARTESIAN_POINT('Origin',(-8.51382229729072,2.5,-6.18351977163162));
#3436=CARTESIAN_POINT('',(-8.63588128715387,2.5,-6.35595145668873));
#3437=CARTESIAN_POINT('Origin',(-11.5,2.5,-24.));
#3438=CARTESIAN_POINT('',(-8.79419604353285,2.5,-6.19009077132914));
#3439=CARTESIAN_POINT('Origin',(-8.60543750782852,2.5,-6.16840632531927));
#3440=CARTESIAN_POINT('',(-9.00849689199057,2.5,-5.1640659307063));
#3441=CARTESIAN_POINT('Ctrl Pts',(-8.79419604353285,2.5,-6.19009077132914));
#3442=CARTESIAN_POINT('Ctrl Pts',(-8.7951015047788,2.5,-6.18220892187612));
#3443=CARTESIAN_POINT('Ctrl Pts',(-8.80843433374744,2.5,-6.06843036640166));
#3444=CARTESIAN_POINT('Ctrl Pts',(-8.84144040499224,2.5,-5.84859695678333));
#3445=CARTESIAN_POINT('Ctrl Pts',(-8.89373438242693,2.5,-5.59134194412572));
#3446=CARTESIAN_POINT('Ctrl Pts',(-8.95683329837487,2.5,-5.34480432587731));
#3447=CARTESIAN_POINT('Ctrl Pts',(-8.99724068848277,2.5,-5.20264027338328));
#3448=CARTESIAN_POINT('Ctrl Pts',(-9.00849689199057,2.5,-5.1640659307063));
#3449=CARTESIAN_POINT('',(-9.40345317439833,2.5,-5.11602553994367));
#3450=CARTESIAN_POINT('Origin',(-11.5,2.5,-24.));
#3451=CARTESIAN_POINT('',(-9.85746676670226,2.5,-6.06076015094729));
#3452=CARTESIAN_POINT('Ctrl Pts',(-9.85746676670226,2.5,-6.06076015094729));
#3453=CARTESIAN_POINT('Ctrl Pts',(-9.85469824911746,2.5,-6.05332518482426));
#3454=CARTESIAN_POINT('Ctrl Pts',(-9.81447888296673,2.5,-5.9460604347868));
#3455=CARTESIAN_POINT('Ctrl Pts',(-9.72973616156641,2.5,-5.74054936478544));
#3456=CARTESIAN_POINT('Ctrl Pts',(-9.61729713419298,2.5,-5.50333160251472));
#3457=CARTESIAN_POINT('Ctrl Pts',(-9.49693742804711,2.5,-5.27910891958125));
#3458=CARTESIAN_POINT('Ctrl Pts',(-9.42362830877646,2.5,-5.15077674111996));
#3459=CARTESIAN_POINT('Ctrl Pts',(-9.40345317439833,2.5,-5.11602553994367));
#3460=CARTESIAN_POINT('',(-10.0509258594545,2.5,-6.18383292806215));
#3461=CARTESIAN_POINT('Origin',(-10.0355231133452,2.5,-5.99445828505976));
#3462=CARTESIAN_POINT('',(-10.1425191558387,2.5,-6.1766201084717));
#3463=CARTESIAN_POINT('Origin',(-11.5,2.5,-24.));
#3464=CARTESIAN_POINT('',(-10.31432955025,2.5,-6.0247829674043));
#3465=CARTESIAN_POINT('Origin',(-10.1280899888239,2.5,-5.98716879773659));
#3466=CARTESIAN_POINT('',(-10.6148713625897,2.5,-5.0206283745948));
#3467=CARTESIAN_POINT('Ctrl Pts',(-10.31432955025,2.5,-6.0247829674043));
#3468=CARTESIAN_POINT('Ctrl Pts',(-10.3159001770909,2.5,-6.01700630088228));
#3469=CARTESIAN_POINT('Ctrl Pts',(-10.3388340699729,2.5,-5.90476833684408));
#3470=CARTESIAN_POINT('Ctrl Pts',(-10.3903644120012,2.5,-5.68852598998787));
#3471=CARTESIAN_POINT('Ctrl Pts',(-10.4642867489574,2.5,-5.4366325805617));
#3472=CARTESIAN_POINT('Ctrl Pts',(-10.5480662009712,2.5,-5.1963342788081));
#3473=CARTESIAN_POINT('Ctrl Pts',(-10.6003843768922,2.5,-5.05810916001576));
#3474=CARTESIAN_POINT('Ctrl Pts',(-10.6148713625897,2.5,-5.0206283745948));
#3475=CARTESIAN_POINT('',(-11.0124789202158,2.5,-5.00625568254732));
#3476=CARTESIAN_POINT('Origin',(-11.5,2.5,-24.));
#3477=CARTESIAN_POINT('',(-11.3847378312814,2.5,-5.98608991871031));
#3478=CARTESIAN_POINT('Ctrl Pts',(-11.3847378312814,2.5,-5.98608991871031));
#3479=CARTESIAN_POINT('Ctrl Pts',(-11.3826098164885,2.5,-5.97844695044471));
#3480=CARTESIAN_POINT('Ctrl Pts',(-11.3516320273557,2.5,-5.86815778237002));
#3481=CARTESIAN_POINT('Ctrl Pts',(-11.2846231488615,2.5,-5.65620038352205));
#3482=CARTESIAN_POINT('Ctrl Pts',(-11.1927066560039,2.5,-5.4103017052943));
#3483=CARTESIAN_POINT('Ctrl Pts',(-11.091795958993,2.5,-5.17667957099582));
#3484=CARTESIAN_POINT('Ctrl Pts',(-11.0296342656988,2.5,-5.04259266304557));
#3485=CARTESIAN_POINT('Ctrl Pts',(-11.0124789202158,2.5,-5.00625568254732));
#3486=CARTESIAN_POINT('',(-11.5670626847945,2.5,-6.12512580194456));
#3487=CARTESIAN_POINT('Origin',(-11.5677755189266,2.5,-5.93512713914007));
#3488=CARTESIAN_POINT('',(-11.6589377051125,2.5,-6.12570662079495));
#3489=CARTESIAN_POINT('Origin',(-11.5,2.5,-24.));
#3490=CARTESIAN_POINT('',(-11.8430058397274,2.5,-5.98898701410047));
#3491=CARTESIAN_POINT('Origin',(-11.6606271128871,2.5,-5.93571413172928));
#3492=CARTESIAN_POINT('',(-12.2276232053042,2.5,-5.01393762595565));
#3493=CARTESIAN_POINT('Ctrl Pts',(-11.8430058397274,2.5,-5.98898701410047));
#3494=CARTESIAN_POINT('Ctrl Pts',(-11.8452303157608,2.5,-5.98137156156994));
#3495=CARTESIAN_POINT('Ctrl Pts',(-11.8776000333325,2.5,-5.87148286607084));
#3496=CARTESIAN_POINT('Ctrl Pts',(-11.9472833688491,2.5,-5.66038961304101));
#3497=CARTESIAN_POINT('Ctrl Pts',(-12.0423014531951,2.5,-5.41567270463332));
#3498=CARTESIAN_POINT('Ctrl Pts',(-12.1461578084033,2.5,-5.18334507414508));
#3499=CARTESIAN_POINT('Ctrl Pts',(-12.210009816481,2.5,-5.05005480420276));
#3500=CARTESIAN_POINT('Ctrl Pts',(-12.2276232053042,2.5,-5.01393762595565));
#3501=CARTESIAN_POINT('',(-12.6250172665844,2.5,-5.03333618819886));
#3502=CARTESIAN_POINT('Origin',(-11.5,2.5,-24.));
#3503=CARTESIAN_POINT('',(-12.9128393624272,2.5,-6.04121032139681));
#3504=CARTESIAN_POINT('Ctrl Pts',(-12.9128393624272,2.5,-6.04121032139681));
#3505=CARTESIAN_POINT('Ctrl Pts',(-12.9113671828214,2.5,-6.03341441875015));
#3506=CARTESIAN_POINT('Ctrl Pts',(-12.8898541663871,2.5,-5.92089546862146));
#3507=CARTESIAN_POINT('Ctrl Pts',(-12.8410619313042,2.5,-5.70401889884258));
#3508=CARTESIAN_POINT('Ctrl Pts',(-12.7703302333996,2.5,-5.45121101026918));
#3509=CARTESIAN_POINT('Ctrl Pts',(-12.689595609408,2.5,-5.20987267743676));
#3510=CARTESIAN_POINT('Ctrl Pts',(-12.6390292185149,2.5,-5.07099713924192));
#3511=CARTESIAN_POINT('Ctrl Pts',(-12.6250172665844,2.5,-5.03333618819886));
#3512=CARTESIAN_POINT('',(-13.0827163219535,2.5,-6.19520755402575));
#3513=CARTESIAN_POINT('Origin',(-13.0995396003407,2.5,-6.00595381613849));
#3514=CARTESIAN_POINT('',(-13.1742111045787,2.5,-6.20357782650385));
#3515=CARTESIAN_POINT('Origin',(-11.5,2.5,-24.));
#3516=CARTESIAN_POINT('',(-13.3692107642693,2.5,-6.08296082208144));
#3517=CARTESIAN_POINT('Origin',(-13.192006914921,2.5,-6.01441305934502));
#3518=CARTESIAN_POINT('',(-13.8351325061507,2.5,-5.14404189178609));
#3519=CARTESIAN_POINT('Ctrl Pts',(-13.3692107642693,2.5,-6.08296082208144));
#3520=CARTESIAN_POINT('Ctrl Pts',(-13.3720730620944,2.5,-6.0755614530524));
#3521=CARTESIAN_POINT('Ctrl Pts',(-13.4136453797989,2.5,-5.96881377666155));
#3522=CARTESIAN_POINT('Ctrl Pts',(-13.5009796387746,2.5,-5.76439054918338));
#3523=CARTESIAN_POINT('Ctrl Pts',(-13.6164088630354,2.5,-5.52861333272693));
#3524=CARTESIAN_POINT('Ctrl Pts',(-13.7395938340188,2.5,-5.30593029940549));
#3525=CARTESIAN_POINT('Ctrl Pts',(-13.8145196190719,2.5,-5.17853523776245));
#3526=CARTESIAN_POINT('Ctrl Pts',(-13.8351325061507,2.5,-5.14404189178609));
#3527=CARTESIAN_POINT('',(-13.8444902412156,2.5,-5.14520311674387));
#3528=CARTESIAN_POINT('Origin',(-11.5,2.5,-24.));
#3529=CARTESIAN_POINT('',(-14.1860408485291,2.5,-4.88782627328767));
#3530=CARTESIAN_POINT('',(-7.48715911622051,2.5,-9.93579573382846));
#3531=CARTESIAN_POINT('',(-14.2834620192012,2.5,-4.19463862516857));
#3532=CARTESIAN_POINT('',(-14.5849030214492,2.5,-2.0497744446878));
#3533=CARTESIAN_POINT('',(-16.6207638319124,2.5,-4.66666666666666));
#3534=CARTESIAN_POINT('Origin',(-11.5,2.5,-24.));
#3535=CARTESIAN_POINT('',(-19.1811457478686,2.5,-5.));
#3536=CARTESIAN_POINT('Origin',(-19.1811457478686,2.5,5.));
#3537=CARTESIAN_POINT('',(-27.,2.5,-5.));
#3538=CARTESIAN_POINT('',(8.45793826127912E-16,2.5,-4.99999999999999));
#3539=CARTESIAN_POINT('',(-28.,2.5,-4.));
#3540=CARTESIAN_POINT('Origin',(-27.,2.5,-4.));
#3541=CARTESIAN_POINT('',(-28.,2.5,-1.));
#3542=CARTESIAN_POINT('',(-28.,2.5,-8.));
#3543=CARTESIAN_POINT('',(-26.,2.5,1.));
#3544=CARTESIAN_POINT('Origin',(-26.,2.5,-1.));
#3545=CARTESIAN_POINT('',(-24.,2.5,1.));
#3546=CARTESIAN_POINT('',(-28.,2.5,1.));
#3547=CARTESIAN_POINT('',(-21.,2.5,4.));
#3548=CARTESIAN_POINT('Origin',(-24.,2.5,4.));
#3549=CARTESIAN_POINT('',(-21.,2.5,6.));
#3550=CARTESIAN_POINT('',(-21.,2.5,8.));
#3551=CARTESIAN_POINT('Origin',(-19.,2.5,6.));
#3552=CARTESIAN_POINT('Origin',(-28.,2.5,-8.));
#3553=CARTESIAN_POINT('',(-28.,0.,-4.));
#3554=CARTESIAN_POINT('',(-28.,2.5,-1.));
#3555=CARTESIAN_POINT('Origin',(-11.5,-7.5,-24.));
#3556=CARTESIAN_POINT('',(-16.6207638319124,-7.5,-4.66666666666666));
#3557=CARTESIAN_POINT('',(-14.2834620192012,-10.3187325316312,-4.19463862516857));
#3558=CARTESIAN_POINT('Origin',(14.5849030214492,-10.3187325316312,-2.0497744446878));
#3559=CARTESIAN_POINT('',(14.1860408485291,2.5,-4.88782627328767));
#3560=CARTESIAN_POINT('',(14.2834620192012,-10.3187325316312,-4.19463862516857));
#3561=CARTESIAN_POINT('Origin',(3.80665120054232,-10.3187325316312,1.16381006561726));
#3562=CARTESIAN_POINT('',(5.85722609885104,-10.3187325316312,-5.54331820991347));
#3563=CARTESIAN_POINT('',(5.65256590554511,-10.3187325316312,-4.87390488073933));
#3564=CARTESIAN_POINT('Origin',(11.5,-7.5,-24.));
#3565=CARTESIAN_POINT('',(16.6207638319124,-7.5,-4.66666666666666));
#3566=CARTESIAN_POINT('Origin',(11.5,-7.5,-24.));
#3567=CARTESIAN_POINT('Origin',(28.,2.5,-8.));
#3568=CARTESIAN_POINT('',(28.,2.5,-4.));
#3569=CARTESIAN_POINT('',(28.,2.5,-1.));
#3570=CARTESIAN_POINT('Origin',(-8.45793826127912E-16,-7.5,-4.99999999999999));
#3571=CARTESIAN_POINT('',(19.1811457478686,-7.5,-5.));
#3572=CARTESIAN_POINT('',(27.,-7.5,-5.));
#3573=CARTESIAN_POINT('Origin',(8.45793826127912E-16,-7.5,-4.99999999999999));
#3574=CARTESIAN_POINT('',(-19.1811457478686,-7.5,-5.));
#3575=CARTESIAN_POINT('',(-27.,2.5,-5.));
#3576=CARTESIAN_POINT('Origin',(-11.5,-7.5,-24.));
#3577=CARTESIAN_POINT('',(-5.65256590554511,-10.3187325316312,-4.87390488073933));
#3578=CARTESIAN_POINT('Origin',(11.5,-2.,-24.));
#3579=CARTESIAN_POINT('',(7.80953309650171,4.,-5.36185486605001));
#3580=CARTESIAN_POINT('',(7.42007375837731,4.,-5.44321682341148));
#3581=CARTESIAN_POINT('Origin',(11.5,-2.,-24.));
#3582=CARTESIAN_POINT('',(9.40345317439833,4.,-5.11602553994367));
#3583=CARTESIAN_POINT('',(9.00849689199057,4.,-5.1640659307063));
#3584=CARTESIAN_POINT('Origin',(11.5,-2.,-24.));
#3585=CARTESIAN_POINT('',(11.0124789202158,4.,-5.00625568254732));
#3586=CARTESIAN_POINT('',(10.6148713625897,4.,-5.0206283745948));
#3587=CARTESIAN_POINT('Origin',(11.5,-2.,-24.));
#3588=CARTESIAN_POINT('',(12.6250172665844,4.,-5.03333618819886));
#3589=CARTESIAN_POINT('',(12.2276232053042,4.,-5.01393762595565));
#3590=CARTESIAN_POINT('Ctrl Pts',(12.6250172564271,2.5,-5.03333616089836));
#3591=CARTESIAN_POINT('Ctrl Pts',(12.6250172564271,-0.5,-5.03333616089836));
#3592=CARTESIAN_POINT('Ctrl Pts',(12.6390292110402,2.5,-5.07099711871333));
#3593=CARTESIAN_POINT('Ctrl Pts',(12.6390292110402,-0.5,-5.07099711871333));
#3594=CARTESIAN_POINT('Ctrl Pts',(12.6895956047863,2.5,-5.20987266362118));
#3595=CARTESIAN_POINT('Ctrl Pts',(12.6895956047863,-0.5,-5.20987266362118));
#3596=CARTESIAN_POINT('Ctrl Pts',(12.7703302314363,2.5,-5.45121100325194));
#3597=CARTESIAN_POINT('Ctrl Pts',(12.7703302314363,-0.5,-5.45121100325194));
#3598=CARTESIAN_POINT('Ctrl Pts',(12.8410619327881,2.5,-5.70401890414606));
#3599=CARTESIAN_POINT('Ctrl Pts',(12.8410619327881,-0.5,-5.70401890414606));
#3600=CARTESIAN_POINT('Ctrl Pts',(12.8898541688045,2.5,-5.92089547936664));
#3601=CARTESIAN_POINT('Ctrl Pts',(12.8898541688045,-0.5,-5.92089547936664));
#3602=CARTESIAN_POINT('Ctrl Pts',(12.911367185922,2.5,-6.03341443496695));
#3603=CARTESIAN_POINT('Ctrl Pts',(12.911367185922,-0.5,-6.03341443496695));
#3604=CARTESIAN_POINT('Ctrl Pts',(12.9128393665121,2.5,-6.0412103430283));
#3605=CARTESIAN_POINT('Ctrl Pts',(12.9128393665121,-0.5,-6.0412103430283));
#3606=CARTESIAN_POINT('',(12.9128393624272,-2.,-6.04121032139681));
#3607=CARTESIAN_POINT('Origin',(13.0995396003407,0.999999999999999,-6.00595381613849));
#3608=CARTESIAN_POINT('',(13.0827163219535,4.,-6.19520755402575));
#3609=CARTESIAN_POINT('Origin',(11.5,4.,-24.));
#3610=CARTESIAN_POINT('',(13.1742111045787,4.,-6.20357782650385));
#3611=CARTESIAN_POINT('Origin',(13.192006914921,0.999999999999999,-6.01441305934502));
#3612=CARTESIAN_POINT('',(13.3692107642693,4.,-6.08296082208144));
#3613=CARTESIAN_POINT('Ctrl Pts',(13.8351325210931,2.5,-5.14404186678179));
#3614=CARTESIAN_POINT('Ctrl Pts',(13.8351325210931,-0.499999999999999,-5.14404186678179));
#3615=CARTESIAN_POINT('Ctrl Pts',(13.8145196301474,2.5,-5.17853521893091));
#3616=CARTESIAN_POINT('Ctrl Pts',(13.8145196301474,-0.499999999999999,-5.17853521893091));
#3617=CARTESIAN_POINT('Ctrl Pts',(13.7395938410706,2.5,-5.30593028665786));
#3618=CARTESIAN_POINT('Ctrl Pts',(13.7395938410706,-0.499999999999999,-5.30593028665786));
#3619=CARTESIAN_POINT('Ctrl Pts',(13.6164088662394,2.5,-5.52861332618241));
#3620=CARTESIAN_POINT('Ctrl Pts',(13.6164088662394,-0.499999999999999,-5.52861332618241));
#3621=CARTESIAN_POINT('Ctrl Pts',(13.5009796363531,2.5,-5.76439055412959));
#3622=CARTESIAN_POINT('Ctrl Pts',(13.5009796363531,-0.499999999999998,-5.76439055412959));
#3623=CARTESIAN_POINT('Ctrl Pts',(13.4136453754719,2.5,-5.96881378678973));
#3624=CARTESIAN_POINT('Ctrl Pts',(13.4136453754719,-0.499999999999999,-5.96881378678973));
#3625=CARTESIAN_POINT('Ctrl Pts',(13.3720730561028,2.5,-6.07556146843742));
#3626=CARTESIAN_POINT('Ctrl Pts',(13.3720730561028,-0.499999999999999,-6.07556146843742));
#3627=CARTESIAN_POINT('Ctrl Pts',(13.3692107563272,2.5,-6.08296084261267));
#3628=CARTESIAN_POINT('Ctrl Pts',(13.3692107563272,-0.499999999999999,-6.08296084261267));
#3629=CARTESIAN_POINT('',(13.8351325061507,4.,-5.14404189178609));
#3630=CARTESIAN_POINT('Ctrl Pts',(11.0124789077799,2.5,-5.00625565620658));
#3631=CARTESIAN_POINT('Ctrl Pts',(11.0124789077799,-0.499999999999999,-5.00625565620658));
#3632=CARTESIAN_POINT('Ctrl Pts',(11.0296342565101,2.5,-5.04259264322485));
#3633=CARTESIAN_POINT('Ctrl Pts',(11.0296342565101,-0.499999999999999,-5.04259264322485));
#3634=CARTESIAN_POINT('Ctrl Pts',(11.0917959532163,2.5,-5.17667955762197));
#3635=CARTESIAN_POINT('Ctrl Pts',(11.0917959532163,-0.499999999999999,-5.17667955762197));
#3636=CARTESIAN_POINT('Ctrl Pts',(11.1927066534525,2.5,-5.41030169846884));
#3637=CARTESIAN_POINT('Ctrl Pts',(11.1927066534525,-0.499999999999999,-5.41030169846884));
#3638=CARTESIAN_POINT('Ctrl Pts',(11.2846231507898,2.5,-5.65620038868058));
#3639=CARTESIAN_POINT('Ctrl Pts',(11.2846231507898,-0.5,-5.65620038868058));
#3640=CARTESIAN_POINT('Ctrl Pts',(11.3516320306756,2.5,-5.86815779287148));
#3641=CARTESIAN_POINT('Ctrl Pts',(11.3516320306756,-0.5,-5.86815779287148));
#3642=CARTESIAN_POINT('Ctrl Pts',(11.3826098209531,2.5,-5.97844696634015));
#3643=CARTESIAN_POINT('Ctrl Pts',(11.3826098209531,-0.5,-5.97844696634015));
#3644=CARTESIAN_POINT('Ctrl Pts',(11.3847378371861,2.5,-5.98608993991745));
#3645=CARTESIAN_POINT('Ctrl Pts',(11.3847378371861,-0.499999999999999,-5.98608993991745));
#3646=CARTESIAN_POINT('',(11.3847378312814,-2.,-5.98608991871031));
#3647=CARTESIAN_POINT('Origin',(11.5677755189266,0.999999999999999,-5.93512713914007));
#3648=CARTESIAN_POINT('',(11.5670626847945,4.,-6.12512580194456));
#3649=CARTESIAN_POINT('Origin',(11.5,4.,-24.));
#3650=CARTESIAN_POINT('',(11.6589377051125,4.,-6.12570662079495));
#3651=CARTESIAN_POINT('Origin',(11.6606271128871,0.999999999999999,-5.93571413172928));
#3652=CARTESIAN_POINT('',(11.8430058397274,4.,-5.98898701410047));
#3653=CARTESIAN_POINT('Ctrl Pts',(12.2276232180722,2.5,-5.01393759977423));
#3654=CARTESIAN_POINT('Ctrl Pts',(12.2276232180722,-0.499999999999999,-5.01393759977423));
#3655=CARTESIAN_POINT('Ctrl Pts',(12.2100098259196,2.5,-5.05005478449978));
#3656=CARTESIAN_POINT('Ctrl Pts',(12.2100098259196,-0.499999999999999,-5.05005478449978));
#3657=CARTESIAN_POINT('Ctrl Pts',(12.1461578143486,2.5,-5.18334506084534));
#3658=CARTESIAN_POINT('Ctrl Pts',(12.1461578143486,-0.499999999999999,-5.18334506084534));
#3659=CARTESIAN_POINT('Ctrl Pts',(12.0423014558325,2.5,-5.41567269784066));
#3660=CARTESIAN_POINT('Ctrl Pts',(12.0423014558325,-0.499999999999999,-5.41567269784066));
#3661=CARTESIAN_POINT('Ctrl Pts',(11.9472833668557,2.5,-5.66038961817475));
#3662=CARTESIAN_POINT('Ctrl Pts',(11.9472833668557,-0.499999999999999,-5.66038961817475));
#3663=CARTESIAN_POINT('Ctrl Pts',(11.87760002988,2.5,-5.87148287652948));
#3664=CARTESIAN_POINT('Ctrl Pts',(11.87760002988,-0.499999999999999,-5.87148287652948));
#3665=CARTESIAN_POINT('Ctrl Pts',(11.8452303110955,2.5,-5.98137157740766));
#3666=CARTESIAN_POINT('Ctrl Pts',(11.8452303110955,-0.499999999999999,-5.98137157740766));
#3667=CARTESIAN_POINT('Ctrl Pts',(11.8430058335551,2.5,-5.98898703523126));
#3668=CARTESIAN_POINT('Ctrl Pts',(11.8430058335551,-0.499999999999998,-5.98898703523126));
#3669=CARTESIAN_POINT('Ctrl Pts',(9.40345315977334,2.5,-5.11602551475247));
#3670=CARTESIAN_POINT('Ctrl Pts',(9.40345315977334,-0.5,-5.11602551475247));
#3671=CARTESIAN_POINT('Ctrl Pts',(9.42362829793991,2.5,-5.15077672214991));
#3672=CARTESIAN_POINT('Ctrl Pts',(9.42362829793991,-0.5,-5.15077672214991));
#3673=CARTESIAN_POINT('Ctrl Pts',(9.49693742115704,2.5,-5.27910890674549));
#3674=CARTESIAN_POINT('Ctrl Pts',(9.49693742115704,-0.5,-5.27910890674549));
#3675=CARTESIAN_POINT('Ctrl Pts',(9.61729713107199,2.5,-5.50333159593022));
#3676=CARTESIAN_POINT('Ctrl Pts',(9.61729713107199,-0.5,-5.50333159593022));
#3677=CARTESIAN_POINT('Ctrl Pts',(9.72973616392519,2.5,-5.74054936976186));
#3678=CARTESIAN_POINT('Ctrl Pts',(9.72973616392519,-0.5,-5.74054936976186));
#3679=CARTESIAN_POINT('Ctrl Pts',(9.81447888716532,2.5,-5.94606044496887));
#3680=CARTESIAN_POINT('Ctrl Pts',(9.81447888716532,-0.5,-5.94606044496887));
#3681=CARTESIAN_POINT('Ctrl Pts',(9.85469825491407,2.5,-6.0533252002838));
#3682=CARTESIAN_POINT('Ctrl Pts',(9.85469825491407,-0.5,-6.0533252002838));
#3683=CARTESIAN_POINT('Ctrl Pts',(9.85746677438414,2.5,-6.06076017157728));
#3684=CARTESIAN_POINT('Ctrl Pts',(9.85746677438414,-0.5,-6.06076017157728));
#3685=CARTESIAN_POINT('',(9.85746676670226,-2.,-6.06076015094729));
#3686=CARTESIAN_POINT('Origin',(10.0355231133452,0.999999999999999,-5.99445828505976));
#3687=CARTESIAN_POINT('',(10.0509258594545,4.,-6.18383292806215));
#3688=CARTESIAN_POINT('Origin',(11.5,4.,-24.));
#3689=CARTESIAN_POINT('',(10.1425191558387,4.,-6.1766201084717));
#3690=CARTESIAN_POINT('Origin',(10.1280899888239,0.999999999999999,-5.98716879773659));
#3691=CARTESIAN_POINT('',(10.31432955025,4.,-6.0247829674043));
#3692=CARTESIAN_POINT('Ctrl Pts',(10.6148713730914,2.5,-5.0206283474249));
#3693=CARTESIAN_POINT('Ctrl Pts',(10.6148713730914,-0.499999999999999,-5.0206283474249));
#3694=CARTESIAN_POINT('Ctrl Pts',(10.6003843846259,2.5,-5.05810913958332));
#3695=CARTESIAN_POINT('Ctrl Pts',(10.6003843846259,-0.499999999999999,-5.05810913958332));
#3696=CARTESIAN_POINT('Ctrl Pts',(10.5480662057673,2.5,-5.19633426505206));
#3697=CARTESIAN_POINT('Ctrl Pts',(10.5480662057673,-0.499999999999999,-5.19633426505206));
#3698=CARTESIAN_POINT('Ctrl Pts',(10.4642867510093,2.5,-5.43663257356984));
#3699=CARTESIAN_POINT('Ctrl Pts',(10.4642867510093,-0.499999999999999,-5.43663257356984));
#3700=CARTESIAN_POINT('Ctrl Pts',(10.3903644104504,2.5,-5.68852599527216));
#3701=CARTESIAN_POINT('Ctrl Pts',(10.3903644104504,-0.499999999999999,-5.68852599527216));
#3702=CARTESIAN_POINT('Ctrl Pts',(10.3388340674199,2.5,-5.90476834755784));
#3703=CARTESIAN_POINT('Ctrl Pts',(10.3388340674199,-0.499999999999999,-5.90476834755784));
#3704=CARTESIAN_POINT('Ctrl Pts',(10.3159001737856,2.5,-6.01700631705858));
#3705=CARTESIAN_POINT('Ctrl Pts',(10.3159001737856,-0.499999999999998,-6.01700631705858));
#3706=CARTESIAN_POINT('Ctrl Pts',(10.314329545892,2.5,-6.02478298898242));
#3707=CARTESIAN_POINT('Ctrl Pts',(10.314329545892,-0.499999999999998,-6.02478298898242));
#3708=CARTESIAN_POINT('Ctrl Pts',(7.80953307979303,2.5,-5.36185484218984));
#3709=CARTESIAN_POINT('Ctrl Pts',(7.80953307979303,-0.5,-5.36185484218984));
#3710=CARTESIAN_POINT('Ctrl Pts',(7.83258264506318,2.5,-5.39476988672083));
#3711=CARTESIAN_POINT('Ctrl Pts',(7.83258264506318,-0.5,-5.39476988672083));
#3712=CARTESIAN_POINT('Ctrl Pts',(7.91651100087858,2.5,-5.51642270518412));
#3713=CARTESIAN_POINT('Ctrl Pts',(7.91651100087858,-0.500000000000001,-5.51642270518412));
#3714=CARTESIAN_POINT('Ctrl Pts',(8.05545252600424,2.5,-5.7296304130931));
#3715=CARTESIAN_POINT('Ctrl Pts',(8.05545252600424,-0.500000000000001,-5.7296304130931));
#3716=CARTESIAN_POINT('Ctrl Pts',(8.18760396856513,2.5,-5.95645811104836));
#3717=CARTESIAN_POINT('Ctrl Pts',(8.18760396856513,-0.500000000000001,-5.95645811104836));
#3718=CARTESIAN_POINT('Ctrl Pts',(8.28946996189674,2.5,-6.15404214526535));
#3719=CARTESIAN_POINT('Ctrl Pts',(8.28946996189674,-0.500000000000001,-6.15404214526535));
#3720=CARTESIAN_POINT('Ctrl Pts',(8.33864112565049,2.5,-6.25750963740651));
#3721=CARTESIAN_POINT('Ctrl Pts',(8.33864112565049,-0.500000000000001,-6.25750963740651));
#3722=CARTESIAN_POINT('Ctrl Pts',(8.34203020111144,2.5,-6.26468303727764));
#3723=CARTESIAN_POINT('Ctrl Pts',(8.34203020111144,-0.500000000000001,-6.26468303727764));
#3724=CARTESIAN_POINT('',(8.34203019170769,-2.,-6.26468301737343));
#3725=CARTESIAN_POINT('Origin',(8.51382229729072,0.999999999999999,-6.18351977163162));
#3726=CARTESIAN_POINT('',(8.54522964650272,4.,-6.37090594618959));
#3727=CARTESIAN_POINT('Origin',(11.5,4.,-24.));
#3728=CARTESIAN_POINT('',(8.63588128715387,4.,-6.35595145668873));
#3729=CARTESIAN_POINT('Origin',(8.60543750782852,0.999999999999999,-6.16840632531927));
#3730=CARTESIAN_POINT('',(8.79419604353285,4.,-6.19009077132914));
#3731=CARTESIAN_POINT('Ctrl Pts',(9.00849690015023,2.5,-5.16406590274368));
#3732=CARTESIAN_POINT('Ctrl Pts',(9.00849690015023,-0.499999999999999,-5.16406590274368));
#3733=CARTESIAN_POINT('Ctrl Pts',(8.99724069445579,2.5,-5.20264025236859));
#3734=CARTESIAN_POINT('Ctrl Pts',(8.99724069445579,-0.499999999999999,-5.20264025236859));
#3735=CARTESIAN_POINT('Ctrl Pts',(8.95683330198701,2.5,-5.34480431176411));
#3736=CARTESIAN_POINT('Ctrl Pts',(8.95683330198701,-0.499999999999999,-5.34480431176411));
#3737=CARTESIAN_POINT('Ctrl Pts',(8.89373438387846,2.5,-5.59134193698504));
#3738=CARTESIAN_POINT('Ctrl Pts',(8.89373438387846,-0.499999999999999,-5.59134193698504));
#3739=CARTESIAN_POINT('Ctrl Pts',(8.8414404038952,2.5,-5.8485969621801));
#3740=CARTESIAN_POINT('Ctrl Pts',(8.8414404038952,-0.499999999999999,-5.8485969621801));
#3741=CARTESIAN_POINT('Ctrl Pts',(8.80843433211215,2.5,-6.06843037729332));
#3742=CARTESIAN_POINT('Ctrl Pts',(8.80843433211215,-0.499999999999999,-6.06843037729332));
#3743=CARTESIAN_POINT('Ctrl Pts',(8.7951015028572,2.5,-6.18220893827446));
#3744=CARTESIAN_POINT('Ctrl Pts',(8.7951015028572,-0.499999999999999,-6.18220893827446));
#3745=CARTESIAN_POINT('Ctrl Pts',(8.79419604102045,2.5,-6.1900907931991));
#3746=CARTESIAN_POINT('Ctrl Pts',(8.79419604102045,-0.499999999999999,-6.1900907931991));
#3747=CARTESIAN_POINT('Ctrl Pts',(6.24220289853967,2.5,-5.74197243258133));
#3748=CARTESIAN_POINT('Ctrl Pts',(6.24220289853967,-0.499999999999999,-5.74197243258133));
#3749=CARTESIAN_POINT('Ctrl Pts',(6.26796081826745,2.5,-5.77281416059579));
#3750=CARTESIAN_POINT('Ctrl Pts',(6.26796081826745,-0.499999999999999,-5.77281416059579));
#3751=CARTESIAN_POINT('Ctrl Pts',(6.36190370095425,2.5,-5.8869111015821));
#3752=CARTESIAN_POINT('Ctrl Pts',(6.36190370095425,-0.499999999999999,-5.8869111015821));
#3753=CARTESIAN_POINT('Ctrl Pts',(6.51842596441825,2.5,-6.0875676617942));
#3754=CARTESIAN_POINT('Ctrl Pts',(6.51842596441825,-0.499999999999999,-6.0875676617942));
#3755=CARTESIAN_POINT('Ctrl Pts',(6.66933766251495,2.5,-6.30237098511155));
#3756=CARTESIAN_POINT('Ctrl Pts',(6.66933766251495,-0.499999999999999,-6.30237098511155));
#3757=CARTESIAN_POINT('Ctrl Pts',(6.78759297912182,2.5,-6.49060438084435));
#3758=CARTESIAN_POINT('Ctrl Pts',(6.78759297912182,-0.499999999999999,-6.49060438084435));
#3759=CARTESIAN_POINT('Ctrl Pts',(6.84536165951896,2.5,-6.58952912415993));
#3760=CARTESIAN_POINT('Ctrl Pts',(6.84536165951896,-0.499999999999999,-6.58952912415993));
#3761=CARTESIAN_POINT('Ctrl Pts',(6.84934687260443,2.5,-6.59638926809825));
#3762=CARTESIAN_POINT('Ctrl Pts',(6.84934687260443,-0.499999999999999,-6.59638926809825));
#3763=CARTESIAN_POINT('',(6.84934686154657,-2.,-6.59638924906325));
#3764=CARTESIAN_POINT('',(6.24220291721164,4.,-5.74197245493856));
#3765=CARTESIAN_POINT('Origin',(7.01363696001237,0.999999999999999,-6.50094940651258));
#3766=CARTESIAN_POINT('',(7.0608226216563,4.,-6.68499699094449));
#3767=CARTESIAN_POINT('Origin',(11.5,4.,-24.));
#3768=CARTESIAN_POINT('',(7.14987945942619,4.,-6.66240857897275));
#3769=CARTESIAN_POINT('Origin',(7.10364041591799,0.999999999999999,-6.47812089393806));
#3770=CARTESIAN_POINT('',(7.29355791632536,4.,-6.48371937935968));
#3771=CARTESIAN_POINT('Ctrl Pts',(7.42007376413617,2.5,-5.44321679485761));
#3772=CARTESIAN_POINT('Ctrl Pts',(7.42007376413617,-0.499999999999999,-5.44321679485761));
#3773=CARTESIAN_POINT('Ctrl Pts',(7.4121294424327,2.5,-5.48260677287604));
#3774=CARTESIAN_POINT('Ctrl Pts',(7.4121294424327,-0.499999999999999,-5.48260677287604));
#3775=CARTESIAN_POINT('Ctrl Pts',(7.38392397254249,2.5,-5.6276854708927));
#3776=CARTESIAN_POINT('Ctrl Pts',(7.38392397254249,-0.499999999999999,-5.6276854708927));
#3777=CARTESIAN_POINT('Ctrl Pts',(7.34196022023424,2.5,-5.87868610357768));
#3778=CARTESIAN_POINT('Ctrl Pts',(7.34196022023424,-0.499999999999999,-5.87868610357768));
#3779=CARTESIAN_POINT('Ctrl Pts',(7.31167138015066,2.5,-6.13944920391397));
#3780=CARTESIAN_POINT('Ctrl Pts',(7.31167138015066,-0.499999999999999,-6.13944920391397));
#3781=CARTESIAN_POINT('Ctrl Pts',(7.29742738911866,2.5,-6.36128977706138));
#3782=CARTESIAN_POINT('Ctrl Pts',(7.29742738911866,-0.499999999999999,-6.36128977706138));
#3783=CARTESIAN_POINT('Ctrl Pts',(7.29379168758336,2.5,-6.4757891523838));
#3784=CARTESIAN_POINT('Ctrl Pts',(7.29379168758336,-0.499999999999999,-6.4757891523838));
#3785=CARTESIAN_POINT('Ctrl Pts',(7.29355791567671,2.5,-6.48371940136392));
#3786=CARTESIAN_POINT('Ctrl Pts',(7.29355791567671,-0.499999999999999,-6.48371940136392));
#3787=CARTESIAN_POINT('Origin',(11.5,-2.,-24.));
#3788=CARTESIAN_POINT('',(6.23483426023762,-2.,-5.74409603079506));
#3789=CARTESIAN_POINT('Origin',(11.5,-2.,-24.));
#3790=CARTESIAN_POINT('',(13.8444902412156,-2.,-5.14520311674388));
#3791=CARTESIAN_POINT('Origin',(-14.5849030214492,-10.3187325316312,-2.0497744446878));
#3792=CARTESIAN_POINT('',(-14.1860408485291,0.,-4.88782627328767));
#3793=CARTESIAN_POINT('Origin',(-3.80665120054232,-10.3187325316312,1.16381006561726));
#3794=CARTESIAN_POINT('',(-5.85722609885103,-10.3187325316312,-5.54331820991346));
#3795=CARTESIAN_POINT('Origin',(-11.5,-2.,-24.));
#3796=CARTESIAN_POINT('',(-7.80953309650171,4.,-5.36185486605001));
#3797=CARTESIAN_POINT('',(-7.42007375837731,4.,-5.44321682341148));
#3798=CARTESIAN_POINT('Origin',(-11.5,-2.,-24.));
#3799=CARTESIAN_POINT('',(-9.40345317439833,4.,-5.11602553994367));
#3800=CARTESIAN_POINT('',(-9.00849689199057,4.,-5.1640659307063));
#3801=CARTESIAN_POINT('Origin',(-11.5,-2.,-24.));
#3802=CARTESIAN_POINT('',(-11.0124789202158,4.,-5.00625568254732));
#3803=CARTESIAN_POINT('',(-10.6148713625897,4.,-5.0206283745948));
#3804=CARTESIAN_POINT('Origin',(-11.5,-2.,-24.));
#3805=CARTESIAN_POINT('',(-12.6250172665844,4.,-5.03333618819886));
#3806=CARTESIAN_POINT('',(-12.2276232053042,4.,-5.01393762595565));
#3807=CARTESIAN_POINT('Ctrl Pts',(-12.9128393665121,2.5,-6.0412103430283));
#3808=CARTESIAN_POINT('Ctrl Pts',(-12.9128393665121,-0.5,-6.0412103430283));
#3809=CARTESIAN_POINT('Ctrl Pts',(-12.911367185922,2.5,-6.03341443496695));
#3810=CARTESIAN_POINT('Ctrl Pts',(-12.911367185922,-0.5,-6.03341443496695));
#3811=CARTESIAN_POINT('Ctrl Pts',(-12.8898541688045,2.5,-5.92089547936664));
#3812=CARTESIAN_POINT('Ctrl Pts',(-12.8898541688045,-0.5,-5.92089547936664));
#3813=CARTESIAN_POINT('Ctrl Pts',(-12.8410619327881,2.5,-5.70401890414606));
#3814=CARTESIAN_POINT('Ctrl Pts',(-12.8410619327881,-0.5,-5.70401890414606));
#3815=CARTESIAN_POINT('Ctrl Pts',(-12.7703302314363,2.5,-5.45121100325194));
#3816=CARTESIAN_POINT('Ctrl Pts',(-12.7703302314363,-0.5,-5.45121100325194));
#3817=CARTESIAN_POINT('Ctrl Pts',(-12.6895956047863,2.5,-5.20987266362118));
#3818=CARTESIAN_POINT('Ctrl Pts',(-12.6895956047863,-0.5,-5.20987266362118));
#3819=CARTESIAN_POINT('Ctrl Pts',(-12.6390292110402,2.5,-5.07099711871333));
#3820=CARTESIAN_POINT('Ctrl Pts',(-12.6390292110402,-0.5,-5.07099711871333));
#3821=CARTESIAN_POINT('Ctrl Pts',(-12.6250172564271,2.5,-5.03333616089836));
#3822=CARTESIAN_POINT('Ctrl Pts',(-12.6250172564271,-0.5,-5.03333616089836));
#3823=CARTESIAN_POINT('',(-12.9128393624272,-2.,-6.04121032139681));
#3824=CARTESIAN_POINT('Origin',(-13.0995396003407,0.999999999999999,-6.00595381613849));
#3825=CARTESIAN_POINT('',(-13.0827163219535,4.,-6.19520755402575));
#3826=CARTESIAN_POINT('Origin',(-11.5,4.,-24.));
#3827=CARTESIAN_POINT('',(-13.1742111045787,4.,-6.20357782650385));
#3828=CARTESIAN_POINT('Origin',(-13.192006914921,0.999999999999999,-6.01441305934502));
#3829=CARTESIAN_POINT('',(-13.3692107642693,4.,-6.08296082208144));
#3830=CARTESIAN_POINT('Ctrl Pts',(-13.3692107563272,2.5,-6.08296084261267));
#3831=CARTESIAN_POINT('Ctrl Pts',(-13.3692107563272,-0.499999999999999,
-6.08296084261267));
#3832=CARTESIAN_POINT('Ctrl Pts',(-13.3720730561028,2.5,-6.07556146843742));
#3833=CARTESIAN_POINT('Ctrl Pts',(-13.3720730561028,-0.499999999999999,
-6.07556146843742));
#3834=CARTESIAN_POINT('Ctrl Pts',(-13.4136453754719,2.5,-5.96881378678973));
#3835=CARTESIAN_POINT('Ctrl Pts',(-13.4136453754719,-0.499999999999999,
-5.96881378678973));
#3836=CARTESIAN_POINT('Ctrl Pts',(-13.5009796363531,2.5,-5.76439055412959));
#3837=CARTESIAN_POINT('Ctrl Pts',(-13.5009796363531,-0.499999999999998,
-5.76439055412959));
#3838=CARTESIAN_POINT('Ctrl Pts',(-13.6164088662394,2.5,-5.52861332618241));
#3839=CARTESIAN_POINT('Ctrl Pts',(-13.6164088662394,-0.499999999999999,
-5.52861332618241));
#3840=CARTESIAN_POINT('Ctrl Pts',(-13.7395938410706,2.5,-5.30593028665786));
#3841=CARTESIAN_POINT('Ctrl Pts',(-13.7395938410706,-0.499999999999999,
-5.30593028665786));
#3842=CARTESIAN_POINT('Ctrl Pts',(-13.8145196301474,2.5,-5.17853521893091));
#3843=CARTESIAN_POINT('Ctrl Pts',(-13.8145196301474,-0.499999999999999,
-5.17853521893091));
#3844=CARTESIAN_POINT('Ctrl Pts',(-13.8351325210931,2.5,-5.14404186678179));
#3845=CARTESIAN_POINT('Ctrl Pts',(-13.8351325210931,-0.499999999999999,
-5.14404186678179));
#3846=CARTESIAN_POINT('',(-13.8351325061507,4.,-5.14404189178609));
#3847=CARTESIAN_POINT('Ctrl Pts',(-11.3847378371861,2.5,-5.98608993991745));
#3848=CARTESIAN_POINT('Ctrl Pts',(-11.3847378371861,-0.499999999999999,
-5.98608993991745));
#3849=CARTESIAN_POINT('Ctrl Pts',(-11.3826098209531,2.5,-5.97844696634015));
#3850=CARTESIAN_POINT('Ctrl Pts',(-11.3826098209531,-0.5,-5.97844696634015));
#3851=CARTESIAN_POINT('Ctrl Pts',(-11.3516320306756,2.5,-5.86815779287148));
#3852=CARTESIAN_POINT('Ctrl Pts',(-11.3516320306756,-0.5,-5.86815779287148));
#3853=CARTESIAN_POINT('Ctrl Pts',(-11.2846231507898,2.5,-5.65620038868058));
#3854=CARTESIAN_POINT('Ctrl Pts',(-11.2846231507898,-0.5,-5.65620038868058));
#3855=CARTESIAN_POINT('Ctrl Pts',(-11.1927066534525,2.5,-5.41030169846884));
#3856=CARTESIAN_POINT('Ctrl Pts',(-11.1927066534525,-0.499999999999999,
-5.41030169846884));
#3857=CARTESIAN_POINT('Ctrl Pts',(-11.0917959532163,2.5,-5.17667955762197));
#3858=CARTESIAN_POINT('Ctrl Pts',(-11.0917959532163,-0.499999999999999,
-5.17667955762197));
#3859=CARTESIAN_POINT('Ctrl Pts',(-11.0296342565101,2.5,-5.04259264322485));
#3860=CARTESIAN_POINT('Ctrl Pts',(-11.0296342565101,-0.499999999999999,
-5.04259264322485));
#3861=CARTESIAN_POINT('Ctrl Pts',(-11.0124789077799,2.5,-5.00625565620658));
#3862=CARTESIAN_POINT('Ctrl Pts',(-11.0124789077799,-0.499999999999999,
-5.00625565620658));
#3863=CARTESIAN_POINT('',(-11.3847378312814,-2.,-5.98608991871031));
#3864=CARTESIAN_POINT('Origin',(-11.5677755189266,0.999999999999999,-5.93512713914007));
#3865=CARTESIAN_POINT('',(-11.5670626847945,4.,-6.12512580194456));
#3866=CARTESIAN_POINT('Origin',(-11.5,4.,-24.));
#3867=CARTESIAN_POINT('',(-11.6589377051125,4.,-6.12570662079495));
#3868=CARTESIAN_POINT('Origin',(-11.6606271128871,0.999999999999999,-5.93571413172928));
#3869=CARTESIAN_POINT('',(-11.8430058397274,4.,-5.98898701410047));
#3870=CARTESIAN_POINT('Ctrl Pts',(-11.8430058335551,2.5,-5.98898703523126));
#3871=CARTESIAN_POINT('Ctrl Pts',(-11.8430058335551,-0.499999999999999,
-5.98898703523126));
#3872=CARTESIAN_POINT('Ctrl Pts',(-11.8452303110955,2.5,-5.98137157740766));
#3873=CARTESIAN_POINT('Ctrl Pts',(-11.8452303110955,-0.499999999999999,
-5.98137157740766));
#3874=CARTESIAN_POINT('Ctrl Pts',(-11.87760002988,2.5,-5.87148287652948));
#3875=CARTESIAN_POINT('Ctrl Pts',(-11.87760002988,-0.499999999999999,-5.87148287652948));
#3876=CARTESIAN_POINT('Ctrl Pts',(-11.9472833668557,2.5,-5.66038961817475));
#3877=CARTESIAN_POINT('Ctrl Pts',(-11.9472833668557,-0.499999999999999,
-5.66038961817475));
#3878=CARTESIAN_POINT('Ctrl Pts',(-12.0423014558325,2.5,-5.41567269784066));
#3879=CARTESIAN_POINT('Ctrl Pts',(-12.0423014558325,-0.499999999999999,
-5.41567269784066));
#3880=CARTESIAN_POINT('Ctrl Pts',(-12.1461578143486,2.5,-5.18334506084534));
#3881=CARTESIAN_POINT('Ctrl Pts',(-12.1461578143486,-0.499999999999999,
-5.18334506084534));
#3882=CARTESIAN_POINT('Ctrl Pts',(-12.2100098259196,2.5,-5.05005478449978));
#3883=CARTESIAN_POINT('Ctrl Pts',(-12.2100098259196,-0.499999999999999,
-5.05005478449978));
#3884=CARTESIAN_POINT('Ctrl Pts',(-12.2276232180722,2.5,-5.01393759977423));
#3885=CARTESIAN_POINT('Ctrl Pts',(-12.2276232180722,-0.499999999999999,
-5.01393759977423));
#3886=CARTESIAN_POINT('Ctrl Pts',(-9.85746677438414,2.5,-6.06076017157728));
#3887=CARTESIAN_POINT('Ctrl Pts',(-9.85746677438414,-0.5,-6.06076017157728));
#3888=CARTESIAN_POINT('Ctrl Pts',(-9.85469825491407,2.5,-6.0533252002838));
#3889=CARTESIAN_POINT('Ctrl Pts',(-9.85469825491407,-0.5,-6.0533252002838));
#3890=CARTESIAN_POINT('Ctrl Pts',(-9.81447888716532,2.5,-5.94606044496887));
#3891=CARTESIAN_POINT('Ctrl Pts',(-9.81447888716532,-0.5,-5.94606044496887));
#3892=CARTESIAN_POINT('Ctrl Pts',(-9.72973616392519,2.5,-5.74054936976186));
#3893=CARTESIAN_POINT('Ctrl Pts',(-9.72973616392519,-0.5,-5.74054936976186));
#3894=CARTESIAN_POINT('Ctrl Pts',(-9.61729713107199,2.5,-5.50333159593022));
#3895=CARTESIAN_POINT('Ctrl Pts',(-9.61729713107199,-0.5,-5.50333159593022));
#3896=CARTESIAN_POINT('Ctrl Pts',(-9.49693742115704,2.5,-5.27910890674549));
#3897=CARTESIAN_POINT('Ctrl Pts',(-9.49693742115704,-0.5,-5.27910890674549));
#3898=CARTESIAN_POINT('Ctrl Pts',(-9.42362829793991,2.5,-5.15077672214991));
#3899=CARTESIAN_POINT('Ctrl Pts',(-9.42362829793991,-0.5,-5.15077672214991));
#3900=CARTESIAN_POINT('Ctrl Pts',(-9.40345315977334,2.5,-5.11602551475247));
#3901=CARTESIAN_POINT('Ctrl Pts',(-9.40345315977334,-0.5,-5.11602551475247));
#3902=CARTESIAN_POINT('',(-9.85746676670226,-2.,-6.06076015094729));
#3903=CARTESIAN_POINT('Origin',(-10.0355231133452,0.999999999999999,-5.99445828505976));
#3904=CARTESIAN_POINT('',(-10.0509258594545,4.,-6.18383292806215));
#3905=CARTESIAN_POINT('Origin',(-11.5,4.,-24.));
#3906=CARTESIAN_POINT('',(-10.1425191558387,4.,-6.1766201084717));
#3907=CARTESIAN_POINT('Origin',(-10.1280899888239,0.999999999999999,-5.98716879773659));
#3908=CARTESIAN_POINT('',(-10.31432955025,4.,-6.0247829674043));
#3909=CARTESIAN_POINT('Ctrl Pts',(-10.314329545892,2.5,-6.02478298898242));
#3910=CARTESIAN_POINT('Ctrl Pts',(-10.314329545892,-0.499999999999999,-6.02478298898242));
#3911=CARTESIAN_POINT('Ctrl Pts',(-10.3159001737856,2.5,-6.01700631705858));
#3912=CARTESIAN_POINT('Ctrl Pts',(-10.3159001737856,-0.499999999999999,
-6.01700631705858));
#3913=CARTESIAN_POINT('Ctrl Pts',(-10.3388340674199,2.5,-5.90476834755784));
#3914=CARTESIAN_POINT('Ctrl Pts',(-10.3388340674199,-0.499999999999999,
-5.90476834755784));
#3915=CARTESIAN_POINT('Ctrl Pts',(-10.3903644104504,2.5,-5.68852599527216));
#3916=CARTESIAN_POINT('Ctrl Pts',(-10.3903644104504,-0.499999999999999,
-5.68852599527216));
#3917=CARTESIAN_POINT('Ctrl Pts',(-10.4642867510093,2.5,-5.43663257356984));
#3918=CARTESIAN_POINT('Ctrl Pts',(-10.4642867510093,-0.499999999999999,
-5.43663257356984));
#3919=CARTESIAN_POINT('Ctrl Pts',(-10.5480662057673,2.5,-5.19633426505206));
#3920=CARTESIAN_POINT('Ctrl Pts',(-10.5480662057673,-0.499999999999999,
-5.19633426505206));
#3921=CARTESIAN_POINT('Ctrl Pts',(-10.6003843846259,2.5,-5.05810913958332));
#3922=CARTESIAN_POINT('Ctrl Pts',(-10.6003843846259,-0.499999999999999,
-5.05810913958332));
#3923=CARTESIAN_POINT('Ctrl Pts',(-10.6148713730914,2.5,-5.0206283474249));
#3924=CARTESIAN_POINT('Ctrl Pts',(-10.6148713730914,-0.499999999999999,
-5.0206283474249));
#3925=CARTESIAN_POINT('Ctrl Pts',(-8.34203020111144,2.5,-6.26468303727764));
#3926=CARTESIAN_POINT('Ctrl Pts',(-8.34203020111144,-0.5,-6.26468303727764));
#3927=CARTESIAN_POINT('Ctrl Pts',(-8.33864112565049,2.5,-6.25750963740651));
#3928=CARTESIAN_POINT('Ctrl Pts',(-8.33864112565049,-0.5,-6.25750963740651));
#3929=CARTESIAN_POINT('Ctrl Pts',(-8.28946996189674,2.5,-6.15404214526535));
#3930=CARTESIAN_POINT('Ctrl Pts',(-8.28946996189674,-0.5,-6.15404214526535));
#3931=CARTESIAN_POINT('Ctrl Pts',(-8.18760396856513,2.5,-5.95645811104836));
#3932=CARTESIAN_POINT('Ctrl Pts',(-8.18760396856513,-0.5,-5.95645811104836));
#3933=CARTESIAN_POINT('Ctrl Pts',(-8.05545252600424,2.5,-5.7296304130931));
#3934=CARTESIAN_POINT('Ctrl Pts',(-8.05545252600424,-0.5,-5.7296304130931));
#3935=CARTESIAN_POINT('Ctrl Pts',(-7.91651100087858,2.5,-5.51642270518412));
#3936=CARTESIAN_POINT('Ctrl Pts',(-7.91651100087858,-0.5,-5.51642270518412));
#3937=CARTESIAN_POINT('Ctrl Pts',(-7.83258264506318,2.5,-5.39476988672083));
#3938=CARTESIAN_POINT('Ctrl Pts',(-7.83258264506318,-0.499999999999999,
-5.39476988672083));
#3939=CARTESIAN_POINT('Ctrl Pts',(-7.80953307979303,2.5,-5.36185484218984));
#3940=CARTESIAN_POINT('Ctrl Pts',(-7.80953307979303,-0.499999999999999,
-5.36185484218984));
#3941=CARTESIAN_POINT('',(-8.34203019170769,-2.,-6.26468301737343));
#3942=CARTESIAN_POINT('Origin',(-8.51382229729072,0.999999999999999,-6.18351977163162));
#3943=CARTESIAN_POINT('',(-8.54522964650272,4.,-6.37090594618959));
#3944=CARTESIAN_POINT('Origin',(-11.5,4.,-24.));
#3945=CARTESIAN_POINT('',(-8.63588128715387,4.,-6.35595145668873));
#3946=CARTESIAN_POINT('Origin',(-8.60543750782852,0.999999999999999,-6.16840632531927));
#3947=CARTESIAN_POINT('',(-8.79419604353285,4.,-6.19009077132914));
#3948=CARTESIAN_POINT('Ctrl Pts',(-8.79419604102045,2.5,-6.1900907931991));
#3949=CARTESIAN_POINT('Ctrl Pts',(-8.79419604102045,-0.499999999999999,
-6.1900907931991));
#3950=CARTESIAN_POINT('Ctrl Pts',(-8.7951015028572,2.5,-6.18220893827446));
#3951=CARTESIAN_POINT('Ctrl Pts',(-8.7951015028572,-0.499999999999999,-6.18220893827446));
#3952=CARTESIAN_POINT('Ctrl Pts',(-8.80843433211215,2.5,-6.06843037729332));
#3953=CARTESIAN_POINT('Ctrl Pts',(-8.80843433211215,-0.499999999999999,
-6.06843037729332));
#3954=CARTESIAN_POINT('Ctrl Pts',(-8.8414404038952,2.5,-5.8485969621801));
#3955=CARTESIAN_POINT('Ctrl Pts',(-8.8414404038952,-0.499999999999999,-5.8485969621801));
#3956=CARTESIAN_POINT('Ctrl Pts',(-8.89373438387846,2.5,-5.59134193698504));
#3957=CARTESIAN_POINT('Ctrl Pts',(-8.89373438387846,-0.499999999999999,
-5.59134193698504));
#3958=CARTESIAN_POINT('Ctrl Pts',(-8.95683330198701,2.5,-5.34480431176411));
#3959=CARTESIAN_POINT('Ctrl Pts',(-8.95683330198701,-0.499999999999999,
-5.34480431176411));
#3960=CARTESIAN_POINT('Ctrl Pts',(-8.99724069445579,2.5,-5.20264025236859));
#3961=CARTESIAN_POINT('Ctrl Pts',(-8.99724069445579,-0.499999999999999,
-5.20264025236859));
#3962=CARTESIAN_POINT('Ctrl Pts',(-9.00849690015023,2.5,-5.16406590274368));
#3963=CARTESIAN_POINT('Ctrl Pts',(-9.00849690015023,-0.499999999999999,
-5.16406590274368));
#3964=CARTESIAN_POINT('Ctrl Pts',(-6.84934687260443,2.5,-6.59638926809825));
#3965=CARTESIAN_POINT('Ctrl Pts',(-6.84934687260443,-0.499999999999999,
-6.59638926809825));
#3966=CARTESIAN_POINT('Ctrl Pts',(-6.84536165951896,2.5,-6.58952912415993));
#3967=CARTESIAN_POINT('Ctrl Pts',(-6.84536165951896,-0.499999999999999,
-6.58952912415993));
#3968=CARTESIAN_POINT('Ctrl Pts',(-6.78759297912182,2.5,-6.49060438084435));
#3969=CARTESIAN_POINT('Ctrl Pts',(-6.78759297912182,-0.499999999999999,
-6.49060438084435));
#3970=CARTESIAN_POINT('Ctrl Pts',(-6.66933766251495,2.5,-6.30237098511155));
#3971=CARTESIAN_POINT('Ctrl Pts',(-6.66933766251495,-0.499999999999999,
-6.30237098511155));
#3972=CARTESIAN_POINT('Ctrl Pts',(-6.51842596441825,2.5,-6.0875676617942));
#3973=CARTESIAN_POINT('Ctrl Pts',(-6.51842596441825,-0.499999999999999,
-6.0875676617942));
#3974=CARTESIAN_POINT('Ctrl Pts',(-6.36190370095425,2.5,-5.8869111015821));
#3975=CARTESIAN_POINT('Ctrl Pts',(-6.36190370095425,-0.499999999999999,
-5.8869111015821));
#3976=CARTESIAN_POINT('Ctrl Pts',(-6.26796081826745,2.5,-5.77281416059579));
#3977=CARTESIAN_POINT('Ctrl Pts',(-6.26796081826745,-0.499999999999999,
-5.77281416059579));
#3978=CARTESIAN_POINT('Ctrl Pts',(-6.24220289853967,2.5,-5.74197243258133));
#3979=CARTESIAN_POINT('Ctrl Pts',(-6.24220289853967,-0.499999999999999,
-5.74197243258133));
#3980=CARTESIAN_POINT('',(-6.84934686154657,-2.,-6.59638924906325));
#3981=CARTESIAN_POINT('',(-6.24220291721164,4.,-5.74197245493856));
#3982=CARTESIAN_POINT('Origin',(-7.01363696001237,0.999999999999999,-6.50094940651258));
#3983=CARTESIAN_POINT('',(-7.0608226216563,4.,-6.68499699094449));
#3984=CARTESIAN_POINT('Origin',(-11.5,4.,-24.));
#3985=CARTESIAN_POINT('',(-7.14987945942619,4.,-6.66240857897275));
#3986=CARTESIAN_POINT('Origin',(-7.10364041591799,0.999999999999999,-6.47812089393806));
#3987=CARTESIAN_POINT('',(-7.29355791632536,4.,-6.48371937935968));
#3988=CARTESIAN_POINT('Ctrl Pts',(-7.29355791567671,2.5,-6.48371940136392));
#3989=CARTESIAN_POINT('Ctrl Pts',(-7.29355791567671,-0.499999999999999,
-6.48371940136392));
#3990=CARTESIAN_POINT('Ctrl Pts',(-7.29379168758336,2.5,-6.4757891523838));
#3991=CARTESIAN_POINT('Ctrl Pts',(-7.29379168758336,-0.499999999999999,
-6.4757891523838));
#3992=CARTESIAN_POINT('Ctrl Pts',(-7.29742738911866,2.5,-6.36128977706138));
#3993=CARTESIAN_POINT('Ctrl Pts',(-7.29742738911866,-0.499999999999999,
-6.36128977706138));
#3994=CARTESIAN_POINT('Ctrl Pts',(-7.31167138015066,2.5,-6.13944920391397));
#3995=CARTESIAN_POINT('Ctrl Pts',(-7.31167138015066,-0.499999999999999,
-6.13944920391397));
#3996=CARTESIAN_POINT('Ctrl Pts',(-7.34196022023424,2.5,-5.87868610357768));
#3997=CARTESIAN_POINT('Ctrl Pts',(-7.34196022023424,-0.499999999999999,
-5.87868610357768));
#3998=CARTESIAN_POINT('Ctrl Pts',(-7.38392397254249,2.5,-5.6276854708927));
#3999=CARTESIAN_POINT('Ctrl Pts',(-7.38392397254249,-0.499999999999999,
-5.6276854708927));
#4000=CARTESIAN_POINT('Ctrl Pts',(-7.4121294424327,2.5,-5.48260677287604));
#4001=CARTESIAN_POINT('Ctrl Pts',(-7.4121294424327,-0.499999999999999,-5.48260677287604));
#4002=CARTESIAN_POINT('Ctrl Pts',(-7.42007376413617,2.5,-5.44321679485761));
#4003=CARTESIAN_POINT('Ctrl Pts',(-7.42007376413617,-0.499999999999999,
-5.44321679485761));
#4004=CARTESIAN_POINT('Origin',(-11.5,-2.,-24.));
#4005=CARTESIAN_POINT('',(-6.23483426023763,-2.,-5.74409603079506));
#4006=CARTESIAN_POINT('Origin',(-11.5,-2.,-24.));
#4007=CARTESIAN_POINT('',(-13.8444902412156,-2.,-5.14520311674387));
#4008=CARTESIAN_POINT('Origin',(21.,0.,8.));
#4009=CARTESIAN_POINT('',(21.,0.,6.));
#4010=CARTESIAN_POINT('',(21.,2.5,4.));
#4011=CARTESIAN_POINT('Origin',(28.,0.,1.));
#4012=CARTESIAN_POINT('',(26.,0.,1.));
#4013=CARTESIAN_POINT('',(24.,0.,1.));
#4014=CARTESIAN_POINT('Origin',(24.,0.,4.));
#4015=CARTESIAN_POINT('Origin',(-28.,0.,1.));
#4016=CARTESIAN_POINT('',(-26.,0.,1.));
#4017=CARTESIAN_POINT('',(-24.,2.5,1.));
#4018=CARTESIAN_POINT('Origin',(-21.,0.,8.));
#4019=CARTESIAN_POINT('',(-21.,2.5,6.));
#4020=CARTESIAN_POINT('',(-21.,0.,4.));
#4021=CARTESIAN_POINT('Origin',(-24.,0.,4.));
#4022=CARTESIAN_POINT('Origin',(-19.,0.,6.));
#4023=CARTESIAN_POINT('Origin',(-26.,2.5,-1.));
#4024=CARTESIAN_POINT('Origin',(19.,2.5,6.));
#4025=CARTESIAN_POINT('Origin',(26.,0.,-1.));
#4026=CARTESIAN_POINT('Origin',(-27.,-7.5,-4.));
#4027=CARTESIAN_POINT('Origin',(27.,2.5,-4.));
#4028=CARTESIAN_POINT('Origin',(-14.1860408485291,-2.,-4.88782627328767));
#4029=CARTESIAN_POINT('Origin',(-6.23483426023763,-2.,-5.74409603079507));
#4030=CARTESIAN_POINT('Origin',(13.8444902412156,-2.,-5.14520311674388));
#4031=CARTESIAN_POINT('Origin',(5.85722609885104,-2.,-5.54331820991347));
#4032=CARTESIAN_POINT('Origin',(19.1811457478686,-7.5,5.));
#4033=CARTESIAN_POINT('Origin',(-19.1811457478686,-7.5,5.));
#4034=CARTESIAN_POINT('',(1.51788304147971E-14,9.5,22.));
#4035=UNCERTAINTY_MEASURE_WITH_UNIT(LENGTH_MEASURE(0.01),#4041,
'DISTANCE_ACCURACY_VALUE',
'Maximum model space distance between geometric entities at asserted c
onnectivities');
#4036=UNCERTAINTY_MEASURE_WITH_UNIT(LENGTH_MEASURE(0.01),#4041,
'DISTANCE_ACCURACY_VALUE',
'Maximum model space distance between geometric entities at asserted c
onnectivities');
#4037=UNCERTAINTY_MEASURE_WITH_UNIT(LENGTH_MEASURE(0.01),#4041,
'DISTANCE_ACCURACY_VALUE',
'Maximum model space distance between geometric entities at asserted c
onnectivities');
#4038=(
GEOMETRIC_REPRESENTATION_CONTEXT(3)
GLOBAL_UNCERTAINTY_ASSIGNED_CONTEXT((#4035))
GLOBAL_UNIT_ASSIGNED_CONTEXT((#4041,#4043,#4044))
REPRESENTATION_CONTEXT('','3D')
);
#4039=(
GEOMETRIC_REPRESENTATION_CONTEXT(3)
GLOBAL_UNCERTAINTY_ASSIGNED_CONTEXT((#4036))
GLOBAL_UNIT_ASSIGNED_CONTEXT((#4041,#4043,#4044))
REPRESENTATION_CONTEXT('','3D')
);
#4040=(
GEOMETRIC_REPRESENTATION_CONTEXT(3)
GLOBAL_UNCERTAINTY_ASSIGNED_CONTEXT((#4037))
GLOBAL_UNIT_ASSIGNED_CONTEXT((#4041,#4043,#4044))
REPRESENTATION_CONTEXT('','3D')
);
#4041=(
LENGTH_UNIT()
NAMED_UNIT(*)
SI_UNIT(.MILLI.,.METRE.)
);
#4042=(
LENGTH_UNIT()
NAMED_UNIT(*)
SI_UNIT($,.METRE.)
);
#4043=(
NAMED_UNIT(*)
PLANE_ANGLE_UNIT()
SI_UNIT($,.RADIAN.)
);
#4044=(
NAMED_UNIT(*)
SI_UNIT($,.STERADIAN.)
SOLID_ANGLE_UNIT()
);
#4045=SHAPE_DEFINITION_REPRESENTATION(#4047,#4050);
#4046=SHAPE_DEFINITION_REPRESENTATION(#4048,#4051);
#4047=PRODUCT_DEFINITION_SHAPE('',$,#4053);
#4048=PRODUCT_DEFINITION_SHAPE('',$,#4054);
#4049=PRODUCT_DEFINITION_SHAPE($,$,#14);
#4050=SHAPE_REPRESENTATION('',(#2051,#2262),#4038);
#4051=SHAPE_REPRESENTATION('',(#2052),#4039);
#4052=PRODUCT_DEFINITION_CONTEXT('part definition',#4060,'design');
#4053=PRODUCT_DEFINITION('YUDX Extruder','YUDX Extruder v9',#4055,#4052);
#4054=PRODUCT_DEFINITION('line_cut_rack','line_cut_rack',#4056,#4052);
#4055=PRODUCT_DEFINITION_FORMATION('',$,#4062);
#4056=PRODUCT_DEFINITION_FORMATION('',$,#4063);
#4057=PRODUCT_RELATED_PRODUCT_CATEGORY('YUDX Extruder v9',
'YUDX Extruder v9',(#4062));
#4058=PRODUCT_RELATED_PRODUCT_CATEGORY('line_cut_rack','line_cut_rack',
(#4063));
#4059=APPLICATION_PROTOCOL_DEFINITION('international standard',
'automotive_design',2009,#4060);
#4060=APPLICATION_CONTEXT(
'Core Data for Automotive Mechanical Design Process');
#4061=PRODUCT_CONTEXT('part definition',#4060,'mechanical');
#4062=PRODUCT('YUDX Extruder','YUDX Extruder v9','STEP AP214',(#4061));
#4063=PRODUCT('line_cut_rack','line_cut_rack',$,(#4061));
#4064=PRESENTATION_STYLE_ASSIGNMENT((#4067));
#4065=PRESENTATION_STYLE_ASSIGNMENT((#4068));
#4066=PRESENTATION_STYLE_ASSIGNMENT((#4069));
#4067=SURFACE_STYLE_USAGE(.BOTH.,#4070);
#4068=SURFACE_STYLE_USAGE(.BOTH.,#4071);
#4069=SURFACE_STYLE_USAGE(.BOTH.,#4072);
#4070=SURFACE_SIDE_STYLE('',(#4073));
#4071=SURFACE_SIDE_STYLE('',(#4074));
#4072=SURFACE_SIDE_STYLE('',(#4075));
#4073=SURFACE_STYLE_FILL_AREA(#4076);
#4074=SURFACE_STYLE_FILL_AREA(#4077);
#4075=SURFACE_STYLE_FILL_AREA(#4078);
#4076=FILL_AREA_STYLE('Steel - Satin',(#4079));
#4077=FILL_AREA_STYLE('Black',(#4080));
#4078=FILL_AREA_STYLE('Opaque(255,255,255)',(#4081));
#4079=FILL_AREA_STYLE_COLOUR('Steel - Satin',#4082);
#4080=FILL_AREA_STYLE_COLOUR('Black',#4083);
#4081=FILL_AREA_STYLE_COLOUR('Opaque(255,255,255)',#4084);
#4082=COLOUR_RGB('Steel - Satin',0.627450980392157,0.627450980392157,0.627450980392157);
#4083=COLOUR_RGB('Black',0.172549019607843,0.172549019607843,0.172549019607843);
#4084=COLOUR_RGB('Opaque(255,255,255)',1.,1.,1.);
ENDSEC;
END-ISO-10303-21;
