solid ASCII
  facet normal 1.000000e+00 0.000000e+00 -8.359326e-17
    outer loop
      vertex   2.900000e+01 1.000000e+00 -1.725000e+01
      vertex   2.900000e+01 1.000000e+00 2.525000e+01
      vertex   2.900000e+01 0.000000e+00 -1.725000e+01
    endloop
  endfacet
  facet normal 1.000000e+00 0.000000e+00 -8.359326e-17
    outer loop
      vertex   2.900000e+01 0.000000e+00 -1.725000e+01
      vertex   2.900000e+01 1.000000e+00 2.525000e+01
      vertex   2.900000e+01 0.000000e+00 2.525000e+01
    endloop
  endfacet
  facet normal 0.000000e+00 -0.000000e+00 -1.000000e+00
    outer loop
      vertex   -2.100000e+01 1.000000e+00 -2.525000e+01
      vertex   2.100000e+01 1.000000e+00 -2.525000e+01
      vertex   -2.100000e+01 0.000000e+00 -2.525000e+01
    endloop
  endfacet
  facet normal 0.000000e+00 0.000000e+00 -1.000000e+00
    outer loop
      vertex   -2.100000e+01 0.000000e+00 -2.525000e+01
      vertex   2.100000e+01 1.000000e+00 -2.525000e+01
      vertex   2.100000e+01 0.000000e+00 -2.525000e+01
    endloop
  endfacet
  facet normal -1.000000e+00 0.000000e+00 8.359326e-17
    outer loop
      vertex   -2.900000e+01 1.000000e+00 2.525000e+01
      vertex   -2.900000e+01 1.000000e+00 -1.725000e+01
      vertex   -2.900000e+01 0.000000e+00 2.525000e+01
    endloop
  endfacet
  facet normal -1.000000e+00 0.000000e+00 8.359326e-17
    outer loop
      vertex   -2.900000e+01 0.000000e+00 2.525000e+01
      vertex   -2.900000e+01 1.000000e+00 -1.725000e+01
      vertex   -2.900000e+01 0.000000e+00 -1.725000e+01
    endloop
  endfacet
  facet normal 0.000000e+00 0.000000e+00 1.000000e+00
    outer loop
      vertex   2.900000e+01 1.000000e+00 2.525000e+01
      vertex   -2.900000e+01 1.000000e+00 2.525000e+01
      vertex   2.900000e+01 0.000000e+00 2.525000e+01
    endloop
  endfacet
  facet normal 0.000000e+00 0.000000e+00 1.000000e+00
    outer loop
      vertex   2.900000e+01 0.000000e+00 2.525000e+01
      vertex   -2.900000e+01 1.000000e+00 2.525000e+01
      vertex   -2.900000e+01 0.000000e+00 2.525000e+01
    endloop
  endfacet
  facet normal 0.000000e+00 1.000000e+00 0.000000e+00
    outer loop
      vertex   2.600000e+01 4.000000e+00 2.225000e+01
      vertex   2.600000e+01 4.000000e+00 -1.725000e+01
      vertex   -2.600000e+01 4.000000e+00 2.225000e+01
    endloop
  endfacet
  facet normal 0.000000e+00 1.000000e+00 0.000000e+00
    outer loop
      vertex   -2.600000e+01 4.000000e+00 2.225000e+01
      vertex   2.600000e+01 4.000000e+00 -1.725000e+01
      vertex   2.139230e+01 4.000000e+00 -2.223459e+01
    endloop
  endfacet
  facet normal 0.000000e+00 1.000000e+00 0.000000e+00
    outer loop
      vertex   -2.600000e+01 4.000000e+00 2.225000e+01
      vertex   2.139230e+01 4.000000e+00 -2.223459e+01
      vertex   2.100000e+01 4.000000e+00 -2.225000e+01
    endloop
  endfacet
  facet normal 0.000000e+00 1.000000e+00 0.000000e+00
    outer loop
      vertex   2.600000e+01 4.000000e+00 -1.725000e+01
      vertex   2.598459e+01 4.000000e+00 -1.764230e+01
      vertex   2.139230e+01 4.000000e+00 -2.223459e+01
    endloop
  endfacet
  facet normal 0.000000e+00 1.000000e+00 0.000000e+00
    outer loop
      vertex   2.139230e+01 4.000000e+00 -2.223459e+01
      vertex   2.598459e+01 4.000000e+00 -1.764230e+01
      vertex   2.593844e+01 4.000000e+00 -1.803217e+01
    endloop
  endfacet
  facet normal 0.000000e+00 1.000000e+00 0.000000e+00
    outer loop
      vertex   2.139230e+01 4.000000e+00 -2.223459e+01
      vertex   2.593844e+01 4.000000e+00 -1.803217e+01
      vertex   2.586185e+01 4.000000e+00 -1.841723e+01
    endloop
  endfacet
  facet normal 0.000000e+00 1.000000e+00 0.000000e+00
    outer loop
      vertex   2.586185e+01 4.000000e+00 -1.841723e+01
      vertex   2.575528e+01 4.000000e+00 -1.879508e+01
      vertex   2.139230e+01 4.000000e+00 -2.223459e+01
    endloop
  endfacet
  facet normal 0.000000e+00 1.000000e+00 0.000000e+00
    outer loop
      vertex   2.139230e+01 4.000000e+00 -2.223459e+01
      vertex   2.575528e+01 4.000000e+00 -1.879508e+01
      vertex   2.561940e+01 4.000000e+00 -1.916342e+01
    endloop
  endfacet
  facet normal 0.000000e+00 1.000000e+00 0.000000e+00
    outer loop
      vertex   2.139230e+01 4.000000e+00 -2.223459e+01
      vertex   2.561940e+01 4.000000e+00 -1.916342e+01
      vertex   2.545503e+01 4.000000e+00 -1.951995e+01
    endloop
  endfacet
  facet normal 0.000000e+00 1.000000e+00 0.000000e+00
    outer loop
      vertex   2.545503e+01 4.000000e+00 -1.951995e+01
      vertex   2.526320e+01 4.000000e+00 -1.986249e+01
      vertex   2.139230e+01 4.000000e+00 -2.223459e+01
    endloop
  endfacet
  facet normal 0.000000e+00 1.000000e+00 0.000000e+00
    outer loop
      vertex   2.139230e+01 4.000000e+00 -2.223459e+01
      vertex   2.526320e+01 4.000000e+00 -1.986249e+01
      vertex   2.504508e+01 4.000000e+00 -2.018893e+01
    endloop
  endfacet
  facet normal 0.000000e+00 1.000000e+00 0.000000e+00
    outer loop
      vertex   2.139230e+01 4.000000e+00 -2.223459e+01
      vertex   2.504508e+01 4.000000e+00 -2.018893e+01
      vertex   2.480203e+01 4.000000e+00 -2.049724e+01
    endloop
  endfacet
  facet normal 0.000000e+00 1.000000e+00 0.000000e+00
    outer loop
      vertex   2.480203e+01 4.000000e+00 -2.049724e+01
      vertex   2.453553e+01 4.000000e+00 -2.078553e+01
      vertex   2.139230e+01 4.000000e+00 -2.223459e+01
    endloop
  endfacet
  facet normal 0.000000e+00 1.000000e+00 0.000000e+00
    outer loop
      vertex   2.139230e+01 4.000000e+00 -2.223459e+01
      vertex   2.453553e+01 4.000000e+00 -2.078553e+01
      vertex   2.424724e+01 4.000000e+00 -2.105203e+01
    endloop
  endfacet
  facet normal 0.000000e+00 1.000000e+00 0.000000e+00
    outer loop
      vertex   2.139230e+01 4.000000e+00 -2.223459e+01
      vertex   2.424724e+01 4.000000e+00 -2.105203e+01
      vertex   2.393893e+01 4.000000e+00 -2.129508e+01
    endloop
  endfacet
  facet normal 0.000000e+00 1.000000e+00 0.000000e+00
    outer loop
      vertex   2.393893e+01 4.000000e+00 -2.129508e+01
      vertex   2.361249e+01 4.000000e+00 -2.151320e+01
      vertex   2.139230e+01 4.000000e+00 -2.223459e+01
    endloop
  endfacet
  facet normal 0.000000e+00 1.000000e+00 0.000000e+00
    outer loop
      vertex   2.139230e+01 4.000000e+00 -2.223459e+01
      vertex   2.361249e+01 4.000000e+00 -2.151320e+01
      vertex   2.326995e+01 4.000000e+00 -2.170503e+01
    endloop
  endfacet
  facet normal 0.000000e+00 1.000000e+00 0.000000e+00
    outer loop
      vertex   2.139230e+01 4.000000e+00 -2.223459e+01
      vertex   2.326995e+01 4.000000e+00 -2.170503e+01
      vertex   2.291342e+01 4.000000e+00 -2.186940e+01
    endloop
  endfacet
  facet normal 0.000000e+00 1.000000e+00 0.000000e+00
    outer loop
      vertex   2.139230e+01 4.000000e+00 -2.223459e+01
      vertex   2.291342e+01 4.000000e+00 -2.186940e+01
      vertex   2.178217e+01 4.000000e+00 -2.218844e+01
    endloop
  endfacet
  facet normal 0.000000e+00 1.000000e+00 0.000000e+00
    outer loop
      vertex   2.178217e+01 4.000000e+00 -2.218844e+01
      vertex   2.291342e+01 4.000000e+00 -2.186940e+01
      vertex   2.254508e+01 4.000000e+00 -2.200528e+01
    endloop
  endfacet
  facet normal 0.000000e+00 1.000000e+00 0.000000e+00
    outer loop
      vertex   2.178217e+01 4.000000e+00 -2.218844e+01
      vertex   2.254508e+01 4.000000e+00 -2.200528e+01
      vertex   2.216723e+01 4.000000e+00 -2.211185e+01
    endloop
  endfacet
  facet normal 0.000000e+00 1.000000e+00 0.000000e+00
    outer loop
      vertex   2.100000e+01 4.000000e+00 -2.225000e+01
      vertex   -2.100000e+01 4.000000e+00 -2.225000e+01
      vertex   -2.600000e+01 4.000000e+00 2.225000e+01
    endloop
  endfacet
  facet normal 0.000000e+00 1.000000e+00 0.000000e+00
    outer loop
      vertex   -2.600000e+01 4.000000e+00 2.225000e+01
      vertex   -2.100000e+01 4.000000e+00 -2.225000e+01
      vertex   -2.139230e+01 4.000000e+00 -2.223459e+01
    endloop
  endfacet
  facet normal 0.000000e+00 1.000000e+00 0.000000e+00
    outer loop
      vertex   -2.600000e+01 4.000000e+00 2.225000e+01
      vertex   -2.139230e+01 4.000000e+00 -2.223459e+01
      vertex   -2.178217e+01 4.000000e+00 -2.218844e+01
    endloop
  endfacet
  facet normal 0.000000e+00 1.000000e+00 0.000000e+00
    outer loop
      vertex   -2.178217e+01 4.000000e+00 -2.218844e+01
      vertex   -2.216723e+01 4.000000e+00 -2.211185e+01
      vertex   -2.600000e+01 4.000000e+00 2.225000e+01
    endloop
  endfacet
  facet normal 0.000000e+00 1.000000e+00 0.000000e+00
    outer loop
      vertex   -2.600000e+01 4.000000e+00 2.225000e+01
      vertex   -2.216723e+01 4.000000e+00 -2.211185e+01
      vertex   -2.254508e+01 4.000000e+00 -2.200528e+01
    endloop
  endfacet
  facet normal 0.000000e+00 1.000000e+00 0.000000e+00
    outer loop
      vertex   -2.600000e+01 4.000000e+00 2.225000e+01
      vertex   -2.254508e+01 4.000000e+00 -2.200528e+01
      vertex   -2.291342e+01 4.000000e+00 -2.186940e+01
    endloop
  endfacet
  facet normal 0.000000e+00 1.000000e+00 0.000000e+00
    outer loop
      vertex   -2.291342e+01 4.000000e+00 -2.186940e+01
      vertex   -2.326995e+01 4.000000e+00 -2.170503e+01
      vertex   -2.600000e+01 4.000000e+00 2.225000e+01
    endloop
  endfacet
  facet normal 0.000000e+00 1.000000e+00 0.000000e+00
    outer loop
      vertex   -2.600000e+01 4.000000e+00 2.225000e+01
      vertex   -2.326995e+01 4.000000e+00 -2.170503e+01
      vertex   -2.361249e+01 4.000000e+00 -2.151320e+01
    endloop
  endfacet
  facet normal 0.000000e+00 1.000000e+00 0.000000e+00
    outer loop
      vertex   -2.600000e+01 4.000000e+00 2.225000e+01
      vertex   -2.361249e+01 4.000000e+00 -2.151320e+01
      vertex   -2.393893e+01 4.000000e+00 -2.129508e+01
    endloop
  endfacet
  facet normal 0.000000e+00 1.000000e+00 0.000000e+00
    outer loop
      vertex   -2.393893e+01 4.000000e+00 -2.129508e+01
      vertex   -2.424724e+01 4.000000e+00 -2.105203e+01
      vertex   -2.600000e+01 4.000000e+00 2.225000e+01
    endloop
  endfacet
  facet normal 0.000000e+00 1.000000e+00 0.000000e+00
    outer loop
      vertex   -2.600000e+01 4.000000e+00 2.225000e+01
      vertex   -2.424724e+01 4.000000e+00 -2.105203e+01
      vertex   -2.453553e+01 4.000000e+00 -2.078553e+01
    endloop
  endfacet
  facet normal 0.000000e+00 1.000000e+00 0.000000e+00
    outer loop
      vertex   -2.600000e+01 4.000000e+00 2.225000e+01
      vertex   -2.453553e+01 4.000000e+00 -2.078553e+01
      vertex   -2.480203e+01 4.000000e+00 -2.049724e+01
    endloop
  endfacet
  facet normal 0.000000e+00 1.000000e+00 0.000000e+00
    outer loop
      vertex   -2.480203e+01 4.000000e+00 -2.049724e+01
      vertex   -2.504508e+01 4.000000e+00 -2.018893e+01
      vertex   -2.600000e+01 4.000000e+00 2.225000e+01
    endloop
  endfacet
  facet normal 0.000000e+00 1.000000e+00 0.000000e+00
    outer loop
      vertex   -2.600000e+01 4.000000e+00 2.225000e+01
      vertex   -2.504508e+01 4.000000e+00 -2.018893e+01
      vertex   -2.526320e+01 4.000000e+00 -1.986249e+01
    endloop
  endfacet
  facet normal 0.000000e+00 1.000000e+00 0.000000e+00
    outer loop
      vertex   -2.600000e+01 4.000000e+00 2.225000e+01
      vertex   -2.526320e+01 4.000000e+00 -1.986249e+01
      vertex   -2.545503e+01 4.000000e+00 -1.951995e+01
    endloop
  endfacet
  facet normal 0.000000e+00 1.000000e+00 0.000000e+00
    outer loop
      vertex   -2.545503e+01 4.000000e+00 -1.951995e+01
      vertex   -2.561940e+01 4.000000e+00 -1.916342e+01
      vertex   -2.600000e+01 4.000000e+00 2.225000e+01
    endloop
  endfacet
  facet normal 0.000000e+00 1.000000e+00 0.000000e+00
    outer loop
      vertex   -2.600000e+01 4.000000e+00 2.225000e+01
      vertex   -2.561940e+01 4.000000e+00 -1.916342e+01
      vertex   -2.575528e+01 4.000000e+00 -1.879508e+01
    endloop
  endfacet
  facet normal 0.000000e+00 1.000000e+00 0.000000e+00
    outer loop
      vertex   -2.600000e+01 4.000000e+00 2.225000e+01
      vertex   -2.575528e+01 4.000000e+00 -1.879508e+01
      vertex   -2.586185e+01 4.000000e+00 -1.841723e+01
    endloop
  endfacet
  facet normal 0.000000e+00 1.000000e+00 0.000000e+00
    outer loop
      vertex   -2.586185e+01 4.000000e+00 -1.841723e+01
      vertex   -2.593844e+01 4.000000e+00 -1.803217e+01
      vertex   -2.600000e+01 4.000000e+00 2.225000e+01
    endloop
  endfacet
  facet normal 0.000000e+00 1.000000e+00 0.000000e+00
    outer loop
      vertex   -2.600000e+01 4.000000e+00 2.225000e+01
      vertex   -2.593844e+01 4.000000e+00 -1.803217e+01
      vertex   -2.598459e+01 4.000000e+00 -1.764230e+01
    endloop
  endfacet
  facet normal 0.000000e+00 1.000000e+00 0.000000e+00
    outer loop
      vertex   -2.600000e+01 4.000000e+00 2.225000e+01
      vertex   -2.598459e+01 4.000000e+00 -1.764230e+01
      vertex   -2.600000e+01 4.000000e+00 -1.725000e+01
    endloop
  endfacet
  facet normal 0.000000e+00 -1.000000e+00 0.000000e+00
    outer loop
      vertex   -2.900000e+01 0.000000e+00 -1.725000e+01
      vertex   -2.600000e+01 0.000000e+00 1.755000e+01
      vertex   -2.900000e+01 0.000000e+00 2.525000e+01
    endloop
  endfacet
  facet normal 0.000000e+00 -1.000000e+00 0.000000e+00
    outer loop
      vertex   -2.900000e+01 0.000000e+00 2.525000e+01
      vertex   -2.600000e+01 0.000000e+00 1.755000e+01
      vertex   -2.400000e+01 0.000000e+00 1.955000e+01
    endloop
  endfacet
  facet normal 0.000000e+00 -1.000000e+00 0.000000e+00
    outer loop
      vertex   -2.900000e+01 0.000000e+00 2.525000e+01
      vertex   -2.400000e+01 0.000000e+00 1.955000e+01
      vertex   2.400000e+01 0.000000e+00 1.955000e+01
    endloop
  endfacet
  facet normal 0.000000e+00 -1.000000e+00 0.000000e+00
    outer loop
      vertex   -2.600000e+01 0.000000e+00 1.755000e+01
      vertex   -2.900000e+01 0.000000e+00 -1.725000e+01
      vertex   -2.600000e+01 0.000000e+00 -1.725000e+01
    endloop
  endfacet
  facet normal -0.000000e+00 -1.000000e+00 0.000000e+00
    outer loop
      vertex   -2.600000e+01 0.000000e+00 -1.725000e+01
      vertex   -2.900000e+01 0.000000e+00 -1.725000e+01
      vertex   -2.898540e+01 0.000000e+00 -1.773303e+01
    endloop
  endfacet
  facet normal 0.000000e+00 -1.000000e+00 0.000000e+00
    outer loop
      vertex   -2.600000e+01 0.000000e+00 -1.725000e+01
      vertex   -2.898540e+01 0.000000e+00 -1.773303e+01
      vertex   -2.894167e+01 0.000000e+00 -1.821429e+01
    endloop
  endfacet
  facet normal 0.000000e+00 -1.000000e+00 0.000000e+00
    outer loop
      vertex   -2.894167e+01 0.000000e+00 -1.821429e+01
      vertex   -2.886896e+01 0.000000e+00 -1.869204e+01
      vertex   -2.600000e+01 0.000000e+00 -1.725000e+01
    endloop
  endfacet
  facet normal 0.000000e+00 -1.000000e+00 0.000000e+00
    outer loop
      vertex   -2.600000e+01 0.000000e+00 -1.725000e+01
      vertex   -2.886896e+01 0.000000e+00 -1.869204e+01
      vertex   -2.876753e+01 0.000000e+00 -1.916453e+01
    endloop
  endfacet
  facet normal 0.000000e+00 -1.000000e+00 0.000000e+00
    outer loop
      vertex   -2.600000e+01 0.000000e+00 -1.725000e+01
      vertex   -2.876753e+01 0.000000e+00 -1.916453e+01
      vertex   -2.863777e+01 0.000000e+00 -1.963002e+01
    endloop
  endfacet
  facet normal 0.000000e+00 -1.000000e+00 0.000000e+00
    outer loop
      vertex   -2.863777e+01 0.000000e+00 -1.963002e+01
      vertex   -2.848013e+01 0.000000e+00 -2.008684e+01
      vertex   -2.600000e+01 0.000000e+00 -1.725000e+01
    endloop
  endfacet
  facet normal 0.000000e+00 -1.000000e+00 0.000000e+00
    outer loop
      vertex   -2.600000e+01 0.000000e+00 -1.725000e+01
      vertex   -2.848013e+01 0.000000e+00 -2.008684e+01
      vertex   -2.829520e+01 0.000000e+00 -2.053330e+01
    endloop
  endfacet
  facet normal 0.000000e+00 -1.000000e+00 0.000000e+00
    outer loop
      vertex   -2.600000e+01 0.000000e+00 -1.725000e+01
      vertex   -2.829520e+01 0.000000e+00 -2.053330e+01
      vertex   -2.808365e+01 0.000000e+00 -2.096779e+01
    endloop
  endfacet
  facet normal 0.000000e+00 -1.000000e+00 0.000000e+00
    outer loop
      vertex   -2.808365e+01 0.000000e+00 -2.096779e+01
      vertex   -2.784625e+01 0.000000e+00 -2.138870e+01
      vertex   -2.600000e+01 0.000000e+00 -1.725000e+01
    endloop
  endfacet
  facet normal 0.000000e+00 -1.000000e+00 0.000000e+00
    outer loop
      vertex   -2.600000e+01 0.000000e+00 -1.725000e+01
      vertex   -2.784625e+01 0.000000e+00 -2.138870e+01
      vertex   -2.758387e+01 0.000000e+00 -2.179452e+01
    endloop
  endfacet
  facet normal 0.000000e+00 -1.000000e+00 0.000000e+00
    outer loop
      vertex   -2.600000e+01 0.000000e+00 -1.725000e+01
      vertex   -2.758387e+01 0.000000e+00 -2.179452e+01
      vertex   -2.729747e+01 0.000000e+00 -2.218375e+01
    endloop
  endfacet
  facet normal 0.000000e+00 -1.000000e+00 0.000000e+00
    outer loop
      vertex   -2.729747e+01 0.000000e+00 -2.218375e+01
      vertex   -2.698809e+01 0.000000e+00 -2.255498e+01
      vertex   -2.600000e+01 0.000000e+00 -1.725000e+01
    endloop
  endfacet
  facet normal 0.000000e+00 -1.000000e+00 0.000000e+00
    outer loop
      vertex   -2.600000e+01 0.000000e+00 -1.725000e+01
      vertex   -2.698809e+01 0.000000e+00 -2.255498e+01
      vertex   -2.665685e+01 0.000000e+00 -2.290685e+01
    endloop
  endfacet
  facet normal 0.000000e+00 -1.000000e+00 -0.000000e+00
    outer loop
      vertex   -2.600000e+01 0.000000e+00 -1.725000e+01
      vertex   -2.665685e+01 0.000000e+00 -2.290685e+01
      vertex   -2.598459e+01 0.000000e+00 -1.764230e+01
    endloop
  endfacet
  facet normal 0.000000e+00 -1.000000e+00 -0.000000e+00
    outer loop
      vertex   -2.598459e+01 0.000000e+00 -1.764230e+01
      vertex   -2.665685e+01 0.000000e+00 -2.290685e+01
      vertex   -2.593844e+01 0.000000e+00 -1.803217e+01
    endloop
  endfacet
  facet normal 0.000000e+00 -1.000000e+00 -0.000000e+00
    outer loop
      vertex   -2.593844e+01 0.000000e+00 -1.803217e+01
      vertex   -2.665685e+01 0.000000e+00 -2.290685e+01
      vertex   -2.586185e+01 0.000000e+00 -1.841723e+01
    endloop
  endfacet
  facet normal 0.000000e+00 -1.000000e+00 -0.000000e+00
    outer loop
      vertex   -2.586185e+01 0.000000e+00 -1.841723e+01
      vertex   -2.665685e+01 0.000000e+00 -2.290685e+01
      vertex   -2.575528e+01 0.000000e+00 -1.879508e+01
    endloop
  endfacet
  facet normal 0.000000e+00 -1.000000e+00 -0.000000e+00
    outer loop
      vertex   -2.575528e+01 0.000000e+00 -1.879508e+01
      vertex   -2.665685e+01 0.000000e+00 -2.290685e+01
      vertex   -2.561940e+01 0.000000e+00 -1.916342e+01
    endloop
  endfacet
  facet normal 0.000000e+00 -1.000000e+00 -0.000000e+00
    outer loop
      vertex   -2.561940e+01 0.000000e+00 -1.916342e+01
      vertex   -2.665685e+01 0.000000e+00 -2.290685e+01
      vertex   -2.545503e+01 0.000000e+00 -1.951995e+01
    endloop
  endfacet
  facet normal 0.000000e+00 -1.000000e+00 -0.000000e+00
    outer loop
      vertex   -2.545503e+01 0.000000e+00 -1.951995e+01
      vertex   -2.665685e+01 0.000000e+00 -2.290685e+01
      vertex   -2.526320e+01 0.000000e+00 -1.986249e+01
    endloop
  endfacet
  facet normal 0.000000e+00 -1.000000e+00 -0.000000e+00
    outer loop
      vertex   -2.526320e+01 0.000000e+00 -1.986249e+01
      vertex   -2.665685e+01 0.000000e+00 -2.290685e+01
      vertex   -2.504508e+01 0.000000e+00 -2.018893e+01
    endloop
  endfacet
  facet normal 0.000000e+00 -1.000000e+00 -0.000000e+00
    outer loop
      vertex   -2.504508e+01 0.000000e+00 -2.018893e+01
      vertex   -2.665685e+01 0.000000e+00 -2.290685e+01
      vertex   -2.480203e+01 0.000000e+00 -2.049724e+01
    endloop
  endfacet
  facet normal 0.000000e+00 -1.000000e+00 -0.000000e+00
    outer loop
      vertex   -2.480203e+01 0.000000e+00 -2.049724e+01
      vertex   -2.665685e+01 0.000000e+00 -2.290685e+01
      vertex   -2.453553e+01 0.000000e+00 -2.078553e+01
    endloop
  endfacet
  facet normal 0.000000e+00 -1.000000e+00 -0.000000e+00
    outer loop
      vertex   -2.453553e+01 0.000000e+00 -2.078553e+01
      vertex   -2.665685e+01 0.000000e+00 -2.290685e+01
      vertex   -2.424724e+01 0.000000e+00 -2.105203e+01
    endloop
  endfacet
  facet normal 0.000000e+00 -1.000000e+00 0.000000e+00
    outer loop
      vertex   -2.424724e+01 0.000000e+00 -2.105203e+01
      vertex   -2.665685e+01 0.000000e+00 -2.290685e+01
      vertex   -2.630498e+01 0.000000e+00 -2.323809e+01
    endloop
  endfacet
  facet normal 0.000000e+00 -1.000000e+00 -0.000000e+00
    outer loop
      vertex   -2.424724e+01 0.000000e+00 -2.105203e+01
      vertex   -2.630498e+01 0.000000e+00 -2.323809e+01
      vertex   -2.393893e+01 0.000000e+00 -2.129508e+01
    endloop
  endfacet
  facet normal 0.000000e+00 -1.000000e+00 0.000000e+00
    outer loop
      vertex   -2.393893e+01 0.000000e+00 -2.129508e+01
      vertex   -2.630498e+01 0.000000e+00 -2.323809e+01
      vertex   -2.593375e+01 0.000000e+00 -2.354747e+01
    endloop
  endfacet
  facet normal 0.000000e+00 -1.000000e+00 -0.000000e+00
    outer loop
      vertex   -2.393893e+01 0.000000e+00 -2.129508e+01
      vertex   -2.593375e+01 0.000000e+00 -2.354747e+01
      vertex   -2.361249e+01 0.000000e+00 -2.151320e+01
    endloop
  endfacet
  facet normal 0.000000e+00 -1.000000e+00 0.000000e+00
    outer loop
      vertex   -2.361249e+01 0.000000e+00 -2.151320e+01
      vertex   -2.593375e+01 0.000000e+00 -2.354747e+01
      vertex   -2.554452e+01 0.000000e+00 -2.383387e+01
    endloop
  endfacet
  facet normal 0.000000e+00 -1.000000e+00 0.000000e+00
    outer loop
      vertex   -2.361249e+01 0.000000e+00 -2.151320e+01
      vertex   -2.554452e+01 0.000000e+00 -2.383387e+01
      vertex   -2.513870e+01 0.000000e+00 -2.409625e+01
    endloop
  endfacet
  facet normal 0.000000e+00 -1.000000e+00 -0.000000e+00
    outer loop
      vertex   -2.361249e+01 0.000000e+00 -2.151320e+01
      vertex   -2.513870e+01 0.000000e+00 -2.409625e+01
      vertex   -2.326995e+01 0.000000e+00 -2.170503e+01
    endloop
  endfacet
  facet normal 0.000000e+00 -1.000000e+00 0.000000e+00
    outer loop
      vertex   -2.326995e+01 0.000000e+00 -2.170503e+01
      vertex   -2.513870e+01 0.000000e+00 -2.409625e+01
      vertex   -2.471779e+01 0.000000e+00 -2.433365e+01
    endloop
  endfacet
  facet normal 0.000000e+00 -1.000000e+00 -0.000000e+00
    outer loop
      vertex   -2.326995e+01 0.000000e+00 -2.170503e+01
      vertex   -2.471779e+01 0.000000e+00 -2.433365e+01
      vertex   -2.291342e+01 0.000000e+00 -2.186940e+01
    endloop
  endfacet
  facet normal 0.000000e+00 -1.000000e+00 0.000000e+00
    outer loop
      vertex   -2.291342e+01 0.000000e+00 -2.186940e+01
      vertex   -2.471779e+01 0.000000e+00 -2.433365e+01
      vertex   -2.428330e+01 0.000000e+00 -2.454520e+01
    endloop
  endfacet
  facet normal 0.000000e+00 -1.000000e+00 -0.000000e+00
    outer loop
      vertex   -2.291342e+01 0.000000e+00 -2.186940e+01
      vertex   -2.428330e+01 0.000000e+00 -2.454520e+01
      vertex   -2.254508e+01 0.000000e+00 -2.200528e+01
    endloop
  endfacet
  facet normal 0.000000e+00 -1.000000e+00 0.000000e+00
    outer loop
      vertex   -2.254508e+01 0.000000e+00 -2.200528e+01
      vertex   -2.428330e+01 0.000000e+00 -2.454520e+01
      vertex   -2.383684e+01 0.000000e+00 -2.473013e+01
    endloop
  endfacet
  facet normal 0.000000e+00 -1.000000e+00 0.000000e+00
    outer loop
      vertex   -2.254508e+01 0.000000e+00 -2.200528e+01
      vertex   -2.383684e+01 0.000000e+00 -2.473013e+01
      vertex   -2.338002e+01 0.000000e+00 -2.488777e+01
    endloop
  endfacet
  facet normal 0.000000e+00 -1.000000e+00 -0.000000e+00
    outer loop
      vertex   -2.254508e+01 0.000000e+00 -2.200528e+01
      vertex   -2.338002e+01 0.000000e+00 -2.488777e+01
      vertex   -2.216723e+01 0.000000e+00 -2.211185e+01
    endloop
  endfacet
  facet normal 0.000000e+00 -1.000000e+00 0.000000e+00
    outer loop
      vertex   -2.216723e+01 0.000000e+00 -2.211185e+01
      vertex   -2.338002e+01 0.000000e+00 -2.488777e+01
      vertex   -2.291453e+01 0.000000e+00 -2.501753e+01
    endloop
  endfacet
  facet normal 0.000000e+00 -1.000000e+00 -0.000000e+00
    outer loop
      vertex   -2.216723e+01 0.000000e+00 -2.211185e+01
      vertex   -2.291453e+01 0.000000e+00 -2.501753e+01
      vertex   -2.178217e+01 0.000000e+00 -2.218844e+01
    endloop
  endfacet
  facet normal 0.000000e+00 -1.000000e+00 0.000000e+00
    outer loop
      vertex   -2.178217e+01 0.000000e+00 -2.218844e+01
      vertex   -2.291453e+01 0.000000e+00 -2.501753e+01
      vertex   -2.244204e+01 0.000000e+00 -2.511896e+01
    endloop
  endfacet
  facet normal 0.000000e+00 -1.000000e+00 0.000000e+00
    outer loop
      vertex   -2.178217e+01 0.000000e+00 -2.218844e+01
      vertex   -2.244204e+01 0.000000e+00 -2.511896e+01
      vertex   -2.196429e+01 0.000000e+00 -2.519167e+01
    endloop
  endfacet
  facet normal 0.000000e+00 -1.000000e+00 -0.000000e+00
    outer loop
      vertex   -2.178217e+01 0.000000e+00 -2.218844e+01
      vertex   -2.196429e+01 0.000000e+00 -2.519167e+01
      vertex   -2.139230e+01 0.000000e+00 -2.223459e+01
    endloop
  endfacet
  facet normal 0.000000e+00 -1.000000e+00 0.000000e+00
    outer loop
      vertex   -2.139230e+01 0.000000e+00 -2.223459e+01
      vertex   -2.196429e+01 0.000000e+00 -2.519167e+01
      vertex   -2.148303e+01 0.000000e+00 -2.523540e+01
    endloop
  endfacet
  facet normal 0.000000e+00 -1.000000e+00 -0.000000e+00
    outer loop
      vertex   -2.139230e+01 0.000000e+00 -2.223459e+01
      vertex   -2.148303e+01 0.000000e+00 -2.523540e+01
      vertex   -2.100000e+01 0.000000e+00 -2.225000e+01
    endloop
  endfacet
  facet normal 0.000000e+00 -1.000000e+00 0.000000e+00
    outer loop
      vertex   -2.100000e+01 0.000000e+00 -2.225000e+01
      vertex   -2.148303e+01 0.000000e+00 -2.523540e+01
      vertex   -2.100000e+01 0.000000e+00 -2.525000e+01
    endloop
  endfacet
  facet normal 0.000000e+00 -1.000000e+00 -0.000000e+00
    outer loop
      vertex   -2.100000e+01 0.000000e+00 -2.225000e+01
      vertex   -2.100000e+01 0.000000e+00 -2.525000e+01
      vertex   2.100000e+01 0.000000e+00 -2.225000e+01
    endloop
  endfacet
  facet normal 0.000000e+00 -1.000000e+00 0.000000e+00
    outer loop
      vertex   2.100000e+01 0.000000e+00 -2.225000e+01
      vertex   -2.100000e+01 0.000000e+00 -2.525000e+01
      vertex   2.100000e+01 0.000000e+00 -2.525000e+01
    endloop
  endfacet
  facet normal 0.000000e+00 -1.000000e+00 -0.000000e+00
    outer loop
      vertex   2.100000e+01 0.000000e+00 -2.225000e+01
      vertex   2.100000e+01 0.000000e+00 -2.525000e+01
      vertex   2.148303e+01 0.000000e+00 -2.523540e+01
    endloop
  endfacet
  facet normal 0.000000e+00 -1.000000e+00 0.000000e+00
    outer loop
      vertex   2.100000e+01 0.000000e+00 -2.225000e+01
      vertex   2.148303e+01 0.000000e+00 -2.523540e+01
      vertex   2.139230e+01 0.000000e+00 -2.223459e+01
    endloop
  endfacet
  facet normal 0.000000e+00 -1.000000e+00 0.000000e+00
    outer loop
      vertex   2.139230e+01 0.000000e+00 -2.223459e+01
      vertex   2.148303e+01 0.000000e+00 -2.523540e+01
      vertex   2.196429e+01 0.000000e+00 -2.519167e+01
    endloop
  endfacet
  facet normal 0.000000e+00 -1.000000e+00 0.000000e+00
    outer loop
      vertex   2.139230e+01 0.000000e+00 -2.223459e+01
      vertex   2.196429e+01 0.000000e+00 -2.519167e+01
      vertex   2.178217e+01 0.000000e+00 -2.218844e+01
    endloop
  endfacet
  facet normal 0.000000e+00 -1.000000e+00 0.000000e+00
    outer loop
      vertex   2.178217e+01 0.000000e+00 -2.218844e+01
      vertex   2.196429e+01 0.000000e+00 -2.519167e+01
      vertex   2.244204e+01 0.000000e+00 -2.511896e+01
    endloop
  endfacet
  facet normal 0.000000e+00 -1.000000e+00 0.000000e+00
    outer loop
      vertex   2.178217e+01 0.000000e+00 -2.218844e+01
      vertex   2.244204e+01 0.000000e+00 -2.511896e+01
      vertex   2.291453e+01 0.000000e+00 -2.501753e+01
    endloop
  endfacet
  facet normal 0.000000e+00 -1.000000e+00 0.000000e+00
    outer loop
      vertex   2.178217e+01 0.000000e+00 -2.218844e+01
      vertex   2.291453e+01 0.000000e+00 -2.501753e+01
      vertex   2.216723e+01 0.000000e+00 -2.211185e+01
    endloop
  endfacet
  facet normal 0.000000e+00 -1.000000e+00 0.000000e+00
    outer loop
      vertex   2.216723e+01 0.000000e+00 -2.211185e+01
      vertex   2.291453e+01 0.000000e+00 -2.501753e+01
      vertex   2.338002e+01 0.000000e+00 -2.488777e+01
    endloop
  endfacet
  facet normal 0.000000e+00 -1.000000e+00 0.000000e+00
    outer loop
      vertex   2.216723e+01 0.000000e+00 -2.211185e+01
      vertex   2.338002e+01 0.000000e+00 -2.488777e+01
      vertex   2.254508e+01 0.000000e+00 -2.200528e+01
    endloop
  endfacet
  facet normal 0.000000e+00 -1.000000e+00 0.000000e+00
    outer loop
      vertex   2.254508e+01 0.000000e+00 -2.200528e+01
      vertex   2.338002e+01 0.000000e+00 -2.488777e+01
      vertex   2.383684e+01 0.000000e+00 -2.473013e+01
    endloop
  endfacet
  facet normal 0.000000e+00 -1.000000e+00 0.000000e+00
    outer loop
      vertex   2.254508e+01 0.000000e+00 -2.200528e+01
      vertex   2.383684e+01 0.000000e+00 -2.473013e+01
      vertex   2.428330e+01 0.000000e+00 -2.454520e+01
    endloop
  endfacet
  facet normal 0.000000e+00 -1.000000e+00 0.000000e+00
    outer loop
      vertex   2.254508e+01 0.000000e+00 -2.200528e+01
      vertex   2.428330e+01 0.000000e+00 -2.454520e+01
      vertex   2.291342e+01 0.000000e+00 -2.186940e+01
    endloop
  endfacet
  facet normal 0.000000e+00 -1.000000e+00 0.000000e+00
    outer loop
      vertex   2.291342e+01 0.000000e+00 -2.186940e+01
      vertex   2.428330e+01 0.000000e+00 -2.454520e+01
      vertex   2.471779e+01 0.000000e+00 -2.433365e+01
    endloop
  endfacet
  facet normal 0.000000e+00 -1.000000e+00 0.000000e+00
    outer loop
      vertex   2.291342e+01 0.000000e+00 -2.186940e+01
      vertex   2.471779e+01 0.000000e+00 -2.433365e+01
      vertex   2.326995e+01 0.000000e+00 -2.170503e+01
    endloop
  endfacet
  facet normal 0.000000e+00 -1.000000e+00 0.000000e+00
    outer loop
      vertex   2.326995e+01 0.000000e+00 -2.170503e+01
      vertex   2.471779e+01 0.000000e+00 -2.433365e+01
      vertex   2.513870e+01 0.000000e+00 -2.409625e+01
    endloop
  endfacet
  facet normal 0.000000e+00 -1.000000e+00 0.000000e+00
    outer loop
      vertex   2.326995e+01 0.000000e+00 -2.170503e+01
      vertex   2.513870e+01 0.000000e+00 -2.409625e+01
      vertex   2.361249e+01 0.000000e+00 -2.151320e+01
    endloop
  endfacet
  facet normal 0.000000e+00 -1.000000e+00 0.000000e+00
    outer loop
      vertex   2.361249e+01 0.000000e+00 -2.151320e+01
      vertex   2.513870e+01 0.000000e+00 -2.409625e+01
      vertex   2.554452e+01 0.000000e+00 -2.383387e+01
    endloop
  endfacet
  facet normal 0.000000e+00 -1.000000e+00 0.000000e+00
    outer loop
      vertex   2.361249e+01 0.000000e+00 -2.151320e+01
      vertex   2.554452e+01 0.000000e+00 -2.383387e+01
      vertex   2.593375e+01 0.000000e+00 -2.354747e+01
    endloop
  endfacet
  facet normal 0.000000e+00 -1.000000e+00 0.000000e+00
    outer loop
      vertex   2.361249e+01 0.000000e+00 -2.151320e+01
      vertex   2.593375e+01 0.000000e+00 -2.354747e+01
      vertex   2.393893e+01 0.000000e+00 -2.129508e+01
    endloop
  endfacet
  facet normal 0.000000e+00 -1.000000e+00 0.000000e+00
    outer loop
      vertex   2.393893e+01 0.000000e+00 -2.129508e+01
      vertex   2.593375e+01 0.000000e+00 -2.354747e+01
      vertex   2.630498e+01 0.000000e+00 -2.323809e+01
    endloop
  endfacet
  facet normal 0.000000e+00 -1.000000e+00 0.000000e+00
    outer loop
      vertex   2.393893e+01 0.000000e+00 -2.129508e+01
      vertex   2.630498e+01 0.000000e+00 -2.323809e+01
      vertex   2.424724e+01 0.000000e+00 -2.105203e+01
    endloop
  endfacet
  facet normal 0.000000e+00 -1.000000e+00 0.000000e+00
    outer loop
      vertex   2.424724e+01 0.000000e+00 -2.105203e+01
      vertex   2.630498e+01 0.000000e+00 -2.323809e+01
      vertex   2.665685e+01 0.000000e+00 -2.290685e+01
    endloop
  endfacet
  facet normal 0.000000e+00 -1.000000e+00 0.000000e+00
    outer loop
      vertex   2.424724e+01 0.000000e+00 -2.105203e+01
      vertex   2.665685e+01 0.000000e+00 -2.290685e+01
      vertex   2.453553e+01 0.000000e+00 -2.078553e+01
    endloop
  endfacet
  facet normal 0.000000e+00 -1.000000e+00 0.000000e+00
    outer loop
      vertex   2.453553e+01 0.000000e+00 -2.078553e+01
      vertex   2.665685e+01 0.000000e+00 -2.290685e+01
      vertex   2.698809e+01 0.000000e+00 -2.255498e+01
    endloop
  endfacet
  facet normal 0.000000e+00 -1.000000e+00 0.000000e+00
    outer loop
      vertex   2.453553e+01 0.000000e+00 -2.078553e+01
      vertex   2.698809e+01 0.000000e+00 -2.255498e+01
      vertex   2.729747e+01 0.000000e+00 -2.218375e+01
    endloop
  endfacet
  facet normal 0.000000e+00 -1.000000e+00 0.000000e+00
    outer loop
      vertex   2.453553e+01 0.000000e+00 -2.078553e+01
      vertex   2.729747e+01 0.000000e+00 -2.218375e+01
      vertex   2.480203e+01 0.000000e+00 -2.049724e+01
    endloop
  endfacet
  facet normal 0.000000e+00 -1.000000e+00 0.000000e+00
    outer loop
      vertex   2.480203e+01 0.000000e+00 -2.049724e+01
      vertex   2.729747e+01 0.000000e+00 -2.218375e+01
      vertex   2.758387e+01 0.000000e+00 -2.179452e+01
    endloop
  endfacet
  facet normal 0.000000e+00 -1.000000e+00 0.000000e+00
    outer loop
      vertex   2.480203e+01 0.000000e+00 -2.049724e+01
      vertex   2.758387e+01 0.000000e+00 -2.179452e+01
      vertex   2.504508e+01 0.000000e+00 -2.018893e+01
    endloop
  endfacet
  facet normal 0.000000e+00 -1.000000e+00 0.000000e+00
    outer loop
      vertex   2.504508e+01 0.000000e+00 -2.018893e+01
      vertex   2.758387e+01 0.000000e+00 -2.179452e+01
      vertex   2.784625e+01 0.000000e+00 -2.138870e+01
    endloop
  endfacet
  facet normal 0.000000e+00 -1.000000e+00 0.000000e+00
    outer loop
      vertex   2.504508e+01 0.000000e+00 -2.018893e+01
      vertex   2.784625e+01 0.000000e+00 -2.138870e+01
      vertex   2.526320e+01 0.000000e+00 -1.986249e+01
    endloop
  endfacet
  facet normal 0.000000e+00 -1.000000e+00 0.000000e+00
    outer loop
      vertex   2.526320e+01 0.000000e+00 -1.986249e+01
      vertex   2.784625e+01 0.000000e+00 -2.138870e+01
      vertex   2.808365e+01 0.000000e+00 -2.096779e+01
    endloop
  endfacet
  facet normal 0.000000e+00 -1.000000e+00 0.000000e+00
    outer loop
      vertex   2.526320e+01 0.000000e+00 -1.986249e+01
      vertex   2.808365e+01 0.000000e+00 -2.096779e+01
      vertex   2.545503e+01 0.000000e+00 -1.951995e+01
    endloop
  endfacet
  facet normal 0.000000e+00 -1.000000e+00 0.000000e+00
    outer loop
      vertex   2.545503e+01 0.000000e+00 -1.951995e+01
      vertex   2.808365e+01 0.000000e+00 -2.096779e+01
      vertex   2.829520e+01 0.000000e+00 -2.053330e+01
    endloop
  endfacet
  facet normal 0.000000e+00 -1.000000e+00 0.000000e+00
    outer loop
      vertex   2.545503e+01 0.000000e+00 -1.951995e+01
      vertex   2.829520e+01 0.000000e+00 -2.053330e+01
      vertex   2.848013e+01 0.000000e+00 -2.008684e+01
    endloop
  endfacet
  facet normal 0.000000e+00 -1.000000e+00 0.000000e+00
    outer loop
      vertex   2.545503e+01 0.000000e+00 -1.951995e+01
      vertex   2.848013e+01 0.000000e+00 -2.008684e+01
      vertex   2.561940e+01 0.000000e+00 -1.916342e+01
    endloop
  endfacet
  facet normal 0.000000e+00 -1.000000e+00 0.000000e+00
    outer loop
      vertex   2.561940e+01 0.000000e+00 -1.916342e+01
      vertex   2.848013e+01 0.000000e+00 -2.008684e+01
      vertex   2.863777e+01 0.000000e+00 -1.963002e+01
    endloop
  endfacet
  facet normal 0.000000e+00 -1.000000e+00 0.000000e+00
    outer loop
      vertex   2.561940e+01 0.000000e+00 -1.916342e+01
      vertex   2.863777e+01 0.000000e+00 -1.963002e+01
      vertex   2.575528e+01 0.000000e+00 -1.879508e+01
    endloop
  endfacet
  facet normal 0.000000e+00 -1.000000e+00 0.000000e+00
    outer loop
      vertex   2.575528e+01 0.000000e+00 -1.879508e+01
      vertex   2.863777e+01 0.000000e+00 -1.963002e+01
      vertex   2.876753e+01 0.000000e+00 -1.916453e+01
    endloop
  endfacet
  facet normal 0.000000e+00 -1.000000e+00 0.000000e+00
    outer loop
      vertex   2.575528e+01 0.000000e+00 -1.879508e+01
      vertex   2.876753e+01 0.000000e+00 -1.916453e+01
      vertex   2.586185e+01 0.000000e+00 -1.841723e+01
    endloop
  endfacet
  facet normal 0.000000e+00 -1.000000e+00 0.000000e+00
    outer loop
      vertex   2.586185e+01 0.000000e+00 -1.841723e+01
      vertex   2.876753e+01 0.000000e+00 -1.916453e+01
      vertex   2.886896e+01 0.000000e+00 -1.869204e+01
    endloop
  endfacet
  facet normal 0.000000e+00 -1.000000e+00 0.000000e+00
    outer loop
      vertex   2.586185e+01 0.000000e+00 -1.841723e+01
      vertex   2.886896e+01 0.000000e+00 -1.869204e+01
      vertex   2.593844e+01 0.000000e+00 -1.803217e+01
    endloop
  endfacet
  facet normal 0.000000e+00 -1.000000e+00 0.000000e+00
    outer loop
      vertex   2.593844e+01 0.000000e+00 -1.803217e+01
      vertex   2.886896e+01 0.000000e+00 -1.869204e+01
      vertex   2.894167e+01 0.000000e+00 -1.821429e+01
    endloop
  endfacet
  facet normal 0.000000e+00 -1.000000e+00 0.000000e+00
    outer loop
      vertex   2.593844e+01 0.000000e+00 -1.803217e+01
      vertex   2.894167e+01 0.000000e+00 -1.821429e+01
      vertex   2.598459e+01 0.000000e+00 -1.764230e+01
    endloop
  endfacet
  facet normal 0.000000e+00 -1.000000e+00 0.000000e+00
    outer loop
      vertex   2.598459e+01 0.000000e+00 -1.764230e+01
      vertex   2.894167e+01 0.000000e+00 -1.821429e+01
      vertex   2.898540e+01 0.000000e+00 -1.773303e+01
    endloop
  endfacet
  facet normal 0.000000e+00 -1.000000e+00 0.000000e+00
    outer loop
      vertex   2.598459e+01 0.000000e+00 -1.764230e+01
      vertex   2.898540e+01 0.000000e+00 -1.773303e+01
      vertex   2.600000e+01 0.000000e+00 -1.725000e+01
    endloop
  endfacet
  facet normal 0.000000e+00 -1.000000e+00 0.000000e+00
    outer loop
      vertex   2.600000e+01 0.000000e+00 -1.725000e+01
      vertex   2.898540e+01 0.000000e+00 -1.773303e+01
      vertex   2.900000e+01 0.000000e+00 -1.725000e+01
    endloop
  endfacet
  facet normal 0.000000e+00 -1.000000e+00 0.000000e+00
    outer loop
      vertex   2.600000e+01 0.000000e+00 -1.725000e+01
      vertex   2.900000e+01 0.000000e+00 -1.725000e+01
      vertex   2.600000e+01 0.000000e+00 1.755000e+01
    endloop
  endfacet
  facet normal 0.000000e+00 -1.000000e+00 0.000000e+00
    outer loop
      vertex   2.600000e+01 0.000000e+00 1.755000e+01
      vertex   2.900000e+01 0.000000e+00 -1.725000e+01
      vertex   2.900000e+01 0.000000e+00 2.525000e+01
    endloop
  endfacet
  facet normal 0.000000e+00 -1.000000e+00 0.000000e+00
    outer loop
      vertex   2.600000e+01 0.000000e+00 1.755000e+01
      vertex   2.900000e+01 0.000000e+00 2.525000e+01
      vertex   2.400000e+01 0.000000e+00 1.955000e+01
    endloop
  endfacet
  facet normal 0.000000e+00 -1.000000e+00 0.000000e+00
    outer loop
      vertex   2.400000e+01 0.000000e+00 1.955000e+01
      vertex   2.900000e+01 0.000000e+00 2.525000e+01
      vertex   -2.900000e+01 0.000000e+00 2.525000e+01
    endloop
  endfacet
  facet normal -9.995438e-01 0.000000e+00 -3.020303e-02
    outer loop
      vertex   -2.900000e+01 0.000000e+00 -1.725000e+01
      vertex   -2.900000e+01 1.000000e+00 -1.725000e+01
      vertex   -2.898540e+01 0.000000e+00 -1.773303e+01
    endloop
  endfacet
  facet normal -9.995438e-01 0.000000e+00 -3.020303e-02
    outer loop
      vertex   -2.898540e+01 0.000000e+00 -1.773303e+01
      vertex   -2.900000e+01 1.000000e+00 -1.725000e+01
      vertex   -2.898540e+01 1.000000e+00 -1.773303e+01
    endloop
  endfacet
  facet normal -9.958966e-01 0.000000e+00 -9.049888e-02
    outer loop
      vertex   -2.898540e+01 0.000000e+00 -1.773303e+01
      vertex   -2.898540e+01 1.000000e+00 -1.773303e+01
      vertex   -2.894167e+01 1.000000e+00 -1.821429e+01
    endloop
  endfacet
  facet normal -9.958966e-01 0.000000e+00 -9.049888e-02
    outer loop
      vertex   -2.898540e+01 0.000000e+00 -1.773303e+01
      vertex   -2.894167e+01 1.000000e+00 -1.821429e+01
      vertex   -2.894167e+01 0.000000e+00 -1.821429e+01
    endloop
  endfacet
  facet normal -9.886154e-01 0.000000e+00 -1.504645e-01
    outer loop
      vertex   -2.894167e+01 0.000000e+00 -1.821429e+01
      vertex   -2.894167e+01 1.000000e+00 -1.821429e+01
      vertex   -2.886896e+01 1.000000e+00 -1.869204e+01
    endloop
  endfacet
  facet normal -9.886154e-01 0.000000e+00 -1.504645e-01
    outer loop
      vertex   -2.894167e+01 0.000000e+00 -1.821429e+01
      vertex   -2.886896e+01 1.000000e+00 -1.869204e+01
      vertex   -2.886896e+01 0.000000e+00 -1.869204e+01
    endloop
  endfacet
  facet normal -9.777269e-01 0.000000e+00 -2.098811e-01
    outer loop
      vertex   -2.886896e+01 0.000000e+00 -1.869204e+01
      vertex   -2.886896e+01 1.000000e+00 -1.869204e+01
      vertex   -2.876753e+01 1.000000e+00 -1.916453e+01
    endloop
  endfacet
  facet normal -9.777269e-01 0.000000e+00 -2.098811e-01
    outer loop
      vertex   -2.886896e+01 0.000000e+00 -1.869204e+01
      vertex   -2.876753e+01 1.000000e+00 -1.916453e+01
      vertex   -2.876753e+01 0.000000e+00 -1.916453e+01
    endloop
  endfacet
  facet normal -9.632708e-01 0.000000e+00 -2.685319e-01
    outer loop
      vertex   -2.876753e+01 0.000000e+00 -1.916453e+01
      vertex   -2.876753e+01 1.000000e+00 -1.916453e+01
      vertex   -2.863777e+01 1.000000e+00 -1.963002e+01
    endloop
  endfacet
  facet normal -9.632708e-01 0.000000e+00 -2.685319e-01
    outer loop
      vertex   -2.876753e+01 0.000000e+00 -1.916453e+01
      vertex   -2.863777e+01 1.000000e+00 -1.963002e+01
      vertex   -2.863777e+01 0.000000e+00 -1.963002e+01
    endloop
  endfacet
  facet normal -9.452998e-01 0.000000e+00 -3.262028e-01
    outer loop
      vertex   -2.863777e+01 0.000000e+00 -1.963002e+01
      vertex   -2.863777e+01 1.000000e+00 -1.963002e+01
      vertex   -2.848013e+01 1.000000e+00 -2.008684e+01
    endloop
  endfacet
  facet normal -9.452998e-01 0.000000e+00 -3.262028e-01
    outer loop
      vertex   -2.863777e+01 0.000000e+00 -1.963002e+01
      vertex   -2.848013e+01 1.000000e+00 -2.008684e+01
      vertex   -2.848013e+01 0.000000e+00 -2.008684e+01
    endloop
  endfacet
  facet normal -9.238795e-01 0.000000e+00 -3.826834e-01
    outer loop
      vertex   -2.848013e+01 0.000000e+00 -2.008684e+01
      vertex   -2.848013e+01 1.000000e+00 -2.008684e+01
      vertex   -2.829520e+01 1.000000e+00 -2.053330e+01
    endloop
  endfacet
  facet normal -9.238795e-01 0.000000e+00 -3.826834e-01
    outer loop
      vertex   -2.848013e+01 0.000000e+00 -2.008684e+01
      vertex   -2.829520e+01 1.000000e+00 -2.053330e+01
      vertex   -2.829520e+01 0.000000e+00 -2.053330e+01
    endloop
  endfacet
  facet normal -8.990881e-01 0.000000e+00 -4.377677e-01
    outer loop
      vertex   -2.829520e+01 0.000000e+00 -2.053330e+01
      vertex   -2.829520e+01 1.000000e+00 -2.053330e+01
      vertex   -2.808365e+01 1.000000e+00 -2.096779e+01
    endloop
  endfacet
  facet normal -8.990881e-01 0.000000e+00 -4.377677e-01
    outer loop
      vertex   -2.829520e+01 0.000000e+00 -2.053330e+01
      vertex   -2.808365e+01 1.000000e+00 -2.096779e+01
      vertex   -2.808365e+01 0.000000e+00 -2.096779e+01
    endloop
  endfacet
  facet normal -8.710160e-01 0.000000e+00 -4.912546e-01
    outer loop
      vertex   -2.808365e+01 0.000000e+00 -2.096779e+01
      vertex   -2.808365e+01 1.000000e+00 -2.096779e+01
      vertex   -2.784625e+01 1.000000e+00 -2.138870e+01
    endloop
  endfacet
  facet normal -8.710160e-01 1.349732e-15 -4.912546e-01
    outer loop
      vertex   -2.808365e+01 0.000000e+00 -2.096779e+01
      vertex   -2.784625e+01 1.000000e+00 -2.138870e+01
      vertex   -2.784625e+01 0.000000e+00 -2.138870e+01
    endloop
  endfacet
  facet normal -8.397657e-01 1.054505e-15 -5.429490e-01
    outer loop
      vertex   -2.784625e+01 0.000000e+00 -2.138870e+01
      vertex   -2.784625e+01 1.000000e+00 -2.138870e+01
      vertex   -2.758387e+01 1.000000e+00 -2.179452e+01
    endloop
  endfacet
  facet normal -8.397657e-01 0.000000e+00 -5.429490e-01
    outer loop
      vertex   -2.784625e+01 0.000000e+00 -2.138870e+01
      vertex   -2.758387e+01 1.000000e+00 -2.179452e+01
      vertex   -2.758387e+01 0.000000e+00 -2.179452e+01
    endloop
  endfacet
  facet normal -8.054511e-01 0.000000e+00 -5.926622e-01
    outer loop
      vertex   -2.758387e+01 0.000000e+00 -2.179452e+01
      vertex   -2.758387e+01 1.000000e+00 -2.179452e+01
      vertex   -2.729747e+01 1.000000e+00 -2.218375e+01
    endloop
  endfacet
  facet normal -8.054511e-01 -2.096393e-15 -5.926622e-01
    outer loop
      vertex   -2.758387e+01 0.000000e+00 -2.179452e+01
      vertex   -2.729747e+01 1.000000e+00 -2.218375e+01
      vertex   -2.729747e+01 0.000000e+00 -2.218375e+01
    endloop
  endfacet
  facet normal -7.681976e-01 -2.274493e-15 -6.402128e-01
    outer loop
      vertex   -2.729747e+01 0.000000e+00 -2.218375e+01
      vertex   -2.729747e+01 1.000000e+00 -2.218375e+01
      vertex   -2.698809e+01 1.000000e+00 -2.255498e+01
    endloop
  endfacet
  facet normal -7.681976e-01 0.000000e+00 -6.402128e-01
    outer loop
      vertex   -2.729747e+01 0.000000e+00 -2.218375e+01
      vertex   -2.698809e+01 1.000000e+00 -2.255498e+01
      vertex   -2.698809e+01 0.000000e+00 -2.255498e+01
    endloop
  endfacet
  facet normal -7.281410e-01 0.000000e+00 -6.854274e-01
    outer loop
      vertex   -2.698809e+01 0.000000e+00 -2.255498e+01
      vertex   -2.698809e+01 1.000000e+00 -2.255498e+01
      vertex   -2.665685e+01 1.000000e+00 -2.290685e+01
    endloop
  endfacet
  facet normal -7.281410e-01 0.000000e+00 -6.854274e-01
    outer loop
      vertex   -2.698809e+01 0.000000e+00 -2.255498e+01
      vertex   -2.665685e+01 1.000000e+00 -2.290685e+01
      vertex   -2.665685e+01 0.000000e+00 -2.290685e+01
    endloop
  endfacet
  facet normal -6.854274e-01 0.000000e+00 -7.281410e-01
    outer loop
      vertex   -2.665685e+01 0.000000e+00 -2.290685e+01
      vertex   -2.665685e+01 1.000000e+00 -2.290685e+01
      vertex   -2.630498e+01 1.000000e+00 -2.323809e+01
    endloop
  endfacet
  facet normal -6.854274e-01 0.000000e+00 -7.281410e-01
    outer loop
      vertex   -2.665685e+01 0.000000e+00 -2.290685e+01
      vertex   -2.630498e+01 1.000000e+00 -2.323809e+01
      vertex   -2.630498e+01 0.000000e+00 -2.323809e+01
    endloop
  endfacet
  facet normal -6.402128e-01 0.000000e+00 -7.681976e-01
    outer loop
      vertex   -2.630498e+01 0.000000e+00 -2.323809e+01
      vertex   -2.630498e+01 1.000000e+00 -2.323809e+01
      vertex   -2.593375e+01 1.000000e+00 -2.354747e+01
    endloop
  endfacet
  facet normal -6.402128e-01 0.000000e+00 -7.681976e-01
    outer loop
      vertex   -2.630498e+01 0.000000e+00 -2.323809e+01
      vertex   -2.593375e+01 1.000000e+00 -2.354747e+01
      vertex   -2.593375e+01 0.000000e+00 -2.354747e+01
    endloop
  endfacet
  facet normal -5.926622e-01 0.000000e+00 -8.054511e-01
    outer loop
      vertex   -2.593375e+01 0.000000e+00 -2.354747e+01
      vertex   -2.593375e+01 1.000000e+00 -2.354747e+01
      vertex   -2.554452e+01 1.000000e+00 -2.383387e+01
    endloop
  endfacet
  facet normal -5.926622e-01 0.000000e+00 -8.054511e-01
    outer loop
      vertex   -2.593375e+01 0.000000e+00 -2.354747e+01
      vertex   -2.554452e+01 1.000000e+00 -2.383387e+01
      vertex   -2.554452e+01 0.000000e+00 -2.383387e+01
    endloop
  endfacet
  facet normal -5.429490e-01 0.000000e+00 -8.397657e-01
    outer loop
      vertex   -2.554452e+01 0.000000e+00 -2.383387e+01
      vertex   -2.554452e+01 1.000000e+00 -2.383387e+01
      vertex   -2.513870e+01 1.000000e+00 -2.409625e+01
    endloop
  endfacet
  facet normal -5.429490e-01 0.000000e+00 -8.397657e-01
    outer loop
      vertex   -2.554452e+01 0.000000e+00 -2.383387e+01
      vertex   -2.513870e+01 1.000000e+00 -2.409625e+01
      vertex   -2.513870e+01 0.000000e+00 -2.409625e+01
    endloop
  endfacet
  facet normal -4.912546e-01 0.000000e+00 -8.710160e-01
    outer loop
      vertex   -2.513870e+01 0.000000e+00 -2.409625e+01
      vertex   -2.513870e+01 1.000000e+00 -2.409625e+01
      vertex   -2.471779e+01 1.000000e+00 -2.433365e+01
    endloop
  endfacet
  facet normal -4.912546e-01 0.000000e+00 -8.710160e-01
    outer loop
      vertex   -2.513870e+01 0.000000e+00 -2.409625e+01
      vertex   -2.471779e+01 1.000000e+00 -2.433365e+01
      vertex   -2.471779e+01 0.000000e+00 -2.433365e+01
    endloop
  endfacet
  facet normal -4.377677e-01 0.000000e+00 -8.990881e-01
    outer loop
      vertex   -2.471779e+01 0.000000e+00 -2.433365e+01
      vertex   -2.471779e+01 1.000000e+00 -2.433365e+01
      vertex   -2.428330e+01 1.000000e+00 -2.454520e+01
    endloop
  endfacet
  facet normal -4.377677e-01 1.550756e-15 -8.990881e-01
    outer loop
      vertex   -2.471779e+01 0.000000e+00 -2.433365e+01
      vertex   -2.428330e+01 1.000000e+00 -2.454520e+01
      vertex   -2.428330e+01 0.000000e+00 -2.454520e+01
    endloop
  endfacet
  facet normal -3.826834e-01 1.359565e-15 -9.238795e-01
    outer loop
      vertex   -2.428330e+01 0.000000e+00 -2.454520e+01
      vertex   -2.428330e+01 1.000000e+00 -2.454520e+01
      vertex   -2.383684e+01 1.000000e+00 -2.473013e+01
    endloop
  endfacet
  facet normal -3.826834e-01 0.000000e+00 -9.238795e-01
    outer loop
      vertex   -2.428330e+01 0.000000e+00 -2.454520e+01
      vertex   -2.383684e+01 1.000000e+00 -2.473013e+01
      vertex   -2.383684e+01 0.000000e+00 -2.473013e+01
    endloop
  endfacet
  facet normal -3.262028e-01 0.000000e+00 -9.452998e-01
    outer loop
      vertex   -2.383684e+01 0.000000e+00 -2.473013e+01
      vertex   -2.383684e+01 1.000000e+00 -2.473013e+01
      vertex   -2.338002e+01 1.000000e+00 -2.488777e+01
    endloop
  endfacet
  facet normal -3.262028e-01 2.326134e-15 -9.452998e-01
    outer loop
      vertex   -2.383684e+01 0.000000e+00 -2.473013e+01
      vertex   -2.338002e+01 1.000000e+00 -2.488777e+01
      vertex   -2.338002e+01 0.000000e+00 -2.488777e+01
    endloop
  endfacet
  facet normal -2.685319e-01 1.908034e-15 -9.632708e-01
    outer loop
      vertex   -2.338002e+01 0.000000e+00 -2.488777e+01
      vertex   -2.338002e+01 1.000000e+00 -2.488777e+01
      vertex   -2.291453e+01 1.000000e+00 -2.501753e+01
    endloop
  endfacet
  facet normal -2.685319e-01 2.857412e-15 -9.632708e-01
    outer loop
      vertex   -2.338002e+01 0.000000e+00 -2.488777e+01
      vertex   -2.291453e+01 1.000000e+00 -2.501753e+01
      vertex   -2.291453e+01 0.000000e+00 -2.501753e+01
    endloop
  endfacet
  facet normal -2.098811e-01 2.236942e-15 -9.777269e-01
    outer loop
      vertex   -2.291453e+01 0.000000e+00 -2.501753e+01
      vertex   -2.291453e+01 1.000000e+00 -2.501753e+01
      vertex   -2.244204e+01 1.000000e+00 -2.511896e+01
    endloop
  endfacet
  facet normal -2.098811e-01 0.000000e+00 -9.777269e-01
    outer loop
      vertex   -2.291453e+01 0.000000e+00 -2.501753e+01
      vertex   -2.244204e+01 1.000000e+00 -2.511896e+01
      vertex   -2.244204e+01 0.000000e+00 -2.511896e+01
    endloop
  endfacet
  facet normal -1.504645e-01 0.000000e+00 -9.886154e-01
    outer loop
      vertex   -2.244204e+01 0.000000e+00 -2.511896e+01
      vertex   -2.244204e+01 1.000000e+00 -2.511896e+01
      vertex   -2.196429e+01 1.000000e+00 -2.519167e+01
    endloop
  endfacet
  facet normal -1.504645e-01 0.000000e+00 -9.886154e-01
    outer loop
      vertex   -2.244204e+01 0.000000e+00 -2.511896e+01
      vertex   -2.196429e+01 1.000000e+00 -2.519167e+01
      vertex   -2.196429e+01 0.000000e+00 -2.519167e+01
    endloop
  endfacet
  facet normal -9.049888e-02 0.000000e+00 -9.958966e-01
    outer loop
      vertex   -2.196429e+01 0.000000e+00 -2.519167e+01
      vertex   -2.196429e+01 1.000000e+00 -2.519167e+01
      vertex   -2.148303e+01 1.000000e+00 -2.523540e+01
    endloop
  endfacet
  facet normal -9.049888e-02 0.000000e+00 -9.958966e-01
    outer loop
      vertex   -2.196429e+01 0.000000e+00 -2.519167e+01
      vertex   -2.148303e+01 1.000000e+00 -2.523540e+01
      vertex   -2.148303e+01 0.000000e+00 -2.523540e+01
    endloop
  endfacet
  facet normal -3.020303e-02 0.000000e+00 -9.995438e-01
    outer loop
      vertex   -2.148303e+01 0.000000e+00 -2.523540e+01
      vertex   -2.148303e+01 1.000000e+00 -2.523540e+01
      vertex   -2.100000e+01 0.000000e+00 -2.525000e+01
    endloop
  endfacet
  facet normal -3.020303e-02 1.073027e-16 -9.995438e-01
    outer loop
      vertex   -2.100000e+01 0.000000e+00 -2.525000e+01
      vertex   -2.148303e+01 1.000000e+00 -2.523540e+01
      vertex   -2.100000e+01 1.000000e+00 -2.525000e+01
    endloop
  endfacet
  facet normal 3.020303e-02 -4.292108e-16 -9.995438e-01
    outer loop
      vertex   2.100000e+01 0.000000e+00 -2.525000e+01
      vertex   2.100000e+01 1.000000e+00 -2.525000e+01
      vertex   2.148303e+01 0.000000e+00 -2.523540e+01
    endloop
  endfacet
  facet normal 3.020303e-02 -4.292108e-16 -9.995438e-01
    outer loop
      vertex   2.148303e+01 0.000000e+00 -2.523540e+01
      vertex   2.100000e+01 1.000000e+00 -2.525000e+01
      vertex   2.148303e+01 1.000000e+00 -2.523540e+01
    endloop
  endfacet
  facet normal 9.049888e-02 -1.286066e-15 -9.958966e-01
    outer loop
      vertex   2.148303e+01 0.000000e+00 -2.523540e+01
      vertex   2.148303e+01 1.000000e+00 -2.523540e+01
      vertex   2.196429e+01 1.000000e+00 -2.519167e+01
    endloop
  endfacet
  facet normal 9.049888e-02 2.254340e-15 -9.958966e-01
    outer loop
      vertex   2.148303e+01 0.000000e+00 -2.523540e+01
      vertex   2.196429e+01 1.000000e+00 -2.519167e+01
      vertex   2.196429e+01 0.000000e+00 -2.519167e+01
    endloop
  endfacet
  facet normal 1.504645e-01 1.374038e-15 -9.886154e-01
    outer loop
      vertex   2.196429e+01 0.000000e+00 -2.519167e+01
      vertex   2.196429e+01 1.000000e+00 -2.519167e+01
      vertex   2.244204e+01 1.000000e+00 -2.511896e+01
    endloop
  endfacet
  facet normal 1.504645e-01 1.378450e-15 -9.886154e-01
    outer loop
      vertex   2.196429e+01 0.000000e+00 -2.519167e+01
      vertex   2.244204e+01 1.000000e+00 -2.511896e+01
      vertex   2.244204e+01 0.000000e+00 -2.511896e+01
    endloop
  endfacet
  facet normal 2.098811e-01 4.909939e-16 -9.777269e-01
    outer loop
      vertex   2.244204e+01 0.000000e+00 -2.511896e+01
      vertex   2.244204e+01 1.000000e+00 -2.511896e+01
      vertex   2.291453e+01 1.000000e+00 -2.501753e+01
    endloop
  endfacet
  facet normal 2.098811e-01 -7.466604e-16 -9.777269e-01
    outer loop
      vertex   2.244204e+01 0.000000e+00 -2.511896e+01
      vertex   2.291453e+01 1.000000e+00 -2.501753e+01
      vertex   2.291453e+01 0.000000e+00 -2.501753e+01
    endloop
  endfacet
  facet normal 2.685319e-01 -9.540168e-16 -9.632708e-01
    outer loop
      vertex   2.291453e+01 0.000000e+00 -2.501753e+01
      vertex   2.291453e+01 1.000000e+00 -2.501753e+01
      vertex   2.338002e+01 1.000000e+00 -2.488777e+01
    endloop
  endfacet
  facet normal 2.685319e-01 3.977403e-15 -9.632708e-01
    outer loop
      vertex   2.291453e+01 0.000000e+00 -2.501753e+01
      vertex   2.338002e+01 1.000000e+00 -2.488777e+01
      vertex   2.338002e+01 0.000000e+00 -2.488777e+01
    endloop
  endfacet
  facet normal 3.262028e-01 3.240044e-15 -9.452998e-01
    outer loop
      vertex   2.338002e+01 0.000000e+00 -2.488777e+01
      vertex   2.338002e+01 1.000000e+00 -2.488777e+01
      vertex   2.383684e+01 1.000000e+00 -2.473013e+01
    endloop
  endfacet
  facet normal 3.262028e-01 3.245101e-15 -9.452998e-01
    outer loop
      vertex   2.338002e+01 0.000000e+00 -2.488777e+01
      vertex   2.383684e+01 1.000000e+00 -2.473013e+01
      vertex   2.383684e+01 0.000000e+00 -2.473013e+01
    endloop
  endfacet
  facet normal 3.826834e-01 2.485865e-15 -9.238795e-01
    outer loop
      vertex   2.383684e+01 0.000000e+00 -2.473013e+01
      vertex   2.383684e+01 1.000000e+00 -2.473013e+01
      vertex   2.428330e+01 1.000000e+00 -2.454520e+01
    endloop
  endfacet
  facet normal 3.826834e-01 1.895369e-15 -9.238795e-01
    outer loop
      vertex   2.383684e+01 0.000000e+00 -2.473013e+01
      vertex   2.428330e+01 1.000000e+00 -2.454520e+01
      vertex   2.428330e+01 0.000000e+00 -2.454520e+01
    endloop
  endfacet
  facet normal 4.377677e-01 1.638939e-15 -8.990881e-01
    outer loop
      vertex   2.428330e+01 0.000000e+00 -2.454520e+01
      vertex   2.428330e+01 1.000000e+00 -2.454520e+01
      vertex   2.471779e+01 1.000000e+00 -2.433365e+01
    endloop
  endfacet
  facet normal 4.377677e-01 3.273819e-15 -8.990881e-01
    outer loop
      vertex   2.428330e+01 0.000000e+00 -2.454520e+01
      vertex   2.471779e+01 1.000000e+00 -2.433365e+01
      vertex   2.471779e+01 0.000000e+00 -2.433365e+01
    endloop
  endfacet
  facet normal 4.912546e-01 2.698367e-15 -8.710160e-01
    outer loop
      vertex   2.471779e+01 0.000000e+00 -2.433365e+01
      vertex   2.471779e+01 1.000000e+00 -2.433365e+01
      vertex   2.513870e+01 1.000000e+00 -2.409625e+01
    endloop
  endfacet
  facet normal 4.912546e-01 1.349732e-15 -8.710160e-01
    outer loop
      vertex   2.471779e+01 0.000000e+00 -2.433365e+01
      vertex   2.513870e+01 1.000000e+00 -2.409625e+01
      vertex   2.513870e+01 0.000000e+00 -2.409625e+01
    endloop
  endfacet
  facet normal 5.429490e-01 1.054505e-15 -8.397657e-01
    outer loop
      vertex   2.513870e+01 0.000000e+00 -2.409625e+01
      vertex   2.513870e+01 1.000000e+00 -2.409625e+01
      vertex   2.554452e+01 1.000000e+00 -2.383387e+01
    endloop
  endfacet
  facet normal 5.429490e-01 5.111752e-15 -8.397657e-01
    outer loop
      vertex   2.513870e+01 0.000000e+00 -2.409625e+01
      vertex   2.554452e+01 1.000000e+00 -2.383387e+01
      vertex   2.554452e+01 0.000000e+00 -2.383387e+01
    endloop
  endfacet
  facet normal 5.926622e-01 4.373494e-15 -8.054511e-01
    outer loop
      vertex   2.554452e+01 0.000000e+00 -2.383387e+01
      vertex   2.554452e+01 1.000000e+00 -2.383387e+01
      vertex   2.593375e+01 1.000000e+00 -2.354747e+01
    endloop
  endfacet
  facet normal 5.926622e-01 7.753781e-16 -8.054511e-01
    outer loop
      vertex   2.554452e+01 0.000000e+00 -2.383387e+01
      vertex   2.593375e+01 1.000000e+00 -2.354747e+01
      vertex   2.593375e+01 0.000000e+00 -2.354747e+01
    endloop
  endfacet
  facet normal 6.402128e-01 4.546931e-16 -7.681976e-01
    outer loop
      vertex   2.593375e+01 0.000000e+00 -2.354747e+01
      vertex   2.593375e+01 1.000000e+00 -2.354747e+01
      vertex   2.630498e+01 1.000000e+00 -2.323809e+01
    endloop
  endfacet
  facet normal 6.402128e-01 5.456365e-15 -7.681976e-01
    outer loop
      vertex   2.593375e+01 0.000000e+00 -2.354747e+01
      vertex   2.630498e+01 1.000000e+00 -2.323809e+01
      vertex   2.630498e+01 0.000000e+00 -2.323809e+01
    endloop
  endfacet
  facet normal 6.854274e-01 5.173753e-15 -7.281410e-01
    outer loop
      vertex   2.630498e+01 0.000000e+00 -2.323809e+01
      vertex   2.630498e+01 1.000000e+00 -2.323809e+01
      vertex   2.665685e+01 1.000000e+00 -2.290685e+01
    endloop
  endfacet
  facet normal 6.854274e-01 2.756900e-15 -7.281410e-01
    outer loop
      vertex   2.630498e+01 0.000000e+00 -2.323809e+01
      vertex   2.665685e+01 1.000000e+00 -2.290685e+01
      vertex   2.665685e+01 0.000000e+00 -2.290685e+01
    endloop
  endfacet
  facet normal 7.281410e-01 2.283378e-15 -6.854274e-01
    outer loop
      vertex   2.665685e+01 0.000000e+00 -2.290685e+01
      vertex   2.665685e+01 1.000000e+00 -2.290685e+01
      vertex   2.698809e+01 1.000000e+00 -2.255498e+01
    endloop
  endfacet
  facet normal 7.281410e-01 -2.584594e-15 -6.854274e-01
    outer loop
      vertex   2.665685e+01 0.000000e+00 -2.290685e+01
      vertex   2.698809e+01 1.000000e+00 -2.255498e+01
      vertex   2.698809e+01 0.000000e+00 -2.255498e+01
    endloop
  endfacet
  facet normal 7.681976e-01 -2.729186e-15 -6.402128e-01
    outer loop
      vertex   2.698809e+01 0.000000e+00 -2.255498e+01
      vertex   2.698809e+01 1.000000e+00 -2.255498e+01
      vertex   2.729747e+01 1.000000e+00 -2.218375e+01
    endloop
  endfacet
  facet normal 7.681976e-01 -2.728182e-15 -6.402128e-01
    outer loop
      vertex   2.698809e+01 0.000000e+00 -2.255498e+01
      vertex   2.729747e+01 1.000000e+00 -2.218375e+01
      vertex   2.729747e+01 0.000000e+00 -2.218375e+01
    endloop
  endfacet
  facet normal 8.054511e-01 -2.861537e-15 -5.926622e-01
    outer loop
      vertex   2.729747e+01 0.000000e+00 -2.218375e+01
      vertex   2.729747e+01 1.000000e+00 -2.218375e+01
      vertex   2.758387e+01 1.000000e+00 -2.179452e+01
    endloop
  endfacet
  facet normal 8.054511e-01 -7.466604e-16 -5.926622e-01
    outer loop
      vertex   2.729747e+01 0.000000e+00 -2.218375e+01
      vertex   2.758387e+01 1.000000e+00 -2.179452e+01
      vertex   2.758387e+01 0.000000e+00 -2.179452e+01
    endloop
  endfacet
  facet normal 8.397657e-01 -1.054505e-15 -5.429490e-01
    outer loop
      vertex   2.758387e+01 0.000000e+00 -2.179452e+01
      vertex   2.758387e+01 1.000000e+00 -2.179452e+01
      vertex   2.784625e+01 1.000000e+00 -2.138870e+01
    endloop
  endfacet
  facet normal 8.397657e-01 0.000000e+00 -5.429490e-01
    outer loop
      vertex   2.758387e+01 0.000000e+00 -2.179452e+01
      vertex   2.784625e+01 1.000000e+00 -2.138870e+01
      vertex   2.784625e+01 0.000000e+00 -2.138870e+01
    endloop
  endfacet
  facet normal 8.710160e-01 0.000000e+00 -4.912546e-01
    outer loop
      vertex   2.784625e+01 0.000000e+00 -2.138870e+01
      vertex   2.784625e+01 1.000000e+00 -2.138870e+01
      vertex   2.808365e+01 1.000000e+00 -2.096779e+01
    endloop
  endfacet
  facet normal 8.710160e-01 -4.451245e-15 -4.912546e-01
    outer loop
      vertex   2.784625e+01 0.000000e+00 -2.138870e+01
      vertex   2.808365e+01 1.000000e+00 -2.096779e+01
      vertex   2.808365e+01 0.000000e+00 -2.096779e+01
    endloop
  endfacet
  facet normal 8.990881e-01 -4.833142e-15 -4.377677e-01
    outer loop
      vertex   2.808365e+01 0.000000e+00 -2.096779e+01
      vertex   2.808365e+01 1.000000e+00 -2.096779e+01
      vertex   2.829520e+01 1.000000e+00 -2.053330e+01
    endloop
  endfacet
  facet normal 8.990881e-01 0.000000e+00 -4.377677e-01
    outer loop
      vertex   2.808365e+01 0.000000e+00 -2.096779e+01
      vertex   2.829520e+01 1.000000e+00 -2.053330e+01
      vertex   2.829520e+01 0.000000e+00 -2.053330e+01
    endloop
  endfacet
  facet normal 9.238795e-01 0.000000e+00 -3.826834e-01
    outer loop
      vertex   2.829520e+01 0.000000e+00 -2.053330e+01
      vertex   2.829520e+01 1.000000e+00 -2.053330e+01
      vertex   2.848013e+01 1.000000e+00 -2.008684e+01
    endloop
  endfacet
  facet normal 9.238795e-01 1.349732e-15 -3.826834e-01
    outer loop
      vertex   2.829520e+01 0.000000e+00 -2.053330e+01
      vertex   2.848013e+01 1.000000e+00 -2.008684e+01
      vertex   2.848013e+01 0.000000e+00 -2.008684e+01
    endloop
  endfacet
  facet normal 9.452998e-01 1.158905e-15 -3.262028e-01
    outer loop
      vertex   2.848013e+01 0.000000e+00 -2.008684e+01
      vertex   2.848013e+01 1.000000e+00 -2.008684e+01
      vertex   2.863777e+01 1.000000e+00 -1.963002e+01
    endloop
  endfacet
  facet normal 9.452998e-01 -5.571235e-15 -3.262028e-01
    outer loop
      vertex   2.848013e+01 0.000000e+00 -2.008684e+01
      vertex   2.863777e+01 1.000000e+00 -1.963002e+01
      vertex   2.863777e+01 0.000000e+00 -1.963002e+01
    endloop
  endfacet
  facet normal 9.632708e-01 -5.890434e-15 -2.685319e-01
    outer loop
      vertex   2.863777e+01 0.000000e+00 -1.963002e+01
      vertex   2.863777e+01 1.000000e+00 -1.963002e+01
      vertex   2.876753e+01 1.000000e+00 -1.916453e+01
    endloop
  endfacet
  facet normal 9.632708e-01 0.000000e+00 -2.685319e-01
    outer loop
      vertex   2.863777e+01 0.000000e+00 -1.963002e+01
      vertex   2.876753e+01 1.000000e+00 -1.916453e+01
      vertex   2.876753e+01 0.000000e+00 -1.916453e+01
    endloop
  endfacet
  facet normal 9.777269e-01 0.000000e+00 -2.098811e-01
    outer loop
      vertex   2.876753e+01 0.000000e+00 -1.916453e+01
      vertex   2.876753e+01 1.000000e+00 -1.916453e+01
      vertex   2.886896e+01 1.000000e+00 -1.869204e+01
    endloop
  endfacet
  facet normal 9.777269e-01 0.000000e+00 -2.098811e-01
    outer loop
      vertex   2.876753e+01 0.000000e+00 -1.916453e+01
      vertex   2.886896e+01 1.000000e+00 -1.869204e+01
      vertex   2.886896e+01 0.000000e+00 -1.869204e+01
    endloop
  endfacet
  facet normal 9.886154e-01 0.000000e+00 -1.504645e-01
    outer loop
      vertex   2.886896e+01 0.000000e+00 -1.869204e+01
      vertex   2.886896e+01 1.000000e+00 -1.869204e+01
      vertex   2.894167e+01 1.000000e+00 -1.821429e+01
    endloop
  endfacet
  facet normal 9.886154e-01 0.000000e+00 -1.504645e-01
    outer loop
      vertex   2.886896e+01 0.000000e+00 -1.869204e+01
      vertex   2.894167e+01 1.000000e+00 -1.821429e+01
      vertex   2.894167e+01 0.000000e+00 -1.821429e+01
    endloop
  endfacet
  facet normal 9.958966e-01 0.000000e+00 -9.049888e-02
    outer loop
      vertex   2.894167e+01 0.000000e+00 -1.821429e+01
      vertex   2.894167e+01 1.000000e+00 -1.821429e+01
      vertex   2.898540e+01 1.000000e+00 -1.773303e+01
    endloop
  endfacet
  facet normal 9.958966e-01 0.000000e+00 -9.049888e-02
    outer loop
      vertex   2.894167e+01 0.000000e+00 -1.821429e+01
      vertex   2.898540e+01 1.000000e+00 -1.773303e+01
      vertex   2.898540e+01 0.000000e+00 -1.773303e+01
    endloop
  endfacet
  facet normal 9.995438e-01 0.000000e+00 -3.020303e-02
    outer loop
      vertex   2.898540e+01 0.000000e+00 -1.773303e+01
      vertex   2.898540e+01 1.000000e+00 -1.773303e+01
      vertex   2.900000e+01 0.000000e+00 -1.725000e+01
    endloop
  endfacet
  facet normal 9.995438e-01 0.000000e+00 -3.020303e-02
    outer loop
      vertex   2.900000e+01 0.000000e+00 -1.725000e+01
      vertex   2.898540e+01 1.000000e+00 -1.773303e+01
      vertex   2.900000e+01 1.000000e+00 -1.725000e+01
    endloop
  endfacet
  facet normal -1.910924e-03 9.988147e-01 -4.863625e-02
    outer loop
      vertex   -2.139230e+01 4.000000e+00 -2.223459e+01
      vertex   -2.100000e+01 4.000000e+00 -2.225000e+01
      vertex   -2.133242e+01 3.985554e+00 -2.253360e+01
    endloop
  endfacet
  facet normal -1.542012e-03 9.987943e-01 -4.906762e-02
    outer loop
      vertex   -2.133242e+01 3.985554e+00 -2.253360e+01
      vertex   -2.100000e+01 4.000000e+00 -2.225000e+01
      vertex   -2.100000e+01 3.985554e+00 -2.254405e+01
    endloop
  endfacet
  facet normal -4.611142e-03 9.891660e-01 -1.467289e-01
    outer loop
      vertex   -2.133242e+01 3.985554e+00 -2.253360e+01
      vertex   -2.100000e+01 3.985554e+00 -2.254405e+01
      vertex   -2.100000e+01 3.942356e+00 -2.283527e+01
    endloop
  endfacet
  facet normal -4.611142e-03 9.891660e-01 -1.467289e-01
    outer loop
      vertex   -2.133242e+01 3.985554e+00 -2.253360e+01
      vertex   -2.100000e+01 3.942356e+00 -2.283527e+01
      vertex   -2.135070e+01 3.942356e+00 -2.282425e+01
    endloop
  endfacet
  facet normal -7.635737e-03 9.700030e-01 -2.429731e-01
    outer loop
      vertex   -2.135070e+01 3.942356e+00 -2.282425e+01
      vertex   -2.100000e+01 3.942356e+00 -2.283527e+01
      vertex   -2.100000e+01 3.870821e+00 -2.312085e+01
    endloop
  endfacet
  facet normal -7.635737e-03 9.700030e-01 -2.429731e-01
    outer loop
      vertex   -2.135070e+01 3.942356e+00 -2.282425e+01
      vertex   -2.100000e+01 3.870821e+00 -2.312085e+01
      vertex   -2.136863e+01 3.870821e+00 -2.310927e+01
    endloop
  endfacet
  facet normal -1.058660e-02 9.414913e-01 -3.368710e-01
    outer loop
      vertex   -2.136863e+01 3.870821e+00 -2.310927e+01
      vertex   -2.100000e+01 3.870821e+00 -2.312085e+01
      vertex   -2.100000e+01 3.771639e+00 -2.339805e+01
    endloop
  endfacet
  facet normal -1.058660e-02 9.414913e-01 -3.368710e-01
    outer loop
      vertex   -2.136863e+01 3.870821e+00 -2.310927e+01
      vertex   -2.100000e+01 3.771639e+00 -2.339805e+01
      vertex   -2.138604e+01 3.771639e+00 -2.338592e+01
    endloop
  endfacet
  facet normal -1.343525e-02 9.039077e-01 -4.275165e-01
    outer loop
      vertex   -2.138604e+01 3.771639e+00 -2.338592e+01
      vertex   -2.100000e+01 3.771639e+00 -2.339805e+01
      vertex   -2.100000e+01 3.645764e+00 -2.366419e+01
    endloop
  endfacet
  facet normal -1.343525e-02 9.039077e-01 -4.275165e-01
    outer loop
      vertex   -2.138604e+01 3.771639e+00 -2.338592e+01
      vertex   -2.100000e+01 3.645764e+00 -2.366419e+01
      vertex   -2.140275e+01 3.645764e+00 -2.365153e+01
    endloop
  endfacet
  facet normal -1.615422e-02 8.576167e-01 -5.140357e-01
    outer loop
      vertex   -2.140275e+01 3.645764e+00 -2.365153e+01
      vertex   -2.100000e+01 3.645764e+00 -2.366419e+01
      vertex   -2.100000e+01 3.494409e+00 -2.391671e+01
    endloop
  endfacet
  facet normal -1.615422e-02 8.576167e-01 -5.140357e-01
    outer loop
      vertex   -2.140275e+01 3.645764e+00 -2.365153e+01
      vertex   -2.100000e+01 3.494409e+00 -2.391671e+01
      vertex   -2.141861e+01 3.494409e+00 -2.390356e+01
    endloop
  endfacet
  facet normal -1.871733e-02 8.030668e-01 -5.955949e-01
    outer loop
      vertex   -2.141861e+01 3.494409e+00 -2.390356e+01
      vertex   -2.100000e+01 3.494409e+00 -2.391671e+01
      vertex   -2.100000e+01 3.319031e+00 -2.415318e+01
    endloop
  endfacet
  facet normal -1.871733e-02 8.030668e-01 -5.955949e-01
    outer loop
      vertex   -2.141861e+01 3.494409e+00 -2.390356e+01
      vertex   -2.100000e+01 3.319031e+00 -2.415318e+01
      vertex   -2.143345e+01 3.319031e+00 -2.413956e+01
    endloop
  endfacet
  facet normal -2.109989e-02 7.407862e-01 -6.714094e-01
    outer loop
      vertex   -2.143345e+01 3.319031e+00 -2.413956e+01
      vertex   -2.100000e+01 3.319031e+00 -2.415318e+01
      vertex   -2.100000e+01 3.121320e+00 -2.437132e+01
    endloop
  endfacet
  facet normal -2.109989e-02 7.407862e-01 -6.714094e-01
    outer loop
      vertex   -2.143345e+01 3.319031e+00 -2.413956e+01
      vertex   -2.100000e+01 3.121320e+00 -2.437132e+01
      vertex   -2.144715e+01 3.121320e+00 -2.435727e+01
    endloop
  endfacet
  facet normal -2.327902e-02 6.713770e-01 -7.407503e-01
    outer loop
      vertex   -2.144715e+01 3.121320e+00 -2.435727e+01
      vertex   -2.100000e+01 3.121320e+00 -2.437132e+01
      vertex   -2.100000e+01 2.903180e+00 -2.456903e+01
    endloop
  endfacet
  facet normal -2.327902e-02 6.713770e-01 -7.407503e-01
    outer loop
      vertex   -2.144715e+01 3.121320e+00 -2.435727e+01
      vertex   -2.100000e+01 2.903180e+00 -2.456903e+01
      vertex   -2.145957e+01 2.903180e+00 -2.455459e+01
    endloop
  endfacet
  facet normal -2.523378e-02 5.955096e-01 -8.029518e-01
    outer loop
      vertex   -2.145957e+01 2.903180e+00 -2.455459e+01
      vertex   -2.100000e+01 2.903180e+00 -2.456903e+01
      vertex   -2.100000e+01 2.666711e+00 -2.474441e+01
    endloop
  endfacet
  facet normal -2.523378e-02 5.955096e-01 -8.029518e-01
    outer loop
      vertex   -2.145957e+01 2.903180e+00 -2.455459e+01
      vertex   -2.100000e+01 2.666711e+00 -2.474441e+01
      vertex   -2.147058e+01 2.666711e+00 -2.472962e+01
    endloop
  endfacet
  facet normal -2.694542e-02 5.139161e-01 -8.574172e-01
    outer loop
      vertex   -2.147058e+01 2.666711e+00 -2.472962e+01
      vertex   -2.100000e+01 2.666711e+00 -2.474441e+01
      vertex   -2.100000e+01 2.414190e+00 -2.489576e+01
    endloop
  endfacet
  facet normal -2.694542e-02 5.139161e-01 -8.574172e-01
    outer loop
      vertex   -2.147058e+01 2.666711e+00 -2.472962e+01
      vertex   -2.100000e+01 2.414190e+00 -2.489576e+01
      vertex   -2.148008e+01 2.414190e+00 -2.488068e+01
    endloop
  endfacet
  facet normal -2.839755e-02 4.273827e-01 -9.036247e-01
    outer loop
      vertex   -2.148008e+01 2.414190e+00 -2.488068e+01
      vertex   -2.100000e+01 2.414190e+00 -2.489576e+01
      vertex   -2.100000e+01 2.148050e+00 -2.502164e+01
    endloop
  endfacet
  facet normal -2.839755e-02 4.273827e-01 -9.036247e-01
    outer loop
      vertex   -2.148008e+01 2.414190e+00 -2.488068e+01
      vertex   -2.100000e+01 2.148050e+00 -2.502164e+01
      vertex   -2.148799e+01 2.148050e+00 -2.500630e+01
    endloop
  endfacet
  facet normal -2.957627e-02 3.367425e-01 -9.411322e-01
    outer loop
      vertex   -2.148799e+01 2.148050e+00 -2.500630e+01
      vertex   -2.100000e+01 2.148050e+00 -2.502164e+01
      vertex   -2.100000e+01 1.870854e+00 -2.512082e+01
    endloop
  endfacet
  facet normal -2.957627e-02 3.367425e-01 -9.411322e-01
    outer loop
      vertex   -2.148799e+01 2.148050e+00 -2.500630e+01
      vertex   -2.100000e+01 1.870854e+00 -2.512082e+01
      vertex   -2.149421e+01 1.870854e+00 -2.510529e+01
    endloop
  endfacet
  facet normal -3.047031e-02 2.428674e-01 -9.695808e-01
    outer loop
      vertex   -2.149421e+01 1.870854e+00 -2.510529e+01
      vertex   -2.100000e+01 1.870854e+00 -2.512082e+01
      vertex   -2.100000e+01 1.585271e+00 -2.519236e+01
    endloop
  endfacet
  facet normal -3.047031e-02 2.428674e-01 -9.695808e-01
    outer loop
      vertex   -2.149421e+01 1.870854e+00 -2.510529e+01
      vertex   -2.100000e+01 1.585271e+00 -2.519236e+01
      vertex   -2.149870e+01 1.585271e+00 -2.517668e+01
    endloop
  endfacet
  facet normal -3.107112e-02 1.466596e-01 -9.886989e-01
    outer loop
      vertex   -2.149870e+01 1.585271e+00 -2.517668e+01
      vertex   -2.100000e+01 1.585271e+00 -2.519236e+01
      vertex   -2.100000e+01 1.294051e+00 -2.523555e+01
    endloop
  endfacet
  facet normal -3.107112e-02 1.466596e-01 -9.886989e-01
    outer loop
      vertex   -2.149870e+01 1.585271e+00 -2.517668e+01
      vertex   -2.100000e+01 1.294051e+00 -2.523555e+01
      vertex   -2.150142e+01 1.294051e+00 -2.521980e+01
    endloop
  endfacet
  facet normal -3.136985e-02 5.102181e-02 -9.982047e-01
    outer loop
      vertex   -2.150142e+01 1.294051e+00 -2.521980e+01
      vertex   -2.100000e+01 1.294051e+00 -2.523555e+01
      vertex   -2.148303e+01 1.000000e+00 -2.523540e+01
    endloop
  endfacet
  facet normal -9.039823e-02 4.714905e-02 -9.947890e-01
    outer loop
      vertex   -2.150142e+01 1.294051e+00 -2.521980e+01
      vertex   -2.148303e+01 1.000000e+00 -2.523540e+01
      vertex   -2.196429e+01 1.000000e+00 -2.519167e+01
    endloop
  endfacet
  facet normal -3.016668e-02 4.904534e-02 -9.983409e-01
    outer loop
      vertex   -2.100000e+01 1.294051e+00 -2.523555e+01
      vertex   -2.100000e+01 1.000000e+00 -2.525000e+01
      vertex   -2.148303e+01 1.000000e+00 -2.523540e+01
    endloop
  endfacet
  facet normal -9.397684e-02 5.284136e-02 -9.941711e-01
    outer loop
      vertex   -2.150142e+01 1.294051e+00 -2.521980e+01
      vertex   -2.196429e+01 1.000000e+00 -2.519167e+01
      vertex   -2.200086e+01 1.294051e+00 -2.517259e+01
    endloop
  endfacet
  facet normal -1.503093e-01 4.541029e-02 -9.875956e-01
    outer loop
      vertex   -2.200086e+01 1.294051e+00 -2.517259e+01
      vertex   -2.196429e+01 1.000000e+00 -2.519167e+01
      vertex   -2.244204e+01 1.000000e+00 -2.511896e+01
    endloop
  endfacet
  facet normal -1.562019e-01 5.450225e-02 -9.862203e-01
    outer loop
      vertex   -2.200086e+01 1.294051e+00 -2.517259e+01
      vertex   -2.244204e+01 1.000000e+00 -2.511896e+01
      vertex   -2.249634e+01 1.294051e+00 -2.509411e+01
    endloop
  endfacet
  facet normal -2.096794e-01 4.382921e-02 -9.767874e-01
    outer loop
      vertex   -2.249634e+01 1.294051e+00 -2.509411e+01
      vertex   -2.244204e+01 1.000000e+00 -2.511896e+01
      vertex   -2.291453e+01 1.000000e+00 -2.501753e+01
    endloop
  endfacet
  facet normal -2.178009e-01 5.600461e-02 -9.743851e-01
    outer loop
      vertex   -2.249634e+01 1.294051e+00 -2.509411e+01
      vertex   -2.291453e+01 1.000000e+00 -2.501753e+01
      vertex   -2.298593e+01 1.294051e+00 -2.498467e+01
    endloop
  endfacet
  facet normal -2.682903e-01 4.240593e-02 -9.624043e-01
    outer loop
      vertex   -2.298593e+01 1.294051e+00 -2.498467e+01
      vertex   -2.291453e+01 1.000000e+00 -2.501753e+01
      vertex   -2.338002e+01 1.000000e+00 -2.488777e+01
    endloop
  endfacet
  facet normal -2.785319e-01 5.734853e-02 -9.587133e-01
    outer loop
      vertex   -2.298593e+01 1.294051e+00 -2.498467e+01
      vertex   -2.338002e+01 1.000000e+00 -2.488777e+01
      vertex   -2.346767e+01 1.294051e+00 -2.484471e+01
    endloop
  endfacet
  facet normal -3.259266e-01 4.114055e-02 -9.444995e-01
    outer loop
      vertex   -2.346767e+01 1.294051e+00 -2.484471e+01
      vertex   -2.338002e+01 1.000000e+00 -2.488777e+01
      vertex   -2.383684e+01 1.000000e+00 -2.473013e+01
    endloop
  endfacet
  facet normal -3.381571e-01 5.853409e-02 -9.392675e-01
    outer loop
      vertex   -2.346767e+01 1.294051e+00 -2.484471e+01
      vertex   -2.383684e+01 1.000000e+00 -2.473013e+01
      vertex   -2.393968e+01 1.294051e+00 -2.467478e+01
    endloop
  endfacet
  facet normal -3.823767e-01 4.003317e-02 -9.231389e-01
    outer loop
      vertex   -2.393968e+01 1.294051e+00 -2.467478e+01
      vertex   -2.383684e+01 1.000000e+00 -2.473013e+01
      vertex   -2.428330e+01 1.000000e+00 -2.454520e+01
    endloop
  endfacet
  facet normal -3.964428e-01 5.956140e-02 -9.161253e-01
    outer loop
      vertex   -2.393968e+01 1.294051e+00 -2.467478e+01
      vertex   -2.428330e+01 1.000000e+00 -2.454520e+01
      vertex   -2.440008e+01 1.294051e+00 -2.447555e+01
    endloop
  endfacet
  facet normal -4.374332e-01 3.908385e-02 -8.984012e-01
    outer loop
      vertex   -2.440008e+01 1.294051e+00 -2.447555e+01
      vertex   -2.428330e+01 1.000000e+00 -2.454520e+01
      vertex   -2.471779e+01 1.000000e+00 -2.433365e+01
    endloop
  endfacet
  facet normal -4.531608e-01 6.043052e-02 -8.893781e-01
    outer loop
      vertex   -2.440008e+01 1.294051e+00 -2.447555e+01
      vertex   -2.471779e+01 1.000000e+00 -2.433365e+01
      vertex   -2.484707e+01 1.294051e+00 -2.424779e+01
    endloop
  endfacet
  facet normal -4.908943e-01 3.829267e-02 -8.703772e-01
    outer loop
      vertex   -2.484707e+01 1.294051e+00 -2.424779e+01
      vertex   -2.471779e+01 1.000000e+00 -2.433365e+01
      vertex   -2.513870e+01 1.000000e+00 -2.409625e+01
    endloop
  endfacet
  facet normal -5.080891e-01 6.114152e-02 -8.591317e-01
    outer loop
      vertex   -2.484707e+01 1.294051e+00 -2.424779e+01
      vertex   -2.513870e+01 1.000000e+00 -2.409625e+01
      vertex   -2.527887e+01 1.294051e+00 -2.399243e+01
    endloop
  endfacet
  facet normal -5.425638e-01 3.765966e-02 -8.391700e-01
    outer loop
      vertex   -2.527887e+01 1.294051e+00 -2.399243e+01
      vertex   -2.513870e+01 1.000000e+00 -2.409625e+01
      vertex   -2.554452e+01 1.000000e+00 -2.383387e+01
    endloop
  endfacet
  facet normal -5.610127e-01 6.169447e-02 -8.255051e-01
    outer loop
      vertex   -2.527887e+01 1.294051e+00 -2.399243e+01
      vertex   -2.554452e+01 1.000000e+00 -2.383387e+01
      vertex   -2.569379e+01 1.294051e+00 -2.371045e+01
    endloop
  endfacet
  facet normal -5.922523e-01 3.718487e-02 -8.048941e-01
    outer loop
      vertex   -2.569379e+01 1.294051e+00 -2.371045e+01
      vertex   -2.554452e+01 1.000000e+00 -2.383387e+01
      vertex   -2.593375e+01 1.000000e+00 -2.354747e+01
    endloop
  endfacet
  facet normal -6.117245e-01 6.208940e-02 -7.886305e-01
    outer loop
      vertex   -2.569379e+01 1.294051e+00 -2.371045e+01
      vertex   -2.593375e+01 1.000000e+00 -2.354747e+01
      vertex   -2.609018e+01 1.294051e+00 -2.340298e+01
    endloop
  endfacet
  facet normal -6.397776e-01 3.686833e-02 -7.676753e-01
    outer loop
      vertex   -2.609018e+01 1.294051e+00 -2.340298e+01
      vertex   -2.593375e+01 1.000000e+00 -2.354747e+01
      vertex   -2.630498e+01 1.000000e+00 -2.323809e+01
    endloop
  endfacet
  facet normal -6.600262e-01 6.232634e-02 -7.486527e-01
    outer loop
      vertex   -2.609018e+01 1.294051e+00 -2.340298e+01
      vertex   -2.630498e+01 1.000000e+00 -2.323809e+01
      vertex   -2.646649e+01 1.294051e+00 -2.307122e+01
    endloop
  endfacet
  facet normal -6.849654e-01 3.671006e-02 -7.276502e-01
    outer loop
      vertex   -2.646649e+01 1.294051e+00 -2.307122e+01
      vertex   -2.630498e+01 1.000000e+00 -2.323809e+01
      vertex   -2.665685e+01 1.000000e+00 -2.290685e+01
    endloop
  endfacet
  facet normal -7.057286e-01 6.240532e-02 -7.057286e-01
    outer loop
      vertex   -2.646649e+01 1.294051e+00 -2.307122e+01
      vertex   -2.665685e+01 1.000000e+00 -2.290685e+01
      vertex   -2.682122e+01 1.294051e+00 -2.271649e+01
    endloop
  endfacet
  facet normal -7.276502e-01 3.671006e-02 -6.849654e-01
    outer loop
      vertex   -2.682122e+01 1.294051e+00 -2.271649e+01
      vertex   -2.665685e+01 1.000000e+00 -2.290685e+01
      vertex   -2.698809e+01 1.000000e+00 -2.255498e+01
    endloop
  endfacet
  facet normal -7.486527e-01 6.232634e-02 -6.600262e-01
    outer loop
      vertex   -2.682122e+01 1.294051e+00 -2.271649e+01
      vertex   -2.698809e+01 1.000000e+00 -2.255498e+01
      vertex   -2.715298e+01 1.294051e+00 -2.234018e+01
    endloop
  endfacet
  facet normal -7.676753e-01 3.686833e-02 -6.397776e-01
    outer loop
      vertex   -2.715298e+01 1.294051e+00 -2.234018e+01
      vertex   -2.698809e+01 1.000000e+00 -2.255498e+01
      vertex   -2.729747e+01 1.000000e+00 -2.218375e+01
    endloop
  endfacet
  facet normal -7.886305e-01 6.208940e-02 -6.117245e-01
    outer loop
      vertex   -2.715298e+01 1.294051e+00 -2.234018e+01
      vertex   -2.729747e+01 1.000000e+00 -2.218375e+01
      vertex   -2.746045e+01 1.294051e+00 -2.194379e+01
    endloop
  endfacet
  facet normal -8.048941e-01 3.718487e-02 -5.922523e-01
    outer loop
      vertex   -2.746045e+01 1.294051e+00 -2.194379e+01
      vertex   -2.729747e+01 1.000000e+00 -2.218375e+01
      vertex   -2.758387e+01 1.000000e+00 -2.179452e+01
    endloop
  endfacet
  facet normal -8.255051e-01 6.169447e-02 -5.610127e-01
    outer loop
      vertex   -2.746045e+01 1.294051e+00 -2.194379e+01
      vertex   -2.758387e+01 1.000000e+00 -2.179452e+01
      vertex   -2.774243e+01 1.294051e+00 -2.152887e+01
    endloop
  endfacet
  facet normal -8.391700e-01 3.765966e-02 -5.425638e-01
    outer loop
      vertex   -2.774243e+01 1.294051e+00 -2.152887e+01
      vertex   -2.758387e+01 1.000000e+00 -2.179452e+01
      vertex   -2.784625e+01 1.000000e+00 -2.138870e+01
    endloop
  endfacet
  facet normal -8.591317e-01 6.114152e-02 -5.080891e-01
    outer loop
      vertex   -2.774243e+01 1.294051e+00 -2.152887e+01
      vertex   -2.784625e+01 1.000000e+00 -2.138870e+01
      vertex   -2.799779e+01 1.294051e+00 -2.109707e+01
    endloop
  endfacet
  facet normal -8.703772e-01 3.829267e-02 -4.908943e-01
    outer loop
      vertex   -2.799779e+01 1.294051e+00 -2.109707e+01
      vertex   -2.784625e+01 1.000000e+00 -2.138870e+01
      vertex   -2.808365e+01 1.000000e+00 -2.096779e+01
    endloop
  endfacet
  facet normal -8.893781e-01 6.043052e-02 -4.531608e-01
    outer loop
      vertex   -2.799779e+01 1.294051e+00 -2.109707e+01
      vertex   -2.808365e+01 1.000000e+00 -2.096779e+01
      vertex   -2.822555e+01 1.294051e+00 -2.065008e+01
    endloop
  endfacet
  facet normal -8.984012e-01 3.908385e-02 -4.374332e-01
    outer loop
      vertex   -2.822555e+01 1.294051e+00 -2.065008e+01
      vertex   -2.808365e+01 1.000000e+00 -2.096779e+01
      vertex   -2.829520e+01 1.000000e+00 -2.053330e+01
    endloop
  endfacet
  facet normal -9.161253e-01 5.956140e-02 -3.964428e-01
    outer loop
      vertex   -2.822555e+01 1.294051e+00 -2.065008e+01
      vertex   -2.829520e+01 1.000000e+00 -2.053330e+01
      vertex   -2.842478e+01 1.294051e+00 -2.018968e+01
    endloop
  endfacet
  facet normal -9.231389e-01 4.003317e-02 -3.823767e-01
    outer loop
      vertex   -2.842478e+01 1.294051e+00 -2.018968e+01
      vertex   -2.829520e+01 1.000000e+00 -2.053330e+01
      vertex   -2.848013e+01 1.000000e+00 -2.008684e+01
    endloop
  endfacet
  facet normal -9.392675e-01 5.853409e-02 -3.381571e-01
    outer loop
      vertex   -2.842478e+01 1.294051e+00 -2.018968e+01
      vertex   -2.848013e+01 1.000000e+00 -2.008684e+01
      vertex   -2.859471e+01 1.294051e+00 -1.971767e+01
    endloop
  endfacet
  facet normal -9.444995e-01 4.114055e-02 -3.259266e-01
    outer loop
      vertex   -2.859471e+01 1.294051e+00 -1.971767e+01
      vertex   -2.848013e+01 1.000000e+00 -2.008684e+01
      vertex   -2.863777e+01 1.000000e+00 -1.963002e+01
    endloop
  endfacet
  facet normal -9.587133e-01 5.734853e-02 -2.785319e-01
    outer loop
      vertex   -2.859471e+01 1.294051e+00 -1.971767e+01
      vertex   -2.863777e+01 1.000000e+00 -1.963002e+01
      vertex   -2.873467e+01 1.294051e+00 -1.923593e+01
    endloop
  endfacet
  facet normal -9.624043e-01 4.240593e-02 -2.682903e-01
    outer loop
      vertex   -2.873467e+01 1.294051e+00 -1.923593e+01
      vertex   -2.863777e+01 1.000000e+00 -1.963002e+01
      vertex   -2.876753e+01 1.000000e+00 -1.916453e+01
    endloop
  endfacet
  facet normal -9.743851e-01 5.600461e-02 -2.178009e-01
    outer loop
      vertex   -2.873467e+01 1.294051e+00 -1.923593e+01
      vertex   -2.876753e+01 1.000000e+00 -1.916453e+01
      vertex   -2.884411e+01 1.294051e+00 -1.874634e+01
    endloop
  endfacet
  facet normal -9.767874e-01 4.382921e-02 -2.096794e-01
    outer loop
      vertex   -2.884411e+01 1.294051e+00 -1.874634e+01
      vertex   -2.876753e+01 1.000000e+00 -1.916453e+01
      vertex   -2.886896e+01 1.000000e+00 -1.869204e+01
    endloop
  endfacet
  facet normal -9.862203e-01 5.450225e-02 -1.562019e-01
    outer loop
      vertex   -2.884411e+01 1.294051e+00 -1.874634e+01
      vertex   -2.886896e+01 1.000000e+00 -1.869204e+01
      vertex   -2.892259e+01 1.294051e+00 -1.825086e+01
    endloop
  endfacet
  facet normal -9.875956e-01 4.541029e-02 -1.503093e-01
    outer loop
      vertex   -2.892259e+01 1.294051e+00 -1.825086e+01
      vertex   -2.886896e+01 1.000000e+00 -1.869204e+01
      vertex   -2.894167e+01 1.000000e+00 -1.821429e+01
    endloop
  endfacet
  facet normal -9.941711e-01 5.284136e-02 -9.397684e-02
    outer loop
      vertex   -2.892259e+01 1.294051e+00 -1.825086e+01
      vertex   -2.894167e+01 1.000000e+00 -1.821429e+01
      vertex   -2.896980e+01 1.294051e+00 -1.775142e+01
    endloop
  endfacet
  facet normal -9.947890e-01 4.714905e-02 -9.039823e-02
    outer loop
      vertex   -2.896980e+01 1.294051e+00 -1.775142e+01
      vertex   -2.894167e+01 1.000000e+00 -1.821429e+01
      vertex   -2.898540e+01 1.000000e+00 -1.773303e+01
    endloop
  endfacet
  facet normal -9.982047e-01 5.102181e-02 -3.136985e-02
    outer loop
      vertex   -2.896980e+01 1.294051e+00 -1.775142e+01
      vertex   -2.898540e+01 1.000000e+00 -1.773303e+01
      vertex   -2.898555e+01 1.294051e+00 -1.725000e+01
    endloop
  endfacet
  facet normal -9.983409e-01 4.904534e-02 -3.016668e-02
    outer loop
      vertex   -2.898555e+01 1.294051e+00 -1.725000e+01
      vertex   -2.898540e+01 1.000000e+00 -1.773303e+01
      vertex   -2.900000e+01 1.000000e+00 -1.725000e+01
    endloop
  endfacet
  facet normal -9.886989e-01 1.466596e-01 -3.107112e-02
    outer loop
      vertex   -2.898555e+01 1.294051e+00 -1.725000e+01
      vertex   -2.894236e+01 1.585271e+00 -1.725000e+01
      vertex   -2.896980e+01 1.294051e+00 -1.775142e+01
    endloop
  endfacet
  facet normal -9.886989e-01 1.466596e-01 -3.107112e-02
    outer loop
      vertex   -2.896980e+01 1.294051e+00 -1.775142e+01
      vertex   -2.894236e+01 1.585271e+00 -1.725000e+01
      vertex   -2.892668e+01 1.585271e+00 -1.774870e+01
    endloop
  endfacet
  facet normal -9.847970e-01 1.466596e-01 -9.309072e-02
    outer loop
      vertex   -2.896980e+01 1.294051e+00 -1.775142e+01
      vertex   -2.892668e+01 1.585271e+00 -1.774870e+01
      vertex   -2.892259e+01 1.294051e+00 -1.825086e+01
    endloop
  endfacet
  facet normal -9.847970e-01 1.466596e-01 -9.309072e-02
    outer loop
      vertex   -2.892259e+01 1.294051e+00 -1.825086e+01
      vertex   -2.892668e+01 1.585271e+00 -1.774870e+01
      vertex   -2.887973e+01 1.585271e+00 -1.824544e+01
    endloop
  endfacet
  facet normal -9.770085e-01 1.466596e-01 -1.547429e-01
    outer loop
      vertex   -2.892259e+01 1.294051e+00 -1.825086e+01
      vertex   -2.887973e+01 1.585271e+00 -1.824544e+01
      vertex   -2.884411e+01 1.294051e+00 -1.874634e+01
    endloop
  endfacet
  facet normal -9.770085e-01 1.466596e-01 -1.547429e-01
    outer loop
      vertex   -2.884411e+01 1.294051e+00 -1.874634e+01
      vertex   -2.887973e+01 1.585271e+00 -1.824544e+01
      vertex   -2.880167e+01 1.585271e+00 -1.873825e+01
    endloop
  endfacet
  facet normal -9.653642e-01 1.466596e-01 -2.157845e-01
    outer loop
      vertex   -2.884411e+01 1.294051e+00 -1.874634e+01
      vertex   -2.880167e+01 1.585271e+00 -1.873825e+01
      vertex   -2.873467e+01 1.294051e+00 -1.923593e+01
    endloop
  endfacet
  facet normal -9.653642e-01 1.466596e-01 -2.157845e-01
    outer loop
      vertex   -2.873467e+01 1.294051e+00 -1.923593e+01
      vertex   -2.880167e+01 1.585271e+00 -1.873825e+01
      vertex   -2.869283e+01 1.585271e+00 -1.922518e+01
    endloop
  endfacet
  facet normal -9.499100e-01 1.466596e-01 -2.759744e-01
    outer loop
      vertex   -2.873467e+01 1.294051e+00 -1.923593e+01
      vertex   -2.869283e+01 1.585271e+00 -1.922518e+01
      vertex   -2.859471e+01 1.294051e+00 -1.971767e+01
    endloop
  endfacet
  facet normal -9.499100e-01 1.466596e-01 -2.759744e-01
    outer loop
      vertex   -2.859471e+01 1.294051e+00 -1.971767e+01
      vertex   -2.869283e+01 1.585271e+00 -1.922518e+01
      vertex   -2.855363e+01 1.585271e+00 -1.970432e+01
    endloop
  endfacet
  facet normal -9.307070e-01 1.466596e-01 -3.350752e-01
    outer loop
      vertex   -2.859471e+01 1.294051e+00 -1.971767e+01
      vertex   -2.855363e+01 1.585271e+00 -1.970432e+01
      vertex   -2.842478e+01 1.294051e+00 -2.018968e+01
    endloop
  endfacet
  facet normal -9.307070e-01 1.466596e-01 -3.350752e-01
    outer loop
      vertex   -2.842478e+01 1.294051e+00 -2.018968e+01
      vertex   -2.855363e+01 1.585271e+00 -1.970432e+01
      vertex   -2.838462e+01 1.585271e+00 -2.017378e+01
    endloop
  endfacet
  facet normal -9.078310e-01 1.466596e-01 -3.928535e-01
    outer loop
      vertex   -2.842478e+01 1.294051e+00 -2.018968e+01
      vertex   -2.838462e+01 1.585271e+00 -2.017378e+01
      vertex   -2.822555e+01 1.294051e+00 -2.065008e+01
    endloop
  endfacet
  facet normal -9.078310e-01 1.466596e-01 -3.928535e-01
    outer loop
      vertex   -2.822555e+01 1.294051e+00 -2.065008e+01
      vertex   -2.838462e+01 1.585271e+00 -2.017378e+01
      vertex   -2.818646e+01 1.585271e+00 -2.063169e+01
    endloop
  endfacet
  facet normal -8.813721e-01 1.466596e-01 -4.490815e-01
    outer loop
      vertex   -2.822555e+01 1.294051e+00 -2.065008e+01
      vertex   -2.818646e+01 1.585271e+00 -2.063169e+01
      vertex   -2.799779e+01 1.294051e+00 -2.109707e+01
    endloop
  endfacet
  facet normal -8.813721e-01 1.466596e-01 -4.490815e-01
    outer loop
      vertex   -2.799779e+01 1.294051e+00 -2.109707e+01
      vertex   -2.818646e+01 1.585271e+00 -2.063169e+01
      vertex   -2.795994e+01 1.585271e+00 -2.107626e+01
    endloop
  endfacet
  facet normal -8.514348e-01 1.466596e-01 -5.035372e-01
    outer loop
      vertex   -2.799779e+01 1.294051e+00 -2.109707e+01
      vertex   -2.795994e+01 1.585271e+00 -2.107626e+01
      vertex   -2.774243e+01 1.294051e+00 -2.152887e+01
    endloop
  endfacet
  facet normal -8.514348e-01 1.466596e-01 -5.035372e-01
    outer loop
      vertex   -2.774243e+01 1.294051e+00 -2.152887e+01
      vertex   -2.795994e+01 1.585271e+00 -2.107626e+01
      vertex   -2.770595e+01 1.585271e+00 -2.150573e+01
    endloop
  endfacet
  facet normal -8.181374e-01 1.466596e-01 -5.560056e-01
    outer loop
      vertex   -2.774243e+01 1.294051e+00 -2.152887e+01
      vertex   -2.770595e+01 1.585271e+00 -2.150573e+01
      vertex   -2.746045e+01 1.294051e+00 -2.194379e+01
    endloop
  endfacet
  facet normal -8.181374e-01 1.466596e-01 -5.560056e-01
    outer loop
      vertex   -2.746045e+01 1.294051e+00 -2.194379e+01
      vertex   -2.770595e+01 1.585271e+00 -2.150573e+01
      vertex   -2.742550e+01 1.585271e+00 -2.191840e+01
    endloop
  endfacet
  facet normal -7.816111e-01 1.466596e-01 -6.062797e-01
    outer loop
      vertex   -2.746045e+01 1.294051e+00 -2.194379e+01
      vertex   -2.742550e+01 1.585271e+00 -2.191840e+01
      vertex   -2.715298e+01 1.294051e+00 -2.234018e+01
    endloop
  endfacet
  facet normal -7.816111e-01 1.466596e-01 -6.062797e-01
    outer loop
      vertex   -2.715298e+01 1.294051e+00 -2.234018e+01
      vertex   -2.742550e+01 1.585271e+00 -2.191840e+01
      vertex   -2.711969e+01 1.585271e+00 -2.231265e+01
    endloop
  endfacet
  facet normal -7.420001e-01 1.466596e-01 -6.541611e-01
    outer loop
      vertex   -2.715298e+01 1.294051e+00 -2.234018e+01
      vertex   -2.711969e+01 1.585271e+00 -2.231265e+01
      vertex   -2.682122e+01 1.294051e+00 -2.271649e+01
    endloop
  endfacet
  facet normal -7.420001e-01 1.466596e-01 -6.541611e-01
    outer loop
      vertex   -2.682122e+01 1.294051e+00 -2.271649e+01
      vertex   -2.711969e+01 1.585271e+00 -2.231265e+01
      vertex   -2.678973e+01 1.585271e+00 -2.268692e+01
    endloop
  endfacet
  facet normal -6.994608e-01 1.466596e-01 -6.994608e-01
    outer loop
      vertex   -2.682122e+01 1.294051e+00 -2.271649e+01
      vertex   -2.678973e+01 1.585271e+00 -2.268692e+01
      vertex   -2.646649e+01 1.294051e+00 -2.307122e+01
    endloop
  endfacet
  facet normal -6.994608e-01 1.466596e-01 -6.994608e-01
    outer loop
      vertex   -2.646649e+01 1.294051e+00 -2.307122e+01
      vertex   -2.678973e+01 1.585271e+00 -2.268692e+01
      vertex   -2.643692e+01 1.585271e+00 -2.303973e+01
    endloop
  endfacet
  facet normal -6.541611e-01 1.466596e-01 -7.420001e-01
    outer loop
      vertex   -2.646649e+01 1.294051e+00 -2.307122e+01
      vertex   -2.643692e+01 1.585271e+00 -2.303973e+01
      vertex   -2.609018e+01 1.294051e+00 -2.340298e+01
    endloop
  endfacet
  facet normal -6.541611e-01 1.466596e-01 -7.420001e-01
    outer loop
      vertex   -2.609018e+01 1.294051e+00 -2.340298e+01
      vertex   -2.643692e+01 1.585271e+00 -2.303973e+01
      vertex   -2.606265e+01 1.585271e+00 -2.336969e+01
    endloop
  endfacet
  facet normal -6.062797e-01 1.466596e-01 -7.816111e-01
    outer loop
      vertex   -2.609018e+01 1.294051e+00 -2.340298e+01
      vertex   -2.606265e+01 1.585271e+00 -2.336969e+01
      vertex   -2.569379e+01 1.294051e+00 -2.371045e+01
    endloop
  endfacet
  facet normal -6.062797e-01 1.466596e-01 -7.816111e-01
    outer loop
      vertex   -2.569379e+01 1.294051e+00 -2.371045e+01
      vertex   -2.606265e+01 1.585271e+00 -2.336969e+01
      vertex   -2.566840e+01 1.585271e+00 -2.367550e+01
    endloop
  endfacet
  facet normal -5.560056e-01 1.466596e-01 -8.181374e-01
    outer loop
      vertex   -2.569379e+01 1.294051e+00 -2.371045e+01
      vertex   -2.566840e+01 1.585271e+00 -2.367550e+01
      vertex   -2.527887e+01 1.294051e+00 -2.399243e+01
    endloop
  endfacet
  facet normal -5.560056e-01 1.466596e-01 -8.181374e-01
    outer loop
      vertex   -2.527887e+01 1.294051e+00 -2.399243e+01
      vertex   -2.566840e+01 1.585271e+00 -2.367550e+01
      vertex   -2.525573e+01 1.585271e+00 -2.395595e+01
    endloop
  endfacet
  facet normal -5.035372e-01 1.466596e-01 -8.514348e-01
    outer loop
      vertex   -2.527887e+01 1.294051e+00 -2.399243e+01
      vertex   -2.525573e+01 1.585271e+00 -2.395595e+01
      vertex   -2.484707e+01 1.294051e+00 -2.424779e+01
    endloop
  endfacet
  facet normal -5.035372e-01 1.466596e-01 -8.514348e-01
    outer loop
      vertex   -2.484707e+01 1.294051e+00 -2.424779e+01
      vertex   -2.525573e+01 1.585271e+00 -2.395595e+01
      vertex   -2.482626e+01 1.585271e+00 -2.420994e+01
    endloop
  endfacet
  facet normal -4.490815e-01 1.466596e-01 -8.813721e-01
    outer loop
      vertex   -2.484707e+01 1.294051e+00 -2.424779e+01
      vertex   -2.482626e+01 1.585271e+00 -2.420994e+01
      vertex   -2.440008e+01 1.294051e+00 -2.447555e+01
    endloop
  endfacet
  facet normal -4.490815e-01 1.466596e-01 -8.813721e-01
    outer loop
      vertex   -2.440008e+01 1.294051e+00 -2.447555e+01
      vertex   -2.482626e+01 1.585271e+00 -2.420994e+01
      vertex   -2.438169e+01 1.585271e+00 -2.443646e+01
    endloop
  endfacet
  facet normal -3.928535e-01 1.466596e-01 -9.078310e-01
    outer loop
      vertex   -2.440008e+01 1.294051e+00 -2.447555e+01
      vertex   -2.438169e+01 1.585271e+00 -2.443646e+01
      vertex   -2.393968e+01 1.294051e+00 -2.467478e+01
    endloop
  endfacet
  facet normal -3.928535e-01 1.466596e-01 -9.078310e-01
    outer loop
      vertex   -2.393968e+01 1.294051e+00 -2.467478e+01
      vertex   -2.438169e+01 1.585271e+00 -2.443646e+01
      vertex   -2.392378e+01 1.585271e+00 -2.463462e+01
    endloop
  endfacet
  facet normal -3.350752e-01 1.466596e-01 -9.307070e-01
    outer loop
      vertex   -2.393968e+01 1.294051e+00 -2.467478e+01
      vertex   -2.392378e+01 1.585271e+00 -2.463462e+01
      vertex   -2.346767e+01 1.294051e+00 -2.484471e+01
    endloop
  endfacet
  facet normal -3.350752e-01 1.466596e-01 -9.307070e-01
    outer loop
      vertex   -2.346767e+01 1.294051e+00 -2.484471e+01
      vertex   -2.392378e+01 1.585271e+00 -2.463462e+01
      vertex   -2.345432e+01 1.585271e+00 -2.480363e+01
    endloop
  endfacet
  facet normal -2.759744e-01 1.466596e-01 -9.499100e-01
    outer loop
      vertex   -2.346767e+01 1.294051e+00 -2.484471e+01
      vertex   -2.345432e+01 1.585271e+00 -2.480363e+01
      vertex   -2.298593e+01 1.294051e+00 -2.498467e+01
    endloop
  endfacet
  facet normal -2.759744e-01 1.466596e-01 -9.499100e-01
    outer loop
      vertex   -2.298593e+01 1.294051e+00 -2.498467e+01
      vertex   -2.345432e+01 1.585271e+00 -2.480363e+01
      vertex   -2.297518e+01 1.585271e+00 -2.494283e+01
    endloop
  endfacet
  facet normal -2.157845e-01 1.466596e-01 -9.653642e-01
    outer loop
      vertex   -2.298593e+01 1.294051e+00 -2.498467e+01
      vertex   -2.297518e+01 1.585271e+00 -2.494283e+01
      vertex   -2.249634e+01 1.294051e+00 -2.509411e+01
    endloop
  endfacet
  facet normal -2.157845e-01 1.466596e-01 -9.653642e-01
    outer loop
      vertex   -2.249634e+01 1.294051e+00 -2.509411e+01
      vertex   -2.297518e+01 1.585271e+00 -2.494283e+01
      vertex   -2.248825e+01 1.585271e+00 -2.505167e+01
    endloop
  endfacet
  facet normal -1.547429e-01 1.466596e-01 -9.770085e-01
    outer loop
      vertex   -2.249634e+01 1.294051e+00 -2.509411e+01
      vertex   -2.248825e+01 1.585271e+00 -2.505167e+01
      vertex   -2.200086e+01 1.294051e+00 -2.517259e+01
    endloop
  endfacet
  facet normal -1.547429e-01 1.466596e-01 -9.770085e-01
    outer loop
      vertex   -2.200086e+01 1.294051e+00 -2.517259e+01
      vertex   -2.248825e+01 1.585271e+00 -2.505167e+01
      vertex   -2.199544e+01 1.585271e+00 -2.512973e+01
    endloop
  endfacet
  facet normal -9.309072e-02 1.466596e-01 -9.847970e-01
    outer loop
      vertex   -2.200086e+01 1.294051e+00 -2.517259e+01
      vertex   -2.199544e+01 1.585271e+00 -2.512973e+01
      vertex   -2.150142e+01 1.294051e+00 -2.521980e+01
    endloop
  endfacet
  facet normal -9.309072e-02 1.466596e-01 -9.847970e-01
    outer loop
      vertex   -2.150142e+01 1.294051e+00 -2.521980e+01
      vertex   -2.199544e+01 1.585271e+00 -2.512973e+01
      vertex   -2.149870e+01 1.585271e+00 -2.517668e+01
    endloop
  endfacet
  facet normal -9.695808e-01 2.428674e-01 -3.047031e-02
    outer loop
      vertex   -2.894236e+01 1.585271e+00 -1.725000e+01
      vertex   -2.887082e+01 1.870854e+00 -1.725000e+01
      vertex   -2.892668e+01 1.585271e+00 -1.774870e+01
    endloop
  endfacet
  facet normal -9.695808e-01 2.428674e-01 -3.047031e-02
    outer loop
      vertex   -2.892668e+01 1.585271e+00 -1.774870e+01
      vertex   -2.887082e+01 1.870854e+00 -1.725000e+01
      vertex   -2.885529e+01 1.870854e+00 -1.774421e+01
    endloop
  endfacet
  facet normal -9.657543e-01 2.428674e-01 -9.129066e-02
    outer loop
      vertex   -2.892668e+01 1.585271e+00 -1.774870e+01
      vertex   -2.885529e+01 1.870854e+00 -1.774421e+01
      vertex   -2.887973e+01 1.585271e+00 -1.824544e+01
    endloop
  endfacet
  facet normal -9.657543e-01 2.428674e-01 -9.129066e-02
    outer loop
      vertex   -2.887973e+01 1.585271e+00 -1.824544e+01
      vertex   -2.885529e+01 1.870854e+00 -1.774421e+01
      vertex   -2.880876e+01 1.870854e+00 -1.823648e+01
    endloop
  endfacet
  facet normal -9.581165e-01 2.428674e-01 -1.517507e-01
    outer loop
      vertex   -2.887973e+01 1.585271e+00 -1.824544e+01
      vertex   -2.880876e+01 1.870854e+00 -1.823648e+01
      vertex   -2.880167e+01 1.585271e+00 -1.873825e+01
    endloop
  endfacet
  facet normal -9.581165e-01 2.428674e-01 -1.517507e-01
    outer loop
      vertex   -2.880167e+01 1.585271e+00 -1.873825e+01
      vertex   -2.880876e+01 1.870854e+00 -1.823648e+01
      vertex   -2.873141e+01 1.870854e+00 -1.872484e+01
    endloop
  endfacet
  facet normal -9.466973e-01 2.428674e-01 -2.116119e-01
    outer loop
      vertex   -2.880167e+01 1.585271e+00 -1.873825e+01
      vertex   -2.873141e+01 1.870854e+00 -1.872484e+01
      vertex   -2.869283e+01 1.585271e+00 -1.922518e+01
    endloop
  endfacet
  facet normal -9.466973e-01 2.428674e-01 -2.116119e-01
    outer loop
      vertex   -2.869283e+01 1.585271e+00 -1.922518e+01
      vertex   -2.873141e+01 1.870854e+00 -1.872484e+01
      vertex   -2.862354e+01 1.870854e+00 -1.920739e+01
    endloop
  endfacet
  facet normal -9.315420e-01 2.428674e-01 -2.706380e-01
    outer loop
      vertex   -2.869283e+01 1.585271e+00 -1.922518e+01
      vertex   -2.862354e+01 1.870854e+00 -1.920739e+01
      vertex   -2.855363e+01 1.585271e+00 -1.970432e+01
    endloop
  endfacet
  facet normal -9.315420e-01 2.428674e-01 -2.706380e-01
    outer loop
      vertex   -2.855363e+01 1.585271e+00 -1.970432e+01
      vertex   -2.862354e+01 1.870854e+00 -1.920739e+01
      vertex   -2.848560e+01 1.870854e+00 -1.968222e+01
    endloop
  endfacet
  facet normal -9.127103e-01 2.428674e-01 -3.285959e-01
    outer loop
      vertex   -2.855363e+01 1.585271e+00 -1.970432e+01
      vertex   -2.848560e+01 1.870854e+00 -1.968222e+01
      vertex   -2.838462e+01 1.585271e+00 -2.017378e+01
    endloop
  endfacet
  facet normal -9.127103e-01 2.428674e-01 -3.285959e-01
    outer loop
      vertex   -2.838462e+01 1.585271e+00 -2.017378e+01
      vertex   -2.848560e+01 1.870854e+00 -1.968222e+01
      vertex   -2.831810e+01 1.870854e+00 -2.014744e+01
    endloop
  endfacet
  facet normal -8.902766e-01 2.428674e-01 -3.852571e-01
    outer loop
      vertex   -2.838462e+01 1.585271e+00 -2.017378e+01
      vertex   -2.831810e+01 1.870854e+00 -2.014744e+01
      vertex   -2.818646e+01 1.585271e+00 -2.063169e+01
    endloop
  endfacet
  facet normal -8.902766e-01 2.428674e-01 -3.852571e-01
    outer loop
      vertex   -2.818646e+01 1.585271e+00 -2.063169e+01
      vertex   -2.831810e+01 1.870854e+00 -2.014744e+01
      vertex   -2.812173e+01 1.870854e+00 -2.060123e+01
    endloop
  endfacet
  facet normal -8.643293e-01 2.428674e-01 -4.403978e-01
    outer loop
      vertex   -2.818646e+01 1.585271e+00 -2.063169e+01
      vertex   -2.812173e+01 1.870854e+00 -2.060123e+01
      vertex   -2.795994e+01 1.585271e+00 -2.107626e+01
    endloop
  endfacet
  facet normal -8.643293e-01 2.428674e-01 -4.403978e-01
    outer loop
      vertex   -2.795994e+01 1.585271e+00 -2.107626e+01
      vertex   -2.812173e+01 1.870854e+00 -2.060123e+01
      vertex   -2.789725e+01 1.870854e+00 -2.104180e+01
    endloop
  endfacet
  facet normal -8.349710e-01 2.428674e-01 -4.938005e-01
    outer loop
      vertex   -2.795994e+01 1.585271e+00 -2.107626e+01
      vertex   -2.789725e+01 1.870854e+00 -2.104180e+01
      vertex   -2.770595e+01 1.585271e+00 -2.150573e+01
    endloop
  endfacet
  facet normal -8.349710e-01 2.428674e-01 -4.938005e-01
    outer loop
      vertex   -2.770595e+01 1.585271e+00 -2.150573e+01
      vertex   -2.789725e+01 1.870854e+00 -2.104180e+01
      vertex   -2.764555e+01 1.870854e+00 -2.146740e+01
    endloop
  endfacet
  facet normal -8.023174e-01 2.428674e-01 -5.452543e-01
    outer loop
      vertex   -2.770595e+01 1.585271e+00 -2.150573e+01
      vertex   -2.764555e+01 1.870854e+00 -2.146740e+01
      vertex   -2.742550e+01 1.585271e+00 -2.191840e+01
    endloop
  endfacet
  facet normal -8.023174e-01 2.428674e-01 -5.452543e-01
    outer loop
      vertex   -2.742550e+01 1.585271e+00 -2.191840e+01
      vertex   -2.764555e+01 1.870854e+00 -2.146740e+01
      vertex   -2.736763e+01 1.870854e+00 -2.187635e+01
    endloop
  endfacet
  facet normal -7.664974e-01 2.428674e-01 -5.945563e-01
    outer loop
      vertex   -2.742550e+01 1.585271e+00 -2.191840e+01
      vertex   -2.736763e+01 1.870854e+00 -2.187635e+01
      vertex   -2.711969e+01 1.585271e+00 -2.231265e+01
    endloop
  endfacet
  facet normal -7.664974e-01 2.428674e-01 -5.945563e-01
    outer loop
      vertex   -2.711969e+01 1.585271e+00 -2.231265e+01
      vertex   -2.736763e+01 1.870854e+00 -2.187635e+01
      vertex   -2.706457e+01 1.870854e+00 -2.226705e+01
    endloop
  endfacet
  facet normal -7.276524e-01 2.428674e-01 -6.415119e-01
    outer loop
      vertex   -2.711969e+01 1.585271e+00 -2.231265e+01
      vertex   -2.706457e+01 1.870854e+00 -2.226705e+01
      vertex   -2.678973e+01 1.585271e+00 -2.268692e+01
    endloop
  endfacet
  facet normal -7.276524e-01 2.428674e-01 -6.415119e-01
    outer loop
      vertex   -2.678973e+01 1.585271e+00 -2.268692e+01
      vertex   -2.706457e+01 1.870854e+00 -2.226705e+01
      vertex   -2.673758e+01 1.870854e+00 -2.263795e+01
    endloop
  endfacet
  facet normal -6.859357e-01 2.428674e-01 -6.859357e-01
    outer loop
      vertex   -2.678973e+01 1.585271e+00 -2.268692e+01
      vertex   -2.673758e+01 1.870854e+00 -2.263795e+01
      vertex   -2.643692e+01 1.585271e+00 -2.303973e+01
    endloop
  endfacet
  facet normal -6.859357e-01 2.428674e-01 -6.859357e-01
    outer loop
      vertex   -2.643692e+01 1.585271e+00 -2.303973e+01
      vertex   -2.673758e+01 1.870854e+00 -2.263795e+01
      vertex   -2.638795e+01 1.870854e+00 -2.298758e+01
    endloop
  endfacet
  facet normal -6.415119e-01 2.428674e-01 -7.276524e-01
    outer loop
      vertex   -2.643692e+01 1.585271e+00 -2.303973e+01
      vertex   -2.638795e+01 1.870854e+00 -2.298758e+01
      vertex   -2.606265e+01 1.585271e+00 -2.336969e+01
    endloop
  endfacet
  facet normal -6.415119e-01 2.428674e-01 -7.276524e-01
    outer loop
      vertex   -2.606265e+01 1.585271e+00 -2.336969e+01
      vertex   -2.638795e+01 1.870854e+00 -2.298758e+01
      vertex   -2.601705e+01 1.870854e+00 -2.331457e+01
    endloop
  endfacet
  facet normal -5.945563e-01 2.428674e-01 -7.664974e-01
    outer loop
      vertex   -2.606265e+01 1.585271e+00 -2.336969e+01
      vertex   -2.601705e+01 1.870854e+00 -2.331457e+01
      vertex   -2.566840e+01 1.585271e+00 -2.367550e+01
    endloop
  endfacet
  facet normal -5.945563e-01 2.428674e-01 -7.664974e-01
    outer loop
      vertex   -2.566840e+01 1.585271e+00 -2.367550e+01
      vertex   -2.601705e+01 1.870854e+00 -2.331457e+01
      vertex   -2.562635e+01 1.870854e+00 -2.361763e+01
    endloop
  endfacet
  facet normal -5.452543e-01 2.428674e-01 -8.023174e-01
    outer loop
      vertex   -2.566840e+01 1.585271e+00 -2.367550e+01
      vertex   -2.562635e+01 1.870854e+00 -2.361763e+01
      vertex   -2.525573e+01 1.585271e+00 -2.395595e+01
    endloop
  endfacet
  facet normal -5.452543e-01 2.428674e-01 -8.023174e-01
    outer loop
      vertex   -2.525573e+01 1.585271e+00 -2.395595e+01
      vertex   -2.562635e+01 1.870854e+00 -2.361763e+01
      vertex   -2.521740e+01 1.870854e+00 -2.389555e+01
    endloop
  endfacet
  facet normal -4.938005e-01 2.428674e-01 -8.349710e-01
    outer loop
      vertex   -2.525573e+01 1.585271e+00 -2.395595e+01
      vertex   -2.521740e+01 1.870854e+00 -2.389555e+01
      vertex   -2.482626e+01 1.585271e+00 -2.420994e+01
    endloop
  endfacet
  facet normal -4.938005e-01 2.428674e-01 -8.349710e-01
    outer loop
      vertex   -2.482626e+01 1.585271e+00 -2.420994e+01
      vertex   -2.521740e+01 1.870854e+00 -2.389555e+01
      vertex   -2.479180e+01 1.870854e+00 -2.414725e+01
    endloop
  endfacet
  facet normal -4.403978e-01 2.428674e-01 -8.643293e-01
    outer loop
      vertex   -2.482626e+01 1.585271e+00 -2.420994e+01
      vertex   -2.479180e+01 1.870854e+00 -2.414725e+01
      vertex   -2.438169e+01 1.585271e+00 -2.443646e+01
    endloop
  endfacet
  facet normal -4.403978e-01 2.428674e-01 -8.643293e-01
    outer loop
      vertex   -2.438169e+01 1.585271e+00 -2.443646e+01
      vertex   -2.479180e+01 1.870854e+00 -2.414725e+01
      vertex   -2.435123e+01 1.870854e+00 -2.437173e+01
    endloop
  endfacet
  facet normal -3.852571e-01 2.428674e-01 -8.902766e-01
    outer loop
      vertex   -2.438169e+01 1.585271e+00 -2.443646e+01
      vertex   -2.435123e+01 1.870854e+00 -2.437173e+01
      vertex   -2.392378e+01 1.585271e+00 -2.463462e+01
    endloop
  endfacet
  facet normal -3.852571e-01 2.428674e-01 -8.902766e-01
    outer loop
      vertex   -2.392378e+01 1.585271e+00 -2.463462e+01
      vertex   -2.435123e+01 1.870854e+00 -2.437173e+01
      vertex   -2.389744e+01 1.870854e+00 -2.456810e+01
    endloop
  endfacet
  facet normal -3.285959e-01 2.428674e-01 -9.127103e-01
    outer loop
      vertex   -2.392378e+01 1.585271e+00 -2.463462e+01
      vertex   -2.389744e+01 1.870854e+00 -2.456810e+01
      vertex   -2.345432e+01 1.585271e+00 -2.480363e+01
    endloop
  endfacet
  facet normal -3.285959e-01 2.428674e-01 -9.127103e-01
    outer loop
      vertex   -2.345432e+01 1.585271e+00 -2.480363e+01
      vertex   -2.389744e+01 1.870854e+00 -2.456810e+01
      vertex   -2.343222e+01 1.870854e+00 -2.473560e+01
    endloop
  endfacet
  facet normal -2.706380e-01 2.428674e-01 -9.315420e-01
    outer loop
      vertex   -2.345432e+01 1.585271e+00 -2.480363e+01
      vertex   -2.343222e+01 1.870854e+00 -2.473560e+01
      vertex   -2.297518e+01 1.585271e+00 -2.494283e+01
    endloop
  endfacet
  facet normal -2.706380e-01 2.428674e-01 -9.315420e-01
    outer loop
      vertex   -2.297518e+01 1.585271e+00 -2.494283e+01
      vertex   -2.343222e+01 1.870854e+00 -2.473560e+01
      vertex   -2.295739e+01 1.870854e+00 -2.487354e+01
    endloop
  endfacet
  facet normal -2.116119e-01 2.428674e-01 -9.466973e-01
    outer loop
      vertex   -2.297518e+01 1.585271e+00 -2.494283e+01
      vertex   -2.295739e+01 1.870854e+00 -2.487354e+01
      vertex   -2.248825e+01 1.585271e+00 -2.505167e+01
    endloop
  endfacet
  facet normal -2.116119e-01 2.428674e-01 -9.466973e-01
    outer loop
      vertex   -2.248825e+01 1.585271e+00 -2.505167e+01
      vertex   -2.295739e+01 1.870854e+00 -2.487354e+01
      vertex   -2.247484e+01 1.870854e+00 -2.498141e+01
    endloop
  endfacet
  facet normal -1.517507e-01 2.428674e-01 -9.581165e-01
    outer loop
      vertex   -2.248825e+01 1.585271e+00 -2.505167e+01
      vertex   -2.247484e+01 1.870854e+00 -2.498141e+01
      vertex   -2.199544e+01 1.585271e+00 -2.512973e+01
    endloop
  endfacet
  facet normal -1.517507e-01 2.428674e-01 -9.581165e-01
    outer loop
      vertex   -2.199544e+01 1.585271e+00 -2.512973e+01
      vertex   -2.247484e+01 1.870854e+00 -2.498141e+01
      vertex   -2.198648e+01 1.870854e+00 -2.505876e+01
    endloop
  endfacet
  facet normal -9.129066e-02 2.428674e-01 -9.657543e-01
    outer loop
      vertex   -2.199544e+01 1.585271e+00 -2.512973e+01
      vertex   -2.198648e+01 1.870854e+00 -2.505876e+01
      vertex   -2.149870e+01 1.585271e+00 -2.517668e+01
    endloop
  endfacet
  facet normal -9.129066e-02 2.428674e-01 -9.657543e-01
    outer loop
      vertex   -2.149870e+01 1.585271e+00 -2.517668e+01
      vertex   -2.198648e+01 1.870854e+00 -2.505876e+01
      vertex   -2.149421e+01 1.870854e+00 -2.510529e+01
    endloop
  endfacet
  facet normal -9.411322e-01 3.367425e-01 -2.957627e-02
    outer loop
      vertex   -2.887082e+01 1.870854e+00 -1.725000e+01
      vertex   -2.877164e+01 2.148050e+00 -1.725000e+01
      vertex   -2.885529e+01 1.870854e+00 -1.774421e+01
    endloop
  endfacet
  facet normal -9.411322e-01 3.367425e-01 -2.957627e-02
    outer loop
      vertex   -2.885529e+01 1.870854e+00 -1.774421e+01
      vertex   -2.877164e+01 2.148050e+00 -1.725000e+01
      vertex   -2.875630e+01 2.148050e+00 -1.773799e+01
    endloop
  endfacet
  facet normal -9.374179e-01 3.367425e-01 -8.861209e-02
    outer loop
      vertex   -2.885529e+01 1.870854e+00 -1.774421e+01
      vertex   -2.875630e+01 2.148050e+00 -1.773799e+01
      vertex   -2.880876e+01 1.870854e+00 -1.823648e+01
    endloop
  endfacet
  facet normal -9.374179e-01 3.367425e-01 -8.861209e-02
    outer loop
      vertex   -2.880876e+01 1.870854e+00 -1.823648e+01
      vertex   -2.875630e+01 2.148050e+00 -1.773799e+01
      vertex   -2.871036e+01 2.148050e+00 -1.822404e+01
    endloop
  endfacet
  facet normal -9.300042e-01 3.367425e-01 -1.472982e-01
    outer loop
      vertex   -2.880876e+01 1.870854e+00 -1.823648e+01
      vertex   -2.871036e+01 2.148050e+00 -1.822404e+01
      vertex   -2.873141e+01 1.870854e+00 -1.872484e+01
    endloop
  endfacet
  facet normal -9.300042e-01 3.367425e-01 -1.472982e-01
    outer loop
      vertex   -2.873141e+01 1.870854e+00 -1.872484e+01
      vertex   -2.871036e+01 2.148050e+00 -1.822404e+01
      vertex   -2.863398e+01 2.148050e+00 -1.870626e+01
    endloop
  endfacet
  facet normal -9.189201e-01 3.367425e-01 -2.054030e-01
    outer loop
      vertex   -2.873141e+01 1.870854e+00 -1.872484e+01
      vertex   -2.863398e+01 2.148050e+00 -1.870626e+01
      vertex   -2.862354e+01 1.870854e+00 -1.920739e+01
    endloop
  endfacet
  facet normal -9.189201e-01 3.367425e-01 -2.054030e-01
    outer loop
      vertex   -2.862354e+01 1.870854e+00 -1.920739e+01
      vertex   -2.863398e+01 2.148050e+00 -1.870626e+01
      vertex   -2.852748e+01 2.148050e+00 -1.918273e+01
    endloop
  endfacet
  facet normal -9.042094e-01 3.367425e-01 -2.626971e-01
    outer loop
      vertex   -2.862354e+01 1.870854e+00 -1.920739e+01
      vertex   -2.852748e+01 2.148050e+00 -1.918273e+01
      vertex   -2.848560e+01 1.870854e+00 -1.968222e+01
    endloop
  endfacet
  facet normal -9.042094e-01 3.367425e-01 -2.626971e-01
    outer loop
      vertex   -2.848560e+01 1.870854e+00 -1.968222e+01
      vertex   -2.852748e+01 2.148050e+00 -1.918273e+01
      vertex   -2.839127e+01 2.148050e+00 -1.965157e+01
    endloop
  endfacet
  facet normal -8.859303e-01 3.367425e-01 -3.189545e-01
    outer loop
      vertex   -2.848560e+01 1.870854e+00 -1.968222e+01
      vertex   -2.839127e+01 2.148050e+00 -1.965157e+01
      vertex   -2.831810e+01 1.870854e+00 -2.014744e+01
    endloop
  endfacet
  facet normal -8.859303e-01 3.367425e-01 -3.189545e-01
    outer loop
      vertex   -2.831810e+01 1.870854e+00 -2.014744e+01
      vertex   -2.839127e+01 2.148050e+00 -1.965157e+01
      vertex   -2.822589e+01 2.148050e+00 -2.011093e+01
    endloop
  endfacet
  facet normal -8.641548e-01 3.367425e-01 -3.739532e-01
    outer loop
      vertex   -2.831810e+01 1.870854e+00 -2.014744e+01
      vertex   -2.822589e+01 2.148050e+00 -2.011093e+01
      vertex   -2.812173e+01 1.870854e+00 -2.060123e+01
    endloop
  endfacet
  facet normal -8.641548e-01 3.367425e-01 -3.739532e-01
    outer loop
      vertex   -2.812173e+01 1.870854e+00 -2.060123e+01
      vertex   -2.822589e+01 2.148050e+00 -2.011093e+01
      vertex   -2.803199e+01 2.148050e+00 -2.055900e+01
    endloop
  endfacet
  facet normal -8.389689e-01 3.367425e-01 -4.274760e-01
    outer loop
      vertex   -2.812173e+01 1.870854e+00 -2.060123e+01
      vertex   -2.803199e+01 2.148050e+00 -2.055900e+01
      vertex   -2.789725e+01 1.870854e+00 -2.104180e+01
    endloop
  endfacet
  facet normal -8.389689e-01 3.367425e-01 -4.274760e-01
    outer loop
      vertex   -2.789725e+01 1.870854e+00 -2.104180e+01
      vertex   -2.803199e+01 2.148050e+00 -2.055900e+01
      vertex   -2.781034e+01 2.148050e+00 -2.099402e+01
    endloop
  endfacet
  facet normal -8.104719e-01 3.367425e-01 -4.793118e-01
    outer loop
      vertex   -2.789725e+01 1.870854e+00 -2.104180e+01
      vertex   -2.781034e+01 2.148050e+00 -2.099402e+01
      vertex   -2.764555e+01 1.870854e+00 -2.146740e+01
    endloop
  endfacet
  facet normal -8.104719e-01 3.367425e-01 -4.793118e-01
    outer loop
      vertex   -2.764555e+01 1.870854e+00 -2.146740e+01
      vertex   -2.781034e+01 2.148050e+00 -2.099402e+01
      vertex   -2.756181e+01 2.148050e+00 -2.141425e+01
    endloop
  endfacet
  facet normal -7.787764e-01 3.367425e-01 -5.292559e-01
    outer loop
      vertex   -2.764555e+01 1.870854e+00 -2.146740e+01
      vertex   -2.756181e+01 2.148050e+00 -2.141425e+01
      vertex   -2.736763e+01 1.870854e+00 -2.187635e+01
    endloop
  endfacet
  facet normal -7.787764e-01 3.367425e-01 -5.292559e-01
    outer loop
      vertex   -2.736763e+01 1.870854e+00 -2.187635e+01
      vertex   -2.756181e+01 2.148050e+00 -2.141425e+01
      vertex   -2.728739e+01 2.148050e+00 -2.181805e+01
    endloop
  endfacet
  facet normal -7.440074e-01 3.367425e-01 -5.771113e-01
    outer loop
      vertex   -2.736763e+01 1.870854e+00 -2.187635e+01
      vertex   -2.728739e+01 2.148050e+00 -2.181805e+01
      vertex   -2.706457e+01 1.870854e+00 -2.226705e+01
    endloop
  endfacet
  facet normal -7.440074e-01 3.367425e-01 -5.771113e-01
    outer loop
      vertex   -2.706457e+01 1.870854e+00 -2.226705e+01
      vertex   -2.728739e+01 2.148050e+00 -2.181805e+01
      vertex   -2.698815e+01 2.148050e+00 -2.220383e+01
    endloop
  endfacet
  facet normal -7.063022e-01 3.367425e-01 -6.226891e-01
    outer loop
      vertex   -2.706457e+01 1.870854e+00 -2.226705e+01
      vertex   -2.698815e+01 2.148050e+00 -2.220383e+01
      vertex   -2.673758e+01 1.870854e+00 -2.263795e+01
    endloop
  endfacet
  facet normal -7.063022e-01 3.367425e-01 -6.226891e-01
    outer loop
      vertex   -2.673758e+01 1.870854e+00 -2.263795e+01
      vertex   -2.698815e+01 2.148050e+00 -2.220383e+01
      vertex   -2.666528e+01 2.148050e+00 -2.257005e+01
    endloop
  endfacet
  facet normal -6.658095e-01 3.367425e-01 -6.658095e-01
    outer loop
      vertex   -2.673758e+01 1.870854e+00 -2.263795e+01
      vertex   -2.666528e+01 2.148050e+00 -2.257005e+01
      vertex   -2.638795e+01 1.870854e+00 -2.298758e+01
    endloop
  endfacet
  facet normal -6.658095e-01 3.367425e-01 -6.658095e-01
    outer loop
      vertex   -2.638795e+01 1.870854e+00 -2.298758e+01
      vertex   -2.666528e+01 2.148050e+00 -2.257005e+01
      vertex   -2.632005e+01 2.148050e+00 -2.291528e+01
    endloop
  endfacet
  facet normal -6.226891e-01 3.367425e-01 -7.063022e-01
    outer loop
      vertex   -2.638795e+01 1.870854e+00 -2.298758e+01
      vertex   -2.632005e+01 2.148050e+00 -2.291528e+01
      vertex   -2.601705e+01 1.870854e+00 -2.331457e+01
    endloop
  endfacet
  facet normal -6.226891e-01 3.367425e-01 -7.063022e-01
    outer loop
      vertex   -2.601705e+01 1.870854e+00 -2.331457e+01
      vertex   -2.632005e+01 2.148050e+00 -2.291528e+01
      vertex   -2.595383e+01 2.148050e+00 -2.323815e+01
    endloop
  endfacet
  facet normal -5.771113e-01 3.367425e-01 -7.440074e-01
    outer loop
      vertex   -2.601705e+01 1.870854e+00 -2.331457e+01
      vertex   -2.595383e+01 2.148050e+00 -2.323815e+01
      vertex   -2.562635e+01 1.870854e+00 -2.361763e+01
    endloop
  endfacet
  facet normal -5.771113e-01 3.367425e-01 -7.440074e-01
    outer loop
      vertex   -2.562635e+01 1.870854e+00 -2.361763e+01
      vertex   -2.595383e+01 2.148050e+00 -2.323815e+01
      vertex   -2.556805e+01 2.148050e+00 -2.353739e+01
    endloop
  endfacet
  facet normal -5.292559e-01 3.367425e-01 -7.787764e-01
    outer loop
      vertex   -2.562635e+01 1.870854e+00 -2.361763e+01
      vertex   -2.556805e+01 2.148050e+00 -2.353739e+01
      vertex   -2.521740e+01 1.870854e+00 -2.389555e+01
    endloop
  endfacet
  facet normal -5.292559e-01 3.367425e-01 -7.787764e-01
    outer loop
      vertex   -2.521740e+01 1.870854e+00 -2.389555e+01
      vertex   -2.556805e+01 2.148050e+00 -2.353739e+01
      vertex   -2.516425e+01 2.148050e+00 -2.381181e+01
    endloop
  endfacet
  facet normal -4.793118e-01 3.367425e-01 -8.104719e-01
    outer loop
      vertex   -2.521740e+01 1.870854e+00 -2.389555e+01
      vertex   -2.516425e+01 2.148050e+00 -2.381181e+01
      vertex   -2.479180e+01 1.870854e+00 -2.414725e+01
    endloop
  endfacet
  facet normal -4.793118e-01 3.367425e-01 -8.104719e-01
    outer loop
      vertex   -2.479180e+01 1.870854e+00 -2.414725e+01
      vertex   -2.516425e+01 2.148050e+00 -2.381181e+01
      vertex   -2.474402e+01 2.148050e+00 -2.406034e+01
    endloop
  endfacet
  facet normal -4.274760e-01 3.367425e-01 -8.389689e-01
    outer loop
      vertex   -2.479180e+01 1.870854e+00 -2.414725e+01
      vertex   -2.474402e+01 2.148050e+00 -2.406034e+01
      vertex   -2.435123e+01 1.870854e+00 -2.437173e+01
    endloop
  endfacet
  facet normal -4.274760e-01 3.367425e-01 -8.389689e-01
    outer loop
      vertex   -2.435123e+01 1.870854e+00 -2.437173e+01
      vertex   -2.474402e+01 2.148050e+00 -2.406034e+01
      vertex   -2.430900e+01 2.148050e+00 -2.428199e+01
    endloop
  endfacet
  facet normal -3.739532e-01 3.367425e-01 -8.641548e-01
    outer loop
      vertex   -2.435123e+01 1.870854e+00 -2.437173e+01
      vertex   -2.430900e+01 2.148050e+00 -2.428199e+01
      vertex   -2.389744e+01 1.870854e+00 -2.456810e+01
    endloop
  endfacet
  facet normal -3.739532e-01 3.367425e-01 -8.641548e-01
    outer loop
      vertex   -2.389744e+01 1.870854e+00 -2.456810e+01
      vertex   -2.430900e+01 2.148050e+00 -2.428199e+01
      vertex   -2.386093e+01 2.148050e+00 -2.447589e+01
    endloop
  endfacet
  facet normal -3.189545e-01 3.367425e-01 -8.859303e-01
    outer loop
      vertex   -2.389744e+01 1.870854e+00 -2.456810e+01
      vertex   -2.386093e+01 2.148050e+00 -2.447589e+01
      vertex   -2.343222e+01 1.870854e+00 -2.473560e+01
    endloop
  endfacet
  facet normal -3.189545e-01 3.367425e-01 -8.859303e-01
    outer loop
      vertex   -2.343222e+01 1.870854e+00 -2.473560e+01
      vertex   -2.386093e+01 2.148050e+00 -2.447589e+01
      vertex   -2.340157e+01 2.148050e+00 -2.464127e+01
    endloop
  endfacet
  facet normal -2.626971e-01 3.367425e-01 -9.042094e-01
    outer loop
      vertex   -2.343222e+01 1.870854e+00 -2.473560e+01
      vertex   -2.340157e+01 2.148050e+00 -2.464127e+01
      vertex   -2.295739e+01 1.870854e+00 -2.487354e+01
    endloop
  endfacet
  facet normal -2.626971e-01 3.367425e-01 -9.042094e-01
    outer loop
      vertex   -2.295739e+01 1.870854e+00 -2.487354e+01
      vertex   -2.340157e+01 2.148050e+00 -2.464127e+01
      vertex   -2.293273e+01 2.148050e+00 -2.477748e+01
    endloop
  endfacet
  facet normal -2.054030e-01 3.367425e-01 -9.189201e-01
    outer loop
      vertex   -2.295739e+01 1.870854e+00 -2.487354e+01
      vertex   -2.293273e+01 2.148050e+00 -2.477748e+01
      vertex   -2.247484e+01 1.870854e+00 -2.498141e+01
    endloop
  endfacet
  facet normal -2.054030e-01 3.367425e-01 -9.189201e-01
    outer loop
      vertex   -2.247484e+01 1.870854e+00 -2.498141e+01
      vertex   -2.293273e+01 2.148050e+00 -2.477748e+01
      vertex   -2.245626e+01 2.148050e+00 -2.488398e+01
    endloop
  endfacet
  facet normal -1.472982e-01 3.367425e-01 -9.300042e-01
    outer loop
      vertex   -2.247484e+01 1.870854e+00 -2.498141e+01
      vertex   -2.245626e+01 2.148050e+00 -2.488398e+01
      vertex   -2.198648e+01 1.870854e+00 -2.505876e+01
    endloop
  endfacet
  facet normal -1.472982e-01 3.367425e-01 -9.300042e-01
    outer loop
      vertex   -2.198648e+01 1.870854e+00 -2.505876e+01
      vertex   -2.245626e+01 2.148050e+00 -2.488398e+01
      vertex   -2.197404e+01 2.148050e+00 -2.496036e+01
    endloop
  endfacet
  facet normal -8.861209e-02 3.367425e-01 -9.374179e-01
    outer loop
      vertex   -2.198648e+01 1.870854e+00 -2.505876e+01
      vertex   -2.197404e+01 2.148050e+00 -2.496036e+01
      vertex   -2.149421e+01 1.870854e+00 -2.510529e+01
    endloop
  endfacet
  facet normal -8.861209e-02 3.367425e-01 -9.374179e-01
    outer loop
      vertex   -2.149421e+01 1.870854e+00 -2.510529e+01
      vertex   -2.197404e+01 2.148050e+00 -2.496036e+01
      vertex   -2.148799e+01 2.148050e+00 -2.500630e+01
    endloop
  endfacet
  facet normal -9.036247e-01 4.273827e-01 -2.839755e-02
    outer loop
      vertex   -2.877164e+01 2.148050e+00 -1.725000e+01
      vertex   -2.864576e+01 2.414190e+00 -1.725000e+01
      vertex   -2.875630e+01 2.148050e+00 -1.773799e+01
    endloop
  endfacet
  facet normal -9.036247e-01 4.273827e-01 -2.839755e-02
    outer loop
      vertex   -2.875630e+01 2.148050e+00 -1.773799e+01
      vertex   -2.864576e+01 2.414190e+00 -1.725000e+01
      vertex   -2.863068e+01 2.414190e+00 -1.773008e+01
    endloop
  endfacet
  facet normal -9.000585e-01 4.273827e-01 -8.508058e-02
    outer loop
      vertex   -2.875630e+01 2.148050e+00 -1.773799e+01
      vertex   -2.863068e+01 2.414190e+00 -1.773008e+01
      vertex   -2.871036e+01 2.148050e+00 -1.822404e+01
    endloop
  endfacet
  facet normal -9.000585e-01 4.273827e-01 -8.508058e-02
    outer loop
      vertex   -2.871036e+01 2.148050e+00 -1.822404e+01
      vertex   -2.863068e+01 2.414190e+00 -1.773008e+01
      vertex   -2.858547e+01 2.414190e+00 -1.820827e+01
    endloop
  endfacet
  facet normal -8.929402e-01 4.273827e-01 -1.414278e-01
    outer loop
      vertex   -2.871036e+01 2.148050e+00 -1.822404e+01
      vertex   -2.858547e+01 2.414190e+00 -1.820827e+01
      vertex   -2.863398e+01 2.148050e+00 -1.870626e+01
    endloop
  endfacet
  facet normal -8.929402e-01 4.273827e-01 -1.414278e-01
    outer loop
      vertex   -2.863398e+01 2.148050e+00 -1.870626e+01
      vertex   -2.858547e+01 2.414190e+00 -1.820827e+01
      vertex   -2.851034e+01 2.414190e+00 -1.868267e+01
    endloop
  endfacet
  facet normal -8.822979e-01 4.273827e-01 -1.972169e-01
    outer loop
      vertex   -2.863398e+01 2.148050e+00 -1.870626e+01
      vertex   -2.851034e+01 2.414190e+00 -1.868267e+01
      vertex   -2.852748e+01 2.148050e+00 -1.918273e+01
    endloop
  endfacet
  facet normal -8.822979e-01 4.273827e-01 -1.972169e-01
    outer loop
      vertex   -2.852748e+01 2.148050e+00 -1.918273e+01
      vertex   -2.851034e+01 2.414190e+00 -1.868267e+01
      vertex   -2.840556e+01 2.414190e+00 -1.915142e+01
    endloop
  endfacet
  facet normal -8.681735e-01 4.273827e-01 -2.522277e-01
    outer loop
      vertex   -2.852748e+01 2.148050e+00 -1.918273e+01
      vertex   -2.840556e+01 2.414190e+00 -1.915142e+01
      vertex   -2.839127e+01 2.148050e+00 -1.965157e+01
    endloop
  endfacet
  facet normal -8.681735e-01 4.273827e-01 -2.522277e-01
    outer loop
      vertex   -2.839127e+01 2.148050e+00 -1.965157e+01
      vertex   -2.840556e+01 2.414190e+00 -1.915142e+01
      vertex   -2.827155e+01 2.414190e+00 -1.961267e+01
    endloop
  endfacet
  facet normal -8.506229e-01 4.273827e-01 -3.062431e-01
    outer loop
      vertex   -2.839127e+01 2.148050e+00 -1.965157e+01
      vertex   -2.827155e+01 2.414190e+00 -1.961267e+01
      vertex   -2.822589e+01 2.148050e+00 -2.011093e+01
    endloop
  endfacet
  facet normal -8.506229e-01 4.273827e-01 -3.062431e-01
    outer loop
      vertex   -2.822589e+01 2.148050e+00 -2.011093e+01
      vertex   -2.827155e+01 2.414190e+00 -1.961267e+01
      vertex   -2.810885e+01 2.414190e+00 -2.006459e+01
    endloop
  endfacet
  facet normal -8.297152e-01 4.273827e-01 -3.590498e-01
    outer loop
      vertex   -2.822589e+01 2.148050e+00 -2.011093e+01
      vertex   -2.810885e+01 2.414190e+00 -2.006459e+01
      vertex   -2.803199e+01 2.148050e+00 -2.055900e+01
    endloop
  endfacet
  facet normal -8.297152e-01 4.273827e-01 -3.590498e-01
    outer loop
      vertex   -2.803199e+01 2.148050e+00 -2.055900e+01
      vertex   -2.810885e+01 2.414190e+00 -2.006459e+01
      vertex   -2.791809e+01 2.414190e+00 -2.050541e+01
    endloop
  endfacet
  facet normal -8.055330e-01 4.273827e-01 -4.104396e-01
    outer loop
      vertex   -2.803199e+01 2.148050e+00 -2.055900e+01
      vertex   -2.791809e+01 2.414190e+00 -2.050541e+01
      vertex   -2.781034e+01 2.148050e+00 -2.099402e+01
    endloop
  endfacet
  facet normal -8.055330e-01 4.273827e-01 -4.104396e-01
    outer loop
      vertex   -2.781034e+01 2.148050e+00 -2.099402e+01
      vertex   -2.791809e+01 2.414190e+00 -2.050541e+01
      vertex   -2.770003e+01 2.414190e+00 -2.093337e+01
    endloop
  endfacet
  facet normal -7.781718e-01 4.273827e-01 -4.602095e-01
    outer loop
      vertex   -2.781034e+01 2.148050e+00 -2.099402e+01
      vertex   -2.770003e+01 2.414190e+00 -2.093337e+01
      vertex   -2.756181e+01 2.148050e+00 -2.141425e+01
    endloop
  endfacet
  facet normal -7.781718e-01 4.273827e-01 -4.602095e-01
    outer loop
      vertex   -2.756181e+01 2.148050e+00 -2.141425e+01
      vertex   -2.770003e+01 2.414190e+00 -2.093337e+01
      vertex   -2.745553e+01 2.414190e+00 -2.134681e+01
    endloop
  endfacet
  facet normal -7.477394e-01 4.273827e-01 -5.081632e-01
    outer loop
      vertex   -2.756181e+01 2.148050e+00 -2.141425e+01
      vertex   -2.745553e+01 2.414190e+00 -2.134681e+01
      vertex   -2.728739e+01 2.148050e+00 -2.181805e+01
    endloop
  endfacet
  facet normal -7.477394e-01 4.273827e-01 -5.081632e-01
    outer loop
      vertex   -2.728739e+01 2.148050e+00 -2.181805e+01
      vertex   -2.745553e+01 2.414190e+00 -2.134681e+01
      vertex   -2.718555e+01 2.414190e+00 -2.174407e+01
    endloop
  endfacet
  facet normal -7.143561e-01 4.273827e-01 -5.541114e-01
    outer loop
      vertex   -2.728739e+01 2.148050e+00 -2.181805e+01
      vertex   -2.718555e+01 2.414190e+00 -2.174407e+01
      vertex   -2.698815e+01 2.148050e+00 -2.220383e+01
    endloop
  endfacet
  facet normal -7.143561e-01 4.273827e-01 -5.541114e-01
    outer loop
      vertex   -2.698815e+01 2.148050e+00 -2.220383e+01
      vertex   -2.718555e+01 2.414190e+00 -2.174407e+01
      vertex   -2.689116e+01 2.414190e+00 -2.212359e+01
    endloop
  endfacet
  facet normal -6.781535e-01 4.273827e-01 -5.978728e-01
    outer loop
      vertex   -2.698815e+01 2.148050e+00 -2.220383e+01
      vertex   -2.689116e+01 2.414190e+00 -2.212359e+01
      vertex   -2.666528e+01 2.148050e+00 -2.257005e+01
    endloop
  endfacet
  facet normal -6.781535e-01 4.273827e-01 -5.978728e-01
    outer loop
      vertex   -2.666528e+01 2.148050e+00 -2.257005e+01
      vertex   -2.689116e+01 2.414190e+00 -2.212359e+01
      vertex   -2.657352e+01 2.414190e+00 -2.248389e+01
    endloop
  endfacet
  facet normal -6.392746e-01 4.273827e-01 -6.392746e-01
    outer loop
      vertex   -2.666528e+01 2.148050e+00 -2.257005e+01
      vertex   -2.657352e+01 2.414190e+00 -2.248389e+01
      vertex   -2.632005e+01 2.148050e+00 -2.291528e+01
    endloop
  endfacet
  facet normal -6.392746e-01 4.273827e-01 -6.392746e-01
    outer loop
      vertex   -2.632005e+01 2.148050e+00 -2.291528e+01
      vertex   -2.657352e+01 2.414190e+00 -2.248389e+01
      vertex   -2.623389e+01 2.414190e+00 -2.282352e+01
    endloop
  endfacet
  facet normal -5.978728e-01 4.273827e-01 -6.781535e-01
    outer loop
      vertex   -2.632005e+01 2.148050e+00 -2.291528e+01
      vertex   -2.623389e+01 2.414190e+00 -2.282352e+01
      vertex   -2.595383e+01 2.148050e+00 -2.323815e+01
    endloop
  endfacet
  facet normal -5.978728e-01 4.273827e-01 -6.781535e-01
    outer loop
      vertex   -2.595383e+01 2.148050e+00 -2.323815e+01
      vertex   -2.623389e+01 2.414190e+00 -2.282352e+01
      vertex   -2.587359e+01 2.414190e+00 -2.314116e+01
    endloop
  endfacet
  facet normal -5.541114e-01 4.273827e-01 -7.143561e-01
    outer loop
      vertex   -2.595383e+01 2.148050e+00 -2.323815e+01
      vertex   -2.587359e+01 2.414190e+00 -2.314116e+01
      vertex   -2.556805e+01 2.148050e+00 -2.353739e+01
    endloop
  endfacet
  facet normal -5.541114e-01 4.273827e-01 -7.143561e-01
    outer loop
      vertex   -2.556805e+01 2.148050e+00 -2.353739e+01
      vertex   -2.587359e+01 2.414190e+00 -2.314116e+01
      vertex   -2.549407e+01 2.414190e+00 -2.343555e+01
    endloop
  endfacet
  facet normal -5.081632e-01 4.273827e-01 -7.477394e-01
    outer loop
      vertex   -2.556805e+01 2.148050e+00 -2.353739e+01
      vertex   -2.549407e+01 2.414190e+00 -2.343555e+01
      vertex   -2.516425e+01 2.148050e+00 -2.381181e+01
    endloop
  endfacet
  facet normal -5.081632e-01 4.273827e-01 -7.477394e-01
    outer loop
      vertex   -2.516425e+01 2.148050e+00 -2.381181e+01
      vertex   -2.549407e+01 2.414190e+00 -2.343555e+01
      vertex   -2.509681e+01 2.414190e+00 -2.370553e+01
    endloop
  endfacet
  facet normal -4.602095e-01 4.273827e-01 -7.781718e-01
    outer loop
      vertex   -2.516425e+01 2.148050e+00 -2.381181e+01
      vertex   -2.509681e+01 2.414190e+00 -2.370553e+01
      vertex   -2.474402e+01 2.148050e+00 -2.406034e+01
    endloop
  endfacet
  facet normal -4.602095e-01 4.273827e-01 -7.781718e-01
    outer loop
      vertex   -2.474402e+01 2.148050e+00 -2.406034e+01
      vertex   -2.509681e+01 2.414190e+00 -2.370553e+01
      vertex   -2.468337e+01 2.414190e+00 -2.395003e+01
    endloop
  endfacet
  facet normal -4.104396e-01 4.273827e-01 -8.055330e-01
    outer loop
      vertex   -2.474402e+01 2.148050e+00 -2.406034e+01
      vertex   -2.468337e+01 2.414190e+00 -2.395003e+01
      vertex   -2.430900e+01 2.148050e+00 -2.428199e+01
    endloop
  endfacet
  facet normal -4.104396e-01 4.273827e-01 -8.055330e-01
    outer loop
      vertex   -2.430900e+01 2.148050e+00 -2.428199e+01
      vertex   -2.468337e+01 2.414190e+00 -2.395003e+01
      vertex   -2.425541e+01 2.414190e+00 -2.416809e+01
    endloop
  endfacet
  facet normal -3.590498e-01 4.273827e-01 -8.297152e-01
    outer loop
      vertex   -2.430900e+01 2.148050e+00 -2.428199e+01
      vertex   -2.425541e+01 2.414190e+00 -2.416809e+01
      vertex   -2.386093e+01 2.148050e+00 -2.447589e+01
    endloop
  endfacet
  facet normal -3.590498e-01 4.273827e-01 -8.297152e-01
    outer loop
      vertex   -2.386093e+01 2.148050e+00 -2.447589e+01
      vertex   -2.425541e+01 2.414190e+00 -2.416809e+01
      vertex   -2.381459e+01 2.414190e+00 -2.435885e+01
    endloop
  endfacet
  facet normal -3.062431e-01 4.273827e-01 -8.506229e-01
    outer loop
      vertex   -2.386093e+01 2.148050e+00 -2.447589e+01
      vertex   -2.381459e+01 2.414190e+00 -2.435885e+01
      vertex   -2.340157e+01 2.148050e+00 -2.464127e+01
    endloop
  endfacet
  facet normal -3.062431e-01 4.273827e-01 -8.506229e-01
    outer loop
      vertex   -2.340157e+01 2.148050e+00 -2.464127e+01
      vertex   -2.381459e+01 2.414190e+00 -2.435885e+01
      vertex   -2.336267e+01 2.414190e+00 -2.452155e+01
    endloop
  endfacet
  facet normal -2.522277e-01 4.273827e-01 -8.681735e-01
    outer loop
      vertex   -2.340157e+01 2.148050e+00 -2.464127e+01
      vertex   -2.336267e+01 2.414190e+00 -2.452155e+01
      vertex   -2.293273e+01 2.148050e+00 -2.477748e+01
    endloop
  endfacet
  facet normal -2.522277e-01 4.273827e-01 -8.681735e-01
    outer loop
      vertex   -2.293273e+01 2.148050e+00 -2.477748e+01
      vertex   -2.336267e+01 2.414190e+00 -2.452155e+01
      vertex   -2.290142e+01 2.414190e+00 -2.465556e+01
    endloop
  endfacet
  facet normal -1.972169e-01 4.273827e-01 -8.822979e-01
    outer loop
      vertex   -2.293273e+01 2.148050e+00 -2.477748e+01
      vertex   -2.290142e+01 2.414190e+00 -2.465556e+01
      vertex   -2.245626e+01 2.148050e+00 -2.488398e+01
    endloop
  endfacet
  facet normal -1.972169e-01 4.273827e-01 -8.822979e-01
    outer loop
      vertex   -2.245626e+01 2.148050e+00 -2.488398e+01
      vertex   -2.290142e+01 2.414190e+00 -2.465556e+01
      vertex   -2.243267e+01 2.414190e+00 -2.476034e+01
    endloop
  endfacet
  facet normal -1.414278e-01 4.273827e-01 -8.929402e-01
    outer loop
      vertex   -2.245626e+01 2.148050e+00 -2.488398e+01
      vertex   -2.243267e+01 2.414190e+00 -2.476034e+01
      vertex   -2.197404e+01 2.148050e+00 -2.496036e+01
    endloop
  endfacet
  facet normal -1.414278e-01 4.273827e-01 -8.929402e-01
    outer loop
      vertex   -2.197404e+01 2.148050e+00 -2.496036e+01
      vertex   -2.243267e+01 2.414190e+00 -2.476034e+01
      vertex   -2.195827e+01 2.414190e+00 -2.483547e+01
    endloop
  endfacet
  facet normal -8.508058e-02 4.273827e-01 -9.000585e-01
    outer loop
      vertex   -2.197404e+01 2.148050e+00 -2.496036e+01
      vertex   -2.195827e+01 2.414190e+00 -2.483547e+01
      vertex   -2.148799e+01 2.148050e+00 -2.500630e+01
    endloop
  endfacet
  facet normal -8.508058e-02 4.273827e-01 -9.000585e-01
    outer loop
      vertex   -2.148799e+01 2.148050e+00 -2.500630e+01
      vertex   -2.195827e+01 2.414190e+00 -2.483547e+01
      vertex   -2.148008e+01 2.414190e+00 -2.488068e+01
    endloop
  endfacet
  facet normal -8.574172e-01 5.139161e-01 -2.694542e-02
    outer loop
      vertex   -2.864576e+01 2.414190e+00 -1.725000e+01
      vertex   -2.849441e+01 2.666711e+00 -1.725000e+01
      vertex   -2.863068e+01 2.414190e+00 -1.773008e+01
    endloop
  endfacet
  facet normal -8.574172e-01 5.139161e-01 -2.694542e-02
    outer loop
      vertex   -2.863068e+01 2.414190e+00 -1.773008e+01
      vertex   -2.849441e+01 2.666711e+00 -1.725000e+01
      vertex   -2.847962e+01 2.666711e+00 -1.772058e+01
    endloop
  endfacet
  facet normal -8.540333e-01 5.139161e-01 -8.072992e-02
    outer loop
      vertex   -2.863068e+01 2.414190e+00 -1.773008e+01
      vertex   -2.847962e+01 2.666711e+00 -1.772058e+01
      vertex   -2.858547e+01 2.414190e+00 -1.820827e+01
    endloop
  endfacet
  facet normal -8.540333e-01 5.139161e-01 -8.072992e-02
    outer loop
      vertex   -2.858547e+01 2.414190e+00 -1.820827e+01
      vertex   -2.847962e+01 2.666711e+00 -1.772058e+01
      vertex   -2.843531e+01 2.666711e+00 -1.818930e+01
    endloop
  endfacet
  facet normal -8.472790e-01 5.139161e-01 -1.341958e-01
    outer loop
      vertex   -2.858547e+01 2.414190e+00 -1.820827e+01
      vertex   -2.843531e+01 2.666711e+00 -1.818930e+01
      vertex   -2.851034e+01 2.414190e+00 -1.868267e+01
    endloop
  endfacet
  facet normal -8.472790e-01 5.139161e-01 -1.341958e-01
    outer loop
      vertex   -2.851034e+01 2.414190e+00 -1.868267e+01
      vertex   -2.843531e+01 2.666711e+00 -1.818930e+01
      vertex   -2.836166e+01 2.666711e+00 -1.865431e+01
    endloop
  endfacet
  facet normal -8.371809e-01 5.139161e-01 -1.871321e-01
    outer loop
      vertex   -2.851034e+01 2.414190e+00 -1.868267e+01
      vertex   -2.836166e+01 2.666711e+00 -1.865431e+01
      vertex   -2.840556e+01 2.414190e+00 -1.915142e+01
    endloop
  endfacet
  facet normal -8.371809e-01 5.139161e-01 -1.871321e-01
    outer loop
      vertex   -2.840556e+01 2.414190e+00 -1.915142e+01
      vertex   -2.836166e+01 2.666711e+00 -1.865431e+01
      vertex   -2.825896e+01 2.666711e+00 -1.911378e+01
    endloop
  endfacet
  facet normal -8.237788e-01 5.139161e-01 -2.393299e-01
    outer loop
      vertex   -2.840556e+01 2.414190e+00 -1.915142e+01
      vertex   -2.825896e+01 2.666711e+00 -1.911378e+01
      vertex   -2.827155e+01 2.414190e+00 -1.961267e+01
    endloop
  endfacet
  facet normal -8.237788e-01 5.139161e-01 -2.393299e-01
    outer loop
      vertex   -2.827155e+01 2.414190e+00 -1.961267e+01
      vertex   -2.825896e+01 2.666711e+00 -1.911378e+01
      vertex   -2.812761e+01 2.666711e+00 -1.956590e+01
    endloop
  endfacet
  facet normal -8.071256e-01 5.139161e-01 -2.905831e-01
    outer loop
      vertex   -2.827155e+01 2.414190e+00 -1.961267e+01
      vertex   -2.812761e+01 2.666711e+00 -1.956590e+01
      vertex   -2.810885e+01 2.414190e+00 -2.006459e+01
    endloop
  endfacet
  facet normal -8.071256e-01 5.139161e-01 -2.905831e-01
    outer loop
      vertex   -2.810885e+01 2.414190e+00 -2.006459e+01
      vertex   -2.812761e+01 2.666711e+00 -1.956590e+01
      vertex   -2.796813e+01 2.666711e+00 -2.000888e+01
    endloop
  endfacet
  facet normal -7.872871e-01 5.139161e-01 -3.406895e-01
    outer loop
      vertex   -2.810885e+01 2.414190e+00 -2.006459e+01
      vertex   -2.796813e+01 2.666711e+00 -2.000888e+01
      vertex   -2.791809e+01 2.414190e+00 -2.050541e+01
    endloop
  endfacet
  facet normal -7.872871e-01 5.139161e-01 -3.406895e-01
    outer loop
      vertex   -2.791809e+01 2.414190e+00 -2.050541e+01
      vertex   -2.796813e+01 2.666711e+00 -2.000888e+01
      vertex   -2.778114e+01 2.666711e+00 -2.044096e+01
    endloop
  endfacet
  facet normal -7.643415e-01 5.139161e-01 -3.894514e-01
    outer loop
      vertex   -2.791809e+01 2.414190e+00 -2.050541e+01
      vertex   -2.778114e+01 2.666711e+00 -2.044096e+01
      vertex   -2.770003e+01 2.414190e+00 -2.093337e+01
    endloop
  endfacet
  facet normal -7.643415e-01 5.139161e-01 -3.894514e-01
    outer loop
      vertex   -2.770003e+01 2.414190e+00 -2.093337e+01
      vertex   -2.778114e+01 2.666711e+00 -2.044096e+01
      vertex   -2.756740e+01 2.666711e+00 -2.086046e+01
    endloop
  endfacet
  facet normal -7.383793e-01 5.139161e-01 -4.366763e-01
    outer loop
      vertex   -2.770003e+01 2.414190e+00 -2.093337e+01
      vertex   -2.756740e+01 2.666711e+00 -2.086046e+01
      vertex   -2.745553e+01 2.414190e+00 -2.134681e+01
    endloop
  endfacet
  facet normal -7.383793e-01 5.139161e-01 -4.366763e-01
    outer loop
      vertex   -2.745553e+01 2.414190e+00 -2.134681e+01
      vertex   -2.756740e+01 2.666711e+00 -2.086046e+01
      vertex   -2.732774e+01 2.666711e+00 -2.126571e+01
    endloop
  endfacet
  facet normal -7.095032e-01 5.139161e-01 -4.821779e-01
    outer loop
      vertex   -2.745553e+01 2.414190e+00 -2.134681e+01
      vertex   -2.732774e+01 2.666711e+00 -2.126571e+01
      vertex   -2.718555e+01 2.414190e+00 -2.174407e+01
    endloop
  endfacet
  facet normal -7.095032e-01 5.139161e-01 -4.821779e-01
    outer loop
      vertex   -2.718555e+01 2.414190e+00 -2.174407e+01
      vertex   -2.732774e+01 2.666711e+00 -2.126571e+01
      vertex   -2.706310e+01 2.666711e+00 -2.165510e+01
    endloop
  endfacet
  facet normal -6.778269e-01 5.139161e-01 -5.257765e-01
    outer loop
      vertex   -2.718555e+01 2.414190e+00 -2.174407e+01
      vertex   -2.706310e+01 2.666711e+00 -2.165510e+01
      vertex   -2.689116e+01 2.414190e+00 -2.212359e+01
    endloop
  endfacet
  facet normal -6.778269e-01 5.139161e-01 -5.257765e-01
    outer loop
      vertex   -2.689116e+01 2.414190e+00 -2.212359e+01
      vertex   -2.706310e+01 2.666711e+00 -2.165510e+01
      vertex   -2.677454e+01 2.666711e+00 -2.202712e+01
    endloop
  endfacet
  facet normal -6.434756e-01 5.139161e-01 -5.673001e-01
    outer loop
      vertex   -2.689116e+01 2.414190e+00 -2.212359e+01
      vertex   -2.677454e+01 2.666711e+00 -2.202712e+01
      vertex   -2.657352e+01 2.414190e+00 -2.248389e+01
    endloop
  endfacet
  facet normal -6.434756e-01 5.139161e-01 -5.673001e-01
    outer loop
      vertex   -2.657352e+01 2.414190e+00 -2.248389e+01
      vertex   -2.677454e+01 2.666711e+00 -2.202712e+01
      vertex   -2.646319e+01 2.666711e+00 -2.238028e+01
    endloop
  endfacet
  facet normal -6.065848e-01 5.139161e-01 -6.065848e-01
    outer loop
      vertex   -2.657352e+01 2.414190e+00 -2.248389e+01
      vertex   -2.646319e+01 2.666711e+00 -2.238028e+01
      vertex   -2.623389e+01 2.414190e+00 -2.282352e+01
    endloop
  endfacet
  facet normal -6.065848e-01 5.139161e-01 -6.065848e-01
    outer loop
      vertex   -2.623389e+01 2.414190e+00 -2.282352e+01
      vertex   -2.646319e+01 2.666711e+00 -2.238028e+01
      vertex   -2.613028e+01 2.666711e+00 -2.271319e+01
    endloop
  endfacet
  facet normal -5.673001e-01 5.139161e-01 -6.434756e-01
    outer loop
      vertex   -2.623389e+01 2.414190e+00 -2.282352e+01
      vertex   -2.613028e+01 2.666711e+00 -2.271319e+01
      vertex   -2.587359e+01 2.414190e+00 -2.314116e+01
    endloop
  endfacet
  facet normal -5.673001e-01 5.139161e-01 -6.434756e-01
    outer loop
      vertex   -2.587359e+01 2.414190e+00 -2.314116e+01
      vertex   -2.613028e+01 2.666711e+00 -2.271319e+01
      vertex   -2.577712e+01 2.666711e+00 -2.302454e+01
    endloop
  endfacet
  facet normal -5.257765e-01 5.139161e-01 -6.778269e-01
    outer loop
      vertex   -2.587359e+01 2.414190e+00 -2.314116e+01
      vertex   -2.577712e+01 2.666711e+00 -2.302454e+01
      vertex   -2.549407e+01 2.414190e+00 -2.343555e+01
    endloop
  endfacet
  facet normal -5.257765e-01 5.139161e-01 -6.778269e-01
    outer loop
      vertex   -2.549407e+01 2.414190e+00 -2.343555e+01
      vertex   -2.577712e+01 2.666711e+00 -2.302454e+01
      vertex   -2.540510e+01 2.666711e+00 -2.331310e+01
    endloop
  endfacet
  facet normal -4.821779e-01 5.139161e-01 -7.095032e-01
    outer loop
      vertex   -2.549407e+01 2.414190e+00 -2.343555e+01
      vertex   -2.540510e+01 2.666711e+00 -2.331310e+01
      vertex   -2.509681e+01 2.414190e+00 -2.370553e+01
    endloop
  endfacet
  facet normal -4.821779e-01 5.139161e-01 -7.095032e-01
    outer loop
      vertex   -2.509681e+01 2.414190e+00 -2.370553e+01
      vertex   -2.540510e+01 2.666711e+00 -2.331310e+01
      vertex   -2.501571e+01 2.666711e+00 -2.357774e+01
    endloop
  endfacet
  facet normal -4.366763e-01 5.139161e-01 -7.383793e-01
    outer loop
      vertex   -2.509681e+01 2.414190e+00 -2.370553e+01
      vertex   -2.501571e+01 2.666711e+00 -2.357774e+01
      vertex   -2.468337e+01 2.414190e+00 -2.395003e+01
    endloop
  endfacet
  facet normal -4.366763e-01 5.139161e-01 -7.383793e-01
    outer loop
      vertex   -2.468337e+01 2.414190e+00 -2.395003e+01
      vertex   -2.501571e+01 2.666711e+00 -2.357774e+01
      vertex   -2.461046e+01 2.666711e+00 -2.381740e+01
    endloop
  endfacet
  facet normal -3.894514e-01 5.139161e-01 -7.643415e-01
    outer loop
      vertex   -2.468337e+01 2.414190e+00 -2.395003e+01
      vertex   -2.461046e+01 2.666711e+00 -2.381740e+01
      vertex   -2.425541e+01 2.414190e+00 -2.416809e+01
    endloop
  endfacet
  facet normal -3.894514e-01 5.139161e-01 -7.643415e-01
    outer loop
      vertex   -2.425541e+01 2.414190e+00 -2.416809e+01
      vertex   -2.461046e+01 2.666711e+00 -2.381740e+01
      vertex   -2.419096e+01 2.666711e+00 -2.403114e+01
    endloop
  endfacet
  facet normal -3.406895e-01 5.139161e-01 -7.872871e-01
    outer loop
      vertex   -2.425541e+01 2.414190e+00 -2.416809e+01
      vertex   -2.419096e+01 2.666711e+00 -2.403114e+01
      vertex   -2.381459e+01 2.414190e+00 -2.435885e+01
    endloop
  endfacet
  facet normal -3.406895e-01 5.139161e-01 -7.872871e-01
    outer loop
      vertex   -2.381459e+01 2.414190e+00 -2.435885e+01
      vertex   -2.419096e+01 2.666711e+00 -2.403114e+01
      vertex   -2.375888e+01 2.666711e+00 -2.421813e+01
    endloop
  endfacet
  facet normal -2.905831e-01 5.139161e-01 -8.071256e-01
    outer loop
      vertex   -2.381459e+01 2.414190e+00 -2.435885e+01
      vertex   -2.375888e+01 2.666711e+00 -2.421813e+01
      vertex   -2.336267e+01 2.414190e+00 -2.452155e+01
    endloop
  endfacet
  facet normal -2.905831e-01 5.139161e-01 -8.071256e-01
    outer loop
      vertex   -2.336267e+01 2.414190e+00 -2.452155e+01
      vertex   -2.375888e+01 2.666711e+00 -2.421813e+01
      vertex   -2.331590e+01 2.666711e+00 -2.437761e+01
    endloop
  endfacet
  facet normal -2.393299e-01 5.139161e-01 -8.237788e-01
    outer loop
      vertex   -2.336267e+01 2.414190e+00 -2.452155e+01
      vertex   -2.331590e+01 2.666711e+00 -2.437761e+01
      vertex   -2.290142e+01 2.414190e+00 -2.465556e+01
    endloop
  endfacet
  facet normal -2.393299e-01 5.139161e-01 -8.237788e-01
    outer loop
      vertex   -2.290142e+01 2.414190e+00 -2.465556e+01
      vertex   -2.331590e+01 2.666711e+00 -2.437761e+01
      vertex   -2.286378e+01 2.666711e+00 -2.450896e+01
    endloop
  endfacet
  facet normal -1.871321e-01 5.139161e-01 -8.371809e-01
    outer loop
      vertex   -2.290142e+01 2.414190e+00 -2.465556e+01
      vertex   -2.286378e+01 2.666711e+00 -2.450896e+01
      vertex   -2.243267e+01 2.414190e+00 -2.476034e+01
    endloop
  endfacet
  facet normal -1.871321e-01 5.139161e-01 -8.371809e-01
    outer loop
      vertex   -2.243267e+01 2.414190e+00 -2.476034e+01
      vertex   -2.286378e+01 2.666711e+00 -2.450896e+01
      vertex   -2.240431e+01 2.666711e+00 -2.461166e+01
    endloop
  endfacet
  facet normal -1.341958e-01 5.139161e-01 -8.472790e-01
    outer loop
      vertex   -2.243267e+01 2.414190e+00 -2.476034e+01
      vertex   -2.240431e+01 2.666711e+00 -2.461166e+01
      vertex   -2.195827e+01 2.414190e+00 -2.483547e+01
    endloop
  endfacet
  facet normal -1.341958e-01 5.139161e-01 -8.472790e-01
    outer loop
      vertex   -2.195827e+01 2.414190e+00 -2.483547e+01
      vertex   -2.240431e+01 2.666711e+00 -2.461166e+01
      vertex   -2.193930e+01 2.666711e+00 -2.468531e+01
    endloop
  endfacet
  facet normal -8.072992e-02 5.139161e-01 -8.540333e-01
    outer loop
      vertex   -2.195827e+01 2.414190e+00 -2.483547e+01
      vertex   -2.193930e+01 2.666711e+00 -2.468531e+01
      vertex   -2.148008e+01 2.414190e+00 -2.488068e+01
    endloop
  endfacet
  facet normal -8.072992e-02 5.139161e-01 -8.540333e-01
    outer loop
      vertex   -2.148008e+01 2.414190e+00 -2.488068e+01
      vertex   -2.193930e+01 2.666711e+00 -2.468531e+01
      vertex   -2.147058e+01 2.666711e+00 -2.472962e+01
    endloop
  endfacet
  facet normal -8.029518e-01 5.955096e-01 -2.523378e-02
    outer loop
      vertex   -2.849441e+01 2.666711e+00 -1.725000e+01
      vertex   -2.831903e+01 2.903180e+00 -1.725000e+01
      vertex   -2.847962e+01 2.666711e+00 -1.772058e+01
    endloop
  endfacet
  facet normal -8.029518e-01 5.955096e-01 -2.523378e-02
    outer loop
      vertex   -2.847962e+01 2.666711e+00 -1.772058e+01
      vertex   -2.831903e+01 2.903180e+00 -1.725000e+01
      vertex   -2.830459e+01 2.903180e+00 -1.770957e+01
    endloop
  endfacet
  facet normal -7.997829e-01 5.955096e-01 -7.560174e-02
    outer loop
      vertex   -2.847962e+01 2.666711e+00 -1.772058e+01
      vertex   -2.830459e+01 2.903180e+00 -1.770957e+01
      vertex   -2.843531e+01 2.666711e+00 -1.818930e+01
    endloop
  endfacet
  facet normal -7.997829e-01 5.955096e-01 -7.560174e-02
    outer loop
      vertex   -2.843531e+01 2.666711e+00 -1.818930e+01
      vertex   -2.830459e+01 2.903180e+00 -1.770957e+01
      vertex   -2.826132e+01 2.903180e+00 -1.816732e+01
    endloop
  endfacet
  facet normal -7.934576e-01 5.955096e-01 -1.256713e-01
    outer loop
      vertex   -2.843531e+01 2.666711e+00 -1.818930e+01
      vertex   -2.826132e+01 2.903180e+00 -1.816732e+01
      vertex   -2.836166e+01 2.666711e+00 -1.865431e+01
    endloop
  endfacet
  facet normal -7.934576e-01 5.955096e-01 -1.256713e-01
    outer loop
      vertex   -2.836166e+01 2.666711e+00 -1.865431e+01
      vertex   -2.826132e+01 2.903180e+00 -1.816732e+01
      vertex   -2.818939e+01 2.903180e+00 -1.862145e+01
    endloop
  endfacet
  facet normal -7.840010e-01 5.955096e-01 -1.752450e-01
    outer loop
      vertex   -2.836166e+01 2.666711e+00 -1.865431e+01
      vertex   -2.818939e+01 2.903180e+00 -1.862145e+01
      vertex   -2.825896e+01 2.666711e+00 -1.911378e+01
    endloop
  endfacet
  facet normal -7.840010e-01 5.955096e-01 -1.752450e-01
    outer loop
      vertex   -2.825896e+01 2.666711e+00 -1.911378e+01
      vertex   -2.818939e+01 2.903180e+00 -1.862145e+01
      vertex   -2.808909e+01 2.903180e+00 -1.907017e+01
    endloop
  endfacet
  facet normal -7.714502e-01 5.955096e-01 -2.241270e-01
    outer loop
      vertex   -2.825896e+01 2.666711e+00 -1.911378e+01
      vertex   -2.808909e+01 2.903180e+00 -1.907017e+01
      vertex   -2.812761e+01 2.666711e+00 -1.956590e+01
    endloop
  endfacet
  facet normal -7.714502e-01 5.955096e-01 -2.241270e-01
    outer loop
      vertex   -2.812761e+01 2.666711e+00 -1.956590e+01
      vertex   -2.808909e+01 2.903180e+00 -1.907017e+01
      vertex   -2.796081e+01 2.903180e+00 -1.951171e+01
    endloop
  endfacet
  facet normal -7.558548e-01 5.955096e-01 -2.721245e-01
    outer loop
      vertex   -2.812761e+01 2.666711e+00 -1.956590e+01
      vertex   -2.796081e+01 2.903180e+00 -1.951171e+01
      vertex   -2.796813e+01 2.666711e+00 -2.000888e+01
    endloop
  endfacet
  facet normal -7.558548e-01 5.955096e-01 -2.721245e-01
    outer loop
      vertex   -2.796813e+01 2.666711e+00 -2.000888e+01
      vertex   -2.796081e+01 2.903180e+00 -1.951171e+01
      vertex   -2.780506e+01 2.903180e+00 -1.994432e+01
    endloop
  endfacet
  facet normal -7.372765e-01 5.955096e-01 -3.190480e-01
    outer loop
      vertex   -2.796813e+01 2.666711e+00 -2.000888e+01
      vertex   -2.780506e+01 2.903180e+00 -1.994432e+01
      vertex   -2.778114e+01 2.666711e+00 -2.044096e+01
    endloop
  endfacet
  facet normal -7.372765e-01 5.955096e-01 -3.190480e-01
    outer loop
      vertex   -2.778114e+01 2.666711e+00 -2.044096e+01
      vertex   -2.780506e+01 2.903180e+00 -1.994432e+01
      vertex   -2.762246e+01 2.903180e+00 -2.036629e+01
    endloop
  endfacet
  facet normal -7.157885e-01 5.955096e-01 -3.647124e-01
    outer loop
      vertex   -2.778114e+01 2.666711e+00 -2.044096e+01
      vertex   -2.762246e+01 2.903180e+00 -2.036629e+01
      vertex   -2.756740e+01 2.666711e+00 -2.086046e+01
    endloop
  endfacet
  facet normal -7.157885e-01 5.955096e-01 -3.647124e-01
    outer loop
      vertex   -2.756740e+01 2.666711e+00 -2.086046e+01
      vertex   -2.762246e+01 2.903180e+00 -2.036629e+01
      vertex   -2.741372e+01 2.903180e+00 -2.077597e+01
    endloop
  endfacet
  facet normal -6.914755e-01 5.955096e-01 -4.089375e-01
    outer loop
      vertex   -2.756740e+01 2.666711e+00 -2.086046e+01
      vertex   -2.741372e+01 2.903180e+00 -2.077597e+01
      vertex   -2.732774e+01 2.666711e+00 -2.126571e+01
    endloop
  endfacet
  facet normal -6.914755e-01 5.955096e-01 -4.089375e-01
    outer loop
      vertex   -2.732774e+01 2.666711e+00 -2.126571e+01
      vertex   -2.741372e+01 2.903180e+00 -2.077597e+01
      vertex   -2.717966e+01 2.903180e+00 -2.117173e+01
    endloop
  endfacet
  facet normal -6.644337e-01 5.955096e-01 -4.515487e-01
    outer loop
      vertex   -2.732774e+01 2.666711e+00 -2.126571e+01
      vertex   -2.717966e+01 2.903180e+00 -2.117173e+01
      vertex   -2.706310e+01 2.666711e+00 -2.165510e+01
    endloop
  endfacet
  facet normal -6.644337e-01 5.955096e-01 -4.515487e-01
    outer loop
      vertex   -2.706310e+01 2.666711e+00 -2.165510e+01
      vertex   -2.717966e+01 2.903180e+00 -2.117173e+01
      vertex   -2.692122e+01 2.903180e+00 -2.155202e+01
    endloop
  endfacet
  facet normal -6.347696e-01 5.955096e-01 -4.923778e-01
    outer loop
      vertex   -2.706310e+01 2.666711e+00 -2.165510e+01
      vertex   -2.692122e+01 2.903180e+00 -2.155202e+01
      vertex   -2.677454e+01 2.666711e+00 -2.202712e+01
    endloop
  endfacet
  facet normal -6.347696e-01 5.955096e-01 -4.923778e-01
    outer loop
      vertex   -2.677454e+01 2.666711e+00 -2.202712e+01
      vertex   -2.692122e+01 2.903180e+00 -2.155202e+01
      vertex   -2.663941e+01 2.903180e+00 -2.191533e+01
    endloop
  endfacet
  facet normal -6.026004e-01 5.955096e-01 -5.312637e-01
    outer loop
      vertex   -2.677454e+01 2.666711e+00 -2.202712e+01
      vertex   -2.663941e+01 2.903180e+00 -2.191533e+01
      vertex   -2.646319e+01 2.666711e+00 -2.238028e+01
    endloop
  endfacet
  facet normal -6.026004e-01 5.955096e-01 -5.312637e-01
    outer loop
      vertex   -2.646319e+01 2.666711e+00 -2.238028e+01
      vertex   -2.663941e+01 2.903180e+00 -2.191533e+01
      vertex   -2.633534e+01 2.903180e+00 -2.226022e+01
    endloop
  endfacet
  facet normal -5.680529e-01 5.955096e-01 -5.680529e-01
    outer loop
      vertex   -2.646319e+01 2.666711e+00 -2.238028e+01
      vertex   -2.633534e+01 2.903180e+00 -2.226022e+01
      vertex   -2.613028e+01 2.666711e+00 -2.271319e+01
    endloop
  endfacet
  facet normal -5.680529e-01 5.955096e-01 -5.680529e-01
    outer loop
      vertex   -2.613028e+01 2.666711e+00 -2.271319e+01
      vertex   -2.633534e+01 2.903180e+00 -2.226022e+01
      vertex   -2.601022e+01 2.903180e+00 -2.258534e+01
    endloop
  endfacet
  facet normal -5.312637e-01 5.955096e-01 -6.026004e-01
    outer loop
      vertex   -2.613028e+01 2.666711e+00 -2.271319e+01
      vertex   -2.601022e+01 2.903180e+00 -2.258534e+01
      vertex   -2.577712e+01 2.666711e+00 -2.302454e+01
    endloop
  endfacet
  facet normal -5.312637e-01 5.955096e-01 -6.026004e-01
    outer loop
      vertex   -2.577712e+01 2.666711e+00 -2.302454e+01
      vertex   -2.601022e+01 2.903180e+00 -2.258534e+01
      vertex   -2.566533e+01 2.903180e+00 -2.288941e+01
    endloop
  endfacet
  facet normal -4.923778e-01 5.955096e-01 -6.347696e-01
    outer loop
      vertex   -2.577712e+01 2.666711e+00 -2.302454e+01
      vertex   -2.566533e+01 2.903180e+00 -2.288941e+01
      vertex   -2.540510e+01 2.666711e+00 -2.331310e+01
    endloop
  endfacet
  facet normal -4.923778e-01 5.955096e-01 -6.347696e-01
    outer loop
      vertex   -2.540510e+01 2.666711e+00 -2.331310e+01
      vertex   -2.566533e+01 2.903180e+00 -2.288941e+01
      vertex   -2.530202e+01 2.903180e+00 -2.317122e+01
    endloop
  endfacet
  facet normal -4.515487e-01 5.955096e-01 -6.644337e-01
    outer loop
      vertex   -2.540510e+01 2.666711e+00 -2.331310e+01
      vertex   -2.530202e+01 2.903180e+00 -2.317122e+01
      vertex   -2.501571e+01 2.666711e+00 -2.357774e+01
    endloop
  endfacet
  facet normal -4.515487e-01 5.955096e-01 -6.644337e-01
    outer loop
      vertex   -2.501571e+01 2.666711e+00 -2.357774e+01
      vertex   -2.530202e+01 2.903180e+00 -2.317122e+01
      vertex   -2.492173e+01 2.903180e+00 -2.342966e+01
    endloop
  endfacet
  facet normal -4.089375e-01 5.955096e-01 -6.914755e-01
    outer loop
      vertex   -2.501571e+01 2.666711e+00 -2.357774e+01
      vertex   -2.492173e+01 2.903180e+00 -2.342966e+01
      vertex   -2.461046e+01 2.666711e+00 -2.381740e+01
    endloop
  endfacet
  facet normal -4.089375e-01 5.955096e-01 -6.914755e-01
    outer loop
      vertex   -2.461046e+01 2.666711e+00 -2.381740e+01
      vertex   -2.492173e+01 2.903180e+00 -2.342966e+01
      vertex   -2.452597e+01 2.903180e+00 -2.366372e+01
    endloop
  endfacet
  facet normal -3.647124e-01 5.955096e-01 -7.157885e-01
    outer loop
      vertex   -2.461046e+01 2.666711e+00 -2.381740e+01
      vertex   -2.452597e+01 2.903180e+00 -2.366372e+01
      vertex   -2.419096e+01 2.666711e+00 -2.403114e+01
    endloop
  endfacet
  facet normal -3.647124e-01 5.955096e-01 -7.157885e-01
    outer loop
      vertex   -2.419096e+01 2.666711e+00 -2.403114e+01
      vertex   -2.452597e+01 2.903180e+00 -2.366372e+01
      vertex   -2.411629e+01 2.903180e+00 -2.387246e+01
    endloop
  endfacet
  facet normal -3.190480e-01 5.955096e-01 -7.372765e-01
    outer loop
      vertex   -2.419096e+01 2.666711e+00 -2.403114e+01
      vertex   -2.411629e+01 2.903180e+00 -2.387246e+01
      vertex   -2.375888e+01 2.666711e+00 -2.421813e+01
    endloop
  endfacet
  facet normal -3.190480e-01 5.955096e-01 -7.372765e-01
    outer loop
      vertex   -2.375888e+01 2.666711e+00 -2.421813e+01
      vertex   -2.411629e+01 2.903180e+00 -2.387246e+01
      vertex   -2.369432e+01 2.903180e+00 -2.405506e+01
    endloop
  endfacet
  facet normal -2.721245e-01 5.955096e-01 -7.558548e-01
    outer loop
      vertex   -2.375888e+01 2.666711e+00 -2.421813e+01
      vertex   -2.369432e+01 2.903180e+00 -2.405506e+01
      vertex   -2.331590e+01 2.666711e+00 -2.437761e+01
    endloop
  endfacet
  facet normal -2.721245e-01 5.955096e-01 -7.558548e-01
    outer loop
      vertex   -2.331590e+01 2.666711e+00 -2.437761e+01
      vertex   -2.369432e+01 2.903180e+00 -2.405506e+01
      vertex   -2.326171e+01 2.903180e+00 -2.421081e+01
    endloop
  endfacet
  facet normal -2.241270e-01 5.955096e-01 -7.714502e-01
    outer loop
      vertex   -2.331590e+01 2.666711e+00 -2.437761e+01
      vertex   -2.326171e+01 2.903180e+00 -2.421081e+01
      vertex   -2.286378e+01 2.666711e+00 -2.450896e+01
    endloop
  endfacet
  facet normal -2.241270e-01 5.955096e-01 -7.714502e-01
    outer loop
      vertex   -2.286378e+01 2.666711e+00 -2.450896e+01
      vertex   -2.326171e+01 2.903180e+00 -2.421081e+01
      vertex   -2.282017e+01 2.903180e+00 -2.433909e+01
    endloop
  endfacet
  facet normal -1.752450e-01 5.955096e-01 -7.840010e-01
    outer loop
      vertex   -2.286378e+01 2.666711e+00 -2.450896e+01
      vertex   -2.282017e+01 2.903180e+00 -2.433909e+01
      vertex   -2.240431e+01 2.666711e+00 -2.461166e+01
    endloop
  endfacet
  facet normal -1.752450e-01 5.955096e-01 -7.840010e-01
    outer loop
      vertex   -2.240431e+01 2.666711e+00 -2.461166e+01
      vertex   -2.282017e+01 2.903180e+00 -2.433909e+01
      vertex   -2.237145e+01 2.903180e+00 -2.443939e+01
    endloop
  endfacet
  facet normal -1.256713e-01 5.955096e-01 -7.934576e-01
    outer loop
      vertex   -2.240431e+01 2.666711e+00 -2.461166e+01
      vertex   -2.237145e+01 2.903180e+00 -2.443939e+01
      vertex   -2.193930e+01 2.666711e+00 -2.468531e+01
    endloop
  endfacet
  facet normal -1.256713e-01 5.955096e-01 -7.934576e-01
    outer loop
      vertex   -2.193930e+01 2.666711e+00 -2.468531e+01
      vertex   -2.237145e+01 2.903180e+00 -2.443939e+01
      vertex   -2.191732e+01 2.903180e+00 -2.451132e+01
    endloop
  endfacet
  facet normal -7.560174e-02 5.955096e-01 -7.997829e-01
    outer loop
      vertex   -2.193930e+01 2.666711e+00 -2.468531e+01
      vertex   -2.191732e+01 2.903180e+00 -2.451132e+01
      vertex   -2.147058e+01 2.666711e+00 -2.472962e+01
    endloop
  endfacet
  facet normal -7.560174e-02 5.955096e-01 -7.997829e-01
    outer loop
      vertex   -2.147058e+01 2.666711e+00 -2.472962e+01
      vertex   -2.191732e+01 2.903180e+00 -2.451132e+01
      vertex   -2.145957e+01 2.903180e+00 -2.455459e+01
    endloop
  endfacet
  facet normal -7.407503e-01 6.713770e-01 -2.327902e-02
    outer loop
      vertex   -2.831903e+01 2.903180e+00 -1.725000e+01
      vertex   -2.812132e+01 3.121320e+00 -1.725000e+01
      vertex   -2.830459e+01 2.903180e+00 -1.770957e+01
    endloop
  endfacet
  facet normal -7.407503e-01 6.713770e-01 -2.327902e-02
    outer loop
      vertex   -2.830459e+01 2.903180e+00 -1.770957e+01
      vertex   -2.812132e+01 3.121320e+00 -1.725000e+01
      vertex   -2.810727e+01 3.121320e+00 -1.769715e+01
    endloop
  endfacet
  facet normal -7.378269e-01 6.713770e-01 -6.974518e-02
    outer loop
      vertex   -2.830459e+01 2.903180e+00 -1.770957e+01
      vertex   -2.810727e+01 3.121320e+00 -1.769715e+01
      vertex   -2.826132e+01 2.903180e+00 -1.816732e+01
    endloop
  endfacet
  facet normal -7.378269e-01 6.713770e-01 -6.974518e-02
    outer loop
      vertex   -2.826132e+01 2.903180e+00 -1.816732e+01
      vertex   -2.810727e+01 3.121320e+00 -1.769715e+01
      vertex   -2.806517e+01 3.121320e+00 -1.814254e+01
    endloop
  endfacet
  facet normal -7.319917e-01 6.713770e-01 -1.159361e-01
    outer loop
      vertex   -2.826132e+01 2.903180e+00 -1.816732e+01
      vertex   -2.806517e+01 3.121320e+00 -1.814254e+01
      vertex   -2.818939e+01 2.903180e+00 -1.862145e+01
    endloop
  endfacet
  facet normal -7.319917e-01 6.713770e-01 -1.159361e-01
    outer loop
      vertex   -2.818939e+01 2.903180e+00 -1.862145e+01
      vertex   -2.806517e+01 3.121320e+00 -1.814254e+01
      vertex   -2.799518e+01 3.121320e+00 -1.858440e+01
    endloop
  endfacet
  facet normal -7.232676e-01 6.713770e-01 -1.616695e-01
    outer loop
      vertex   -2.818939e+01 2.903180e+00 -1.862145e+01
      vertex   -2.799518e+01 3.121320e+00 -1.858440e+01
      vertex   -2.808909e+01 2.903180e+00 -1.907017e+01
    endloop
  endfacet
  facet normal -7.232676e-01 6.713770e-01 -1.616695e-01
    outer loop
      vertex   -2.808909e+01 2.903180e+00 -1.907017e+01
      vertex   -2.799518e+01 3.121320e+00 -1.858440e+01
      vertex   -2.789759e+01 3.121320e+00 -1.902100e+01
    endloop
  endfacet
  facet normal -7.116890e-01 6.713770e-01 -2.067648e-01
    outer loop
      vertex   -2.808909e+01 2.903180e+00 -1.907017e+01
      vertex   -2.789759e+01 3.121320e+00 -1.902100e+01
      vertex   -2.796081e+01 2.903180e+00 -1.951171e+01
    endloop
  endfacet
  facet normal -7.116890e-01 6.713770e-01 -2.067648e-01
    outer loop
      vertex   -2.796081e+01 2.903180e+00 -1.951171e+01
      vertex   -2.789759e+01 3.121320e+00 -1.902100e+01
      vertex   -2.777278e+01 3.121320e+00 -1.945061e+01
    endloop
  endfacet
  facet normal -6.973018e-01 6.713770e-01 -2.510441e-01
    outer loop
      vertex   -2.796081e+01 2.903180e+00 -1.951171e+01
      vertex   -2.777278e+01 3.121320e+00 -1.945061e+01
      vertex   -2.780506e+01 2.903180e+00 -1.994432e+01
    endloop
  endfacet
  facet normal -6.973018e-01 6.713770e-01 -2.510441e-01
    outer loop
      vertex   -2.780506e+01 2.903180e+00 -1.994432e+01
      vertex   -2.777278e+01 3.121320e+00 -1.945061e+01
      vertex   -2.762124e+01 3.121320e+00 -1.987153e+01
    endloop
  endfacet
  facet normal -6.801627e-01 6.713770e-01 -2.943327e-01
    outer loop
      vertex   -2.780506e+01 2.903180e+00 -1.994432e+01
      vertex   -2.762124e+01 3.121320e+00 -1.987153e+01
      vertex   -2.762246e+01 2.903180e+00 -2.036629e+01
    endloop
  endfacet
  facet normal -6.801627e-01 6.713770e-01 -2.943327e-01
    outer loop
      vertex   -2.762246e+01 2.903180e+00 -2.036629e+01
      vertex   -2.762124e+01 3.121320e+00 -1.987153e+01
      vertex   -2.744356e+01 3.121320e+00 -2.028211e+01
    endloop
  endfacet
  facet normal -6.603392e-01 6.713770e-01 -3.364596e-01
    outer loop
      vertex   -2.762246e+01 2.903180e+00 -2.036629e+01
      vertex   -2.744356e+01 3.121320e+00 -2.028211e+01
      vertex   -2.741372e+01 2.903180e+00 -2.077597e+01
    endloop
  endfacet
  facet normal -6.603392e-01 6.713770e-01 -3.364596e-01
    outer loop
      vertex   -2.741372e+01 2.903180e+00 -2.077597e+01
      vertex   -2.744356e+01 3.121320e+00 -2.028211e+01
      vertex   -2.724046e+01 3.121320e+00 -2.068072e+01
    endloop
  endfacet
  facet normal -6.379097e-01 6.713770e-01 -3.772588e-01
    outer loop
      vertex   -2.741372e+01 2.903180e+00 -2.077597e+01
      vertex   -2.724046e+01 3.121320e+00 -2.068072e+01
      vertex   -2.717966e+01 2.903180e+00 -2.117173e+01
    endloop
  endfacet
  facet normal -6.379097e-01 6.713770e-01 -3.772588e-01
    outer loop
      vertex   -2.717966e+01 2.903180e+00 -2.117173e+01
      vertex   -2.724046e+01 3.121320e+00 -2.068072e+01
      vertex   -2.701273e+01 3.121320e+00 -2.106579e+01
    endloop
  endfacet
  facet normal -6.129627e-01 6.713770e-01 -4.165690e-01
    outer loop
      vertex   -2.717966e+01 2.903180e+00 -2.117173e+01
      vertex   -2.701273e+01 3.121320e+00 -2.106579e+01
      vertex   -2.692122e+01 2.903180e+00 -2.155202e+01
    endloop
  endfacet
  facet normal -6.129627e-01 6.713770e-01 -4.165690e-01
    outer loop
      vertex   -2.692122e+01 2.903180e+00 -2.155202e+01
      vertex   -2.701273e+01 3.121320e+00 -2.106579e+01
      vertex   -2.676127e+01 3.121320e+00 -2.143581e+01
    endloop
  endfacet
  facet normal -5.855965e-01 6.713770e-01 -4.542352e-01
    outer loop
      vertex   -2.692122e+01 2.903180e+00 -2.155202e+01
      vertex   -2.676127e+01 3.121320e+00 -2.143581e+01
      vertex   -2.663941e+01 2.903180e+00 -2.191533e+01
    endloop
  endfacet
  facet normal -5.855965e-01 6.713770e-01 -4.542352e-01
    outer loop
      vertex   -2.663941e+01 2.903180e+00 -2.191533e+01
      vertex   -2.676127e+01 3.121320e+00 -2.143581e+01
      vertex   -2.648707e+01 3.121320e+00 -2.178930e+01
    endloop
  endfacet
  facet normal -5.559193e-01 6.713770e-01 -4.901088e-01
    outer loop
      vertex   -2.663941e+01 2.903180e+00 -2.191533e+01
      vertex   -2.648707e+01 3.121320e+00 -2.178930e+01
      vertex   -2.633534e+01 2.903180e+00 -2.226022e+01
    endloop
  endfacet
  facet normal -5.559193e-01 6.713770e-01 -4.901088e-01
    outer loop
      vertex   -2.633534e+01 2.903180e+00 -2.226022e+01
      vertex   -2.648707e+01 3.121320e+00 -2.178930e+01
      vertex   -2.619122e+01 3.121320e+00 -2.212488e+01
    endloop
  endfacet
  facet normal -5.240482e-01 6.713770e-01 -5.240482e-01
    outer loop
      vertex   -2.633534e+01 2.903180e+00 -2.226022e+01
      vertex   -2.619122e+01 3.121320e+00 -2.212488e+01
      vertex   -2.601022e+01 2.903180e+00 -2.258534e+01
    endloop
  endfacet
  facet normal -5.240482e-01 6.713770e-01 -5.240482e-01
    outer loop
      vertex   -2.601022e+01 2.903180e+00 -2.258534e+01
      vertex   -2.619122e+01 3.121320e+00 -2.212488e+01
      vertex   -2.587488e+01 3.121320e+00 -2.244122e+01
    endloop
  endfacet
  facet normal -4.901088e-01 6.713770e-01 -5.559193e-01
    outer loop
      vertex   -2.601022e+01 2.903180e+00 -2.258534e+01
      vertex   -2.587488e+01 3.121320e+00 -2.244122e+01
      vertex   -2.566533e+01 2.903180e+00 -2.288941e+01
    endloop
  endfacet
  facet normal -4.901088e-01 6.713770e-01 -5.559193e-01
    outer loop
      vertex   -2.566533e+01 2.903180e+00 -2.288941e+01
      vertex   -2.587488e+01 3.121320e+00 -2.244122e+01
      vertex   -2.553930e+01 3.121320e+00 -2.273707e+01
    endloop
  endfacet
  facet normal -4.542352e-01 6.713770e-01 -5.855965e-01
    outer loop
      vertex   -2.566533e+01 2.903180e+00 -2.288941e+01
      vertex   -2.553930e+01 3.121320e+00 -2.273707e+01
      vertex   -2.530202e+01 2.903180e+00 -2.317122e+01
    endloop
  endfacet
  facet normal -4.542352e-01 6.713770e-01 -5.855965e-01
    outer loop
      vertex   -2.530202e+01 2.903180e+00 -2.317122e+01
      vertex   -2.553930e+01 3.121320e+00 -2.273707e+01
      vertex   -2.518581e+01 3.121320e+00 -2.301127e+01
    endloop
  endfacet
  facet normal -4.165690e-01 6.713770e-01 -6.129627e-01
    outer loop
      vertex   -2.530202e+01 2.903180e+00 -2.317122e+01
      vertex   -2.518581e+01 3.121320e+00 -2.301127e+01
      vertex   -2.492173e+01 2.903180e+00 -2.342966e+01
    endloop
  endfacet
  facet normal -4.165690e-01 6.713770e-01 -6.129627e-01
    outer loop
      vertex   -2.492173e+01 2.903180e+00 -2.342966e+01
      vertex   -2.518581e+01 3.121320e+00 -2.301127e+01
      vertex   -2.481579e+01 3.121320e+00 -2.326273e+01
    endloop
  endfacet
  facet normal -3.772588e-01 6.713770e-01 -6.379097e-01
    outer loop
      vertex   -2.492173e+01 2.903180e+00 -2.342966e+01
      vertex   -2.481579e+01 3.121320e+00 -2.326273e+01
      vertex   -2.452597e+01 2.903180e+00 -2.366372e+01
    endloop
  endfacet
  facet normal -3.772588e-01 6.713770e-01 -6.379097e-01
    outer loop
      vertex   -2.452597e+01 2.903180e+00 -2.366372e+01
      vertex   -2.481579e+01 3.121320e+00 -2.326273e+01
      vertex   -2.443072e+01 3.121320e+00 -2.349046e+01
    endloop
  endfacet
  facet normal -3.364596e-01 6.713770e-01 -6.603392e-01
    outer loop
      vertex   -2.452597e+01 2.903180e+00 -2.366372e+01
      vertex   -2.443072e+01 3.121320e+00 -2.349046e+01
      vertex   -2.411629e+01 2.903180e+00 -2.387246e+01
    endloop
  endfacet
  facet normal -3.364596e-01 6.713770e-01 -6.603392e-01
    outer loop
      vertex   -2.411629e+01 2.903180e+00 -2.387246e+01
      vertex   -2.443072e+01 3.121320e+00 -2.349046e+01
      vertex   -2.403211e+01 3.121320e+00 -2.369356e+01
    endloop
  endfacet
  facet normal -2.943327e-01 6.713770e-01 -6.801627e-01
    outer loop
      vertex   -2.411629e+01 2.903180e+00 -2.387246e+01
      vertex   -2.403211e+01 3.121320e+00 -2.369356e+01
      vertex   -2.369432e+01 2.903180e+00 -2.405506e+01
    endloop
  endfacet
  facet normal -2.943327e-01 6.713770e-01 -6.801627e-01
    outer loop
      vertex   -2.369432e+01 2.903180e+00 -2.405506e+01
      vertex   -2.403211e+01 3.121320e+00 -2.369356e+01
      vertex   -2.362153e+01 3.121320e+00 -2.387124e+01
    endloop
  endfacet
  facet normal -2.510441e-01 6.713770e-01 -6.973018e-01
    outer loop
      vertex   -2.369432e+01 2.903180e+00 -2.405506e+01
      vertex   -2.362153e+01 3.121320e+00 -2.387124e+01
      vertex   -2.326171e+01 2.903180e+00 -2.421081e+01
    endloop
  endfacet
  facet normal -2.510441e-01 6.713770e-01 -6.973018e-01
    outer loop
      vertex   -2.326171e+01 2.903180e+00 -2.421081e+01
      vertex   -2.362153e+01 3.121320e+00 -2.387124e+01
      vertex   -2.320061e+01 3.121320e+00 -2.402278e+01
    endloop
  endfacet
  facet normal -2.067648e-01 6.713770e-01 -7.116890e-01
    outer loop
      vertex   -2.326171e+01 2.903180e+00 -2.421081e+01
      vertex   -2.320061e+01 3.121320e+00 -2.402278e+01
      vertex   -2.282017e+01 2.903180e+00 -2.433909e+01
    endloop
  endfacet
  facet normal -2.067648e-01 6.713770e-01 -7.116890e-01
    outer loop
      vertex   -2.282017e+01 2.903180e+00 -2.433909e+01
      vertex   -2.320061e+01 3.121320e+00 -2.402278e+01
      vertex   -2.277100e+01 3.121320e+00 -2.414759e+01
    endloop
  endfacet
  facet normal -1.616695e-01 6.713770e-01 -7.232676e-01
    outer loop
      vertex   -2.282017e+01 2.903180e+00 -2.433909e+01
      vertex   -2.277100e+01 3.121320e+00 -2.414759e+01
      vertex   -2.237145e+01 2.903180e+00 -2.443939e+01
    endloop
  endfacet
  facet normal -1.616695e-01 6.713770e-01 -7.232676e-01
    outer loop
      vertex   -2.237145e+01 2.903180e+00 -2.443939e+01
      vertex   -2.277100e+01 3.121320e+00 -2.414759e+01
      vertex   -2.233440e+01 3.121320e+00 -2.424518e+01
    endloop
  endfacet
  facet normal -1.159361e-01 6.713770e-01 -7.319917e-01
    outer loop
      vertex   -2.237145e+01 2.903180e+00 -2.443939e+01
      vertex   -2.233440e+01 3.121320e+00 -2.424518e+01
      vertex   -2.191732e+01 2.903180e+00 -2.451132e+01
    endloop
  endfacet
  facet normal -1.159361e-01 6.713770e-01 -7.319917e-01
    outer loop
      vertex   -2.191732e+01 2.903180e+00 -2.451132e+01
      vertex   -2.233440e+01 3.121320e+00 -2.424518e+01
      vertex   -2.189254e+01 3.121320e+00 -2.431517e+01
    endloop
  endfacet
  facet normal -6.974518e-02 6.713770e-01 -7.378269e-01
    outer loop
      vertex   -2.191732e+01 2.903180e+00 -2.451132e+01
      vertex   -2.189254e+01 3.121320e+00 -2.431517e+01
      vertex   -2.145957e+01 2.903180e+00 -2.455459e+01
    endloop
  endfacet
  facet normal -6.974518e-02 6.713770e-01 -7.378269e-01
    outer loop
      vertex   -2.145957e+01 2.903180e+00 -2.455459e+01
      vertex   -2.189254e+01 3.121320e+00 -2.431517e+01
      vertex   -2.144715e+01 3.121320e+00 -2.435727e+01
    endloop
  endfacet
  facet normal -6.714094e-01 7.407862e-01 -2.109989e-02
    outer loop
      vertex   -2.812132e+01 3.121320e+00 -1.725000e+01
      vertex   -2.790318e+01 3.319031e+00 -1.725000e+01
      vertex   -2.810727e+01 3.121320e+00 -1.769715e+01
    endloop
  endfacet
  facet normal -6.714094e-01 7.407862e-01 -2.109989e-02
    outer loop
      vertex   -2.810727e+01 3.121320e+00 -1.769715e+01
      vertex   -2.790318e+01 3.319031e+00 -1.725000e+01
      vertex   -2.788956e+01 3.319031e+00 -1.768345e+01
    endloop
  endfacet
  facet normal -6.687597e-01 7.407862e-01 -6.321640e-02
    outer loop
      vertex   -2.810727e+01 3.121320e+00 -1.769715e+01
      vertex   -2.788956e+01 3.319031e+00 -1.768345e+01
      vertex   -2.806517e+01 3.121320e+00 -1.814254e+01
    endloop
  endfacet
  facet normal -6.687597e-01 7.407862e-01 -6.321640e-02
    outer loop
      vertex   -2.806517e+01 3.121320e+00 -1.814254e+01
      vertex   -2.788956e+01 3.319031e+00 -1.768345e+01
      vertex   -2.784875e+01 3.319031e+00 -1.811520e+01
    endloop
  endfacet
  facet normal -6.634707e-01 7.407862e-01 -1.050834e-01
    outer loop
      vertex   -2.806517e+01 3.121320e+00 -1.814254e+01
      vertex   -2.784875e+01 3.319031e+00 -1.811520e+01
      vertex   -2.799518e+01 3.121320e+00 -1.858440e+01
    endloop
  endfacet
  facet normal -6.634707e-01 7.407862e-01 -1.050834e-01
    outer loop
      vertex   -2.799518e+01 3.121320e+00 -1.858440e+01
      vertex   -2.784875e+01 3.319031e+00 -1.811520e+01
      vertex   -2.778091e+01 3.319031e+00 -1.854353e+01
    endloop
  endfacet
  facet normal -6.555632e-01 7.407862e-01 -1.465357e-01
    outer loop
      vertex   -2.799518e+01 3.121320e+00 -1.858440e+01
      vertex   -2.778091e+01 3.319031e+00 -1.854353e+01
      vertex   -2.789759e+01 3.121320e+00 -1.902100e+01
    endloop
  endfacet
  facet normal -6.555632e-01 7.407862e-01 -1.465357e-01
    outer loop
      vertex   -2.789759e+01 3.121320e+00 -1.902100e+01
      vertex   -2.778091e+01 3.319031e+00 -1.854353e+01
      vertex   -2.768630e+01 3.319031e+00 -1.896675e+01
    endloop
  endfacet
  facet normal -6.450686e-01 7.407862e-01 -1.874097e-01
    outer loop
      vertex   -2.789759e+01 3.121320e+00 -1.902100e+01
      vertex   -2.768630e+01 3.319031e+00 -1.896675e+01
      vertex   -2.777278e+01 3.121320e+00 -1.945061e+01
    endloop
  endfacet
  facet normal -6.450686e-01 7.407862e-01 -1.874097e-01
    outer loop
      vertex   -2.777278e+01 3.121320e+00 -1.945061e+01
      vertex   -2.768630e+01 3.319031e+00 -1.896675e+01
      vertex   -2.756531e+01 3.319031e+00 -1.938320e+01
    endloop
  endfacet
  facet normal -6.320281e-01 7.407862e-01 -2.275441e-01
    outer loop
      vertex   -2.777278e+01 3.121320e+00 -1.945061e+01
      vertex   -2.756531e+01 3.319031e+00 -1.938320e+01
      vertex   -2.762124e+01 3.121320e+00 -1.987153e+01
    endloop
  endfacet
  facet normal -6.320281e-01 7.407862e-01 -2.275441e-01
    outer loop
      vertex   -2.762124e+01 3.121320e+00 -1.987153e+01
      vertex   -2.756531e+01 3.319031e+00 -1.938320e+01
      vertex   -2.741841e+01 3.319031e+00 -1.979123e+01
    endloop
  endfacet
  facet normal -6.164933e-01 7.407862e-01 -2.667805e-01
    outer loop
      vertex   -2.762124e+01 3.121320e+00 -1.987153e+01
      vertex   -2.741841e+01 3.319031e+00 -1.979123e+01
      vertex   -2.744356e+01 3.121320e+00 -2.028211e+01
    endloop
  endfacet
  facet normal -6.164933e-01 7.407862e-01 -2.667805e-01
    outer loop
      vertex   -2.744356e+01 3.121320e+00 -2.028211e+01
      vertex   -2.741841e+01 3.319031e+00 -1.979123e+01
      vertex   -2.724618e+01 3.319031e+00 -2.018923e+01
    endloop
  endfacet
  facet normal -5.985255e-01 7.407862e-01 -3.049640e-01
    outer loop
      vertex   -2.744356e+01 3.121320e+00 -2.028211e+01
      vertex   -2.724618e+01 3.319031e+00 -2.018923e+01
      vertex   -2.724046e+01 3.121320e+00 -2.068072e+01
    endloop
  endfacet
  facet normal -5.985255e-01 7.407862e-01 -3.049640e-01
    outer loop
      vertex   -2.724046e+01 3.121320e+00 -2.068072e+01
      vertex   -2.724618e+01 3.319031e+00 -2.018923e+01
      vertex   -2.704930e+01 3.319031e+00 -2.057563e+01
    endloop
  endfacet
  facet normal -5.781956e-01 7.407862e-01 -3.419439e-01
    outer loop
      vertex   -2.724046e+01 3.121320e+00 -2.068072e+01
      vertex   -2.704930e+01 3.319031e+00 -2.057563e+01
      vertex   -2.701273e+01 3.121320e+00 -2.106579e+01
    endloop
  endfacet
  facet normal -5.781956e-01 7.407862e-01 -3.419439e-01
    outer loop
      vertex   -2.701273e+01 3.121320e+00 -2.106579e+01
      vertex   -2.704930e+01 3.319031e+00 -2.057563e+01
      vertex   -2.682855e+01 3.319031e+00 -2.094891e+01
    endloop
  endfacet
  facet normal -5.555839e-01 7.407862e-01 -3.775744e-01
    outer loop
      vertex   -2.701273e+01 3.121320e+00 -2.106579e+01
      vertex   -2.682855e+01 3.319031e+00 -2.094891e+01
      vertex   -2.676127e+01 3.121320e+00 -2.143581e+01
    endloop
  endfacet
  facet normal -5.555839e-01 7.407862e-01 -3.775744e-01
    outer loop
      vertex   -2.676127e+01 3.121320e+00 -2.143581e+01
      vertex   -2.682855e+01 3.319031e+00 -2.094891e+01
      vertex   -2.658479e+01 3.319031e+00 -2.130759e+01
    endloop
  endfacet
  facet normal -5.307794e-01 7.407862e-01 -4.117147e-01
    outer loop
      vertex   -2.676127e+01 3.121320e+00 -2.143581e+01
      vertex   -2.658479e+01 3.319031e+00 -2.130759e+01
      vertex   -2.648707e+01 3.121320e+00 -2.178930e+01
    endloop
  endfacet
  facet normal -5.307794e-01 7.407862e-01 -4.117147e-01
    outer loop
      vertex   -2.648707e+01 3.121320e+00 -2.178930e+01
      vertex   -2.658479e+01 3.319031e+00 -2.130759e+01
      vertex   -2.631899e+01 3.319031e+00 -2.165025e+01
    endloop
  endfacet
  facet normal -5.038803e-01 7.407862e-01 -4.442302e-01
    outer loop
      vertex   -2.648707e+01 3.121320e+00 -2.178930e+01
      vertex   -2.631899e+01 3.319031e+00 -2.165025e+01
      vertex   -2.619122e+01 3.121320e+00 -2.212488e+01
    endloop
  endfacet
  facet normal -5.038803e-01 7.407862e-01 -4.442302e-01
    outer loop
      vertex   -2.619122e+01 3.121320e+00 -2.212488e+01
      vertex   -2.631899e+01 3.319031e+00 -2.165025e+01
      vertex   -2.603220e+01 3.319031e+00 -2.197555e+01
    endloop
  endfacet
  facet normal -4.749926e-01 7.407862e-01 -4.749926e-01
    outer loop
      vertex   -2.619122e+01 3.121320e+00 -2.212488e+01
      vertex   -2.603220e+01 3.319031e+00 -2.197555e+01
      vertex   -2.587488e+01 3.121320e+00 -2.244122e+01
    endloop
  endfacet
  facet normal -4.749926e-01 7.407862e-01 -4.749926e-01
    outer loop
      vertex   -2.587488e+01 3.121320e+00 -2.244122e+01
      vertex   -2.603220e+01 3.319031e+00 -2.197555e+01
      vertex   -2.572555e+01 3.319031e+00 -2.228220e+01
    endloop
  endfacet
  facet normal -4.442302e-01 7.407862e-01 -5.038803e-01
    outer loop
      vertex   -2.587488e+01 3.121320e+00 -2.244122e+01
      vertex   -2.572555e+01 3.319031e+00 -2.228220e+01
      vertex   -2.553930e+01 3.121320e+00 -2.273707e+01
    endloop
  endfacet
  facet normal -4.442302e-01 7.407862e-01 -5.038803e-01
    outer loop
      vertex   -2.553930e+01 3.121320e+00 -2.273707e+01
      vertex   -2.572555e+01 3.319031e+00 -2.228220e+01
      vertex   -2.540025e+01 3.319031e+00 -2.256899e+01
    endloop
  endfacet
  facet normal -4.117147e-01 7.407862e-01 -5.307794e-01
    outer loop
      vertex   -2.553930e+01 3.121320e+00 -2.273707e+01
      vertex   -2.540025e+01 3.319031e+00 -2.256899e+01
      vertex   -2.518581e+01 3.121320e+00 -2.301127e+01
    endloop
  endfacet
  facet normal -4.117147e-01 7.407862e-01 -5.307794e-01
    outer loop
      vertex   -2.518581e+01 3.121320e+00 -2.301127e+01
      vertex   -2.540025e+01 3.319031e+00 -2.256899e+01
      vertex   -2.505759e+01 3.319031e+00 -2.283479e+01
    endloop
  endfacet
  facet normal -3.775744e-01 7.407862e-01 -5.555839e-01
    outer loop
      vertex   -2.518581e+01 3.121320e+00 -2.301127e+01
      vertex   -2.505759e+01 3.319031e+00 -2.283479e+01
      vertex   -2.481579e+01 3.121320e+00 -2.326273e+01
    endloop
  endfacet
  facet normal -3.775744e-01 7.407862e-01 -5.555839e-01
    outer loop
      vertex   -2.481579e+01 3.121320e+00 -2.326273e+01
      vertex   -2.505759e+01 3.319031e+00 -2.283479e+01
      vertex   -2.469891e+01 3.319031e+00 -2.307855e+01
    endloop
  endfacet
  facet normal -3.419439e-01 7.407862e-01 -5.781956e-01
    outer loop
      vertex   -2.481579e+01 3.121320e+00 -2.326273e+01
      vertex   -2.469891e+01 3.319031e+00 -2.307855e+01
      vertex   -2.443072e+01 3.121320e+00 -2.349046e+01
    endloop
  endfacet
  facet normal -3.419439e-01 7.407862e-01 -5.781956e-01
    outer loop
      vertex   -2.443072e+01 3.121320e+00 -2.349046e+01
      vertex   -2.469891e+01 3.319031e+00 -2.307855e+01
      vertex   -2.432563e+01 3.319031e+00 -2.329930e+01
    endloop
  endfacet
  facet normal -3.049640e-01 7.407862e-01 -5.985255e-01
    outer loop
      vertex   -2.443072e+01 3.121320e+00 -2.349046e+01
      vertex   -2.432563e+01 3.319031e+00 -2.329930e+01
      vertex   -2.403211e+01 3.121320e+00 -2.369356e+01
    endloop
  endfacet
  facet normal -3.049640e-01 7.407862e-01 -5.985255e-01
    outer loop
      vertex   -2.403211e+01 3.121320e+00 -2.369356e+01
      vertex   -2.432563e+01 3.319031e+00 -2.329930e+01
      vertex   -2.393923e+01 3.319031e+00 -2.349618e+01
    endloop
  endfacet
  facet normal -2.667805e-01 7.407862e-01 -6.164933e-01
    outer loop
      vertex   -2.403211e+01 3.121320e+00 -2.369356e+01
      vertex   -2.393923e+01 3.319031e+00 -2.349618e+01
      vertex   -2.362153e+01 3.121320e+00 -2.387124e+01
    endloop
  endfacet
  facet normal -2.667805e-01 7.407862e-01 -6.164933e-01
    outer loop
      vertex   -2.362153e+01 3.121320e+00 -2.387124e+01
      vertex   -2.393923e+01 3.319031e+00 -2.349618e+01
      vertex   -2.354123e+01 3.319031e+00 -2.366841e+01
    endloop
  endfacet
  facet normal -2.275441e-01 7.407862e-01 -6.320281e-01
    outer loop
      vertex   -2.362153e+01 3.121320e+00 -2.387124e+01
      vertex   -2.354123e+01 3.319031e+00 -2.366841e+01
      vertex   -2.320061e+01 3.121320e+00 -2.402278e+01
    endloop
  endfacet
  facet normal -2.275441e-01 7.407862e-01 -6.320281e-01
    outer loop
      vertex   -2.320061e+01 3.121320e+00 -2.402278e+01
      vertex   -2.354123e+01 3.319031e+00 -2.366841e+01
      vertex   -2.313320e+01 3.319031e+00 -2.381531e+01
    endloop
  endfacet
  facet normal -1.874097e-01 7.407862e-01 -6.450686e-01
    outer loop
      vertex   -2.320061e+01 3.121320e+00 -2.402278e+01
      vertex   -2.313320e+01 3.319031e+00 -2.381531e+01
      vertex   -2.277100e+01 3.121320e+00 -2.414759e+01
    endloop
  endfacet
  facet normal -1.874097e-01 7.407862e-01 -6.450686e-01
    outer loop
      vertex   -2.277100e+01 3.121320e+00 -2.414759e+01
      vertex   -2.313320e+01 3.319031e+00 -2.381531e+01
      vertex   -2.271675e+01 3.319031e+00 -2.393630e+01
    endloop
  endfacet
  facet normal -1.465357e-01 7.407862e-01 -6.555632e-01
    outer loop
      vertex   -2.277100e+01 3.121320e+00 -2.414759e+01
      vertex   -2.271675e+01 3.319031e+00 -2.393630e+01
      vertex   -2.233440e+01 3.121320e+00 -2.424518e+01
    endloop
  endfacet
  facet normal -1.465357e-01 7.407862e-01 -6.555632e-01
    outer loop
      vertex   -2.233440e+01 3.121320e+00 -2.424518e+01
      vertex   -2.271675e+01 3.319031e+00 -2.393630e+01
      vertex   -2.229353e+01 3.319031e+00 -2.403091e+01
    endloop
  endfacet
  facet normal -1.050834e-01 7.407862e-01 -6.634707e-01
    outer loop
      vertex   -2.233440e+01 3.121320e+00 -2.424518e+01
      vertex   -2.229353e+01 3.319031e+00 -2.403091e+01
      vertex   -2.189254e+01 3.121320e+00 -2.431517e+01
    endloop
  endfacet
  facet normal -1.050834e-01 7.407862e-01 -6.634707e-01
    outer loop
      vertex   -2.189254e+01 3.121320e+00 -2.431517e+01
      vertex   -2.229353e+01 3.319031e+00 -2.403091e+01
      vertex   -2.186520e+01 3.319031e+00 -2.409875e+01
    endloop
  endfacet
  facet normal -6.321640e-02 7.407862e-01 -6.687597e-01
    outer loop
      vertex   -2.189254e+01 3.121320e+00 -2.431517e+01
      vertex   -2.186520e+01 3.319031e+00 -2.409875e+01
      vertex   -2.144715e+01 3.121320e+00 -2.435727e+01
    endloop
  endfacet
  facet normal -6.321640e-02 7.407862e-01 -6.687597e-01
    outer loop
      vertex   -2.144715e+01 3.121320e+00 -2.435727e+01
      vertex   -2.186520e+01 3.319031e+00 -2.409875e+01
      vertex   -2.143345e+01 3.319031e+00 -2.413956e+01
    endloop
  endfacet
  facet normal -5.955949e-01 8.030668e-01 -1.871733e-02
    outer loop
      vertex   -2.790318e+01 3.319031e+00 -1.725000e+01
      vertex   -2.766671e+01 3.494409e+00 -1.725000e+01
      vertex   -2.788956e+01 3.319031e+00 -1.768345e+01
    endloop
  endfacet
  facet normal -5.955949e-01 8.030668e-01 -1.871733e-02
    outer loop
      vertex   -2.788956e+01 3.319031e+00 -1.768345e+01
      vertex   -2.766671e+01 3.494409e+00 -1.725000e+01
      vertex   -2.765356e+01 3.494409e+00 -1.766861e+01
    endloop
  endfacet
  facet normal -5.932444e-01 8.030668e-01 -5.607811e-02
    outer loop
      vertex   -2.788956e+01 3.319031e+00 -1.768345e+01
      vertex   -2.765356e+01 3.494409e+00 -1.766861e+01
      vertex   -2.784875e+01 3.319031e+00 -1.811520e+01
    endloop
  endfacet
  facet normal -5.932444e-01 8.030668e-01 -5.607811e-02
    outer loop
      vertex   -2.784875e+01 3.319031e+00 -1.811520e+01
      vertex   -2.765356e+01 3.494409e+00 -1.766861e+01
      vertex   -2.761414e+01 3.494409e+00 -1.808556e+01
    endloop
  endfacet
  facet normal -5.885526e-01 8.030668e-01 -9.321757e-02
    outer loop
      vertex   -2.784875e+01 3.319031e+00 -1.811520e+01
      vertex   -2.761414e+01 3.494409e+00 -1.808556e+01
      vertex   -2.778091e+01 3.319031e+00 -1.854353e+01
    endloop
  endfacet
  facet normal -5.885526e-01 8.030668e-01 -9.321757e-02
    outer loop
      vertex   -2.778091e+01 3.319031e+00 -1.854353e+01
      vertex   -2.761414e+01 3.494409e+00 -1.808556e+01
      vertex   -2.754862e+01 3.494409e+00 -1.849922e+01
    endloop
  endfacet
  facet normal -5.815380e-01 8.030668e-01 -1.299892e-01
    outer loop
      vertex   -2.778091e+01 3.319031e+00 -1.854353e+01
      vertex   -2.754862e+01 3.494409e+00 -1.849922e+01
      vertex   -2.768630e+01 3.319031e+00 -1.896675e+01
    endloop
  endfacet
  facet normal -5.815380e-01 8.030668e-01 -1.299892e-01
    outer loop
      vertex   -2.768630e+01 3.319031e+00 -1.896675e+01
      vertex   -2.754862e+01 3.494409e+00 -1.849922e+01
      vertex   -2.745726e+01 3.494409e+00 -1.890794e+01
    endloop
  endfacet
  facet normal -5.722284e-01 8.030668e-01 -1.662477e-01
    outer loop
      vertex   -2.768630e+01 3.319031e+00 -1.896675e+01
      vertex   -2.745726e+01 3.494409e+00 -1.890794e+01
      vertex   -2.756531e+01 3.319031e+00 -1.938320e+01
    endloop
  endfacet
  facet normal -5.722284e-01 8.030668e-01 -1.662477e-01
    outer loop
      vertex   -2.756531e+01 3.319031e+00 -1.938320e+01
      vertex   -2.745726e+01 3.494409e+00 -1.890794e+01
      vertex   -2.734042e+01 3.494409e+00 -1.931013e+01
    endloop
  endfacet
  facet normal -5.606605e-01 8.030668e-01 -2.018502e-01
    outer loop
      vertex   -2.756531e+01 3.319031e+00 -1.938320e+01
      vertex   -2.734042e+01 3.494409e+00 -1.931013e+01
      vertex   -2.741841e+01 3.319031e+00 -1.979123e+01
    endloop
  endfacet
  facet normal -5.606605e-01 8.030668e-01 -2.018502e-01
    outer loop
      vertex   -2.741841e+01 3.319031e+00 -1.979123e+01
      vertex   -2.734042e+01 3.494409e+00 -1.931013e+01
      vertex   -2.719855e+01 3.494409e+00 -1.970418e+01
    endloop
  endfacet
  facet normal -5.468799e-01 8.030668e-01 -2.366561e-01
    outer loop
      vertex   -2.741841e+01 3.319031e+00 -1.979123e+01
      vertex   -2.719855e+01 3.494409e+00 -1.970418e+01
      vertex   -2.724618e+01 3.319031e+00 -2.018923e+01
    endloop
  endfacet
  facet normal -5.468799e-01 8.030668e-01 -2.366561e-01
    outer loop
      vertex   -2.724618e+01 3.319031e+00 -2.018923e+01
      vertex   -2.719855e+01 3.494409e+00 -1.970418e+01
      vertex   -2.703222e+01 3.494409e+00 -2.008855e+01
    endloop
  endfacet
  facet normal -5.309410e-01 8.030668e-01 -2.705279e-01
    outer loop
      vertex   -2.724618e+01 3.319031e+00 -2.018923e+01
      vertex   -2.703222e+01 3.494409e+00 -2.008855e+01
      vertex   -2.704930e+01 3.319031e+00 -2.057563e+01
    endloop
  endfacet
  facet normal -5.309410e-01 8.030668e-01 -2.705279e-01
    outer loop
      vertex   -2.704930e+01 3.319031e+00 -2.057563e+01
      vertex   -2.703222e+01 3.494409e+00 -2.008855e+01
      vertex   -2.684208e+01 3.494409e+00 -2.046171e+01
    endloop
  endfacet
  facet normal -5.129067e-01 8.030668e-01 -3.033322e-01
    outer loop
      vertex   -2.704930e+01 3.319031e+00 -2.057563e+01
      vertex   -2.684208e+01 3.494409e+00 -2.046171e+01
      vertex   -2.682855e+01 3.319031e+00 -2.094891e+01
    endloop
  endfacet
  facet normal -5.129067e-01 8.030668e-01 -3.033322e-01
    outer loop
      vertex   -2.682855e+01 3.319031e+00 -2.094891e+01
      vertex   -2.684208e+01 3.494409e+00 -2.046171e+01
      vertex   -2.662889e+01 3.494409e+00 -2.082220e+01
    endloop
  endfacet
  facet normal -4.928482e-01 8.030668e-01 -3.349393e-01
    outer loop
      vertex   -2.682855e+01 3.319031e+00 -2.094891e+01
      vertex   -2.662889e+01 3.494409e+00 -2.082220e+01
      vertex   -2.658479e+01 3.319031e+00 -2.130759e+01
    endloop
  endfacet
  facet normal -4.928482e-01 8.030668e-01 -3.349393e-01
    outer loop
      vertex   -2.658479e+01 3.319031e+00 -2.130759e+01
      vertex   -2.662889e+01 3.494409e+00 -2.082220e+01
      vertex   -2.639348e+01 3.494409e+00 -2.116859e+01
    endloop
  endfacet
  facet normal -4.708447e-01 8.030668e-01 -3.652246e-01
    outer loop
      vertex   -2.658479e+01 3.319031e+00 -2.130759e+01
      vertex   -2.639348e+01 3.494409e+00 -2.116859e+01
      vertex   -2.631899e+01 3.319031e+00 -2.165025e+01
    endloop
  endfacet
  facet normal -4.708447e-01 8.030668e-01 -3.652246e-01
    outer loop
      vertex   -2.631899e+01 3.319031e+00 -2.165025e+01
      vertex   -2.639348e+01 3.494409e+00 -2.116859e+01
      vertex   -2.613679e+01 3.494409e+00 -2.149952e+01
    endloop
  endfacet
  facet normal -4.469829e-01 8.030668e-01 -3.940685e-01
    outer loop
      vertex   -2.631899e+01 3.319031e+00 -2.165025e+01
      vertex   -2.613679e+01 3.494409e+00 -2.149952e+01
      vertex   -2.603220e+01 3.319031e+00 -2.197555e+01
    endloop
  endfacet
  facet normal -4.469829e-01 8.030668e-01 -3.940685e-01
    outer loop
      vertex   -2.603220e+01 3.319031e+00 -2.197555e+01
      vertex   -2.613679e+01 3.494409e+00 -2.149952e+01
      vertex   -2.585982e+01 3.494409e+00 -2.181368e+01
    endloop
  endfacet
  facet normal -4.213571e-01 8.030668e-01 -4.213571e-01
    outer loop
      vertex   -2.603220e+01 3.319031e+00 -2.197555e+01
      vertex   -2.585982e+01 3.494409e+00 -2.181368e+01
      vertex   -2.572555e+01 3.319031e+00 -2.228220e+01
    endloop
  endfacet
  facet normal -4.213571e-01 8.030668e-01 -4.213571e-01
    outer loop
      vertex   -2.572555e+01 3.319031e+00 -2.228220e+01
      vertex   -2.585982e+01 3.494409e+00 -2.181368e+01
      vertex   -2.556368e+01 3.494409e+00 -2.210982e+01
    endloop
  endfacet
  facet normal -3.940685e-01 8.030668e-01 -4.469829e-01
    outer loop
      vertex   -2.572555e+01 3.319031e+00 -2.228220e+01
      vertex   -2.556368e+01 3.494409e+00 -2.210982e+01
      vertex   -2.540025e+01 3.319031e+00 -2.256899e+01
    endloop
  endfacet
  facet normal -3.940685e-01 8.030668e-01 -4.469829e-01
    outer loop
      vertex   -2.540025e+01 3.319031e+00 -2.256899e+01
      vertex   -2.556368e+01 3.494409e+00 -2.210982e+01
      vertex   -2.524952e+01 3.494409e+00 -2.238679e+01
    endloop
  endfacet
  facet normal -3.652246e-01 8.030668e-01 -4.708447e-01
    outer loop
      vertex   -2.540025e+01 3.319031e+00 -2.256899e+01
      vertex   -2.524952e+01 3.494409e+00 -2.238679e+01
      vertex   -2.505759e+01 3.319031e+00 -2.283479e+01
    endloop
  endfacet
  facet normal -3.652246e-01 8.030668e-01 -4.708447e-01
    outer loop
      vertex   -2.505759e+01 3.319031e+00 -2.283479e+01
      vertex   -2.524952e+01 3.494409e+00 -2.238679e+01
      vertex   -2.491859e+01 3.494409e+00 -2.264348e+01
    endloop
  endfacet
  facet normal -3.349393e-01 8.030668e-01 -4.928482e-01
    outer loop
      vertex   -2.505759e+01 3.319031e+00 -2.283479e+01
      vertex   -2.491859e+01 3.494409e+00 -2.264348e+01
      vertex   -2.469891e+01 3.319031e+00 -2.307855e+01
    endloop
  endfacet
  facet normal -3.349393e-01 8.030668e-01 -4.928482e-01
    outer loop
      vertex   -2.469891e+01 3.319031e+00 -2.307855e+01
      vertex   -2.491859e+01 3.494409e+00 -2.264348e+01
      vertex   -2.457220e+01 3.494409e+00 -2.287889e+01
    endloop
  endfacet
  facet normal -3.033322e-01 8.030668e-01 -5.129067e-01
    outer loop
      vertex   -2.469891e+01 3.319031e+00 -2.307855e+01
      vertex   -2.457220e+01 3.494409e+00 -2.287889e+01
      vertex   -2.432563e+01 3.319031e+00 -2.329930e+01
    endloop
  endfacet
  facet normal -3.033322e-01 8.030668e-01 -5.129067e-01
    outer loop
      vertex   -2.432563e+01 3.319031e+00 -2.329930e+01
      vertex   -2.457220e+01 3.494409e+00 -2.287889e+01
      vertex   -2.421171e+01 3.494409e+00 -2.309208e+01
    endloop
  endfacet
  facet normal -2.705279e-01 8.030668e-01 -5.309410e-01
    outer loop
      vertex   -2.432563e+01 3.319031e+00 -2.329930e+01
      vertex   -2.421171e+01 3.494409e+00 -2.309208e+01
      vertex   -2.393923e+01 3.319031e+00 -2.349618e+01
    endloop
  endfacet
  facet normal -2.705279e-01 8.030668e-01 -5.309410e-01
    outer loop
      vertex   -2.393923e+01 3.319031e+00 -2.349618e+01
      vertex   -2.421171e+01 3.494409e+00 -2.309208e+01
      vertex   -2.383855e+01 3.494409e+00 -2.328222e+01
    endloop
  endfacet
  facet normal -2.366561e-01 8.030668e-01 -5.468799e-01
    outer loop
      vertex   -2.393923e+01 3.319031e+00 -2.349618e+01
      vertex   -2.383855e+01 3.494409e+00 -2.328222e+01
      vertex   -2.354123e+01 3.319031e+00 -2.366841e+01
    endloop
  endfacet
  facet normal -2.366561e-01 8.030668e-01 -5.468799e-01
    outer loop
      vertex   -2.354123e+01 3.319031e+00 -2.366841e+01
      vertex   -2.383855e+01 3.494409e+00 -2.328222e+01
      vertex   -2.345418e+01 3.494409e+00 -2.344855e+01
    endloop
  endfacet
  facet normal -2.018502e-01 8.030668e-01 -5.606605e-01
    outer loop
      vertex   -2.354123e+01 3.319031e+00 -2.366841e+01
      vertex   -2.345418e+01 3.494409e+00 -2.344855e+01
      vertex   -2.313320e+01 3.319031e+00 -2.381531e+01
    endloop
  endfacet
  facet normal -2.018502e-01 8.030668e-01 -5.606605e-01
    outer loop
      vertex   -2.313320e+01 3.319031e+00 -2.381531e+01
      vertex   -2.345418e+01 3.494409e+00 -2.344855e+01
      vertex   -2.306013e+01 3.494409e+00 -2.359042e+01
    endloop
  endfacet
  facet normal -1.662477e-01 8.030668e-01 -5.722284e-01
    outer loop
      vertex   -2.313320e+01 3.319031e+00 -2.381531e+01
      vertex   -2.306013e+01 3.494409e+00 -2.359042e+01
      vertex   -2.271675e+01 3.319031e+00 -2.393630e+01
    endloop
  endfacet
  facet normal -1.662477e-01 8.030668e-01 -5.722284e-01
    outer loop
      vertex   -2.271675e+01 3.319031e+00 -2.393630e+01
      vertex   -2.306013e+01 3.494409e+00 -2.359042e+01
      vertex   -2.265794e+01 3.494409e+00 -2.370726e+01
    endloop
  endfacet
  facet normal -1.299892e-01 8.030668e-01 -5.815380e-01
    outer loop
      vertex   -2.271675e+01 3.319031e+00 -2.393630e+01
      vertex   -2.265794e+01 3.494409e+00 -2.370726e+01
      vertex   -2.229353e+01 3.319031e+00 -2.403091e+01
    endloop
  endfacet
  facet normal -1.299892e-01 8.030668e-01 -5.815380e-01
    outer loop
      vertex   -2.229353e+01 3.319031e+00 -2.403091e+01
      vertex   -2.265794e+01 3.494409e+00 -2.370726e+01
      vertex   -2.224922e+01 3.494409e+00 -2.379862e+01
    endloop
  endfacet
  facet normal -9.321757e-02 8.030668e-01 -5.885526e-01
    outer loop
      vertex   -2.229353e+01 3.319031e+00 -2.403091e+01
      vertex   -2.224922e+01 3.494409e+00 -2.379862e+01
      vertex   -2.186520e+01 3.319031e+00 -2.409875e+01
    endloop
  endfacet
  facet normal -9.321757e-02 8.030668e-01 -5.885526e-01
    outer loop
      vertex   -2.186520e+01 3.319031e+00 -2.409875e+01
      vertex   -2.224922e+01 3.494409e+00 -2.379862e+01
      vertex   -2.183556e+01 3.494409e+00 -2.386414e+01
    endloop
  endfacet
  facet normal -5.607811e-02 8.030668e-01 -5.932444e-01
    outer loop
      vertex   -2.186520e+01 3.319031e+00 -2.409875e+01
      vertex   -2.183556e+01 3.494409e+00 -2.386414e+01
      vertex   -2.143345e+01 3.319031e+00 -2.413956e+01
    endloop
  endfacet
  facet normal -5.607811e-02 8.030668e-01 -5.932444e-01
    outer loop
      vertex   -2.143345e+01 3.319031e+00 -2.413956e+01
      vertex   -2.183556e+01 3.494409e+00 -2.386414e+01
      vertex   -2.141861e+01 3.494409e+00 -2.390356e+01
    endloop
  endfacet
  facet normal -5.140357e-01 8.576167e-01 -1.615422e-02
    outer loop
      vertex   -2.766671e+01 3.494409e+00 -1.725000e+01
      vertex   -2.741419e+01 3.645764e+00 -1.725000e+01
      vertex   -2.765356e+01 3.494409e+00 -1.766861e+01
    endloop
  endfacet
  facet normal -5.140357e-01 8.576167e-01 -1.615422e-02
    outer loop
      vertex   -2.765356e+01 3.494409e+00 -1.766861e+01
      vertex   -2.741419e+01 3.645764e+00 -1.725000e+01
      vertex   -2.740153e+01 3.645764e+00 -1.765275e+01
    endloop
  endfacet
  facet normal -5.120070e-01 8.576167e-01 -4.839891e-02
    outer loop
      vertex   -2.765356e+01 3.494409e+00 -1.766861e+01
      vertex   -2.740153e+01 3.645764e+00 -1.765275e+01
      vertex   -2.761414e+01 3.494409e+00 -1.808556e+01
    endloop
  endfacet
  facet normal -5.120070e-01 8.576167e-01 -4.839891e-02
    outer loop
      vertex   -2.761414e+01 3.494409e+00 -1.808556e+01
      vertex   -2.740153e+01 3.645764e+00 -1.765275e+01
      vertex   -2.736361e+01 3.645764e+00 -1.805391e+01
    endloop
  endfacet
  facet normal -5.079577e-01 8.576167e-01 -8.045259e-02
    outer loop
      vertex   -2.761414e+01 3.494409e+00 -1.808556e+01
      vertex   -2.736361e+01 3.645764e+00 -1.805391e+01
      vertex   -2.754862e+01 3.494409e+00 -1.849922e+01
    endloop
  endfacet
  facet normal -5.079577e-01 8.576167e-01 -8.045259e-02
    outer loop
      vertex   -2.754862e+01 3.494409e+00 -1.849922e+01
      vertex   -2.736361e+01 3.645764e+00 -1.805391e+01
      vertex   -2.730058e+01 3.645764e+00 -1.845190e+01
    endloop
  endfacet
  facet normal -5.019037e-01 8.576167e-01 -1.121888e-01
    outer loop
      vertex   -2.754862e+01 3.494409e+00 -1.849922e+01
      vertex   -2.730058e+01 3.645764e+00 -1.845190e+01
      vertex   -2.745726e+01 3.494409e+00 -1.890794e+01
    endloop
  endfacet
  facet normal -5.019037e-01 8.576167e-01 -1.121888e-01
    outer loop
      vertex   -2.745726e+01 3.494409e+00 -1.890794e+01
      vertex   -2.730058e+01 3.645764e+00 -1.845190e+01
      vertex   -2.721268e+01 3.645764e+00 -1.884514e+01
    endloop
  endfacet
  facet normal -4.938689e-01 8.576167e-01 -1.434822e-01
    outer loop
      vertex   -2.745726e+01 3.494409e+00 -1.890794e+01
      vertex   -2.721268e+01 3.645764e+00 -1.884514e+01
      vertex   -2.734042e+01 3.494409e+00 -1.931013e+01
    endloop
  endfacet
  facet normal -4.938689e-01 8.576167e-01 -1.434822e-01
    outer loop
      vertex   -2.734042e+01 3.494409e+00 -1.931013e+01
      vertex   -2.721268e+01 3.645764e+00 -1.884514e+01
      vertex   -2.710026e+01 3.645764e+00 -1.923209e+01
    endloop
  endfacet
  facet normal -4.838850e-01 8.576167e-01 -1.742093e-01
    outer loop
      vertex   -2.734042e+01 3.494409e+00 -1.931013e+01
      vertex   -2.710026e+01 3.645764e+00 -1.923209e+01
      vertex   -2.719855e+01 3.494409e+00 -1.970418e+01
    endloop
  endfacet
  facet normal -4.838850e-01 8.576167e-01 -1.742093e-01
    outer loop
      vertex   -2.719855e+01 3.494409e+00 -1.970418e+01
      vertex   -2.710026e+01 3.645764e+00 -1.923209e+01
      vertex   -2.696376e+01 3.645764e+00 -1.961122e+01
    endloop
  endfacet
  facet normal -4.719915e-01 8.576167e-01 -2.042490e-01
    outer loop
      vertex   -2.719855e+01 3.494409e+00 -1.970418e+01
      vertex   -2.696376e+01 3.645764e+00 -1.961122e+01
      vertex   -2.703222e+01 3.494409e+00 -2.008855e+01
    endloop
  endfacet
  facet normal -4.719915e-01 8.576167e-01 -2.042490e-01
    outer loop
      vertex   -2.703222e+01 3.494409e+00 -2.008855e+01
      vertex   -2.696376e+01 3.645764e+00 -1.961122e+01
      vertex   -2.680373e+01 3.645764e+00 -1.998103e+01
    endloop
  endfacet
  facet normal -4.582352e-01 8.576167e-01 -2.334825e-01
    outer loop
      vertex   -2.703222e+01 3.494409e+00 -2.008855e+01
      vertex   -2.680373e+01 3.645764e+00 -1.998103e+01
      vertex   -2.684208e+01 3.494409e+00 -2.046171e+01
    endloop
  endfacet
  facet normal -4.582352e-01 8.576167e-01 -2.334825e-01
    outer loop
      vertex   -2.684208e+01 3.494409e+00 -2.046171e+01
      vertex   -2.680373e+01 3.645764e+00 -1.998103e+01
      vertex   -2.662080e+01 3.645764e+00 -2.034006e+01
    endloop
  endfacet
  facet normal -4.426705e-01 8.576167e-01 -2.617946e-01
    outer loop
      vertex   -2.684208e+01 3.494409e+00 -2.046171e+01
      vertex   -2.662080e+01 3.645764e+00 -2.034006e+01
      vertex   -2.662889e+01 3.494409e+00 -2.082220e+01
    endloop
  endfacet
  facet normal -4.426705e-01 8.576167e-01 -2.617946e-01
    outer loop
      vertex   -2.662889e+01 3.494409e+00 -2.082220e+01
      vertex   -2.662080e+01 3.645764e+00 -2.034006e+01
      vertex   -2.641568e+01 3.645764e+00 -2.068689e+01
    endloop
  endfacet
  facet normal -4.253588e-01 8.576167e-01 -2.890735e-01
    outer loop
      vertex   -2.662889e+01 3.494409e+00 -2.082220e+01
      vertex   -2.641568e+01 3.645764e+00 -2.068689e+01
      vertex   -2.639348e+01 3.494409e+00 -2.116859e+01
    endloop
  endfacet
  facet normal -4.253588e-01 8.576167e-01 -2.890735e-01
    outer loop
      vertex   -2.639348e+01 3.494409e+00 -2.116859e+01
      vertex   -2.641568e+01 3.645764e+00 -2.068689e+01
      vertex   -2.618919e+01 3.645764e+00 -2.102017e+01
    endloop
  endfacet
  facet normal -4.063684e-01 8.576167e-01 -3.152116e-01
    outer loop
      vertex   -2.639348e+01 3.494409e+00 -2.116859e+01
      vertex   -2.618919e+01 3.645764e+00 -2.102017e+01
      vertex   -2.613679e+01 3.494409e+00 -2.149952e+01
    endloop
  endfacet
  facet normal -4.063684e-01 8.576167e-01 -3.152116e-01
    outer loop
      vertex   -2.613679e+01 3.494409e+00 -2.149952e+01
      vertex   -2.618919e+01 3.645764e+00 -2.102017e+01
      vertex   -2.594222e+01 3.645764e+00 -2.133856e+01
    endloop
  endfacet
  facet normal -3.857742e-01 8.576167e-01 -3.401057e-01
    outer loop
      vertex   -2.613679e+01 3.494409e+00 -2.149952e+01
      vertex   -2.594222e+01 3.645764e+00 -2.133856e+01
      vertex   -2.585982e+01 3.494409e+00 -2.181368e+01
    endloop
  endfacet
  facet normal -3.857742e-01 8.576167e-01 -3.401057e-01
    outer loop
      vertex   -2.585982e+01 3.494409e+00 -2.181368e+01
      vertex   -2.594222e+01 3.645764e+00 -2.133856e+01
      vertex   -2.567574e+01 3.645764e+00 -2.164082e+01
    endloop
  endfacet
  facet normal -3.636575e-01 8.576167e-01 -3.636575e-01
    outer loop
      vertex   -2.585982e+01 3.494409e+00 -2.181368e+01
      vertex   -2.567574e+01 3.645764e+00 -2.164082e+01
      vertex   -2.556368e+01 3.494409e+00 -2.210982e+01
    endloop
  endfacet
  facet normal -3.636575e-01 8.576167e-01 -3.636575e-01
    outer loop
      vertex   -2.556368e+01 3.494409e+00 -2.210982e+01
      vertex   -2.567574e+01 3.645764e+00 -2.164082e+01
      vertex   -2.539082e+01 3.645764e+00 -2.192574e+01
    endloop
  endfacet
  facet normal -3.401057e-01 8.576167e-01 -3.857742e-01
    outer loop
      vertex   -2.556368e+01 3.494409e+00 -2.210982e+01
      vertex   -2.539082e+01 3.645764e+00 -2.192574e+01
      vertex   -2.524952e+01 3.494409e+00 -2.238679e+01
    endloop
  endfacet
  facet normal -3.401057e-01 8.576167e-01 -3.857742e-01
    outer loop
      vertex   -2.524952e+01 3.494409e+00 -2.238679e+01
      vertex   -2.539082e+01 3.645764e+00 -2.192574e+01
      vertex   -2.508856e+01 3.645764e+00 -2.219222e+01
    endloop
  endfacet
  facet normal -3.152116e-01 8.576167e-01 -4.063684e-01
    outer loop
      vertex   -2.524952e+01 3.494409e+00 -2.238679e+01
      vertex   -2.508856e+01 3.645764e+00 -2.219222e+01
      vertex   -2.491859e+01 3.494409e+00 -2.264348e+01
    endloop
  endfacet
  facet normal -3.152116e-01 8.576167e-01 -4.063684e-01
    outer loop
      vertex   -2.491859e+01 3.494409e+00 -2.264348e+01
      vertex   -2.508856e+01 3.645764e+00 -2.219222e+01
      vertex   -2.477017e+01 3.645764e+00 -2.243919e+01
    endloop
  endfacet
  facet normal -2.890735e-01 8.576167e-01 -4.253588e-01
    outer loop
      vertex   -2.491859e+01 3.494409e+00 -2.264348e+01
      vertex   -2.477017e+01 3.645764e+00 -2.243919e+01
      vertex   -2.457220e+01 3.494409e+00 -2.287889e+01
    endloop
  endfacet
  facet normal -2.890735e-01 8.576167e-01 -4.253588e-01
    outer loop
      vertex   -2.457220e+01 3.494409e+00 -2.287889e+01
      vertex   -2.477017e+01 3.645764e+00 -2.243919e+01
      vertex   -2.443689e+01 3.645764e+00 -2.266568e+01
    endloop
  endfacet
  facet normal -2.617946e-01 8.576167e-01 -4.426705e-01
    outer loop
      vertex   -2.457220e+01 3.494409e+00 -2.287889e+01
      vertex   -2.443689e+01 3.645764e+00 -2.266568e+01
      vertex   -2.421171e+01 3.494409e+00 -2.309208e+01
    endloop
  endfacet
  facet normal -2.617946e-01 8.576167e-01 -4.426705e-01
    outer loop
      vertex   -2.421171e+01 3.494409e+00 -2.309208e+01
      vertex   -2.443689e+01 3.645764e+00 -2.266568e+01
      vertex   -2.409006e+01 3.645764e+00 -2.287080e+01
    endloop
  endfacet
  facet normal -2.334825e-01 8.576167e-01 -4.582352e-01
    outer loop
      vertex   -2.421171e+01 3.494409e+00 -2.309208e+01
      vertex   -2.409006e+01 3.645764e+00 -2.287080e+01
      vertex   -2.383855e+01 3.494409e+00 -2.328222e+01
    endloop
  endfacet
  facet normal -2.334825e-01 8.576167e-01 -4.582352e-01
    outer loop
      vertex   -2.383855e+01 3.494409e+00 -2.328222e+01
      vertex   -2.409006e+01 3.645764e+00 -2.287080e+01
      vertex   -2.373103e+01 3.645764e+00 -2.305373e+01
    endloop
  endfacet
  facet normal -2.042490e-01 8.576167e-01 -4.719915e-01
    outer loop
      vertex   -2.383855e+01 3.494409e+00 -2.328222e+01
      vertex   -2.373103e+01 3.645764e+00 -2.305373e+01
      vertex   -2.345418e+01 3.494409e+00 -2.344855e+01
    endloop
  endfacet
  facet normal -2.042490e-01 8.576167e-01 -4.719915e-01
    outer loop
      vertex   -2.345418e+01 3.494409e+00 -2.344855e+01
      vertex   -2.373103e+01 3.645764e+00 -2.305373e+01
      vertex   -2.336122e+01 3.645764e+00 -2.321376e+01
    endloop
  endfacet
  facet normal -1.742093e-01 8.576167e-01 -4.838850e-01
    outer loop
      vertex   -2.345418e+01 3.494409e+00 -2.344855e+01
      vertex   -2.336122e+01 3.645764e+00 -2.321376e+01
      vertex   -2.306013e+01 3.494409e+00 -2.359042e+01
    endloop
  endfacet
  facet normal -1.742093e-01 8.576167e-01 -4.838850e-01
    outer loop
      vertex   -2.306013e+01 3.494409e+00 -2.359042e+01
      vertex   -2.336122e+01 3.645764e+00 -2.321376e+01
      vertex   -2.298209e+01 3.645764e+00 -2.335026e+01
    endloop
  endfacet
  facet normal -1.434822e-01 8.576167e-01 -4.938689e-01
    outer loop
      vertex   -2.306013e+01 3.494409e+00 -2.359042e+01
      vertex   -2.298209e+01 3.645764e+00 -2.335026e+01
      vertex   -2.265794e+01 3.494409e+00 -2.370726e+01
    endloop
  endfacet
  facet normal -1.434822e-01 8.576167e-01 -4.938689e-01
    outer loop
      vertex   -2.265794e+01 3.494409e+00 -2.370726e+01
      vertex   -2.298209e+01 3.645764e+00 -2.335026e+01
      vertex   -2.259514e+01 3.645764e+00 -2.346268e+01
    endloop
  endfacet
  facet normal -1.121888e-01 8.576167e-01 -5.019037e-01
    outer loop
      vertex   -2.265794e+01 3.494409e+00 -2.370726e+01
      vertex   -2.259514e+01 3.645764e+00 -2.346268e+01
      vertex   -2.224922e+01 3.494409e+00 -2.379862e+01
    endloop
  endfacet
  facet normal -1.121888e-01 8.576167e-01 -5.019037e-01
    outer loop
      vertex   -2.224922e+01 3.494409e+00 -2.379862e+01
      vertex   -2.259514e+01 3.645764e+00 -2.346268e+01
      vertex   -2.220190e+01 3.645764e+00 -2.355058e+01
    endloop
  endfacet
  facet normal -8.045259e-02 8.576167e-01 -5.079577e-01
    outer loop
      vertex   -2.224922e+01 3.494409e+00 -2.379862e+01
      vertex   -2.220190e+01 3.645764e+00 -2.355058e+01
      vertex   -2.183556e+01 3.494409e+00 -2.386414e+01
    endloop
  endfacet
  facet normal -8.045259e-02 8.576167e-01 -5.079577e-01
    outer loop
      vertex   -2.183556e+01 3.494409e+00 -2.386414e+01
      vertex   -2.220190e+01 3.645764e+00 -2.355058e+01
      vertex   -2.180391e+01 3.645764e+00 -2.361361e+01
    endloop
  endfacet
  facet normal -4.839891e-02 8.576167e-01 -5.120070e-01
    outer loop
      vertex   -2.183556e+01 3.494409e+00 -2.386414e+01
      vertex   -2.180391e+01 3.645764e+00 -2.361361e+01
      vertex   -2.141861e+01 3.494409e+00 -2.390356e+01
    endloop
  endfacet
  facet normal -4.839891e-02 8.576167e-01 -5.120070e-01
    outer loop
      vertex   -2.141861e+01 3.494409e+00 -2.390356e+01
      vertex   -2.180391e+01 3.645764e+00 -2.361361e+01
      vertex   -2.140275e+01 3.645764e+00 -2.365153e+01
    endloop
  endfacet
  facet normal -4.275165e-01 9.039077e-01 -1.343525e-02
    outer loop
      vertex   -2.741419e+01 3.645764e+00 -1.725000e+01
      vertex   -2.714805e+01 3.771639e+00 -1.725000e+01
      vertex   -2.740153e+01 3.645764e+00 -1.765275e+01
    endloop
  endfacet
  facet normal -4.275165e-01 9.039077e-01 -1.343525e-02
    outer loop
      vertex   -2.740153e+01 3.645764e+00 -1.765275e+01
      vertex   -2.714805e+01 3.771639e+00 -1.725000e+01
      vertex   -2.713592e+01 3.771639e+00 -1.763604e+01
    endloop
  endfacet
  facet normal -4.258293e-01 9.039077e-01 -4.025272e-02
    outer loop
      vertex   -2.740153e+01 3.645764e+00 -1.765275e+01
      vertex   -2.713592e+01 3.771639e+00 -1.763604e+01
      vertex   -2.736361e+01 3.645764e+00 -1.805391e+01
    endloop
  endfacet
  facet normal -4.258293e-01 9.039077e-01 -4.025272e-02
    outer loop
      vertex   -2.736361e+01 3.645764e+00 -1.805391e+01
      vertex   -2.713592e+01 3.771639e+00 -1.763604e+01
      vertex   -2.709957e+01 3.771639e+00 -1.802056e+01
    endloop
  endfacet
  facet normal -4.224615e-01 9.039077e-01 -6.691133e-02
    outer loop
      vertex   -2.736361e+01 3.645764e+00 -1.805391e+01
      vertex   -2.709957e+01 3.771639e+00 -1.802056e+01
      vertex   -2.730058e+01 3.645764e+00 -1.845190e+01
    endloop
  endfacet
  facet normal -4.224615e-01 9.039077e-01 -6.691133e-02
    outer loop
      vertex   -2.730058e+01 3.645764e+00 -1.845190e+01
      vertex   -2.709957e+01 3.771639e+00 -1.802056e+01
      vertex   -2.703915e+01 3.771639e+00 -1.840203e+01
    endloop
  endfacet
  facet normal -4.174265e-01 9.039077e-01 -9.330588e-02
    outer loop
      vertex   -2.730058e+01 3.645764e+00 -1.845190e+01
      vertex   -2.703915e+01 3.771639e+00 -1.840203e+01
      vertex   -2.721268e+01 3.645764e+00 -1.884514e+01
    endloop
  endfacet
  facet normal -4.174265e-01 9.039077e-01 -9.330588e-02
    outer loop
      vertex   -2.721268e+01 3.645764e+00 -1.884514e+01
      vertex   -2.703915e+01 3.771639e+00 -1.840203e+01
      vertex   -2.695490e+01 3.771639e+00 -1.877896e+01
    endloop
  endfacet
  facet normal -4.107441e-01 9.039077e-01 -1.193322e-01
    outer loop
      vertex   -2.721268e+01 3.645764e+00 -1.884514e+01
      vertex   -2.695490e+01 3.771639e+00 -1.877896e+01
      vertex   -2.710026e+01 3.645764e+00 -1.923209e+01
    endloop
  endfacet
  facet normal -4.107441e-01 9.039077e-01 -1.193322e-01
    outer loop
      vertex   -2.710026e+01 3.645764e+00 -1.923209e+01
      vertex   -2.695490e+01 3.771639e+00 -1.877896e+01
      vertex   -2.684714e+01 3.771639e+00 -1.914985e+01
    endloop
  endfacet
  facet normal -4.024406e-01 9.039077e-01 -1.448875e-01
    outer loop
      vertex   -2.710026e+01 3.645764e+00 -1.923209e+01
      vertex   -2.684714e+01 3.771639e+00 -1.914985e+01
      vertex   -2.696376e+01 3.645764e+00 -1.961122e+01
    endloop
  endfacet
  facet normal -4.024406e-01 9.039077e-01 -1.448875e-01
    outer loop
      vertex   -2.696376e+01 3.645764e+00 -1.961122e+01
      vertex   -2.684714e+01 3.771639e+00 -1.914985e+01
      vertex   -2.671631e+01 3.771639e+00 -1.951325e+01
    endloop
  endfacet
  facet normal -3.925489e-01 9.039077e-01 -1.698711e-01
    outer loop
      vertex   -2.696376e+01 3.645764e+00 -1.961122e+01
      vertex   -2.671631e+01 3.771639e+00 -1.951325e+01
      vertex   -2.680373e+01 3.645764e+00 -1.998103e+01
    endloop
  endfacet
  facet normal -3.925489e-01 9.039077e-01 -1.698711e-01
    outer loop
      vertex   -2.680373e+01 3.645764e+00 -1.998103e+01
      vertex   -2.671631e+01 3.771639e+00 -1.951325e+01
      vertex   -2.656292e+01 3.771639e+00 -1.986771e+01
    endloop
  endfacet
  facet normal -3.811080e-01 9.039077e-01 -1.941842e-01
    outer loop
      vertex   -2.680373e+01 3.645764e+00 -1.998103e+01
      vertex   -2.656292e+01 3.771639e+00 -1.986771e+01
      vertex   -2.662080e+01 3.645764e+00 -2.034006e+01
    endloop
  endfacet
  facet normal -3.811080e-01 9.039077e-01 -1.941842e-01
    outer loop
      vertex   -2.662080e+01 3.645764e+00 -2.034006e+01
      vertex   -2.656292e+01 3.771639e+00 -1.986771e+01
      vertex   -2.638758e+01 3.771639e+00 -2.021185e+01
    endloop
  endfacet
  facet normal -3.681631e-01 9.039077e-01 -2.177310e-01
    outer loop
      vertex   -2.662080e+01 3.645764e+00 -2.034006e+01
      vertex   -2.638758e+01 3.771639e+00 -2.021185e+01
      vertex   -2.641568e+01 3.645764e+00 -2.068689e+01
    endloop
  endfacet
  facet normal -3.681631e-01 9.039077e-01 -2.177310e-01
    outer loop
      vertex   -2.641568e+01 3.645764e+00 -2.068689e+01
      vertex   -2.638758e+01 3.771639e+00 -2.021185e+01
      vertex   -2.619097e+01 3.771639e+00 -2.054429e+01
    endloop
  endfacet
  facet normal -3.537652e-01 9.039077e-01 -2.404186e-01
    outer loop
      vertex   -2.641568e+01 3.645764e+00 -2.068689e+01
      vertex   -2.619097e+01 3.771639e+00 -2.054429e+01
      vertex   -2.618919e+01 3.645764e+00 -2.102017e+01
    endloop
  endfacet
  facet normal -3.537652e-01 9.039077e-01 -2.404186e-01
    outer loop
      vertex   -2.618919e+01 3.645764e+00 -2.102017e+01
      vertex   -2.619097e+01 3.771639e+00 -2.054429e+01
      vertex   -2.597388e+01 3.771639e+00 -2.086373e+01
    endloop
  endfacet
  facet normal -3.379711e-01 9.039077e-01 -2.621572e-01
    outer loop
      vertex   -2.618919e+01 3.645764e+00 -2.102017e+01
      vertex   -2.597388e+01 3.771639e+00 -2.086373e+01
      vertex   -2.594222e+01 3.645764e+00 -2.133856e+01
    endloop
  endfacet
  facet normal -3.379711e-01 9.039077e-01 -2.621572e-01
    outer loop
      vertex   -2.594222e+01 3.645764e+00 -2.133856e+01
      vertex   -2.597388e+01 3.771639e+00 -2.086373e+01
      vertex   -2.573715e+01 3.771639e+00 -2.116891e+01
    endloop
  endfacet
  facet normal -3.208432e-01 9.039077e-01 -2.828613e-01
    outer loop
      vertex   -2.594222e+01 3.645764e+00 -2.133856e+01
      vertex   -2.573715e+01 3.771639e+00 -2.116891e+01
      vertex   -2.567574e+01 3.645764e+00 -2.164082e+01
    endloop
  endfacet
  facet normal -3.208432e-01 9.039077e-01 -2.828613e-01
    outer loop
      vertex   -2.567574e+01 3.645764e+00 -2.164082e+01
      vertex   -2.573715e+01 3.771639e+00 -2.116891e+01
      vertex   -2.548174e+01 3.771639e+00 -2.145863e+01
    endloop
  endfacet
  facet normal -3.024491e-01 9.039077e-01 -3.024491e-01
    outer loop
      vertex   -2.567574e+01 3.645764e+00 -2.164082e+01
      vertex   -2.548174e+01 3.771639e+00 -2.145863e+01
      vertex   -2.539082e+01 3.645764e+00 -2.192574e+01
    endloop
  endfacet
  facet normal -3.024491e-01 9.039077e-01 -3.024491e-01
    outer loop
      vertex   -2.539082e+01 3.645764e+00 -2.192574e+01
      vertex   -2.548174e+01 3.771639e+00 -2.145863e+01
      vertex   -2.520863e+01 3.771639e+00 -2.173174e+01
    endloop
  endfacet
  facet normal -2.828613e-01 9.039077e-01 -3.208432e-01
    outer loop
      vertex   -2.539082e+01 3.645764e+00 -2.192574e+01
      vertex   -2.520863e+01 3.771639e+00 -2.173174e+01
      vertex   -2.508856e+01 3.645764e+00 -2.219222e+01
    endloop
  endfacet
  facet normal -2.828613e-01 9.039077e-01 -3.208432e-01
    outer loop
      vertex   -2.508856e+01 3.645764e+00 -2.219222e+01
      vertex   -2.520863e+01 3.771639e+00 -2.173174e+01
      vertex   -2.491891e+01 3.771639e+00 -2.198715e+01
    endloop
  endfacet
  facet normal -2.621572e-01 9.039077e-01 -3.379711e-01
    outer loop
      vertex   -2.508856e+01 3.645764e+00 -2.219222e+01
      vertex   -2.491891e+01 3.771639e+00 -2.198715e+01
      vertex   -2.477017e+01 3.645764e+00 -2.243919e+01
    endloop
  endfacet
  facet normal -2.621572e-01 9.039077e-01 -3.379711e-01
    outer loop
      vertex   -2.477017e+01 3.645764e+00 -2.243919e+01
      vertex   -2.491891e+01 3.771639e+00 -2.198715e+01
      vertex   -2.461373e+01 3.771639e+00 -2.222388e+01
    endloop
  endfacet
  facet normal -2.404186e-01 9.039077e-01 -3.537652e-01
    outer loop
      vertex   -2.477017e+01 3.645764e+00 -2.243919e+01
      vertex   -2.461373e+01 3.771639e+00 -2.222388e+01
      vertex   -2.443689e+01 3.645764e+00 -2.266568e+01
    endloop
  endfacet
  facet normal -2.404186e-01 9.039077e-01 -3.537652e-01
    outer loop
      vertex   -2.443689e+01 3.645764e+00 -2.266568e+01
      vertex   -2.461373e+01 3.771639e+00 -2.222388e+01
      vertex   -2.429429e+01 3.771639e+00 -2.244097e+01
    endloop
  endfacet
  facet normal -2.177310e-01 9.039077e-01 -3.681631e-01
    outer loop
      vertex   -2.443689e+01 3.645764e+00 -2.266568e+01
      vertex   -2.429429e+01 3.771639e+00 -2.244097e+01
      vertex   -2.409006e+01 3.645764e+00 -2.287080e+01
    endloop
  endfacet
  facet normal -2.177310e-01 9.039077e-01 -3.681631e-01
    outer loop
      vertex   -2.409006e+01 3.645764e+00 -2.287080e+01
      vertex   -2.429429e+01 3.771639e+00 -2.244097e+01
      vertex   -2.396185e+01 3.771639e+00 -2.263758e+01
    endloop
  endfacet
  facet normal -1.941842e-01 9.039077e-01 -3.811080e-01
    outer loop
      vertex   -2.409006e+01 3.645764e+00 -2.287080e+01
      vertex   -2.396185e+01 3.771639e+00 -2.263758e+01
      vertex   -2.373103e+01 3.645764e+00 -2.305373e+01
    endloop
  endfacet
  facet normal -1.941842e-01 9.039077e-01 -3.811080e-01
    outer loop
      vertex   -2.373103e+01 3.645764e+00 -2.305373e+01
      vertex   -2.396185e+01 3.771639e+00 -2.263758e+01
      vertex   -2.361771e+01 3.771639e+00 -2.281292e+01
    endloop
  endfacet
  facet normal -1.698711e-01 9.039077e-01 -3.925489e-01
    outer loop
      vertex   -2.373103e+01 3.645764e+00 -2.305373e+01
      vertex   -2.361771e+01 3.771639e+00 -2.281292e+01
      vertex   -2.336122e+01 3.645764e+00 -2.321376e+01
    endloop
  endfacet
  facet normal -1.698711e-01 9.039077e-01 -3.925489e-01
    outer loop
      vertex   -2.336122e+01 3.645764e+00 -2.321376e+01
      vertex   -2.361771e+01 3.771639e+00 -2.281292e+01
      vertex   -2.326325e+01 3.771639e+00 -2.296631e+01
    endloop
  endfacet
  facet normal -1.448875e-01 9.039077e-01 -4.024406e-01
    outer loop
      vertex   -2.336122e+01 3.645764e+00 -2.321376e+01
      vertex   -2.326325e+01 3.771639e+00 -2.296631e+01
      vertex   -2.298209e+01 3.645764e+00 -2.335026e+01
    endloop
  endfacet
  facet normal -1.448875e-01 9.039077e-01 -4.024406e-01
    outer loop
      vertex   -2.298209e+01 3.645764e+00 -2.335026e+01
      vertex   -2.326325e+01 3.771639e+00 -2.296631e+01
      vertex   -2.289985e+01 3.771639e+00 -2.309714e+01
    endloop
  endfacet
  facet normal -1.193322e-01 9.039077e-01 -4.107441e-01
    outer loop
      vertex   -2.298209e+01 3.645764e+00 -2.335026e+01
      vertex   -2.289985e+01 3.771639e+00 -2.309714e+01
      vertex   -2.259514e+01 3.645764e+00 -2.346268e+01
    endloop
  endfacet
  facet normal -1.193322e-01 9.039077e-01 -4.107441e-01
    outer loop
      vertex   -2.259514e+01 3.645764e+00 -2.346268e+01
      vertex   -2.289985e+01 3.771639e+00 -2.309714e+01
      vertex   -2.252896e+01 3.771639e+00 -2.320490e+01
    endloop
  endfacet
  facet normal -9.330588e-02 9.039077e-01 -4.174265e-01
    outer loop
      vertex   -2.259514e+01 3.645764e+00 -2.346268e+01
      vertex   -2.252896e+01 3.771639e+00 -2.320490e+01
      vertex   -2.220190e+01 3.645764e+00 -2.355058e+01
    endloop
  endfacet
  facet normal -9.330588e-02 9.039077e-01 -4.174265e-01
    outer loop
      vertex   -2.220190e+01 3.645764e+00 -2.355058e+01
      vertex   -2.252896e+01 3.771639e+00 -2.320490e+01
      vertex   -2.215203e+01 3.771639e+00 -2.328915e+01
    endloop
  endfacet
  facet normal -6.691133e-02 9.039077e-01 -4.224615e-01
    outer loop
      vertex   -2.220190e+01 3.645764e+00 -2.355058e+01
      vertex   -2.215203e+01 3.771639e+00 -2.328915e+01
      vertex   -2.180391e+01 3.645764e+00 -2.361361e+01
    endloop
  endfacet
  facet normal -6.691133e-02 9.039077e-01 -4.224615e-01
    outer loop
      vertex   -2.180391e+01 3.645764e+00 -2.361361e+01
      vertex   -2.215203e+01 3.771639e+00 -2.328915e+01
      vertex   -2.177056e+01 3.771639e+00 -2.334957e+01
    endloop
  endfacet
  facet normal -4.025272e-02 9.039077e-01 -4.258293e-01
    outer loop
      vertex   -2.180391e+01 3.645764e+00 -2.361361e+01
      vertex   -2.177056e+01 3.771639e+00 -2.334957e+01
      vertex   -2.140275e+01 3.645764e+00 -2.365153e+01
    endloop
  endfacet
  facet normal -4.025272e-02 9.039077e-01 -4.258293e-01
    outer loop
      vertex   -2.140275e+01 3.645764e+00 -2.365153e+01
      vertex   -2.177056e+01 3.771639e+00 -2.334957e+01
      vertex   -2.138604e+01 3.771639e+00 -2.338592e+01
    endloop
  endfacet
  facet normal -3.368710e-01 9.414913e-01 -1.058660e-02
    outer loop
      vertex   -2.714805e+01 3.771639e+00 -1.725000e+01
      vertex   -2.687085e+01 3.870821e+00 -1.725000e+01
      vertex   -2.713592e+01 3.771639e+00 -1.763604e+01
    endloop
  endfacet
  facet normal -3.368710e-01 9.414913e-01 -1.058660e-02
    outer loop
      vertex   -2.713592e+01 3.771639e+00 -1.763604e+01
      vertex   -2.687085e+01 3.870821e+00 -1.725000e+01
      vertex   -2.685927e+01 3.870821e+00 -1.761863e+01
    endloop
  endfacet
  facet normal -3.355415e-01 9.414913e-01 -3.171801e-02
    outer loop
      vertex   -2.713592e+01 3.771639e+00 -1.763604e+01
      vertex   -2.685927e+01 3.870821e+00 -1.761863e+01
      vertex   -2.709957e+01 3.771639e+00 -1.802056e+01
    endloop
  endfacet
  facet normal -3.355415e-01 9.414913e-01 -3.171801e-02
    outer loop
      vertex   -2.709957e+01 3.771639e+00 -1.802056e+01
      vertex   -2.685927e+01 3.870821e+00 -1.761863e+01
      vertex   -2.682456e+01 3.870821e+00 -1.798581e+01
    endloop
  endfacet
  facet normal -3.328878e-01 9.414913e-01 -5.272425e-02
    outer loop
      vertex   -2.709957e+01 3.771639e+00 -1.802056e+01
      vertex   -2.682456e+01 3.870821e+00 -1.798581e+01
      vertex   -2.703915e+01 3.771639e+00 -1.840203e+01
    endloop
  endfacet
  facet normal -3.328878e-01 9.414913e-01 -5.272425e-02
    outer loop
      vertex   -2.703915e+01 3.771639e+00 -1.840203e+01
      vertex   -2.682456e+01 3.870821e+00 -1.798581e+01
      vertex   -2.676687e+01 3.870821e+00 -1.835009e+01
    endloop
  endfacet
  facet normal -3.289203e-01 9.414913e-01 -7.352241e-02
    outer loop
      vertex   -2.703915e+01 3.771639e+00 -1.840203e+01
      vertex   -2.676687e+01 3.870821e+00 -1.835009e+01
      vertex   -2.695490e+01 3.771639e+00 -1.877896e+01
    endloop
  endfacet
  facet normal -3.289203e-01 9.414913e-01 -7.352241e-02
    outer loop
      vertex   -2.695490e+01 3.771639e+00 -1.877896e+01
      vertex   -2.676687e+01 3.870821e+00 -1.835009e+01
      vertex   -2.668641e+01 3.870821e+00 -1.871002e+01
    endloop
  endfacet
  facet normal -3.236548e-01 9.414913e-01 -9.403040e-02
    outer loop
      vertex   -2.695490e+01 3.771639e+00 -1.877896e+01
      vertex   -2.668641e+01 3.870821e+00 -1.871002e+01
      vertex   -2.684714e+01 3.771639e+00 -1.914985e+01
    endloop
  endfacet
  facet normal -3.236548e-01 9.414913e-01 -9.403040e-02
    outer loop
      vertex   -2.684714e+01 3.771639e+00 -1.914985e+01
      vertex   -2.668641e+01 3.870821e+00 -1.871002e+01
      vertex   -2.658351e+01 3.870821e+00 -1.906419e+01
    endloop
  endfacet
  facet normal -3.171119e-01 9.414913e-01 -1.141673e-01
    outer loop
      vertex   -2.684714e+01 3.771639e+00 -1.914985e+01
      vertex   -2.658351e+01 3.870821e+00 -1.906419e+01
      vertex   -2.671631e+01 3.771639e+00 -1.951325e+01
    endloop
  endfacet
  facet normal -3.171119e-01 9.414913e-01 -1.141673e-01
    outer loop
      vertex   -2.671631e+01 3.771639e+00 -1.951325e+01
      vertex   -2.658351e+01 3.870821e+00 -1.906419e+01
      vertex   -2.645858e+01 3.870821e+00 -1.941121e+01
    endloop
  endfacet
  facet normal -3.093175e-01 9.414913e-01 -1.338536e-01
    outer loop
      vertex   -2.671631e+01 3.771639e+00 -1.951325e+01
      vertex   -2.645858e+01 3.870821e+00 -1.941121e+01
      vertex   -2.656292e+01 3.771639e+00 -1.986771e+01
    endloop
  endfacet
  facet normal -3.093175e-01 9.414913e-01 -1.338536e-01
    outer loop
      vertex   -2.656292e+01 3.771639e+00 -1.986771e+01
      vertex   -2.645858e+01 3.870821e+00 -1.941121e+01
      vertex   -2.631211e+01 3.870821e+00 -1.974969e+01
    endloop
  endfacet
  facet normal -3.003024e-01 9.414913e-01 -1.530117e-01
    outer loop
      vertex   -2.656292e+01 3.771639e+00 -1.986771e+01
      vertex   -2.631211e+01 3.870821e+00 -1.974969e+01
      vertex   -2.638758e+01 3.771639e+00 -2.021185e+01
    endloop
  endfacet
  facet normal -3.003024e-01 9.414913e-01 -1.530117e-01
    outer loop
      vertex   -2.638758e+01 3.771639e+00 -2.021185e+01
      vertex   -2.631211e+01 3.870821e+00 -1.974969e+01
      vertex   -2.614467e+01 3.870821e+00 -2.007831e+01
    endloop
  endfacet
  facet normal -2.901022e-01 9.414913e-01 -1.715659e-01
    outer loop
      vertex   -2.638758e+01 3.771639e+00 -2.021185e+01
      vertex   -2.614467e+01 3.870821e+00 -2.007831e+01
      vertex   -2.619097e+01 3.771639e+00 -2.054429e+01
    endloop
  endfacet
  facet normal -2.901022e-01 9.414913e-01 -1.715659e-01
    outer loop
      vertex   -2.619097e+01 3.771639e+00 -2.054429e+01
      vertex   -2.614467e+01 3.870821e+00 -2.007831e+01
      vertex   -2.595693e+01 3.870821e+00 -2.039576e+01
    endloop
  endfacet
  facet normal -2.787570e-01 9.414913e-01 -1.894431e-01
    outer loop
      vertex   -2.619097e+01 3.771639e+00 -2.054429e+01
      vertex   -2.595693e+01 3.870821e+00 -2.039576e+01
      vertex   -2.597388e+01 3.771639e+00 -2.086373e+01
    endloop
  endfacet
  facet normal -2.787570e-01 9.414913e-01 -1.894431e-01
    outer loop
      vertex   -2.597388e+01 3.771639e+00 -2.086373e+01
      vertex   -2.595693e+01 3.870821e+00 -2.039576e+01
      vertex   -2.574962e+01 3.870821e+00 -2.070080e+01
    endloop
  endfacet
  facet normal -2.663117e-01 9.414913e-01 -2.065725e-01
    outer loop
      vertex   -2.597388e+01 3.771639e+00 -2.086373e+01
      vertex   -2.574962e+01 3.870821e+00 -2.070080e+01
      vertex   -2.573715e+01 3.771639e+00 -2.116891e+01
    endloop
  endfacet
  facet normal -2.663117e-01 9.414913e-01 -2.065725e-01
    outer loop
      vertex   -2.573715e+01 3.771639e+00 -2.116891e+01
      vertex   -2.574962e+01 3.870821e+00 -2.070080e+01
      vertex   -2.552357e+01 3.870821e+00 -2.099222e+01
    endloop
  endfacet
  facet normal -2.528154e-01 9.414913e-01 -2.228868e-01
    outer loop
      vertex   -2.573715e+01 3.771639e+00 -2.116891e+01
      vertex   -2.552357e+01 3.870821e+00 -2.099222e+01
      vertex   -2.548174e+01 3.771639e+00 -2.145863e+01
    endloop
  endfacet
  facet normal -2.528154e-01 9.414913e-01 -2.228868e-01
    outer loop
      vertex   -2.548174e+01 3.771639e+00 -2.145863e+01
      vertex   -2.552357e+01 3.870821e+00 -2.099222e+01
      vertex   -2.527967e+01 3.870821e+00 -2.126888e+01
    endloop
  endfacet
  facet normal -2.383213e-01 9.414913e-01 -2.383213e-01
    outer loop
      vertex   -2.548174e+01 3.771639e+00 -2.145863e+01
      vertex   -2.527967e+01 3.870821e+00 -2.126888e+01
      vertex   -2.520863e+01 3.771639e+00 -2.173174e+01
    endloop
  endfacet
  facet normal -2.383213e-01 9.414913e-01 -2.383213e-01
    outer loop
      vertex   -2.520863e+01 3.771639e+00 -2.173174e+01
      vertex   -2.527967e+01 3.870821e+00 -2.126888e+01
      vertex   -2.501888e+01 3.870821e+00 -2.152967e+01
    endloop
  endfacet
  facet normal -2.228868e-01 9.414913e-01 -2.528154e-01
    outer loop
      vertex   -2.520863e+01 3.771639e+00 -2.173174e+01
      vertex   -2.501888e+01 3.870821e+00 -2.152967e+01
      vertex   -2.491891e+01 3.771639e+00 -2.198715e+01
    endloop
  endfacet
  facet normal -2.228868e-01 9.414913e-01 -2.528154e-01
    outer loop
      vertex   -2.491891e+01 3.771639e+00 -2.198715e+01
      vertex   -2.501888e+01 3.870821e+00 -2.152967e+01
      vertex   -2.474222e+01 3.870821e+00 -2.177357e+01
    endloop
  endfacet
  facet normal -2.065725e-01 9.414913e-01 -2.663117e-01
    outer loop
      vertex   -2.491891e+01 3.771639e+00 -2.198715e+01
      vertex   -2.474222e+01 3.870821e+00 -2.177357e+01
      vertex   -2.461373e+01 3.771639e+00 -2.222388e+01
    endloop
  endfacet
  facet normal -2.065725e-01 9.414913e-01 -2.663117e-01
    outer loop
      vertex   -2.461373e+01 3.771639e+00 -2.222388e+01
      vertex   -2.474222e+01 3.870821e+00 -2.177357e+01
      vertex   -2.445080e+01 3.870821e+00 -2.199962e+01
    endloop
  endfacet
  facet normal -1.894431e-01 9.414913e-01 -2.787570e-01
    outer loop
      vertex   -2.461373e+01 3.771639e+00 -2.222388e+01
      vertex   -2.445080e+01 3.870821e+00 -2.199962e+01
      vertex   -2.429429e+01 3.771639e+00 -2.244097e+01
    endloop
  endfacet
  facet normal -1.894431e-01 9.414913e-01 -2.787570e-01
    outer loop
      vertex   -2.429429e+01 3.771639e+00 -2.244097e+01
      vertex   -2.445080e+01 3.870821e+00 -2.199962e+01
      vertex   -2.414576e+01 3.870821e+00 -2.220693e+01
    endloop
  endfacet
  facet normal -1.715659e-01 9.414913e-01 -2.901022e-01
    outer loop
      vertex   -2.429429e+01 3.771639e+00 -2.244097e+01
      vertex   -2.414576e+01 3.870821e+00 -2.220693e+01
      vertex   -2.396185e+01 3.771639e+00 -2.263758e+01
    endloop
  endfacet
  facet normal -1.715659e-01 9.414913e-01 -2.901022e-01
    outer loop
      vertex   -2.396185e+01 3.771639e+00 -2.263758e+01
      vertex   -2.414576e+01 3.870821e+00 -2.220693e+01
      vertex   -2.382831e+01 3.870821e+00 -2.239467e+01
    endloop
  endfacet
  facet normal -1.530117e-01 9.414913e-01 -3.003024e-01
    outer loop
      vertex   -2.396185e+01 3.771639e+00 -2.263758e+01
      vertex   -2.382831e+01 3.870821e+00 -2.239467e+01
      vertex   -2.361771e+01 3.771639e+00 -2.281292e+01
    endloop
  endfacet
  facet normal -1.530117e-01 9.414913e-01 -3.003024e-01
    outer loop
      vertex   -2.361771e+01 3.771639e+00 -2.281292e+01
      vertex   -2.382831e+01 3.870821e+00 -2.239467e+01
      vertex   -2.349969e+01 3.870821e+00 -2.256211e+01
    endloop
  endfacet
  facet normal -1.338536e-01 9.414913e-01 -3.093175e-01
    outer loop
      vertex   -2.361771e+01 3.771639e+00 -2.281292e+01
      vertex   -2.349969e+01 3.870821e+00 -2.256211e+01
      vertex   -2.326325e+01 3.771639e+00 -2.296631e+01
    endloop
  endfacet
  facet normal -1.338536e-01 9.414913e-01 -3.093175e-01
    outer loop
      vertex   -2.326325e+01 3.771639e+00 -2.296631e+01
      vertex   -2.349969e+01 3.870821e+00 -2.256211e+01
      vertex   -2.316121e+01 3.870821e+00 -2.270858e+01
    endloop
  endfacet
  facet normal -1.141673e-01 9.414913e-01 -3.171119e-01
    outer loop
      vertex   -2.326325e+01 3.771639e+00 -2.296631e+01
      vertex   -2.316121e+01 3.870821e+00 -2.270858e+01
      vertex   -2.289985e+01 3.771639e+00 -2.309714e+01
    endloop
  endfacet
  facet normal -1.141673e-01 9.414913e-01 -3.171119e-01
    outer loop
      vertex   -2.289985e+01 3.771639e+00 -2.309714e+01
      vertex   -2.316121e+01 3.870821e+00 -2.270858e+01
      vertex   -2.281419e+01 3.870821e+00 -2.283351e+01
    endloop
  endfacet
  facet normal -9.403040e-02 9.414913e-01 -3.236548e-01
    outer loop
      vertex   -2.289985e+01 3.771639e+00 -2.309714e+01
      vertex   -2.281419e+01 3.870821e+00 -2.283351e+01
      vertex   -2.252896e+01 3.771639e+00 -2.320490e+01
    endloop
  endfacet
  facet normal -9.403040e-02 9.414913e-01 -3.236548e-01
    outer loop
      vertex   -2.252896e+01 3.771639e+00 -2.320490e+01
      vertex   -2.281419e+01 3.870821e+00 -2.283351e+01
      vertex   -2.246002e+01 3.870821e+00 -2.293641e+01
    endloop
  endfacet
  facet normal -7.352241e-02 9.414913e-01 -3.289203e-01
    outer loop
      vertex   -2.252896e+01 3.771639e+00 -2.320490e+01
      vertex   -2.246002e+01 3.870821e+00 -2.293641e+01
      vertex   -2.215203e+01 3.771639e+00 -2.328915e+01
    endloop
  endfacet
  facet normal -7.352241e-02 9.414913e-01 -3.289203e-01
    outer loop
      vertex   -2.215203e+01 3.771639e+00 -2.328915e+01
      vertex   -2.246002e+01 3.870821e+00 -2.293641e+01
      vertex   -2.210009e+01 3.870821e+00 -2.301687e+01
    endloop
  endfacet
  facet normal -5.272425e-02 9.414913e-01 -3.328878e-01
    outer loop
      vertex   -2.215203e+01 3.771639e+00 -2.328915e+01
      vertex   -2.210009e+01 3.870821e+00 -2.301687e+01
      vertex   -2.177056e+01 3.771639e+00 -2.334957e+01
    endloop
  endfacet
  facet normal -5.272425e-02 9.414913e-01 -3.328878e-01
    outer loop
      vertex   -2.177056e+01 3.771639e+00 -2.334957e+01
      vertex   -2.210009e+01 3.870821e+00 -2.301687e+01
      vertex   -2.173581e+01 3.870821e+00 -2.307456e+01
    endloop
  endfacet
  facet normal -3.171801e-02 9.414913e-01 -3.355415e-01
    outer loop
      vertex   -2.177056e+01 3.771639e+00 -2.334957e+01
      vertex   -2.173581e+01 3.870821e+00 -2.307456e+01
      vertex   -2.138604e+01 3.771639e+00 -2.338592e+01
    endloop
  endfacet
  facet normal -3.171801e-02 9.414913e-01 -3.355415e-01
    outer loop
      vertex   -2.138604e+01 3.771639e+00 -2.338592e+01
      vertex   -2.173581e+01 3.870821e+00 -2.307456e+01
      vertex   -2.136863e+01 3.870821e+00 -2.310927e+01
    endloop
  endfacet
  facet normal -2.429731e-01 9.700030e-01 -7.635737e-03
    outer loop
      vertex   -2.687085e+01 3.870821e+00 -1.725000e+01
      vertex   -2.658527e+01 3.942356e+00 -1.725000e+01
      vertex   -2.685927e+01 3.870821e+00 -1.761863e+01
    endloop
  endfacet
  facet normal -2.429731e-01 9.700030e-01 -7.635737e-03
    outer loop
      vertex   -2.685927e+01 3.870821e+00 -1.761863e+01
      vertex   -2.658527e+01 3.942356e+00 -1.725000e+01
      vertex   -2.657425e+01 3.942356e+00 -1.760070e+01
    endloop
  endfacet
  facet normal -2.420142e-01 9.700030e-01 -2.287708e-02
    outer loop
      vertex   -2.685927e+01 3.870821e+00 -1.761863e+01
      vertex   -2.657425e+01 3.942356e+00 -1.760070e+01
      vertex   -2.682456e+01 3.870821e+00 -1.798581e+01
    endloop
  endfacet
  facet normal -2.420142e-01 9.700030e-01 -2.287708e-02
    outer loop
      vertex   -2.682456e+01 3.870821e+00 -1.798581e+01
      vertex   -2.657425e+01 3.942356e+00 -1.760070e+01
      vertex   -2.654123e+01 3.942356e+00 -1.795002e+01
    endloop
  endfacet
  facet normal -2.401002e-01 9.700030e-01 -3.802813e-02
    outer loop
      vertex   -2.682456e+01 3.870821e+00 -1.798581e+01
      vertex   -2.654123e+01 3.942356e+00 -1.795002e+01
      vertex   -2.676687e+01 3.870821e+00 -1.835009e+01
    endloop
  endfacet
  facet normal -2.401002e-01 9.700030e-01 -3.802813e-02
    outer loop
      vertex   -2.676687e+01 3.870821e+00 -1.835009e+01
      vertex   -2.654123e+01 3.942356e+00 -1.795002e+01
      vertex   -2.648634e+01 3.942356e+00 -1.829658e+01
    endloop
  endfacet
  facet normal -2.372386e-01 9.700030e-01 -5.302911e-02
    outer loop
      vertex   -2.676687e+01 3.870821e+00 -1.835009e+01
      vertex   -2.648634e+01 3.942356e+00 -1.829658e+01
      vertex   -2.668641e+01 3.870821e+00 -1.871002e+01
    endloop
  endfacet
  facet normal -2.372386e-01 9.700030e-01 -5.302911e-02
    outer loop
      vertex   -2.668641e+01 3.870821e+00 -1.871002e+01
      vertex   -2.648634e+01 3.942356e+00 -1.829658e+01
      vertex   -2.640980e+01 3.942356e+00 -1.863900e+01
    endloop
  endfacet
  facet normal -2.334407e-01 9.700030e-01 -6.782080e-02
    outer loop
      vertex   -2.668641e+01 3.870821e+00 -1.871002e+01
      vertex   -2.640980e+01 3.942356e+00 -1.863900e+01
      vertex   -2.658351e+01 3.870821e+00 -1.906419e+01
    endloop
  endfacet
  facet normal -2.334407e-01 9.700030e-01 -6.782080e-02
    outer loop
      vertex   -2.658351e+01 3.870821e+00 -1.906419e+01
      vertex   -2.640980e+01 3.942356e+00 -1.863900e+01
      vertex   -2.631191e+01 3.942356e+00 -1.897594e+01
    endloop
  endfacet
  facet normal -2.287216e-01 9.700030e-01 -8.234483e-02
    outer loop
      vertex   -2.658351e+01 3.870821e+00 -1.906419e+01
      vertex   -2.631191e+01 3.942356e+00 -1.897594e+01
      vertex   -2.645858e+01 3.870821e+00 -1.941121e+01
    endloop
  endfacet
  facet normal -2.287216e-01 9.700030e-01 -8.234483e-02
    outer loop
      vertex   -2.645858e+01 3.870821e+00 -1.941121e+01
      vertex   -2.631191e+01 3.942356e+00 -1.897594e+01
      vertex   -2.619305e+01 3.942356e+00 -1.930608e+01
    endloop
  endfacet
  facet normal -2.230998e-01 9.700030e-01 -9.654389e-02
    outer loop
      vertex   -2.645858e+01 3.870821e+00 -1.941121e+01
      vertex   -2.619305e+01 3.942356e+00 -1.930608e+01
      vertex   -2.631211e+01 3.870821e+00 -1.974969e+01
    endloop
  endfacet
  facet normal -2.230998e-01 9.700030e-01 -9.654389e-02
    outer loop
      vertex   -2.631211e+01 3.870821e+00 -1.974969e+01
      vertex   -2.619305e+01 3.942356e+00 -1.930608e+01
      vertex   -2.605370e+01 3.942356e+00 -1.962809e+01
    endloop
  endfacet
  facet normal -2.165975e-01 9.700030e-01 -1.103619e-01
    outer loop
      vertex   -2.631211e+01 3.870821e+00 -1.974969e+01
      vertex   -2.605370e+01 3.942356e+00 -1.962809e+01
      vertex   -2.614467e+01 3.870821e+00 -2.007831e+01
    endloop
  endfacet
  facet normal -2.165975e-01 9.700030e-01 -1.103619e-01
    outer loop
      vertex   -2.614467e+01 3.870821e+00 -2.007831e+01
      vertex   -2.605370e+01 3.942356e+00 -1.962809e+01
      vertex   -2.589441e+01 3.942356e+00 -1.994072e+01
    endloop
  endfacet
  facet normal -2.092404e-01 9.700030e-01 -1.237444e-01
    outer loop
      vertex   -2.614467e+01 3.870821e+00 -2.007831e+01
      vertex   -2.589441e+01 3.942356e+00 -1.994072e+01
      vertex   -2.595693e+01 3.870821e+00 -2.039576e+01
    endloop
  endfacet
  facet normal -2.092404e-01 9.700030e-01 -1.237444e-01
    outer loop
      vertex   -2.595693e+01 3.870821e+00 -2.039576e+01
      vertex   -2.589441e+01 3.942356e+00 -1.994072e+01
      vertex   -2.571580e+01 3.942356e+00 -2.024274e+01
    endloop
  endfacet
  facet normal -2.010575e-01 9.700030e-01 -1.366386e-01
    outer loop
      vertex   -2.595693e+01 3.870821e+00 -2.039576e+01
      vertex   -2.571580e+01 3.942356e+00 -2.024274e+01
      vertex   -2.574962e+01 3.870821e+00 -2.070080e+01
    endloop
  endfacet
  facet normal -2.010575e-01 9.700030e-01 -1.366386e-01
    outer loop
      vertex   -2.574962e+01 3.870821e+00 -2.070080e+01
      vertex   -2.571580e+01 3.942356e+00 -2.024274e+01
      vertex   -2.551858e+01 3.942356e+00 -2.053294e+01
    endloop
  endfacet
  facet normal -1.920812e-01 9.700030e-01 -1.489934e-01
    outer loop
      vertex   -2.574962e+01 3.870821e+00 -2.070080e+01
      vertex   -2.551858e+01 3.942356e+00 -2.053294e+01
      vertex   -2.552357e+01 3.870821e+00 -2.099222e+01
    endloop
  endfacet
  facet normal -1.920812e-01 9.700030e-01 -1.489934e-01
    outer loop
      vertex   -2.552357e+01 3.870821e+00 -2.099222e+01
      vertex   -2.551858e+01 3.942356e+00 -2.053294e+01
      vertex   -2.530353e+01 3.942356e+00 -2.081019e+01
    endloop
  endfacet
  facet normal -1.823468e-01 9.700030e-01 -1.607603e-01
    outer loop
      vertex   -2.552357e+01 3.870821e+00 -2.099222e+01
      vertex   -2.530353e+01 3.942356e+00 -2.081019e+01
      vertex   -2.527967e+01 3.870821e+00 -2.126888e+01
    endloop
  endfacet
  facet normal -1.823468e-01 9.700030e-01 -1.607603e-01
    outer loop
      vertex   -2.527967e+01 3.870821e+00 -2.126888e+01
      vertex   -2.530353e+01 3.942356e+00 -2.081019e+01
      vertex   -2.507149e+01 3.942356e+00 -2.107338e+01
    endloop
  endfacet
  facet normal -1.718927e-01 9.700030e-01 -1.718927e-01
    outer loop
      vertex   -2.527967e+01 3.870821e+00 -2.126888e+01
      vertex   -2.507149e+01 3.942356e+00 -2.107338e+01
      vertex   -2.501888e+01 3.870821e+00 -2.152967e+01
    endloop
  endfacet
  facet normal -1.718927e-01 9.700030e-01 -1.718927e-01
    outer loop
      vertex   -2.501888e+01 3.870821e+00 -2.152967e+01
      vertex   -2.507149e+01 3.942356e+00 -2.107338e+01
      vertex   -2.482338e+01 3.942356e+00 -2.132149e+01
    endloop
  endfacet
  facet normal -1.607603e-01 9.700030e-01 -1.823468e-01
    outer loop
      vertex   -2.501888e+01 3.870821e+00 -2.152967e+01
      vertex   -2.482338e+01 3.942356e+00 -2.132149e+01
      vertex   -2.474222e+01 3.870821e+00 -2.177357e+01
    endloop
  endfacet
  facet normal -1.607603e-01 9.700030e-01 -1.823468e-01
    outer loop
      vertex   -2.474222e+01 3.870821e+00 -2.177357e+01
      vertex   -2.482338e+01 3.942356e+00 -2.132149e+01
      vertex   -2.456019e+01 3.942356e+00 -2.155353e+01
    endloop
  endfacet
  facet normal -1.489934e-01 9.700030e-01 -1.920812e-01
    outer loop
      vertex   -2.474222e+01 3.870821e+00 -2.177357e+01
      vertex   -2.456019e+01 3.942356e+00 -2.155353e+01
      vertex   -2.445080e+01 3.870821e+00 -2.199962e+01
    endloop
  endfacet
  facet normal -1.489934e-01 9.700030e-01 -1.920812e-01
    outer loop
      vertex   -2.445080e+01 3.870821e+00 -2.199962e+01
      vertex   -2.456019e+01 3.942356e+00 -2.155353e+01
      vertex   -2.428294e+01 3.942356e+00 -2.176858e+01
    endloop
  endfacet
  facet normal -1.366386e-01 9.700030e-01 -2.010575e-01
    outer loop
      vertex   -2.445080e+01 3.870821e+00 -2.199962e+01
      vertex   -2.428294e+01 3.942356e+00 -2.176858e+01
      vertex   -2.414576e+01 3.870821e+00 -2.220693e+01
    endloop
  endfacet
  facet normal -1.366386e-01 9.700030e-01 -2.010575e-01
    outer loop
      vertex   -2.414576e+01 3.870821e+00 -2.220693e+01
      vertex   -2.428294e+01 3.942356e+00 -2.176858e+01
      vertex   -2.399274e+01 3.942356e+00 -2.196580e+01
    endloop
  endfacet
  facet normal -1.237444e-01 9.700030e-01 -2.092404e-01
    outer loop
      vertex   -2.414576e+01 3.870821e+00 -2.220693e+01
      vertex   -2.399274e+01 3.942356e+00 -2.196580e+01
      vertex   -2.382831e+01 3.870821e+00 -2.239467e+01
    endloop
  endfacet
  facet normal -1.237444e-01 9.700030e-01 -2.092404e-01
    outer loop
      vertex   -2.382831e+01 3.870821e+00 -2.239467e+01
      vertex   -2.399274e+01 3.942356e+00 -2.196580e+01
      vertex   -2.369072e+01 3.942356e+00 -2.214441e+01
    endloop
  endfacet
  facet normal -1.103619e-01 9.700030e-01 -2.165975e-01
    outer loop
      vertex   -2.382831e+01 3.870821e+00 -2.239467e+01
      vertex   -2.369072e+01 3.942356e+00 -2.214441e+01
      vertex   -2.349969e+01 3.870821e+00 -2.256211e+01
    endloop
  endfacet
  facet normal -1.103619e-01 9.700030e-01 -2.165975e-01
    outer loop
      vertex   -2.349969e+01 3.870821e+00 -2.256211e+01
      vertex   -2.369072e+01 3.942356e+00 -2.214441e+01
      vertex   -2.337809e+01 3.942356e+00 -2.230370e+01
    endloop
  endfacet
  facet normal -9.654389e-02 9.700030e-01 -2.230998e-01
    outer loop
      vertex   -2.349969e+01 3.870821e+00 -2.256211e+01
      vertex   -2.337809e+01 3.942356e+00 -2.230370e+01
      vertex   -2.316121e+01 3.870821e+00 -2.270858e+01
    endloop
  endfacet
  facet normal -9.654389e-02 9.700030e-01 -2.230998e-01
    outer loop
      vertex   -2.316121e+01 3.870821e+00 -2.270858e+01
      vertex   -2.337809e+01 3.942356e+00 -2.230370e+01
      vertex   -2.305608e+01 3.942356e+00 -2.244305e+01
    endloop
  endfacet
  facet normal -8.234483e-02 9.700030e-01 -2.287216e-01
    outer loop
      vertex   -2.316121e+01 3.870821e+00 -2.270858e+01
      vertex   -2.305608e+01 3.942356e+00 -2.244305e+01
      vertex   -2.281419e+01 3.870821e+00 -2.283351e+01
    endloop
  endfacet
  facet normal -8.234483e-02 9.700030e-01 -2.287216e-01
    outer loop
      vertex   -2.281419e+01 3.870821e+00 -2.283351e+01
      vertex   -2.305608e+01 3.942356e+00 -2.244305e+01
      vertex   -2.272594e+01 3.942356e+00 -2.256191e+01
    endloop
  endfacet
  facet normal -6.782080e-02 9.700030e-01 -2.334407e-01
    outer loop
      vertex   -2.281419e+01 3.870821e+00 -2.283351e+01
      vertex   -2.272594e+01 3.942356e+00 -2.256191e+01
      vertex   -2.246002e+01 3.870821e+00 -2.293641e+01
    endloop
  endfacet
  facet normal -6.782080e-02 9.700030e-01 -2.334407e-01
    outer loop
      vertex   -2.246002e+01 3.870821e+00 -2.293641e+01
      vertex   -2.272594e+01 3.942356e+00 -2.256191e+01
      vertex   -2.238900e+01 3.942356e+00 -2.265980e+01
    endloop
  endfacet
  facet normal -5.302911e-02 9.700030e-01 -2.372386e-01
    outer loop
      vertex   -2.246002e+01 3.870821e+00 -2.293641e+01
      vertex   -2.238900e+01 3.942356e+00 -2.265980e+01
      vertex   -2.210009e+01 3.870821e+00 -2.301687e+01
    endloop
  endfacet
  facet normal -5.302911e-02 9.700030e-01 -2.372386e-01
    outer loop
      vertex   -2.210009e+01 3.870821e+00 -2.301687e+01
      vertex   -2.238900e+01 3.942356e+00 -2.265980e+01
      vertex   -2.204658e+01 3.942356e+00 -2.273634e+01
    endloop
  endfacet
  facet normal -3.802813e-02 9.700030e-01 -2.401002e-01
    outer loop
      vertex   -2.210009e+01 3.870821e+00 -2.301687e+01
      vertex   -2.204658e+01 3.942356e+00 -2.273634e+01
      vertex   -2.173581e+01 3.870821e+00 -2.307456e+01
    endloop
  endfacet
  facet normal -3.802813e-02 9.700030e-01 -2.401002e-01
    outer loop
      vertex   -2.173581e+01 3.870821e+00 -2.307456e+01
      vertex   -2.204658e+01 3.942356e+00 -2.273634e+01
      vertex   -2.170002e+01 3.942356e+00 -2.279123e+01
    endloop
  endfacet
  facet normal -2.287708e-02 9.700030e-01 -2.420142e-01
    outer loop
      vertex   -2.173581e+01 3.870821e+00 -2.307456e+01
      vertex   -2.170002e+01 3.942356e+00 -2.279123e+01
      vertex   -2.136863e+01 3.870821e+00 -2.310927e+01
    endloop
  endfacet
  facet normal -2.287708e-02 9.700030e-01 -2.420142e-01
    outer loop
      vertex   -2.136863e+01 3.870821e+00 -2.310927e+01
      vertex   -2.170002e+01 3.942356e+00 -2.279123e+01
      vertex   -2.135070e+01 3.942356e+00 -2.282425e+01
    endloop
  endfacet
  facet normal -1.467289e-01 9.891660e-01 -4.611142e-03
    outer loop
      vertex   -2.658527e+01 3.942356e+00 -1.725000e+01
      vertex   -2.629405e+01 3.985554e+00 -1.725000e+01
      vertex   -2.657425e+01 3.942356e+00 -1.760070e+01
    endloop
  endfacet
  facet normal -1.467289e-01 9.891660e-01 -4.611142e-03
    outer loop
      vertex   -2.657425e+01 3.942356e+00 -1.760070e+01
      vertex   -2.629405e+01 3.985554e+00 -1.725000e+01
      vertex   -2.628360e+01 3.985554e+00 -1.758242e+01
    endloop
  endfacet
  facet normal -1.461498e-01 9.891660e-01 -1.381523e-02
    outer loop
      vertex   -2.657425e+01 3.942356e+00 -1.760070e+01
      vertex   -2.628360e+01 3.985554e+00 -1.758242e+01
      vertex   -2.654123e+01 3.942356e+00 -1.795002e+01
    endloop
  endfacet
  facet normal -1.461498e-01 9.891660e-01 -1.381523e-02
    outer loop
      vertex   -2.654123e+01 3.942356e+00 -1.795002e+01
      vertex   -2.628360e+01 3.985554e+00 -1.758242e+01
      vertex   -2.625231e+01 3.985554e+00 -1.791352e+01
    endloop
  endfacet
  facet normal -1.449940e-01 9.891660e-01 -2.296479e-02
    outer loop
      vertex   -2.654123e+01 3.942356e+00 -1.795002e+01
      vertex   -2.625231e+01 3.985554e+00 -1.791352e+01
      vertex   -2.648634e+01 3.942356e+00 -1.829658e+01
    endloop
  endfacet
  facet normal -1.449940e-01 9.891660e-01 -2.296479e-02
    outer loop
      vertex   -2.648634e+01 3.942356e+00 -1.829658e+01
      vertex   -2.625231e+01 3.985554e+00 -1.791352e+01
      vertex   -2.620028e+01 3.985554e+00 -1.824201e+01
    endloop
  endfacet
  facet normal -1.432659e-01 9.891660e-01 -3.202372e-02
    outer loop
      vertex   -2.648634e+01 3.942356e+00 -1.829658e+01
      vertex   -2.620028e+01 3.985554e+00 -1.824201e+01
      vertex   -2.640980e+01 3.942356e+00 -1.863900e+01
    endloop
  endfacet
  facet normal -1.432659e-01 9.891660e-01 -3.202372e-02
    outer loop
      vertex   -2.640980e+01 3.942356e+00 -1.863900e+01
      vertex   -2.620028e+01 3.985554e+00 -1.824201e+01
      vertex   -2.612773e+01 3.985554e+00 -1.856658e+01
    endloop
  endfacet
  facet normal -1.409724e-01 9.891660e-01 -4.095627e-02
    outer loop
      vertex   -2.640980e+01 3.942356e+00 -1.863900e+01
      vertex   -2.612773e+01 3.985554e+00 -1.856658e+01
      vertex   -2.631191e+01 3.942356e+00 -1.897594e+01
    endloop
  endfacet
  facet normal -1.409724e-01 9.891660e-01 -4.095627e-02
    outer loop
      vertex   -2.631191e+01 3.942356e+00 -1.897594e+01
      vertex   -2.612773e+01 3.985554e+00 -1.856658e+01
      vertex   -2.603494e+01 3.985554e+00 -1.888595e+01
    endloop
  endfacet
  facet normal -1.381226e-01 9.891660e-01 -4.972718e-02
    outer loop
      vertex   -2.631191e+01 3.942356e+00 -1.897594e+01
      vertex   -2.603494e+01 3.985554e+00 -1.888595e+01
      vertex   -2.619305e+01 3.942356e+00 -1.930608e+01
    endloop
  endfacet
  facet normal -1.381226e-01 9.891660e-01 -4.972718e-02
    outer loop
      vertex   -2.619305e+01 3.942356e+00 -1.930608e+01
      vertex   -2.603494e+01 3.985554e+00 -1.888595e+01
      vertex   -2.592228e+01 3.985554e+00 -1.919887e+01
    endloop
  endfacet
  facet normal -1.347276e-01 9.891660e-01 -5.830185e-02
    outer loop
      vertex   -2.619305e+01 3.942356e+00 -1.930608e+01
      vertex   -2.592228e+01 3.985554e+00 -1.919887e+01
      vertex   -2.605370e+01 3.942356e+00 -1.962809e+01
    endloop
  endfacet
  facet normal -1.347276e-01 9.891660e-01 -5.830185e-02
    outer loop
      vertex   -2.605370e+01 3.942356e+00 -1.962809e+01
      vertex   -2.592228e+01 3.985554e+00 -1.919887e+01
      vertex   -2.579020e+01 3.985554e+00 -1.950410e+01
    endloop
  endfacet
  facet normal -1.308010e-01 9.891660e-01 -6.664642e-02
    outer loop
      vertex   -2.605370e+01 3.942356e+00 -1.962809e+01
      vertex   -2.579020e+01 3.985554e+00 -1.950410e+01
      vertex   -2.589441e+01 3.942356e+00 -1.994072e+01
    endloop
  endfacet
  facet normal -1.308010e-01 9.891660e-01 -6.664642e-02
    outer loop
      vertex   -2.589441e+01 3.942356e+00 -1.994072e+01
      vertex   -2.579020e+01 3.985554e+00 -1.950410e+01
      vertex   -2.563921e+01 3.985554e+00 -1.980043e+01
    endloop
  endfacet
  facet normal -1.263581e-01 9.891660e-01 -7.472797e-02
    outer loop
      vertex   -2.589441e+01 3.942356e+00 -1.994072e+01
      vertex   -2.563921e+01 3.985554e+00 -1.980043e+01
      vertex   -2.571580e+01 3.942356e+00 -2.024274e+01
    endloop
  endfacet
  facet normal -1.263581e-01 9.891660e-01 -7.472797e-02
    outer loop
      vertex   -2.571580e+01 3.942356e+00 -2.024274e+01
      vertex   -2.563921e+01 3.985554e+00 -1.980043e+01
      vertex   -2.546992e+01 3.985554e+00 -2.008669e+01
    endloop
  endfacet
  facet normal -1.214165e-01 9.891660e-01 -8.251460e-02
    outer loop
      vertex   -2.571580e+01 3.942356e+00 -2.024274e+01
      vertex   -2.546992e+01 3.985554e+00 -2.008669e+01
      vertex   -2.551858e+01 3.942356e+00 -2.053294e+01
    endloop
  endfacet
  facet normal -1.214165e-01 9.891660e-01 -8.251460e-02
    outer loop
      vertex   -2.551858e+01 3.942356e+00 -2.053294e+01
      vertex   -2.546992e+01 3.985554e+00 -2.008669e+01
      vertex   -2.528298e+01 3.985554e+00 -2.036177e+01
    endloop
  endfacet
  facet normal -1.159958e-01 9.891660e-01 -8.997558e-02
    outer loop
      vertex   -2.551858e+01 3.942356e+00 -2.053294e+01
      vertex   -2.528298e+01 3.985554e+00 -2.036177e+01
      vertex   -2.530353e+01 3.942356e+00 -2.081019e+01
    endloop
  endfacet
  facet normal -1.159958e-01 9.891660e-01 -8.997558e-02
    outer loop
      vertex   -2.530353e+01 3.942356e+00 -2.081019e+01
      vertex   -2.528298e+01 3.985554e+00 -2.036177e+01
      vertex   -2.507914e+01 3.985554e+00 -2.062456e+01
    endloop
  endfacet
  facet normal -1.101173e-01 9.891660e-01 -9.708148e-02
    outer loop
      vertex   -2.530353e+01 3.942356e+00 -2.081019e+01
      vertex   -2.507914e+01 3.985554e+00 -2.062456e+01
      vertex   -2.507149e+01 3.942356e+00 -2.107338e+01
    endloop
  endfacet
  facet normal -1.101173e-01 9.891660e-01 -9.708148e-02
    outer loop
      vertex   -2.507149e+01 3.942356e+00 -2.107338e+01
      vertex   -2.507914e+01 3.985554e+00 -2.062456e+01
      vertex   -2.485920e+01 3.985554e+00 -2.087403e+01
    endloop
  endfacet
  facet normal -1.038042e-01 9.891660e-01 -1.038042e-01
    outer loop
      vertex   -2.507149e+01 3.942356e+00 -2.107338e+01
      vertex   -2.485920e+01 3.985554e+00 -2.087403e+01
      vertex   -2.482338e+01 3.942356e+00 -2.132149e+01
    endloop
  endfacet
  facet normal -1.038042e-01 9.891660e-01 -1.038042e-01
    outer loop
      vertex   -2.482338e+01 3.942356e+00 -2.132149e+01
      vertex   -2.485920e+01 3.985554e+00 -2.087403e+01
      vertex   -2.462403e+01 3.985554e+00 -2.110920e+01
    endloop
  endfacet
  facet normal -9.708148e-02 9.891660e-01 -1.101173e-01
    outer loop
      vertex   -2.482338e+01 3.942356e+00 -2.132149e+01
      vertex   -2.462403e+01 3.985554e+00 -2.110920e+01
      vertex   -2.456019e+01 3.942356e+00 -2.155353e+01
    endloop
  endfacet
  facet normal -9.708148e-02 9.891660e-01 -1.101173e-01
    outer loop
      vertex   -2.456019e+01 3.942356e+00 -2.155353e+01
      vertex   -2.462403e+01 3.985554e+00 -2.110920e+01
      vertex   -2.437456e+01 3.985554e+00 -2.132914e+01
    endloop
  endfacet
  facet normal -8.997558e-02 9.891660e-01 -1.159958e-01
    outer loop
      vertex   -2.456019e+01 3.942356e+00 -2.155353e+01
      vertex   -2.437456e+01 3.985554e+00 -2.132914e+01
      vertex   -2.428294e+01 3.942356e+00 -2.176858e+01
    endloop
  endfacet
  facet normal -8.997558e-02 9.891660e-01 -1.159958e-01
    outer loop
      vertex   -2.428294e+01 3.942356e+00 -2.176858e+01
      vertex   -2.437456e+01 3.985554e+00 -2.132914e+01
      vertex   -2.411177e+01 3.985554e+00 -2.153298e+01
    endloop
  endfacet
  facet normal -8.251460e-02 9.891660e-01 -1.214165e-01
    outer loop
      vertex   -2.428294e+01 3.942356e+00 -2.176858e+01
      vertex   -2.411177e+01 3.985554e+00 -2.153298e+01
      vertex   -2.399274e+01 3.942356e+00 -2.196580e+01
    endloop
  endfacet
  facet normal -8.251460e-02 9.891660e-01 -1.214165e-01
    outer loop
      vertex   -2.399274e+01 3.942356e+00 -2.196580e+01
      vertex   -2.411177e+01 3.985554e+00 -2.153298e+01
      vertex   -2.383669e+01 3.985554e+00 -2.171992e+01
    endloop
  endfacet
  facet normal -7.472797e-02 9.891660e-01 -1.263581e-01
    outer loop
      vertex   -2.399274e+01 3.942356e+00 -2.196580e+01
      vertex   -2.383669e+01 3.985554e+00 -2.171992e+01
      vertex   -2.369072e+01 3.942356e+00 -2.214441e+01
    endloop
  endfacet
  facet normal -7.472797e-02 9.891660e-01 -1.263581e-01
    outer loop
      vertex   -2.369072e+01 3.942356e+00 -2.214441e+01
      vertex   -2.383669e+01 3.985554e+00 -2.171992e+01
      vertex   -2.355043e+01 3.985554e+00 -2.188921e+01
    endloop
  endfacet
  facet normal -6.664642e-02 9.891660e-01 -1.308010e-01
    outer loop
      vertex   -2.369072e+01 3.942356e+00 -2.214441e+01
      vertex   -2.355043e+01 3.985554e+00 -2.188921e+01
      vertex   -2.337809e+01 3.942356e+00 -2.230370e+01
    endloop
  endfacet
  facet normal -6.664642e-02 9.891660e-01 -1.308010e-01
    outer loop
      vertex   -2.337809e+01 3.942356e+00 -2.230370e+01
      vertex   -2.355043e+01 3.985554e+00 -2.188921e+01
      vertex   -2.325410e+01 3.985554e+00 -2.204020e+01
    endloop
  endfacet
  facet normal -5.830185e-02 9.891660e-01 -1.347276e-01
    outer loop
      vertex   -2.337809e+01 3.942356e+00 -2.230370e+01
      vertex   -2.325410e+01 3.985554e+00 -2.204020e+01
      vertex   -2.305608e+01 3.942356e+00 -2.244305e+01
    endloop
  endfacet
  facet normal -5.830185e-02 9.891660e-01 -1.347276e-01
    outer loop
      vertex   -2.305608e+01 3.942356e+00 -2.244305e+01
      vertex   -2.325410e+01 3.985554e+00 -2.204020e+01
      vertex   -2.294887e+01 3.985554e+00 -2.217228e+01
    endloop
  endfacet
  facet normal -4.972718e-02 9.891660e-01 -1.381226e-01
    outer loop
      vertex   -2.305608e+01 3.942356e+00 -2.244305e+01
      vertex   -2.294887e+01 3.985554e+00 -2.217228e+01
      vertex   -2.272594e+01 3.942356e+00 -2.256191e+01
    endloop
  endfacet
  facet normal -4.972718e-02 9.891660e-01 -1.381226e-01
    outer loop
      vertex   -2.272594e+01 3.942356e+00 -2.256191e+01
      vertex   -2.294887e+01 3.985554e+00 -2.217228e+01
      vertex   -2.263595e+01 3.985554e+00 -2.228494e+01
    endloop
  endfacet
  facet normal -4.095627e-02 9.891660e-01 -1.409724e-01
    outer loop
      vertex   -2.272594e+01 3.942356e+00 -2.256191e+01
      vertex   -2.263595e+01 3.985554e+00 -2.228494e+01
      vertex   -2.238900e+01 3.942356e+00 -2.265980e+01
    endloop
  endfacet
  facet normal -4.095627e-02 9.891660e-01 -1.409724e-01
    outer loop
      vertex   -2.238900e+01 3.942356e+00 -2.265980e+01
      vertex   -2.263595e+01 3.985554e+00 -2.228494e+01
      vertex   -2.231658e+01 3.985554e+00 -2.237773e+01
    endloop
  endfacet
  facet normal -3.202372e-02 9.891660e-01 -1.432659e-01
    outer loop
      vertex   -2.238900e+01 3.942356e+00 -2.265980e+01
      vertex   -2.231658e+01 3.985554e+00 -2.237773e+01
      vertex   -2.204658e+01 3.942356e+00 -2.273634e+01
    endloop
  endfacet
  facet normal -3.202372e-02 9.891660e-01 -1.432659e-01
    outer loop
      vertex   -2.204658e+01 3.942356e+00 -2.273634e+01
      vertex   -2.231658e+01 3.985554e+00 -2.237773e+01
      vertex   -2.199201e+01 3.985554e+00 -2.245028e+01
    endloop
  endfacet
  facet normal -2.296479e-02 9.891660e-01 -1.449940e-01
    outer loop
      vertex   -2.204658e+01 3.942356e+00 -2.273634e+01
      vertex   -2.199201e+01 3.985554e+00 -2.245028e+01
      vertex   -2.170002e+01 3.942356e+00 -2.279123e+01
    endloop
  endfacet
  facet normal -2.296479e-02 9.891660e-01 -1.449940e-01
    outer loop
      vertex   -2.170002e+01 3.942356e+00 -2.279123e+01
      vertex   -2.199201e+01 3.985554e+00 -2.245028e+01
      vertex   -2.166352e+01 3.985554e+00 -2.250231e+01
    endloop
  endfacet
  facet normal -1.381523e-02 9.891660e-01 -1.461498e-01
    outer loop
      vertex   -2.170002e+01 3.942356e+00 -2.279123e+01
      vertex   -2.166352e+01 3.985554e+00 -2.250231e+01
      vertex   -2.135070e+01 3.942356e+00 -2.282425e+01
    endloop
  endfacet
  facet normal -1.381523e-02 9.891660e-01 -1.461498e-01
    outer loop
      vertex   -2.135070e+01 3.942356e+00 -2.282425e+01
      vertex   -2.166352e+01 3.985554e+00 -2.250231e+01
      vertex   -2.133242e+01 3.985554e+00 -2.253360e+01
    endloop
  endfacet
  facet normal -4.906762e-02 9.987943e-01 -1.542012e-03
    outer loop
      vertex   -2.629405e+01 3.985554e+00 -1.725000e+01
      vertex   -2.600000e+01 4.000000e+00 -1.725000e+01
      vertex   -2.628360e+01 3.985554e+00 -1.758242e+01
    endloop
  endfacet
  facet normal -4.863625e-02 9.988147e-01 -1.910924e-03
    outer loop
      vertex   -2.628360e+01 3.985554e+00 -1.758242e+01
      vertex   -2.600000e+01 4.000000e+00 -1.725000e+01
      vertex   -2.598459e+01 4.000000e+00 -1.764230e+01
    endloop
  endfacet
  facet normal -4.918286e-02 9.987790e-01 -4.649149e-03
    outer loop
      vertex   -2.628360e+01 3.985554e+00 -1.758242e+01
      vertex   -2.598459e+01 4.000000e+00 -1.764230e+01
      vertex   -2.625231e+01 3.985554e+00 -1.791352e+01
    endloop
  endfacet
  facet normal -4.812484e-02 9.988251e-01 -5.695951e-03
    outer loop
      vertex   -2.625231e+01 3.985554e+00 -1.791352e+01
      vertex   -2.598459e+01 4.000000e+00 -1.764230e+01
      vertex   -2.593844e+01 4.000000e+00 -1.803217e+01
    endloop
  endfacet
  facet normal -4.889691e-02 9.987738e-01 -7.744510e-03
    outer loop
      vertex   -2.625231e+01 3.985554e+00 -1.791352e+01
      vertex   -2.593844e+01 4.000000e+00 -1.803217e+01
      vertex   -2.620028e+01 3.985554e+00 -1.824201e+01
    endloop
  endfacet
  facet normal -4.752959e-02 9.988251e-01 -9.454224e-03
    outer loop
      vertex   -2.620028e+01 3.985554e+00 -1.824201e+01
      vertex   -2.593844e+01 4.000000e+00 -1.803217e+01
      vertex   -2.586185e+01 4.000000e+00 -1.841723e+01
    endloop
  endfacet
  facet normal -4.821235e-02 9.987790e-01 -1.077674e-02
    outer loop
      vertex   -2.620028e+01 3.985554e+00 -1.824201e+01
      vertex   -2.586185e+01 4.000000e+00 -1.841723e+01
      vertex   -2.612773e+01 3.985554e+00 -1.856658e+01
    endloop
  endfacet
  facet normal -4.684633e-02 9.988147e-01 -1.321203e-02
    outer loop
      vertex   -2.612773e+01 3.985554e+00 -1.856658e+01
      vertex   -2.586185e+01 4.000000e+00 -1.841723e+01
      vertex   -2.575528e+01 4.000000e+00 -1.879508e+01
    endloop
  endfacet
  facet normal -4.714258e-02 9.987943e-01 -1.369619e-02
    outer loop
      vertex   -2.612773e+01 3.985554e+00 -1.856658e+01
      vertex   -2.575528e+01 4.000000e+00 -1.879508e+01
      vertex   -2.603494e+01 3.985554e+00 -1.888595e+01
    endloop
  endfacet
  facet normal -4.618957e-02 9.987943e-01 -1.662927e-02
    outer loop
      vertex   -2.603494e+01 3.985554e+00 -1.888595e+01
      vertex   -2.575528e+01 4.000000e+00 -1.879508e+01
      vertex   -2.592228e+01 3.985554e+00 -1.919887e+01
    endloop
  endfacet
  facet normal -4.566532e-02 9.988147e-01 -1.684683e-02
    outer loop
      vertex   -2.575528e+01 4.000000e+00 -1.879508e+01
      vertex   -2.561940e+01 4.000000e+00 -1.916342e+01
      vertex   -2.592228e+01 3.985554e+00 -1.919887e+01
    endloop
  endfacet
  facet normal -4.533902e-02 9.987790e-01 -1.961994e-02
    outer loop
      vertex   -2.592228e+01 3.985554e+00 -1.919887e+01
      vertex   -2.561940e+01 4.000000e+00 -1.916342e+01
      vertex   -2.579020e+01 3.985554e+00 -1.950410e+01
    endloop
  endfacet
  facet normal -4.400930e-02 9.988251e-01 -2.028857e-02
    outer loop
      vertex   -2.561940e+01 4.000000e+00 -1.916342e+01
      vertex   -2.545503e+01 4.000000e+00 -1.951995e+01
      vertex   -2.579020e+01 3.985554e+00 -1.950410e+01
    endloop
  endfacet
  facet normal -4.411054e-02 9.987738e-01 -2.247544e-02
    outer loop
      vertex   -2.579020e+01 3.985554e+00 -1.950410e+01
      vertex   -2.545503e+01 4.000000e+00 -1.951995e+01
      vertex   -2.563921e+01 3.985554e+00 -1.980043e+01
    endloop
  endfacet
  facet normal -4.228181e-02 9.988251e-01 -2.367895e-02
    outer loop
      vertex   -2.545503e+01 4.000000e+00 -1.951995e+01
      vertex   -2.526320e+01 4.000000e+00 -1.986249e+01
      vertex   -2.563921e+01 3.985554e+00 -1.980043e+01
    endloop
  endfacet
  facet normal -4.252247e-02 9.987790e-01 -2.514772e-02
    outer loop
      vertex   -2.563921e+01 3.985554e+00 -1.980043e+01
      vertex   -2.526320e+01 4.000000e+00 -1.986249e+01
      vertex   -2.546992e+01 3.985554e+00 -2.008669e+01
    endloop
  endfacet
  facet normal -4.047077e-02 9.988147e-01 -2.704170e-02
    outer loop
      vertex   -2.526320e+01 4.000000e+00 -1.986249e+01
      vertex   -2.504508e+01 4.000000e+00 -2.018893e+01
      vertex   -2.546992e+01 3.985554e+00 -2.008669e+01
    endloop
  endfacet
  facet normal -4.060291e-02 9.987943e-01 -2.759371e-02
    outer loop
      vertex   -2.546992e+01 3.985554e+00 -2.008669e+01
      vertex   -2.504508e+01 4.000000e+00 -2.018893e+01
      vertex   -2.528298e+01 3.985554e+00 -2.036177e+01
    endloop
  endfacet
  facet normal -3.879016e-02 9.987943e-01 -3.008873e-02
    outer loop
      vertex   -2.528298e+01 3.985554e+00 -2.036177e+01
      vertex   -2.504508e+01 4.000000e+00 -2.018893e+01
      vertex   -2.507914e+01 3.985554e+00 -2.062456e+01
    endloop
  endfacet
  facet normal -3.822434e-02 9.988147e-01 -3.013364e-02
    outer loop
      vertex   -2.507914e+01 3.985554e+00 -2.062456e+01
      vertex   -2.504508e+01 4.000000e+00 -2.018893e+01
      vertex   -2.480203e+01 4.000000e+00 -2.049724e+01
    endloop
  endfacet
  facet normal -3.705707e-02 9.987790e-01 -3.267020e-02
    outer loop
      vertex   -2.507914e+01 3.985554e+00 -2.062456e+01
      vertex   -2.480203e+01 4.000000e+00 -2.049724e+01
      vertex   -2.485920e+01 3.985554e+00 -2.087403e+01
    endloop
  endfacet
  facet normal -3.558582e-02 9.988251e-01 -3.289519e-02
    outer loop
      vertex   -2.485920e+01 3.985554e+00 -2.087403e+01
      vertex   -2.480203e+01 4.000000e+00 -2.049724e+01
      vertex   -2.453553e+01 4.000000e+00 -2.078553e+01
    endloop
  endfacet
  facet normal -3.500632e-02 9.987738e-01 -3.500632e-02
    outer loop
      vertex   -2.485920e+01 3.985554e+00 -2.087403e+01
      vertex   -2.453553e+01 4.000000e+00 -2.078553e+01
      vertex   -2.462403e+01 3.985554e+00 -2.110920e+01
    endloop
  endfacet
  facet normal -3.289519e-02 9.988251e-01 -3.558582e-02
    outer loop
      vertex   -2.462403e+01 3.985554e+00 -2.110920e+01
      vertex   -2.453553e+01 4.000000e+00 -2.078553e+01
      vertex   -2.424724e+01 4.000000e+00 -2.105203e+01
    endloop
  endfacet
  facet normal -3.267020e-02 9.987790e-01 -3.705707e-02
    outer loop
      vertex   -2.462403e+01 3.985554e+00 -2.110920e+01
      vertex   -2.424724e+01 4.000000e+00 -2.105203e+01
      vertex   -2.437456e+01 3.985554e+00 -2.132914e+01
    endloop
  endfacet
  facet normal -3.013364e-02 9.988147e-01 -3.822434e-02
    outer loop
      vertex   -2.437456e+01 3.985554e+00 -2.132914e+01
      vertex   -2.424724e+01 4.000000e+00 -2.105203e+01
      vertex   -2.393893e+01 4.000000e+00 -2.129508e+01
    endloop
  endfacet
  facet normal -3.008873e-02 9.987943e-01 -3.879016e-02
    outer loop
      vertex   -2.437456e+01 3.985554e+00 -2.132914e+01
      vertex   -2.393893e+01 4.000000e+00 -2.129508e+01
      vertex   -2.411177e+01 3.985554e+00 -2.153298e+01
    endloop
  endfacet
  facet normal -2.759371e-02 9.987943e-01 -4.060291e-02
    outer loop
      vertex   -2.411177e+01 3.985554e+00 -2.153298e+01
      vertex   -2.393893e+01 4.000000e+00 -2.129508e+01
      vertex   -2.383669e+01 3.985554e+00 -2.171992e+01
    endloop
  endfacet
  facet normal -2.704170e-02 9.988147e-01 -4.047077e-02
    outer loop
      vertex   -2.393893e+01 4.000000e+00 -2.129508e+01
      vertex   -2.361249e+01 4.000000e+00 -2.151320e+01
      vertex   -2.383669e+01 3.985554e+00 -2.171992e+01
    endloop
  endfacet
  facet normal -2.514772e-02 9.987790e-01 -4.252247e-02
    outer loop
      vertex   -2.383669e+01 3.985554e+00 -2.171992e+01
      vertex   -2.361249e+01 4.000000e+00 -2.151320e+01
      vertex   -2.355043e+01 3.985554e+00 -2.188921e+01
    endloop
  endfacet
  facet normal -2.367895e-02 9.988251e-01 -4.228181e-02
    outer loop
      vertex   -2.361249e+01 4.000000e+00 -2.151320e+01
      vertex   -2.326995e+01 4.000000e+00 -2.170503e+01
      vertex   -2.355043e+01 3.985554e+00 -2.188921e+01
    endloop
  endfacet
  facet normal -2.247544e-02 9.987738e-01 -4.411054e-02
    outer loop
      vertex   -2.355043e+01 3.985554e+00 -2.188921e+01
      vertex   -2.326995e+01 4.000000e+00 -2.170503e+01
      vertex   -2.325410e+01 3.985554e+00 -2.204020e+01
    endloop
  endfacet
  facet normal -2.028857e-02 9.988251e-01 -4.400930e-02
    outer loop
      vertex   -2.326995e+01 4.000000e+00 -2.170503e+01
      vertex   -2.291342e+01 4.000000e+00 -2.186940e+01
      vertex   -2.325410e+01 3.985554e+00 -2.204020e+01
    endloop
  endfacet
  facet normal -1.961994e-02 9.987790e-01 -4.533902e-02
    outer loop
      vertex   -2.325410e+01 3.985554e+00 -2.204020e+01
      vertex   -2.291342e+01 4.000000e+00 -2.186940e+01
      vertex   -2.294887e+01 3.985554e+00 -2.217228e+01
    endloop
  endfacet
  facet normal -1.684683e-02 9.988147e-01 -4.566532e-02
    outer loop
      vertex   -2.291342e+01 4.000000e+00 -2.186940e+01
      vertex   -2.254508e+01 4.000000e+00 -2.200528e+01
      vertex   -2.294887e+01 3.985554e+00 -2.217228e+01
    endloop
  endfacet
  facet normal -1.662927e-02 9.987943e-01 -4.618957e-02
    outer loop
      vertex   -2.294887e+01 3.985554e+00 -2.217228e+01
      vertex   -2.254508e+01 4.000000e+00 -2.200528e+01
      vertex   -2.263595e+01 3.985554e+00 -2.228494e+01
    endloop
  endfacet
  facet normal -1.369619e-02 9.987943e-01 -4.714258e-02
    outer loop
      vertex   -2.263595e+01 3.985554e+00 -2.228494e+01
      vertex   -2.254508e+01 4.000000e+00 -2.200528e+01
      vertex   -2.231658e+01 3.985554e+00 -2.237773e+01
    endloop
  endfacet
  facet normal -1.321203e-02 9.988147e-01 -4.684633e-02
    outer loop
      vertex   -2.231658e+01 3.985554e+00 -2.237773e+01
      vertex   -2.254508e+01 4.000000e+00 -2.200528e+01
      vertex   -2.216723e+01 4.000000e+00 -2.211185e+01
    endloop
  endfacet
  facet normal -1.077674e-02 9.987790e-01 -4.821235e-02
    outer loop
      vertex   -2.231658e+01 3.985554e+00 -2.237773e+01
      vertex   -2.216723e+01 4.000000e+00 -2.211185e+01
      vertex   -2.199201e+01 3.985554e+00 -2.245028e+01
    endloop
  endfacet
  facet normal -9.454224e-03 9.988251e-01 -4.752959e-02
    outer loop
      vertex   -2.199201e+01 3.985554e+00 -2.245028e+01
      vertex   -2.216723e+01 4.000000e+00 -2.211185e+01
      vertex   -2.178217e+01 4.000000e+00 -2.218844e+01
    endloop
  endfacet
  facet normal -7.744510e-03 9.987738e-01 -4.889691e-02
    outer loop
      vertex   -2.199201e+01 3.985554e+00 -2.245028e+01
      vertex   -2.178217e+01 4.000000e+00 -2.218844e+01
      vertex   -2.166352e+01 3.985554e+00 -2.250231e+01
    endloop
  endfacet
  facet normal -5.695951e-03 9.988251e-01 -4.812484e-02
    outer loop
      vertex   -2.166352e+01 3.985554e+00 -2.250231e+01
      vertex   -2.178217e+01 4.000000e+00 -2.218844e+01
      vertex   -2.139230e+01 4.000000e+00 -2.223459e+01
    endloop
  endfacet
  facet normal -4.649149e-03 9.987790e-01 -4.918286e-02
    outer loop
      vertex   -2.166352e+01 3.985554e+00 -2.250231e+01
      vertex   -2.139230e+01 4.000000e+00 -2.223459e+01
      vertex   -2.133242e+01 3.985554e+00 -2.253360e+01
    endloop
  endfacet
  facet normal -4.906767e-02 9.987955e-01 2.035362e-16
    outer loop
      vertex   -2.629405e+01 3.985554e+00 -1.725000e+01
      vertex   -2.629405e+01 3.985554e+00 -1.117857e+01
      vertex   -2.600000e+01 4.000000e+00 -1.725000e+01
    endloop
  endfacet
  facet normal -4.906767e-02 9.987955e-01 0.000000e+00
    outer loop
      vertex   -2.600000e+01 4.000000e+00 -1.725000e+01
      vertex   -2.629405e+01 3.985554e+00 -1.117857e+01
      vertex   -2.629405e+01 3.985554e+00 -5.107143e+00
    endloop
  endfacet
  facet normal -4.906767e-02 9.987955e-01 -1.460593e-16
    outer loop
      vertex   -2.600000e+01 4.000000e+00 -1.725000e+01
      vertex   -2.629405e+01 3.985554e+00 -5.107143e+00
      vertex   -2.629405e+01 3.985554e+00 9.642857e-01
    endloop
  endfacet
  facet normal -1.467305e-01 9.891765e-01 -1.447049e-16
    outer loop
      vertex   -2.629405e+01 3.985554e+00 9.642857e-01
      vertex   -2.629405e+01 3.985554e+00 -5.107143e+00
      vertex   -2.658527e+01 3.942356e+00 9.642857e-01
    endloop
  endfacet
  facet normal -1.467305e-01 9.891765e-01 8.540343e-17
    outer loop
      vertex   -2.629405e+01 3.985554e+00 9.642857e-01
      vertex   -2.658527e+01 3.942356e+00 9.642857e-01
      vertex   -2.658527e+01 3.942356e+00 7.035714e+00
    endloop
  endfacet
  facet normal -2.429802e-01 9.700313e-01 1.421805e-16
    outer loop
      vertex   -2.658527e+01 3.942356e+00 7.035714e+00
      vertex   -2.658527e+01 3.942356e+00 9.642857e-01
      vertex   -2.687085e+01 3.870821e+00 7.035714e+00
    endloop
  endfacet
  facet normal -2.429802e-01 9.700313e-01 0.000000e+00
    outer loop
      vertex   -2.658527e+01 3.942356e+00 7.035714e+00
      vertex   -2.687085e+01 3.870821e+00 7.035714e+00
      vertex   -2.687085e+01 3.870821e+00 1.310714e+01
    endloop
  endfacet
  facet normal -3.368899e-01 9.415441e-01 0.000000e+00
    outer loop
      vertex   -2.687085e+01 3.870821e+00 1.310714e+01
      vertex   -2.687085e+01 3.870821e+00 7.035714e+00
      vertex   -2.714805e+01 3.771639e+00 1.310714e+01
    endloop
  endfacet
  facet normal -3.368899e-01 9.415441e-01 1.979807e-16
    outer loop
      vertex   -2.687085e+01 3.870821e+00 1.310714e+01
      vertex   -2.714805e+01 3.771639e+00 1.310714e+01
      vertex   -2.714805e+01 3.771639e+00 1.917857e+01
    endloop
  endfacet
  facet normal -4.275551e-01 9.039893e-01 2.501851e-16
    outer loop
      vertex   -2.714805e+01 3.771639e+00 1.917857e+01
      vertex   -2.714805e+01 3.771639e+00 1.310714e+01
      vertex   -2.741419e+01 3.645764e+00 1.917857e+01
    endloop
  endfacet
  facet normal -4.275549e-01 9.039890e-01 -8.299385e-04
    outer loop
      vertex   -2.714805e+01 3.771639e+00 1.917857e+01
      vertex   -2.741419e+01 3.645764e+00 1.917857e+01
      vertex   -2.728267e+01 3.711968e+00 2.353267e+01
    endloop
  endfacet
  facet normal -4.496113e-01 8.932243e-01 0.000000e+00
    outer loop
      vertex   -2.728267e+01 3.711968e+00 2.353267e+01
      vertex   -2.741419e+01 3.645764e+00 1.917857e+01
      vertex   -2.741419e+01 3.645764e+00 2.366419e+01
    endloop
  endfacet
  facet normal -4.928982e-01 8.700870e-01 0.000000e+00
    outer loop
      vertex   -2.741419e+01 3.645764e+00 2.366419e+01
      vertex   -2.741419e+01 3.645764e+00 1.917857e+01
      vertex   -2.754231e+01 3.573186e+00 2.379231e+01
    endloop
  endfacet
  facet normal -5.141026e-01 8.577283e-01 -7.832329e-04
    outer loop
      vertex   -2.754231e+01 3.573186e+00 2.379231e+01
      vertex   -2.741419e+01 3.645764e+00 1.917857e+01
      vertex   -2.766671e+01 3.494409e+00 1.917857e+01
    endloop
  endfacet
  facet normal -5.349976e-01 8.448536e-01 1.591310e-16
    outer loop
      vertex   -2.754231e+01 3.573186e+00 2.379231e+01
      vertex   -2.766671e+01 3.494409e+00 1.917857e+01
      vertex   -2.766671e+01 3.494409e+00 2.391671e+01
    endloop
  endfacet
  facet normal -5.758082e-01 8.175848e-01 1.532587e-16
    outer loop
      vertex   -2.766671e+01 3.494409e+00 2.391671e+01
      vertex   -2.766671e+01 3.494409e+00 1.917857e+01
      vertex   -2.778710e+01 3.409623e+00 2.403710e+01
    endloop
  endfacet
  facet normal -5.956991e-01 8.032073e-01 -7.437709e-04
    outer loop
      vertex   -2.778710e+01 3.409623e+00 2.403710e+01
      vertex   -2.766671e+01 3.494409e+00 1.917857e+01
      vertex   -2.790318e+01 3.319031e+00 1.917857e+01
    endloop
  endfacet
  facet normal -6.152316e-01 7.883464e-01 2.107724e-16
    outer loop
      vertex   -2.778710e+01 3.409623e+00 2.403710e+01
      vertex   -2.790318e+01 3.319031e+00 1.917857e+01
      vertex   -2.790318e+01 3.319031e+00 2.415318e+01
    endloop
  endfacet
  facet normal -6.531728e-01 7.572088e-01 2.027908e-16
    outer loop
      vertex   -2.790318e+01 3.319031e+00 2.415318e+01
      vertex   -2.790318e+01 3.319031e+00 1.917857e+01
      vertex   -2.801468e+01 3.222853e+00 2.426468e+01
    endloop
  endfacet
  facet normal -6.715588e-01 7.409509e-01 -7.104907e-04
    outer loop
      vertex   -2.801468e+01 3.222853e+00 2.426468e+01
      vertex   -2.790318e+01 3.319031e+00 1.917857e+01
      vertex   -2.812132e+01 3.121320e+00 1.917857e+01
    endloop
  endfacet
  facet normal -6.895405e-01 7.242471e-01 1.438383e-15
    outer loop
      vertex   -2.801468e+01 3.222853e+00 2.426468e+01
      vertex   -2.812132e+01 3.121320e+00 1.917857e+01
      vertex   -2.812132e+01 3.121320e+00 2.437132e+01
    endloop
  endfacet
  facet normal -7.242471e-01 6.895405e-01 1.462775e-15
    outer loop
      vertex   -2.812132e+01 3.121320e+00 2.437132e+01
      vertex   -2.812132e+01 3.121320e+00 1.917857e+01
      vertex   -2.822285e+01 3.014677e+00 2.447285e+01
    endloop
  endfacet
  facet normal -7.409510e-01 6.715588e-01 -6.825535e-04
    outer loop
      vertex   -2.822285e+01 3.014677e+00 2.447285e+01
      vertex   -2.812132e+01 3.121320e+00 1.917857e+01
      vertex   -2.831903e+01 2.903180e+00 1.917857e+01
    endloop
  endfacet
  facet normal -7.572088e-01 6.531728e-01 1.038127e-15
    outer loop
      vertex   -2.822285e+01 3.014677e+00 2.447285e+01
      vertex   -2.831903e+01 2.903180e+00 1.917857e+01
      vertex   -2.831903e+01 2.903180e+00 2.456903e+01
    endloop
  endfacet
  facet normal -7.883464e-01 6.152316e-01 1.026433e-15
    outer loop
      vertex   -2.831903e+01 2.903180e+00 2.456903e+01
      vertex   -2.831903e+01 2.903180e+00 1.917857e+01
      vertex   -2.840962e+01 2.787098e+00 2.465962e+01
    endloop
  endfacet
  facet normal -8.032074e-01 5.956992e-01 -6.592952e-04
    outer loop
      vertex   -2.840962e+01 2.787098e+00 2.465962e+01
      vertex   -2.831903e+01 2.903180e+00 1.917857e+01
      vertex   -2.849441e+01 2.666711e+00 1.917857e+01
    endloop
  endfacet
  facet normal -8.175848e-01 5.758082e-01 8.424328e-16
    outer loop
      vertex   -2.840962e+01 2.787098e+00 2.465962e+01
      vertex   -2.849441e+01 2.666711e+00 1.917857e+01
      vertex   -2.849441e+01 2.666711e+00 2.474441e+01
    endloop
  endfacet
  facet normal -8.448536e-01 5.349976e-01 8.380822e-16
    outer loop
      vertex   -2.849441e+01 2.666711e+00 2.474441e+01
      vertex   -2.849441e+01 2.666711e+00 1.917857e+01
      vertex   -2.857319e+01 2.542308e+00 2.482319e+01
    endloop
  endfacet
  facet normal -8.577284e-01 5.141026e-01 -6.401909e-04
    outer loop
      vertex   -2.857319e+01 2.542308e+00 2.482319e+01
      vertex   -2.849441e+01 2.666711e+00 1.917857e+01
      vertex   -2.864576e+01 2.414190e+00 1.917857e+01
    endloop
  endfacet
  facet normal -8.700870e-01 4.928982e-01 1.388864e-15
    outer loop
      vertex   -2.857319e+01 2.542308e+00 2.482319e+01
      vertex   -2.864576e+01 2.414190e+00 1.917857e+01
      vertex   -2.864576e+01 2.414190e+00 2.489576e+01
    endloop
  endfacet
  facet normal -8.932243e-01 4.496113e-01 1.389507e-15
    outer loop
      vertex   -2.864576e+01 2.414190e+00 2.489576e+01
      vertex   -2.864576e+01 2.414190e+00 1.917857e+01
      vertex   -2.871197e+01 2.282665e+00 2.496197e+01
    endloop
  endfacet
  facet normal -9.039891e-01 4.275550e-01 -6.248285e-04
    outer loop
      vertex   -2.871197e+01 2.282665e+00 2.496197e+01
      vertex   -2.864576e+01 2.414190e+00 1.917857e+01
      vertex   -2.877164e+01 2.148050e+00 1.917857e+01
    endloop
  endfacet
  facet normal -9.142098e-01 4.052413e-01 9.073072e-17
    outer loop
      vertex   -2.871197e+01 2.282665e+00 2.496197e+01
      vertex   -2.877164e+01 2.148050e+00 1.917857e+01
      vertex   -2.877164e+01 2.148050e+00 2.502164e+01
    endloop
  endfacet
  facet normal -9.329928e-01 3.598950e-01 8.205904e-17
    outer loop
      vertex   -2.877164e+01 2.148050e+00 2.502164e+01
      vertex   -2.877164e+01 2.148050e+00 1.917857e+01
      vertex   -2.882463e+01 2.010670e+00 2.507463e+01
    endloop
  endfacet
  facet normal -9.415439e-01 3.368898e-01 -6.128890e-04
    outer loop
      vertex   -2.882463e+01 2.010670e+00 2.507463e+01
      vertex   -2.877164e+01 2.148050e+00 1.917857e+01
      vertex   -2.887082e+01 1.870854e+00 1.917857e+01
    endloop
  endfacet
  facet normal -9.495282e-01 3.136817e-01 1.060683e-16
    outer loop
      vertex   -2.882463e+01 2.010670e+00 2.507463e+01
      vertex   -2.887082e+01 1.870854e+00 1.917857e+01
      vertex   -2.887082e+01 1.870854e+00 2.512082e+01
    endloop
  endfacet
  facet normal -9.637761e-01 2.667128e-01 8.969653e-17
    outer loop
      vertex   -2.887082e+01 1.870854e+00 2.512082e+01
      vertex   -2.887082e+01 1.870854e+00 1.917857e+01
      vertex   -2.891009e+01 1.728941e+00 2.516009e+01
    endloop
  endfacet
  facet normal -9.700311e-01 2.429801e-01 -6.041323e-04
    outer loop
      vertex   -2.891009e+01 1.728941e+00 2.516009e+01
      vertex   -2.887082e+01 1.870854e+00 1.917857e+01
      vertex   -2.894236e+01 1.585271e+00 1.917857e+01
    endloop
  endfacet
  facet normal -9.757021e-01 2.191012e-01 -1.111734e-15
    outer loop
      vertex   -2.891009e+01 1.728941e+00 2.516009e+01
      vertex   -2.894236e+01 1.585271e+00 1.917857e+01
      vertex   -2.894236e+01 1.585271e+00 2.519236e+01
    endloop
  endfacet
  facet normal -9.852776e-01 1.709619e-01 -1.132567e-15
    outer loop
      vertex   -2.894236e+01 1.585271e+00 2.519236e+01
      vertex   -2.894236e+01 1.585271e+00 1.917857e+01
      vertex   -2.896753e+01 1.440191e+00 2.521753e+01
    endloop
  endfacet
  facet normal -9.891763e-01 1.467304e-01 -5.983865e-04
    outer loop
      vertex   -2.896753e+01 1.440191e+00 2.521753e+01
      vertex   -2.894236e+01 1.585271e+00 1.917857e+01
      vertex   -2.898555e+01 1.294051e+00 1.917857e+01
    endloop
  endfacet
  facet normal -9.924795e-01 1.224107e-01 1.799153e-17
    outer loop
      vertex   -2.896753e+01 1.440191e+00 2.521753e+01
      vertex   -2.898555e+01 1.294051e+00 1.917857e+01
      vertex   -2.898555e+01 1.294051e+00 2.523555e+01
    endloop
  endfacet
  facet normal -9.972905e-01 7.356456e-02 1.078729e-17
    outer loop
      vertex   -2.898555e+01 1.294051e+00 2.523555e+01
      vertex   -2.898555e+01 1.294051e+00 1.917857e+01
      vertex   -2.899639e+01 1.147203e+00 2.524639e+01
    endloop
  endfacet
  facet normal -9.996988e-01 2.451198e-02 -1.191431e-03
    outer loop
      vertex   -2.899639e+01 1.147203e+00 2.524639e+01
      vertex   -2.898555e+01 1.294051e+00 1.917857e+01
      vertex   -2.900000e+01 1.000000e+00 2.525000e+01
    endloop
  endfacet
  facet normal -9.987955e-01 4.906767e-02 5.895748e-16
    outer loop
      vertex   -2.900000e+01 1.000000e+00 2.525000e+01
      vertex   -2.898555e+01 1.294051e+00 1.917857e+01
      vertex   -2.898555e+01 1.294051e+00 1.310714e+01
    endloop
  endfacet
  facet normal -9.987955e-01 4.906767e-02 7.278701e-18
    outer loop
      vertex   -2.900000e+01 1.000000e+00 2.525000e+01
      vertex   -2.898555e+01 1.294051e+00 1.310714e+01
      vertex   -2.898555e+01 1.294051e+00 7.035714e+00
    endloop
  endfacet
  facet normal -9.891765e-01 1.467305e-01 2.146494e-17
    outer loop
      vertex   -2.898555e+01 1.294051e+00 7.035714e+00
      vertex   -2.898555e+01 1.294051e+00 1.310714e+01
      vertex   -2.894236e+01 1.585271e+00 7.035714e+00
    endloop
  endfacet
  facet normal -9.891765e-01 1.467305e-01 3.784925e-17
    outer loop
      vertex   -2.898555e+01 1.294051e+00 7.035714e+00
      vertex   -2.894236e+01 1.585271e+00 7.035714e+00
      vertex   -2.894236e+01 1.585271e+00 9.642857e-01
    endloop
  endfacet
  facet normal -9.700313e-01 2.429802e-01 6.220399e-17
    outer loop
      vertex   -2.894236e+01 1.585271e+00 9.642857e-01
      vertex   -2.894236e+01 1.585271e+00 7.035714e+00
      vertex   -2.887082e+01 1.870854e+00 9.642857e-01
    endloop
  endfacet
  facet normal -9.700313e-01 2.429802e-01 3.493777e-17
    outer loop
      vertex   -2.894236e+01 1.585271e+00 9.642857e-01
      vertex   -2.887082e+01 1.870854e+00 9.642857e-01
      vertex   -2.887082e+01 1.870854e+00 -5.107143e+00
    endloop
  endfacet
  facet normal -9.415441e-01 3.368899e-01 4.928301e-17
    outer loop
      vertex   -2.887082e+01 1.870854e+00 -5.107143e+00
      vertex   -2.887082e+01 1.870854e+00 9.642857e-01
      vertex   -2.877164e+01 2.148050e+00 -5.107143e+00
    endloop
  endfacet
  facet normal -9.415441e-01 3.368899e-01 9.899034e-17
    outer loop
      vertex   -2.887082e+01 1.870854e+00 -5.107143e+00
      vertex   -2.877164e+01 2.148050e+00 -5.107143e+00
      vertex   -2.877164e+01 2.148050e+00 -1.117857e+01
    endloop
  endfacet
  facet normal -9.039893e-01 4.275551e-01 1.250925e-16
    outer loop
      vertex   -2.877164e+01 2.148050e+00 -1.117857e+01
      vertex   -2.877164e+01 2.148050e+00 -5.107143e+00
      vertex   -2.864576e+01 2.414190e+00 -1.117857e+01
    endloop
  endfacet
  facet normal -9.039893e-01 4.275551e-01 6.249978e-16
    outer loop
      vertex   -2.877164e+01 2.148050e+00 -1.117857e+01
      vertex   -2.864576e+01 2.414190e+00 -1.117857e+01
      vertex   -2.864576e+01 2.414190e+00 -1.725000e+01
    endloop
  endfacet
  facet normal -8.577286e-01 5.141027e-01 6.147131e-16
    outer loop
      vertex   -2.864576e+01 2.414190e+00 -1.725000e+01
      vertex   -2.864576e+01 2.414190e+00 -1.117857e+01
      vertex   -2.849441e+01 2.666711e+00 -1.725000e+01
    endloop
  endfacet
  facet normal -8.577286e-01 5.141027e-01 6.523167e-16
    outer loop
      vertex   -2.849441e+01 2.666711e+00 -1.725000e+01
      vertex   -2.864576e+01 2.414190e+00 -1.117857e+01
      vertex   -2.849441e+01 2.666711e+00 -1.117857e+01
    endloop
  endfacet
  facet normal -8.032075e-01 5.956993e-01 6.442867e-16
    outer loop
      vertex   -2.849441e+01 2.666711e+00 -1.725000e+01
      vertex   -2.849441e+01 2.666711e+00 -1.117857e+01
      vertex   -2.831903e+01 2.903180e+00 -1.725000e+01
    endloop
  endfacet
  facet normal -8.032075e-01 5.956993e-01 6.007148e-16
    outer loop
      vertex   -2.831903e+01 2.903180e+00 -1.725000e+01
      vertex   -2.849441e+01 2.666711e+00 -1.117857e+01
      vertex   -2.831903e+01 2.903180e+00 -1.117857e+01
    endloop
  endfacet
  facet normal -7.409511e-01 6.715590e-01 5.809314e-16
    outer loop
      vertex   -2.831903e+01 2.903180e+00 -1.725000e+01
      vertex   -2.831903e+01 2.903180e+00 -1.117857e+01
      vertex   -2.812132e+01 3.121320e+00 -1.725000e+01
    endloop
  endfacet
  facet normal -7.409511e-01 6.715590e-01 5.809314e-16
    outer loop
      vertex   -2.812132e+01 3.121320e+00 -1.725000e+01
      vertex   -2.831903e+01 2.903180e+00 -1.117857e+01
      vertex   -2.812132e+01 3.121320e+00 -1.117857e+01
    endloop
  endfacet
  facet normal -6.715590e-01 7.409511e-01 5.555533e-16
    outer loop
      vertex   -2.812132e+01 3.121320e+00 -1.725000e+01
      vertex   -2.812132e+01 3.121320e+00 -1.117857e+01
      vertex   -2.790318e+01 3.319031e+00 -1.725000e+01
    endloop
  endfacet
  facet normal -6.715590e-01 7.409511e-01 6.097495e-16
    outer loop
      vertex   -2.790318e+01 3.319031e+00 -1.725000e+01
      vertex   -2.812132e+01 3.121320e+00 -1.117857e+01
      vertex   -2.790318e+01 3.319031e+00 -1.117857e+01
    endloop
  endfacet
  facet normal -5.956993e-01 8.032075e-01 5.835747e-16
    outer loop
      vertex   -2.790318e+01 3.319031e+00 -1.725000e+01
      vertex   -2.790318e+01 3.319031e+00 -1.117857e+01
      vertex   -2.766671e+01 3.494409e+00 -1.725000e+01
    endloop
  endfacet
  facet normal -5.956993e-01 8.032075e-01 8.146501e-16
    outer loop
      vertex   -2.766671e+01 3.494409e+00 -1.725000e+01
      vertex   -2.790318e+01 3.319031e+00 -1.117857e+01
      vertex   -2.766671e+01 3.494409e+00 -1.117857e+01
    endloop
  endfacet
  facet normal -5.141027e-01 8.577286e-01 7.271329e-16
    outer loop
      vertex   -2.766671e+01 3.494409e+00 -1.725000e+01
      vertex   -2.766671e+01 3.494409e+00 -1.117857e+01
      vertex   -2.741419e+01 3.645764e+00 -1.725000e+01
    endloop
  endfacet
  facet normal -5.141027e-01 8.577286e-01 4.263043e-16
    outer loop
      vertex   -2.741419e+01 3.645764e+00 -1.725000e+01
      vertex   -2.766671e+01 3.494409e+00 -1.117857e+01
      vertex   -2.741419e+01 3.645764e+00 -1.117857e+01
    endloop
  endfacet
  facet normal -4.275551e-01 9.039893e-01 3.824281e-16
    outer loop
      vertex   -2.741419e+01 3.645764e+00 -1.725000e+01
      vertex   -2.741419e+01 3.645764e+00 -1.117857e+01
      vertex   -2.714805e+01 3.771639e+00 -1.725000e+01
    endloop
  endfacet
  facet normal -4.275551e-01 9.039893e-01 2.501851e-16
    outer loop
      vertex   -2.714805e+01 3.771639e+00 -1.725000e+01
      vertex   -2.741419e+01 3.645764e+00 -1.117857e+01
      vertex   -2.714805e+01 3.771639e+00 -1.117857e+01
    endloop
  endfacet
  facet normal -3.368899e-01 9.415441e-01 1.971321e-16
    outer loop
      vertex   -2.714805e+01 3.771639e+00 -1.725000e+01
      vertex   -2.714805e+01 3.771639e+00 -1.117857e+01
      vertex   -2.687085e+01 3.870821e+00 -1.725000e+01
    endloop
  endfacet
  facet normal -3.368899e-01 9.415441e-01 1.971321e-16
    outer loop
      vertex   -2.687085e+01 3.870821e+00 -1.725000e+01
      vertex   -2.714805e+01 3.771639e+00 -1.117857e+01
      vertex   -2.687085e+01 3.870821e+00 -1.117857e+01
    endloop
  endfacet
  facet normal -2.429802e-01 9.700313e-01 1.421805e-16
    outer loop
      vertex   -2.687085e+01 3.870821e+00 -1.725000e+01
      vertex   -2.687085e+01 3.870821e+00 -1.117857e+01
      vertex   -2.658527e+01 3.942356e+00 -1.725000e+01
    endloop
  endfacet
  facet normal -2.429802e-01 9.700313e-01 1.421805e-16
    outer loop
      vertex   -2.658527e+01 3.942356e+00 -1.725000e+01
      vertex   -2.687085e+01 3.870821e+00 -1.117857e+01
      vertex   -2.658527e+01 3.942356e+00 -1.117857e+01
    endloop
  endfacet
  facet normal -1.467305e-01 9.891765e-01 8.585975e-17
    outer loop
      vertex   -2.658527e+01 3.942356e+00 -1.725000e+01
      vertex   -2.658527e+01 3.942356e+00 -1.117857e+01
      vertex   -2.629405e+01 3.985554e+00 -1.725000e+01
    endloop
  endfacet
  facet normal -1.467305e-01 9.891765e-01 3.164244e-16
    outer loop
      vertex   -2.629405e+01 3.985554e+00 -1.725000e+01
      vertex   -2.658527e+01 3.942356e+00 -1.117857e+01
      vertex   -2.629405e+01 3.985554e+00 -1.117857e+01
    endloop
  endfacet
  facet normal -9.039893e-01 4.275551e-01 1.215058e-15
    outer loop
      vertex   -2.864576e+01 2.414190e+00 -1.725000e+01
      vertex   -2.877164e+01 2.148050e+00 -1.725000e+01
      vertex   -2.877164e+01 2.148050e+00 -1.117857e+01
    endloop
  endfacet
  facet normal -9.415441e-01 3.368899e-01 1.225102e-15
    outer loop
      vertex   -2.877164e+01 2.148050e+00 -1.117857e+01
      vertex   -2.877164e+01 2.148050e+00 -1.725000e+01
      vertex   -2.887082e+01 1.870854e+00 -1.117857e+01
    endloop
  endfacet
  facet normal -9.415441e-01 3.368899e-01 7.375751e-17
    outer loop
      vertex   -2.877164e+01 2.148050e+00 -1.117857e+01
      vertex   -2.887082e+01 1.870854e+00 -1.117857e+01
      vertex   -2.887082e+01 1.870854e+00 -5.107143e+00
    endloop
  endfacet
  facet normal -9.700313e-01 2.429802e-01 5.331770e-17
    outer loop
      vertex   -2.887082e+01 1.870854e+00 -5.107143e+00
      vertex   -2.887082e+01 1.870854e+00 -1.117857e+01
      vertex   -2.894236e+01 1.585271e+00 -5.107143e+00
    endloop
  endfacet
  facet normal -9.700313e-01 2.429802e-01 5.240665e-17
    outer loop
      vertex   -2.887082e+01 1.870854e+00 -5.107143e+00
      vertex   -2.894236e+01 1.585271e+00 -5.107143e+00
      vertex   -2.894236e+01 1.585271e+00 9.642857e-01
    endloop
  endfacet
  facet normal -9.891765e-01 1.467305e-01 3.219741e-17
    outer loop
      vertex   -2.894236e+01 1.585271e+00 9.642857e-01
      vertex   -2.894236e+01 1.585271e+00 -5.107143e+00
      vertex   -2.898555e+01 1.294051e+00 9.642857e-01
    endloop
  endfacet
  facet normal -9.891765e-01 1.467305e-01 2.135086e-17
    outer loop
      vertex   -2.894236e+01 1.585271e+00 9.642857e-01
      vertex   -2.898555e+01 1.294051e+00 9.642857e-01
      vertex   -2.898555e+01 1.294051e+00 7.035714e+00
    endloop
  endfacet
  facet normal -9.987955e-01 4.906767e-02 7.178022e-18
    outer loop
      vertex   -2.898555e+01 1.294051e+00 7.035714e+00
      vertex   -2.898555e+01 1.294051e+00 9.642857e-01
      vertex   -2.900000e+01 1.000000e+00 2.525000e+01
    endloop
  endfacet
  facet normal -9.415441e-01 3.368899e-01 6.482897e-16
    outer loop
      vertex   -2.877164e+01 2.148050e+00 -1.725000e+01
      vertex   -2.887082e+01 1.870854e+00 -1.725000e+01
      vertex   -2.887082e+01 1.870854e+00 -1.117857e+01
    endloop
  endfacet
  facet normal -9.700313e-01 2.429802e-01 6.387068e-16
    outer loop
      vertex   -2.887082e+01 1.870854e+00 -1.117857e+01
      vertex   -2.887082e+01 1.870854e+00 -1.725000e+01
      vertex   -2.894236e+01 1.585271e+00 -1.117857e+01
    endloop
  endfacet
  facet normal -9.700313e-01 2.429802e-01 5.240665e-17
    outer loop
      vertex   -2.887082e+01 1.870854e+00 -1.117857e+01
      vertex   -2.894236e+01 1.585271e+00 -1.117857e+01
      vertex   -2.894236e+01 1.585271e+00 -5.107143e+00
    endloop
  endfacet
  facet normal -9.891765e-01 1.467305e-01 3.219741e-17
    outer loop
      vertex   -2.894236e+01 1.585271e+00 -5.107143e+00
      vertex   -2.894236e+01 1.585271e+00 -1.117857e+01
      vertex   -2.898555e+01 1.294051e+00 -5.107143e+00
    endloop
  endfacet
  facet normal -9.891765e-01 1.467305e-01 2.135086e-17
    outer loop
      vertex   -2.894236e+01 1.585271e+00 -5.107143e+00
      vertex   -2.898555e+01 1.294051e+00 -5.107143e+00
      vertex   -2.898555e+01 1.294051e+00 9.642857e-01
    endloop
  endfacet
  facet normal -9.987955e-01 4.906767e-02 7.178022e-18
    outer loop
      vertex   -2.898555e+01 1.294051e+00 9.642857e-01
      vertex   -2.898555e+01 1.294051e+00 -5.107143e+00
      vertex   -2.900000e+01 1.000000e+00 -1.725000e+01
    endloop
  endfacet
  facet normal -9.987955e-01 4.906767e-02 8.353176e-17
    outer loop
      vertex   -2.898555e+01 1.294051e+00 9.642857e-01
      vertex   -2.900000e+01 1.000000e+00 -1.725000e+01
      vertex   -2.900000e+01 1.000000e+00 2.525000e+01
    endloop
  endfacet
  facet normal -9.700313e-01 2.429802e-01 6.211159e-16
    outer loop
      vertex   -2.887082e+01 1.870854e+00 -1.725000e+01
      vertex   -2.894236e+01 1.585271e+00 -1.725000e+01
      vertex   -2.894236e+01 1.585271e+00 -1.117857e+01
    endloop
  endfacet
  facet normal -9.891765e-01 1.467305e-01 6.110169e-16
    outer loop
      vertex   -2.894236e+01 1.585271e+00 -1.117857e+01
      vertex   -2.894236e+01 1.585271e+00 -1.725000e+01
      vertex   -2.898555e+01 1.294051e+00 -1.117857e+01
    endloop
  endfacet
  facet normal -9.891765e-01 1.467305e-01 2.135086e-17
    outer loop
      vertex   -2.894236e+01 1.585271e+00 -1.117857e+01
      vertex   -2.898555e+01 1.294051e+00 -1.117857e+01
      vertex   -2.898555e+01 1.294051e+00 -5.107143e+00
    endloop
  endfacet
  facet normal -9.987955e-01 4.906767e-02 7.178022e-18
    outer loop
      vertex   -2.898555e+01 1.294051e+00 -5.107143e+00
      vertex   -2.898555e+01 1.294051e+00 -1.117857e+01
      vertex   -2.900000e+01 1.000000e+00 -1.725000e+01
    endloop
  endfacet
  facet normal -9.891765e-01 1.467305e-01 5.949125e-16
    outer loop
      vertex   -2.894236e+01 1.585271e+00 -1.725000e+01
      vertex   -2.898555e+01 1.294051e+00 -1.725000e+01
      vertex   -2.898555e+01 1.294051e+00 -1.117857e+01
    endloop
  endfacet
  facet normal -9.987955e-01 4.906767e-02 5.898315e-16
    outer loop
      vertex   -2.898555e+01 1.294051e+00 -1.117857e+01
      vertex   -2.898555e+01 1.294051e+00 -1.725000e+01
      vertex   -2.900000e+01 1.000000e+00 -1.725000e+01
    endloop
  endfacet
  facet normal -4.052413e-01 9.142098e-01 -4.802334e-16
    outer loop
      vertex   -2.728267e+01 3.711968e+00 2.353267e+01
      vertex   -2.714805e+01 3.771639e+00 2.339805e+01
      vertex   -2.714805e+01 3.771639e+00 1.917857e+01
    endloop
  endfacet
  facet normal -3.368899e-01 9.415441e-01 -4.954754e-16
    outer loop
      vertex   -2.714805e+01 3.771639e+00 1.917857e+01
      vertex   -2.714805e+01 3.771639e+00 2.339805e+01
      vertex   -2.687085e+01 3.870821e+00 2.312085e+01
    endloop
  endfacet
  facet normal -3.368899e-01 9.415441e-01 -8.489539e-16
    outer loop
      vertex   -2.714805e+01 3.771639e+00 1.917857e+01
      vertex   -2.687085e+01 3.870821e+00 2.312085e+01
      vertex   -2.687085e+01 3.870821e+00 1.917857e+01
    endloop
  endfacet
  facet normal -2.429802e-01 9.700313e-01 -8.741746e-16
    outer loop
      vertex   -2.687085e+01 3.870821e+00 1.917857e+01
      vertex   -2.687085e+01 3.870821e+00 2.312085e+01
      vertex   -2.658527e+01 3.942356e+00 2.283527e+01
    endloop
  endfacet
  facet normal -2.429802e-01 9.700313e-01 -1.060279e-15
    outer loop
      vertex   -2.687085e+01 3.870821e+00 1.917857e+01
      vertex   -2.658527e+01 3.942356e+00 2.283527e+01
      vertex   -2.658527e+01 3.942356e+00 1.917857e+01
    endloop
  endfacet
  facet normal -1.467305e-01 9.891765e-01 -1.081178e-15
    outer loop
      vertex   -2.658527e+01 3.942356e+00 1.917857e+01
      vertex   -2.658527e+01 3.942356e+00 2.283527e+01
      vertex   -2.629405e+01 3.985554e+00 2.254405e+01
    endloop
  endfacet
  facet normal -1.467305e-01 9.891765e-01 -7.843584e-16
    outer loop
      vertex   -2.658527e+01 3.942356e+00 1.917857e+01
      vertex   -2.629405e+01 3.985554e+00 2.254405e+01
      vertex   -2.629405e+01 3.985554e+00 1.917857e+01
    endloop
  endfacet
  facet normal -4.906767e-02 9.987955e-01 -7.907715e-16
    outer loop
      vertex   -2.629405e+01 3.985554e+00 1.917857e+01
      vertex   -2.629405e+01 3.985554e+00 2.254405e+01
      vertex   -2.600000e+01 4.000000e+00 2.225000e+01
    endloop
  endfacet
  facet normal -4.906767e-02 9.987955e-01 2.871209e-17
    outer loop
      vertex   -2.629405e+01 3.985554e+00 1.917857e+01
      vertex   -2.600000e+01 4.000000e+00 2.225000e+01
      vertex   -2.629405e+01 3.985554e+00 1.310714e+01
    endloop
  endfacet
  facet normal -4.906767e-02 9.987955e-01 0.000000e+00
    outer loop
      vertex   -2.629405e+01 3.985554e+00 1.310714e+01
      vertex   -2.600000e+01 4.000000e+00 2.225000e+01
      vertex   -2.629405e+01 3.985554e+00 7.035714e+00
    endloop
  endfacet
  facet normal -1.467305e-01 9.891765e-01 0.000000e+00
    outer loop
      vertex   -2.629405e+01 3.985554e+00 1.310714e+01
      vertex   -2.629405e+01 3.985554e+00 7.035714e+00
      vertex   -2.658527e+01 3.942356e+00 1.310714e+01
    endloop
  endfacet
  facet normal -1.467305e-01 9.891765e-01 0.000000e+00
    outer loop
      vertex   -2.658527e+01 3.942356e+00 1.310714e+01
      vertex   -2.629405e+01 3.985554e+00 7.035714e+00
      vertex   -2.658527e+01 3.942356e+00 7.035714e+00
    endloop
  endfacet
  facet normal -2.429802e-01 9.700313e-01 0.000000e+00
    outer loop
      vertex   -2.658527e+01 3.942356e+00 1.310714e+01
      vertex   -2.658527e+01 3.942356e+00 7.035714e+00
      vertex   -2.687085e+01 3.870821e+00 1.310714e+01
    endloop
  endfacet
  facet normal -4.906767e-02 9.987955e-01 2.871209e-17
    outer loop
      vertex   -2.629405e+01 3.985554e+00 7.035714e+00
      vertex   -2.600000e+01 4.000000e+00 2.225000e+01
      vertex   -2.629405e+01 3.985554e+00 9.642857e-01
    endloop
  endfacet
  facet normal -4.906767e-02 9.987955e-01 1.320170e-17
    outer loop
      vertex   -2.629405e+01 3.985554e+00 9.642857e-01
      vertex   -2.600000e+01 4.000000e+00 2.225000e+01
      vertex   -2.600000e+01 4.000000e+00 -1.725000e+01
    endloop
  endfacet
  facet normal -3.368899e-01 9.415441e-01 1.971321e-16
    outer loop
      vertex   -2.687085e+01 3.870821e+00 1.310714e+01
      vertex   -2.714805e+01 3.771639e+00 1.917857e+01
      vertex   -2.687085e+01 3.870821e+00 1.917857e+01
    endloop
  endfacet
  facet normal -1.467305e-01 9.891765e-01 0.000000e+00
    outer loop
      vertex   -2.629405e+01 3.985554e+00 -5.107143e+00
      vertex   -2.629405e+01 3.985554e+00 -1.117857e+01
      vertex   -2.658527e+01 3.942356e+00 -5.107143e+00
    endloop
  endfacet
  facet normal -1.467305e-01 9.891765e-01 0.000000e+00
    outer loop
      vertex   -2.658527e+01 3.942356e+00 -5.107143e+00
      vertex   -2.629405e+01 3.985554e+00 -1.117857e+01
      vertex   -2.658527e+01 3.942356e+00 -1.117857e+01
    endloop
  endfacet
  facet normal -2.429802e-01 9.700313e-01 0.000000e+00
    outer loop
      vertex   -2.658527e+01 3.942356e+00 -5.107143e+00
      vertex   -2.658527e+01 3.942356e+00 -1.117857e+01
      vertex   -2.687085e+01 3.870821e+00 -5.107143e+00
    endloop
  endfacet
  facet normal -2.429802e-01 9.700313e-01 0.000000e+00
    outer loop
      vertex   -2.687085e+01 3.870821e+00 -5.107143e+00
      vertex   -2.658527e+01 3.942356e+00 -1.117857e+01
      vertex   -2.687085e+01 3.870821e+00 -1.117857e+01
    endloop
  endfacet
  facet normal -3.368899e-01 9.415441e-01 0.000000e+00
    outer loop
      vertex   -2.687085e+01 3.870821e+00 -5.107143e+00
      vertex   -2.687085e+01 3.870821e+00 -1.117857e+01
      vertex   -2.714805e+01 3.771639e+00 -5.107143e+00
    endloop
  endfacet
  facet normal -3.368899e-01 9.415441e-01 -2.066052e-16
    outer loop
      vertex   -2.714805e+01 3.771639e+00 -5.107143e+00
      vertex   -2.687085e+01 3.870821e+00 -1.117857e+01
      vertex   -2.714805e+01 3.771639e+00 -1.117857e+01
    endloop
  endfacet
  facet normal -4.275551e-01 9.039893e-01 -1.983645e-16
    outer loop
      vertex   -2.714805e+01 3.771639e+00 -5.107143e+00
      vertex   -2.714805e+01 3.771639e+00 -1.117857e+01
      vertex   -2.741419e+01 3.645764e+00 -5.107143e+00
    endloop
  endfacet
  facet normal -4.275551e-01 9.039893e-01 1.179421e-16
    outer loop
      vertex   -2.741419e+01 3.645764e+00 -5.107143e+00
      vertex   -2.714805e+01 3.771639e+00 -1.117857e+01
      vertex   -2.741419e+01 3.645764e+00 -1.117857e+01
    endloop
  endfacet
  facet normal -5.141027e-01 8.577286e-01 1.753531e-16
    outer loop
      vertex   -2.741419e+01 3.645764e+00 -5.107143e+00
      vertex   -2.741419e+01 3.645764e+00 -1.117857e+01
      vertex   -2.766671e+01 3.494409e+00 -5.107143e+00
    endloop
  endfacet
  facet normal -5.141027e-01 8.577286e-01 -1.254756e-16
    outer loop
      vertex   -2.766671e+01 3.494409e+00 -5.107143e+00
      vertex   -2.741419e+01 3.645764e+00 -1.117857e+01
      vertex   -2.766671e+01 3.494409e+00 -1.117857e+01
    endloop
  endfacet
  facet normal -5.956993e-01 8.032075e-01 -1.174998e-16
    outer loop
      vertex   -2.766671e+01 3.494409e+00 -5.107143e+00
      vertex   -2.766671e+01 3.494409e+00 -1.117857e+01
      vertex   -2.790318e+01 3.319031e+00 -5.107143e+00
    endloop
  endfacet
  facet normal -5.956993e-01 8.032075e-01 -1.762497e-16
    outer loop
      vertex   -2.790318e+01 3.319031e+00 -5.107143e+00
      vertex   -2.766671e+01 3.494409e+00 -1.117857e+01
      vertex   -2.790318e+01 3.319031e+00 -1.117857e+01
    endloop
  endfacet
  facet normal -6.715590e-01 7.409511e-01 -1.625886e-16
    outer loop
      vertex   -2.790318e+01 3.319031e+00 -5.107143e+00
      vertex   -2.790318e+01 3.319031e+00 -1.117857e+01
      vertex   -2.812132e+01 3.121320e+00 -5.107143e+00
    endloop
  endfacet
  facet normal -6.715590e-01 7.409511e-01 0.000000e+00
    outer loop
      vertex   -2.812132e+01 3.121320e+00 -5.107143e+00
      vertex   -2.790318e+01 3.319031e+00 -1.117857e+01
      vertex   -2.812132e+01 3.121320e+00 -1.117857e+01
    endloop
  endfacet
  facet normal -7.409511e-01 6.715590e-01 0.000000e+00
    outer loop
      vertex   -2.812132e+01 3.121320e+00 -5.107143e+00
      vertex   -2.812132e+01 3.121320e+00 -1.117857e+01
      vertex   -2.831903e+01 2.903180e+00 -5.107143e+00
    endloop
  endfacet
  facet normal -7.409511e-01 6.715590e-01 -1.473617e-16
    outer loop
      vertex   -2.831903e+01 2.903180e+00 -5.107143e+00
      vertex   -2.812132e+01 3.121320e+00 -1.117857e+01
      vertex   -2.831903e+01 2.903180e+00 -1.117857e+01
    endloop
  endfacet
  facet normal -8.032075e-01 5.956993e-01 -1.307157e-16
    outer loop
      vertex   -2.831903e+01 2.903180e+00 -5.107143e+00
      vertex   -2.831903e+01 2.903180e+00 -1.117857e+01
      vertex   -2.849441e+01 2.666711e+00 -5.107143e+00
    endloop
  endfacet
  facet normal -8.032075e-01 5.956993e-01 8.714379e-17
    outer loop
      vertex   -2.849441e+01 2.666711e+00 -5.107143e+00
      vertex   -2.831903e+01 2.903180e+00 -1.117857e+01
      vertex   -2.849441e+01 2.666711e+00 -1.117857e+01
    endloop
  endfacet
  facet normal -8.577286e-01 5.141027e-01 7.520717e-17
    outer loop
      vertex   -2.849441e+01 2.666711e+00 -5.107143e+00
      vertex   -2.849441e+01 2.666711e+00 -1.117857e+01
      vertex   -2.864576e+01 2.414190e+00 -5.107143e+00
    endloop
  endfacet
  facet normal -8.577286e-01 5.141027e-01 7.520717e-17
    outer loop
      vertex   -2.864576e+01 2.414190e+00 -5.107143e+00
      vertex   -2.849441e+01 2.666711e+00 -1.117857e+01
      vertex   -2.864576e+01 2.414190e+00 -1.117857e+01
    endloop
  endfacet
  facet normal -9.039893e-01 4.275551e-01 6.254627e-17
    outer loop
      vertex   -2.864576e+01 2.414190e+00 -5.107143e+00
      vertex   -2.864576e+01 2.414190e+00 -1.117857e+01
      vertex   -2.877164e+01 2.148050e+00 -5.107143e+00
    endloop
  endfacet
  facet normal -1.467305e-01 9.891765e-01 8.540343e-17
    outer loop
      vertex   -2.658527e+01 3.942356e+00 7.035714e+00
      vertex   -2.629405e+01 3.985554e+00 7.035714e+00
      vertex   -2.629405e+01 3.985554e+00 9.642857e-01
    endloop
  endfacet
  facet normal -1.467305e-01 9.891765e-01 8.540343e-17
    outer loop
      vertex   -2.658527e+01 3.942356e+00 1.917857e+01
      vertex   -2.629405e+01 3.985554e+00 1.917857e+01
      vertex   -2.629405e+01 3.985554e+00 1.310714e+01
    endloop
  endfacet
  facet normal -1.467305e-01 9.891765e-01 8.585975e-17
    outer loop
      vertex   -2.658527e+01 3.942356e+00 1.917857e+01
      vertex   -2.629405e+01 3.985554e+00 1.310714e+01
      vertex   -2.658527e+01 3.942356e+00 1.310714e+01
    endloop
  endfacet
  facet normal -1.467305e-01 9.891765e-01 -1.446035e-16
    outer loop
      vertex   -2.629405e+01 3.985554e+00 -5.107143e+00
      vertex   -2.658527e+01 3.942356e+00 -5.107143e+00
      vertex   -2.658527e+01 3.942356e+00 9.642857e-01
    endloop
  endfacet
  facet normal -2.429802e-01 9.700313e-01 -1.419041e-16
    outer loop
      vertex   -2.658527e+01 3.942356e+00 9.642857e-01
      vertex   -2.658527e+01 3.942356e+00 -5.107143e+00
      vertex   -2.687085e+01 3.870821e+00 9.642857e-01
    endloop
  endfacet
  facet normal -2.429802e-01 9.700313e-01 1.436330e-16
    outer loop
      vertex   -2.658527e+01 3.942356e+00 9.642857e-01
      vertex   -2.687085e+01 3.870821e+00 9.642857e-01
      vertex   -2.687085e+01 3.870821e+00 7.035714e+00
    endloop
  endfacet
  facet normal -3.368899e-01 9.415441e-01 2.565273e-16
    outer loop
      vertex   -2.687085e+01 3.870821e+00 7.035714e+00
      vertex   -2.687085e+01 3.870821e+00 9.642857e-01
      vertex   -2.714805e+01 3.771639e+00 7.035714e+00
    endloop
  endfacet
  facet normal -3.368899e-01 9.415441e-01 0.000000e+00
    outer loop
      vertex   -2.687085e+01 3.870821e+00 7.035714e+00
      vertex   -2.714805e+01 3.771639e+00 7.035714e+00
      vertex   -2.714805e+01 3.771639e+00 1.310714e+01
    endloop
  endfacet
  facet normal -4.275551e-01 9.039893e-01 0.000000e+00
    outer loop
      vertex   -2.714805e+01 3.771639e+00 1.310714e+01
      vertex   -2.714805e+01 3.771639e+00 7.035714e+00
      vertex   -2.741419e+01 3.645764e+00 1.310714e+01
    endloop
  endfacet
  facet normal -4.275551e-01 9.039893e-01 2.523283e-16
    outer loop
      vertex   -2.714805e+01 3.771639e+00 1.310714e+01
      vertex   -2.741419e+01 3.645764e+00 1.310714e+01
      vertex   -2.741419e+01 3.645764e+00 1.917857e+01
    endloop
  endfacet
  facet normal -5.141027e-01 8.577286e-01 3.008287e-16
    outer loop
      vertex   -2.741419e+01 3.645764e+00 1.917857e+01
      vertex   -2.741419e+01 3.645764e+00 1.310714e+01
      vertex   -2.766671e+01 3.494409e+00 1.917857e+01
    endloop
  endfacet
  facet normal -2.429802e-01 9.700313e-01 0.000000e+00
    outer loop
      vertex   -2.687085e+01 3.870821e+00 9.642857e-01
      vertex   -2.658527e+01 3.942356e+00 -5.107143e+00
      vertex   -2.687085e+01 3.870821e+00 -5.107143e+00
    endloop
  endfacet
  facet normal -2.429802e-01 9.700313e-01 1.436330e-16
    outer loop
      vertex   -2.687085e+01 3.870821e+00 1.917857e+01
      vertex   -2.658527e+01 3.942356e+00 1.917857e+01
      vertex   -2.658527e+01 3.942356e+00 1.310714e+01
    endloop
  endfacet
  facet normal -2.429802e-01 9.700313e-01 1.421805e-16
    outer loop
      vertex   -2.687085e+01 3.870821e+00 1.917857e+01
      vertex   -2.658527e+01 3.942356e+00 1.310714e+01
      vertex   -2.687085e+01 3.870821e+00 1.310714e+01
    endloop
  endfacet
  facet normal -3.368899e-01 9.415441e-01 0.000000e+00
    outer loop
      vertex   -2.687085e+01 3.870821e+00 9.642857e-01
      vertex   -2.687085e+01 3.870821e+00 -5.107143e+00
      vertex   -2.714805e+01 3.771639e+00 9.642857e-01
    endloop
  endfacet
  facet normal -3.368899e-01 9.415441e-01 0.000000e+00
    outer loop
      vertex   -2.714805e+01 3.771639e+00 9.642857e-01
      vertex   -2.687085e+01 3.870821e+00 -5.107143e+00
      vertex   -2.714805e+01 3.771639e+00 -5.107143e+00
    endloop
  endfacet
  facet normal -4.275551e-01 9.039893e-01 0.000000e+00
    outer loop
      vertex   -2.714805e+01 3.771639e+00 9.642857e-01
      vertex   -2.714805e+01 3.771639e+00 -5.107143e+00
      vertex   -2.741419e+01 3.645764e+00 9.642857e-01
    endloop
  endfacet
  facet normal -4.275551e-01 9.039893e-01 -1.322430e-16
    outer loop
      vertex   -2.741419e+01 3.645764e+00 9.642857e-01
      vertex   -2.714805e+01 3.771639e+00 -5.107143e+00
      vertex   -2.741419e+01 3.645764e+00 -5.107143e+00
    endloop
  endfacet
  facet normal -5.141027e-01 8.577286e-01 -1.254756e-16
    outer loop
      vertex   -2.741419e+01 3.645764e+00 9.642857e-01
      vertex   -2.741419e+01 3.645764e+00 -5.107143e+00
      vertex   -2.766671e+01 3.494409e+00 9.642857e-01
    endloop
  endfacet
  facet normal -5.141027e-01 8.577286e-01 -6.273779e-17
    outer loop
      vertex   -2.766671e+01 3.494409e+00 9.642857e-01
      vertex   -2.741419e+01 3.645764e+00 -5.107143e+00
      vertex   -2.766671e+01 3.494409e+00 -5.107143e+00
    endloop
  endfacet
  facet normal -5.956993e-01 8.032075e-01 -5.874990e-17
    outer loop
      vertex   -2.766671e+01 3.494409e+00 9.642857e-01
      vertex   -2.766671e+01 3.494409e+00 -5.107143e+00
      vertex   -2.790318e+01 3.319031e+00 9.642857e-01
    endloop
  endfacet
  facet normal -5.956993e-01 8.032075e-01 0.000000e+00
    outer loop
      vertex   -2.790318e+01 3.319031e+00 9.642857e-01
      vertex   -2.766671e+01 3.494409e+00 -5.107143e+00
      vertex   -2.790318e+01 3.319031e+00 -5.107143e+00
    endloop
  endfacet
  facet normal -6.715590e-01 7.409511e-01 0.000000e+00
    outer loop
      vertex   -2.790318e+01 3.319031e+00 9.642857e-01
      vertex   -2.790318e+01 3.319031e+00 -5.107143e+00
      vertex   -2.812132e+01 3.121320e+00 9.642857e-01
    endloop
  endfacet
  facet normal -6.715590e-01 7.409511e-01 -5.419621e-17
    outer loop
      vertex   -2.812132e+01 3.121320e+00 9.642857e-01
      vertex   -2.790318e+01 3.319031e+00 -5.107143e+00
      vertex   -2.812132e+01 3.121320e+00 -5.107143e+00
    endloop
  endfacet
  facet normal -7.409511e-01 6.715590e-01 -4.912058e-17
    outer loop
      vertex   -2.812132e+01 3.121320e+00 9.642857e-01
      vertex   -2.812132e+01 3.121320e+00 -5.107143e+00
      vertex   -2.831903e+01 2.903180e+00 9.642857e-01
    endloop
  endfacet
  facet normal -7.409511e-01 6.715590e-01 0.000000e+00
    outer loop
      vertex   -2.831903e+01 2.903180e+00 9.642857e-01
      vertex   -2.812132e+01 3.121320e+00 -5.107143e+00
      vertex   -2.831903e+01 2.903180e+00 -5.107143e+00
    endloop
  endfacet
  facet normal -8.032075e-01 5.956993e-01 0.000000e+00
    outer loop
      vertex   -2.831903e+01 2.903180e+00 9.642857e-01
      vertex   -2.831903e+01 2.903180e+00 -5.107143e+00
      vertex   -2.849441e+01 2.666711e+00 9.642857e-01
    endloop
  endfacet
  facet normal -8.032075e-01 5.956993e-01 4.357189e-17
    outer loop
      vertex   -2.849441e+01 2.666711e+00 9.642857e-01
      vertex   -2.831903e+01 2.903180e+00 -5.107143e+00
      vertex   -2.849441e+01 2.666711e+00 -5.107143e+00
    endloop
  endfacet
  facet normal -8.577286e-01 5.141027e-01 3.760359e-17
    outer loop
      vertex   -2.849441e+01 2.666711e+00 9.642857e-01
      vertex   -2.849441e+01 2.666711e+00 -5.107143e+00
      vertex   -2.864576e+01 2.414190e+00 9.642857e-01
    endloop
  endfacet
  facet normal -8.577286e-01 5.141027e-01 -4.266952e-16
    outer loop
      vertex   -2.864576e+01 2.414190e+00 9.642857e-01
      vertex   -2.849441e+01 2.666711e+00 -5.107143e+00
      vertex   -2.864576e+01 2.414190e+00 -5.107143e+00
    endloop
  endfacet
  facet normal -9.039893e-01 4.275551e-01 -4.664256e-16
    outer loop
      vertex   -2.864576e+01 2.414190e+00 9.642857e-01
      vertex   -2.864576e+01 2.414190e+00 -5.107143e+00
      vertex   -2.877164e+01 2.148050e+00 9.642857e-01
    endloop
  endfacet
  facet normal -9.039893e-01 4.275551e-01 6.254627e-17
    outer loop
      vertex   -2.877164e+01 2.148050e+00 9.642857e-01
      vertex   -2.864576e+01 2.414190e+00 -5.107143e+00
      vertex   -2.877164e+01 2.148050e+00 -5.107143e+00
    endloop
  endfacet
  facet normal -9.415441e-01 3.368899e-01 4.928301e-17
    outer loop
      vertex   -2.877164e+01 2.148050e+00 9.642857e-01
      vertex   -2.877164e+01 2.148050e+00 -5.107143e+00
      vertex   -2.887082e+01 1.870854e+00 9.642857e-01
    endloop
  endfacet
  facet normal -3.368899e-01 9.415441e-01 5.822961e-17
    outer loop
      vertex   -2.687085e+01 3.870821e+00 9.642857e-01
      vertex   -2.714805e+01 3.771639e+00 9.642857e-01
      vertex   -2.714805e+01 3.771639e+00 7.035714e+00
    endloop
  endfacet
  facet normal -4.275551e-01 9.039893e-01 1.179421e-16
    outer loop
      vertex   -2.714805e+01 3.771639e+00 7.035714e+00
      vertex   -2.714805e+01 3.771639e+00 9.642857e-01
      vertex   -2.741419e+01 3.645764e+00 7.035714e+00
    endloop
  endfacet
  facet normal -4.275551e-01 9.039893e-01 2.989120e-16
    outer loop
      vertex   -2.714805e+01 3.771639e+00 7.035714e+00
      vertex   -2.741419e+01 3.645764e+00 7.035714e+00
      vertex   -2.741419e+01 3.645764e+00 1.310714e+01
    endloop
  endfacet
  facet normal -5.141027e-01 8.577286e-01 4.134440e-16
    outer loop
      vertex   -2.741419e+01 3.645764e+00 1.310714e+01
      vertex   -2.741419e+01 3.645764e+00 7.035714e+00
      vertex   -2.766671e+01 3.494409e+00 1.310714e+01
    endloop
  endfacet
  facet normal -5.141027e-01 8.577286e-01 3.027940e-16
    outer loop
      vertex   -2.741419e+01 3.645764e+00 1.310714e+01
      vertex   -2.766671e+01 3.494409e+00 1.310714e+01
      vertex   -2.766671e+01 3.494409e+00 1.917857e+01
    endloop
  endfacet
  facet normal -5.956993e-01 8.032075e-01 3.485751e-16
    outer loop
      vertex   -2.766671e+01 3.494409e+00 1.917857e+01
      vertex   -2.766671e+01 3.494409e+00 1.310714e+01
      vertex   -2.790318e+01 3.319031e+00 1.917857e+01
    endloop
  endfacet
  facet normal -4.275551e-01 9.039893e-01 -1.983645e-16
    outer loop
      vertex   -2.741419e+01 3.645764e+00 7.035714e+00
      vertex   -2.714805e+01 3.771639e+00 9.642857e-01
      vertex   -2.741419e+01 3.645764e+00 9.642857e-01
    endloop
  endfacet
  facet normal -5.141027e-01 8.577286e-01 -1.882134e-16
    outer loop
      vertex   -2.741419e+01 3.645764e+00 7.035714e+00
      vertex   -2.741419e+01 3.645764e+00 9.642857e-01
      vertex   -2.766671e+01 3.494409e+00 7.035714e+00
    endloop
  endfacet
  facet normal -5.141027e-01 8.577286e-01 -6.273779e-17
    outer loop
      vertex   -2.766671e+01 3.494409e+00 7.035714e+00
      vertex   -2.741419e+01 3.645764e+00 9.642857e-01
      vertex   -2.766671e+01 3.494409e+00 9.642857e-01
    endloop
  endfacet
  facet normal -5.956993e-01 8.032075e-01 -5.874990e-17
    outer loop
      vertex   -2.766671e+01 3.494409e+00 7.035714e+00
      vertex   -2.766671e+01 3.494409e+00 9.642857e-01
      vertex   -2.790318e+01 3.319031e+00 7.035714e+00
    endloop
  endfacet
  facet normal -5.956993e-01 8.032075e-01 5.796505e-16
    outer loop
      vertex   -2.790318e+01 3.319031e+00 7.035714e+00
      vertex   -2.766671e+01 3.494409e+00 9.642857e-01
      vertex   -2.790318e+01 3.319031e+00 9.642857e-01
    endloop
  endfacet
  facet normal -6.715590e-01 7.409511e-01 6.775368e-16
    outer loop
      vertex   -2.790318e+01 3.319031e+00 7.035714e+00
      vertex   -2.790318e+01 3.319031e+00 9.642857e-01
      vertex   -2.812132e+01 3.121320e+00 7.035714e+00
    endloop
  endfacet
  facet normal -6.715590e-01 7.409511e-01 -1.083924e-16
    outer loop
      vertex   -2.812132e+01 3.121320e+00 7.035714e+00
      vertex   -2.790318e+01 3.319031e+00 9.642857e-01
      vertex   -2.812132e+01 3.121320e+00 9.642857e-01
    endloop
  endfacet
  facet normal -7.409511e-01 6.715590e-01 -9.824116e-17
    outer loop
      vertex   -2.812132e+01 3.121320e+00 7.035714e+00
      vertex   -2.812132e+01 3.121320e+00 9.642857e-01
      vertex   -2.831903e+01 2.903180e+00 7.035714e+00
    endloop
  endfacet
  facet normal -7.409511e-01 6.715590e-01 0.000000e+00
    outer loop
      vertex   -2.831903e+01 2.903180e+00 7.035714e+00
      vertex   -2.812132e+01 3.121320e+00 9.642857e-01
      vertex   -2.831903e+01 2.903180e+00 9.642857e-01
    endloop
  endfacet
  facet normal -8.032075e-01 5.956993e-01 0.000000e+00
    outer loop
      vertex   -2.831903e+01 2.903180e+00 7.035714e+00
      vertex   -2.831903e+01 2.903180e+00 9.642857e-01
      vertex   -2.849441e+01 2.666711e+00 7.035714e+00
    endloop
  endfacet
  facet normal -8.032075e-01 5.956993e-01 4.357189e-17
    outer loop
      vertex   -2.849441e+01 2.666711e+00 7.035714e+00
      vertex   -2.831903e+01 2.903180e+00 9.642857e-01
      vertex   -2.849441e+01 2.666711e+00 9.642857e-01
    endloop
  endfacet
  facet normal -8.577286e-01 5.141027e-01 3.760359e-17
    outer loop
      vertex   -2.849441e+01 2.666711e+00 7.035714e+00
      vertex   -2.849441e+01 2.666711e+00 9.642857e-01
      vertex   -2.864576e+01 2.414190e+00 7.035714e+00
    endloop
  endfacet
  facet normal -8.577286e-01 5.141027e-01 7.520717e-17
    outer loop
      vertex   -2.864576e+01 2.414190e+00 7.035714e+00
      vertex   -2.849441e+01 2.666711e+00 9.642857e-01
      vertex   -2.864576e+01 2.414190e+00 9.642857e-01
    endloop
  endfacet
  facet normal -9.039893e-01 4.275551e-01 6.254627e-17
    outer loop
      vertex   -2.864576e+01 2.414190e+00 7.035714e+00
      vertex   -2.864576e+01 2.414190e+00 9.642857e-01
      vertex   -2.877164e+01 2.148050e+00 7.035714e+00
    endloop
  endfacet
  facet normal -9.039893e-01 4.275551e-01 9.381940e-17
    outer loop
      vertex   -2.877164e+01 2.148050e+00 7.035714e+00
      vertex   -2.864576e+01 2.414190e+00 9.642857e-01
      vertex   -2.877164e+01 2.148050e+00 9.642857e-01
    endloop
  endfacet
  facet normal -9.415441e-01 3.368899e-01 7.392452e-17
    outer loop
      vertex   -2.877164e+01 2.148050e+00 7.035714e+00
      vertex   -2.877164e+01 2.148050e+00 9.642857e-01
      vertex   -2.887082e+01 1.870854e+00 7.035714e+00
    endloop
  endfacet
  facet normal -9.415441e-01 3.368899e-01 4.928301e-17
    outer loop
      vertex   -2.887082e+01 1.870854e+00 7.035714e+00
      vertex   -2.877164e+01 2.148050e+00 9.642857e-01
      vertex   -2.887082e+01 1.870854e+00 9.642857e-01
    endloop
  endfacet
  facet normal -9.700313e-01 2.429802e-01 3.554514e-17
    outer loop
      vertex   -2.887082e+01 1.870854e+00 7.035714e+00
      vertex   -2.887082e+01 1.870854e+00 9.642857e-01
      vertex   -2.894236e+01 1.585271e+00 7.035714e+00
    endloop
  endfacet
  facet normal -5.141027e-01 8.577286e-01 1.746888e-16
    outer loop
      vertex   -2.741419e+01 3.645764e+00 7.035714e+00
      vertex   -2.766671e+01 3.494409e+00 7.035714e+00
      vertex   -2.766671e+01 3.494409e+00 1.310714e+01
    endloop
  endfacet
  facet normal -5.956993e-01 8.032075e-01 2.310753e-16
    outer loop
      vertex   -2.766671e+01 3.494409e+00 1.310714e+01
      vertex   -2.766671e+01 3.494409e+00 7.035714e+00
      vertex   -2.790318e+01 3.319031e+00 1.310714e+01
    endloop
  endfacet
  facet normal -5.956993e-01 8.032075e-01 2.911481e-16
    outer loop
      vertex   -2.766671e+01 3.494409e+00 1.310714e+01
      vertex   -2.790318e+01 3.319031e+00 1.310714e+01
      vertex   -2.790318e+01 3.319031e+00 1.917857e+01
    endloop
  endfacet
  facet normal -6.715590e-01 7.409511e-01 3.387684e-16
    outer loop
      vertex   -2.790318e+01 3.319031e+00 1.917857e+01
      vertex   -2.790318e+01 3.319031e+00 1.310714e+01
      vertex   -2.812132e+01 3.121320e+00 1.917857e+01
    endloop
  endfacet
  facet normal -5.956993e-01 8.032075e-01 0.000000e+00
    outer loop
      vertex   -2.790318e+01 3.319031e+00 1.310714e+01
      vertex   -2.766671e+01 3.494409e+00 7.035714e+00
      vertex   -2.790318e+01 3.319031e+00 7.035714e+00
    endloop
  endfacet
  facet normal -6.715590e-01 7.409511e-01 0.000000e+00
    outer loop
      vertex   -2.790318e+01 3.319031e+00 1.310714e+01
      vertex   -2.790318e+01 3.319031e+00 7.035714e+00
      vertex   -2.812132e+01 3.121320e+00 1.310714e+01
    endloop
  endfacet
  facet normal -6.715590e-01 7.409511e-01 0.000000e+00
    outer loop
      vertex   -2.812132e+01 3.121320e+00 1.310714e+01
      vertex   -2.790318e+01 3.319031e+00 7.035714e+00
      vertex   -2.812132e+01 3.121320e+00 7.035714e+00
    endloop
  endfacet
  facet normal -7.409511e-01 6.715590e-01 0.000000e+00
    outer loop
      vertex   -2.812132e+01 3.121320e+00 1.310714e+01
      vertex   -2.812132e+01 3.121320e+00 7.035714e+00
      vertex   -2.831903e+01 2.903180e+00 1.310714e+01
    endloop
  endfacet
  facet normal -7.409511e-01 6.715590e-01 0.000000e+00
    outer loop
      vertex   -2.831903e+01 2.903180e+00 1.310714e+01
      vertex   -2.812132e+01 3.121320e+00 7.035714e+00
      vertex   -2.831903e+01 2.903180e+00 7.035714e+00
    endloop
  endfacet
  facet normal -8.032075e-01 5.956993e-01 0.000000e+00
    outer loop
      vertex   -2.831903e+01 2.903180e+00 1.310714e+01
      vertex   -2.831903e+01 2.903180e+00 7.035714e+00
      vertex   -2.849441e+01 2.666711e+00 1.310714e+01
    endloop
  endfacet
  facet normal -8.032075e-01 5.956993e-01 -4.264273e-16
    outer loop
      vertex   -2.849441e+01 2.666711e+00 1.310714e+01
      vertex   -2.831903e+01 2.903180e+00 7.035714e+00
      vertex   -2.849441e+01 2.666711e+00 7.035714e+00
    endloop
  endfacet
  facet normal -8.577286e-01 5.141027e-01 -4.642987e-16
    outer loop
      vertex   -2.849441e+01 2.666711e+00 1.310714e+01
      vertex   -2.849441e+01 2.666711e+00 7.035714e+00
      vertex   -2.864576e+01 2.414190e+00 1.310714e+01
    endloop
  endfacet
  facet normal -8.577286e-01 5.141027e-01 7.520717e-17
    outer loop
      vertex   -2.864576e+01 2.414190e+00 1.310714e+01
      vertex   -2.849441e+01 2.666711e+00 7.035714e+00
      vertex   -2.864576e+01 2.414190e+00 7.035714e+00
    endloop
  endfacet
  facet normal -9.039893e-01 4.275551e-01 6.254627e-17
    outer loop
      vertex   -2.864576e+01 2.414190e+00 1.310714e+01
      vertex   -2.864576e+01 2.414190e+00 7.035714e+00
      vertex   -2.877164e+01 2.148050e+00 1.310714e+01
    endloop
  endfacet
  facet normal -9.039893e-01 4.275551e-01 9.381940e-17
    outer loop
      vertex   -2.877164e+01 2.148050e+00 1.310714e+01
      vertex   -2.864576e+01 2.414190e+00 7.035714e+00
      vertex   -2.877164e+01 2.148050e+00 7.035714e+00
    endloop
  endfacet
  facet normal -9.415441e-01 3.368899e-01 7.392452e-17
    outer loop
      vertex   -2.877164e+01 2.148050e+00 1.310714e+01
      vertex   -2.877164e+01 2.148050e+00 7.035714e+00
      vertex   -2.887082e+01 1.870854e+00 1.310714e+01
    endloop
  endfacet
  facet normal -9.415441e-01 3.368899e-01 8.624527e-17
    outer loop
      vertex   -2.887082e+01 1.870854e+00 1.310714e+01
      vertex   -2.877164e+01 2.148050e+00 7.035714e+00
      vertex   -2.887082e+01 1.870854e+00 7.035714e+00
    endloop
  endfacet
  facet normal -9.700313e-01 2.429802e-01 6.220399e-17
    outer loop
      vertex   -2.887082e+01 1.870854e+00 1.310714e+01
      vertex   -2.887082e+01 1.870854e+00 7.035714e+00
      vertex   -2.894236e+01 1.585271e+00 1.310714e+01
    endloop
  endfacet
  facet normal -9.700313e-01 2.429802e-01 5.331770e-17
    outer loop
      vertex   -2.894236e+01 1.585271e+00 1.310714e+01
      vertex   -2.887082e+01 1.870854e+00 7.035714e+00
      vertex   -2.894236e+01 1.585271e+00 7.035714e+00
    endloop
  endfacet
  facet normal -9.891765e-01 1.467305e-01 3.219741e-17
    outer loop
      vertex   -2.894236e+01 1.585271e+00 1.310714e+01
      vertex   -2.894236e+01 1.585271e+00 7.035714e+00
      vertex   -2.898555e+01 1.294051e+00 1.310714e+01
    endloop
  endfacet
  facet normal -7.409511e-01 6.715590e-01 4.347811e-16
    outer loop
      vertex   -2.831903e+01 2.903180e+00 1.917857e+01
      vertex   -2.812132e+01 3.121320e+00 1.917857e+01
      vertex   -2.812132e+01 3.121320e+00 1.310714e+01
    endloop
  endfacet
  facet normal -6.715590e-01 7.409511e-01 3.929646e-16
    outer loop
      vertex   -2.812132e+01 3.121320e+00 1.310714e+01
      vertex   -2.812132e+01 3.121320e+00 1.917857e+01
      vertex   -2.790318e+01 3.319031e+00 1.310714e+01
    endloop
  endfacet
  facet normal -7.409511e-01 6.715590e-01 8.671393e-16
    outer loop
      vertex   -2.831903e+01 2.903180e+00 1.917857e+01
      vertex   -2.812132e+01 3.121320e+00 1.310714e+01
      vertex   -2.831903e+01 2.903180e+00 1.310714e+01
    endloop
  endfacet
  facet normal -8.032075e-01 5.956993e-01 9.394377e-16
    outer loop
      vertex   -2.849441e+01 2.666711e+00 1.917857e+01
      vertex   -2.831903e+01 2.903180e+00 1.917857e+01
      vertex   -2.831903e+01 2.903180e+00 1.310714e+01
    endloop
  endfacet
  facet normal -8.032075e-01 5.956993e-01 5.135711e-16
    outer loop
      vertex   -2.849441e+01 2.666711e+00 1.917857e+01
      vertex   -2.831903e+01 2.903180e+00 1.310714e+01
      vertex   -2.849441e+01 2.666711e+00 1.310714e+01
    endloop
  endfacet
  facet normal -8.577286e-01 5.141027e-01 5.395944e-16
    outer loop
      vertex   -2.864576e+01 2.414190e+00 1.917857e+01
      vertex   -2.849441e+01 2.666711e+00 1.917857e+01
      vertex   -2.849441e+01 2.666711e+00 1.310714e+01
    endloop
  endfacet
  facet normal -8.577286e-01 5.141027e-01 5.771095e-16
    outer loop
      vertex   -2.864576e+01 2.414190e+00 1.917857e+01
      vertex   -2.849441e+01 2.666711e+00 1.310714e+01
      vertex   -2.864576e+01 2.414190e+00 1.310714e+01
    endloop
  endfacet
  facet normal -9.039893e-01 4.275551e-01 5.939420e-16
    outer loop
      vertex   -2.877164e+01 2.148050e+00 1.917857e+01
      vertex   -2.864576e+01 2.414190e+00 1.917857e+01
      vertex   -2.864576e+01 2.414190e+00 1.310714e+01
    endloop
  endfacet
  facet normal -9.039893e-01 4.275551e-01 9.381940e-17
    outer loop
      vertex   -2.877164e+01 2.148050e+00 1.917857e+01
      vertex   -2.864576e+01 2.414190e+00 1.310714e+01
      vertex   -2.877164e+01 2.148050e+00 1.310714e+01
    endloop
  endfacet
  facet normal -9.415441e-01 3.368899e-01 7.375751e-17
    outer loop
      vertex   -2.887082e+01 1.870854e+00 1.917857e+01
      vertex   -2.877164e+01 2.148050e+00 1.917857e+01
      vertex   -2.877164e+01 2.148050e+00 1.310714e+01
    endloop
  endfacet
  facet normal -9.415441e-01 3.368899e-01 6.248717e-16
    outer loop
      vertex   -2.887082e+01 1.870854e+00 1.917857e+01
      vertex   -2.877164e+01 2.148050e+00 1.310714e+01
      vertex   -2.887082e+01 1.870854e+00 1.310714e+01
    endloop
  endfacet
  facet normal -9.700313e-01 2.429802e-01 6.211159e-16
    outer loop
      vertex   -2.894236e+01 1.585271e+00 1.917857e+01
      vertex   -2.887082e+01 1.870854e+00 1.917857e+01
      vertex   -2.887082e+01 1.870854e+00 1.310714e+01
    endloop
  endfacet
  facet normal -9.700313e-01 2.429802e-01 1.188551e-15
    outer loop
      vertex   -2.894236e+01 1.585271e+00 1.917857e+01
      vertex   -2.887082e+01 1.870854e+00 1.310714e+01
      vertex   -2.894236e+01 1.585271e+00 1.310714e+01
    endloop
  endfacet
  facet normal -9.891765e-01 1.467305e-01 1.189825e-15
    outer loop
      vertex   -2.898555e+01 1.294051e+00 1.917857e+01
      vertex   -2.894236e+01 1.585271e+00 1.917857e+01
      vertex   -2.894236e+01 1.585271e+00 1.310714e+01
    endloop
  endfacet
  facet normal -9.891765e-01 1.467305e-01 5.949181e-16
    outer loop
      vertex   -2.898555e+01 1.294051e+00 1.917857e+01
      vertex   -2.894236e+01 1.585271e+00 1.310714e+01
      vertex   -2.898555e+01 1.294051e+00 1.310714e+01
    endloop
  endfacet
  facet normal 0.000000e+00 4.906767e-02 -9.987955e-01
    outer loop
      vertex   -2.100000e+01 1.294051e+00 -2.523555e+01
      vertex   -1.500000e+01 1.294051e+00 -2.523555e+01
      vertex   -2.100000e+01 1.000000e+00 -2.525000e+01
    endloop
  endfacet
  facet normal 0.000000e+00 4.906767e-02 -9.987955e-01
    outer loop
      vertex   -2.100000e+01 1.000000e+00 -2.525000e+01
      vertex   -1.500000e+01 1.294051e+00 -2.523555e+01
      vertex   -9.000000e+00 1.294051e+00 -2.523555e+01
    endloop
  endfacet
  facet normal 0.000000e+00 4.906767e-02 -9.987955e-01
    outer loop
      vertex   -2.100000e+01 1.000000e+00 -2.525000e+01
      vertex   -9.000000e+00 1.294051e+00 -2.523555e+01
      vertex   -3.000000e+00 1.294051e+00 -2.523555e+01
    endloop
  endfacet
  facet normal 0.000000e+00 1.467305e-01 -9.891765e-01
    outer loop
      vertex   -3.000000e+00 1.294051e+00 -2.523555e+01
      vertex   -9.000000e+00 1.294051e+00 -2.523555e+01
      vertex   -3.000000e+00 1.585271e+00 -2.519236e+01
    endloop
  endfacet
  facet normal 0.000000e+00 1.467305e-01 -9.891765e-01
    outer loop
      vertex   -3.000000e+00 1.294051e+00 -2.523555e+01
      vertex   -3.000000e+00 1.585271e+00 -2.519236e+01
      vertex   3.000000e+00 1.585271e+00 -2.519236e+01
    endloop
  endfacet
  facet normal 0.000000e+00 2.429802e-01 -9.700313e-01
    outer loop
      vertex   3.000000e+00 1.585271e+00 -2.519236e+01
      vertex   -3.000000e+00 1.585271e+00 -2.519236e+01
      vertex   3.000000e+00 1.870854e+00 -2.512082e+01
    endloop
  endfacet
  facet normal 0.000000e+00 2.429802e-01 -9.700313e-01
    outer loop
      vertex   3.000000e+00 1.585271e+00 -2.519236e+01
      vertex   3.000000e+00 1.870854e+00 -2.512082e+01
      vertex   9.000000e+00 1.870854e+00 -2.512082e+01
    endloop
  endfacet
  facet normal 0.000000e+00 3.368899e-01 -9.415441e-01
    outer loop
      vertex   9.000000e+00 1.870854e+00 -2.512082e+01
      vertex   3.000000e+00 1.870854e+00 -2.512082e+01
      vertex   9.000000e+00 2.148050e+00 -2.502164e+01
    endloop
  endfacet
  facet normal 0.000000e+00 3.368899e-01 -9.415441e-01
    outer loop
      vertex   9.000000e+00 1.870854e+00 -2.512082e+01
      vertex   9.000000e+00 2.148050e+00 -2.502164e+01
      vertex   1.500000e+01 2.148050e+00 -2.502164e+01
    endloop
  endfacet
  facet normal 0.000000e+00 4.275551e-01 -9.039893e-01
    outer loop
      vertex   1.500000e+01 2.148050e+00 -2.502164e+01
      vertex   9.000000e+00 2.148050e+00 -2.502164e+01
      vertex   1.500000e+01 2.414190e+00 -2.489576e+01
    endloop
  endfacet
  facet normal 0.000000e+00 4.275551e-01 -9.039893e-01
    outer loop
      vertex   1.500000e+01 2.148050e+00 -2.502164e+01
      vertex   1.500000e+01 2.414190e+00 -2.489576e+01
      vertex   2.100000e+01 2.414190e+00 -2.489576e+01
    endloop
  endfacet
  facet normal 0.000000e+00 5.141027e-01 -8.577286e-01
    outer loop
      vertex   2.100000e+01 2.414190e+00 -2.489576e+01
      vertex   1.500000e+01 2.414190e+00 -2.489576e+01
      vertex   2.100000e+01 2.666711e+00 -2.474441e+01
    endloop
  endfacet
  facet normal -7.610249e-17 5.141027e-01 -8.577286e-01
    outer loop
      vertex   2.100000e+01 2.666711e+00 -2.474441e+01
      vertex   1.500000e+01 2.414190e+00 -2.489576e+01
      vertex   1.500000e+01 2.666711e+00 -2.474441e+01
    endloop
  endfacet
  facet normal -8.818121e-17 5.956993e-01 -8.032075e-01
    outer loop
      vertex   2.100000e+01 2.666711e+00 -2.474441e+01
      vertex   1.500000e+01 2.666711e+00 -2.474441e+01
      vertex   2.100000e+01 2.903180e+00 -2.456903e+01
    endloop
  endfacet
  facet normal 0.000000e+00 5.956993e-01 -8.032075e-01
    outer loop
      vertex   2.100000e+01 2.903180e+00 -2.456903e+01
      vertex   1.500000e+01 2.666711e+00 -2.474441e+01
      vertex   1.500000e+01 2.903180e+00 -2.456903e+01
    endloop
  endfacet
  facet normal 0.000000e+00 6.715590e-01 -7.409511e-01
    outer loop
      vertex   2.100000e+01 2.903180e+00 -2.456903e+01
      vertex   1.500000e+01 2.903180e+00 -2.456903e+01
      vertex   2.100000e+01 3.121320e+00 -2.437132e+01
    endloop
  endfacet
  facet normal 0.000000e+00 6.715590e-01 -7.409511e-01
    outer loop
      vertex   2.100000e+01 3.121320e+00 -2.437132e+01
      vertex   1.500000e+01 2.903180e+00 -2.456903e+01
      vertex   1.500000e+01 3.121320e+00 -2.437132e+01
    endloop
  endfacet
  facet normal 0.000000e+00 7.409511e-01 -6.715590e-01
    outer loop
      vertex   2.100000e+01 3.121320e+00 -2.437132e+01
      vertex   1.500000e+01 3.121320e+00 -2.437132e+01
      vertex   2.100000e+01 3.319031e+00 -2.415318e+01
    endloop
  endfacet
  facet normal -1.096828e-16 7.409511e-01 -6.715590e-01
    outer loop
      vertex   2.100000e+01 3.319031e+00 -2.415318e+01
      vertex   1.500000e+01 3.121320e+00 -2.437132e+01
      vertex   1.500000e+01 3.319031e+00 -2.415318e+01
    endloop
  endfacet
  facet normal -1.188986e-16 8.032075e-01 -5.956993e-01
    outer loop
      vertex   2.100000e+01 3.319031e+00 -2.415318e+01
      vertex   1.500000e+01 3.319031e+00 -2.415318e+01
      vertex   2.100000e+01 3.494409e+00 -2.391671e+01
    endloop
  endfacet
  facet normal 0.000000e+00 8.032075e-01 -5.956993e-01
    outer loop
      vertex   2.100000e+01 3.494409e+00 -2.391671e+01
      vertex   1.500000e+01 3.319031e+00 -2.415318e+01
      vertex   1.500000e+01 3.494409e+00 -2.391671e+01
    endloop
  endfacet
  facet normal 0.000000e+00 8.577286e-01 -5.141027e-01
    outer loop
      vertex   2.100000e+01 3.494409e+00 -2.391671e+01
      vertex   1.500000e+01 3.494409e+00 -2.391671e+01
      vertex   2.100000e+01 3.645764e+00 -2.366419e+01
    endloop
  endfacet
  facet normal -1.269693e-16 8.577286e-01 -5.141027e-01
    outer loop
      vertex   2.100000e+01 3.645764e+00 -2.366419e+01
      vertex   1.500000e+01 3.494409e+00 -2.391671e+01
      vertex   1.500000e+01 3.645764e+00 -2.366419e+01
    endloop
  endfacet
  facet normal -1.338173e-16 9.039893e-01 -4.275551e-01
    outer loop
      vertex   2.100000e+01 3.645764e+00 -2.366419e+01
      vertex   1.500000e+01 3.645764e+00 -2.366419e+01
      vertex   2.100000e+01 3.771639e+00 -2.339805e+01
    endloop
  endfacet
  facet normal 0.000000e+00 9.039893e-01 -4.275551e-01
    outer loop
      vertex   2.100000e+01 3.771639e+00 -2.339805e+01
      vertex   1.500000e+01 3.645764e+00 -2.366419e+01
      vertex   1.500000e+01 3.771639e+00 -2.339805e+01
    endloop
  endfacet
  facet normal 0.000000e+00 9.415441e-01 -3.368899e-01
    outer loop
      vertex   2.100000e+01 3.771639e+00 -2.339805e+01
      vertex   1.500000e+01 3.771639e+00 -2.339805e+01
      vertex   2.100000e+01 3.870821e+00 -2.312085e+01
    endloop
  endfacet
  facet normal 0.000000e+00 9.415441e-01 -3.368899e-01
    outer loop
      vertex   2.100000e+01 3.870821e+00 -2.312085e+01
      vertex   1.500000e+01 3.771639e+00 -2.339805e+01
      vertex   1.500000e+01 3.870821e+00 -2.312085e+01
    endloop
  endfacet
  facet normal 0.000000e+00 9.700313e-01 -2.429802e-01
    outer loop
      vertex   2.100000e+01 3.870821e+00 -2.312085e+01
      vertex   1.500000e+01 3.870821e+00 -2.312085e+01
      vertex   2.100000e+01 3.942356e+00 -2.283527e+01
    endloop
  endfacet
  facet normal 0.000000e+00 9.700313e-01 -2.429802e-01
    outer loop
      vertex   2.100000e+01 3.942356e+00 -2.283527e+01
      vertex   1.500000e+01 3.870821e+00 -2.312085e+01
      vertex   1.500000e+01 3.942356e+00 -2.283527e+01
    endloop
  endfacet
  facet normal 0.000000e+00 9.891765e-01 -1.467305e-01
    outer loop
      vertex   2.100000e+01 3.942356e+00 -2.283527e+01
      vertex   1.500000e+01 3.942356e+00 -2.283527e+01
      vertex   2.100000e+01 3.985554e+00 -2.254405e+01
    endloop
  endfacet
  facet normal 0.000000e+00 9.891765e-01 -1.467305e-01
    outer loop
      vertex   2.100000e+01 3.985554e+00 -2.254405e+01
      vertex   1.500000e+01 3.942356e+00 -2.283527e+01
      vertex   1.500000e+01 3.985554e+00 -2.254405e+01
    endloop
  endfacet
  facet normal 0.000000e+00 9.987955e-01 -4.906767e-02
    outer loop
      vertex   2.100000e+01 3.985554e+00 -2.254405e+01
      vertex   1.500000e+01 3.985554e+00 -2.254405e+01
      vertex   2.100000e+01 4.000000e+00 -2.225000e+01
    endloop
  endfacet
  facet normal 0.000000e+00 9.987955e-01 -4.906767e-02
    outer loop
      vertex   2.100000e+01 4.000000e+00 -2.225000e+01
      vertex   1.500000e+01 3.985554e+00 -2.254405e+01
      vertex   9.000000e+00 3.985554e+00 -2.254405e+01
    endloop
  endfacet
  facet normal 0.000000e+00 9.987955e-01 -4.906767e-02
    outer loop
      vertex   2.100000e+01 4.000000e+00 -2.225000e+01
      vertex   9.000000e+00 3.985554e+00 -2.254405e+01
      vertex   3.000000e+00 3.985554e+00 -2.254405e+01
    endloop
  endfacet
  facet normal 0.000000e+00 9.891765e-01 -1.467305e-01
    outer loop
      vertex   3.000000e+00 3.985554e+00 -2.254405e+01
      vertex   9.000000e+00 3.985554e+00 -2.254405e+01
      vertex   3.000000e+00 3.942356e+00 -2.283527e+01
    endloop
  endfacet
  facet normal 0.000000e+00 9.891765e-01 -1.467305e-01
    outer loop
      vertex   3.000000e+00 3.985554e+00 -2.254405e+01
      vertex   3.000000e+00 3.942356e+00 -2.283527e+01
      vertex   -3.000000e+00 3.942356e+00 -2.283527e+01
    endloop
  endfacet
  facet normal 0.000000e+00 9.700313e-01 -2.429802e-01
    outer loop
      vertex   -3.000000e+00 3.942356e+00 -2.283527e+01
      vertex   3.000000e+00 3.942356e+00 -2.283527e+01
      vertex   -3.000000e+00 3.870821e+00 -2.312085e+01
    endloop
  endfacet
  facet normal 0.000000e+00 9.700313e-01 -2.429802e-01
    outer loop
      vertex   -3.000000e+00 3.942356e+00 -2.283527e+01
      vertex   -3.000000e+00 3.870821e+00 -2.312085e+01
      vertex   -9.000000e+00 3.870821e+00 -2.312085e+01
    endloop
  endfacet
  facet normal 0.000000e+00 9.415441e-01 -3.368899e-01
    outer loop
      vertex   -9.000000e+00 3.870821e+00 -2.312085e+01
      vertex   -3.000000e+00 3.870821e+00 -2.312085e+01
      vertex   -9.000000e+00 3.771639e+00 -2.339805e+01
    endloop
  endfacet
  facet normal 0.000000e+00 9.415441e-01 -3.368899e-01
    outer loop
      vertex   -9.000000e+00 3.870821e+00 -2.312085e+01
      vertex   -9.000000e+00 3.771639e+00 -2.339805e+01
      vertex   -1.500000e+01 3.771639e+00 -2.339805e+01
    endloop
  endfacet
  facet normal 0.000000e+00 9.039893e-01 -4.275551e-01
    outer loop
      vertex   -1.500000e+01 3.771639e+00 -2.339805e+01
      vertex   -9.000000e+00 3.771639e+00 -2.339805e+01
      vertex   -1.500000e+01 3.645764e+00 -2.366419e+01
    endloop
  endfacet
  facet normal 1.335584e-16 9.039893e-01 -4.275551e-01
    outer loop
      vertex   -1.500000e+01 3.771639e+00 -2.339805e+01
      vertex   -1.500000e+01 3.645764e+00 -2.366419e+01
      vertex   -2.100000e+01 3.645764e+00 -2.366419e+01
    endloop
  endfacet
  facet normal 1.269693e-16 8.577286e-01 -5.141027e-01
    outer loop
      vertex   -2.100000e+01 3.645764e+00 -2.366419e+01
      vertex   -1.500000e+01 3.645764e+00 -2.366419e+01
      vertex   -2.100000e+01 3.494409e+00 -2.391671e+01
    endloop
  endfacet
  facet normal 0.000000e+00 8.577286e-01 -5.141027e-01
    outer loop
      vertex   -2.100000e+01 3.494409e+00 -2.391671e+01
      vertex   -1.500000e+01 3.645764e+00 -2.366419e+01
      vertex   -1.500000e+01 3.494409e+00 -2.391671e+01
    endloop
  endfacet
  facet normal 0.000000e+00 8.032075e-01 -5.956993e-01
    outer loop
      vertex   -2.100000e+01 3.494409e+00 -2.391671e+01
      vertex   -1.500000e+01 3.494409e+00 -2.391671e+01
      vertex   -2.100000e+01 3.319031e+00 -2.415318e+01
    endloop
  endfacet
  facet normal 1.188986e-16 8.032075e-01 -5.956993e-01
    outer loop
      vertex   -2.100000e+01 3.319031e+00 -2.415318e+01
      vertex   -1.500000e+01 3.494409e+00 -2.391671e+01
      vertex   -1.500000e+01 3.319031e+00 -2.415318e+01
    endloop
  endfacet
  facet normal 1.096828e-16 7.409511e-01 -6.715590e-01
    outer loop
      vertex   -2.100000e+01 3.319031e+00 -2.415318e+01
      vertex   -1.500000e+01 3.319031e+00 -2.415318e+01
      vertex   -2.100000e+01 3.121320e+00 -2.437132e+01
    endloop
  endfacet
  facet normal 0.000000e+00 7.409511e-01 -6.715590e-01
    outer loop
      vertex   -2.100000e+01 3.121320e+00 -2.437132e+01
      vertex   -1.500000e+01 3.319031e+00 -2.415318e+01
      vertex   -1.500000e+01 3.121320e+00 -2.437132e+01
    endloop
  endfacet
  facet normal 0.000000e+00 6.715590e-01 -7.409511e-01
    outer loop
      vertex   -2.100000e+01 3.121320e+00 -2.437132e+01
      vertex   -1.500000e+01 3.121320e+00 -2.437132e+01
      vertex   -2.100000e+01 2.903180e+00 -2.456903e+01
    endloop
  endfacet
  facet normal 0.000000e+00 6.715590e-01 -7.409511e-01
    outer loop
      vertex   -2.100000e+01 2.903180e+00 -2.456903e+01
      vertex   -1.500000e+01 3.121320e+00 -2.437132e+01
      vertex   -1.500000e+01 2.903180e+00 -2.456903e+01
    endloop
  endfacet
  facet normal 0.000000e+00 5.956993e-01 -8.032075e-01
    outer loop
      vertex   -2.100000e+01 2.903180e+00 -2.456903e+01
      vertex   -1.500000e+01 2.903180e+00 -2.456903e+01
      vertex   -2.100000e+01 2.666711e+00 -2.474441e+01
    endloop
  endfacet
  facet normal 8.818121e-17 5.956993e-01 -8.032075e-01
    outer loop
      vertex   -2.100000e+01 2.666711e+00 -2.474441e+01
      vertex   -1.500000e+01 2.903180e+00 -2.456903e+01
      vertex   -1.500000e+01 2.666711e+00 -2.474441e+01
    endloop
  endfacet
  facet normal 7.610249e-17 5.141027e-01 -8.577286e-01
    outer loop
      vertex   -2.100000e+01 2.666711e+00 -2.474441e+01
      vertex   -1.500000e+01 2.666711e+00 -2.474441e+01
      vertex   -2.100000e+01 2.414190e+00 -2.489576e+01
    endloop
  endfacet
  facet normal 0.000000e+00 5.141027e-01 -8.577286e-01
    outer loop
      vertex   -2.100000e+01 2.414190e+00 -2.489576e+01
      vertex   -1.500000e+01 2.666711e+00 -2.474441e+01
      vertex   -1.500000e+01 2.414190e+00 -2.489576e+01
    endloop
  endfacet
  facet normal 0.000000e+00 4.275551e-01 -9.039893e-01
    outer loop
      vertex   -2.100000e+01 2.414190e+00 -2.489576e+01
      vertex   -1.500000e+01 2.414190e+00 -2.489576e+01
      vertex   -2.100000e+01 2.148050e+00 -2.502164e+01
    endloop
  endfacet
  facet normal 3.164543e-17 4.275551e-01 -9.039893e-01
    outer loop
      vertex   -2.100000e+01 2.148050e+00 -2.502164e+01
      vertex   -1.500000e+01 2.414190e+00 -2.489576e+01
      vertex   -1.500000e+01 2.148050e+00 -2.502164e+01
    endloop
  endfacet
  facet normal 2.493486e-17 3.368899e-01 -9.415441e-01
    outer loop
      vertex   -2.100000e+01 2.148050e+00 -2.502164e+01
      vertex   -1.500000e+01 2.148050e+00 -2.502164e+01
      vertex   -2.100000e+01 1.870854e+00 -2.512082e+01
    endloop
  endfacet
  facet normal 2.493486e-17 3.368899e-01 -9.415441e-01
    outer loop
      vertex   -2.100000e+01 1.870854e+00 -2.512082e+01
      vertex   -1.500000e+01 2.148050e+00 -2.502164e+01
      vertex   -1.500000e+01 1.870854e+00 -2.512082e+01
    endloop
  endfacet
  facet normal 1.798415e-17 2.429802e-01 -9.700313e-01
    outer loop
      vertex   -2.100000e+01 1.870854e+00 -2.512082e+01
      vertex   -1.500000e+01 1.870854e+00 -2.512082e+01
      vertex   -2.100000e+01 1.585271e+00 -2.519236e+01
    endloop
  endfacet
  facet normal -8.992073e-18 2.429802e-01 -9.700313e-01
    outer loop
      vertex   -2.100000e+01 1.585271e+00 -2.519236e+01
      vertex   -1.500000e+01 1.870854e+00 -2.512082e+01
      vertex   -1.500000e+01 1.585271e+00 -2.519236e+01
    endloop
  endfacet
  facet normal -5.430118e-18 1.467305e-01 -9.891765e-01
    outer loop
      vertex   -2.100000e+01 1.585271e+00 -2.519236e+01
      vertex   -1.500000e+01 1.585271e+00 -2.519236e+01
      vertex   -2.100000e+01 1.294051e+00 -2.523555e+01
    endloop
  endfacet
  facet normal 0.000000e+00 1.467305e-01 -9.891765e-01
    outer loop
      vertex   -2.100000e+01 1.294051e+00 -2.523555e+01
      vertex   -1.500000e+01 1.585271e+00 -2.519236e+01
      vertex   -1.500000e+01 1.294051e+00 -2.523555e+01
    endloop
  endfacet
  facet normal 0.000000e+00 9.039893e-01 -4.275551e-01
    outer loop
      vertex   -2.100000e+01 3.645764e+00 -2.366419e+01
      vertex   -2.100000e+01 3.771639e+00 -2.339805e+01
      vertex   -1.500000e+01 3.771639e+00 -2.339805e+01
    endloop
  endfacet
  facet normal 0.000000e+00 9.415441e-01 -3.368899e-01
    outer loop
      vertex   -1.500000e+01 3.771639e+00 -2.339805e+01
      vertex   -2.100000e+01 3.771639e+00 -2.339805e+01
      vertex   -1.500000e+01 3.870821e+00 -2.312085e+01
    endloop
  endfacet
  facet normal 0.000000e+00 9.415441e-01 -3.368899e-01
    outer loop
      vertex   -1.500000e+01 3.771639e+00 -2.339805e+01
      vertex   -1.500000e+01 3.870821e+00 -2.312085e+01
      vertex   -9.000000e+00 3.870821e+00 -2.312085e+01
    endloop
  endfacet
  facet normal 0.000000e+00 9.700313e-01 -2.429802e-01
    outer loop
      vertex   -9.000000e+00 3.870821e+00 -2.312085e+01
      vertex   -1.500000e+01 3.870821e+00 -2.312085e+01
      vertex   -9.000000e+00 3.942356e+00 -2.283527e+01
    endloop
  endfacet
  facet normal 0.000000e+00 9.700313e-01 -2.429802e-01
    outer loop
      vertex   -9.000000e+00 3.870821e+00 -2.312085e+01
      vertex   -9.000000e+00 3.942356e+00 -2.283527e+01
      vertex   -3.000000e+00 3.942356e+00 -2.283527e+01
    endloop
  endfacet
  facet normal 0.000000e+00 9.891765e-01 -1.467305e-01
    outer loop
      vertex   -3.000000e+00 3.942356e+00 -2.283527e+01
      vertex   -9.000000e+00 3.942356e+00 -2.283527e+01
      vertex   -3.000000e+00 3.985554e+00 -2.254405e+01
    endloop
  endfacet
  facet normal 0.000000e+00 9.891765e-01 -1.467305e-01
    outer loop
      vertex   -3.000000e+00 3.942356e+00 -2.283527e+01
      vertex   -3.000000e+00 3.985554e+00 -2.254405e+01
      vertex   3.000000e+00 3.985554e+00 -2.254405e+01
    endloop
  endfacet
  facet normal 0.000000e+00 9.987955e-01 -4.906767e-02
    outer loop
      vertex   3.000000e+00 3.985554e+00 -2.254405e+01
      vertex   -3.000000e+00 3.985554e+00 -2.254405e+01
      vertex   2.100000e+01 4.000000e+00 -2.225000e+01
    endloop
  endfacet
  facet normal 0.000000e+00 9.415441e-01 -3.368899e-01
    outer loop
      vertex   -2.100000e+01 3.771639e+00 -2.339805e+01
      vertex   -2.100000e+01 3.870821e+00 -2.312085e+01
      vertex   -1.500000e+01 3.870821e+00 -2.312085e+01
    endloop
  endfacet
  facet normal 0.000000e+00 9.700313e-01 -2.429802e-01
    outer loop
      vertex   -1.500000e+01 3.870821e+00 -2.312085e+01
      vertex   -2.100000e+01 3.870821e+00 -2.312085e+01
      vertex   -1.500000e+01 3.942356e+00 -2.283527e+01
    endloop
  endfacet
  facet normal 0.000000e+00 9.700313e-01 -2.429802e-01
    outer loop
      vertex   -1.500000e+01 3.870821e+00 -2.312085e+01
      vertex   -1.500000e+01 3.942356e+00 -2.283527e+01
      vertex   -9.000000e+00 3.942356e+00 -2.283527e+01
    endloop
  endfacet
  facet normal 0.000000e+00 9.891765e-01 -1.467305e-01
    outer loop
      vertex   -9.000000e+00 3.942356e+00 -2.283527e+01
      vertex   -1.500000e+01 3.942356e+00 -2.283527e+01
      vertex   -9.000000e+00 3.985554e+00 -2.254405e+01
    endloop
  endfacet
  facet normal 0.000000e+00 9.891765e-01 -1.467305e-01
    outer loop
      vertex   -9.000000e+00 3.942356e+00 -2.283527e+01
      vertex   -9.000000e+00 3.985554e+00 -2.254405e+01
      vertex   -3.000000e+00 3.985554e+00 -2.254405e+01
    endloop
  endfacet
  facet normal 0.000000e+00 9.987955e-01 -4.906767e-02
    outer loop
      vertex   -3.000000e+00 3.985554e+00 -2.254405e+01
      vertex   -9.000000e+00 3.985554e+00 -2.254405e+01
      vertex   -2.100000e+01 4.000000e+00 -2.225000e+01
    endloop
  endfacet
  facet normal 0.000000e+00 9.987955e-01 -4.906767e-02
    outer loop
      vertex   -3.000000e+00 3.985554e+00 -2.254405e+01
      vertex   -2.100000e+01 4.000000e+00 -2.225000e+01
      vertex   2.100000e+01 4.000000e+00 -2.225000e+01
    endloop
  endfacet
  facet normal 0.000000e+00 9.700313e-01 -2.429802e-01
    outer loop
      vertex   -2.100000e+01 3.870821e+00 -2.312085e+01
      vertex   -2.100000e+01 3.942356e+00 -2.283527e+01
      vertex   -1.500000e+01 3.942356e+00 -2.283527e+01
    endloop
  endfacet
  facet normal 0.000000e+00 9.891765e-01 -1.467305e-01
    outer loop
      vertex   -1.500000e+01 3.942356e+00 -2.283527e+01
      vertex   -2.100000e+01 3.942356e+00 -2.283527e+01
      vertex   -1.500000e+01 3.985554e+00 -2.254405e+01
    endloop
  endfacet
  facet normal 0.000000e+00 9.891765e-01 -1.467305e-01
    outer loop
      vertex   -1.500000e+01 3.942356e+00 -2.283527e+01
      vertex   -1.500000e+01 3.985554e+00 -2.254405e+01
      vertex   -9.000000e+00 3.985554e+00 -2.254405e+01
    endloop
  endfacet
  facet normal 0.000000e+00 9.987955e-01 -4.906767e-02
    outer loop
      vertex   -9.000000e+00 3.985554e+00 -2.254405e+01
      vertex   -1.500000e+01 3.985554e+00 -2.254405e+01
      vertex   -2.100000e+01 4.000000e+00 -2.225000e+01
    endloop
  endfacet
  facet normal 0.000000e+00 9.891765e-01 -1.467305e-01
    outer loop
      vertex   -2.100000e+01 3.942356e+00 -2.283527e+01
      vertex   -2.100000e+01 3.985554e+00 -2.254405e+01
      vertex   -1.500000e+01 3.985554e+00 -2.254405e+01
    endloop
  endfacet
  facet normal 0.000000e+00 9.987955e-01 -4.906767e-02
    outer loop
      vertex   -1.500000e+01 3.985554e+00 -2.254405e+01
      vertex   -2.100000e+01 3.985554e+00 -2.254405e+01
      vertex   -2.100000e+01 4.000000e+00 -2.225000e+01
    endloop
  endfacet
  facet normal -3.142550e-17 4.275551e-01 -9.039893e-01
    outer loop
      vertex   2.100000e+01 2.414190e+00 -2.489576e+01
      vertex   2.100000e+01 2.148050e+00 -2.502164e+01
      vertex   1.500000e+01 2.148050e+00 -2.502164e+01
    endloop
  endfacet
  facet normal -2.493486e-17 3.368899e-01 -9.415441e-01
    outer loop
      vertex   1.500000e+01 2.148050e+00 -2.502164e+01
      vertex   2.100000e+01 2.148050e+00 -2.502164e+01
      vertex   1.500000e+01 1.870854e+00 -2.512082e+01
    endloop
  endfacet
  facet normal 0.000000e+00 3.368899e-01 -9.415441e-01
    outer loop
      vertex   1.500000e+01 2.148050e+00 -2.502164e+01
      vertex   1.500000e+01 1.870854e+00 -2.512082e+01
      vertex   9.000000e+00 1.870854e+00 -2.512082e+01
    endloop
  endfacet
  facet normal 0.000000e+00 2.429802e-01 -9.700313e-01
    outer loop
      vertex   9.000000e+00 1.870854e+00 -2.512082e+01
      vertex   1.500000e+01 1.870854e+00 -2.512082e+01
      vertex   9.000000e+00 1.585271e+00 -2.519236e+01
    endloop
  endfacet
  facet normal 0.000000e+00 2.429802e-01 -9.700313e-01
    outer loop
      vertex   9.000000e+00 1.870854e+00 -2.512082e+01
      vertex   9.000000e+00 1.585271e+00 -2.519236e+01
      vertex   3.000000e+00 1.585271e+00 -2.519236e+01
    endloop
  endfacet
  facet normal 0.000000e+00 1.467305e-01 -9.891765e-01
    outer loop
      vertex   3.000000e+00 1.585271e+00 -2.519236e+01
      vertex   9.000000e+00 1.585271e+00 -2.519236e+01
      vertex   3.000000e+00 1.294051e+00 -2.523555e+01
    endloop
  endfacet
  facet normal 0.000000e+00 1.467305e-01 -9.891765e-01
    outer loop
      vertex   3.000000e+00 1.585271e+00 -2.519236e+01
      vertex   3.000000e+00 1.294051e+00 -2.523555e+01
      vertex   -3.000000e+00 1.294051e+00 -2.523555e+01
    endloop
  endfacet
  facet normal 0.000000e+00 4.906767e-02 -9.987955e-01
    outer loop
      vertex   -3.000000e+00 1.294051e+00 -2.523555e+01
      vertex   3.000000e+00 1.294051e+00 -2.523555e+01
      vertex   -2.100000e+01 1.000000e+00 -2.525000e+01
    endloop
  endfacet
  facet normal -2.553322e-17 3.368899e-01 -9.415441e-01
    outer loop
      vertex   2.100000e+01 2.148050e+00 -2.502164e+01
      vertex   2.100000e+01 1.870854e+00 -2.512082e+01
      vertex   1.500000e+01 1.870854e+00 -2.512082e+01
    endloop
  endfacet
  facet normal -1.798415e-17 2.429802e-01 -9.700313e-01
    outer loop
      vertex   1.500000e+01 1.870854e+00 -2.512082e+01
      vertex   2.100000e+01 1.870854e+00 -2.512082e+01
      vertex   1.500000e+01 1.585271e+00 -2.519236e+01
    endloop
  endfacet
  facet normal 0.000000e+00 2.429802e-01 -9.700313e-01
    outer loop
      vertex   1.500000e+01 1.870854e+00 -2.512082e+01
      vertex   1.500000e+01 1.585271e+00 -2.519236e+01
      vertex   9.000000e+00 1.585271e+00 -2.519236e+01
    endloop
  endfacet
  facet normal 0.000000e+00 1.467305e-01 -9.891765e-01
    outer loop
      vertex   9.000000e+00 1.585271e+00 -2.519236e+01
      vertex   1.500000e+01 1.585271e+00 -2.519236e+01
      vertex   9.000000e+00 1.294051e+00 -2.523555e+01
    endloop
  endfacet
  facet normal 0.000000e+00 1.467305e-01 -9.891765e-01
    outer loop
      vertex   9.000000e+00 1.585271e+00 -2.519236e+01
      vertex   9.000000e+00 1.294051e+00 -2.523555e+01
      vertex   3.000000e+00 1.294051e+00 -2.523555e+01
    endloop
  endfacet
  facet normal 0.000000e+00 4.906767e-02 -9.987955e-01
    outer loop
      vertex   3.000000e+00 1.294051e+00 -2.523555e+01
      vertex   9.000000e+00 1.294051e+00 -2.523555e+01
      vertex   2.100000e+01 1.000000e+00 -2.525000e+01
    endloop
  endfacet
  facet normal 0.000000e+00 4.906767e-02 -9.987955e-01
    outer loop
      vertex   3.000000e+00 1.294051e+00 -2.523555e+01
      vertex   2.100000e+01 1.000000e+00 -2.525000e+01
      vertex   -2.100000e+01 1.000000e+00 -2.525000e+01
    endloop
  endfacet
  facet normal 7.856376e-18 2.429802e-01 -9.700313e-01
    outer loop
      vertex   2.100000e+01 1.870854e+00 -2.512082e+01
      vertex   2.100000e+01 1.585271e+00 -2.519236e+01
      vertex   1.500000e+01 1.585271e+00 -2.519236e+01
    endloop
  endfacet
  facet normal 5.430118e-18 1.467305e-01 -9.891765e-01
    outer loop
      vertex   1.500000e+01 1.585271e+00 -2.519236e+01
      vertex   2.100000e+01 1.585271e+00 -2.519236e+01
      vertex   1.500000e+01 1.294051e+00 -2.523555e+01
    endloop
  endfacet
  facet normal 0.000000e+00 1.467305e-01 -9.891765e-01
    outer loop
      vertex   1.500000e+01 1.585271e+00 -2.519236e+01
      vertex   1.500000e+01 1.294051e+00 -2.523555e+01
      vertex   9.000000e+00 1.294051e+00 -2.523555e+01
    endloop
  endfacet
  facet normal 0.000000e+00 4.906767e-02 -9.987955e-01
    outer loop
      vertex   9.000000e+00 1.294051e+00 -2.523555e+01
      vertex   1.500000e+01 1.294051e+00 -2.523555e+01
      vertex   2.100000e+01 1.000000e+00 -2.525000e+01
    endloop
  endfacet
  facet normal 0.000000e+00 1.467305e-01 -9.891765e-01
    outer loop
      vertex   2.100000e+01 1.585271e+00 -2.519236e+01
      vertex   2.100000e+01 1.294051e+00 -2.523555e+01
      vertex   1.500000e+01 1.294051e+00 -2.523555e+01
    endloop
  endfacet
  facet normal 0.000000e+00 4.906767e-02 -9.987955e-01
    outer loop
      vertex   1.500000e+01 1.294051e+00 -2.523555e+01
      vertex   2.100000e+01 1.294051e+00 -2.523555e+01
      vertex   2.100000e+01 1.000000e+00 -2.525000e+01
    endloop
  endfacet
  facet normal 0.000000e+00 1.467305e-01 -9.891765e-01
    outer loop
      vertex   -9.000000e+00 1.294051e+00 -2.523555e+01
      vertex   -1.500000e+01 1.294051e+00 -2.523555e+01
      vertex   -9.000000e+00 1.585271e+00 -2.519236e+01
    endloop
  endfacet
  facet normal 0.000000e+00 1.467305e-01 -9.891765e-01
    outer loop
      vertex   -9.000000e+00 1.585271e+00 -2.519236e+01
      vertex   -1.500000e+01 1.294051e+00 -2.523555e+01
      vertex   -1.500000e+01 1.585271e+00 -2.519236e+01
    endloop
  endfacet
  facet normal 0.000000e+00 2.429802e-01 -9.700313e-01
    outer loop
      vertex   -9.000000e+00 1.585271e+00 -2.519236e+01
      vertex   -1.500000e+01 1.585271e+00 -2.519236e+01
      vertex   -9.000000e+00 1.870854e+00 -2.512082e+01
    endloop
  endfacet
  facet normal 0.000000e+00 2.429802e-01 -9.700313e-01
    outer loop
      vertex   -9.000000e+00 1.870854e+00 -2.512082e+01
      vertex   -1.500000e+01 1.585271e+00 -2.519236e+01
      vertex   -1.500000e+01 1.870854e+00 -2.512082e+01
    endloop
  endfacet
  facet normal 0.000000e+00 3.368899e-01 -9.415441e-01
    outer loop
      vertex   -9.000000e+00 1.870854e+00 -2.512082e+01
      vertex   -1.500000e+01 1.870854e+00 -2.512082e+01
      vertex   -9.000000e+00 2.148050e+00 -2.502164e+01
    endloop
  endfacet
  facet normal 0.000000e+00 3.368899e-01 -9.415441e-01
    outer loop
      vertex   -9.000000e+00 2.148050e+00 -2.502164e+01
      vertex   -1.500000e+01 1.870854e+00 -2.512082e+01
      vertex   -1.500000e+01 2.148050e+00 -2.502164e+01
    endloop
  endfacet
  facet normal 0.000000e+00 4.275551e-01 -9.039893e-01
    outer loop
      vertex   -9.000000e+00 2.148050e+00 -2.502164e+01
      vertex   -1.500000e+01 2.148050e+00 -2.502164e+01
      vertex   -9.000000e+00 2.414190e+00 -2.489576e+01
    endloop
  endfacet
  facet normal 0.000000e+00 4.275551e-01 -9.039893e-01
    outer loop
      vertex   -9.000000e+00 2.414190e+00 -2.489576e+01
      vertex   -1.500000e+01 2.148050e+00 -2.502164e+01
      vertex   -1.500000e+01 2.414190e+00 -2.489576e+01
    endloop
  endfacet
  facet normal 0.000000e+00 5.141027e-01 -8.577286e-01
    outer loop
      vertex   -9.000000e+00 2.414190e+00 -2.489576e+01
      vertex   -1.500000e+01 2.414190e+00 -2.489576e+01
      vertex   -9.000000e+00 2.666711e+00 -2.474441e+01
    endloop
  endfacet
  facet normal 0.000000e+00 5.141027e-01 -8.577286e-01
    outer loop
      vertex   -9.000000e+00 2.666711e+00 -2.474441e+01
      vertex   -1.500000e+01 2.414190e+00 -2.489576e+01
      vertex   -1.500000e+01 2.666711e+00 -2.474441e+01
    endloop
  endfacet
  facet normal 0.000000e+00 5.956993e-01 -8.032075e-01
    outer loop
      vertex   -9.000000e+00 2.666711e+00 -2.474441e+01
      vertex   -1.500000e+01 2.666711e+00 -2.474441e+01
      vertex   -9.000000e+00 2.903180e+00 -2.456903e+01
    endloop
  endfacet
  facet normal 0.000000e+00 5.956993e-01 -8.032075e-01
    outer loop
      vertex   -9.000000e+00 2.903180e+00 -2.456903e+01
      vertex   -1.500000e+01 2.666711e+00 -2.474441e+01
      vertex   -1.500000e+01 2.903180e+00 -2.456903e+01
    endloop
  endfacet
  facet normal 0.000000e+00 6.715590e-01 -7.409511e-01
    outer loop
      vertex   -9.000000e+00 2.903180e+00 -2.456903e+01
      vertex   -1.500000e+01 2.903180e+00 -2.456903e+01
      vertex   -9.000000e+00 3.121320e+00 -2.437132e+01
    endloop
  endfacet
  facet normal 0.000000e+00 6.715590e-01 -7.409511e-01
    outer loop
      vertex   -9.000000e+00 3.121320e+00 -2.437132e+01
      vertex   -1.500000e+01 2.903180e+00 -2.456903e+01
      vertex   -1.500000e+01 3.121320e+00 -2.437132e+01
    endloop
  endfacet
  facet normal 0.000000e+00 7.409511e-01 -6.715590e-01
    outer loop
      vertex   -9.000000e+00 3.121320e+00 -2.437132e+01
      vertex   -1.500000e+01 3.121320e+00 -2.437132e+01
      vertex   -9.000000e+00 3.319031e+00 -2.415318e+01
    endloop
  endfacet
  facet normal 0.000000e+00 7.409511e-01 -6.715590e-01
    outer loop
      vertex   -9.000000e+00 3.319031e+00 -2.415318e+01
      vertex   -1.500000e+01 3.121320e+00 -2.437132e+01
      vertex   -1.500000e+01 3.319031e+00 -2.415318e+01
    endloop
  endfacet
  facet normal 0.000000e+00 8.032075e-01 -5.956993e-01
    outer loop
      vertex   -9.000000e+00 3.319031e+00 -2.415318e+01
      vertex   -1.500000e+01 3.319031e+00 -2.415318e+01
      vertex   -9.000000e+00 3.494409e+00 -2.391671e+01
    endloop
  endfacet
  facet normal 0.000000e+00 8.032075e-01 -5.956993e-01
    outer loop
      vertex   -9.000000e+00 3.494409e+00 -2.391671e+01
      vertex   -1.500000e+01 3.319031e+00 -2.415318e+01
      vertex   -1.500000e+01 3.494409e+00 -2.391671e+01
    endloop
  endfacet
  facet normal 0.000000e+00 8.577286e-01 -5.141027e-01
    outer loop
      vertex   -9.000000e+00 3.494409e+00 -2.391671e+01
      vertex   -1.500000e+01 3.494409e+00 -2.391671e+01
      vertex   -9.000000e+00 3.645764e+00 -2.366419e+01
    endloop
  endfacet
  facet normal 0.000000e+00 8.577286e-01 -5.141027e-01
    outer loop
      vertex   -9.000000e+00 3.645764e+00 -2.366419e+01
      vertex   -1.500000e+01 3.494409e+00 -2.391671e+01
      vertex   -1.500000e+01 3.645764e+00 -2.366419e+01
    endloop
  endfacet
  facet normal 0.000000e+00 9.039893e-01 -4.275551e-01
    outer loop
      vertex   -9.000000e+00 3.645764e+00 -2.366419e+01
      vertex   -1.500000e+01 3.645764e+00 -2.366419e+01
      vertex   -9.000000e+00 3.771639e+00 -2.339805e+01
    endloop
  endfacet
  facet normal 0.000000e+00 1.467305e-01 -9.891765e-01
    outer loop
      vertex   -9.000000e+00 1.294051e+00 -2.523555e+01
      vertex   -9.000000e+00 1.585271e+00 -2.519236e+01
      vertex   -3.000000e+00 1.585271e+00 -2.519236e+01
    endloop
  endfacet
  facet normal 0.000000e+00 2.429802e-01 -9.700313e-01
    outer loop
      vertex   -3.000000e+00 1.585271e+00 -2.519236e+01
      vertex   -9.000000e+00 1.585271e+00 -2.519236e+01
      vertex   -3.000000e+00 1.870854e+00 -2.512082e+01
    endloop
  endfacet
  facet normal 0.000000e+00 2.429802e-01 -9.700313e-01
    outer loop
      vertex   -3.000000e+00 1.585271e+00 -2.519236e+01
      vertex   -3.000000e+00 1.870854e+00 -2.512082e+01
      vertex   3.000000e+00 1.870854e+00 -2.512082e+01
    endloop
  endfacet
  facet normal 0.000000e+00 3.368899e-01 -9.415441e-01
    outer loop
      vertex   3.000000e+00 1.870854e+00 -2.512082e+01
      vertex   -3.000000e+00 1.870854e+00 -2.512082e+01
      vertex   3.000000e+00 2.148050e+00 -2.502164e+01
    endloop
  endfacet
  facet normal 0.000000e+00 3.368899e-01 -9.415441e-01
    outer loop
      vertex   3.000000e+00 1.870854e+00 -2.512082e+01
      vertex   3.000000e+00 2.148050e+00 -2.502164e+01
      vertex   9.000000e+00 2.148050e+00 -2.502164e+01
    endloop
  endfacet
  facet normal 0.000000e+00 4.275551e-01 -9.039893e-01
    outer loop
      vertex   9.000000e+00 2.148050e+00 -2.502164e+01
      vertex   3.000000e+00 2.148050e+00 -2.502164e+01
      vertex   9.000000e+00 2.414190e+00 -2.489576e+01
    endloop
  endfacet
  facet normal 0.000000e+00 4.275551e-01 -9.039893e-01
    outer loop
      vertex   9.000000e+00 2.148050e+00 -2.502164e+01
      vertex   9.000000e+00 2.414190e+00 -2.489576e+01
      vertex   1.500000e+01 2.414190e+00 -2.489576e+01
    endloop
  endfacet
  facet normal 0.000000e+00 5.141027e-01 -8.577286e-01
    outer loop
      vertex   1.500000e+01 2.414190e+00 -2.489576e+01
      vertex   9.000000e+00 2.414190e+00 -2.489576e+01
      vertex   1.500000e+01 2.666711e+00 -2.474441e+01
    endloop
  endfacet
  facet normal 0.000000e+00 2.429802e-01 -9.700313e-01
    outer loop
      vertex   -3.000000e+00 1.870854e+00 -2.512082e+01
      vertex   -9.000000e+00 1.585271e+00 -2.519236e+01
      vertex   -9.000000e+00 1.870854e+00 -2.512082e+01
    endloop
  endfacet
  facet normal 0.000000e+00 3.368899e-01 -9.415441e-01
    outer loop
      vertex   -3.000000e+00 1.870854e+00 -2.512082e+01
      vertex   -9.000000e+00 1.870854e+00 -2.512082e+01
      vertex   -3.000000e+00 2.148050e+00 -2.502164e+01
    endloop
  endfacet
  facet normal 0.000000e+00 3.368899e-01 -9.415441e-01
    outer loop
      vertex   -3.000000e+00 2.148050e+00 -2.502164e+01
      vertex   -9.000000e+00 1.870854e+00 -2.512082e+01
      vertex   -9.000000e+00 2.148050e+00 -2.502164e+01
    endloop
  endfacet
  facet normal 0.000000e+00 4.275551e-01 -9.039893e-01
    outer loop
      vertex   -3.000000e+00 2.148050e+00 -2.502164e+01
      vertex   -9.000000e+00 2.148050e+00 -2.502164e+01
      vertex   -3.000000e+00 2.414190e+00 -2.489576e+01
    endloop
  endfacet
  facet normal 0.000000e+00 4.275551e-01 -9.039893e-01
    outer loop
      vertex   -3.000000e+00 2.414190e+00 -2.489576e+01
      vertex   -9.000000e+00 2.148050e+00 -2.502164e+01
      vertex   -9.000000e+00 2.414190e+00 -2.489576e+01
    endloop
  endfacet
  facet normal 0.000000e+00 5.141027e-01 -8.577286e-01
    outer loop
      vertex   -3.000000e+00 2.414190e+00 -2.489576e+01
      vertex   -9.000000e+00 2.414190e+00 -2.489576e+01
      vertex   -3.000000e+00 2.666711e+00 -2.474441e+01
    endloop
  endfacet
  facet normal 0.000000e+00 5.141027e-01 -8.577286e-01
    outer loop
      vertex   -3.000000e+00 2.666711e+00 -2.474441e+01
      vertex   -9.000000e+00 2.414190e+00 -2.489576e+01
      vertex   -9.000000e+00 2.666711e+00 -2.474441e+01
    endloop
  endfacet
  facet normal 0.000000e+00 5.956993e-01 -8.032075e-01
    outer loop
      vertex   -3.000000e+00 2.666711e+00 -2.474441e+01
      vertex   -9.000000e+00 2.666711e+00 -2.474441e+01
      vertex   -3.000000e+00 2.903180e+00 -2.456903e+01
    endloop
  endfacet
  facet normal 0.000000e+00 5.956993e-01 -8.032075e-01
    outer loop
      vertex   -3.000000e+00 2.903180e+00 -2.456903e+01
      vertex   -9.000000e+00 2.666711e+00 -2.474441e+01
      vertex   -9.000000e+00 2.903180e+00 -2.456903e+01
    endloop
  endfacet
  facet normal 0.000000e+00 6.715590e-01 -7.409511e-01
    outer loop
      vertex   -3.000000e+00 2.903180e+00 -2.456903e+01
      vertex   -9.000000e+00 2.903180e+00 -2.456903e+01
      vertex   -3.000000e+00 3.121320e+00 -2.437132e+01
    endloop
  endfacet
  facet normal 0.000000e+00 6.715590e-01 -7.409511e-01
    outer loop
      vertex   -3.000000e+00 3.121320e+00 -2.437132e+01
      vertex   -9.000000e+00 2.903180e+00 -2.456903e+01
      vertex   -9.000000e+00 3.121320e+00 -2.437132e+01
    endloop
  endfacet
  facet normal 0.000000e+00 7.409511e-01 -6.715590e-01
    outer loop
      vertex   -3.000000e+00 3.121320e+00 -2.437132e+01
      vertex   -9.000000e+00 3.121320e+00 -2.437132e+01
      vertex   -3.000000e+00 3.319031e+00 -2.415318e+01
    endloop
  endfacet
  facet normal 0.000000e+00 7.409511e-01 -6.715590e-01
    outer loop
      vertex   -3.000000e+00 3.319031e+00 -2.415318e+01
      vertex   -9.000000e+00 3.121320e+00 -2.437132e+01
      vertex   -9.000000e+00 3.319031e+00 -2.415318e+01
    endloop
  endfacet
  facet normal 0.000000e+00 8.032075e-01 -5.956993e-01
    outer loop
      vertex   -3.000000e+00 3.319031e+00 -2.415318e+01
      vertex   -9.000000e+00 3.319031e+00 -2.415318e+01
      vertex   -3.000000e+00 3.494409e+00 -2.391671e+01
    endloop
  endfacet
  facet normal 0.000000e+00 8.032075e-01 -5.956993e-01
    outer loop
      vertex   -3.000000e+00 3.494409e+00 -2.391671e+01
      vertex   -9.000000e+00 3.319031e+00 -2.415318e+01
      vertex   -9.000000e+00 3.494409e+00 -2.391671e+01
    endloop
  endfacet
  facet normal 0.000000e+00 8.577286e-01 -5.141027e-01
    outer loop
      vertex   -3.000000e+00 3.494409e+00 -2.391671e+01
      vertex   -9.000000e+00 3.494409e+00 -2.391671e+01
      vertex   -3.000000e+00 3.645764e+00 -2.366419e+01
    endloop
  endfacet
  facet normal 0.000000e+00 8.577286e-01 -5.141027e-01
    outer loop
      vertex   -3.000000e+00 3.645764e+00 -2.366419e+01
      vertex   -9.000000e+00 3.494409e+00 -2.391671e+01
      vertex   -9.000000e+00 3.645764e+00 -2.366419e+01
    endloop
  endfacet
  facet normal 0.000000e+00 9.039893e-01 -4.275551e-01
    outer loop
      vertex   -3.000000e+00 3.645764e+00 -2.366419e+01
      vertex   -9.000000e+00 3.645764e+00 -2.366419e+01
      vertex   -3.000000e+00 3.771639e+00 -2.339805e+01
    endloop
  endfacet
  facet normal 0.000000e+00 9.039893e-01 -4.275551e-01
    outer loop
      vertex   -3.000000e+00 3.771639e+00 -2.339805e+01
      vertex   -9.000000e+00 3.645764e+00 -2.366419e+01
      vertex   -9.000000e+00 3.771639e+00 -2.339805e+01
    endloop
  endfacet
  facet normal 0.000000e+00 9.415441e-01 -3.368899e-01
    outer loop
      vertex   -3.000000e+00 3.771639e+00 -2.339805e+01
      vertex   -9.000000e+00 3.771639e+00 -2.339805e+01
      vertex   -3.000000e+00 3.870821e+00 -2.312085e+01
    endloop
  endfacet
  facet normal 0.000000e+00 3.368899e-01 -9.415441e-01
    outer loop
      vertex   -3.000000e+00 1.870854e+00 -2.512082e+01
      vertex   -3.000000e+00 2.148050e+00 -2.502164e+01
      vertex   3.000000e+00 2.148050e+00 -2.502164e+01
    endloop
  endfacet
  facet normal 0.000000e+00 4.275551e-01 -9.039893e-01
    outer loop
      vertex   3.000000e+00 2.148050e+00 -2.502164e+01
      vertex   -3.000000e+00 2.148050e+00 -2.502164e+01
      vertex   3.000000e+00 2.414190e+00 -2.489576e+01
    endloop
  endfacet
  facet normal 0.000000e+00 4.275551e-01 -9.039893e-01
    outer loop
      vertex   3.000000e+00 2.148050e+00 -2.502164e+01
      vertex   3.000000e+00 2.414190e+00 -2.489576e+01
      vertex   9.000000e+00 2.414190e+00 -2.489576e+01
    endloop
  endfacet
  facet normal 0.000000e+00 5.141027e-01 -8.577286e-01
    outer loop
      vertex   9.000000e+00 2.414190e+00 -2.489576e+01
      vertex   3.000000e+00 2.414190e+00 -2.489576e+01
      vertex   9.000000e+00 2.666711e+00 -2.474441e+01
    endloop
  endfacet
  facet normal 0.000000e+00 5.141027e-01 -8.577286e-01
    outer loop
      vertex   9.000000e+00 2.414190e+00 -2.489576e+01
      vertex   9.000000e+00 2.666711e+00 -2.474441e+01
      vertex   1.500000e+01 2.666711e+00 -2.474441e+01
    endloop
  endfacet
  facet normal 0.000000e+00 5.956993e-01 -8.032075e-01
    outer loop
      vertex   1.500000e+01 2.666711e+00 -2.474441e+01
      vertex   9.000000e+00 2.666711e+00 -2.474441e+01
      vertex   1.500000e+01 2.903180e+00 -2.456903e+01
    endloop
  endfacet
  facet normal 0.000000e+00 4.275551e-01 -9.039893e-01
    outer loop
      vertex   3.000000e+00 2.414190e+00 -2.489576e+01
      vertex   -3.000000e+00 2.148050e+00 -2.502164e+01
      vertex   -3.000000e+00 2.414190e+00 -2.489576e+01
    endloop
  endfacet
  facet normal 0.000000e+00 5.141027e-01 -8.577286e-01
    outer loop
      vertex   3.000000e+00 2.414190e+00 -2.489576e+01
      vertex   -3.000000e+00 2.414190e+00 -2.489576e+01
      vertex   3.000000e+00 2.666711e+00 -2.474441e+01
    endloop
  endfacet
  facet normal 0.000000e+00 5.141027e-01 -8.577286e-01
    outer loop
      vertex   3.000000e+00 2.666711e+00 -2.474441e+01
      vertex   -3.000000e+00 2.414190e+00 -2.489576e+01
      vertex   -3.000000e+00 2.666711e+00 -2.474441e+01
    endloop
  endfacet
  facet normal 0.000000e+00 5.956993e-01 -8.032075e-01
    outer loop
      vertex   3.000000e+00 2.666711e+00 -2.474441e+01
      vertex   -3.000000e+00 2.666711e+00 -2.474441e+01
      vertex   3.000000e+00 2.903180e+00 -2.456903e+01
    endloop
  endfacet
  facet normal 0.000000e+00 5.956993e-01 -8.032075e-01
    outer loop
      vertex   3.000000e+00 2.903180e+00 -2.456903e+01
      vertex   -3.000000e+00 2.666711e+00 -2.474441e+01
      vertex   -3.000000e+00 2.903180e+00 -2.456903e+01
    endloop
  endfacet
  facet normal 0.000000e+00 6.715590e-01 -7.409511e-01
    outer loop
      vertex   3.000000e+00 2.903180e+00 -2.456903e+01
      vertex   -3.000000e+00 2.903180e+00 -2.456903e+01
      vertex   3.000000e+00 3.121320e+00 -2.437132e+01
    endloop
  endfacet
  facet normal 0.000000e+00 6.715590e-01 -7.409511e-01
    outer loop
      vertex   3.000000e+00 3.121320e+00 -2.437132e+01
      vertex   -3.000000e+00 2.903180e+00 -2.456903e+01
      vertex   -3.000000e+00 3.121320e+00 -2.437132e+01
    endloop
  endfacet
  facet normal 0.000000e+00 7.409511e-01 -6.715590e-01
    outer loop
      vertex   3.000000e+00 3.121320e+00 -2.437132e+01
      vertex   -3.000000e+00 3.121320e+00 -2.437132e+01
      vertex   3.000000e+00 3.319031e+00 -2.415318e+01
    endloop
  endfacet
  facet normal 0.000000e+00 7.409511e-01 -6.715590e-01
    outer loop
      vertex   3.000000e+00 3.319031e+00 -2.415318e+01
      vertex   -3.000000e+00 3.121320e+00 -2.437132e+01
      vertex   -3.000000e+00 3.319031e+00 -2.415318e+01
    endloop
  endfacet
  facet normal 0.000000e+00 8.032075e-01 -5.956993e-01
    outer loop
      vertex   3.000000e+00 3.319031e+00 -2.415318e+01
      vertex   -3.000000e+00 3.319031e+00 -2.415318e+01
      vertex   3.000000e+00 3.494409e+00 -2.391671e+01
    endloop
  endfacet
  facet normal 0.000000e+00 8.032075e-01 -5.956993e-01
    outer loop
      vertex   3.000000e+00 3.494409e+00 -2.391671e+01
      vertex   -3.000000e+00 3.319031e+00 -2.415318e+01
      vertex   -3.000000e+00 3.494409e+00 -2.391671e+01
    endloop
  endfacet
  facet normal 0.000000e+00 8.577286e-01 -5.141027e-01
    outer loop
      vertex   3.000000e+00 3.494409e+00 -2.391671e+01
      vertex   -3.000000e+00 3.494409e+00 -2.391671e+01
      vertex   3.000000e+00 3.645764e+00 -2.366419e+01
    endloop
  endfacet
  facet normal 0.000000e+00 8.577286e-01 -5.141027e-01
    outer loop
      vertex   3.000000e+00 3.645764e+00 -2.366419e+01
      vertex   -3.000000e+00 3.494409e+00 -2.391671e+01
      vertex   -3.000000e+00 3.645764e+00 -2.366419e+01
    endloop
  endfacet
  facet normal 0.000000e+00 9.039893e-01 -4.275551e-01
    outer loop
      vertex   3.000000e+00 3.645764e+00 -2.366419e+01
      vertex   -3.000000e+00 3.645764e+00 -2.366419e+01
      vertex   3.000000e+00 3.771639e+00 -2.339805e+01
    endloop
  endfacet
  facet normal 0.000000e+00 9.039893e-01 -4.275551e-01
    outer loop
      vertex   3.000000e+00 3.771639e+00 -2.339805e+01
      vertex   -3.000000e+00 3.645764e+00 -2.366419e+01
      vertex   -3.000000e+00 3.771639e+00 -2.339805e+01
    endloop
  endfacet
  facet normal 0.000000e+00 9.415441e-01 -3.368899e-01
    outer loop
      vertex   3.000000e+00 3.771639e+00 -2.339805e+01
      vertex   -3.000000e+00 3.771639e+00 -2.339805e+01
      vertex   3.000000e+00 3.870821e+00 -2.312085e+01
    endloop
  endfacet
  facet normal 0.000000e+00 9.415441e-01 -3.368899e-01
    outer loop
      vertex   3.000000e+00 3.870821e+00 -2.312085e+01
      vertex   -3.000000e+00 3.771639e+00 -2.339805e+01
      vertex   -3.000000e+00 3.870821e+00 -2.312085e+01
    endloop
  endfacet
  facet normal 0.000000e+00 9.700313e-01 -2.429802e-01
    outer loop
      vertex   3.000000e+00 3.870821e+00 -2.312085e+01
      vertex   -3.000000e+00 3.870821e+00 -2.312085e+01
      vertex   3.000000e+00 3.942356e+00 -2.283527e+01
    endloop
  endfacet
  facet normal 0.000000e+00 5.141027e-01 -8.577286e-01
    outer loop
      vertex   3.000000e+00 2.414190e+00 -2.489576e+01
      vertex   3.000000e+00 2.666711e+00 -2.474441e+01
      vertex   9.000000e+00 2.666711e+00 -2.474441e+01
    endloop
  endfacet
  facet normal 0.000000e+00 5.956993e-01 -8.032075e-01
    outer loop
      vertex   9.000000e+00 2.666711e+00 -2.474441e+01
      vertex   3.000000e+00 2.666711e+00 -2.474441e+01
      vertex   9.000000e+00 2.903180e+00 -2.456903e+01
    endloop
  endfacet
  facet normal 0.000000e+00 5.956993e-01 -8.032075e-01
    outer loop
      vertex   9.000000e+00 2.666711e+00 -2.474441e+01
      vertex   9.000000e+00 2.903180e+00 -2.456903e+01
      vertex   1.500000e+01 2.903180e+00 -2.456903e+01
    endloop
  endfacet
  facet normal 0.000000e+00 6.715590e-01 -7.409511e-01
    outer loop
      vertex   1.500000e+01 2.903180e+00 -2.456903e+01
      vertex   9.000000e+00 2.903180e+00 -2.456903e+01
      vertex   1.500000e+01 3.121320e+00 -2.437132e+01
    endloop
  endfacet
  facet normal 0.000000e+00 5.956993e-01 -8.032075e-01
    outer loop
      vertex   9.000000e+00 2.903180e+00 -2.456903e+01
      vertex   3.000000e+00 2.666711e+00 -2.474441e+01
      vertex   3.000000e+00 2.903180e+00 -2.456903e+01
    endloop
  endfacet
  facet normal 0.000000e+00 6.715590e-01 -7.409511e-01
    outer loop
      vertex   9.000000e+00 2.903180e+00 -2.456903e+01
      vertex   3.000000e+00 2.903180e+00 -2.456903e+01
      vertex   9.000000e+00 3.121320e+00 -2.437132e+01
    endloop
  endfacet
  facet normal 0.000000e+00 6.715590e-01 -7.409511e-01
    outer loop
      vertex   9.000000e+00 3.121320e+00 -2.437132e+01
      vertex   3.000000e+00 2.903180e+00 -2.456903e+01
      vertex   3.000000e+00 3.121320e+00 -2.437132e+01
    endloop
  endfacet
  facet normal 0.000000e+00 7.409511e-01 -6.715590e-01
    outer loop
      vertex   9.000000e+00 3.121320e+00 -2.437132e+01
      vertex   3.000000e+00 3.121320e+00 -2.437132e+01
      vertex   9.000000e+00 3.319031e+00 -2.415318e+01
    endloop
  endfacet
  facet normal 0.000000e+00 7.409511e-01 -6.715590e-01
    outer loop
      vertex   9.000000e+00 3.319031e+00 -2.415318e+01
      vertex   3.000000e+00 3.121320e+00 -2.437132e+01
      vertex   3.000000e+00 3.319031e+00 -2.415318e+01
    endloop
  endfacet
  facet normal 0.000000e+00 8.032075e-01 -5.956993e-01
    outer loop
      vertex   9.000000e+00 3.319031e+00 -2.415318e+01
      vertex   3.000000e+00 3.319031e+00 -2.415318e+01
      vertex   9.000000e+00 3.494409e+00 -2.391671e+01
    endloop
  endfacet
  facet normal 0.000000e+00 8.032075e-01 -5.956993e-01
    outer loop
      vertex   9.000000e+00 3.494409e+00 -2.391671e+01
      vertex   3.000000e+00 3.319031e+00 -2.415318e+01
      vertex   3.000000e+00 3.494409e+00 -2.391671e+01
    endloop
  endfacet
  facet normal 0.000000e+00 8.577286e-01 -5.141027e-01
    outer loop
      vertex   9.000000e+00 3.494409e+00 -2.391671e+01
      vertex   3.000000e+00 3.494409e+00 -2.391671e+01
      vertex   9.000000e+00 3.645764e+00 -2.366419e+01
    endloop
  endfacet
  facet normal 0.000000e+00 8.577286e-01 -5.141027e-01
    outer loop
      vertex   9.000000e+00 3.645764e+00 -2.366419e+01
      vertex   3.000000e+00 3.494409e+00 -2.391671e+01
      vertex   3.000000e+00 3.645764e+00 -2.366419e+01
    endloop
  endfacet
  facet normal 0.000000e+00 9.039893e-01 -4.275551e-01
    outer loop
      vertex   9.000000e+00 3.645764e+00 -2.366419e+01
      vertex   3.000000e+00 3.645764e+00 -2.366419e+01
      vertex   9.000000e+00 3.771639e+00 -2.339805e+01
    endloop
  endfacet
  facet normal 0.000000e+00 9.039893e-01 -4.275551e-01
    outer loop
      vertex   9.000000e+00 3.771639e+00 -2.339805e+01
      vertex   3.000000e+00 3.645764e+00 -2.366419e+01
      vertex   3.000000e+00 3.771639e+00 -2.339805e+01
    endloop
  endfacet
  facet normal 0.000000e+00 9.415441e-01 -3.368899e-01
    outer loop
      vertex   9.000000e+00 3.771639e+00 -2.339805e+01
      vertex   3.000000e+00 3.771639e+00 -2.339805e+01
      vertex   9.000000e+00 3.870821e+00 -2.312085e+01
    endloop
  endfacet
  facet normal 0.000000e+00 9.415441e-01 -3.368899e-01
    outer loop
      vertex   9.000000e+00 3.870821e+00 -2.312085e+01
      vertex   3.000000e+00 3.771639e+00 -2.339805e+01
      vertex   3.000000e+00 3.870821e+00 -2.312085e+01
    endloop
  endfacet
  facet normal 0.000000e+00 9.700313e-01 -2.429802e-01
    outer loop
      vertex   9.000000e+00 3.870821e+00 -2.312085e+01
      vertex   3.000000e+00 3.870821e+00 -2.312085e+01
      vertex   9.000000e+00 3.942356e+00 -2.283527e+01
    endloop
  endfacet
  facet normal 0.000000e+00 9.700313e-01 -2.429802e-01
    outer loop
      vertex   9.000000e+00 3.942356e+00 -2.283527e+01
      vertex   3.000000e+00 3.870821e+00 -2.312085e+01
      vertex   3.000000e+00 3.942356e+00 -2.283527e+01
    endloop
  endfacet
  facet normal 0.000000e+00 9.891765e-01 -1.467305e-01
    outer loop
      vertex   9.000000e+00 3.942356e+00 -2.283527e+01
      vertex   3.000000e+00 3.942356e+00 -2.283527e+01
      vertex   9.000000e+00 3.985554e+00 -2.254405e+01
    endloop
  endfacet
  facet normal 0.000000e+00 7.409511e-01 -6.715590e-01
    outer loop
      vertex   1.500000e+01 3.319031e+00 -2.415318e+01
      vertex   1.500000e+01 3.121320e+00 -2.437132e+01
      vertex   9.000000e+00 3.121320e+00 -2.437132e+01
    endloop
  endfacet
  facet normal 0.000000e+00 6.715590e-01 -7.409511e-01
    outer loop
      vertex   9.000000e+00 3.121320e+00 -2.437132e+01
      vertex   1.500000e+01 3.121320e+00 -2.437132e+01
      vertex   9.000000e+00 2.903180e+00 -2.456903e+01
    endloop
  endfacet
  facet normal 0.000000e+00 7.409511e-01 -6.715590e-01
    outer loop
      vertex   1.500000e+01 3.319031e+00 -2.415318e+01
      vertex   9.000000e+00 3.121320e+00 -2.437132e+01
      vertex   9.000000e+00 3.319031e+00 -2.415318e+01
    endloop
  endfacet
  facet normal 0.000000e+00 8.032075e-01 -5.956993e-01
    outer loop
      vertex   1.500000e+01 3.494409e+00 -2.391671e+01
      vertex   1.500000e+01 3.319031e+00 -2.415318e+01
      vertex   9.000000e+00 3.319031e+00 -2.415318e+01
    endloop
  endfacet
  facet normal 0.000000e+00 8.032075e-01 -5.956993e-01
    outer loop
      vertex   1.500000e+01 3.494409e+00 -2.391671e+01
      vertex   9.000000e+00 3.319031e+00 -2.415318e+01
      vertex   9.000000e+00 3.494409e+00 -2.391671e+01
    endloop
  endfacet
  facet normal 0.000000e+00 8.577286e-01 -5.141027e-01
    outer loop
      vertex   1.500000e+01 3.645764e+00 -2.366419e+01
      vertex   1.500000e+01 3.494409e+00 -2.391671e+01
      vertex   9.000000e+00 3.494409e+00 -2.391671e+01
    endloop
  endfacet
  facet normal 0.000000e+00 8.577286e-01 -5.141027e-01
    outer loop
      vertex   1.500000e+01 3.645764e+00 -2.366419e+01
      vertex   9.000000e+00 3.494409e+00 -2.391671e+01
      vertex   9.000000e+00 3.645764e+00 -2.366419e+01
    endloop
  endfacet
  facet normal 0.000000e+00 9.039893e-01 -4.275551e-01
    outer loop
      vertex   1.500000e+01 3.771639e+00 -2.339805e+01
      vertex   1.500000e+01 3.645764e+00 -2.366419e+01
      vertex   9.000000e+00 3.645764e+00 -2.366419e+01
    endloop
  endfacet
  facet normal 0.000000e+00 9.039893e-01 -4.275551e-01
    outer loop
      vertex   1.500000e+01 3.771639e+00 -2.339805e+01
      vertex   9.000000e+00 3.645764e+00 -2.366419e+01
      vertex   9.000000e+00 3.771639e+00 -2.339805e+01
    endloop
  endfacet
  facet normal 0.000000e+00 9.415441e-01 -3.368899e-01
    outer loop
      vertex   1.500000e+01 3.870821e+00 -2.312085e+01
      vertex   1.500000e+01 3.771639e+00 -2.339805e+01
      vertex   9.000000e+00 3.771639e+00 -2.339805e+01
    endloop
  endfacet
  facet normal 0.000000e+00 9.415441e-01 -3.368899e-01
    outer loop
      vertex   1.500000e+01 3.870821e+00 -2.312085e+01
      vertex   9.000000e+00 3.771639e+00 -2.339805e+01
      vertex   9.000000e+00 3.870821e+00 -2.312085e+01
    endloop
  endfacet
  facet normal 0.000000e+00 9.700313e-01 -2.429802e-01
    outer loop
      vertex   1.500000e+01 3.942356e+00 -2.283527e+01
      vertex   1.500000e+01 3.870821e+00 -2.312085e+01
      vertex   9.000000e+00 3.870821e+00 -2.312085e+01
    endloop
  endfacet
  facet normal 0.000000e+00 9.700313e-01 -2.429802e-01
    outer loop
      vertex   1.500000e+01 3.942356e+00 -2.283527e+01
      vertex   9.000000e+00 3.870821e+00 -2.312085e+01
      vertex   9.000000e+00 3.942356e+00 -2.283527e+01
    endloop
  endfacet
  facet normal 0.000000e+00 9.891765e-01 -1.467305e-01
    outer loop
      vertex   1.500000e+01 3.985554e+00 -2.254405e+01
      vertex   1.500000e+01 3.942356e+00 -2.283527e+01
      vertex   9.000000e+00 3.942356e+00 -2.283527e+01
    endloop
  endfacet
  facet normal 0.000000e+00 9.891765e-01 -1.467305e-01
    outer loop
      vertex   1.500000e+01 3.985554e+00 -2.254405e+01
      vertex   9.000000e+00 3.942356e+00 -2.283527e+01
      vertex   9.000000e+00 3.985554e+00 -2.254405e+01
    endloop
  endfacet
  facet normal 8.601427e-16 9.987955e-01 4.906767e-02
    outer loop
      vertex   -2.629405e+01 3.985554e+00 2.254405e+01
      vertex   -2.320000e+01 3.985554e+00 2.254405e+01
      vertex   -2.600000e+01 4.000000e+00 2.225000e+01
    endloop
  endfacet
  facet normal 0.000000e+00 9.987955e-01 4.906767e-02
    outer loop
      vertex   -2.600000e+01 4.000000e+00 2.225000e+01
      vertex   -2.320000e+01 3.985554e+00 2.254405e+01
      vertex   -1.740000e+01 3.985554e+00 2.254405e+01
    endloop
  endfacet
  facet normal 0.000000e+00 9.987955e-01 4.906767e-02
    outer loop
      vertex   -2.600000e+01 4.000000e+00 2.225000e+01
      vertex   -1.740000e+01 3.985554e+00 2.254405e+01
      vertex   -1.160000e+01 3.985554e+00 2.254405e+01
    endloop
  endfacet
  facet normal 0.000000e+00 9.891765e-01 1.467305e-01
    outer loop
      vertex   -1.160000e+01 3.985554e+00 2.254405e+01
      vertex   -1.740000e+01 3.985554e+00 2.254405e+01
      vertex   -1.160000e+01 3.942356e+00 2.283527e+01
    endloop
  endfacet
  facet normal -8.940014e-17 9.891765e-01 1.467305e-01
    outer loop
      vertex   -1.160000e+01 3.985554e+00 2.254405e+01
      vertex   -1.160000e+01 3.942356e+00 2.283527e+01
      vertex   -5.800000e+00 3.942356e+00 2.283527e+01
    endloop
  endfacet
  facet normal -1.488343e-16 9.700313e-01 2.429802e-01
    outer loop
      vertex   -5.800000e+00 3.942356e+00 2.283527e+01
      vertex   -1.160000e+01 3.942356e+00 2.283527e+01
      vertex   -5.800000e+00 3.870821e+00 2.312085e+01
    endloop
  endfacet
  facet normal 0.000000e+00 9.700313e-01 2.429802e-01
    outer loop
      vertex   -5.800000e+00 3.942356e+00 2.283527e+01
      vertex   -5.800000e+00 3.870821e+00 2.312085e+01
      vertex   6.661338e-16 3.870821e+00 2.312085e+01
    endloop
  endfacet
  facet normal 0.000000e+00 9.415441e-01 3.368899e-01
    outer loop
      vertex   6.661338e-16 3.870821e+00 2.312085e+01
      vertex   -5.800000e+00 3.870821e+00 2.312085e+01
      vertex   0.000000e+00 3.771639e+00 2.339805e+01
    endloop
  endfacet
  facet normal 0.000000e+00 9.415441e-01 3.368899e-01
    outer loop
      vertex   6.661338e-16 3.870821e+00 2.312085e+01
      vertex   0.000000e+00 3.771639e+00 2.339805e+01
      vertex   5.800000e+00 3.771639e+00 2.339805e+01
    endloop
  endfacet
  facet normal 0.000000e+00 9.039893e-01 4.275551e-01
    outer loop
      vertex   5.800000e+00 3.771639e+00 2.339805e+01
      vertex   0.000000e+00 3.771639e+00 2.339805e+01
      vertex   5.800000e+00 3.645764e+00 2.366419e+01
    endloop
  endfacet
  facet normal 0.000000e+00 9.039893e-01 4.275551e-01
    outer loop
      vertex   5.800000e+00 3.771639e+00 2.339805e+01
      vertex   5.800000e+00 3.645764e+00 2.366419e+01
      vertex   1.160000e+01 3.645764e+00 2.366419e+01
    endloop
  endfacet
  facet normal 0.000000e+00 8.577286e-01 5.141027e-01
    outer loop
      vertex   1.160000e+01 3.645764e+00 2.366419e+01
      vertex   5.800000e+00 3.645764e+00 2.366419e+01
      vertex   1.160000e+01 3.494409e+00 2.391671e+01
    endloop
  endfacet
  facet normal 0.000000e+00 8.577286e-01 5.141027e-01
    outer loop
      vertex   1.160000e+01 3.645764e+00 2.366419e+01
      vertex   1.160000e+01 3.494409e+00 2.391671e+01
      vertex   1.740000e+01 3.494409e+00 2.391671e+01
    endloop
  endfacet
  facet normal 0.000000e+00 8.032075e-01 5.956993e-01
    outer loop
      vertex   1.740000e+01 3.494409e+00 2.391671e+01
      vertex   1.160000e+01 3.494409e+00 2.391671e+01
      vertex   1.740000e+01 3.319031e+00 2.415318e+01
    endloop
  endfacet
  facet normal 0.000000e+00 8.032075e-01 5.956993e-01
    outer loop
      vertex   1.740000e+01 3.494409e+00 2.391671e+01
      vertex   1.740000e+01 3.319031e+00 2.415318e+01
      vertex   2.320000e+01 3.319031e+00 2.415318e+01
    endloop
  endfacet
  facet normal 0.000000e+00 7.409511e-01 6.715590e-01
    outer loop
      vertex   2.320000e+01 3.319031e+00 2.415318e+01
      vertex   1.740000e+01 3.319031e+00 2.415318e+01
      vertex   2.320000e+01 3.121320e+00 2.437132e+01
    endloop
  endfacet
  facet normal -7.505447e-04 7.409509e-01 6.715588e-01
    outer loop
      vertex   2.320000e+01 3.319031e+00 2.415318e+01
      vertex   2.320000e+01 3.121320e+00 2.437132e+01
      vertex   2.801468e+01 3.222853e+00 2.426468e+01
    endloop
  endfacet
  facet normal 0.000000e+00 7.242471e-01 6.895405e-01
    outer loop
      vertex   2.801468e+01 3.222853e+00 2.426468e+01
      vertex   2.320000e+01 3.121320e+00 2.437132e+01
      vertex   2.812132e+01 3.121320e+00 2.437132e+01
    endloop
  endfacet
  facet normal 0.000000e+00 6.895405e-01 7.242471e-01
    outer loop
      vertex   2.812132e+01 3.121320e+00 2.437132e+01
      vertex   2.320000e+01 3.121320e+00 2.437132e+01
      vertex   2.822285e+01 3.014677e+00 2.447285e+01
    endloop
  endfacet
  facet normal -7.194378e-04 6.715588e-01 7.409509e-01
    outer loop
      vertex   2.822285e+01 3.014677e+00 2.447285e+01
      vertex   2.320000e+01 3.121320e+00 2.437132e+01
      vertex   2.320000e+01 2.903180e+00 2.456903e+01
    endloop
  endfacet
  facet normal 1.334821e-15 6.531728e-01 7.572088e-01
    outer loop
      vertex   2.822285e+01 3.014677e+00 2.447285e+01
      vertex   2.320000e+01 2.903180e+00 2.456903e+01
      vertex   2.831903e+01 2.903180e+00 2.456903e+01
    endloop
  endfacet
  facet normal 1.361122e-15 6.152316e-01 7.883464e-01
    outer loop
      vertex   2.831903e+01 2.903180e+00 2.456903e+01
      vertex   2.320000e+01 2.903180e+00 2.456903e+01
      vertex   2.840962e+01 2.787098e+00 2.465962e+01
    endloop
  endfacet
  facet normal -6.936454e-04 5.956992e-01 8.032073e-01
    outer loop
      vertex   2.840962e+01 2.787098e+00 2.465962e+01
      vertex   2.320000e+01 2.903180e+00 2.456903e+01
      vertex   2.320000e+01 2.666711e+00 2.474441e+01
    endloop
  endfacet
  facet normal 6.453023e-16 5.758082e-01 8.175848e-01
    outer loop
      vertex   2.840962e+01 2.787098e+00 2.465962e+01
      vertex   2.320000e+01 2.666711e+00 2.474441e+01
      vertex   2.849441e+01 2.666711e+00 2.474441e+01
    endloop
  endfacet
  facet normal 6.566732e-16 5.349976e-01 8.448536e-01
    outer loop
      vertex   2.849441e+01 2.666711e+00 2.474441e+01
      vertex   2.320000e+01 2.666711e+00 2.474441e+01
      vertex   2.857319e+01 2.542308e+00 2.482319e+01
    endloop
  endfacet
  facet normal -6.725304e-04 5.141026e-01 8.577284e-01
    outer loop
      vertex   2.857319e+01 2.542308e+00 2.482319e+01
      vertex   2.320000e+01 2.666711e+00 2.474441e+01
      vertex   2.320000e+01 2.414190e+00 2.489576e+01
    endloop
  endfacet
  facet normal 5.278539e-16 4.928982e-01 8.700870e-01
    outer loop
      vertex   2.857319e+01 2.542308e+00 2.482319e+01
      vertex   2.320000e+01 2.414190e+00 2.489576e+01
      vertex   2.864576e+01 2.414190e+00 2.489576e+01
    endloop
  endfacet
  facet normal 5.460580e-16 4.496113e-01 8.932243e-01
    outer loop
      vertex   2.864576e+01 2.414190e+00 2.489576e+01
      vertex   2.320000e+01 2.414190e+00 2.489576e+01
      vertex   2.871197e+01 2.282665e+00 2.496197e+01
    endloop
  endfacet
  facet normal -6.555972e-04 4.275550e-01 9.039891e-01
    outer loop
      vertex   2.871197e+01 2.282665e+00 2.496197e+01
      vertex   2.320000e+01 2.414190e+00 2.489576e+01
      vertex   2.320000e+01 2.148050e+00 2.502164e+01
    endloop
  endfacet
  facet normal 6.470252e-16 4.052413e-01 9.142098e-01
    outer loop
      vertex   2.871197e+01 2.282665e+00 2.496197e+01
      vertex   2.320000e+01 2.148050e+00 2.502164e+01
      vertex   2.877164e+01 2.148050e+00 2.502164e+01
    endloop
  endfacet
  facet normal 6.522870e-16 3.598950e-01 9.329928e-01
    outer loop
      vertex   2.877164e+01 2.148050e+00 2.502164e+01
      vertex   2.320000e+01 2.148050e+00 2.502164e+01
      vertex   2.882463e+01 2.010670e+00 2.507463e+01
    endloop
  endfacet
  facet normal -6.424652e-04 3.368898e-01 9.415439e-01
    outer loop
      vertex   2.882463e+01 2.010670e+00 2.507463e+01
      vertex   2.320000e+01 2.148050e+00 2.502164e+01
      vertex   2.320000e+01 1.870854e+00 2.512082e+01
    endloop
  endfacet
  facet normal 1.225713e-15 3.136817e-01 9.495282e-01
    outer loop
      vertex   2.882463e+01 2.010670e+00 2.507463e+01
      vertex   2.320000e+01 1.870854e+00 2.512082e+01
      vertex   2.887082e+01 1.870854e+00 2.512082e+01
    endloop
  endfacet
  facet normal 1.238922e-15 2.667128e-01 9.637761e-01
    outer loop
      vertex   2.887082e+01 1.870854e+00 2.512082e+01
      vertex   2.320000e+01 1.870854e+00 2.512082e+01
      vertex   2.891009e+01 1.728941e+00 2.516009e+01
    endloop
  endfacet
  facet normal -6.328496e-04 2.429801e-01 9.700311e-01
    outer loop
      vertex   2.891009e+01 1.728941e+00 2.516009e+01
      vertex   2.320000e+01 1.870854e+00 2.512082e+01
      vertex   2.320000e+01 1.585271e+00 2.519236e+01
    endloop
  endfacet
  facet normal 5.949639e-16 2.191012e-01 9.757021e-01
    outer loop
      vertex   2.891009e+01 1.728941e+00 2.516009e+01
      vertex   2.320000e+01 1.585271e+00 2.519236e+01
      vertex   2.894236e+01 1.585271e+00 2.519236e+01
    endloop
  endfacet
  facet normal 6.029665e-16 1.709619e-01 9.852776e-01
    outer loop
      vertex   2.894236e+01 1.585271e+00 2.519236e+01
      vertex   2.320000e+01 1.585271e+00 2.519236e+01
      vertex   2.896753e+01 1.440191e+00 2.521753e+01
    endloop
  endfacet
  facet normal -6.265474e-04 1.467304e-01 9.891763e-01
    outer loop
      vertex   2.896753e+01 1.440191e+00 2.521753e+01
      vertex   2.320000e+01 1.585271e+00 2.519236e+01
      vertex   2.320000e+01 1.294051e+00 2.523555e+01
    endloop
  endfacet
  facet normal 6.047755e-16 1.224107e-01 9.924795e-01
    outer loop
      vertex   2.896753e+01 1.440191e+00 2.521753e+01
      vertex   2.320000e+01 1.294051e+00 2.523555e+01
      vertex   2.898555e+01 1.294051e+00 2.523555e+01
    endloop
  endfacet
  facet normal 6.095791e-16 7.356456e-02 9.972905e-01
    outer loop
      vertex   2.898555e+01 1.294051e+00 2.523555e+01
      vertex   2.320000e+01 1.294051e+00 2.523555e+01
      vertex   2.899639e+01 1.147203e+00 2.524639e+01
    endloop
  endfacet
  facet normal -1.247257e-03 2.451061e-02 9.996988e-01
    outer loop
      vertex   2.899639e+01 1.147203e+00 2.524639e+01
      vertex   2.320000e+01 1.294051e+00 2.523555e+01
      vertex   2.900000e+01 1.000000e+00 2.525000e+01
    endloop
  endfacet
  facet normal -5.587509e-18 4.906767e-02 9.987955e-01
    outer loop
      vertex   2.900000e+01 1.000000e+00 2.525000e+01
      vertex   2.320000e+01 1.294051e+00 2.523555e+01
      vertex   1.740000e+01 1.294051e+00 2.523555e+01
    endloop
  endfacet
  facet normal -5.587509e-18 4.906767e-02 9.987955e-01
    outer loop
      vertex   2.900000e+01 1.000000e+00 2.525000e+01
      vertex   1.740000e+01 1.294051e+00 2.523555e+01
      vertex   1.160000e+01 1.294051e+00 2.523555e+01
    endloop
  endfacet
  facet normal -1.685209e-17 1.467305e-01 9.891765e-01
    outer loop
      vertex   1.160000e+01 1.294051e+00 2.523555e+01
      vertex   1.740000e+01 1.294051e+00 2.523555e+01
      vertex   1.160000e+01 1.585271e+00 2.519236e+01
    endloop
  endfacet
  facet normal -3.352505e-17 1.467305e-01 9.891765e-01
    outer loop
      vertex   1.160000e+01 1.294051e+00 2.523555e+01
      vertex   1.160000e+01 1.585271e+00 2.519236e+01
      vertex   5.800000e+00 1.585271e+00 2.519236e+01
    endloop
  endfacet
  facet normal -5.581287e-17 2.429802e-01 9.700313e-01
    outer loop
      vertex   5.800000e+00 1.585271e+00 2.519236e+01
      vertex   1.160000e+01 1.585271e+00 2.519236e+01
      vertex   5.800000e+00 1.870854e+00 2.512082e+01
    endloop
  endfacet
  facet normal -5.485918e-17 2.429802e-01 9.700313e-01
    outer loop
      vertex   5.800000e+00 1.585271e+00 2.519236e+01
      vertex   5.800000e+00 1.870854e+00 2.512082e+01
      vertex   0.000000e+00 1.870854e+00 2.512082e+01
    endloop
  endfacet
  facet normal -7.738404e-17 3.368899e-01 9.415441e-01
    outer loop
      vertex   0.000000e+00 1.870854e+00 2.512082e+01
      vertex   5.800000e+00 1.870854e+00 2.512082e+01
      vertex   0.000000e+00 2.148050e+00 2.502164e+01
    endloop
  endfacet
  facet normal -7.720921e-17 3.368899e-01 9.415441e-01
    outer loop
      vertex   0.000000e+00 1.870854e+00 2.512082e+01
      vertex   0.000000e+00 2.148050e+00 2.502164e+01
      vertex   -5.800000e+00 2.148050e+00 2.502164e+01
    endloop
  endfacet
  facet normal -9.820997e-17 4.275551e-01 9.039893e-01
    outer loop
      vertex   -5.800000e+00 2.148050e+00 2.502164e+01
      vertex   0.000000e+00 2.148050e+00 2.502164e+01
      vertex   -5.800000e+00 2.414190e+00 2.489576e+01
    endloop
  endfacet
  facet normal -9.752743e-17 4.275551e-01 9.039893e-01
    outer loop
      vertex   -5.800000e+00 2.148050e+00 2.502164e+01
      vertex   -5.800000e+00 2.414190e+00 2.489576e+01
      vertex   -1.160000e+01 2.414190e+00 2.489576e+01
    endloop
  endfacet
  facet normal -1.180901e-16 5.141027e-01 8.577286e-01
    outer loop
      vertex   -1.160000e+01 2.414190e+00 2.489576e+01
      vertex   -5.800000e+00 2.414190e+00 2.489576e+01
      vertex   -1.160000e+01 2.666711e+00 2.474441e+01
    endloop
  endfacet
  facet normal -1.178456e-16 5.141027e-01 8.577286e-01
    outer loop
      vertex   -1.160000e+01 2.414190e+00 2.489576e+01
      vertex   -1.160000e+01 2.666711e+00 2.474441e+01
      vertex   -1.740000e+01 2.666711e+00 2.474441e+01
    endloop
  endfacet
  facet normal -1.368329e-16 5.956993e-01 8.032075e-01
    outer loop
      vertex   -1.740000e+01 2.666711e+00 2.474441e+01
      vertex   -1.160000e+01 2.666711e+00 2.474441e+01
      vertex   -1.740000e+01 2.903180e+00 2.456903e+01
    endloop
  endfacet
  facet normal -4.470007e-17 5.956993e-01 8.032075e-01
    outer loop
      vertex   -1.740000e+01 2.666711e+00 2.474441e+01
      vertex   -1.740000e+01 2.903180e+00 2.456903e+01
      vertex   -2.320000e+01 2.903180e+00 2.456903e+01
    endloop
  endfacet
  facet normal -5.141933e-17 6.715590e-01 7.409511e-01
    outer loop
      vertex   -2.320000e+01 2.903180e+00 2.456903e+01
      vertex   -1.740000e+01 2.903180e+00 2.456903e+01
      vertex   -2.320000e+01 3.121320e+00 2.437132e+01
    endloop
  endfacet
  facet normal 7.194378e-04 6.715588e-01 7.409509e-01
    outer loop
      vertex   -2.320000e+01 2.903180e+00 2.456903e+01
      vertex   -2.320000e+01 3.121320e+00 2.437132e+01
      vertex   -2.822285e+01 3.014677e+00 2.447285e+01
    endloop
  endfacet
  facet normal -1.019790e-15 6.895405e-01 7.242471e-01
    outer loop
      vertex   -2.822285e+01 3.014677e+00 2.447285e+01
      vertex   -2.320000e+01 3.121320e+00 2.437132e+01
      vertex   -2.812132e+01 3.121320e+00 2.437132e+01
    endloop
  endfacet
  facet normal -1.020617e-15 7.242471e-01 6.895405e-01
    outer loop
      vertex   -2.812132e+01 3.121320e+00 2.437132e+01
      vertex   -2.320000e+01 3.121320e+00 2.437132e+01
      vertex   -2.801468e+01 3.222853e+00 2.426468e+01
    endloop
  endfacet
  facet normal 7.505447e-04 7.409509e-01 6.715588e-01
    outer loop
      vertex   -2.801468e+01 3.222853e+00 2.426468e+01
      vertex   -2.320000e+01 3.121320e+00 2.437132e+01
      vertex   -2.320000e+01 3.319031e+00 2.415318e+01
    endloop
  endfacet
  facet normal -2.154218e-16 7.572088e-01 6.531728e-01
    outer loop
      vertex   -2.801468e+01 3.222853e+00 2.426468e+01
      vertex   -2.320000e+01 3.319031e+00 2.415318e+01
      vertex   -2.790318e+01 3.319031e+00 2.415318e+01
    endloop
  endfacet
  facet normal -2.233145e-16 7.883464e-01 6.152316e-01
    outer loop
      vertex   -2.790318e+01 3.319031e+00 2.415318e+01
      vertex   -2.320000e+01 3.319031e+00 2.415318e+01
      vertex   -2.778710e+01 3.409623e+00 2.403710e+01
    endloop
  endfacet
  facet normal 7.877814e-04 8.032073e-01 5.956991e-01
    outer loop
      vertex   -2.778710e+01 3.409623e+00 2.403710e+01
      vertex   -2.320000e+01 3.319031e+00 2.415318e+01
      vertex   -2.320000e+01 3.494409e+00 2.391671e+01
    endloop
  endfacet
  facet normal -1.107756e-15 8.175848e-01 5.758082e-01
    outer loop
      vertex   -2.778710e+01 3.409623e+00 2.403710e+01
      vertex   -2.320000e+01 3.494409e+00 2.391671e+01
      vertex   -2.766671e+01 3.494409e+00 2.391671e+01
    endloop
  endfacet
  facet normal -1.097500e-15 8.448536e-01 5.349976e-01
    outer loop
      vertex   -2.766671e+01 3.494409e+00 2.391671e+01
      vertex   -2.320000e+01 3.494409e+00 2.391671e+01
      vertex   -2.754231e+01 3.573186e+00 2.379231e+01
    endloop
  endfacet
  facet normal 8.321911e-04 8.577283e-01 5.141026e-01
    outer loop
      vertex   -2.754231e+01 3.573186e+00 2.379231e+01
      vertex   -2.320000e+01 3.494409e+00 2.391671e+01
      vertex   -2.320000e+01 3.645764e+00 2.366419e+01
    endloop
  endfacet
  facet normal 0.000000e+00 8.700870e-01 4.928982e-01
    outer loop
      vertex   -2.754231e+01 3.573186e+00 2.379231e+01
      vertex   -2.320000e+01 3.645764e+00 2.366419e+01
      vertex   -2.741419e+01 3.645764e+00 2.366419e+01
    endloop
  endfacet
  facet normal -0.000000e+00 8.932243e-01 4.496113e-01
    outer loop
      vertex   -2.741419e+01 3.645764e+00 2.366419e+01
      vertex   -2.320000e+01 3.645764e+00 2.366419e+01
      vertex   -2.728267e+01 3.711968e+00 2.353267e+01
    endloop
  endfacet
  facet normal 8.851154e-04 9.039889e-01 4.275549e-01
    outer loop
      vertex   -2.728267e+01 3.711968e+00 2.353267e+01
      vertex   -2.320000e+01 3.645764e+00 2.366419e+01
      vertex   -2.320000e+01 3.771639e+00 2.339805e+01
    endloop
  endfacet
  facet normal 3.103369e-16 9.142098e-01 4.052413e-01
    outer loop
      vertex   -2.728267e+01 3.711968e+00 2.353267e+01
      vertex   -2.320000e+01 3.771639e+00 2.339805e+01
      vertex   -2.714805e+01 3.771639e+00 2.339805e+01
    endloop
  endfacet
  facet normal 3.177236e-16 9.415441e-01 3.368899e-01
    outer loop
      vertex   -2.714805e+01 3.771639e+00 2.339805e+01
      vertex   -2.320000e+01 3.771639e+00 2.339805e+01
      vertex   -2.687085e+01 3.870821e+00 2.312085e+01
    endloop
  endfacet
  facet normal 6.834315e-16 9.415441e-01 3.368899e-01
    outer loop
      vertex   -2.687085e+01 3.870821e+00 2.312085e+01
      vertex   -2.320000e+01 3.771639e+00 2.339805e+01
      vertex   -2.320000e+01 3.870821e+00 2.312085e+01
    endloop
  endfacet
  facet normal 7.041093e-16 9.700313e-01 2.429802e-01
    outer loop
      vertex   -2.687085e+01 3.870821e+00 2.312085e+01
      vertex   -2.320000e+01 3.870821e+00 2.312085e+01
      vertex   -2.658527e+01 3.942356e+00 2.283527e+01
    endloop
  endfacet
  facet normal 7.635083e-16 9.700313e-01 2.429802e-01
    outer loop
      vertex   -2.658527e+01 3.942356e+00 2.283527e+01
      vertex   -2.320000e+01 3.870821e+00 2.312085e+01
      vertex   -2.320000e+01 3.942356e+00 2.283527e+01
    endloop
  endfacet
  facet normal 7.785775e-16 9.891765e-01 1.467305e-01
    outer loop
      vertex   -2.658527e+01 3.942356e+00 2.283527e+01
      vertex   -2.320000e+01 3.942356e+00 2.283527e+01
      vertex   -2.629405e+01 3.985554e+00 2.254405e+01
    endloop
  endfacet
  facet normal 8.518590e-16 9.891765e-01 1.467305e-01
    outer loop
      vertex   -2.629405e+01 3.985554e+00 2.254405e+01
      vertex   -2.320000e+01 3.942356e+00 2.283527e+01
      vertex   -2.320000e+01 3.985554e+00 2.254405e+01
    endloop
  endfacet
  facet normal -3.406094e-16 6.531728e-01 7.572088e-01
    outer loop
      vertex   -2.822285e+01 3.014677e+00 2.447285e+01
      vertex   -2.831903e+01 2.903180e+00 2.456903e+01
      vertex   -2.320000e+01 2.903180e+00 2.456903e+01
    endloop
  endfacet
  facet normal -3.202376e-16 6.152316e-01 7.883464e-01
    outer loop
      vertex   -2.320000e+01 2.903180e+00 2.456903e+01
      vertex   -2.831903e+01 2.903180e+00 2.456903e+01
      vertex   -2.840962e+01 2.787098e+00 2.465962e+01
    endloop
  endfacet
  facet normal 6.936454e-04 5.956992e-01 8.032073e-01
    outer loop
      vertex   -2.320000e+01 2.903180e+00 2.456903e+01
      vertex   -2.840962e+01 2.787098e+00 2.465962e+01
      vertex   -2.320000e+01 2.666711e+00 2.474441e+01
    endloop
  endfacet
  facet normal -1.079905e-15 5.758082e-01 8.175848e-01
    outer loop
      vertex   -2.320000e+01 2.666711e+00 2.474441e+01
      vertex   -2.840962e+01 2.787098e+00 2.465962e+01
      vertex   -2.849441e+01 2.666711e+00 2.474441e+01
    endloop
  endfacet
  facet normal -1.060548e-15 5.349976e-01 8.448536e-01
    outer loop
      vertex   -2.320000e+01 2.666711e+00 2.474441e+01
      vertex   -2.849441e+01 2.666711e+00 2.474441e+01
      vertex   -2.857319e+01 2.542308e+00 2.482319e+01
    endloop
  endfacet
  facet normal 6.725304e-04 5.141026e-01 8.577284e-01
    outer loop
      vertex   -2.320000e+01 2.666711e+00 2.474441e+01
      vertex   -2.857319e+01 2.542308e+00 2.482319e+01
      vertex   -2.320000e+01 2.414190e+00 2.489576e+01
    endloop
  endfacet
  facet normal -8.891858e-16 4.928982e-01 8.700870e-01
    outer loop
      vertex   -2.320000e+01 2.414190e+00 2.489576e+01
      vertex   -2.857319e+01 2.542308e+00 2.482319e+01
      vertex   -2.864576e+01 2.414190e+00 2.489576e+01
    endloop
  endfacet
  facet normal -8.760407e-16 4.496113e-01 8.932243e-01
    outer loop
      vertex   -2.320000e+01 2.414190e+00 2.489576e+01
      vertex   -2.864576e+01 2.414190e+00 2.489576e+01
      vertex   -2.871197e+01 2.282665e+00 2.496197e+01
    endloop
  endfacet
  facet normal 6.555972e-04 4.275550e-01 9.039891e-01
    outer loop
      vertex   -2.320000e+01 2.414190e+00 2.489576e+01
      vertex   -2.871197e+01 2.282665e+00 2.496197e+01
      vertex   -2.320000e+01 2.148050e+00 2.502164e+01
    endloop
  endfacet
  facet normal -1.456577e-15 4.052413e-01 9.142098e-01
    outer loop
      vertex   -2.320000e+01 2.148050e+00 2.502164e+01
      vertex   -2.871197e+01 2.282665e+00 2.496197e+01
      vertex   -2.877164e+01 2.148050e+00 2.502164e+01
    endloop
  endfacet
  facet normal -1.448002e-15 3.598950e-01 9.329928e-01
    outer loop
      vertex   -2.320000e+01 2.148050e+00 2.502164e+01
      vertex   -2.877164e+01 2.148050e+00 2.502164e+01
      vertex   -2.882463e+01 2.010670e+00 2.507463e+01
    endloop
  endfacet
  facet normal 6.424652e-04 3.368898e-01 9.415439e-01
    outer loop
      vertex   -2.320000e+01 2.148050e+00 2.502164e+01
      vertex   -2.882463e+01 2.010670e+00 2.507463e+01
      vertex   -2.320000e+01 1.870854e+00 2.512082e+01
    endloop
  endfacet
  facet normal -1.105417e-16 3.136817e-01 9.495282e-01
    outer loop
      vertex   -2.320000e+01 1.870854e+00 2.512082e+01
      vertex   -2.882463e+01 2.010670e+00 2.507463e+01
      vertex   -2.887082e+01 1.870854e+00 2.512082e+01
    endloop
  endfacet
  facet normal -9.398977e-17 2.667128e-01 9.637761e-01
    outer loop
      vertex   -2.320000e+01 1.870854e+00 2.512082e+01
      vertex   -2.887082e+01 1.870854e+00 2.512082e+01
      vertex   -2.891009e+01 1.728941e+00 2.516009e+01
    endloop
  endfacet
  facet normal 6.328496e-04 2.429801e-01 9.700311e-01
    outer loop
      vertex   -2.320000e+01 1.870854e+00 2.512082e+01
      vertex   -2.891009e+01 1.728941e+00 2.516009e+01
      vertex   -2.320000e+01 1.585271e+00 2.519236e+01
    endloop
  endfacet
  facet normal -6.629582e-16 2.191012e-01 9.757021e-01
    outer loop
      vertex   -2.320000e+01 1.585271e+00 2.519236e+01
      vertex   -2.891009e+01 1.728941e+00 2.516009e+01
      vertex   -2.894236e+01 1.585271e+00 2.519236e+01
    endloop
  endfacet
  facet normal -6.558523e-16 1.709619e-01 9.852776e-01
    outer loop
      vertex   -2.320000e+01 1.585271e+00 2.519236e+01
      vertex   -2.894236e+01 1.585271e+00 2.519236e+01
      vertex   -2.896753e+01 1.440191e+00 2.521753e+01
    endloop
  endfacet
  facet normal 6.265474e-04 1.467304e-01 9.891763e-01
    outer loop
      vertex   -2.320000e+01 1.585271e+00 2.519236e+01
      vertex   -2.896753e+01 1.440191e+00 2.521753e+01
      vertex   -2.320000e+01 1.294051e+00 2.523555e+01
    endloop
  endfacet
  facet normal -6.329383e-16 1.224107e-01 9.924795e-01
    outer loop
      vertex   -2.320000e+01 1.294051e+00 2.523555e+01
      vertex   -2.896753e+01 1.440191e+00 2.521753e+01
      vertex   -2.898555e+01 1.294051e+00 2.523555e+01
    endloop
  endfacet
  facet normal -6.265192e-16 7.356456e-02 9.972905e-01
    outer loop
      vertex   -2.320000e+01 1.294051e+00 2.523555e+01
      vertex   -2.898555e+01 1.294051e+00 2.523555e+01
      vertex   -2.899639e+01 1.147203e+00 2.524639e+01
    endloop
  endfacet
  facet normal -0.000000e+00 2.454123e-02 9.996988e-01
    outer loop
      vertex   -2.900000e+01 1.000000e+00 2.525000e+01
      vertex   2.900000e+01 1.000000e+00 2.525000e+01
      vertex   -2.899639e+01 1.147203e+00 2.524639e+01
    endloop
  endfacet
  facet normal 8.900869e-05 5.957348e-02 9.982239e-01
    outer loop
      vertex   -2.899639e+01 1.147203e+00 2.524639e+01
      vertex   2.900000e+01 1.000000e+00 2.525000e+01
      vertex   -5.800000e+00 1.294051e+00 2.523555e+01
    endloop
  endfacet
  facet normal -1.117165e-17 7.356456e-02 9.972905e-01
    outer loop
      vertex   -2.899639e+01 1.147203e+00 2.524639e+01
      vertex   -5.800000e+00 1.294051e+00 2.523555e+01
      vertex   -1.160000e+01 1.294051e+00 2.523555e+01
    endloop
  endfacet
  facet normal -2.246946e-17 1.467305e-01 9.891765e-01
    outer loop
      vertex   -1.160000e+01 1.294051e+00 2.523555e+01
      vertex   -5.800000e+00 1.294051e+00 2.523555e+01
      vertex   -1.160000e+01 1.585271e+00 2.519236e+01
    endloop
  endfacet
  facet normal -3.454096e-17 1.467305e-01 9.891765e-01
    outer loop
      vertex   -1.160000e+01 1.294051e+00 2.523555e+01
      vertex   -1.160000e+01 1.585271e+00 2.519236e+01
      vertex   -1.740000e+01 1.585271e+00 2.519236e+01
    endloop
  endfacet
  facet normal -5.581287e-17 2.429802e-01 9.700313e-01
    outer loop
      vertex   -1.740000e+01 1.585271e+00 2.519236e+01
      vertex   -1.160000e+01 1.585271e+00 2.519236e+01
      vertex   -1.740000e+01 1.870854e+00 2.512082e+01
    endloop
  endfacet
  facet normal -6.501829e-17 2.429802e-01 9.700313e-01
    outer loop
      vertex   -1.740000e+01 1.585271e+00 2.519236e+01
      vertex   -1.740000e+01 1.870854e+00 2.512082e+01
      vertex   -2.320000e+01 1.870854e+00 2.512082e+01
    endloop
  endfacet
  facet normal -9.028138e-17 3.368899e-01 9.415441e-01
    outer loop
      vertex   -2.320000e+01 1.870854e+00 2.512082e+01
      vertex   -1.740000e+01 1.870854e+00 2.512082e+01
      vertex   -2.320000e+01 2.148050e+00 2.502164e+01
    endloop
  endfacet
  facet normal -7.013732e-17 7.572088e-01 6.531728e-01
    outer loop
      vertex   2.801468e+01 3.222853e+00 2.426468e+01
      vertex   2.790318e+01 3.319031e+00 2.415318e+01
      vertex   2.320000e+01 3.319031e+00 2.415318e+01
    endloop
  endfacet
  facet normal -7.443818e-17 7.883464e-01 6.152316e-01
    outer loop
      vertex   2.320000e+01 3.319031e+00 2.415318e+01
      vertex   2.790318e+01 3.319031e+00 2.415318e+01
      vertex   2.778710e+01 3.409623e+00 2.403710e+01
    endloop
  endfacet
  facet normal -7.877814e-04 8.032073e-01 5.956991e-01
    outer loop
      vertex   2.320000e+01 3.319031e+00 2.415318e+01
      vertex   2.778710e+01 3.409623e+00 2.403710e+01
      vertex   2.320000e+01 3.494409e+00 2.391671e+01
    endloop
  endfacet
  facet normal -0.000000e+00 8.175848e-01 5.758082e-01
    outer loop
      vertex   2.320000e+01 3.494409e+00 2.391671e+01
      vertex   2.778710e+01 3.409623e+00 2.403710e+01
      vertex   2.766671e+01 3.494409e+00 2.391671e+01
    endloop
  endfacet
  facet normal -0.000000e+00 8.448536e-01 5.349976e-01
    outer loop
      vertex   2.320000e+01 3.494409e+00 2.391671e+01
      vertex   2.766671e+01 3.494409e+00 2.391671e+01
      vertex   2.754231e+01 3.573186e+00 2.379231e+01
    endloop
  endfacet
  facet normal -8.321911e-04 8.577283e-01 5.141026e-01
    outer loop
      vertex   2.320000e+01 3.494409e+00 2.391671e+01
      vertex   2.754231e+01 3.573186e+00 2.379231e+01
      vertex   2.320000e+01 3.645764e+00 2.366419e+01
    endloop
  endfacet
  facet normal -3.667573e-16 8.700870e-01 4.928982e-01
    outer loop
      vertex   2.320000e+01 3.645764e+00 2.366419e+01
      vertex   2.754231e+01 3.573186e+00 2.379231e+01
      vertex   2.741419e+01 3.645764e+00 2.366419e+01
    endloop
  endfacet
  facet normal -3.765101e-16 8.932243e-01 4.496113e-01
    outer loop
      vertex   2.320000e+01 3.645764e+00 2.366419e+01
      vertex   2.741419e+01 3.645764e+00 2.366419e+01
      vertex   2.728267e+01 3.711968e+00 2.353267e+01
    endloop
  endfacet
  facet normal -8.851154e-04 9.039889e-01 4.275549e-01
    outer loop
      vertex   2.320000e+01 3.645764e+00 2.366419e+01
      vertex   2.728267e+01 3.711968e+00 2.353267e+01
      vertex   2.320000e+01 3.771639e+00 2.339805e+01
    endloop
  endfacet
  facet normal -0.000000e+00 9.142098e-01 4.052413e-01
    outer loop
      vertex   2.320000e+01 3.771639e+00 2.339805e+01
      vertex   2.728267e+01 3.711968e+00 2.353267e+01
      vertex   2.714805e+01 3.771639e+00 2.339805e+01
    endloop
  endfacet
  facet normal -0.000000e+00 9.415441e-01 3.368899e-01
    outer loop
      vertex   2.320000e+01 3.771639e+00 2.339805e+01
      vertex   2.714805e+01 3.771639e+00 2.339805e+01
      vertex   2.687085e+01 3.870821e+00 2.312085e+01
    endloop
  endfacet
  facet normal -2.279317e-16 9.415441e-01 3.368899e-01
    outer loop
      vertex   2.320000e+01 3.771639e+00 2.339805e+01
      vertex   2.687085e+01 3.870821e+00 2.312085e+01
      vertex   2.320000e+01 3.870821e+00 2.312085e+01
    endloop
  endfacet
  facet normal -2.347031e-16 9.700313e-01 2.429802e-01
    outer loop
      vertex   2.320000e+01 3.870821e+00 2.312085e+01
      vertex   2.687085e+01 3.870821e+00 2.312085e+01
      vertex   2.658527e+01 3.942356e+00 2.283527e+01
    endloop
  endfacet
  facet normal -6.370466e-16 9.700313e-01 2.429802e-01
    outer loop
      vertex   2.320000e+01 3.870821e+00 2.312085e+01
      vertex   2.658527e+01 3.942356e+00 2.283527e+01
      vertex   2.320000e+01 3.942356e+00 2.283527e+01
    endloop
  endfacet
  facet normal -6.488146e-16 9.891765e-01 1.467305e-01
    outer loop
      vertex   2.320000e+01 3.942356e+00 2.283527e+01
      vertex   2.658527e+01 3.942356e+00 2.283527e+01
      vertex   2.629405e+01 3.985554e+00 2.254405e+01
    endloop
  endfacet
  facet normal -5.675084e-16 9.891765e-01 1.467305e-01
    outer loop
      vertex   2.320000e+01 3.942356e+00 2.283527e+01
      vertex   2.629405e+01 3.985554e+00 2.254405e+01
      vertex   2.320000e+01 3.985554e+00 2.254405e+01
    endloop
  endfacet
  facet normal -5.734285e-16 9.987955e-01 4.906767e-02
    outer loop
      vertex   2.320000e+01 3.985554e+00 2.254405e+01
      vertex   2.629405e+01 3.985554e+00 2.254405e+01
      vertex   2.600000e+01 4.000000e+00 2.225000e+01
    endloop
  endfacet
  facet normal 0.000000e+00 9.987955e-01 4.906767e-02
    outer loop
      vertex   2.320000e+01 3.985554e+00 2.254405e+01
      vertex   2.600000e+01 4.000000e+00 2.225000e+01
      vertex   1.740000e+01 3.985554e+00 2.254405e+01
    endloop
  endfacet
  facet normal 0.000000e+00 9.987955e-01 4.906767e-02
    outer loop
      vertex   1.740000e+01 3.985554e+00 2.254405e+01
      vertex   2.600000e+01 4.000000e+00 2.225000e+01
      vertex   1.160000e+01 3.985554e+00 2.254405e+01
    endloop
  endfacet
  facet normal 0.000000e+00 9.891765e-01 1.467305e-01
    outer loop
      vertex   1.740000e+01 3.985554e+00 2.254405e+01
      vertex   1.160000e+01 3.985554e+00 2.254405e+01
      vertex   1.740000e+01 3.942356e+00 2.283527e+01
    endloop
  endfacet
  facet normal 6.159894e-17 9.891765e-01 1.467305e-01
    outer loop
      vertex   1.740000e+01 3.942356e+00 2.283527e+01
      vertex   1.160000e+01 3.985554e+00 2.254405e+01
      vertex   1.160000e+01 3.942356e+00 2.283527e+01
    endloop
  endfacet
  facet normal -2.893419e-19 9.700313e-01 2.429802e-01
    outer loop
      vertex   1.740000e+01 3.942356e+00 2.283527e+01
      vertex   1.160000e+01 3.942356e+00 2.283527e+01
      vertex   1.740000e+01 3.870821e+00 2.312085e+01
    endloop
  endfacet
  facet normal -2.893419e-19 9.700313e-01 2.429802e-01
    outer loop
      vertex   1.740000e+01 3.870821e+00 2.312085e+01
      vertex   1.160000e+01 3.942356e+00 2.283527e+01
      vertex   1.160000e+01 3.870821e+00 2.312085e+01
    endloop
  endfacet
  facet normal -6.217484e-17 9.415441e-01 3.368899e-01
    outer loop
      vertex   1.740000e+01 3.870821e+00 2.312085e+01
      vertex   1.160000e+01 3.870821e+00 2.312085e+01
      vertex   1.740000e+01 3.771639e+00 2.339805e+01
    endloop
  endfacet
  facet normal 0.000000e+00 9.415441e-01 3.368899e-01
    outer loop
      vertex   1.740000e+01 3.771639e+00 2.339805e+01
      vertex   1.160000e+01 3.870821e+00 2.312085e+01
      vertex   1.160000e+01 3.771639e+00 2.339805e+01
    endloop
  endfacet
  facet normal 0.000000e+00 9.039893e-01 4.275551e-01
    outer loop
      vertex   1.740000e+01 3.771639e+00 2.339805e+01
      vertex   1.160000e+01 3.771639e+00 2.339805e+01
      vertex   1.740000e+01 3.645764e+00 2.366419e+01
    endloop
  endfacet
  facet normal 0.000000e+00 9.039893e-01 4.275551e-01
    outer loop
      vertex   1.740000e+01 3.645764e+00 2.366419e+01
      vertex   1.160000e+01 3.771639e+00 2.339805e+01
      vertex   1.160000e+01 3.645764e+00 2.366419e+01
    endloop
  endfacet
  facet normal 0.000000e+00 8.577286e-01 5.141027e-01
    outer loop
      vertex   1.740000e+01 3.645764e+00 2.366419e+01
      vertex   1.160000e+01 3.645764e+00 2.366419e+01
      vertex   1.740000e+01 3.494409e+00 2.391671e+01
    endloop
  endfacet
  facet normal -0.000000e+00 9.987955e-01 4.906767e-02
    outer loop
      vertex   -2.600000e+01 4.000000e+00 2.225000e+01
      vertex   0.000000e+00 3.985554e+00 2.254405e+01
      vertex   2.600000e+01 4.000000e+00 2.225000e+01
    endloop
  endfacet
  facet normal 1.528946e-16 9.987955e-01 4.906767e-02
    outer loop
      vertex   2.600000e+01 4.000000e+00 2.225000e+01
      vertex   0.000000e+00 3.985554e+00 2.254405e+01
      vertex   5.800000e+00 3.985554e+00 2.254405e+01
    endloop
  endfacet
  facet normal 0.000000e+00 9.987955e-01 4.906767e-02
    outer loop
      vertex   2.600000e+01 4.000000e+00 2.225000e+01
      vertex   5.800000e+00 3.985554e+00 2.254405e+01
      vertex   1.160000e+01 3.985554e+00 2.254405e+01
    endloop
  endfacet
  facet normal 0.000000e+00 9.891765e-01 1.467305e-01
    outer loop
      vertex   1.160000e+01 3.985554e+00 2.254405e+01
      vertex   5.800000e+00 3.985554e+00 2.254405e+01
      vertex   1.160000e+01 3.942356e+00 2.283527e+01
    endloop
  endfacet
  facet normal 0.000000e+00 9.891765e-01 1.467305e-01
    outer loop
      vertex   -1.740000e+01 3.985554e+00 2.254405e+01
      vertex   -2.320000e+01 3.985554e+00 2.254405e+01
      vertex   -1.740000e+01 3.942356e+00 2.283527e+01
    endloop
  endfacet
  facet normal 2.272151e-16 9.891765e-01 1.467305e-01
    outer loop
      vertex   -1.740000e+01 3.942356e+00 2.283527e+01
      vertex   -2.320000e+01 3.985554e+00 2.254405e+01
      vertex   -2.320000e+01 3.942356e+00 2.283527e+01
    endloop
  endfacet
  facet normal 2.228175e-16 9.700313e-01 2.429802e-01
    outer loop
      vertex   -1.740000e+01 3.942356e+00 2.283527e+01
      vertex   -2.320000e+01 3.942356e+00 2.283527e+01
      vertex   -1.740000e+01 3.870821e+00 2.312085e+01
    endloop
  endfacet
  facet normal 0.000000e+00 9.700313e-01 2.429802e-01
    outer loop
      vertex   -1.740000e+01 3.870821e+00 2.312085e+01
      vertex   -2.320000e+01 3.942356e+00 2.283527e+01
      vertex   -2.320000e+01 3.870821e+00 2.312085e+01
    endloop
  endfacet
  facet normal 0.000000e+00 9.415441e-01 3.368899e-01
    outer loop
      vertex   -1.740000e+01 3.870821e+00 2.312085e+01
      vertex   -2.320000e+01 3.870821e+00 2.312085e+01
      vertex   -1.740000e+01 3.771639e+00 2.339805e+01
    endloop
  endfacet
  facet normal 0.000000e+00 9.415441e-01 3.368899e-01
    outer loop
      vertex   -1.740000e+01 3.771639e+00 2.339805e+01
      vertex   -2.320000e+01 3.870821e+00 2.312085e+01
      vertex   -2.320000e+01 3.771639e+00 2.339805e+01
    endloop
  endfacet
  facet normal 0.000000e+00 9.039893e-01 4.275551e-01
    outer loop
      vertex   -1.740000e+01 3.771639e+00 2.339805e+01
      vertex   -2.320000e+01 3.771639e+00 2.339805e+01
      vertex   -1.740000e+01 3.645764e+00 2.366419e+01
    endloop
  endfacet
  facet normal 0.000000e+00 9.039893e-01 4.275551e-01
    outer loop
      vertex   -1.740000e+01 3.645764e+00 2.366419e+01
      vertex   -2.320000e+01 3.771639e+00 2.339805e+01
      vertex   -2.320000e+01 3.645764e+00 2.366419e+01
    endloop
  endfacet
  facet normal 0.000000e+00 8.577286e-01 5.141027e-01
    outer loop
      vertex   -1.740000e+01 3.645764e+00 2.366419e+01
      vertex   -2.320000e+01 3.645764e+00 2.366419e+01
      vertex   -1.740000e+01 3.494409e+00 2.391671e+01
    endloop
  endfacet
  facet normal 1.313476e-16 8.577286e-01 5.141027e-01
    outer loop
      vertex   -1.740000e+01 3.494409e+00 2.391671e+01
      vertex   -2.320000e+01 3.645764e+00 2.366419e+01
      vertex   -2.320000e+01 3.494409e+00 2.391671e+01
    endloop
  endfacet
  facet normal 1.229986e-16 8.032075e-01 5.956993e-01
    outer loop
      vertex   -1.740000e+01 3.494409e+00 2.391671e+01
      vertex   -2.320000e+01 3.494409e+00 2.391671e+01
      vertex   -1.740000e+01 3.319031e+00 2.415318e+01
    endloop
  endfacet
  facet normal -6.149928e-17 8.032075e-01 5.956993e-01
    outer loop
      vertex   -1.740000e+01 3.319031e+00 2.415318e+01
      vertex   -2.320000e+01 3.494409e+00 2.391671e+01
      vertex   -2.320000e+01 3.319031e+00 2.415318e+01
    endloop
  endfacet
  facet normal -5.673248e-17 7.409511e-01 6.715590e-01
    outer loop
      vertex   -1.740000e+01 3.319031e+00 2.415318e+01
      vertex   -2.320000e+01 3.319031e+00 2.415318e+01
      vertex   -1.740000e+01 3.121320e+00 2.437132e+01
    endloop
  endfacet
  facet normal 0.000000e+00 7.409511e-01 6.715590e-01
    outer loop
      vertex   -1.740000e+01 3.121320e+00 2.437132e+01
      vertex   -2.320000e+01 3.319031e+00 2.415318e+01
      vertex   -2.320000e+01 3.121320e+00 2.437132e+01
    endloop
  endfacet
  facet normal 0.000000e+00 6.715590e-01 7.409511e-01
    outer loop
      vertex   -1.740000e+01 3.121320e+00 2.437132e+01
      vertex   -2.320000e+01 3.121320e+00 2.437132e+01
      vertex   -1.740000e+01 2.903180e+00 2.456903e+01
    endloop
  endfacet
  facet normal -6.011152e-17 9.987955e-01 4.906767e-02
    outer loop
      vertex   0.000000e+00 3.985554e+00 2.254405e+01
      vertex   -2.600000e+01 4.000000e+00 2.225000e+01
      vertex   -5.800000e+00 3.985554e+00 2.254405e+01
    endloop
  endfacet
  facet normal 0.000000e+00 9.987955e-01 4.906767e-02
    outer loop
      vertex   -5.800000e+00 3.985554e+00 2.254405e+01
      vertex   -2.600000e+01 4.000000e+00 2.225000e+01
      vertex   -1.160000e+01 3.985554e+00 2.254405e+01
    endloop
  endfacet
  facet normal 0.000000e+00 9.891765e-01 1.467305e-01
    outer loop
      vertex   -5.800000e+00 3.985554e+00 2.254405e+01
      vertex   -1.160000e+01 3.985554e+00 2.254405e+01
      vertex   -5.800000e+00 3.942356e+00 2.283527e+01
    endloop
  endfacet
  facet normal -1.797556e-16 9.891765e-01 1.467305e-01
    outer loop
      vertex   0.000000e+00 3.985554e+00 2.254405e+01
      vertex   -5.800000e+00 3.985554e+00 2.254405e+01
      vertex   0.000000e+00 3.942356e+00 2.283527e+01
    endloop
  endfacet
  facet normal 0.000000e+00 9.891765e-01 1.467305e-01
    outer loop
      vertex   0.000000e+00 3.942356e+00 2.283527e+01
      vertex   -5.800000e+00 3.985554e+00 2.254405e+01
      vertex   -5.800000e+00 3.942356e+00 2.283527e+01
    endloop
  endfacet
  facet normal 0.000000e+00 9.700313e-01 2.429802e-01
    outer loop
      vertex   0.000000e+00 3.942356e+00 2.283527e+01
      vertex   -5.800000e+00 3.942356e+00 2.283527e+01
      vertex   6.661338e-16 3.870821e+00 2.312085e+01
    endloop
  endfacet
  facet normal 1.514768e-16 9.891765e-01 1.467305e-01
    outer loop
      vertex   5.800000e+00 3.985554e+00 2.254405e+01
      vertex   0.000000e+00 3.985554e+00 2.254405e+01
      vertex   5.800000e+00 3.942356e+00 2.283527e+01
    endloop
  endfacet
  facet normal 0.000000e+00 9.891765e-01 1.467305e-01
    outer loop
      vertex   5.800000e+00 3.942356e+00 2.283527e+01
      vertex   0.000000e+00 3.985554e+00 2.254405e+01
      vertex   0.000000e+00 3.942356e+00 2.283527e+01
    endloop
  endfacet
  facet normal 0.000000e+00 9.700313e-01 2.429802e-01
    outer loop
      vertex   5.800000e+00 3.942356e+00 2.283527e+01
      vertex   0.000000e+00 3.942356e+00 2.283527e+01
      vertex   5.800000e+00 3.870821e+00 2.312085e+01
    endloop
  endfacet
  facet normal 0.000000e+00 9.700313e-01 2.429802e-01
    outer loop
      vertex   5.800000e+00 3.870821e+00 2.312085e+01
      vertex   0.000000e+00 3.942356e+00 2.283527e+01
      vertex   6.661338e-16 3.870821e+00 2.312085e+01
    endloop
  endfacet
  facet normal 0.000000e+00 9.415441e-01 3.368899e-01
    outer loop
      vertex   5.800000e+00 3.870821e+00 2.312085e+01
      vertex   6.661338e-16 3.870821e+00 2.312085e+01
      vertex   5.800000e+00 3.771639e+00 2.339805e+01
    endloop
  endfacet
  facet normal 0.000000e+00 9.891765e-01 1.467305e-01
    outer loop
      vertex   2.320000e+01 3.942356e+00 2.283527e+01
      vertex   2.320000e+01 3.985554e+00 2.254405e+01
      vertex   1.740000e+01 3.985554e+00 2.254405e+01
    endloop
  endfacet
  facet normal 0.000000e+00 9.891765e-01 1.467305e-01
    outer loop
      vertex   2.320000e+01 3.942356e+00 2.283527e+01
      vertex   1.740000e+01 3.985554e+00 2.254405e+01
      vertex   1.740000e+01 3.942356e+00 2.283527e+01
    endloop
  endfacet
  facet normal 0.000000e+00 9.891765e-01 1.467305e-01
    outer loop
      vertex   -1.740000e+01 3.985554e+00 2.254405e+01
      vertex   -1.740000e+01 3.942356e+00 2.283527e+01
      vertex   -1.160000e+01 3.942356e+00 2.283527e+01
    endloop
  endfacet
  facet normal 0.000000e+00 9.700313e-01 2.429802e-01
    outer loop
      vertex   -1.160000e+01 3.942356e+00 2.283527e+01
      vertex   -1.740000e+01 3.942356e+00 2.283527e+01
      vertex   -1.160000e+01 3.870821e+00 2.312085e+01
    endloop
  endfacet
  facet normal -1.483230e-16 9.700313e-01 2.429802e-01
    outer loop
      vertex   -1.160000e+01 3.942356e+00 2.283527e+01
      vertex   -1.160000e+01 3.870821e+00 2.312085e+01
      vertex   -5.800000e+00 3.870821e+00 2.312085e+01
    endloop
  endfacet
  facet normal -2.685323e-16 9.415441e-01 3.368899e-01
    outer loop
      vertex   -5.800000e+00 3.870821e+00 2.312085e+01
      vertex   -1.160000e+01 3.870821e+00 2.312085e+01
      vertex   -5.800000e+00 3.771639e+00 2.339805e+01
    endloop
  endfacet
  facet normal 0.000000e+00 9.415441e-01 3.368899e-01
    outer loop
      vertex   -5.800000e+00 3.870821e+00 2.312085e+01
      vertex   -5.800000e+00 3.771639e+00 2.339805e+01
      vertex   0.000000e+00 3.771639e+00 2.339805e+01
    endloop
  endfacet
  facet normal 0.000000e+00 9.039893e-01 4.275551e-01
    outer loop
      vertex   0.000000e+00 3.771639e+00 2.339805e+01
      vertex   -5.800000e+00 3.771639e+00 2.339805e+01
      vertex   0.000000e+00 3.645764e+00 2.366419e+01
    endloop
  endfacet
  facet normal 0.000000e+00 9.039893e-01 4.275551e-01
    outer loop
      vertex   0.000000e+00 3.771639e+00 2.339805e+01
      vertex   0.000000e+00 3.645764e+00 2.366419e+01
      vertex   5.800000e+00 3.645764e+00 2.366419e+01
    endloop
  endfacet
  facet normal 0.000000e+00 8.577286e-01 5.141027e-01
    outer loop
      vertex   5.800000e+00 3.645764e+00 2.366419e+01
      vertex   0.000000e+00 3.645764e+00 2.366419e+01
      vertex   5.800000e+00 3.494409e+00 2.391671e+01
    endloop
  endfacet
  facet normal 6.501829e-17 8.577286e-01 5.141027e-01
    outer loop
      vertex   5.800000e+00 3.645764e+00 2.366419e+01
      vertex   5.800000e+00 3.494409e+00 2.391671e+01
      vertex   1.160000e+01 3.494409e+00 2.391671e+01
    endloop
  endfacet
  facet normal 6.149928e-17 8.032075e-01 5.956993e-01
    outer loop
      vertex   1.160000e+01 3.494409e+00 2.391671e+01
      vertex   5.800000e+00 3.494409e+00 2.391671e+01
      vertex   1.160000e+01 3.319031e+00 2.415318e+01
    endloop
  endfacet
  facet normal 0.000000e+00 8.032075e-01 5.956993e-01
    outer loop
      vertex   1.160000e+01 3.494409e+00 2.391671e+01
      vertex   1.160000e+01 3.319031e+00 2.415318e+01
      vertex   1.740000e+01 3.319031e+00 2.415318e+01
    endloop
  endfacet
  facet normal 0.000000e+00 7.409511e-01 6.715590e-01
    outer loop
      vertex   1.740000e+01 3.319031e+00 2.415318e+01
      vertex   1.160000e+01 3.319031e+00 2.415318e+01
      vertex   1.740000e+01 3.121320e+00 2.437132e+01
    endloop
  endfacet
  facet normal -5.689100e-17 7.409511e-01 6.715590e-01
    outer loop
      vertex   1.740000e+01 3.319031e+00 2.415318e+01
      vertex   1.740000e+01 3.121320e+00 2.437132e+01
      vertex   2.320000e+01 3.121320e+00 2.437132e+01
    endloop
  endfacet
  facet normal -5.141933e-17 6.715590e-01 7.409511e-01
    outer loop
      vertex   2.320000e+01 3.121320e+00 2.437132e+01
      vertex   1.740000e+01 3.121320e+00 2.437132e+01
      vertex   2.320000e+01 2.903180e+00 2.456903e+01
    endloop
  endfacet
  facet normal 0.000000e+00 9.700313e-01 2.429802e-01
    outer loop
      vertex   -1.160000e+01 3.870821e+00 2.312085e+01
      vertex   -1.740000e+01 3.942356e+00 2.283527e+01
      vertex   -1.740000e+01 3.870821e+00 2.312085e+01
    endloop
  endfacet
  facet normal 0.000000e+00 9.700313e-01 2.429802e-01
    outer loop
      vertex   1.160000e+01 3.870821e+00 2.312085e+01
      vertex   1.160000e+01 3.942356e+00 2.283527e+01
      vertex   5.800000e+00 3.942356e+00 2.283527e+01
    endloop
  endfacet
  facet normal -0.000000e+00 9.891765e-01 1.467305e-01
    outer loop
      vertex   5.800000e+00 3.942356e+00 2.283527e+01
      vertex   1.160000e+01 3.942356e+00 2.283527e+01
      vertex   5.800000e+00 3.985554e+00 2.254405e+01
    endloop
  endfacet
  facet normal 0.000000e+00 9.700313e-01 2.429802e-01
    outer loop
      vertex   1.160000e+01 3.870821e+00 2.312085e+01
      vertex   5.800000e+00 3.942356e+00 2.283527e+01
      vertex   5.800000e+00 3.870821e+00 2.312085e+01
    endloop
  endfacet
  facet normal 0.000000e+00 9.700313e-01 2.429802e-01
    outer loop
      vertex   2.320000e+01 3.870821e+00 2.312085e+01
      vertex   2.320000e+01 3.942356e+00 2.283527e+01
      vertex   1.740000e+01 3.942356e+00 2.283527e+01
    endloop
  endfacet
  facet normal 0.000000e+00 9.700313e-01 2.429802e-01
    outer loop
      vertex   2.320000e+01 3.870821e+00 2.312085e+01
      vertex   1.740000e+01 3.942356e+00 2.283527e+01
      vertex   1.740000e+01 3.870821e+00 2.312085e+01
    endloop
  endfacet
  facet normal 0.000000e+00 9.415441e-01 3.368899e-01
    outer loop
      vertex   -1.160000e+01 3.870821e+00 2.312085e+01
      vertex   -1.740000e+01 3.870821e+00 2.312085e+01
      vertex   -1.160000e+01 3.771639e+00 2.339805e+01
    endloop
  endfacet
  facet normal 0.000000e+00 9.415441e-01 3.368899e-01
    outer loop
      vertex   -1.160000e+01 3.771639e+00 2.339805e+01
      vertex   -1.740000e+01 3.870821e+00 2.312085e+01
      vertex   -1.740000e+01 3.771639e+00 2.339805e+01
    endloop
  endfacet
  facet normal 0.000000e+00 9.039893e-01 4.275551e-01
    outer loop
      vertex   -1.160000e+01 3.771639e+00 2.339805e+01
      vertex   -1.740000e+01 3.771639e+00 2.339805e+01
      vertex   -1.160000e+01 3.645764e+00 2.366419e+01
    endloop
  endfacet
  facet normal 0.000000e+00 9.039893e-01 4.275551e-01
    outer loop
      vertex   -1.160000e+01 3.645764e+00 2.366419e+01
      vertex   -1.740000e+01 3.771639e+00 2.339805e+01
      vertex   -1.740000e+01 3.645764e+00 2.366419e+01
    endloop
  endfacet
  facet normal 0.000000e+00 8.577286e-01 5.141027e-01
    outer loop
      vertex   -1.160000e+01 3.645764e+00 2.366419e+01
      vertex   -1.740000e+01 3.645764e+00 2.366419e+01
      vertex   -1.160000e+01 3.494409e+00 2.391671e+01
    endloop
  endfacet
  facet normal 6.567380e-17 8.577286e-01 5.141027e-01
    outer loop
      vertex   -1.160000e+01 3.494409e+00 2.391671e+01
      vertex   -1.740000e+01 3.645764e+00 2.366419e+01
      vertex   -1.740000e+01 3.494409e+00 2.391671e+01
    endloop
  endfacet
  facet normal 6.149928e-17 8.032075e-01 5.956993e-01
    outer loop
      vertex   -1.160000e+01 3.494409e+00 2.391671e+01
      vertex   -1.740000e+01 3.494409e+00 2.391671e+01
      vertex   -1.160000e+01 3.319031e+00 2.415318e+01
    endloop
  endfacet
  facet normal 0.000000e+00 8.032075e-01 5.956993e-01
    outer loop
      vertex   -1.160000e+01 3.319031e+00 2.415318e+01
      vertex   -1.740000e+01 3.494409e+00 2.391671e+01
      vertex   -1.740000e+01 3.319031e+00 2.415318e+01
    endloop
  endfacet
  facet normal 0.000000e+00 7.409511e-01 6.715590e-01
    outer loop
      vertex   -1.160000e+01 3.319031e+00 2.415318e+01
      vertex   -1.740000e+01 3.319031e+00 2.415318e+01
      vertex   -1.160000e+01 3.121320e+00 2.437132e+01
    endloop
  endfacet
  facet normal -1.134650e-16 7.409511e-01 6.715590e-01
    outer loop
      vertex   -1.160000e+01 3.121320e+00 2.437132e+01
      vertex   -1.740000e+01 3.319031e+00 2.415318e+01
      vertex   -1.740000e+01 3.121320e+00 2.437132e+01
    endloop
  endfacet
  facet normal -1.028387e-16 6.715590e-01 7.409511e-01
    outer loop
      vertex   -1.160000e+01 3.121320e+00 2.437132e+01
      vertex   -1.740000e+01 3.121320e+00 2.437132e+01
      vertex   -1.160000e+01 2.903180e+00 2.456903e+01
    endloop
  endfacet
  facet normal -1.542580e-16 6.715590e-01 7.409511e-01
    outer loop
      vertex   -1.160000e+01 2.903180e+00 2.456903e+01
      vertex   -1.740000e+01 3.121320e+00 2.437132e+01
      vertex   -1.740000e+01 2.903180e+00 2.456903e+01
    endloop
  endfacet
  facet normal -1.368329e-16 5.956993e-01 8.032075e-01
    outer loop
      vertex   -1.160000e+01 2.903180e+00 2.456903e+01
      vertex   -1.740000e+01 2.903180e+00 2.456903e+01
      vertex   -1.160000e+01 2.666711e+00 2.474441e+01
    endloop
  endfacet
  facet normal 0.000000e+00 9.415441e-01 3.368899e-01
    outer loop
      vertex   1.160000e+01 3.771639e+00 2.339805e+01
      vertex   1.160000e+01 3.870821e+00 2.312085e+01
      vertex   5.800000e+00 3.870821e+00 2.312085e+01
    endloop
  endfacet
  facet normal 0.000000e+00 9.415441e-01 3.368899e-01
    outer loop
      vertex   1.160000e+01 3.771639e+00 2.339805e+01
      vertex   5.800000e+00 3.870821e+00 2.312085e+01
      vertex   5.800000e+00 3.771639e+00 2.339805e+01
    endloop
  endfacet
  facet normal 0.000000e+00 9.415441e-01 3.368899e-01
    outer loop
      vertex   2.320000e+01 3.771639e+00 2.339805e+01
      vertex   2.320000e+01 3.870821e+00 2.312085e+01
      vertex   1.740000e+01 3.870821e+00 2.312085e+01
    endloop
  endfacet
  facet normal 0.000000e+00 9.415441e-01 3.368899e-01
    outer loop
      vertex   2.320000e+01 3.771639e+00 2.339805e+01
      vertex   1.740000e+01 3.870821e+00 2.312085e+01
      vertex   1.740000e+01 3.771639e+00 2.339805e+01
    endloop
  endfacet
  facet normal -6.298646e-17 9.415441e-01 3.368899e-01
    outer loop
      vertex   -1.160000e+01 3.870821e+00 2.312085e+01
      vertex   -1.160000e+01 3.771639e+00 2.339805e+01
      vertex   -5.800000e+00 3.771639e+00 2.339805e+01
    endloop
  endfacet
  facet normal -1.234616e-16 9.039893e-01 4.275551e-01
    outer loop
      vertex   -5.800000e+00 3.771639e+00 2.339805e+01
      vertex   -1.160000e+01 3.771639e+00 2.339805e+01
      vertex   -5.800000e+00 3.645764e+00 2.366419e+01
    endloop
  endfacet
  facet normal -2.641368e-16 9.039893e-01 4.275551e-01
    outer loop
      vertex   -5.800000e+00 3.771639e+00 2.339805e+01
      vertex   -5.800000e+00 3.645764e+00 2.366419e+01
      vertex   0.000000e+00 3.645764e+00 2.366419e+01
    endloop
  endfacet
  facet normal -3.149069e-16 8.577286e-01 5.141027e-01
    outer loop
      vertex   0.000000e+00 3.645764e+00 2.366419e+01
      vertex   -5.800000e+00 3.645764e+00 2.366419e+01
      vertex   0.000000e+00 3.494409e+00 2.391671e+01
    endloop
  endfacet
  facet normal 0.000000e+00 8.577286e-01 5.141027e-01
    outer loop
      vertex   0.000000e+00 3.645764e+00 2.366419e+01
      vertex   0.000000e+00 3.494409e+00 2.391671e+01
      vertex   5.800000e+00 3.494409e+00 2.391671e+01
    endloop
  endfacet
  facet normal 0.000000e+00 8.032075e-01 5.956993e-01
    outer loop
      vertex   5.800000e+00 3.494409e+00 2.391671e+01
      vertex   0.000000e+00 3.494409e+00 2.391671e+01
      vertex   5.800000e+00 3.319031e+00 2.415318e+01
    endloop
  endfacet
  facet normal -6.095464e-17 8.032075e-01 5.956993e-01
    outer loop
      vertex   5.800000e+00 3.494409e+00 2.391671e+01
      vertex   5.800000e+00 3.319031e+00 2.415318e+01
      vertex   1.160000e+01 3.319031e+00 2.415318e+01
    endloop
  endfacet
  facet normal -5.673248e-17 7.409511e-01 6.715590e-01
    outer loop
      vertex   1.160000e+01 3.319031e+00 2.415318e+01
      vertex   5.800000e+00 3.319031e+00 2.415318e+01
      vertex   1.160000e+01 3.121320e+00 2.437132e+01
    endloop
  endfacet
  facet normal -1.137820e-16 7.409511e-01 6.715590e-01
    outer loop
      vertex   1.160000e+01 3.319031e+00 2.415318e+01
      vertex   1.160000e+01 3.121320e+00 2.437132e+01
      vertex   1.740000e+01 3.121320e+00 2.437132e+01
    endloop
  endfacet
  facet normal -1.028387e-16 6.715590e-01 7.409511e-01
    outer loop
      vertex   1.740000e+01 3.121320e+00 2.437132e+01
      vertex   1.160000e+01 3.121320e+00 2.437132e+01
      vertex   1.740000e+01 2.903180e+00 2.456903e+01
    endloop
  endfacet
  facet normal -1.015911e-16 6.715590e-01 7.409511e-01
    outer loop
      vertex   1.740000e+01 3.121320e+00 2.437132e+01
      vertex   1.740000e+01 2.903180e+00 2.456903e+01
      vertex   2.320000e+01 2.903180e+00 2.456903e+01
    endloop
  endfacet
  facet normal -9.122194e-17 5.956993e-01 8.032075e-01
    outer loop
      vertex   2.320000e+01 2.903180e+00 2.456903e+01
      vertex   1.740000e+01 2.903180e+00 2.456903e+01
      vertex   2.320000e+01 2.666711e+00 2.474441e+01
    endloop
  endfacet
  facet normal 2.076475e-16 9.039893e-01 4.275551e-01
    outer loop
      vertex   -5.800000e+00 3.645764e+00 2.366419e+01
      vertex   -1.160000e+01 3.771639e+00 2.339805e+01
      vertex   -1.160000e+01 3.645764e+00 2.366419e+01
    endloop
  endfacet
  facet normal 0.000000e+00 9.039893e-01 4.275551e-01
    outer loop
      vertex   1.160000e+01 3.645764e+00 2.366419e+01
      vertex   1.160000e+01 3.771639e+00 2.339805e+01
      vertex   5.800000e+00 3.771639e+00 2.339805e+01
    endloop
  endfacet
  facet normal 0.000000e+00 9.039893e-01 4.275551e-01
    outer loop
      vertex   2.320000e+01 3.645764e+00 2.366419e+01
      vertex   2.320000e+01 3.771639e+00 2.339805e+01
      vertex   1.740000e+01 3.771639e+00 2.339805e+01
    endloop
  endfacet
  facet normal 2.076475e-16 9.039893e-01 4.275551e-01
    outer loop
      vertex   2.320000e+01 3.645764e+00 2.366419e+01
      vertex   1.740000e+01 3.771639e+00 2.339805e+01
      vertex   1.740000e+01 3.645764e+00 2.366419e+01
    endloop
  endfacet
  facet normal 1.970214e-16 8.577286e-01 5.141027e-01
    outer loop
      vertex   -5.800000e+00 3.645764e+00 2.366419e+01
      vertex   -1.160000e+01 3.645764e+00 2.366419e+01
      vertex   -5.800000e+00 3.494409e+00 2.391671e+01
    endloop
  endfacet
  facet normal 0.000000e+00 8.577286e-01 5.141027e-01
    outer loop
      vertex   -5.800000e+00 3.494409e+00 2.391671e+01
      vertex   -1.160000e+01 3.645764e+00 2.366419e+01
      vertex   -1.160000e+01 3.494409e+00 2.391671e+01
    endloop
  endfacet
  facet normal 0.000000e+00 8.032075e-01 5.956993e-01
    outer loop
      vertex   -5.800000e+00 3.494409e+00 2.391671e+01
      vertex   -1.160000e+01 3.494409e+00 2.391671e+01
      vertex   -5.800000e+00 3.319031e+00 2.415318e+01
    endloop
  endfacet
  facet normal 0.000000e+00 8.032075e-01 5.956993e-01
    outer loop
      vertex   -5.800000e+00 3.319031e+00 2.415318e+01
      vertex   -1.160000e+01 3.494409e+00 2.391671e+01
      vertex   -1.160000e+01 3.319031e+00 2.415318e+01
    endloop
  endfacet
  facet normal 0.000000e+00 7.409511e-01 6.715590e-01
    outer loop
      vertex   -5.800000e+00 3.319031e+00 2.415318e+01
      vertex   -1.160000e+01 3.319031e+00 2.415318e+01
      vertex   -5.800000e+00 3.121320e+00 2.437132e+01
    endloop
  endfacet
  facet normal 0.000000e+00 7.409511e-01 6.715590e-01
    outer loop
      vertex   -5.800000e+00 3.121320e+00 2.437132e+01
      vertex   -1.160000e+01 3.319031e+00 2.415318e+01
      vertex   -1.160000e+01 3.121320e+00 2.437132e+01
    endloop
  endfacet
  facet normal 0.000000e+00 6.715590e-01 7.409511e-01
    outer loop
      vertex   -5.800000e+00 3.121320e+00 2.437132e+01
      vertex   -1.160000e+01 3.121320e+00 2.437132e+01
      vertex   -5.800000e+00 2.903180e+00 2.456903e+01
    endloop
  endfacet
  facet normal -1.542580e-16 6.715590e-01 7.409511e-01
    outer loop
      vertex   -5.800000e+00 2.903180e+00 2.456903e+01
      vertex   -1.160000e+01 3.121320e+00 2.437132e+01
      vertex   -1.160000e+01 2.903180e+00 2.456903e+01
    endloop
  endfacet
  facet normal -1.368329e-16 5.956993e-01 8.032075e-01
    outer loop
      vertex   -5.800000e+00 2.903180e+00 2.456903e+01
      vertex   -1.160000e+01 2.903180e+00 2.456903e+01
      vertex   -5.800000e+00 2.666711e+00 2.474441e+01
    endloop
  endfacet
  facet normal -9.122194e-17 5.956993e-01 8.032075e-01
    outer loop
      vertex   -5.800000e+00 2.666711e+00 2.474441e+01
      vertex   -1.160000e+01 2.903180e+00 2.456903e+01
      vertex   -1.160000e+01 2.666711e+00 2.474441e+01
    endloop
  endfacet
  facet normal -7.872672e-17 5.141027e-01 8.577286e-01
    outer loop
      vertex   -5.800000e+00 2.666711e+00 2.474441e+01
      vertex   -1.160000e+01 2.666711e+00 2.474441e+01
      vertex   -5.800000e+00 2.414190e+00 2.489576e+01
    endloop
  endfacet
  facet normal 1.950549e-16 8.577286e-01 5.141027e-01
    outer loop
      vertex   2.320000e+01 3.494409e+00 2.391671e+01
      vertex   2.320000e+01 3.645764e+00 2.366419e+01
      vertex   1.740000e+01 3.645764e+00 2.366419e+01
    endloop
  endfacet
  facet normal 0.000000e+00 8.577286e-01 5.141027e-01
    outer loop
      vertex   2.320000e+01 3.494409e+00 2.391671e+01
      vertex   1.740000e+01 3.645764e+00 2.366419e+01
      vertex   1.740000e+01 3.494409e+00 2.391671e+01
    endloop
  endfacet
  facet normal 0.000000e+00 8.577286e-01 5.141027e-01
    outer loop
      vertex   -5.800000e+00 3.645764e+00 2.366419e+01
      vertex   -5.800000e+00 3.494409e+00 2.391671e+01
      vertex   0.000000e+00 3.494409e+00 2.391671e+01
    endloop
  endfacet
  facet normal 0.000000e+00 8.032075e-01 5.956993e-01
    outer loop
      vertex   0.000000e+00 3.494409e+00 2.391671e+01
      vertex   -5.800000e+00 3.494409e+00 2.391671e+01
      vertex   6.661338e-16 3.319031e+00 2.415318e+01
    endloop
  endfacet
  facet normal 0.000000e+00 8.032075e-01 5.956993e-01
    outer loop
      vertex   0.000000e+00 3.494409e+00 2.391671e+01
      vertex   6.661338e-16 3.319031e+00 2.415318e+01
      vertex   5.800000e+00 3.319031e+00 2.415318e+01
    endloop
  endfacet
  facet normal 0.000000e+00 7.409511e-01 6.715590e-01
    outer loop
      vertex   5.800000e+00 3.319031e+00 2.415318e+01
      vertex   6.661338e-16 3.319031e+00 2.415318e+01
      vertex   5.800000e+00 3.121320e+00 2.437132e+01
    endloop
  endfacet
  facet normal -5.689100e-17 7.409511e-01 6.715590e-01
    outer loop
      vertex   5.800000e+00 3.319031e+00 2.415318e+01
      vertex   5.800000e+00 3.121320e+00 2.437132e+01
      vertex   1.160000e+01 3.121320e+00 2.437132e+01
    endloop
  endfacet
  facet normal -5.141933e-17 6.715590e-01 7.409511e-01
    outer loop
      vertex   1.160000e+01 3.121320e+00 2.437132e+01
      vertex   5.800000e+00 3.121320e+00 2.437132e+01
      vertex   1.160000e+01 2.903180e+00 2.456903e+01
    endloop
  endfacet
  facet normal -1.544184e-16 6.715590e-01 7.409511e-01
    outer loop
      vertex   1.160000e+01 3.121320e+00 2.437132e+01
      vertex   1.160000e+01 2.903180e+00 2.456903e+01
      vertex   1.740000e+01 2.903180e+00 2.456903e+01
    endloop
  endfacet
  facet normal -1.368329e-16 5.956993e-01 8.032075e-01
    outer loop
      vertex   1.740000e+01 2.903180e+00 2.456903e+01
      vertex   1.160000e+01 2.903180e+00 2.456903e+01
      vertex   1.740000e+01 2.666711e+00 2.474441e+01
    endloop
  endfacet
  facet normal -4.470007e-17 5.956993e-01 8.032075e-01
    outer loop
      vertex   1.740000e+01 2.903180e+00 2.456903e+01
      vertex   1.740000e+01 2.666711e+00 2.474441e+01
      vertex   2.320000e+01 2.666711e+00 2.474441e+01
    endloop
  endfacet
  facet normal -3.936336e-17 5.141027e-01 8.577286e-01
    outer loop
      vertex   2.320000e+01 2.666711e+00 2.474441e+01
      vertex   1.740000e+01 2.666711e+00 2.474441e+01
      vertex   2.320000e+01 2.414190e+00 2.489576e+01
    endloop
  endfacet
  facet normal -1.229986e-16 8.032075e-01 5.956993e-01
    outer loop
      vertex   6.661338e-16 3.319031e+00 2.415318e+01
      vertex   -5.800000e+00 3.494409e+00 2.391671e+01
      vertex   -5.800000e+00 3.319031e+00 2.415318e+01
    endloop
  endfacet
  facet normal 0.000000e+00 8.032075e-01 5.956993e-01
    outer loop
      vertex   2.320000e+01 3.319031e+00 2.415318e+01
      vertex   2.320000e+01 3.494409e+00 2.391671e+01
      vertex   1.740000e+01 3.494409e+00 2.391671e+01
    endloop
  endfacet
  facet normal -1.134650e-16 7.409511e-01 6.715590e-01
    outer loop
      vertex   6.661338e-16 3.319031e+00 2.415318e+01
      vertex   -5.800000e+00 3.319031e+00 2.415318e+01
      vertex   0.000000e+00 3.121320e+00 2.437132e+01
    endloop
  endfacet
  facet normal 3.546221e-16 7.409511e-01 6.715590e-01
    outer loop
      vertex   0.000000e+00 3.121320e+00 2.437132e+01
      vertex   -5.800000e+00 3.319031e+00 2.415318e+01
      vertex   -5.800000e+00 3.121320e+00 2.437132e+01
    endloop
  endfacet
  facet normal 4.024405e-16 6.715590e-01 7.409511e-01
    outer loop
      vertex   0.000000e+00 3.121320e+00 2.437132e+01
      vertex   -5.800000e+00 3.121320e+00 2.437132e+01
      vertex   0.000000e+00 2.903180e+00 2.456903e+01
    endloop
  endfacet
  facet normal -1.028387e-16 6.715590e-01 7.409511e-01
    outer loop
      vertex   0.000000e+00 2.903180e+00 2.456903e+01
      vertex   -5.800000e+00 3.121320e+00 2.437132e+01
      vertex   -5.800000e+00 2.903180e+00 2.456903e+01
    endloop
  endfacet
  facet normal -9.122194e-17 5.956993e-01 8.032075e-01
    outer loop
      vertex   0.000000e+00 2.903180e+00 2.456903e+01
      vertex   -5.800000e+00 2.903180e+00 2.456903e+01
      vertex   6.661338e-16 2.666711e+00 2.474441e+01
    endloop
  endfacet
  facet normal -9.122194e-17 5.956993e-01 8.032075e-01
    outer loop
      vertex   6.661338e-16 2.666711e+00 2.474441e+01
      vertex   -5.800000e+00 2.903180e+00 2.456903e+01
      vertex   -5.800000e+00 2.666711e+00 2.474441e+01
    endloop
  endfacet
  facet normal -7.872672e-17 5.141027e-01 8.577286e-01
    outer loop
      vertex   6.661338e-16 2.666711e+00 2.474441e+01
      vertex   -5.800000e+00 2.666711e+00 2.474441e+01
      vertex   -6.661338e-16 2.414190e+00 2.489576e+01
    endloop
  endfacet
  facet normal -1.180901e-16 5.141027e-01 8.577286e-01
    outer loop
      vertex   -6.661338e-16 2.414190e+00 2.489576e+01
      vertex   -5.800000e+00 2.666711e+00 2.474441e+01
      vertex   -5.800000e+00 2.414190e+00 2.489576e+01
    endloop
  endfacet
  facet normal -9.820997e-17 4.275551e-01 9.039893e-01
    outer loop
      vertex   -6.661338e-16 2.414190e+00 2.489576e+01
      vertex   -5.800000e+00 2.414190e+00 2.489576e+01
      vertex   0.000000e+00 2.148050e+00 2.502164e+01
    endloop
  endfacet
  facet normal 0.000000e+00 7.409511e-01 6.715590e-01
    outer loop
      vertex   6.661338e-16 3.319031e+00 2.415318e+01
      vertex   0.000000e+00 3.121320e+00 2.437132e+01
      vertex   5.800000e+00 3.121320e+00 2.437132e+01
    endloop
  endfacet
  facet normal 0.000000e+00 6.715590e-01 7.409511e-01
    outer loop
      vertex   5.800000e+00 3.121320e+00 2.437132e+01
      vertex   0.000000e+00 3.121320e+00 2.437132e+01
      vertex   5.800000e+00 2.903180e+00 2.456903e+01
    endloop
  endfacet
  facet normal -1.544184e-16 6.715590e-01 7.409511e-01
    outer loop
      vertex   5.800000e+00 3.121320e+00 2.437132e+01
      vertex   5.800000e+00 2.903180e+00 2.456903e+01
      vertex   1.160000e+01 2.903180e+00 2.456903e+01
    endloop
  endfacet
  facet normal -1.368329e-16 5.956993e-01 8.032075e-01
    outer loop
      vertex   1.160000e+01 2.903180e+00 2.456903e+01
      vertex   5.800000e+00 2.903180e+00 2.456903e+01
      vertex   1.160000e+01 2.666711e+00 2.474441e+01
    endloop
  endfacet
  facet normal -4.470007e-17 5.956993e-01 8.032075e-01
    outer loop
      vertex   1.160000e+01 2.903180e+00 2.456903e+01
      vertex   1.160000e+01 2.666711e+00 2.474441e+01
      vertex   1.740000e+01 2.666711e+00 2.474441e+01
    endloop
  endfacet
  facet normal -3.936336e-17 5.141027e-01 8.577286e-01
    outer loop
      vertex   1.740000e+01 2.666711e+00 2.474441e+01
      vertex   1.160000e+01 2.666711e+00 2.474441e+01
      vertex   1.740000e+01 2.414190e+00 2.489576e+01
    endloop
  endfacet
  facet normal -7.720921e-17 5.141027e-01 8.577286e-01
    outer loop
      vertex   1.740000e+01 2.666711e+00 2.474441e+01
      vertex   1.740000e+01 2.414190e+00 2.489576e+01
      vertex   2.320000e+01 2.414190e+00 2.489576e+01
    endloop
  endfacet
  facet normal -6.547331e-17 4.275551e-01 9.039893e-01
    outer loop
      vertex   2.320000e+01 2.414190e+00 2.489576e+01
      vertex   1.740000e+01 2.414190e+00 2.489576e+01
      vertex   2.320000e+01 2.148050e+00 2.502164e+01
    endloop
  endfacet
  facet normal 3.510212e-16 6.715590e-01 7.409511e-01
    outer loop
      vertex   5.800000e+00 2.903180e+00 2.456903e+01
      vertex   0.000000e+00 3.121320e+00 2.437132e+01
      vertex   0.000000e+00 2.903180e+00 2.456903e+01
    endloop
  endfacet
  facet normal 4.007723e-16 5.956993e-01 8.032075e-01
    outer loop
      vertex   5.800000e+00 2.903180e+00 2.456903e+01
      vertex   0.000000e+00 2.903180e+00 2.456903e+01
      vertex   5.800000e+00 2.666711e+00 2.474441e+01
    endloop
  endfacet
  facet normal 4.007723e-16 5.956993e-01 8.032075e-01
    outer loop
      vertex   5.800000e+00 2.666711e+00 2.474441e+01
      vertex   0.000000e+00 2.903180e+00 2.456903e+01
      vertex   6.661338e-16 2.666711e+00 2.474441e+01
    endloop
  endfacet
  facet normal 4.466637e-16 5.141027e-01 8.577286e-01
    outer loop
      vertex   5.800000e+00 2.666711e+00 2.474441e+01
      vertex   6.661338e-16 2.666711e+00 2.474441e+01
      vertex   5.800000e+00 2.414190e+00 2.489576e+01
    endloop
  endfacet
  facet normal -1.180901e-16 5.141027e-01 8.577286e-01
    outer loop
      vertex   5.800000e+00 2.414190e+00 2.489576e+01
      vertex   6.661338e-16 2.666711e+00 2.474441e+01
      vertex   -6.661338e-16 2.414190e+00 2.489576e+01
    endloop
  endfacet
  facet normal -9.820997e-17 4.275551e-01 9.039893e-01
    outer loop
      vertex   5.800000e+00 2.414190e+00 2.489576e+01
      vertex   -6.661338e-16 2.414190e+00 2.489576e+01
      vertex   5.800000e+00 2.148050e+00 2.502164e+01
    endloop
  endfacet
  facet normal -9.820997e-17 4.275551e-01 9.039893e-01
    outer loop
      vertex   5.800000e+00 2.148050e+00 2.502164e+01
      vertex   -6.661338e-16 2.414190e+00 2.489576e+01
      vertex   0.000000e+00 2.148050e+00 2.502164e+01
    endloop
  endfacet
  facet normal -7.738404e-17 3.368899e-01 9.415441e-01
    outer loop
      vertex   5.800000e+00 2.148050e+00 2.502164e+01
      vertex   0.000000e+00 2.148050e+00 2.502164e+01
      vertex   5.800000e+00 1.870854e+00 2.512082e+01
    endloop
  endfacet
  facet normal -1.341002e-16 5.956993e-01 8.032075e-01
    outer loop
      vertex   -2.320000e+01 2.903180e+00 2.456903e+01
      vertex   -2.320000e+01 2.666711e+00 2.474441e+01
      vertex   -1.740000e+01 2.666711e+00 2.474441e+01
    endloop
  endfacet
  facet normal -1.180901e-16 5.141027e-01 8.577286e-01
    outer loop
      vertex   -1.740000e+01 2.666711e+00 2.474441e+01
      vertex   -2.320000e+01 2.666711e+00 2.474441e+01
      vertex   -1.740000e+01 2.414190e+00 2.489576e+01
    endloop
  endfacet
  facet normal 4.470007e-16 5.141027e-01 8.577286e-01
    outer loop
      vertex   -1.740000e+01 2.666711e+00 2.474441e+01
      vertex   -1.740000e+01 2.414190e+00 2.489576e+01
      vertex   -1.160000e+01 2.414190e+00 2.489576e+01
    endloop
  endfacet
  facet normal 4.882534e-16 4.275551e-01 9.039893e-01
    outer loop
      vertex   -1.160000e+01 2.414190e+00 2.489576e+01
      vertex   -1.740000e+01 2.414190e+00 2.489576e+01
      vertex   -1.160000e+01 2.148050e+00 2.502164e+01
    endloop
  endfacet
  facet normal -1.341002e-16 4.275551e-01 9.039893e-01
    outer loop
      vertex   -1.160000e+01 2.414190e+00 2.489576e+01
      vertex   -1.160000e+01 2.148050e+00 2.502164e+01
      vertex   -5.800000e+00 2.148050e+00 2.502164e+01
    endloop
  endfacet
  facet normal -1.031787e-16 3.368899e-01 9.415441e-01
    outer loop
      vertex   -5.800000e+00 2.148050e+00 2.502164e+01
      vertex   -1.160000e+01 2.148050e+00 2.502164e+01
      vertex   -5.800000e+00 1.870854e+00 2.512082e+01
    endloop
  endfacet
  facet normal -8.940014e-17 3.368899e-01 9.415441e-01
    outer loop
      vertex   -5.800000e+00 2.148050e+00 2.502164e+01
      vertex   -5.800000e+00 1.870854e+00 2.512082e+01
      vertex   0.000000e+00 1.870854e+00 2.512082e+01
    endloop
  endfacet
  facet normal -6.511501e-17 2.429802e-01 9.700313e-01
    outer loop
      vertex   0.000000e+00 1.870854e+00 2.512082e+01
      vertex   -5.800000e+00 1.870854e+00 2.512082e+01
      vertex   -6.661338e-16 1.585271e+00 2.519236e+01
    endloop
  endfacet
  facet normal -5.485918e-17 2.429802e-01 9.700313e-01
    outer loop
      vertex   0.000000e+00 1.870854e+00 2.512082e+01
      vertex   -6.661338e-16 1.585271e+00 2.519236e+01
      vertex   5.800000e+00 1.585271e+00 2.519236e+01
    endloop
  endfacet
  facet normal -3.370418e-17 1.467305e-01 9.891765e-01
    outer loop
      vertex   5.800000e+00 1.585271e+00 2.519236e+01
      vertex   -6.661338e-16 1.585271e+00 2.519236e+01
      vertex   5.800000e+00 1.294051e+00 2.523555e+01
    endloop
  endfacet
  facet normal -1.625457e-17 1.467305e-01 9.891765e-01
    outer loop
      vertex   5.800000e+00 1.585271e+00 2.519236e+01
      vertex   5.800000e+00 1.294051e+00 2.523555e+01
      vertex   1.160000e+01 1.294051e+00 2.523555e+01
    endloop
  endfacet
  facet normal -5.635455e-18 4.906767e-02 9.987955e-01
    outer loop
      vertex   1.160000e+01 1.294051e+00 2.523555e+01
      vertex   5.800000e+00 1.294051e+00 2.523555e+01
      vertex   2.900000e+01 1.000000e+00 2.525000e+01
    endloop
  endfacet
  facet normal -1.828639e-16 5.956993e-01 8.032075e-01
    outer loop
      vertex   5.800000e+00 2.903180e+00 2.456903e+01
      vertex   5.800000e+00 2.666711e+00 2.474441e+01
      vertex   1.160000e+01 2.666711e+00 2.474441e+01
    endloop
  endfacet
  facet normal -1.574534e-16 5.141027e-01 8.577286e-01
    outer loop
      vertex   1.160000e+01 2.666711e+00 2.474441e+01
      vertex   5.800000e+00 2.666711e+00 2.474441e+01
      vertex   1.160000e+01 2.414190e+00 2.489576e+01
    endloop
  endfacet
  facet normal -1.178456e-16 5.141027e-01 8.577286e-01
    outer loop
      vertex   1.160000e+01 2.666711e+00 2.474441e+01
      vertex   1.160000e+01 2.414190e+00 2.489576e+01
      vertex   1.740000e+01 2.414190e+00 2.489576e+01
    endloop
  endfacet
  facet normal -9.820997e-17 4.275551e-01 9.039893e-01
    outer loop
      vertex   1.740000e+01 2.414190e+00 2.489576e+01
      vertex   1.160000e+01 2.414190e+00 2.489576e+01
      vertex   1.740000e+01 2.148050e+00 2.502164e+01
    endloop
  endfacet
  facet normal -9.752743e-17 4.275551e-01 9.039893e-01
    outer loop
      vertex   1.740000e+01 2.414190e+00 2.489576e+01
      vertex   1.740000e+01 2.148050e+00 2.502164e+01
      vertex   2.320000e+01 2.148050e+00 2.502164e+01
    endloop
  endfacet
  facet normal -7.738404e-17 3.368899e-01 9.415441e-01
    outer loop
      vertex   2.320000e+01 2.148050e+00 2.502164e+01
      vertex   1.740000e+01 2.148050e+00 2.502164e+01
      vertex   2.320000e+01 1.870854e+00 2.512082e+01
    endloop
  endfacet
  facet normal -1.180901e-16 5.141027e-01 8.577286e-01
    outer loop
      vertex   1.160000e+01 2.414190e+00 2.489576e+01
      vertex   5.800000e+00 2.666711e+00 2.474441e+01
      vertex   5.800000e+00 2.414190e+00 2.489576e+01
    endloop
  endfacet
  facet normal -1.178456e-16 5.141027e-01 8.577286e-01
    outer loop
      vertex   -2.320000e+01 2.666711e+00 2.474441e+01
      vertex   -2.320000e+01 2.414190e+00 2.489576e+01
      vertex   -1.740000e+01 2.414190e+00 2.489576e+01
    endloop
  endfacet
  facet normal -9.820997e-17 4.275551e-01 9.039893e-01
    outer loop
      vertex   -1.740000e+01 2.414190e+00 2.489576e+01
      vertex   -2.320000e+01 2.414190e+00 2.489576e+01
      vertex   -1.740000e+01 2.148050e+00 2.502164e+01
    endloop
  endfacet
  facet normal -6.501829e-17 4.275551e-01 9.039893e-01
    outer loop
      vertex   -1.740000e+01 2.414190e+00 2.489576e+01
      vertex   -1.740000e+01 2.148050e+00 2.502164e+01
      vertex   -1.160000e+01 2.148050e+00 2.502164e+01
    endloop
  endfacet
  facet normal -5.158936e-17 3.368899e-01 9.415441e-01
    outer loop
      vertex   -1.160000e+01 2.148050e+00 2.502164e+01
      vertex   -1.740000e+01 2.148050e+00 2.502164e+01
      vertex   -1.160000e+01 1.870854e+00 2.512082e+01
    endloop
  endfacet
  facet normal -7.720921e-17 3.368899e-01 9.415441e-01
    outer loop
      vertex   -1.160000e+01 2.148050e+00 2.502164e+01
      vertex   -1.160000e+01 1.870854e+00 2.512082e+01
      vertex   -5.800000e+00 1.870854e+00 2.512082e+01
    endloop
  endfacet
  facet normal -5.581287e-17 2.429802e-01 9.700313e-01
    outer loop
      vertex   -5.800000e+00 1.870854e+00 2.512082e+01
      vertex   -1.160000e+01 1.870854e+00 2.512082e+01
      vertex   -5.800000e+00 1.585271e+00 2.519236e+01
    endloop
  endfacet
  facet normal -3.657279e-17 2.429802e-01 9.700313e-01
    outer loop
      vertex   -5.800000e+00 1.870854e+00 2.512082e+01
      vertex   -5.800000e+00 1.585271e+00 2.519236e+01
      vertex   -6.661338e-16 1.585271e+00 2.519236e+01
    endloop
  endfacet
  facet normal -2.246946e-17 1.467305e-01 9.891765e-01
    outer loop
      vertex   -6.661338e-16 1.585271e+00 2.519236e+01
      vertex   -5.800000e+00 1.585271e+00 2.519236e+01
      vertex   0.000000e+00 1.294051e+00 2.523555e+01
    endloop
  endfacet
  facet normal -2.235004e-17 1.467305e-01 9.891765e-01
    outer loop
      vertex   -6.661338e-16 1.585271e+00 2.519236e+01
      vertex   0.000000e+00 1.294051e+00 2.523555e+01
      vertex   5.800000e+00 1.294051e+00 2.523555e+01
    endloop
  endfacet
  facet normal -7.513940e-18 4.906767e-02 9.987955e-01
    outer loop
      vertex   5.800000e+00 1.294051e+00 2.523555e+01
      vertex   0.000000e+00 1.294051e+00 2.523555e+01
      vertex   2.900000e+01 1.000000e+00 2.525000e+01
    endloop
  endfacet
  facet normal -9.820997e-17 4.275551e-01 9.039893e-01
    outer loop
      vertex   1.160000e+01 2.414190e+00 2.489576e+01
      vertex   5.800000e+00 2.414190e+00 2.489576e+01
      vertex   1.160000e+01 2.148050e+00 2.502164e+01
    endloop
  endfacet
  facet normal -9.820997e-17 4.275551e-01 9.039893e-01
    outer loop
      vertex   1.160000e+01 2.148050e+00 2.502164e+01
      vertex   5.800000e+00 2.414190e+00 2.489576e+01
      vertex   5.800000e+00 2.148050e+00 2.502164e+01
    endloop
  endfacet
  facet normal -7.738404e-17 3.368899e-01 9.415441e-01
    outer loop
      vertex   1.160000e+01 2.148050e+00 2.502164e+01
      vertex   5.800000e+00 2.148050e+00 2.502164e+01
      vertex   1.160000e+01 1.870854e+00 2.512082e+01
    endloop
  endfacet
  facet normal -9.028138e-17 3.368899e-01 9.415441e-01
    outer loop
      vertex   1.160000e+01 1.870854e+00 2.512082e+01
      vertex   5.800000e+00 2.148050e+00 2.502164e+01
      vertex   5.800000e+00 1.870854e+00 2.512082e+01
    endloop
  endfacet
  facet normal -6.511501e-17 2.429802e-01 9.700313e-01
    outer loop
      vertex   1.160000e+01 1.870854e+00 2.512082e+01
      vertex   5.800000e+00 1.870854e+00 2.512082e+01
      vertex   1.160000e+01 1.585271e+00 2.519236e+01
    endloop
  endfacet
  facet normal -1.300366e-16 4.275551e-01 9.039893e-01
    outer loop
      vertex   -2.320000e+01 2.414190e+00 2.489576e+01
      vertex   -2.320000e+01 2.148050e+00 2.502164e+01
      vertex   -1.740000e+01 2.148050e+00 2.502164e+01
    endloop
  endfacet
  facet normal -1.031787e-16 3.368899e-01 9.415441e-01
    outer loop
      vertex   -1.740000e+01 2.148050e+00 2.502164e+01
      vertex   -2.320000e+01 2.148050e+00 2.502164e+01
      vertex   -1.740000e+01 1.870854e+00 2.512082e+01
    endloop
  endfacet
  facet normal -8.940014e-17 3.368899e-01 9.415441e-01
    outer loop
      vertex   -1.740000e+01 2.148050e+00 2.502164e+01
      vertex   -1.740000e+01 1.870854e+00 2.512082e+01
      vertex   -1.160000e+01 1.870854e+00 2.512082e+01
    endloop
  endfacet
  facet normal -6.511501e-17 2.429802e-01 9.700313e-01
    outer loop
      vertex   -1.160000e+01 1.870854e+00 2.512082e+01
      vertex   -1.740000e+01 1.870854e+00 2.512082e+01
      vertex   -1.160000e+01 1.585271e+00 2.519236e+01
    endloop
  endfacet
  facet normal 5.384327e-16 2.429802e-01 9.700313e-01
    outer loop
      vertex   -1.160000e+01 1.870854e+00 2.512082e+01
      vertex   -1.160000e+01 1.585271e+00 2.519236e+01
      vertex   -5.800000e+00 1.585271e+00 2.519236e+01
    endloop
  endfacet
  facet normal 5.722029e-16 1.467305e-01 9.891765e-01
    outer loop
      vertex   -5.800000e+00 1.585271e+00 2.519236e+01
      vertex   -1.160000e+01 1.585271e+00 2.519236e+01
      vertex   -5.800000e+00 1.294051e+00 2.523555e+01
    endloop
  endfacet
  facet normal -1.117502e-17 1.467305e-01 9.891765e-01
    outer loop
      vertex   -5.800000e+00 1.585271e+00 2.519236e+01
      vertex   -5.800000e+00 1.294051e+00 2.523555e+01
      vertex   0.000000e+00 1.294051e+00 2.523555e+01
    endloop
  endfacet
  facet normal -3.756970e-18 4.906767e-02 9.987955e-01
    outer loop
      vertex   0.000000e+00 1.294051e+00 2.523555e+01
      vertex   -5.800000e+00 1.294051e+00 2.523555e+01
      vertex   2.900000e+01 1.000000e+00 2.525000e+01
    endloop
  endfacet
  facet normal 1.007783e-15 4.275551e-01 9.039893e-01
    outer loop
      vertex   1.160000e+01 2.414190e+00 2.489576e+01
      vertex   1.160000e+01 2.148050e+00 2.502164e+01
      vertex   1.740000e+01 2.148050e+00 2.502164e+01
    endloop
  endfacet
  facet normal 1.076077e-15 3.368899e-01 9.415441e-01
    outer loop
      vertex   1.740000e+01 2.148050e+00 2.502164e+01
      vertex   1.160000e+01 2.148050e+00 2.502164e+01
      vertex   1.740000e+01 1.870854e+00 2.512082e+01
    endloop
  endfacet
  facet normal -8.940014e-17 3.368899e-01 9.415441e-01
    outer loop
      vertex   1.740000e+01 2.148050e+00 2.502164e+01
      vertex   1.740000e+01 1.870854e+00 2.512082e+01
      vertex   2.320000e+01 1.870854e+00 2.512082e+01
    endloop
  endfacet
  facet normal -6.511501e-17 2.429802e-01 9.700313e-01
    outer loop
      vertex   2.320000e+01 1.870854e+00 2.512082e+01
      vertex   1.740000e+01 1.870854e+00 2.512082e+01
      vertex   2.320000e+01 1.585271e+00 2.519236e+01
    endloop
  endfacet
  facet normal -7.738404e-17 3.368899e-01 9.415441e-01
    outer loop
      vertex   1.740000e+01 1.870854e+00 2.512082e+01
      vertex   1.160000e+01 2.148050e+00 2.502164e+01
      vertex   1.160000e+01 1.870854e+00 2.512082e+01
    endloop
  endfacet
  facet normal -5.581287e-17 2.429802e-01 9.700313e-01
    outer loop
      vertex   1.740000e+01 1.870854e+00 2.512082e+01
      vertex   1.160000e+01 1.870854e+00 2.512082e+01
      vertex   1.740000e+01 1.585271e+00 2.519236e+01
    endloop
  endfacet
  facet normal -4.651072e-17 2.429802e-01 9.700313e-01
    outer loop
      vertex   1.740000e+01 1.585271e+00 2.519236e+01
      vertex   1.160000e+01 1.870854e+00 2.512082e+01
      vertex   1.160000e+01 1.585271e+00 2.519236e+01
    endloop
  endfacet
  facet normal -2.808682e-17 1.467305e-01 9.891765e-01
    outer loop
      vertex   1.740000e+01 1.585271e+00 2.519236e+01
      vertex   1.160000e+01 1.585271e+00 2.519236e+01
      vertex   1.740000e+01 1.294051e+00 2.523555e+01
    endloop
  endfacet
  facet normal -4.673189e-17 2.429802e-01 9.700313e-01
    outer loop
      vertex   -2.320000e+01 1.870854e+00 2.512082e+01
      vertex   -2.320000e+01 1.585271e+00 2.519236e+01
      vertex   -1.740000e+01 1.585271e+00 2.519236e+01
    endloop
  endfacet
  facet normal -2.808682e-17 1.467305e-01 9.891765e-01
    outer loop
      vertex   -1.740000e+01 1.585271e+00 2.519236e+01
      vertex   -2.320000e+01 1.585271e+00 2.519236e+01
      vertex   -1.740000e+01 1.294051e+00 2.523555e+01
    endloop
  endfacet
  facet normal -1.117502e-17 1.467305e-01 9.891765e-01
    outer loop
      vertex   -1.740000e+01 1.585271e+00 2.519236e+01
      vertex   -1.740000e+01 1.294051e+00 2.523555e+01
      vertex   -1.160000e+01 1.294051e+00 2.523555e+01
    endloop
  endfacet
  facet normal -5.632626e-18 7.356456e-02 9.972905e-01
    outer loop
      vertex   -1.160000e+01 1.294051e+00 2.523555e+01
      vertex   -1.740000e+01 1.294051e+00 2.523555e+01
      vertex   -2.899639e+01 1.147203e+00 2.524639e+01
    endloop
  endfacet
  facet normal -2.844550e-17 1.467305e-01 9.891765e-01
    outer loop
      vertex   2.320000e+01 1.294051e+00 2.523555e+01
      vertex   2.320000e+01 1.585271e+00 2.519236e+01
      vertex   1.740000e+01 1.585271e+00 2.519236e+01
    endloop
  endfacet
  facet normal -4.651072e-17 2.429802e-01 9.700313e-01
    outer loop
      vertex   1.740000e+01 1.585271e+00 2.519236e+01
      vertex   2.320000e+01 1.585271e+00 2.519236e+01
      vertex   1.740000e+01 1.870854e+00 2.512082e+01
    endloop
  endfacet
  facet normal -1.685209e-17 1.467305e-01 9.891765e-01
    outer loop
      vertex   2.320000e+01 1.294051e+00 2.523555e+01
      vertex   1.740000e+01 1.585271e+00 2.519236e+01
      vertex   1.740000e+01 1.294051e+00 2.523555e+01
    endloop
  endfacet
  facet normal -1.142555e-17 7.356456e-02 9.972905e-01
    outer loop
      vertex   -2.899639e+01 1.147203e+00 2.524639e+01
      vertex   -1.740000e+01 1.294051e+00 2.523555e+01
      vertex   -2.320000e+01 1.294051e+00 2.523555e+01
    endloop
  endfacet
  facet normal -2.246946e-17 1.467305e-01 9.891765e-01
    outer loop
      vertex   -2.320000e+01 1.294051e+00 2.523555e+01
      vertex   -1.740000e+01 1.294051e+00 2.523555e+01
      vertex   -2.320000e+01 1.585271e+00 2.519236e+01
    endloop
  endfacet
  facet normal 3.016668e-02 4.904534e-02 -9.983409e-01
    outer loop
      vertex   2.100000e+01 1.000000e+00 -2.525000e+01
      vertex   2.100000e+01 1.294051e+00 -2.523555e+01
      vertex   2.148303e+01 1.000000e+00 -2.523540e+01
    endloop
  endfacet
  facet normal 3.136985e-02 5.102181e-02 -9.982047e-01
    outer loop
      vertex   2.148303e+01 1.000000e+00 -2.523540e+01
      vertex   2.100000e+01 1.294051e+00 -2.523555e+01
      vertex   2.150142e+01 1.294051e+00 -2.521980e+01
    endloop
  endfacet
  facet normal 9.039823e-02 4.714905e-02 -9.947890e-01
    outer loop
      vertex   2.148303e+01 1.000000e+00 -2.523540e+01
      vertex   2.150142e+01 1.294051e+00 -2.521980e+01
      vertex   2.196429e+01 1.000000e+00 -2.519167e+01
    endloop
  endfacet
  facet normal 9.397684e-02 5.284136e-02 -9.941711e-01
    outer loop
      vertex   2.196429e+01 1.000000e+00 -2.519167e+01
      vertex   2.150142e+01 1.294051e+00 -2.521980e+01
      vertex   2.200086e+01 1.294051e+00 -2.517259e+01
    endloop
  endfacet
  facet normal 1.503093e-01 4.541029e-02 -9.875956e-01
    outer loop
      vertex   2.196429e+01 1.000000e+00 -2.519167e+01
      vertex   2.200086e+01 1.294051e+00 -2.517259e+01
      vertex   2.244204e+01 1.000000e+00 -2.511896e+01
    endloop
  endfacet
  facet normal 1.562019e-01 5.450225e-02 -9.862203e-01
    outer loop
      vertex   2.244204e+01 1.000000e+00 -2.511896e+01
      vertex   2.200086e+01 1.294051e+00 -2.517259e+01
      vertex   2.249634e+01 1.294051e+00 -2.509411e+01
    endloop
  endfacet
  facet normal 2.096794e-01 4.382921e-02 -9.767874e-01
    outer loop
      vertex   2.244204e+01 1.000000e+00 -2.511896e+01
      vertex   2.249634e+01 1.294051e+00 -2.509411e+01
      vertex   2.291453e+01 1.000000e+00 -2.501753e+01
    endloop
  endfacet
  facet normal 2.178009e-01 5.600461e-02 -9.743851e-01
    outer loop
      vertex   2.291453e+01 1.000000e+00 -2.501753e+01
      vertex   2.249634e+01 1.294051e+00 -2.509411e+01
      vertex   2.298593e+01 1.294051e+00 -2.498467e+01
    endloop
  endfacet
  facet normal 2.682903e-01 4.240593e-02 -9.624043e-01
    outer loop
      vertex   2.291453e+01 1.000000e+00 -2.501753e+01
      vertex   2.298593e+01 1.294051e+00 -2.498467e+01
      vertex   2.338002e+01 1.000000e+00 -2.488777e+01
    endloop
  endfacet
  facet normal 2.785319e-01 5.734853e-02 -9.587133e-01
    outer loop
      vertex   2.338002e+01 1.000000e+00 -2.488777e+01
      vertex   2.298593e+01 1.294051e+00 -2.498467e+01
      vertex   2.346767e+01 1.294051e+00 -2.484471e+01
    endloop
  endfacet
  facet normal 3.259266e-01 4.114055e-02 -9.444995e-01
    outer loop
      vertex   2.338002e+01 1.000000e+00 -2.488777e+01
      vertex   2.346767e+01 1.294051e+00 -2.484471e+01
      vertex   2.383684e+01 1.000000e+00 -2.473013e+01
    endloop
  endfacet
  facet normal 3.381571e-01 5.853409e-02 -9.392675e-01
    outer loop
      vertex   2.383684e+01 1.000000e+00 -2.473013e+01
      vertex   2.346767e+01 1.294051e+00 -2.484471e+01
      vertex   2.393968e+01 1.294051e+00 -2.467478e+01
    endloop
  endfacet
  facet normal 3.823767e-01 4.003317e-02 -9.231389e-01
    outer loop
      vertex   2.383684e+01 1.000000e+00 -2.473013e+01
      vertex   2.393968e+01 1.294051e+00 -2.467478e+01
      vertex   2.428330e+01 1.000000e+00 -2.454520e+01
    endloop
  endfacet
  facet normal 3.964428e-01 5.956140e-02 -9.161253e-01
    outer loop
      vertex   2.428330e+01 1.000000e+00 -2.454520e+01
      vertex   2.393968e+01 1.294051e+00 -2.467478e+01
      vertex   2.440008e+01 1.294051e+00 -2.447555e+01
    endloop
  endfacet
  facet normal 4.374332e-01 3.908385e-02 -8.984012e-01
    outer loop
      vertex   2.428330e+01 1.000000e+00 -2.454520e+01
      vertex   2.440008e+01 1.294051e+00 -2.447555e+01
      vertex   2.471779e+01 1.000000e+00 -2.433365e+01
    endloop
  endfacet
  facet normal 4.531608e-01 6.043052e-02 -8.893781e-01
    outer loop
      vertex   2.471779e+01 1.000000e+00 -2.433365e+01
      vertex   2.440008e+01 1.294051e+00 -2.447555e+01
      vertex   2.484707e+01 1.294051e+00 -2.424779e+01
    endloop
  endfacet
  facet normal 4.908943e-01 3.829267e-02 -8.703772e-01
    outer loop
      vertex   2.471779e+01 1.000000e+00 -2.433365e+01
      vertex   2.484707e+01 1.294051e+00 -2.424779e+01
      vertex   2.513870e+01 1.000000e+00 -2.409625e+01
    endloop
  endfacet
  facet normal 5.080891e-01 6.114152e-02 -8.591317e-01
    outer loop
      vertex   2.513870e+01 1.000000e+00 -2.409625e+01
      vertex   2.484707e+01 1.294051e+00 -2.424779e+01
      vertex   2.527887e+01 1.294051e+00 -2.399243e+01
    endloop
  endfacet
  facet normal 5.425638e-01 3.765966e-02 -8.391700e-01
    outer loop
      vertex   2.513870e+01 1.000000e+00 -2.409625e+01
      vertex   2.527887e+01 1.294051e+00 -2.399243e+01
      vertex   2.554452e+01 1.000000e+00 -2.383387e+01
    endloop
  endfacet
  facet normal 5.610127e-01 6.169447e-02 -8.255051e-01
    outer loop
      vertex   2.554452e+01 1.000000e+00 -2.383387e+01
      vertex   2.527887e+01 1.294051e+00 -2.399243e+01
      vertex   2.569379e+01 1.294051e+00 -2.371045e+01
    endloop
  endfacet
  facet normal 5.922523e-01 3.718487e-02 -8.048941e-01
    outer loop
      vertex   2.554452e+01 1.000000e+00 -2.383387e+01
      vertex   2.569379e+01 1.294051e+00 -2.371045e+01
      vertex   2.593375e+01 1.000000e+00 -2.354747e+01
    endloop
  endfacet
  facet normal 6.117245e-01 6.208940e-02 -7.886305e-01
    outer loop
      vertex   2.593375e+01 1.000000e+00 -2.354747e+01
      vertex   2.569379e+01 1.294051e+00 -2.371045e+01
      vertex   2.609018e+01 1.294051e+00 -2.340298e+01
    endloop
  endfacet
  facet normal 6.397776e-01 3.686833e-02 -7.676753e-01
    outer loop
      vertex   2.593375e+01 1.000000e+00 -2.354747e+01
      vertex   2.609018e+01 1.294051e+00 -2.340298e+01
      vertex   2.630498e+01 1.000000e+00 -2.323809e+01
    endloop
  endfacet
  facet normal 6.600262e-01 6.232634e-02 -7.486527e-01
    outer loop
      vertex   2.630498e+01 1.000000e+00 -2.323809e+01
      vertex   2.609018e+01 1.294051e+00 -2.340298e+01
      vertex   2.646649e+01 1.294051e+00 -2.307122e+01
    endloop
  endfacet
  facet normal 6.849654e-01 3.671006e-02 -7.276502e-01
    outer loop
      vertex   2.630498e+01 1.000000e+00 -2.323809e+01
      vertex   2.646649e+01 1.294051e+00 -2.307122e+01
      vertex   2.665685e+01 1.000000e+00 -2.290685e+01
    endloop
  endfacet
  facet normal 7.057286e-01 6.240532e-02 -7.057286e-01
    outer loop
      vertex   2.665685e+01 1.000000e+00 -2.290685e+01
      vertex   2.646649e+01 1.294051e+00 -2.307122e+01
      vertex   2.682122e+01 1.294051e+00 -2.271649e+01
    endloop
  endfacet
  facet normal 7.276502e-01 3.671006e-02 -6.849654e-01
    outer loop
      vertex   2.665685e+01 1.000000e+00 -2.290685e+01
      vertex   2.682122e+01 1.294051e+00 -2.271649e+01
      vertex   2.698809e+01 1.000000e+00 -2.255498e+01
    endloop
  endfacet
  facet normal 7.486527e-01 6.232634e-02 -6.600262e-01
    outer loop
      vertex   2.698809e+01 1.000000e+00 -2.255498e+01
      vertex   2.682122e+01 1.294051e+00 -2.271649e+01
      vertex   2.715298e+01 1.294051e+00 -2.234018e+01
    endloop
  endfacet
  facet normal 7.676753e-01 3.686833e-02 -6.397776e-01
    outer loop
      vertex   2.698809e+01 1.000000e+00 -2.255498e+01
      vertex   2.715298e+01 1.294051e+00 -2.234018e+01
      vertex   2.729747e+01 1.000000e+00 -2.218375e+01
    endloop
  endfacet
  facet normal 7.886305e-01 6.208940e-02 -6.117245e-01
    outer loop
      vertex   2.729747e+01 1.000000e+00 -2.218375e+01
      vertex   2.715298e+01 1.294051e+00 -2.234018e+01
      vertex   2.746045e+01 1.294051e+00 -2.194379e+01
    endloop
  endfacet
  facet normal 8.048941e-01 3.718487e-02 -5.922523e-01
    outer loop
      vertex   2.729747e+01 1.000000e+00 -2.218375e+01
      vertex   2.746045e+01 1.294051e+00 -2.194379e+01
      vertex   2.758387e+01 1.000000e+00 -2.179452e+01
    endloop
  endfacet
  facet normal 8.255051e-01 6.169447e-02 -5.610127e-01
    outer loop
      vertex   2.758387e+01 1.000000e+00 -2.179452e+01
      vertex   2.746045e+01 1.294051e+00 -2.194379e+01
      vertex   2.774243e+01 1.294051e+00 -2.152887e+01
    endloop
  endfacet
  facet normal 8.391700e-01 3.765966e-02 -5.425638e-01
    outer loop
      vertex   2.758387e+01 1.000000e+00 -2.179452e+01
      vertex   2.774243e+01 1.294051e+00 -2.152887e+01
      vertex   2.784625e+01 1.000000e+00 -2.138870e+01
    endloop
  endfacet
  facet normal 8.591317e-01 6.114152e-02 -5.080891e-01
    outer loop
      vertex   2.784625e+01 1.000000e+00 -2.138870e+01
      vertex   2.774243e+01 1.294051e+00 -2.152887e+01
      vertex   2.799779e+01 1.294051e+00 -2.109707e+01
    endloop
  endfacet
  facet normal 8.703772e-01 3.829267e-02 -4.908943e-01
    outer loop
      vertex   2.784625e+01 1.000000e+00 -2.138870e+01
      vertex   2.799779e+01 1.294051e+00 -2.109707e+01
      vertex   2.808365e+01 1.000000e+00 -2.096779e+01
    endloop
  endfacet
  facet normal 8.893781e-01 6.043052e-02 -4.531608e-01
    outer loop
      vertex   2.808365e+01 1.000000e+00 -2.096779e+01
      vertex   2.799779e+01 1.294051e+00 -2.109707e+01
      vertex   2.822555e+01 1.294051e+00 -2.065008e+01
    endloop
  endfacet
  facet normal 8.984012e-01 3.908385e-02 -4.374332e-01
    outer loop
      vertex   2.808365e+01 1.000000e+00 -2.096779e+01
      vertex   2.822555e+01 1.294051e+00 -2.065008e+01
      vertex   2.829520e+01 1.000000e+00 -2.053330e+01
    endloop
  endfacet
  facet normal 9.161253e-01 5.956140e-02 -3.964428e-01
    outer loop
      vertex   2.829520e+01 1.000000e+00 -2.053330e+01
      vertex   2.822555e+01 1.294051e+00 -2.065008e+01
      vertex   2.842478e+01 1.294051e+00 -2.018968e+01
    endloop
  endfacet
  facet normal 9.231389e-01 4.003317e-02 -3.823767e-01
    outer loop
      vertex   2.829520e+01 1.000000e+00 -2.053330e+01
      vertex   2.842478e+01 1.294051e+00 -2.018968e+01
      vertex   2.848013e+01 1.000000e+00 -2.008684e+01
    endloop
  endfacet
  facet normal 9.392675e-01 5.853409e-02 -3.381571e-01
    outer loop
      vertex   2.848013e+01 1.000000e+00 -2.008684e+01
      vertex   2.842478e+01 1.294051e+00 -2.018968e+01
      vertex   2.859471e+01 1.294051e+00 -1.971767e+01
    endloop
  endfacet
  facet normal 9.444995e-01 4.114055e-02 -3.259266e-01
    outer loop
      vertex   2.848013e+01 1.000000e+00 -2.008684e+01
      vertex   2.859471e+01 1.294051e+00 -1.971767e+01
      vertex   2.863777e+01 1.000000e+00 -1.963002e+01
    endloop
  endfacet
  facet normal 9.587133e-01 5.734853e-02 -2.785319e-01
    outer loop
      vertex   2.863777e+01 1.000000e+00 -1.963002e+01
      vertex   2.859471e+01 1.294051e+00 -1.971767e+01
      vertex   2.873467e+01 1.294051e+00 -1.923593e+01
    endloop
  endfacet
  facet normal 9.624043e-01 4.240593e-02 -2.682903e-01
    outer loop
      vertex   2.863777e+01 1.000000e+00 -1.963002e+01
      vertex   2.873467e+01 1.294051e+00 -1.923593e+01
      vertex   2.876753e+01 1.000000e+00 -1.916453e+01
    endloop
  endfacet
  facet normal 9.743851e-01 5.600461e-02 -2.178009e-01
    outer loop
      vertex   2.876753e+01 1.000000e+00 -1.916453e+01
      vertex   2.873467e+01 1.294051e+00 -1.923593e+01
      vertex   2.884411e+01 1.294051e+00 -1.874634e+01
    endloop
  endfacet
  facet normal 9.767874e-01 4.382921e-02 -2.096794e-01
    outer loop
      vertex   2.876753e+01 1.000000e+00 -1.916453e+01
      vertex   2.884411e+01 1.294051e+00 -1.874634e+01
      vertex   2.886896e+01 1.000000e+00 -1.869204e+01
    endloop
  endfacet
  facet normal 9.862203e-01 5.450225e-02 -1.562019e-01
    outer loop
      vertex   2.886896e+01 1.000000e+00 -1.869204e+01
      vertex   2.884411e+01 1.294051e+00 -1.874634e+01
      vertex   2.892259e+01 1.294051e+00 -1.825086e+01
    endloop
  endfacet
  facet normal 9.875956e-01 4.541029e-02 -1.503093e-01
    outer loop
      vertex   2.886896e+01 1.000000e+00 -1.869204e+01
      vertex   2.892259e+01 1.294051e+00 -1.825086e+01
      vertex   2.894167e+01 1.000000e+00 -1.821429e+01
    endloop
  endfacet
  facet normal 9.941711e-01 5.284136e-02 -9.397684e-02
    outer loop
      vertex   2.894167e+01 1.000000e+00 -1.821429e+01
      vertex   2.892259e+01 1.294051e+00 -1.825086e+01
      vertex   2.896980e+01 1.294051e+00 -1.775142e+01
    endloop
  endfacet
  facet normal 9.947890e-01 4.714905e-02 -9.039823e-02
    outer loop
      vertex   2.894167e+01 1.000000e+00 -1.821429e+01
      vertex   2.896980e+01 1.294051e+00 -1.775142e+01
      vertex   2.898540e+01 1.000000e+00 -1.773303e+01
    endloop
  endfacet
  facet normal 9.982047e-01 5.102181e-02 -3.136985e-02
    outer loop
      vertex   2.898540e+01 1.000000e+00 -1.773303e+01
      vertex   2.896980e+01 1.294051e+00 -1.775142e+01
      vertex   2.898555e+01 1.294051e+00 -1.725000e+01
    endloop
  endfacet
  facet normal 9.983409e-01 4.904534e-02 -3.016668e-02
    outer loop
      vertex   2.898540e+01 1.000000e+00 -1.773303e+01
      vertex   2.898555e+01 1.294051e+00 -1.725000e+01
      vertex   2.900000e+01 1.000000e+00 -1.725000e+01
    endloop
  endfacet
  facet normal 3.107112e-02 1.466596e-01 -9.886989e-01
    outer loop
      vertex   2.100000e+01 1.294051e+00 -2.523555e+01
      vertex   2.100000e+01 1.585271e+00 -2.519236e+01
      vertex   2.150142e+01 1.294051e+00 -2.521980e+01
    endloop
  endfacet
  facet normal 3.107112e-02 1.466596e-01 -9.886989e-01
    outer loop
      vertex   2.150142e+01 1.294051e+00 -2.521980e+01
      vertex   2.100000e+01 1.585271e+00 -2.519236e+01
      vertex   2.149870e+01 1.585271e+00 -2.517668e+01
    endloop
  endfacet
  facet normal 9.309072e-02 1.466596e-01 -9.847970e-01
    outer loop
      vertex   2.150142e+01 1.294051e+00 -2.521980e+01
      vertex   2.149870e+01 1.585271e+00 -2.517668e+01
      vertex   2.200086e+01 1.294051e+00 -2.517259e+01
    endloop
  endfacet
  facet normal 9.309072e-02 1.466596e-01 -9.847970e-01
    outer loop
      vertex   2.200086e+01 1.294051e+00 -2.517259e+01
      vertex   2.149870e+01 1.585271e+00 -2.517668e+01
      vertex   2.199544e+01 1.585271e+00 -2.512973e+01
    endloop
  endfacet
  facet normal 1.547429e-01 1.466596e-01 -9.770085e-01
    outer loop
      vertex   2.200086e+01 1.294051e+00 -2.517259e+01
      vertex   2.199544e+01 1.585271e+00 -2.512973e+01
      vertex   2.249634e+01 1.294051e+00 -2.509411e+01
    endloop
  endfacet
  facet normal 1.547429e-01 1.466596e-01 -9.770085e-01
    outer loop
      vertex   2.249634e+01 1.294051e+00 -2.509411e+01
      vertex   2.199544e+01 1.585271e+00 -2.512973e+01
      vertex   2.248825e+01 1.585271e+00 -2.505167e+01
    endloop
  endfacet
  facet normal 2.157845e-01 1.466596e-01 -9.653642e-01
    outer loop
      vertex   2.249634e+01 1.294051e+00 -2.509411e+01
      vertex   2.248825e+01 1.585271e+00 -2.505167e+01
      vertex   2.298593e+01 1.294051e+00 -2.498467e+01
    endloop
  endfacet
  facet normal 2.157845e-01 1.466596e-01 -9.653642e-01
    outer loop
      vertex   2.298593e+01 1.294051e+00 -2.498467e+01
      vertex   2.248825e+01 1.585271e+00 -2.505167e+01
      vertex   2.297518e+01 1.585271e+00 -2.494283e+01
    endloop
  endfacet
  facet normal 2.759744e-01 1.466596e-01 -9.499100e-01
    outer loop
      vertex   2.298593e+01 1.294051e+00 -2.498467e+01
      vertex   2.297518e+01 1.585271e+00 -2.494283e+01
      vertex   2.346767e+01 1.294051e+00 -2.484471e+01
    endloop
  endfacet
  facet normal 2.759744e-01 1.466596e-01 -9.499100e-01
    outer loop
      vertex   2.346767e+01 1.294051e+00 -2.484471e+01
      vertex   2.297518e+01 1.585271e+00 -2.494283e+01
      vertex   2.345432e+01 1.585271e+00 -2.480363e+01
    endloop
  endfacet
  facet normal 3.350752e-01 1.466596e-01 -9.307070e-01
    outer loop
      vertex   2.346767e+01 1.294051e+00 -2.484471e+01
      vertex   2.345432e+01 1.585271e+00 -2.480363e+01
      vertex   2.393968e+01 1.294051e+00 -2.467478e+01
    endloop
  endfacet
  facet normal 3.350752e-01 1.466596e-01 -9.307070e-01
    outer loop
      vertex   2.393968e+01 1.294051e+00 -2.467478e+01
      vertex   2.345432e+01 1.585271e+00 -2.480363e+01
      vertex   2.392378e+01 1.585271e+00 -2.463462e+01
    endloop
  endfacet
  facet normal 3.928535e-01 1.466596e-01 -9.078310e-01
    outer loop
      vertex   2.393968e+01 1.294051e+00 -2.467478e+01
      vertex   2.392378e+01 1.585271e+00 -2.463462e+01
      vertex   2.440008e+01 1.294051e+00 -2.447555e+01
    endloop
  endfacet
  facet normal 3.928535e-01 1.466596e-01 -9.078310e-01
    outer loop
      vertex   2.440008e+01 1.294051e+00 -2.447555e+01
      vertex   2.392378e+01 1.585271e+00 -2.463462e+01
      vertex   2.438169e+01 1.585271e+00 -2.443646e+01
    endloop
  endfacet
  facet normal 4.490815e-01 1.466596e-01 -8.813721e-01
    outer loop
      vertex   2.440008e+01 1.294051e+00 -2.447555e+01
      vertex   2.438169e+01 1.585271e+00 -2.443646e+01
      vertex   2.484707e+01 1.294051e+00 -2.424779e+01
    endloop
  endfacet
  facet normal 4.490815e-01 1.466596e-01 -8.813721e-01
    outer loop
      vertex   2.484707e+01 1.294051e+00 -2.424779e+01
      vertex   2.438169e+01 1.585271e+00 -2.443646e+01
      vertex   2.482626e+01 1.585271e+00 -2.420994e+01
    endloop
  endfacet
  facet normal 5.035372e-01 1.466596e-01 -8.514348e-01
    outer loop
      vertex   2.484707e+01 1.294051e+00 -2.424779e+01
      vertex   2.482626e+01 1.585271e+00 -2.420994e+01
      vertex   2.527887e+01 1.294051e+00 -2.399243e+01
    endloop
  endfacet
  facet normal 5.035372e-01 1.466596e-01 -8.514348e-01
    outer loop
      vertex   2.527887e+01 1.294051e+00 -2.399243e+01
      vertex   2.482626e+01 1.585271e+00 -2.420994e+01
      vertex   2.525573e+01 1.585271e+00 -2.395595e+01
    endloop
  endfacet
  facet normal 5.560056e-01 1.466596e-01 -8.181374e-01
    outer loop
      vertex   2.527887e+01 1.294051e+00 -2.399243e+01
      vertex   2.525573e+01 1.585271e+00 -2.395595e+01
      vertex   2.569379e+01 1.294051e+00 -2.371045e+01
    endloop
  endfacet
  facet normal 5.560056e-01 1.466596e-01 -8.181374e-01
    outer loop
      vertex   2.569379e+01 1.294051e+00 -2.371045e+01
      vertex   2.525573e+01 1.585271e+00 -2.395595e+01
      vertex   2.566840e+01 1.585271e+00 -2.367550e+01
    endloop
  endfacet
  facet normal 6.062797e-01 1.466596e-01 -7.816111e-01
    outer loop
      vertex   2.569379e+01 1.294051e+00 -2.371045e+01
      vertex   2.566840e+01 1.585271e+00 -2.367550e+01
      vertex   2.609018e+01 1.294051e+00 -2.340298e+01
    endloop
  endfacet
  facet normal 6.062797e-01 1.466596e-01 -7.816111e-01
    outer loop
      vertex   2.609018e+01 1.294051e+00 -2.340298e+01
      vertex   2.566840e+01 1.585271e+00 -2.367550e+01
      vertex   2.606265e+01 1.585271e+00 -2.336969e+01
    endloop
  endfacet
  facet normal 6.541611e-01 1.466596e-01 -7.420001e-01
    outer loop
      vertex   2.609018e+01 1.294051e+00 -2.340298e+01
      vertex   2.606265e+01 1.585271e+00 -2.336969e+01
      vertex   2.646649e+01 1.294051e+00 -2.307122e+01
    endloop
  endfacet
  facet normal 6.541611e-01 1.466596e-01 -7.420001e-01
    outer loop
      vertex   2.646649e+01 1.294051e+00 -2.307122e+01
      vertex   2.606265e+01 1.585271e+00 -2.336969e+01
      vertex   2.643692e+01 1.585271e+00 -2.303973e+01
    endloop
  endfacet
  facet normal 6.994608e-01 1.466596e-01 -6.994608e-01
    outer loop
      vertex   2.646649e+01 1.294051e+00 -2.307122e+01
      vertex   2.643692e+01 1.585271e+00 -2.303973e+01
      vertex   2.682122e+01 1.294051e+00 -2.271649e+01
    endloop
  endfacet
  facet normal 6.994608e-01 1.466596e-01 -6.994608e-01
    outer loop
      vertex   2.682122e+01 1.294051e+00 -2.271649e+01
      vertex   2.643692e+01 1.585271e+00 -2.303973e+01
      vertex   2.678973e+01 1.585271e+00 -2.268692e+01
    endloop
  endfacet
  facet normal 7.420001e-01 1.466596e-01 -6.541611e-01
    outer loop
      vertex   2.682122e+01 1.294051e+00 -2.271649e+01
      vertex   2.678973e+01 1.585271e+00 -2.268692e+01
      vertex   2.715298e+01 1.294051e+00 -2.234018e+01
    endloop
  endfacet
  facet normal 7.420001e-01 1.466596e-01 -6.541611e-01
    outer loop
      vertex   2.715298e+01 1.294051e+00 -2.234018e+01
      vertex   2.678973e+01 1.585271e+00 -2.268692e+01
      vertex   2.711969e+01 1.585271e+00 -2.231265e+01
    endloop
  endfacet
  facet normal 7.816111e-01 1.466596e-01 -6.062797e-01
    outer loop
      vertex   2.715298e+01 1.294051e+00 -2.234018e+01
      vertex   2.711969e+01 1.585271e+00 -2.231265e+01
      vertex   2.746045e+01 1.294051e+00 -2.194379e+01
    endloop
  endfacet
  facet normal 7.816111e-01 1.466596e-01 -6.062797e-01
    outer loop
      vertex   2.746045e+01 1.294051e+00 -2.194379e+01
      vertex   2.711969e+01 1.585271e+00 -2.231265e+01
      vertex   2.742550e+01 1.585271e+00 -2.191840e+01
    endloop
  endfacet
  facet normal 8.181374e-01 1.466596e-01 -5.560056e-01
    outer loop
      vertex   2.746045e+01 1.294051e+00 -2.194379e+01
      vertex   2.742550e+01 1.585271e+00 -2.191840e+01
      vertex   2.774243e+01 1.294051e+00 -2.152887e+01
    endloop
  endfacet
  facet normal 8.181374e-01 1.466596e-01 -5.560056e-01
    outer loop
      vertex   2.774243e+01 1.294051e+00 -2.152887e+01
      vertex   2.742550e+01 1.585271e+00 -2.191840e+01
      vertex   2.770595e+01 1.585271e+00 -2.150573e+01
    endloop
  endfacet
  facet normal 8.514348e-01 1.466596e-01 -5.035372e-01
    outer loop
      vertex   2.774243e+01 1.294051e+00 -2.152887e+01
      vertex   2.770595e+01 1.585271e+00 -2.150573e+01
      vertex   2.799779e+01 1.294051e+00 -2.109707e+01
    endloop
  endfacet
  facet normal 8.514348e-01 1.466596e-01 -5.035372e-01
    outer loop
      vertex   2.799779e+01 1.294051e+00 -2.109707e+01
      vertex   2.770595e+01 1.585271e+00 -2.150573e+01
      vertex   2.795994e+01 1.585271e+00 -2.107626e+01
    endloop
  endfacet
  facet normal 8.813721e-01 1.466596e-01 -4.490815e-01
    outer loop
      vertex   2.799779e+01 1.294051e+00 -2.109707e+01
      vertex   2.795994e+01 1.585271e+00 -2.107626e+01
      vertex   2.822555e+01 1.294051e+00 -2.065008e+01
    endloop
  endfacet
  facet normal 8.813721e-01 1.466596e-01 -4.490815e-01
    outer loop
      vertex   2.822555e+01 1.294051e+00 -2.065008e+01
      vertex   2.795994e+01 1.585271e+00 -2.107626e+01
      vertex   2.818646e+01 1.585271e+00 -2.063169e+01
    endloop
  endfacet
  facet normal 9.078310e-01 1.466596e-01 -3.928535e-01
    outer loop
      vertex   2.822555e+01 1.294051e+00 -2.065008e+01
      vertex   2.818646e+01 1.585271e+00 -2.063169e+01
      vertex   2.842478e+01 1.294051e+00 -2.018968e+01
    endloop
  endfacet
  facet normal 9.078310e-01 1.466596e-01 -3.928535e-01
    outer loop
      vertex   2.842478e+01 1.294051e+00 -2.018968e+01
      vertex   2.818646e+01 1.585271e+00 -2.063169e+01
      vertex   2.838462e+01 1.585271e+00 -2.017378e+01
    endloop
  endfacet
  facet normal 9.307070e-01 1.466596e-01 -3.350752e-01
    outer loop
      vertex   2.842478e+01 1.294051e+00 -2.018968e+01
      vertex   2.838462e+01 1.585271e+00 -2.017378e+01
      vertex   2.859471e+01 1.294051e+00 -1.971767e+01
    endloop
  endfacet
  facet normal 9.307070e-01 1.466596e-01 -3.350752e-01
    outer loop
      vertex   2.859471e+01 1.294051e+00 -1.971767e+01
      vertex   2.838462e+01 1.585271e+00 -2.017378e+01
      vertex   2.855363e+01 1.585271e+00 -1.970432e+01
    endloop
  endfacet
  facet normal 9.499100e-01 1.466596e-01 -2.759744e-01
    outer loop
      vertex   2.859471e+01 1.294051e+00 -1.971767e+01
      vertex   2.855363e+01 1.585271e+00 -1.970432e+01
      vertex   2.873467e+01 1.294051e+00 -1.923593e+01
    endloop
  endfacet
  facet normal 9.499100e-01 1.466596e-01 -2.759744e-01
    outer loop
      vertex   2.873467e+01 1.294051e+00 -1.923593e+01
      vertex   2.855363e+01 1.585271e+00 -1.970432e+01
      vertex   2.869283e+01 1.585271e+00 -1.922518e+01
    endloop
  endfacet
  facet normal 9.653642e-01 1.466596e-01 -2.157845e-01
    outer loop
      vertex   2.873467e+01 1.294051e+00 -1.923593e+01
      vertex   2.869283e+01 1.585271e+00 -1.922518e+01
      vertex   2.884411e+01 1.294051e+00 -1.874634e+01
    endloop
  endfacet
  facet normal 9.653642e-01 1.466596e-01 -2.157845e-01
    outer loop
      vertex   2.884411e+01 1.294051e+00 -1.874634e+01
      vertex   2.869283e+01 1.585271e+00 -1.922518e+01
      vertex   2.880167e+01 1.585271e+00 -1.873825e+01
    endloop
  endfacet
  facet normal 9.770085e-01 1.466596e-01 -1.547429e-01
    outer loop
      vertex   2.884411e+01 1.294051e+00 -1.874634e+01
      vertex   2.880167e+01 1.585271e+00 -1.873825e+01
      vertex   2.892259e+01 1.294051e+00 -1.825086e+01
    endloop
  endfacet
  facet normal 9.770085e-01 1.466596e-01 -1.547429e-01
    outer loop
      vertex   2.892259e+01 1.294051e+00 -1.825086e+01
      vertex   2.880167e+01 1.585271e+00 -1.873825e+01
      vertex   2.887973e+01 1.585271e+00 -1.824544e+01
    endloop
  endfacet
  facet normal 9.847970e-01 1.466596e-01 -9.309072e-02
    outer loop
      vertex   2.892259e+01 1.294051e+00 -1.825086e+01
      vertex   2.887973e+01 1.585271e+00 -1.824544e+01
      vertex   2.896980e+01 1.294051e+00 -1.775142e+01
    endloop
  endfacet
  facet normal 9.847970e-01 1.466596e-01 -9.309072e-02
    outer loop
      vertex   2.896980e+01 1.294051e+00 -1.775142e+01
      vertex   2.887973e+01 1.585271e+00 -1.824544e+01
      vertex   2.892668e+01 1.585271e+00 -1.774870e+01
    endloop
  endfacet
  facet normal 9.886989e-01 1.466596e-01 -3.107112e-02
    outer loop
      vertex   2.896980e+01 1.294051e+00 -1.775142e+01
      vertex   2.892668e+01 1.585271e+00 -1.774870e+01
      vertex   2.898555e+01 1.294051e+00 -1.725000e+01
    endloop
  endfacet
  facet normal 9.886989e-01 1.466596e-01 -3.107112e-02
    outer loop
      vertex   2.898555e+01 1.294051e+00 -1.725000e+01
      vertex   2.892668e+01 1.585271e+00 -1.774870e+01
      vertex   2.894236e+01 1.585271e+00 -1.725000e+01
    endloop
  endfacet
  facet normal 9.695808e-01 2.428674e-01 -3.047031e-02
    outer loop
      vertex   2.894236e+01 1.585271e+00 -1.725000e+01
      vertex   2.892668e+01 1.585271e+00 -1.774870e+01
      vertex   2.885529e+01 1.870854e+00 -1.774421e+01
    endloop
  endfacet
  facet normal 9.695808e-01 2.428674e-01 -3.047031e-02
    outer loop
      vertex   2.894236e+01 1.585271e+00 -1.725000e+01
      vertex   2.885529e+01 1.870854e+00 -1.774421e+01
      vertex   2.887082e+01 1.870854e+00 -1.725000e+01
    endloop
  endfacet
  facet normal 9.411322e-01 3.367425e-01 -2.957627e-02
    outer loop
      vertex   2.887082e+01 1.870854e+00 -1.725000e+01
      vertex   2.885529e+01 1.870854e+00 -1.774421e+01
      vertex   2.875630e+01 2.148050e+00 -1.773799e+01
    endloop
  endfacet
  facet normal 9.411322e-01 3.367425e-01 -2.957627e-02
    outer loop
      vertex   2.887082e+01 1.870854e+00 -1.725000e+01
      vertex   2.875630e+01 2.148050e+00 -1.773799e+01
      vertex   2.877164e+01 2.148050e+00 -1.725000e+01
    endloop
  endfacet
  facet normal 9.036247e-01 4.273827e-01 -2.839755e-02
    outer loop
      vertex   2.877164e+01 2.148050e+00 -1.725000e+01
      vertex   2.875630e+01 2.148050e+00 -1.773799e+01
      vertex   2.863068e+01 2.414190e+00 -1.773008e+01
    endloop
  endfacet
  facet normal 9.036247e-01 4.273827e-01 -2.839755e-02
    outer loop
      vertex   2.877164e+01 2.148050e+00 -1.725000e+01
      vertex   2.863068e+01 2.414190e+00 -1.773008e+01
      vertex   2.864576e+01 2.414190e+00 -1.725000e+01
    endloop
  endfacet
  facet normal 8.574172e-01 5.139161e-01 -2.694542e-02
    outer loop
      vertex   2.864576e+01 2.414190e+00 -1.725000e+01
      vertex   2.863068e+01 2.414190e+00 -1.773008e+01
      vertex   2.847962e+01 2.666711e+00 -1.772058e+01
    endloop
  endfacet
  facet normal 8.574172e-01 5.139161e-01 -2.694542e-02
    outer loop
      vertex   2.864576e+01 2.414190e+00 -1.725000e+01
      vertex   2.847962e+01 2.666711e+00 -1.772058e+01
      vertex   2.849441e+01 2.666711e+00 -1.725000e+01
    endloop
  endfacet
  facet normal 8.029518e-01 5.955096e-01 -2.523378e-02
    outer loop
      vertex   2.849441e+01 2.666711e+00 -1.725000e+01
      vertex   2.847962e+01 2.666711e+00 -1.772058e+01
      vertex   2.830459e+01 2.903180e+00 -1.770957e+01
    endloop
  endfacet
  facet normal 8.029518e-01 5.955096e-01 -2.523378e-02
    outer loop
      vertex   2.849441e+01 2.666711e+00 -1.725000e+01
      vertex   2.830459e+01 2.903180e+00 -1.770957e+01
      vertex   2.831903e+01 2.903180e+00 -1.725000e+01
    endloop
  endfacet
  facet normal 7.407503e-01 6.713770e-01 -2.327902e-02
    outer loop
      vertex   2.831903e+01 2.903180e+00 -1.725000e+01
      vertex   2.830459e+01 2.903180e+00 -1.770957e+01
      vertex   2.810727e+01 3.121320e+00 -1.769715e+01
    endloop
  endfacet
  facet normal 7.407503e-01 6.713770e-01 -2.327902e-02
    outer loop
      vertex   2.831903e+01 2.903180e+00 -1.725000e+01
      vertex   2.810727e+01 3.121320e+00 -1.769715e+01
      vertex   2.812132e+01 3.121320e+00 -1.725000e+01
    endloop
  endfacet
  facet normal 6.714094e-01 7.407862e-01 -2.109989e-02
    outer loop
      vertex   2.812132e+01 3.121320e+00 -1.725000e+01
      vertex   2.810727e+01 3.121320e+00 -1.769715e+01
      vertex   2.788956e+01 3.319031e+00 -1.768345e+01
    endloop
  endfacet
  facet normal 6.714094e-01 7.407862e-01 -2.109989e-02
    outer loop
      vertex   2.812132e+01 3.121320e+00 -1.725000e+01
      vertex   2.788956e+01 3.319031e+00 -1.768345e+01
      vertex   2.790318e+01 3.319031e+00 -1.725000e+01
    endloop
  endfacet
  facet normal 5.955949e-01 8.030668e-01 -1.871733e-02
    outer loop
      vertex   2.790318e+01 3.319031e+00 -1.725000e+01
      vertex   2.788956e+01 3.319031e+00 -1.768345e+01
      vertex   2.765356e+01 3.494409e+00 -1.766861e+01
    endloop
  endfacet
  facet normal 5.955949e-01 8.030668e-01 -1.871733e-02
    outer loop
      vertex   2.790318e+01 3.319031e+00 -1.725000e+01
      vertex   2.765356e+01 3.494409e+00 -1.766861e+01
      vertex   2.766671e+01 3.494409e+00 -1.725000e+01
    endloop
  endfacet
  facet normal 5.140357e-01 8.576167e-01 -1.615422e-02
    outer loop
      vertex   2.766671e+01 3.494409e+00 -1.725000e+01
      vertex   2.765356e+01 3.494409e+00 -1.766861e+01
      vertex   2.740153e+01 3.645764e+00 -1.765275e+01
    endloop
  endfacet
  facet normal 5.140357e-01 8.576167e-01 -1.615422e-02
    outer loop
      vertex   2.766671e+01 3.494409e+00 -1.725000e+01
      vertex   2.740153e+01 3.645764e+00 -1.765275e+01
      vertex   2.741419e+01 3.645764e+00 -1.725000e+01
    endloop
  endfacet
  facet normal 4.275165e-01 9.039077e-01 -1.343525e-02
    outer loop
      vertex   2.741419e+01 3.645764e+00 -1.725000e+01
      vertex   2.740153e+01 3.645764e+00 -1.765275e+01
      vertex   2.713592e+01 3.771639e+00 -1.763604e+01
    endloop
  endfacet
  facet normal 4.275165e-01 9.039077e-01 -1.343525e-02
    outer loop
      vertex   2.741419e+01 3.645764e+00 -1.725000e+01
      vertex   2.713592e+01 3.771639e+00 -1.763604e+01
      vertex   2.714805e+01 3.771639e+00 -1.725000e+01
    endloop
  endfacet
  facet normal 3.368710e-01 9.414913e-01 -1.058660e-02
    outer loop
      vertex   2.714805e+01 3.771639e+00 -1.725000e+01
      vertex   2.713592e+01 3.771639e+00 -1.763604e+01
      vertex   2.685927e+01 3.870821e+00 -1.761863e+01
    endloop
  endfacet
  facet normal 3.368710e-01 9.414913e-01 -1.058660e-02
    outer loop
      vertex   2.714805e+01 3.771639e+00 -1.725000e+01
      vertex   2.685927e+01 3.870821e+00 -1.761863e+01
      vertex   2.687085e+01 3.870821e+00 -1.725000e+01
    endloop
  endfacet
  facet normal 2.429731e-01 9.700030e-01 -7.635737e-03
    outer loop
      vertex   2.687085e+01 3.870821e+00 -1.725000e+01
      vertex   2.685927e+01 3.870821e+00 -1.761863e+01
      vertex   2.657425e+01 3.942356e+00 -1.760070e+01
    endloop
  endfacet
  facet normal 2.429731e-01 9.700030e-01 -7.635737e-03
    outer loop
      vertex   2.687085e+01 3.870821e+00 -1.725000e+01
      vertex   2.657425e+01 3.942356e+00 -1.760070e+01
      vertex   2.658527e+01 3.942356e+00 -1.725000e+01
    endloop
  endfacet
  facet normal 1.467289e-01 9.891660e-01 -4.611142e-03
    outer loop
      vertex   2.658527e+01 3.942356e+00 -1.725000e+01
      vertex   2.657425e+01 3.942356e+00 -1.760070e+01
      vertex   2.628360e+01 3.985554e+00 -1.758242e+01
    endloop
  endfacet
  facet normal 1.467289e-01 9.891660e-01 -4.611142e-03
    outer loop
      vertex   2.658527e+01 3.942356e+00 -1.725000e+01
      vertex   2.628360e+01 3.985554e+00 -1.758242e+01
      vertex   2.629405e+01 3.985554e+00 -1.725000e+01
    endloop
  endfacet
  facet normal 4.906762e-02 9.987943e-01 -1.542012e-03
    outer loop
      vertex   2.629405e+01 3.985554e+00 -1.725000e+01
      vertex   2.628360e+01 3.985554e+00 -1.758242e+01
      vertex   2.600000e+01 4.000000e+00 -1.725000e+01
    endloop
  endfacet
  facet normal 4.863625e-02 9.988147e-01 -1.910924e-03
    outer loop
      vertex   2.600000e+01 4.000000e+00 -1.725000e+01
      vertex   2.628360e+01 3.985554e+00 -1.758242e+01
      vertex   2.598459e+01 4.000000e+00 -1.764230e+01
    endloop
  endfacet
  facet normal 4.918286e-02 9.987790e-01 -4.649149e-03
    outer loop
      vertex   2.598459e+01 4.000000e+00 -1.764230e+01
      vertex   2.628360e+01 3.985554e+00 -1.758242e+01
      vertex   2.625231e+01 3.985554e+00 -1.791352e+01
    endloop
  endfacet
  facet normal 4.812484e-02 9.988251e-01 -5.695951e-03
    outer loop
      vertex   2.598459e+01 4.000000e+00 -1.764230e+01
      vertex   2.625231e+01 3.985554e+00 -1.791352e+01
      vertex   2.593844e+01 4.000000e+00 -1.803217e+01
    endloop
  endfacet
  facet normal 4.889691e-02 9.987738e-01 -7.744510e-03
    outer loop
      vertex   2.593844e+01 4.000000e+00 -1.803217e+01
      vertex   2.625231e+01 3.985554e+00 -1.791352e+01
      vertex   2.620028e+01 3.985554e+00 -1.824201e+01
    endloop
  endfacet
  facet normal 4.752959e-02 9.988251e-01 -9.454224e-03
    outer loop
      vertex   2.593844e+01 4.000000e+00 -1.803217e+01
      vertex   2.620028e+01 3.985554e+00 -1.824201e+01
      vertex   2.586185e+01 4.000000e+00 -1.841723e+01
    endloop
  endfacet
  facet normal 4.821235e-02 9.987790e-01 -1.077674e-02
    outer loop
      vertex   2.586185e+01 4.000000e+00 -1.841723e+01
      vertex   2.620028e+01 3.985554e+00 -1.824201e+01
      vertex   2.612773e+01 3.985554e+00 -1.856658e+01
    endloop
  endfacet
  facet normal 4.684633e-02 9.988147e-01 -1.321203e-02
    outer loop
      vertex   2.586185e+01 4.000000e+00 -1.841723e+01
      vertex   2.612773e+01 3.985554e+00 -1.856658e+01
      vertex   2.575528e+01 4.000000e+00 -1.879508e+01
    endloop
  endfacet
  facet normal 4.714258e-02 9.987943e-01 -1.369619e-02
    outer loop
      vertex   2.575528e+01 4.000000e+00 -1.879508e+01
      vertex   2.612773e+01 3.985554e+00 -1.856658e+01
      vertex   2.603494e+01 3.985554e+00 -1.888595e+01
    endloop
  endfacet
  facet normal 4.618957e-02 9.987943e-01 -1.662927e-02
    outer loop
      vertex   2.575528e+01 4.000000e+00 -1.879508e+01
      vertex   2.603494e+01 3.985554e+00 -1.888595e+01
      vertex   2.592228e+01 3.985554e+00 -1.919887e+01
    endloop
  endfacet
  facet normal 1.381226e-01 9.891660e-01 -4.972718e-02
    outer loop
      vertex   2.592228e+01 3.985554e+00 -1.919887e+01
      vertex   2.603494e+01 3.985554e+00 -1.888595e+01
      vertex   2.631191e+01 3.942356e+00 -1.897594e+01
    endloop
  endfacet
  facet normal 1.381226e-01 9.891660e-01 -4.972718e-02
    outer loop
      vertex   2.592228e+01 3.985554e+00 -1.919887e+01
      vertex   2.631191e+01 3.942356e+00 -1.897594e+01
      vertex   2.619305e+01 3.942356e+00 -1.930608e+01
    endloop
  endfacet
  facet normal 2.287216e-01 9.700030e-01 -8.234483e-02
    outer loop
      vertex   2.619305e+01 3.942356e+00 -1.930608e+01
      vertex   2.631191e+01 3.942356e+00 -1.897594e+01
      vertex   2.658351e+01 3.870821e+00 -1.906419e+01
    endloop
  endfacet
  facet normal 2.287216e-01 9.700030e-01 -8.234483e-02
    outer loop
      vertex   2.619305e+01 3.942356e+00 -1.930608e+01
      vertex   2.658351e+01 3.870821e+00 -1.906419e+01
      vertex   2.645858e+01 3.870821e+00 -1.941121e+01
    endloop
  endfacet
  facet normal 3.171119e-01 9.414913e-01 -1.141673e-01
    outer loop
      vertex   2.645858e+01 3.870821e+00 -1.941121e+01
      vertex   2.658351e+01 3.870821e+00 -1.906419e+01
      vertex   2.684714e+01 3.771639e+00 -1.914985e+01
    endloop
  endfacet
  facet normal 3.171119e-01 9.414913e-01 -1.141673e-01
    outer loop
      vertex   2.645858e+01 3.870821e+00 -1.941121e+01
      vertex   2.684714e+01 3.771639e+00 -1.914985e+01
      vertex   2.671631e+01 3.771639e+00 -1.951325e+01
    endloop
  endfacet
  facet normal 4.024406e-01 9.039077e-01 -1.448875e-01
    outer loop
      vertex   2.671631e+01 3.771639e+00 -1.951325e+01
      vertex   2.684714e+01 3.771639e+00 -1.914985e+01
      vertex   2.710026e+01 3.645764e+00 -1.923209e+01
    endloop
  endfacet
  facet normal 4.024406e-01 9.039077e-01 -1.448875e-01
    outer loop
      vertex   2.671631e+01 3.771639e+00 -1.951325e+01
      vertex   2.710026e+01 3.645764e+00 -1.923209e+01
      vertex   2.696376e+01 3.645764e+00 -1.961122e+01
    endloop
  endfacet
  facet normal 4.838850e-01 8.576167e-01 -1.742093e-01
    outer loop
      vertex   2.696376e+01 3.645764e+00 -1.961122e+01
      vertex   2.710026e+01 3.645764e+00 -1.923209e+01
      vertex   2.734042e+01 3.494409e+00 -1.931013e+01
    endloop
  endfacet
  facet normal 4.838850e-01 8.576167e-01 -1.742093e-01
    outer loop
      vertex   2.696376e+01 3.645764e+00 -1.961122e+01
      vertex   2.734042e+01 3.494409e+00 -1.931013e+01
      vertex   2.719855e+01 3.494409e+00 -1.970418e+01
    endloop
  endfacet
  facet normal 5.606605e-01 8.030668e-01 -2.018502e-01
    outer loop
      vertex   2.719855e+01 3.494409e+00 -1.970418e+01
      vertex   2.734042e+01 3.494409e+00 -1.931013e+01
      vertex   2.756531e+01 3.319031e+00 -1.938320e+01
    endloop
  endfacet
  facet normal 5.606605e-01 8.030668e-01 -2.018502e-01
    outer loop
      vertex   2.719855e+01 3.494409e+00 -1.970418e+01
      vertex   2.756531e+01 3.319031e+00 -1.938320e+01
      vertex   2.741841e+01 3.319031e+00 -1.979123e+01
    endloop
  endfacet
  facet normal 6.320281e-01 7.407862e-01 -2.275441e-01
    outer loop
      vertex   2.741841e+01 3.319031e+00 -1.979123e+01
      vertex   2.756531e+01 3.319031e+00 -1.938320e+01
      vertex   2.777278e+01 3.121320e+00 -1.945061e+01
    endloop
  endfacet
  facet normal 6.320281e-01 7.407862e-01 -2.275441e-01
    outer loop
      vertex   2.741841e+01 3.319031e+00 -1.979123e+01
      vertex   2.777278e+01 3.121320e+00 -1.945061e+01
      vertex   2.762124e+01 3.121320e+00 -1.987153e+01
    endloop
  endfacet
  facet normal 6.973018e-01 6.713770e-01 -2.510441e-01
    outer loop
      vertex   2.762124e+01 3.121320e+00 -1.987153e+01
      vertex   2.777278e+01 3.121320e+00 -1.945061e+01
      vertex   2.796081e+01 2.903180e+00 -1.951171e+01
    endloop
  endfacet
  facet normal 6.973018e-01 6.713770e-01 -2.510441e-01
    outer loop
      vertex   2.762124e+01 3.121320e+00 -1.987153e+01
      vertex   2.796081e+01 2.903180e+00 -1.951171e+01
      vertex   2.780506e+01 2.903180e+00 -1.994432e+01
    endloop
  endfacet
  facet normal 7.558548e-01 5.955096e-01 -2.721245e-01
    outer loop
      vertex   2.780506e+01 2.903180e+00 -1.994432e+01
      vertex   2.796081e+01 2.903180e+00 -1.951171e+01
      vertex   2.812761e+01 2.666711e+00 -1.956590e+01
    endloop
  endfacet
  facet normal 7.558548e-01 5.955096e-01 -2.721245e-01
    outer loop
      vertex   2.780506e+01 2.903180e+00 -1.994432e+01
      vertex   2.812761e+01 2.666711e+00 -1.956590e+01
      vertex   2.796813e+01 2.666711e+00 -2.000888e+01
    endloop
  endfacet
  facet normal 8.071256e-01 5.139161e-01 -2.905831e-01
    outer loop
      vertex   2.796813e+01 2.666711e+00 -2.000888e+01
      vertex   2.812761e+01 2.666711e+00 -1.956590e+01
      vertex   2.827155e+01 2.414190e+00 -1.961267e+01
    endloop
  endfacet
  facet normal 8.071256e-01 5.139161e-01 -2.905831e-01
    outer loop
      vertex   2.796813e+01 2.666711e+00 -2.000888e+01
      vertex   2.827155e+01 2.414190e+00 -1.961267e+01
      vertex   2.810885e+01 2.414190e+00 -2.006459e+01
    endloop
  endfacet
  facet normal 8.506229e-01 4.273827e-01 -3.062431e-01
    outer loop
      vertex   2.810885e+01 2.414190e+00 -2.006459e+01
      vertex   2.827155e+01 2.414190e+00 -1.961267e+01
      vertex   2.839127e+01 2.148050e+00 -1.965157e+01
    endloop
  endfacet
  facet normal 8.506229e-01 4.273827e-01 -3.062431e-01
    outer loop
      vertex   2.810885e+01 2.414190e+00 -2.006459e+01
      vertex   2.839127e+01 2.148050e+00 -1.965157e+01
      vertex   2.822589e+01 2.148050e+00 -2.011093e+01
    endloop
  endfacet
  facet normal 8.859303e-01 3.367425e-01 -3.189545e-01
    outer loop
      vertex   2.822589e+01 2.148050e+00 -2.011093e+01
      vertex   2.839127e+01 2.148050e+00 -1.965157e+01
      vertex   2.848560e+01 1.870854e+00 -1.968222e+01
    endloop
  endfacet
  facet normal 8.859303e-01 3.367425e-01 -3.189545e-01
    outer loop
      vertex   2.822589e+01 2.148050e+00 -2.011093e+01
      vertex   2.848560e+01 1.870854e+00 -1.968222e+01
      vertex   2.831810e+01 1.870854e+00 -2.014744e+01
    endloop
  endfacet
  facet normal 9.127103e-01 2.428674e-01 -3.285959e-01
    outer loop
      vertex   2.831810e+01 1.870854e+00 -2.014744e+01
      vertex   2.848560e+01 1.870854e+00 -1.968222e+01
      vertex   2.855363e+01 1.585271e+00 -1.970432e+01
    endloop
  endfacet
  facet normal 9.127103e-01 2.428674e-01 -3.285959e-01
    outer loop
      vertex   2.831810e+01 1.870854e+00 -2.014744e+01
      vertex   2.855363e+01 1.585271e+00 -1.970432e+01
      vertex   2.838462e+01 1.585271e+00 -2.017378e+01
    endloop
  endfacet
  facet normal 3.047031e-02 2.428674e-01 -9.695808e-01
    outer loop
      vertex   2.100000e+01 1.585271e+00 -2.519236e+01
      vertex   2.100000e+01 1.870854e+00 -2.512082e+01
      vertex   2.149870e+01 1.585271e+00 -2.517668e+01
    endloop
  endfacet
  facet normal 3.047031e-02 2.428674e-01 -9.695808e-01
    outer loop
      vertex   2.149870e+01 1.585271e+00 -2.517668e+01
      vertex   2.100000e+01 1.870854e+00 -2.512082e+01
      vertex   2.149421e+01 1.870854e+00 -2.510529e+01
    endloop
  endfacet
  facet normal 9.129066e-02 2.428674e-01 -9.657543e-01
    outer loop
      vertex   2.149870e+01 1.585271e+00 -2.517668e+01
      vertex   2.149421e+01 1.870854e+00 -2.510529e+01
      vertex   2.199544e+01 1.585271e+00 -2.512973e+01
    endloop
  endfacet
  facet normal 9.129066e-02 2.428674e-01 -9.657543e-01
    outer loop
      vertex   2.199544e+01 1.585271e+00 -2.512973e+01
      vertex   2.149421e+01 1.870854e+00 -2.510529e+01
      vertex   2.198648e+01 1.870854e+00 -2.505876e+01
    endloop
  endfacet
  facet normal 1.517507e-01 2.428674e-01 -9.581165e-01
    outer loop
      vertex   2.199544e+01 1.585271e+00 -2.512973e+01
      vertex   2.198648e+01 1.870854e+00 -2.505876e+01
      vertex   2.248825e+01 1.585271e+00 -2.505167e+01
    endloop
  endfacet
  facet normal 1.517507e-01 2.428674e-01 -9.581165e-01
    outer loop
      vertex   2.248825e+01 1.585271e+00 -2.505167e+01
      vertex   2.198648e+01 1.870854e+00 -2.505876e+01
      vertex   2.247484e+01 1.870854e+00 -2.498141e+01
    endloop
  endfacet
  facet normal 2.116119e-01 2.428674e-01 -9.466973e-01
    outer loop
      vertex   2.248825e+01 1.585271e+00 -2.505167e+01
      vertex   2.247484e+01 1.870854e+00 -2.498141e+01
      vertex   2.297518e+01 1.585271e+00 -2.494283e+01
    endloop
  endfacet
  facet normal 2.116119e-01 2.428674e-01 -9.466973e-01
    outer loop
      vertex   2.297518e+01 1.585271e+00 -2.494283e+01
      vertex   2.247484e+01 1.870854e+00 -2.498141e+01
      vertex   2.295739e+01 1.870854e+00 -2.487354e+01
    endloop
  endfacet
  facet normal 2.706380e-01 2.428674e-01 -9.315420e-01
    outer loop
      vertex   2.297518e+01 1.585271e+00 -2.494283e+01
      vertex   2.295739e+01 1.870854e+00 -2.487354e+01
      vertex   2.345432e+01 1.585271e+00 -2.480363e+01
    endloop
  endfacet
  facet normal 2.706380e-01 2.428674e-01 -9.315420e-01
    outer loop
      vertex   2.345432e+01 1.585271e+00 -2.480363e+01
      vertex   2.295739e+01 1.870854e+00 -2.487354e+01
      vertex   2.343222e+01 1.870854e+00 -2.473560e+01
    endloop
  endfacet
  facet normal 3.285959e-01 2.428674e-01 -9.127103e-01
    outer loop
      vertex   2.345432e+01 1.585271e+00 -2.480363e+01
      vertex   2.343222e+01 1.870854e+00 -2.473560e+01
      vertex   2.392378e+01 1.585271e+00 -2.463462e+01
    endloop
  endfacet
  facet normal 3.285959e-01 2.428674e-01 -9.127103e-01
    outer loop
      vertex   2.392378e+01 1.585271e+00 -2.463462e+01
      vertex   2.343222e+01 1.870854e+00 -2.473560e+01
      vertex   2.389744e+01 1.870854e+00 -2.456810e+01
    endloop
  endfacet
  facet normal 3.852571e-01 2.428674e-01 -8.902766e-01
    outer loop
      vertex   2.392378e+01 1.585271e+00 -2.463462e+01
      vertex   2.389744e+01 1.870854e+00 -2.456810e+01
      vertex   2.438169e+01 1.585271e+00 -2.443646e+01
    endloop
  endfacet
  facet normal 3.852571e-01 2.428674e-01 -8.902766e-01
    outer loop
      vertex   2.438169e+01 1.585271e+00 -2.443646e+01
      vertex   2.389744e+01 1.870854e+00 -2.456810e+01
      vertex   2.435123e+01 1.870854e+00 -2.437173e+01
    endloop
  endfacet
  facet normal 4.403978e-01 2.428674e-01 -8.643293e-01
    outer loop
      vertex   2.438169e+01 1.585271e+00 -2.443646e+01
      vertex   2.435123e+01 1.870854e+00 -2.437173e+01
      vertex   2.482626e+01 1.585271e+00 -2.420994e+01
    endloop
  endfacet
  facet normal 4.403978e-01 2.428674e-01 -8.643293e-01
    outer loop
      vertex   2.482626e+01 1.585271e+00 -2.420994e+01
      vertex   2.435123e+01 1.870854e+00 -2.437173e+01
      vertex   2.479180e+01 1.870854e+00 -2.414725e+01
    endloop
  endfacet
  facet normal 4.938005e-01 2.428674e-01 -8.349710e-01
    outer loop
      vertex   2.482626e+01 1.585271e+00 -2.420994e+01
      vertex   2.479180e+01 1.870854e+00 -2.414725e+01
      vertex   2.525573e+01 1.585271e+00 -2.395595e+01
    endloop
  endfacet
  facet normal 4.938005e-01 2.428674e-01 -8.349710e-01
    outer loop
      vertex   2.525573e+01 1.585271e+00 -2.395595e+01
      vertex   2.479180e+01 1.870854e+00 -2.414725e+01
      vertex   2.521740e+01 1.870854e+00 -2.389555e+01
    endloop
  endfacet
  facet normal 5.452543e-01 2.428674e-01 -8.023174e-01
    outer loop
      vertex   2.525573e+01 1.585271e+00 -2.395595e+01
      vertex   2.521740e+01 1.870854e+00 -2.389555e+01
      vertex   2.566840e+01 1.585271e+00 -2.367550e+01
    endloop
  endfacet
  facet normal 5.452543e-01 2.428674e-01 -8.023174e-01
    outer loop
      vertex   2.566840e+01 1.585271e+00 -2.367550e+01
      vertex   2.521740e+01 1.870854e+00 -2.389555e+01
      vertex   2.562635e+01 1.870854e+00 -2.361763e+01
    endloop
  endfacet
  facet normal 5.945563e-01 2.428674e-01 -7.664974e-01
    outer loop
      vertex   2.566840e+01 1.585271e+00 -2.367550e+01
      vertex   2.562635e+01 1.870854e+00 -2.361763e+01
      vertex   2.606265e+01 1.585271e+00 -2.336969e+01
    endloop
  endfacet
  facet normal 5.945563e-01 2.428674e-01 -7.664974e-01
    outer loop
      vertex   2.606265e+01 1.585271e+00 -2.336969e+01
      vertex   2.562635e+01 1.870854e+00 -2.361763e+01
      vertex   2.601705e+01 1.870854e+00 -2.331457e+01
    endloop
  endfacet
  facet normal 6.415119e-01 2.428674e-01 -7.276524e-01
    outer loop
      vertex   2.606265e+01 1.585271e+00 -2.336969e+01
      vertex   2.601705e+01 1.870854e+00 -2.331457e+01
      vertex   2.643692e+01 1.585271e+00 -2.303973e+01
    endloop
  endfacet
  facet normal 6.415119e-01 2.428674e-01 -7.276524e-01
    outer loop
      vertex   2.643692e+01 1.585271e+00 -2.303973e+01
      vertex   2.601705e+01 1.870854e+00 -2.331457e+01
      vertex   2.638795e+01 1.870854e+00 -2.298758e+01
    endloop
  endfacet
  facet normal 6.859357e-01 2.428674e-01 -6.859357e-01
    outer loop
      vertex   2.643692e+01 1.585271e+00 -2.303973e+01
      vertex   2.638795e+01 1.870854e+00 -2.298758e+01
      vertex   2.678973e+01 1.585271e+00 -2.268692e+01
    endloop
  endfacet
  facet normal 6.859357e-01 2.428674e-01 -6.859357e-01
    outer loop
      vertex   2.678973e+01 1.585271e+00 -2.268692e+01
      vertex   2.638795e+01 1.870854e+00 -2.298758e+01
      vertex   2.673758e+01 1.870854e+00 -2.263795e+01
    endloop
  endfacet
  facet normal 7.276524e-01 2.428674e-01 -6.415119e-01
    outer loop
      vertex   2.678973e+01 1.585271e+00 -2.268692e+01
      vertex   2.673758e+01 1.870854e+00 -2.263795e+01
      vertex   2.711969e+01 1.585271e+00 -2.231265e+01
    endloop
  endfacet
  facet normal 7.276524e-01 2.428674e-01 -6.415119e-01
    outer loop
      vertex   2.711969e+01 1.585271e+00 -2.231265e+01
      vertex   2.673758e+01 1.870854e+00 -2.263795e+01
      vertex   2.706457e+01 1.870854e+00 -2.226705e+01
    endloop
  endfacet
  facet normal 7.664974e-01 2.428674e-01 -5.945563e-01
    outer loop
      vertex   2.711969e+01 1.585271e+00 -2.231265e+01
      vertex   2.706457e+01 1.870854e+00 -2.226705e+01
      vertex   2.742550e+01 1.585271e+00 -2.191840e+01
    endloop
  endfacet
  facet normal 7.664974e-01 2.428674e-01 -5.945563e-01
    outer loop
      vertex   2.742550e+01 1.585271e+00 -2.191840e+01
      vertex   2.706457e+01 1.870854e+00 -2.226705e+01
      vertex   2.736763e+01 1.870854e+00 -2.187635e+01
    endloop
  endfacet
  facet normal 8.023174e-01 2.428674e-01 -5.452543e-01
    outer loop
      vertex   2.742550e+01 1.585271e+00 -2.191840e+01
      vertex   2.736763e+01 1.870854e+00 -2.187635e+01
      vertex   2.770595e+01 1.585271e+00 -2.150573e+01
    endloop
  endfacet
  facet normal 8.023174e-01 2.428674e-01 -5.452543e-01
    outer loop
      vertex   2.770595e+01 1.585271e+00 -2.150573e+01
      vertex   2.736763e+01 1.870854e+00 -2.187635e+01
      vertex   2.764555e+01 1.870854e+00 -2.146740e+01
    endloop
  endfacet
  facet normal 8.349710e-01 2.428674e-01 -4.938005e-01
    outer loop
      vertex   2.770595e+01 1.585271e+00 -2.150573e+01
      vertex   2.764555e+01 1.870854e+00 -2.146740e+01
      vertex   2.795994e+01 1.585271e+00 -2.107626e+01
    endloop
  endfacet
  facet normal 8.349710e-01 2.428674e-01 -4.938005e-01
    outer loop
      vertex   2.795994e+01 1.585271e+00 -2.107626e+01
      vertex   2.764555e+01 1.870854e+00 -2.146740e+01
      vertex   2.789725e+01 1.870854e+00 -2.104180e+01
    endloop
  endfacet
  facet normal 8.643293e-01 2.428674e-01 -4.403978e-01
    outer loop
      vertex   2.795994e+01 1.585271e+00 -2.107626e+01
      vertex   2.789725e+01 1.870854e+00 -2.104180e+01
      vertex   2.818646e+01 1.585271e+00 -2.063169e+01
    endloop
  endfacet
  facet normal 8.643293e-01 2.428674e-01 -4.403978e-01
    outer loop
      vertex   2.818646e+01 1.585271e+00 -2.063169e+01
      vertex   2.789725e+01 1.870854e+00 -2.104180e+01
      vertex   2.812173e+01 1.870854e+00 -2.060123e+01
    endloop
  endfacet
  facet normal 8.902766e-01 2.428674e-01 -3.852571e-01
    outer loop
      vertex   2.818646e+01 1.585271e+00 -2.063169e+01
      vertex   2.812173e+01 1.870854e+00 -2.060123e+01
      vertex   2.838462e+01 1.585271e+00 -2.017378e+01
    endloop
  endfacet
  facet normal 8.902766e-01 2.428674e-01 -3.852571e-01
    outer loop
      vertex   2.838462e+01 1.585271e+00 -2.017378e+01
      vertex   2.812173e+01 1.870854e+00 -2.060123e+01
      vertex   2.831810e+01 1.870854e+00 -2.014744e+01
    endloop
  endfacet
  facet normal 2.957627e-02 3.367425e-01 -9.411322e-01
    outer loop
      vertex   2.100000e+01 1.870854e+00 -2.512082e+01
      vertex   2.100000e+01 2.148050e+00 -2.502164e+01
      vertex   2.149421e+01 1.870854e+00 -2.510529e+01
    endloop
  endfacet
  facet normal 2.957627e-02 3.367425e-01 -9.411322e-01
    outer loop
      vertex   2.149421e+01 1.870854e+00 -2.510529e+01
      vertex   2.100000e+01 2.148050e+00 -2.502164e+01
      vertex   2.148799e+01 2.148050e+00 -2.500630e+01
    endloop
  endfacet
  facet normal 8.861209e-02 3.367425e-01 -9.374179e-01
    outer loop
      vertex   2.149421e+01 1.870854e+00 -2.510529e+01
      vertex   2.148799e+01 2.148050e+00 -2.500630e+01
      vertex   2.198648e+01 1.870854e+00 -2.505876e+01
    endloop
  endfacet
  facet normal 8.861209e-02 3.367425e-01 -9.374179e-01
    outer loop
      vertex   2.198648e+01 1.870854e+00 -2.505876e+01
      vertex   2.148799e+01 2.148050e+00 -2.500630e+01
      vertex   2.197404e+01 2.148050e+00 -2.496036e+01
    endloop
  endfacet
  facet normal 1.472982e-01 3.367425e-01 -9.300042e-01
    outer loop
      vertex   2.198648e+01 1.870854e+00 -2.505876e+01
      vertex   2.197404e+01 2.148050e+00 -2.496036e+01
      vertex   2.247484e+01 1.870854e+00 -2.498141e+01
    endloop
  endfacet
  facet normal 1.472982e-01 3.367425e-01 -9.300042e-01
    outer loop
      vertex   2.247484e+01 1.870854e+00 -2.498141e+01
      vertex   2.197404e+01 2.148050e+00 -2.496036e+01
      vertex   2.245626e+01 2.148050e+00 -2.488398e+01
    endloop
  endfacet
  facet normal 2.054030e-01 3.367425e-01 -9.189201e-01
    outer loop
      vertex   2.247484e+01 1.870854e+00 -2.498141e+01
      vertex   2.245626e+01 2.148050e+00 -2.488398e+01
      vertex   2.295739e+01 1.870854e+00 -2.487354e+01
    endloop
  endfacet
  facet normal 2.054030e-01 3.367425e-01 -9.189201e-01
    outer loop
      vertex   2.295739e+01 1.870854e+00 -2.487354e+01
      vertex   2.245626e+01 2.148050e+00 -2.488398e+01
      vertex   2.293273e+01 2.148050e+00 -2.477748e+01
    endloop
  endfacet
  facet normal 2.626971e-01 3.367425e-01 -9.042094e-01
    outer loop
      vertex   2.295739e+01 1.870854e+00 -2.487354e+01
      vertex   2.293273e+01 2.148050e+00 -2.477748e+01
      vertex   2.343222e+01 1.870854e+00 -2.473560e+01
    endloop
  endfacet
  facet normal 2.626971e-01 3.367425e-01 -9.042094e-01
    outer loop
      vertex   2.343222e+01 1.870854e+00 -2.473560e+01
      vertex   2.293273e+01 2.148050e+00 -2.477748e+01
      vertex   2.340157e+01 2.148050e+00 -2.464127e+01
    endloop
  endfacet
  facet normal 3.189545e-01 3.367425e-01 -8.859303e-01
    outer loop
      vertex   2.343222e+01 1.870854e+00 -2.473560e+01
      vertex   2.340157e+01 2.148050e+00 -2.464127e+01
      vertex   2.389744e+01 1.870854e+00 -2.456810e+01
    endloop
  endfacet
  facet normal 3.189545e-01 3.367425e-01 -8.859303e-01
    outer loop
      vertex   2.389744e+01 1.870854e+00 -2.456810e+01
      vertex   2.340157e+01 2.148050e+00 -2.464127e+01
      vertex   2.386093e+01 2.148050e+00 -2.447589e+01
    endloop
  endfacet
  facet normal 3.739532e-01 3.367425e-01 -8.641548e-01
    outer loop
      vertex   2.389744e+01 1.870854e+00 -2.456810e+01
      vertex   2.386093e+01 2.148050e+00 -2.447589e+01
      vertex   2.435123e+01 1.870854e+00 -2.437173e+01
    endloop
  endfacet
  facet normal 3.739532e-01 3.367425e-01 -8.641548e-01
    outer loop
      vertex   2.435123e+01 1.870854e+00 -2.437173e+01
      vertex   2.386093e+01 2.148050e+00 -2.447589e+01
      vertex   2.430900e+01 2.148050e+00 -2.428199e+01
    endloop
  endfacet
  facet normal 4.274760e-01 3.367425e-01 -8.389689e-01
    outer loop
      vertex   2.435123e+01 1.870854e+00 -2.437173e+01
      vertex   2.430900e+01 2.148050e+00 -2.428199e+01
      vertex   2.479180e+01 1.870854e+00 -2.414725e+01
    endloop
  endfacet
  facet normal 4.274760e-01 3.367425e-01 -8.389689e-01
    outer loop
      vertex   2.479180e+01 1.870854e+00 -2.414725e+01
      vertex   2.430900e+01 2.148050e+00 -2.428199e+01
      vertex   2.474402e+01 2.148050e+00 -2.406034e+01
    endloop
  endfacet
  facet normal 4.793118e-01 3.367425e-01 -8.104719e-01
    outer loop
      vertex   2.479180e+01 1.870854e+00 -2.414725e+01
      vertex   2.474402e+01 2.148050e+00 -2.406034e+01
      vertex   2.521740e+01 1.870854e+00 -2.389555e+01
    endloop
  endfacet
  facet normal 4.793118e-01 3.367425e-01 -8.104719e-01
    outer loop
      vertex   2.521740e+01 1.870854e+00 -2.389555e+01
      vertex   2.474402e+01 2.148050e+00 -2.406034e+01
      vertex   2.516425e+01 2.148050e+00 -2.381181e+01
    endloop
  endfacet
  facet normal 5.292559e-01 3.367425e-01 -7.787764e-01
    outer loop
      vertex   2.521740e+01 1.870854e+00 -2.389555e+01
      vertex   2.516425e+01 2.148050e+00 -2.381181e+01
      vertex   2.562635e+01 1.870854e+00 -2.361763e+01
    endloop
  endfacet
  facet normal 5.292559e-01 3.367425e-01 -7.787764e-01
    outer loop
      vertex   2.562635e+01 1.870854e+00 -2.361763e+01
      vertex   2.516425e+01 2.148050e+00 -2.381181e+01
      vertex   2.556805e+01 2.148050e+00 -2.353739e+01
    endloop
  endfacet
  facet normal 5.771113e-01 3.367425e-01 -7.440074e-01
    outer loop
      vertex   2.562635e+01 1.870854e+00 -2.361763e+01
      vertex   2.556805e+01 2.148050e+00 -2.353739e+01
      vertex   2.601705e+01 1.870854e+00 -2.331457e+01
    endloop
  endfacet
  facet normal 5.771113e-01 3.367425e-01 -7.440074e-01
    outer loop
      vertex   2.601705e+01 1.870854e+00 -2.331457e+01
      vertex   2.556805e+01 2.148050e+00 -2.353739e+01
      vertex   2.595383e+01 2.148050e+00 -2.323815e+01
    endloop
  endfacet
  facet normal 6.226891e-01 3.367425e-01 -7.063022e-01
    outer loop
      vertex   2.601705e+01 1.870854e+00 -2.331457e+01
      vertex   2.595383e+01 2.148050e+00 -2.323815e+01
      vertex   2.638795e+01 1.870854e+00 -2.298758e+01
    endloop
  endfacet
  facet normal 6.226891e-01 3.367425e-01 -7.063022e-01
    outer loop
      vertex   2.638795e+01 1.870854e+00 -2.298758e+01
      vertex   2.595383e+01 2.148050e+00 -2.323815e+01
      vertex   2.632005e+01 2.148050e+00 -2.291528e+01
    endloop
  endfacet
  facet normal 6.658095e-01 3.367425e-01 -6.658095e-01
    outer loop
      vertex   2.638795e+01 1.870854e+00 -2.298758e+01
      vertex   2.632005e+01 2.148050e+00 -2.291528e+01
      vertex   2.673758e+01 1.870854e+00 -2.263795e+01
    endloop
  endfacet
  facet normal 6.658095e-01 3.367425e-01 -6.658095e-01
    outer loop
      vertex   2.673758e+01 1.870854e+00 -2.263795e+01
      vertex   2.632005e+01 2.148050e+00 -2.291528e+01
      vertex   2.666528e+01 2.148050e+00 -2.257005e+01
    endloop
  endfacet
  facet normal 7.063022e-01 3.367425e-01 -6.226891e-01
    outer loop
      vertex   2.673758e+01 1.870854e+00 -2.263795e+01
      vertex   2.666528e+01 2.148050e+00 -2.257005e+01
      vertex   2.706457e+01 1.870854e+00 -2.226705e+01
    endloop
  endfacet
  facet normal 7.063022e-01 3.367425e-01 -6.226891e-01
    outer loop
      vertex   2.706457e+01 1.870854e+00 -2.226705e+01
      vertex   2.666528e+01 2.148050e+00 -2.257005e+01
      vertex   2.698815e+01 2.148050e+00 -2.220383e+01
    endloop
  endfacet
  facet normal 7.440074e-01 3.367425e-01 -5.771113e-01
    outer loop
      vertex   2.706457e+01 1.870854e+00 -2.226705e+01
      vertex   2.698815e+01 2.148050e+00 -2.220383e+01
      vertex   2.736763e+01 1.870854e+00 -2.187635e+01
    endloop
  endfacet
  facet normal 7.440074e-01 3.367425e-01 -5.771113e-01
    outer loop
      vertex   2.736763e+01 1.870854e+00 -2.187635e+01
      vertex   2.698815e+01 2.148050e+00 -2.220383e+01
      vertex   2.728739e+01 2.148050e+00 -2.181805e+01
    endloop
  endfacet
  facet normal 7.787764e-01 3.367425e-01 -5.292559e-01
    outer loop
      vertex   2.736763e+01 1.870854e+00 -2.187635e+01
      vertex   2.728739e+01 2.148050e+00 -2.181805e+01
      vertex   2.764555e+01 1.870854e+00 -2.146740e+01
    endloop
  endfacet
  facet normal 7.787764e-01 3.367425e-01 -5.292559e-01
    outer loop
      vertex   2.764555e+01 1.870854e+00 -2.146740e+01
      vertex   2.728739e+01 2.148050e+00 -2.181805e+01
      vertex   2.756181e+01 2.148050e+00 -2.141425e+01
    endloop
  endfacet
  facet normal 8.104719e-01 3.367425e-01 -4.793118e-01
    outer loop
      vertex   2.764555e+01 1.870854e+00 -2.146740e+01
      vertex   2.756181e+01 2.148050e+00 -2.141425e+01
      vertex   2.789725e+01 1.870854e+00 -2.104180e+01
    endloop
  endfacet
  facet normal 8.104719e-01 3.367425e-01 -4.793118e-01
    outer loop
      vertex   2.789725e+01 1.870854e+00 -2.104180e+01
      vertex   2.756181e+01 2.148050e+00 -2.141425e+01
      vertex   2.781034e+01 2.148050e+00 -2.099402e+01
    endloop
  endfacet
  facet normal 8.389689e-01 3.367425e-01 -4.274760e-01
    outer loop
      vertex   2.789725e+01 1.870854e+00 -2.104180e+01
      vertex   2.781034e+01 2.148050e+00 -2.099402e+01
      vertex   2.812173e+01 1.870854e+00 -2.060123e+01
    endloop
  endfacet
  facet normal 8.389689e-01 3.367425e-01 -4.274760e-01
    outer loop
      vertex   2.812173e+01 1.870854e+00 -2.060123e+01
      vertex   2.781034e+01 2.148050e+00 -2.099402e+01
      vertex   2.803199e+01 2.148050e+00 -2.055900e+01
    endloop
  endfacet
  facet normal 8.641548e-01 3.367425e-01 -3.739532e-01
    outer loop
      vertex   2.812173e+01 1.870854e+00 -2.060123e+01
      vertex   2.803199e+01 2.148050e+00 -2.055900e+01
      vertex   2.831810e+01 1.870854e+00 -2.014744e+01
    endloop
  endfacet
  facet normal 8.641548e-01 3.367425e-01 -3.739532e-01
    outer loop
      vertex   2.831810e+01 1.870854e+00 -2.014744e+01
      vertex   2.803199e+01 2.148050e+00 -2.055900e+01
      vertex   2.822589e+01 2.148050e+00 -2.011093e+01
    endloop
  endfacet
  facet normal 2.839755e-02 4.273827e-01 -9.036247e-01
    outer loop
      vertex   2.100000e+01 2.148050e+00 -2.502164e+01
      vertex   2.100000e+01 2.414190e+00 -2.489576e+01
      vertex   2.148799e+01 2.148050e+00 -2.500630e+01
    endloop
  endfacet
  facet normal 2.839755e-02 4.273827e-01 -9.036247e-01
    outer loop
      vertex   2.148799e+01 2.148050e+00 -2.500630e+01
      vertex   2.100000e+01 2.414190e+00 -2.489576e+01
      vertex   2.148008e+01 2.414190e+00 -2.488068e+01
    endloop
  endfacet
  facet normal 8.508058e-02 4.273827e-01 -9.000585e-01
    outer loop
      vertex   2.148799e+01 2.148050e+00 -2.500630e+01
      vertex   2.148008e+01 2.414190e+00 -2.488068e+01
      vertex   2.197404e+01 2.148050e+00 -2.496036e+01
    endloop
  endfacet
  facet normal 8.508058e-02 4.273827e-01 -9.000585e-01
    outer loop
      vertex   2.197404e+01 2.148050e+00 -2.496036e+01
      vertex   2.148008e+01 2.414190e+00 -2.488068e+01
      vertex   2.195827e+01 2.414190e+00 -2.483547e+01
    endloop
  endfacet
  facet normal 1.414278e-01 4.273827e-01 -8.929402e-01
    outer loop
      vertex   2.197404e+01 2.148050e+00 -2.496036e+01
      vertex   2.195827e+01 2.414190e+00 -2.483547e+01
      vertex   2.245626e+01 2.148050e+00 -2.488398e+01
    endloop
  endfacet
  facet normal 1.414278e-01 4.273827e-01 -8.929402e-01
    outer loop
      vertex   2.245626e+01 2.148050e+00 -2.488398e+01
      vertex   2.195827e+01 2.414190e+00 -2.483547e+01
      vertex   2.243267e+01 2.414190e+00 -2.476034e+01
    endloop
  endfacet
  facet normal 1.972169e-01 4.273827e-01 -8.822979e-01
    outer loop
      vertex   2.245626e+01 2.148050e+00 -2.488398e+01
      vertex   2.243267e+01 2.414190e+00 -2.476034e+01
      vertex   2.293273e+01 2.148050e+00 -2.477748e+01
    endloop
  endfacet
  facet normal 1.972169e-01 4.273827e-01 -8.822979e-01
    outer loop
      vertex   2.293273e+01 2.148050e+00 -2.477748e+01
      vertex   2.243267e+01 2.414190e+00 -2.476034e+01
      vertex   2.290142e+01 2.414190e+00 -2.465556e+01
    endloop
  endfacet
  facet normal 2.522277e-01 4.273827e-01 -8.681735e-01
    outer loop
      vertex   2.293273e+01 2.148050e+00 -2.477748e+01
      vertex   2.290142e+01 2.414190e+00 -2.465556e+01
      vertex   2.340157e+01 2.148050e+00 -2.464127e+01
    endloop
  endfacet
  facet normal 2.522277e-01 4.273827e-01 -8.681735e-01
    outer loop
      vertex   2.340157e+01 2.148050e+00 -2.464127e+01
      vertex   2.290142e+01 2.414190e+00 -2.465556e+01
      vertex   2.336267e+01 2.414190e+00 -2.452155e+01
    endloop
  endfacet
  facet normal 3.062431e-01 4.273827e-01 -8.506229e-01
    outer loop
      vertex   2.340157e+01 2.148050e+00 -2.464127e+01
      vertex   2.336267e+01 2.414190e+00 -2.452155e+01
      vertex   2.386093e+01 2.148050e+00 -2.447589e+01
    endloop
  endfacet
  facet normal 3.062431e-01 4.273827e-01 -8.506229e-01
    outer loop
      vertex   2.386093e+01 2.148050e+00 -2.447589e+01
      vertex   2.336267e+01 2.414190e+00 -2.452155e+01
      vertex   2.381459e+01 2.414190e+00 -2.435885e+01
    endloop
  endfacet
  facet normal 3.590498e-01 4.273827e-01 -8.297152e-01
    outer loop
      vertex   2.386093e+01 2.148050e+00 -2.447589e+01
      vertex   2.381459e+01 2.414190e+00 -2.435885e+01
      vertex   2.430900e+01 2.148050e+00 -2.428199e+01
    endloop
  endfacet
  facet normal 3.590498e-01 4.273827e-01 -8.297152e-01
    outer loop
      vertex   2.430900e+01 2.148050e+00 -2.428199e+01
      vertex   2.381459e+01 2.414190e+00 -2.435885e+01
      vertex   2.425541e+01 2.414190e+00 -2.416809e+01
    endloop
  endfacet
  facet normal 4.104396e-01 4.273827e-01 -8.055330e-01
    outer loop
      vertex   2.430900e+01 2.148050e+00 -2.428199e+01
      vertex   2.425541e+01 2.414190e+00 -2.416809e+01
      vertex   2.474402e+01 2.148050e+00 -2.406034e+01
    endloop
  endfacet
  facet normal 4.104396e-01 4.273827e-01 -8.055330e-01
    outer loop
      vertex   2.474402e+01 2.148050e+00 -2.406034e+01
      vertex   2.425541e+01 2.414190e+00 -2.416809e+01
      vertex   2.468337e+01 2.414190e+00 -2.395003e+01
    endloop
  endfacet
  facet normal 4.602095e-01 4.273827e-01 -7.781718e-01
    outer loop
      vertex   2.474402e+01 2.148050e+00 -2.406034e+01
      vertex   2.468337e+01 2.414190e+00 -2.395003e+01
      vertex   2.516425e+01 2.148050e+00 -2.381181e+01
    endloop
  endfacet
  facet normal 4.602095e-01 4.273827e-01 -7.781718e-01
    outer loop
      vertex   2.516425e+01 2.148050e+00 -2.381181e+01
      vertex   2.468337e+01 2.414190e+00 -2.395003e+01
      vertex   2.509681e+01 2.414190e+00 -2.370553e+01
    endloop
  endfacet
  facet normal 5.081632e-01 4.273827e-01 -7.477394e-01
    outer loop
      vertex   2.516425e+01 2.148050e+00 -2.381181e+01
      vertex   2.509681e+01 2.414190e+00 -2.370553e+01
      vertex   2.556805e+01 2.148050e+00 -2.353739e+01
    endloop
  endfacet
  facet normal 5.081632e-01 4.273827e-01 -7.477394e-01
    outer loop
      vertex   2.556805e+01 2.148050e+00 -2.353739e+01
      vertex   2.509681e+01 2.414190e+00 -2.370553e+01
      vertex   2.549407e+01 2.414190e+00 -2.343555e+01
    endloop
  endfacet
  facet normal 5.541114e-01 4.273827e-01 -7.143561e-01
    outer loop
      vertex   2.556805e+01 2.148050e+00 -2.353739e+01
      vertex   2.549407e+01 2.414190e+00 -2.343555e+01
      vertex   2.595383e+01 2.148050e+00 -2.323815e+01
    endloop
  endfacet
  facet normal 5.541114e-01 4.273827e-01 -7.143561e-01
    outer loop
      vertex   2.595383e+01 2.148050e+00 -2.323815e+01
      vertex   2.549407e+01 2.414190e+00 -2.343555e+01
      vertex   2.587359e+01 2.414190e+00 -2.314116e+01
    endloop
  endfacet
  facet normal 5.978728e-01 4.273827e-01 -6.781535e-01
    outer loop
      vertex   2.595383e+01 2.148050e+00 -2.323815e+01
      vertex   2.587359e+01 2.414190e+00 -2.314116e+01
      vertex   2.632005e+01 2.148050e+00 -2.291528e+01
    endloop
  endfacet
  facet normal 5.978728e-01 4.273827e-01 -6.781535e-01
    outer loop
      vertex   2.632005e+01 2.148050e+00 -2.291528e+01
      vertex   2.587359e+01 2.414190e+00 -2.314116e+01
      vertex   2.623389e+01 2.414190e+00 -2.282352e+01
    endloop
  endfacet
  facet normal 6.392746e-01 4.273827e-01 -6.392746e-01
    outer loop
      vertex   2.632005e+01 2.148050e+00 -2.291528e+01
      vertex   2.623389e+01 2.414190e+00 -2.282352e+01
      vertex   2.666528e+01 2.148050e+00 -2.257005e+01
    endloop
  endfacet
  facet normal 6.392746e-01 4.273827e-01 -6.392746e-01
    outer loop
      vertex   2.666528e+01 2.148050e+00 -2.257005e+01
      vertex   2.623389e+01 2.414190e+00 -2.282352e+01
      vertex   2.657352e+01 2.414190e+00 -2.248389e+01
    endloop
  endfacet
  facet normal 6.781535e-01 4.273827e-01 -5.978728e-01
    outer loop
      vertex   2.666528e+01 2.148050e+00 -2.257005e+01
      vertex   2.657352e+01 2.414190e+00 -2.248389e+01
      vertex   2.698815e+01 2.148050e+00 -2.220383e+01
    endloop
  endfacet
  facet normal 6.781535e-01 4.273827e-01 -5.978728e-01
    outer loop
      vertex   2.698815e+01 2.148050e+00 -2.220383e+01
      vertex   2.657352e+01 2.414190e+00 -2.248389e+01
      vertex   2.689116e+01 2.414190e+00 -2.212359e+01
    endloop
  endfacet
  facet normal 7.143561e-01 4.273827e-01 -5.541114e-01
    outer loop
      vertex   2.698815e+01 2.148050e+00 -2.220383e+01
      vertex   2.689116e+01 2.414190e+00 -2.212359e+01
      vertex   2.728739e+01 2.148050e+00 -2.181805e+01
    endloop
  endfacet
  facet normal 7.143561e-01 4.273827e-01 -5.541114e-01
    outer loop
      vertex   2.728739e+01 2.148050e+00 -2.181805e+01
      vertex   2.689116e+01 2.414190e+00 -2.212359e+01
      vertex   2.718555e+01 2.414190e+00 -2.174407e+01
    endloop
  endfacet
  facet normal 7.477394e-01 4.273827e-01 -5.081632e-01
    outer loop
      vertex   2.728739e+01 2.148050e+00 -2.181805e+01
      vertex   2.718555e+01 2.414190e+00 -2.174407e+01
      vertex   2.756181e+01 2.148050e+00 -2.141425e+01
    endloop
  endfacet
  facet normal 7.477394e-01 4.273827e-01 -5.081632e-01
    outer loop
      vertex   2.756181e+01 2.148050e+00 -2.141425e+01
      vertex   2.718555e+01 2.414190e+00 -2.174407e+01
      vertex   2.745553e+01 2.414190e+00 -2.134681e+01
    endloop
  endfacet
  facet normal 7.781718e-01 4.273827e-01 -4.602095e-01
    outer loop
      vertex   2.756181e+01 2.148050e+00 -2.141425e+01
      vertex   2.745553e+01 2.414190e+00 -2.134681e+01
      vertex   2.781034e+01 2.148050e+00 -2.099402e+01
    endloop
  endfacet
  facet normal 7.781718e-01 4.273827e-01 -4.602095e-01
    outer loop
      vertex   2.781034e+01 2.148050e+00 -2.099402e+01
      vertex   2.745553e+01 2.414190e+00 -2.134681e+01
      vertex   2.770003e+01 2.414190e+00 -2.093337e+01
    endloop
  endfacet
  facet normal 8.055330e-01 4.273827e-01 -4.104396e-01
    outer loop
      vertex   2.781034e+01 2.148050e+00 -2.099402e+01
      vertex   2.770003e+01 2.414190e+00 -2.093337e+01
      vertex   2.803199e+01 2.148050e+00 -2.055900e+01
    endloop
  endfacet
  facet normal 8.055330e-01 4.273827e-01 -4.104396e-01
    outer loop
      vertex   2.803199e+01 2.148050e+00 -2.055900e+01
      vertex   2.770003e+01 2.414190e+00 -2.093337e+01
      vertex   2.791809e+01 2.414190e+00 -2.050541e+01
    endloop
  endfacet
  facet normal 8.297152e-01 4.273827e-01 -3.590498e-01
    outer loop
      vertex   2.803199e+01 2.148050e+00 -2.055900e+01
      vertex   2.791809e+01 2.414190e+00 -2.050541e+01
      vertex   2.822589e+01 2.148050e+00 -2.011093e+01
    endloop
  endfacet
  facet normal 8.297152e-01 4.273827e-01 -3.590498e-01
    outer loop
      vertex   2.822589e+01 2.148050e+00 -2.011093e+01
      vertex   2.791809e+01 2.414190e+00 -2.050541e+01
      vertex   2.810885e+01 2.414190e+00 -2.006459e+01
    endloop
  endfacet
  facet normal 2.694542e-02 5.139161e-01 -8.574172e-01
    outer loop
      vertex   2.100000e+01 2.414190e+00 -2.489576e+01
      vertex   2.100000e+01 2.666711e+00 -2.474441e+01
      vertex   2.148008e+01 2.414190e+00 -2.488068e+01
    endloop
  endfacet
  facet normal 2.694542e-02 5.139161e-01 -8.574172e-01
    outer loop
      vertex   2.148008e+01 2.414190e+00 -2.488068e+01
      vertex   2.100000e+01 2.666711e+00 -2.474441e+01
      vertex   2.147058e+01 2.666711e+00 -2.472962e+01
    endloop
  endfacet
  facet normal 8.072992e-02 5.139161e-01 -8.540333e-01
    outer loop
      vertex   2.148008e+01 2.414190e+00 -2.488068e+01
      vertex   2.147058e+01 2.666711e+00 -2.472962e+01
      vertex   2.195827e+01 2.414190e+00 -2.483547e+01
    endloop
  endfacet
  facet normal 8.072992e-02 5.139161e-01 -8.540333e-01
    outer loop
      vertex   2.195827e+01 2.414190e+00 -2.483547e+01
      vertex   2.147058e+01 2.666711e+00 -2.472962e+01
      vertex   2.193930e+01 2.666711e+00 -2.468531e+01
    endloop
  endfacet
  facet normal 1.341958e-01 5.139161e-01 -8.472790e-01
    outer loop
      vertex   2.195827e+01 2.414190e+00 -2.483547e+01
      vertex   2.193930e+01 2.666711e+00 -2.468531e+01
      vertex   2.243267e+01 2.414190e+00 -2.476034e+01
    endloop
  endfacet
  facet normal 1.341958e-01 5.139161e-01 -8.472790e-01
    outer loop
      vertex   2.243267e+01 2.414190e+00 -2.476034e+01
      vertex   2.193930e+01 2.666711e+00 -2.468531e+01
      vertex   2.240431e+01 2.666711e+00 -2.461166e+01
    endloop
  endfacet
  facet normal 1.871321e-01 5.139161e-01 -8.371809e-01
    outer loop
      vertex   2.243267e+01 2.414190e+00 -2.476034e+01
      vertex   2.240431e+01 2.666711e+00 -2.461166e+01
      vertex   2.290142e+01 2.414190e+00 -2.465556e+01
    endloop
  endfacet
  facet normal 1.871321e-01 5.139161e-01 -8.371809e-01
    outer loop
      vertex   2.290142e+01 2.414190e+00 -2.465556e+01
      vertex   2.240431e+01 2.666711e+00 -2.461166e+01
      vertex   2.286378e+01 2.666711e+00 -2.450896e+01
    endloop
  endfacet
  facet normal 2.393299e-01 5.139161e-01 -8.237788e-01
    outer loop
      vertex   2.290142e+01 2.414190e+00 -2.465556e+01
      vertex   2.286378e+01 2.666711e+00 -2.450896e+01
      vertex   2.336267e+01 2.414190e+00 -2.452155e+01
    endloop
  endfacet
  facet normal 2.393299e-01 5.139161e-01 -8.237788e-01
    outer loop
      vertex   2.336267e+01 2.414190e+00 -2.452155e+01
      vertex   2.286378e+01 2.666711e+00 -2.450896e+01
      vertex   2.331590e+01 2.666711e+00 -2.437761e+01
    endloop
  endfacet
  facet normal 2.905831e-01 5.139161e-01 -8.071256e-01
    outer loop
      vertex   2.336267e+01 2.414190e+00 -2.452155e+01
      vertex   2.331590e+01 2.666711e+00 -2.437761e+01
      vertex   2.381459e+01 2.414190e+00 -2.435885e+01
    endloop
  endfacet
  facet normal 2.905831e-01 5.139161e-01 -8.071256e-01
    outer loop
      vertex   2.381459e+01 2.414190e+00 -2.435885e+01
      vertex   2.331590e+01 2.666711e+00 -2.437761e+01
      vertex   2.375888e+01 2.666711e+00 -2.421813e+01
    endloop
  endfacet
  facet normal 3.406895e-01 5.139161e-01 -7.872871e-01
    outer loop
      vertex   2.381459e+01 2.414190e+00 -2.435885e+01
      vertex   2.375888e+01 2.666711e+00 -2.421813e+01
      vertex   2.425541e+01 2.414190e+00 -2.416809e+01
    endloop
  endfacet
  facet normal 3.406895e-01 5.139161e-01 -7.872871e-01
    outer loop
      vertex   2.425541e+01 2.414190e+00 -2.416809e+01
      vertex   2.375888e+01 2.666711e+00 -2.421813e+01
      vertex   2.419096e+01 2.666711e+00 -2.403114e+01
    endloop
  endfacet
  facet normal 3.894514e-01 5.139161e-01 -7.643415e-01
    outer loop
      vertex   2.425541e+01 2.414190e+00 -2.416809e+01
      vertex   2.419096e+01 2.666711e+00 -2.403114e+01
      vertex   2.468337e+01 2.414190e+00 -2.395003e+01
    endloop
  endfacet
  facet normal 3.894514e-01 5.139161e-01 -7.643415e-01
    outer loop
      vertex   2.468337e+01 2.414190e+00 -2.395003e+01
      vertex   2.419096e+01 2.666711e+00 -2.403114e+01
      vertex   2.461046e+01 2.666711e+00 -2.381740e+01
    endloop
  endfacet
  facet normal 4.366763e-01 5.139161e-01 -7.383793e-01
    outer loop
      vertex   2.468337e+01 2.414190e+00 -2.395003e+01
      vertex   2.461046e+01 2.666711e+00 -2.381740e+01
      vertex   2.509681e+01 2.414190e+00 -2.370553e+01
    endloop
  endfacet
  facet normal 4.366763e-01 5.139161e-01 -7.383793e-01
    outer loop
      vertex   2.509681e+01 2.414190e+00 -2.370553e+01
      vertex   2.461046e+01 2.666711e+00 -2.381740e+01
      vertex   2.501571e+01 2.666711e+00 -2.357774e+01
    endloop
  endfacet
  facet normal 4.821779e-01 5.139161e-01 -7.095032e-01
    outer loop
      vertex   2.509681e+01 2.414190e+00 -2.370553e+01
      vertex   2.501571e+01 2.666711e+00 -2.357774e+01
      vertex   2.549407e+01 2.414190e+00 -2.343555e+01
    endloop
  endfacet
  facet normal 4.821779e-01 5.139161e-01 -7.095032e-01
    outer loop
      vertex   2.549407e+01 2.414190e+00 -2.343555e+01
      vertex   2.501571e+01 2.666711e+00 -2.357774e+01
      vertex   2.540510e+01 2.666711e+00 -2.331310e+01
    endloop
  endfacet
  facet normal 5.257765e-01 5.139161e-01 -6.778269e-01
    outer loop
      vertex   2.549407e+01 2.414190e+00 -2.343555e+01
      vertex   2.540510e+01 2.666711e+00 -2.331310e+01
      vertex   2.587359e+01 2.414190e+00 -2.314116e+01
    endloop
  endfacet
  facet normal 5.257765e-01 5.139161e-01 -6.778269e-01
    outer loop
      vertex   2.587359e+01 2.414190e+00 -2.314116e+01
      vertex   2.540510e+01 2.666711e+00 -2.331310e+01
      vertex   2.577712e+01 2.666711e+00 -2.302454e+01
    endloop
  endfacet
  facet normal 5.673001e-01 5.139161e-01 -6.434756e-01
    outer loop
      vertex   2.587359e+01 2.414190e+00 -2.314116e+01
      vertex   2.577712e+01 2.666711e+00 -2.302454e+01
      vertex   2.623389e+01 2.414190e+00 -2.282352e+01
    endloop
  endfacet
  facet normal 5.673001e-01 5.139161e-01 -6.434756e-01
    outer loop
      vertex   2.623389e+01 2.414190e+00 -2.282352e+01
      vertex   2.577712e+01 2.666711e+00 -2.302454e+01
      vertex   2.613028e+01 2.666711e+00 -2.271319e+01
    endloop
  endfacet
  facet normal 6.065848e-01 5.139161e-01 -6.065848e-01
    outer loop
      vertex   2.623389e+01 2.414190e+00 -2.282352e+01
      vertex   2.613028e+01 2.666711e+00 -2.271319e+01
      vertex   2.657352e+01 2.414190e+00 -2.248389e+01
    endloop
  endfacet
  facet normal 6.065848e-01 5.139161e-01 -6.065848e-01
    outer loop
      vertex   2.657352e+01 2.414190e+00 -2.248389e+01
      vertex   2.613028e+01 2.666711e+00 -2.271319e+01
      vertex   2.646319e+01 2.666711e+00 -2.238028e+01
    endloop
  endfacet
  facet normal 6.434756e-01 5.139161e-01 -5.673001e-01
    outer loop
      vertex   2.657352e+01 2.414190e+00 -2.248389e+01
      vertex   2.646319e+01 2.666711e+00 -2.238028e+01
      vertex   2.689116e+01 2.414190e+00 -2.212359e+01
    endloop
  endfacet
  facet normal 6.434756e-01 5.139161e-01 -5.673001e-01
    outer loop
      vertex   2.689116e+01 2.414190e+00 -2.212359e+01
      vertex   2.646319e+01 2.666711e+00 -2.238028e+01
      vertex   2.677454e+01 2.666711e+00 -2.202712e+01
    endloop
  endfacet
  facet normal 6.778269e-01 5.139161e-01 -5.257765e-01
    outer loop
      vertex   2.689116e+01 2.414190e+00 -2.212359e+01
      vertex   2.677454e+01 2.666711e+00 -2.202712e+01
      vertex   2.718555e+01 2.414190e+00 -2.174407e+01
    endloop
  endfacet
  facet normal 6.778269e-01 5.139161e-01 -5.257765e-01
    outer loop
      vertex   2.718555e+01 2.414190e+00 -2.174407e+01
      vertex   2.677454e+01 2.666711e+00 -2.202712e+01
      vertex   2.706310e+01 2.666711e+00 -2.165510e+01
    endloop
  endfacet
  facet normal 7.095032e-01 5.139161e-01 -4.821779e-01
    outer loop
      vertex   2.718555e+01 2.414190e+00 -2.174407e+01
      vertex   2.706310e+01 2.666711e+00 -2.165510e+01
      vertex   2.745553e+01 2.414190e+00 -2.134681e+01
    endloop
  endfacet
  facet normal 7.095032e-01 5.139161e-01 -4.821779e-01
    outer loop
      vertex   2.745553e+01 2.414190e+00 -2.134681e+01
      vertex   2.706310e+01 2.666711e+00 -2.165510e+01
      vertex   2.732774e+01 2.666711e+00 -2.126571e+01
    endloop
  endfacet
  facet normal 7.383793e-01 5.139161e-01 -4.366763e-01
    outer loop
      vertex   2.745553e+01 2.414190e+00 -2.134681e+01
      vertex   2.732774e+01 2.666711e+00 -2.126571e+01
      vertex   2.770003e+01 2.414190e+00 -2.093337e+01
    endloop
  endfacet
  facet normal 7.383793e-01 5.139161e-01 -4.366763e-01
    outer loop
      vertex   2.770003e+01 2.414190e+00 -2.093337e+01
      vertex   2.732774e+01 2.666711e+00 -2.126571e+01
      vertex   2.756740e+01 2.666711e+00 -2.086046e+01
    endloop
  endfacet
  facet normal 7.643415e-01 5.139161e-01 -3.894514e-01
    outer loop
      vertex   2.770003e+01 2.414190e+00 -2.093337e+01
      vertex   2.756740e+01 2.666711e+00 -2.086046e+01
      vertex   2.791809e+01 2.414190e+00 -2.050541e+01
    endloop
  endfacet
  facet normal 7.643415e-01 5.139161e-01 -3.894514e-01
    outer loop
      vertex   2.791809e+01 2.414190e+00 -2.050541e+01
      vertex   2.756740e+01 2.666711e+00 -2.086046e+01
      vertex   2.778114e+01 2.666711e+00 -2.044096e+01
    endloop
  endfacet
  facet normal 7.872871e-01 5.139161e-01 -3.406895e-01
    outer loop
      vertex   2.791809e+01 2.414190e+00 -2.050541e+01
      vertex   2.778114e+01 2.666711e+00 -2.044096e+01
      vertex   2.810885e+01 2.414190e+00 -2.006459e+01
    endloop
  endfacet
  facet normal 7.872871e-01 5.139161e-01 -3.406895e-01
    outer loop
      vertex   2.810885e+01 2.414190e+00 -2.006459e+01
      vertex   2.778114e+01 2.666711e+00 -2.044096e+01
      vertex   2.796813e+01 2.666711e+00 -2.000888e+01
    endloop
  endfacet
  facet normal 2.523378e-02 5.955096e-01 -8.029518e-01
    outer loop
      vertex   2.100000e+01 2.666711e+00 -2.474441e+01
      vertex   2.100000e+01 2.903180e+00 -2.456903e+01
      vertex   2.147058e+01 2.666711e+00 -2.472962e+01
    endloop
  endfacet
  facet normal 2.523378e-02 5.955096e-01 -8.029518e-01
    outer loop
      vertex   2.147058e+01 2.666711e+00 -2.472962e+01
      vertex   2.100000e+01 2.903180e+00 -2.456903e+01
      vertex   2.145957e+01 2.903180e+00 -2.455459e+01
    endloop
  endfacet
  facet normal 7.560174e-02 5.955096e-01 -7.997829e-01
    outer loop
      vertex   2.147058e+01 2.666711e+00 -2.472962e+01
      vertex   2.145957e+01 2.903180e+00 -2.455459e+01
      vertex   2.193930e+01 2.666711e+00 -2.468531e+01
    endloop
  endfacet
  facet normal 7.560174e-02 5.955096e-01 -7.997829e-01
    outer loop
      vertex   2.193930e+01 2.666711e+00 -2.468531e+01
      vertex   2.145957e+01 2.903180e+00 -2.455459e+01
      vertex   2.191732e+01 2.903180e+00 -2.451132e+01
    endloop
  endfacet
  facet normal 1.256713e-01 5.955096e-01 -7.934576e-01
    outer loop
      vertex   2.193930e+01 2.666711e+00 -2.468531e+01
      vertex   2.191732e+01 2.903180e+00 -2.451132e+01
      vertex   2.240431e+01 2.666711e+00 -2.461166e+01
    endloop
  endfacet
  facet normal 1.256713e-01 5.955096e-01 -7.934576e-01
    outer loop
      vertex   2.240431e+01 2.666711e+00 -2.461166e+01
      vertex   2.191732e+01 2.903180e+00 -2.451132e+01
      vertex   2.237145e+01 2.903180e+00 -2.443939e+01
    endloop
  endfacet
  facet normal 1.752450e-01 5.955096e-01 -7.840010e-01
    outer loop
      vertex   2.240431e+01 2.666711e+00 -2.461166e+01
      vertex   2.237145e+01 2.903180e+00 -2.443939e+01
      vertex   2.286378e+01 2.666711e+00 -2.450896e+01
    endloop
  endfacet
  facet normal 1.752450e-01 5.955096e-01 -7.840010e-01
    outer loop
      vertex   2.286378e+01 2.666711e+00 -2.450896e+01
      vertex   2.237145e+01 2.903180e+00 -2.443939e+01
      vertex   2.282017e+01 2.903180e+00 -2.433909e+01
    endloop
  endfacet
  facet normal 2.241270e-01 5.955096e-01 -7.714502e-01
    outer loop
      vertex   2.286378e+01 2.666711e+00 -2.450896e+01
      vertex   2.282017e+01 2.903180e+00 -2.433909e+01
      vertex   2.331590e+01 2.666711e+00 -2.437761e+01
    endloop
  endfacet
  facet normal 2.241270e-01 5.955096e-01 -7.714502e-01
    outer loop
      vertex   2.331590e+01 2.666711e+00 -2.437761e+01
      vertex   2.282017e+01 2.903180e+00 -2.433909e+01
      vertex   2.326171e+01 2.903180e+00 -2.421081e+01
    endloop
  endfacet
  facet normal 2.721245e-01 5.955096e-01 -7.558548e-01
    outer loop
      vertex   2.331590e+01 2.666711e+00 -2.437761e+01
      vertex   2.326171e+01 2.903180e+00 -2.421081e+01
      vertex   2.375888e+01 2.666711e+00 -2.421813e+01
    endloop
  endfacet
  facet normal 2.721245e-01 5.955096e-01 -7.558548e-01
    outer loop
      vertex   2.375888e+01 2.666711e+00 -2.421813e+01
      vertex   2.326171e+01 2.903180e+00 -2.421081e+01
      vertex   2.369432e+01 2.903180e+00 -2.405506e+01
    endloop
  endfacet
  facet normal 3.190480e-01 5.955096e-01 -7.372765e-01
    outer loop
      vertex   2.375888e+01 2.666711e+00 -2.421813e+01
      vertex   2.369432e+01 2.903180e+00 -2.405506e+01
      vertex   2.419096e+01 2.666711e+00 -2.403114e+01
    endloop
  endfacet
  facet normal 3.190480e-01 5.955096e-01 -7.372765e-01
    outer loop
      vertex   2.419096e+01 2.666711e+00 -2.403114e+01
      vertex   2.369432e+01 2.903180e+00 -2.405506e+01
      vertex   2.411629e+01 2.903180e+00 -2.387246e+01
    endloop
  endfacet
  facet normal 3.647124e-01 5.955096e-01 -7.157885e-01
    outer loop
      vertex   2.419096e+01 2.666711e+00 -2.403114e+01
      vertex   2.411629e+01 2.903180e+00 -2.387246e+01
      vertex   2.461046e+01 2.666711e+00 -2.381740e+01
    endloop
  endfacet
  facet normal 3.647124e-01 5.955096e-01 -7.157885e-01
    outer loop
      vertex   2.461046e+01 2.666711e+00 -2.381740e+01
      vertex   2.411629e+01 2.903180e+00 -2.387246e+01
      vertex   2.452597e+01 2.903180e+00 -2.366372e+01
    endloop
  endfacet
  facet normal 4.089375e-01 5.955096e-01 -6.914755e-01
    outer loop
      vertex   2.461046e+01 2.666711e+00 -2.381740e+01
      vertex   2.452597e+01 2.903180e+00 -2.366372e+01
      vertex   2.501571e+01 2.666711e+00 -2.357774e+01
    endloop
  endfacet
  facet normal 4.089375e-01 5.955096e-01 -6.914755e-01
    outer loop
      vertex   2.501571e+01 2.666711e+00 -2.357774e+01
      vertex   2.452597e+01 2.903180e+00 -2.366372e+01
      vertex   2.492173e+01 2.903180e+00 -2.342966e+01
    endloop
  endfacet
  facet normal 4.515487e-01 5.955096e-01 -6.644337e-01
    outer loop
      vertex   2.501571e+01 2.666711e+00 -2.357774e+01
      vertex   2.492173e+01 2.903180e+00 -2.342966e+01
      vertex   2.540510e+01 2.666711e+00 -2.331310e+01
    endloop
  endfacet
  facet normal 4.515487e-01 5.955096e-01 -6.644337e-01
    outer loop
      vertex   2.540510e+01 2.666711e+00 -2.331310e+01
      vertex   2.492173e+01 2.903180e+00 -2.342966e+01
      vertex   2.530202e+01 2.903180e+00 -2.317122e+01
    endloop
  endfacet
  facet normal 4.923778e-01 5.955096e-01 -6.347696e-01
    outer loop
      vertex   2.540510e+01 2.666711e+00 -2.331310e+01
      vertex   2.530202e+01 2.903180e+00 -2.317122e+01
      vertex   2.577712e+01 2.666711e+00 -2.302454e+01
    endloop
  endfacet
  facet normal 4.923778e-01 5.955096e-01 -6.347696e-01
    outer loop
      vertex   2.577712e+01 2.666711e+00 -2.302454e+01
      vertex   2.530202e+01 2.903180e+00 -2.317122e+01
      vertex   2.566533e+01 2.903180e+00 -2.288941e+01
    endloop
  endfacet
  facet normal 5.312637e-01 5.955096e-01 -6.026004e-01
    outer loop
      vertex   2.577712e+01 2.666711e+00 -2.302454e+01
      vertex   2.566533e+01 2.903180e+00 -2.288941e+01
      vertex   2.613028e+01 2.666711e+00 -2.271319e+01
    endloop
  endfacet
  facet normal 5.312637e-01 5.955096e-01 -6.026004e-01
    outer loop
      vertex   2.613028e+01 2.666711e+00 -2.271319e+01
      vertex   2.566533e+01 2.903180e+00 -2.288941e+01
      vertex   2.601022e+01 2.903180e+00 -2.258534e+01
    endloop
  endfacet
  facet normal 5.680529e-01 5.955096e-01 -5.680529e-01
    outer loop
      vertex   2.613028e+01 2.666711e+00 -2.271319e+01
      vertex   2.601022e+01 2.903180e+00 -2.258534e+01
      vertex   2.646319e+01 2.666711e+00 -2.238028e+01
    endloop
  endfacet
  facet normal 5.680529e-01 5.955096e-01 -5.680529e-01
    outer loop
      vertex   2.646319e+01 2.666711e+00 -2.238028e+01
      vertex   2.601022e+01 2.903180e+00 -2.258534e+01
      vertex   2.633534e+01 2.903180e+00 -2.226022e+01
    endloop
  endfacet
  facet normal 6.026004e-01 5.955096e-01 -5.312637e-01
    outer loop
      vertex   2.646319e+01 2.666711e+00 -2.238028e+01
      vertex   2.633534e+01 2.903180e+00 -2.226022e+01
      vertex   2.677454e+01 2.666711e+00 -2.202712e+01
    endloop
  endfacet
  facet normal 6.026004e-01 5.955096e-01 -5.312637e-01
    outer loop
      vertex   2.677454e+01 2.666711e+00 -2.202712e+01
      vertex   2.633534e+01 2.903180e+00 -2.226022e+01
      vertex   2.663941e+01 2.903180e+00 -2.191533e+01
    endloop
  endfacet
  facet normal 6.347696e-01 5.955096e-01 -4.923778e-01
    outer loop
      vertex   2.677454e+01 2.666711e+00 -2.202712e+01
      vertex   2.663941e+01 2.903180e+00 -2.191533e+01
      vertex   2.706310e+01 2.666711e+00 -2.165510e+01
    endloop
  endfacet
  facet normal 6.347696e-01 5.955096e-01 -4.923778e-01
    outer loop
      vertex   2.706310e+01 2.666711e+00 -2.165510e+01
      vertex   2.663941e+01 2.903180e+00 -2.191533e+01
      vertex   2.692122e+01 2.903180e+00 -2.155202e+01
    endloop
  endfacet
  facet normal 6.644337e-01 5.955096e-01 -4.515487e-01
    outer loop
      vertex   2.706310e+01 2.666711e+00 -2.165510e+01
      vertex   2.692122e+01 2.903180e+00 -2.155202e+01
      vertex   2.732774e+01 2.666711e+00 -2.126571e+01
    endloop
  endfacet
  facet normal 6.644337e-01 5.955096e-01 -4.515487e-01
    outer loop
      vertex   2.732774e+01 2.666711e+00 -2.126571e+01
      vertex   2.692122e+01 2.903180e+00 -2.155202e+01
      vertex   2.717966e+01 2.903180e+00 -2.117173e+01
    endloop
  endfacet
  facet normal 6.914755e-01 5.955096e-01 -4.089375e-01
    outer loop
      vertex   2.732774e+01 2.666711e+00 -2.126571e+01
      vertex   2.717966e+01 2.903180e+00 -2.117173e+01
      vertex   2.756740e+01 2.666711e+00 -2.086046e+01
    endloop
  endfacet
  facet normal 6.914755e-01 5.955096e-01 -4.089375e-01
    outer loop
      vertex   2.756740e+01 2.666711e+00 -2.086046e+01
      vertex   2.717966e+01 2.903180e+00 -2.117173e+01
      vertex   2.741372e+01 2.903180e+00 -2.077597e+01
    endloop
  endfacet
  facet normal 7.157885e-01 5.955096e-01 -3.647124e-01
    outer loop
      vertex   2.756740e+01 2.666711e+00 -2.086046e+01
      vertex   2.741372e+01 2.903180e+00 -2.077597e+01
      vertex   2.778114e+01 2.666711e+00 -2.044096e+01
    endloop
  endfacet
  facet normal 7.157885e-01 5.955096e-01 -3.647124e-01
    outer loop
      vertex   2.778114e+01 2.666711e+00 -2.044096e+01
      vertex   2.741372e+01 2.903180e+00 -2.077597e+01
      vertex   2.762246e+01 2.903180e+00 -2.036629e+01
    endloop
  endfacet
  facet normal 7.372765e-01 5.955096e-01 -3.190480e-01
    outer loop
      vertex   2.778114e+01 2.666711e+00 -2.044096e+01
      vertex   2.762246e+01 2.903180e+00 -2.036629e+01
      vertex   2.796813e+01 2.666711e+00 -2.000888e+01
    endloop
  endfacet
  facet normal 7.372765e-01 5.955096e-01 -3.190480e-01
    outer loop
      vertex   2.796813e+01 2.666711e+00 -2.000888e+01
      vertex   2.762246e+01 2.903180e+00 -2.036629e+01
      vertex   2.780506e+01 2.903180e+00 -1.994432e+01
    endloop
  endfacet
  facet normal 2.327902e-02 6.713770e-01 -7.407503e-01
    outer loop
      vertex   2.100000e+01 2.903180e+00 -2.456903e+01
      vertex   2.100000e+01 3.121320e+00 -2.437132e+01
      vertex   2.145957e+01 2.903180e+00 -2.455459e+01
    endloop
  endfacet
  facet normal 2.327902e-02 6.713770e-01 -7.407503e-01
    outer loop
      vertex   2.145957e+01 2.903180e+00 -2.455459e+01
      vertex   2.100000e+01 3.121320e+00 -2.437132e+01
      vertex   2.144715e+01 3.121320e+00 -2.435727e+01
    endloop
  endfacet
  facet normal 6.974518e-02 6.713770e-01 -7.378269e-01
    outer loop
      vertex   2.145957e+01 2.903180e+00 -2.455459e+01
      vertex   2.144715e+01 3.121320e+00 -2.435727e+01
      vertex   2.191732e+01 2.903180e+00 -2.451132e+01
    endloop
  endfacet
  facet normal 6.974518e-02 6.713770e-01 -7.378269e-01
    outer loop
      vertex   2.191732e+01 2.903180e+00 -2.451132e+01
      vertex   2.144715e+01 3.121320e+00 -2.435727e+01
      vertex   2.189254e+01 3.121320e+00 -2.431517e+01
    endloop
  endfacet
  facet normal 1.159361e-01 6.713770e-01 -7.319917e-01
    outer loop
      vertex   2.191732e+01 2.903180e+00 -2.451132e+01
      vertex   2.189254e+01 3.121320e+00 -2.431517e+01
      vertex   2.237145e+01 2.903180e+00 -2.443939e+01
    endloop
  endfacet
  facet normal 1.159361e-01 6.713770e-01 -7.319917e-01
    outer loop
      vertex   2.237145e+01 2.903180e+00 -2.443939e+01
      vertex   2.189254e+01 3.121320e+00 -2.431517e+01
      vertex   2.233440e+01 3.121320e+00 -2.424518e+01
    endloop
  endfacet
  facet normal 1.616695e-01 6.713770e-01 -7.232676e-01
    outer loop
      vertex   2.237145e+01 2.903180e+00 -2.443939e+01
      vertex   2.233440e+01 3.121320e+00 -2.424518e+01
      vertex   2.282017e+01 2.903180e+00 -2.433909e+01
    endloop
  endfacet
  facet normal 1.616695e-01 6.713770e-01 -7.232676e-01
    outer loop
      vertex   2.282017e+01 2.903180e+00 -2.433909e+01
      vertex   2.233440e+01 3.121320e+00 -2.424518e+01
      vertex   2.277100e+01 3.121320e+00 -2.414759e+01
    endloop
  endfacet
  facet normal 2.067648e-01 6.713770e-01 -7.116890e-01
    outer loop
      vertex   2.282017e+01 2.903180e+00 -2.433909e+01
      vertex   2.277100e+01 3.121320e+00 -2.414759e+01
      vertex   2.326171e+01 2.903180e+00 -2.421081e+01
    endloop
  endfacet
  facet normal 2.067648e-01 6.713770e-01 -7.116890e-01
    outer loop
      vertex   2.326171e+01 2.903180e+00 -2.421081e+01
      vertex   2.277100e+01 3.121320e+00 -2.414759e+01
      vertex   2.320061e+01 3.121320e+00 -2.402278e+01
    endloop
  endfacet
  facet normal 2.510441e-01 6.713770e-01 -6.973018e-01
    outer loop
      vertex   2.326171e+01 2.903180e+00 -2.421081e+01
      vertex   2.320061e+01 3.121320e+00 -2.402278e+01
      vertex   2.369432e+01 2.903180e+00 -2.405506e+01
    endloop
  endfacet
  facet normal 2.510441e-01 6.713770e-01 -6.973018e-01
    outer loop
      vertex   2.369432e+01 2.903180e+00 -2.405506e+01
      vertex   2.320061e+01 3.121320e+00 -2.402278e+01
      vertex   2.362153e+01 3.121320e+00 -2.387124e+01
    endloop
  endfacet
  facet normal 2.943327e-01 6.713770e-01 -6.801627e-01
    outer loop
      vertex   2.369432e+01 2.903180e+00 -2.405506e+01
      vertex   2.362153e+01 3.121320e+00 -2.387124e+01
      vertex   2.411629e+01 2.903180e+00 -2.387246e+01
    endloop
  endfacet
  facet normal 2.943327e-01 6.713770e-01 -6.801627e-01
    outer loop
      vertex   2.411629e+01 2.903180e+00 -2.387246e+01
      vertex   2.362153e+01 3.121320e+00 -2.387124e+01
      vertex   2.403211e+01 3.121320e+00 -2.369356e+01
    endloop
  endfacet
  facet normal 3.364596e-01 6.713770e-01 -6.603392e-01
    outer loop
      vertex   2.411629e+01 2.903180e+00 -2.387246e+01
      vertex   2.403211e+01 3.121320e+00 -2.369356e+01
      vertex   2.452597e+01 2.903180e+00 -2.366372e+01
    endloop
  endfacet
  facet normal 3.364596e-01 6.713770e-01 -6.603392e-01
    outer loop
      vertex   2.452597e+01 2.903180e+00 -2.366372e+01
      vertex   2.403211e+01 3.121320e+00 -2.369356e+01
      vertex   2.443072e+01 3.121320e+00 -2.349046e+01
    endloop
  endfacet
  facet normal 3.772588e-01 6.713770e-01 -6.379097e-01
    outer loop
      vertex   2.452597e+01 2.903180e+00 -2.366372e+01
      vertex   2.443072e+01 3.121320e+00 -2.349046e+01
      vertex   2.492173e+01 2.903180e+00 -2.342966e+01
    endloop
  endfacet
  facet normal 3.772588e-01 6.713770e-01 -6.379097e-01
    outer loop
      vertex   2.492173e+01 2.903180e+00 -2.342966e+01
      vertex   2.443072e+01 3.121320e+00 -2.349046e+01
      vertex   2.481579e+01 3.121320e+00 -2.326273e+01
    endloop
  endfacet
  facet normal 4.165690e-01 6.713770e-01 -6.129627e-01
    outer loop
      vertex   2.492173e+01 2.903180e+00 -2.342966e+01
      vertex   2.481579e+01 3.121320e+00 -2.326273e+01
      vertex   2.530202e+01 2.903180e+00 -2.317122e+01
    endloop
  endfacet
  facet normal 4.165690e-01 6.713770e-01 -6.129627e-01
    outer loop
      vertex   2.530202e+01 2.903180e+00 -2.317122e+01
      vertex   2.481579e+01 3.121320e+00 -2.326273e+01
      vertex   2.518581e+01 3.121320e+00 -2.301127e+01
    endloop
  endfacet
  facet normal 4.542352e-01 6.713770e-01 -5.855965e-01
    outer loop
      vertex   2.530202e+01 2.903180e+00 -2.317122e+01
      vertex   2.518581e+01 3.121320e+00 -2.301127e+01
      vertex   2.566533e+01 2.903180e+00 -2.288941e+01
    endloop
  endfacet
  facet normal 4.542352e-01 6.713770e-01 -5.855965e-01
    outer loop
      vertex   2.566533e+01 2.903180e+00 -2.288941e+01
      vertex   2.518581e+01 3.121320e+00 -2.301127e+01
      vertex   2.553930e+01 3.121320e+00 -2.273707e+01
    endloop
  endfacet
  facet normal 4.901088e-01 6.713770e-01 -5.559193e-01
    outer loop
      vertex   2.566533e+01 2.903180e+00 -2.288941e+01
      vertex   2.553930e+01 3.121320e+00 -2.273707e+01
      vertex   2.601022e+01 2.903180e+00 -2.258534e+01
    endloop
  endfacet
  facet normal 4.901088e-01 6.713770e-01 -5.559193e-01
    outer loop
      vertex   2.601022e+01 2.903180e+00 -2.258534e+01
      vertex   2.553930e+01 3.121320e+00 -2.273707e+01
      vertex   2.587488e+01 3.121320e+00 -2.244122e+01
    endloop
  endfacet
  facet normal 5.240482e-01 6.713770e-01 -5.240482e-01
    outer loop
      vertex   2.601022e+01 2.903180e+00 -2.258534e+01
      vertex   2.587488e+01 3.121320e+00 -2.244122e+01
      vertex   2.633534e+01 2.903180e+00 -2.226022e+01
    endloop
  endfacet
  facet normal 5.240482e-01 6.713770e-01 -5.240482e-01
    outer loop
      vertex   2.633534e+01 2.903180e+00 -2.226022e+01
      vertex   2.587488e+01 3.121320e+00 -2.244122e+01
      vertex   2.619122e+01 3.121320e+00 -2.212488e+01
    endloop
  endfacet
  facet normal 5.559193e-01 6.713770e-01 -4.901088e-01
    outer loop
      vertex   2.633534e+01 2.903180e+00 -2.226022e+01
      vertex   2.619122e+01 3.121320e+00 -2.212488e+01
      vertex   2.663941e+01 2.903180e+00 -2.191533e+01
    endloop
  endfacet
  facet normal 5.559193e-01 6.713770e-01 -4.901088e-01
    outer loop
      vertex   2.663941e+01 2.903180e+00 -2.191533e+01
      vertex   2.619122e+01 3.121320e+00 -2.212488e+01
      vertex   2.648707e+01 3.121320e+00 -2.178930e+01
    endloop
  endfacet
  facet normal 5.855965e-01 6.713770e-01 -4.542352e-01
    outer loop
      vertex   2.663941e+01 2.903180e+00 -2.191533e+01
      vertex   2.648707e+01 3.121320e+00 -2.178930e+01
      vertex   2.692122e+01 2.903180e+00 -2.155202e+01
    endloop
  endfacet
  facet normal 5.855965e-01 6.713770e-01 -4.542352e-01
    outer loop
      vertex   2.692122e+01 2.903180e+00 -2.155202e+01
      vertex   2.648707e+01 3.121320e+00 -2.178930e+01
      vertex   2.676127e+01 3.121320e+00 -2.143581e+01
    endloop
  endfacet
  facet normal 6.129627e-01 6.713770e-01 -4.165690e-01
    outer loop
      vertex   2.692122e+01 2.903180e+00 -2.155202e+01
      vertex   2.676127e+01 3.121320e+00 -2.143581e+01
      vertex   2.717966e+01 2.903180e+00 -2.117173e+01
    endloop
  endfacet
  facet normal 6.129627e-01 6.713770e-01 -4.165690e-01
    outer loop
      vertex   2.717966e+01 2.903180e+00 -2.117173e+01
      vertex   2.676127e+01 3.121320e+00 -2.143581e+01
      vertex   2.701273e+01 3.121320e+00 -2.106579e+01
    endloop
  endfacet
  facet normal 6.379097e-01 6.713770e-01 -3.772588e-01
    outer loop
      vertex   2.717966e+01 2.903180e+00 -2.117173e+01
      vertex   2.701273e+01 3.121320e+00 -2.106579e+01
      vertex   2.741372e+01 2.903180e+00 -2.077597e+01
    endloop
  endfacet
  facet normal 6.379097e-01 6.713770e-01 -3.772588e-01
    outer loop
      vertex   2.741372e+01 2.903180e+00 -2.077597e+01
      vertex   2.701273e+01 3.121320e+00 -2.106579e+01
      vertex   2.724046e+01 3.121320e+00 -2.068072e+01
    endloop
  endfacet
  facet normal 6.603392e-01 6.713770e-01 -3.364596e-01
    outer loop
      vertex   2.741372e+01 2.903180e+00 -2.077597e+01
      vertex   2.724046e+01 3.121320e+00 -2.068072e+01
      vertex   2.762246e+01 2.903180e+00 -2.036629e+01
    endloop
  endfacet
  facet normal 6.603392e-01 6.713770e-01 -3.364596e-01
    outer loop
      vertex   2.762246e+01 2.903180e+00 -2.036629e+01
      vertex   2.724046e+01 3.121320e+00 -2.068072e+01
      vertex   2.744356e+01 3.121320e+00 -2.028211e+01
    endloop
  endfacet
  facet normal 6.801627e-01 6.713770e-01 -2.943327e-01
    outer loop
      vertex   2.762246e+01 2.903180e+00 -2.036629e+01
      vertex   2.744356e+01 3.121320e+00 -2.028211e+01
      vertex   2.780506e+01 2.903180e+00 -1.994432e+01
    endloop
  endfacet
  facet normal 6.801627e-01 6.713770e-01 -2.943327e-01
    outer loop
      vertex   2.780506e+01 2.903180e+00 -1.994432e+01
      vertex   2.744356e+01 3.121320e+00 -2.028211e+01
      vertex   2.762124e+01 3.121320e+00 -1.987153e+01
    endloop
  endfacet
  facet normal 2.109989e-02 7.407862e-01 -6.714094e-01
    outer loop
      vertex   2.100000e+01 3.121320e+00 -2.437132e+01
      vertex   2.100000e+01 3.319031e+00 -2.415318e+01
      vertex   2.144715e+01 3.121320e+00 -2.435727e+01
    endloop
  endfacet
  facet normal 2.109989e-02 7.407862e-01 -6.714094e-01
    outer loop
      vertex   2.144715e+01 3.121320e+00 -2.435727e+01
      vertex   2.100000e+01 3.319031e+00 -2.415318e+01
      vertex   2.143345e+01 3.319031e+00 -2.413956e+01
    endloop
  endfacet
  facet normal 6.321640e-02 7.407862e-01 -6.687597e-01
    outer loop
      vertex   2.144715e+01 3.121320e+00 -2.435727e+01
      vertex   2.143345e+01 3.319031e+00 -2.413956e+01
      vertex   2.189254e+01 3.121320e+00 -2.431517e+01
    endloop
  endfacet
  facet normal 6.321640e-02 7.407862e-01 -6.687597e-01
    outer loop
      vertex   2.189254e+01 3.121320e+00 -2.431517e+01
      vertex   2.143345e+01 3.319031e+00 -2.413956e+01
      vertex   2.186520e+01 3.319031e+00 -2.409875e+01
    endloop
  endfacet
  facet normal 1.050834e-01 7.407862e-01 -6.634707e-01
    outer loop
      vertex   2.189254e+01 3.121320e+00 -2.431517e+01
      vertex   2.186520e+01 3.319031e+00 -2.409875e+01
      vertex   2.233440e+01 3.121320e+00 -2.424518e+01
    endloop
  endfacet
  facet normal 1.050834e-01 7.407862e-01 -6.634707e-01
    outer loop
      vertex   2.233440e+01 3.121320e+00 -2.424518e+01
      vertex   2.186520e+01 3.319031e+00 -2.409875e+01
      vertex   2.229353e+01 3.319031e+00 -2.403091e+01
    endloop
  endfacet
  facet normal 1.465357e-01 7.407862e-01 -6.555632e-01
    outer loop
      vertex   2.233440e+01 3.121320e+00 -2.424518e+01
      vertex   2.229353e+01 3.319031e+00 -2.403091e+01
      vertex   2.277100e+01 3.121320e+00 -2.414759e+01
    endloop
  endfacet
  facet normal 1.465357e-01 7.407862e-01 -6.555632e-01
    outer loop
      vertex   2.277100e+01 3.121320e+00 -2.414759e+01
      vertex   2.229353e+01 3.319031e+00 -2.403091e+01
      vertex   2.271675e+01 3.319031e+00 -2.393630e+01
    endloop
  endfacet
  facet normal 1.874097e-01 7.407862e-01 -6.450686e-01
    outer loop
      vertex   2.277100e+01 3.121320e+00 -2.414759e+01
      vertex   2.271675e+01 3.319031e+00 -2.393630e+01
      vertex   2.320061e+01 3.121320e+00 -2.402278e+01
    endloop
  endfacet
  facet normal 1.874097e-01 7.407862e-01 -6.450686e-01
    outer loop
      vertex   2.320061e+01 3.121320e+00 -2.402278e+01
      vertex   2.271675e+01 3.319031e+00 -2.393630e+01
      vertex   2.313320e+01 3.319031e+00 -2.381531e+01
    endloop
  endfacet
  facet normal 2.275441e-01 7.407862e-01 -6.320281e-01
    outer loop
      vertex   2.320061e+01 3.121320e+00 -2.402278e+01
      vertex   2.313320e+01 3.319031e+00 -2.381531e+01
      vertex   2.362153e+01 3.121320e+00 -2.387124e+01
    endloop
  endfacet
  facet normal 2.275441e-01 7.407862e-01 -6.320281e-01
    outer loop
      vertex   2.362153e+01 3.121320e+00 -2.387124e+01
      vertex   2.313320e+01 3.319031e+00 -2.381531e+01
      vertex   2.354123e+01 3.319031e+00 -2.366841e+01
    endloop
  endfacet
  facet normal 2.667805e-01 7.407862e-01 -6.164933e-01
    outer loop
      vertex   2.362153e+01 3.121320e+00 -2.387124e+01
      vertex   2.354123e+01 3.319031e+00 -2.366841e+01
      vertex   2.403211e+01 3.121320e+00 -2.369356e+01
    endloop
  endfacet
  facet normal 2.667805e-01 7.407862e-01 -6.164933e-01
    outer loop
      vertex   2.403211e+01 3.121320e+00 -2.369356e+01
      vertex   2.354123e+01 3.319031e+00 -2.366841e+01
      vertex   2.393923e+01 3.319031e+00 -2.349618e+01
    endloop
  endfacet
  facet normal 3.049640e-01 7.407862e-01 -5.985255e-01
    outer loop
      vertex   2.403211e+01 3.121320e+00 -2.369356e+01
      vertex   2.393923e+01 3.319031e+00 -2.349618e+01
      vertex   2.443072e+01 3.121320e+00 -2.349046e+01
    endloop
  endfacet
  facet normal 3.049640e-01 7.407862e-01 -5.985255e-01
    outer loop
      vertex   2.443072e+01 3.121320e+00 -2.349046e+01
      vertex   2.393923e+01 3.319031e+00 -2.349618e+01
      vertex   2.432563e+01 3.319031e+00 -2.329930e+01
    endloop
  endfacet
  facet normal 3.419439e-01 7.407862e-01 -5.781956e-01
    outer loop
      vertex   2.443072e+01 3.121320e+00 -2.349046e+01
      vertex   2.432563e+01 3.319031e+00 -2.329930e+01
      vertex   2.481579e+01 3.121320e+00 -2.326273e+01
    endloop
  endfacet
  facet normal 3.419439e-01 7.407862e-01 -5.781956e-01
    outer loop
      vertex   2.481579e+01 3.121320e+00 -2.326273e+01
      vertex   2.432563e+01 3.319031e+00 -2.329930e+01
      vertex   2.469891e+01 3.319031e+00 -2.307855e+01
    endloop
  endfacet
  facet normal 3.775744e-01 7.407862e-01 -5.555839e-01
    outer loop
      vertex   2.481579e+01 3.121320e+00 -2.326273e+01
      vertex   2.469891e+01 3.319031e+00 -2.307855e+01
      vertex   2.518581e+01 3.121320e+00 -2.301127e+01
    endloop
  endfacet
  facet normal 3.775744e-01 7.407862e-01 -5.555839e-01
    outer loop
      vertex   2.518581e+01 3.121320e+00 -2.301127e+01
      vertex   2.469891e+01 3.319031e+00 -2.307855e+01
      vertex   2.505759e+01 3.319031e+00 -2.283479e+01
    endloop
  endfacet
  facet normal 4.117147e-01 7.407862e-01 -5.307794e-01
    outer loop
      vertex   2.518581e+01 3.121320e+00 -2.301127e+01
      vertex   2.505759e+01 3.319031e+00 -2.283479e+01
      vertex   2.553930e+01 3.121320e+00 -2.273707e+01
    endloop
  endfacet
  facet normal 4.117147e-01 7.407862e-01 -5.307794e-01
    outer loop
      vertex   2.553930e+01 3.121320e+00 -2.273707e+01
      vertex   2.505759e+01 3.319031e+00 -2.283479e+01
      vertex   2.540025e+01 3.319031e+00 -2.256899e+01
    endloop
  endfacet
  facet normal 4.442302e-01 7.407862e-01 -5.038803e-01
    outer loop
      vertex   2.553930e+01 3.121320e+00 -2.273707e+01
      vertex   2.540025e+01 3.319031e+00 -2.256899e+01
      vertex   2.587488e+01 3.121320e+00 -2.244122e+01
    endloop
  endfacet
  facet normal 4.442302e-01 7.407862e-01 -5.038803e-01
    outer loop
      vertex   2.587488e+01 3.121320e+00 -2.244122e+01
      vertex   2.540025e+01 3.319031e+00 -2.256899e+01
      vertex   2.572555e+01 3.319031e+00 -2.228220e+01
    endloop
  endfacet
  facet normal 4.749926e-01 7.407862e-01 -4.749926e-01
    outer loop
      vertex   2.587488e+01 3.121320e+00 -2.244122e+01
      vertex   2.572555e+01 3.319031e+00 -2.228220e+01
      vertex   2.619122e+01 3.121320e+00 -2.212488e+01
    endloop
  endfacet
  facet normal 4.749926e-01 7.407862e-01 -4.749926e-01
    outer loop
      vertex   2.619122e+01 3.121320e+00 -2.212488e+01
      vertex   2.572555e+01 3.319031e+00 -2.228220e+01
      vertex   2.603220e+01 3.319031e+00 -2.197555e+01
    endloop
  endfacet
  facet normal 5.038803e-01 7.407862e-01 -4.442302e-01
    outer loop
      vertex   2.619122e+01 3.121320e+00 -2.212488e+01
      vertex   2.603220e+01 3.319031e+00 -2.197555e+01
      vertex   2.648707e+01 3.121320e+00 -2.178930e+01
    endloop
  endfacet
  facet normal 5.038803e-01 7.407862e-01 -4.442302e-01
    outer loop
      vertex   2.648707e+01 3.121320e+00 -2.178930e+01
      vertex   2.603220e+01 3.319031e+00 -2.197555e+01
      vertex   2.631899e+01 3.319031e+00 -2.165025e+01
    endloop
  endfacet
  facet normal 5.307794e-01 7.407862e-01 -4.117147e-01
    outer loop
      vertex   2.648707e+01 3.121320e+00 -2.178930e+01
      vertex   2.631899e+01 3.319031e+00 -2.165025e+01
      vertex   2.676127e+01 3.121320e+00 -2.143581e+01
    endloop
  endfacet
  facet normal 5.307794e-01 7.407862e-01 -4.117147e-01
    outer loop
      vertex   2.676127e+01 3.121320e+00 -2.143581e+01
      vertex   2.631899e+01 3.319031e+00 -2.165025e+01
      vertex   2.658479e+01 3.319031e+00 -2.130759e+01
    endloop
  endfacet
  facet normal 5.555839e-01 7.407862e-01 -3.775744e-01
    outer loop
      vertex   2.676127e+01 3.121320e+00 -2.143581e+01
      vertex   2.658479e+01 3.319031e+00 -2.130759e+01
      vertex   2.701273e+01 3.121320e+00 -2.106579e+01
    endloop
  endfacet
  facet normal 5.555839e-01 7.407862e-01 -3.775744e-01
    outer loop
      vertex   2.701273e+01 3.121320e+00 -2.106579e+01
      vertex   2.658479e+01 3.319031e+00 -2.130759e+01
      vertex   2.682855e+01 3.319031e+00 -2.094891e+01
    endloop
  endfacet
  facet normal 5.781956e-01 7.407862e-01 -3.419439e-01
    outer loop
      vertex   2.701273e+01 3.121320e+00 -2.106579e+01
      vertex   2.682855e+01 3.319031e+00 -2.094891e+01
      vertex   2.724046e+01 3.121320e+00 -2.068072e+01
    endloop
  endfacet
  facet normal 5.781956e-01 7.407862e-01 -3.419439e-01
    outer loop
      vertex   2.724046e+01 3.121320e+00 -2.068072e+01
      vertex   2.682855e+01 3.319031e+00 -2.094891e+01
      vertex   2.704930e+01 3.319031e+00 -2.057563e+01
    endloop
  endfacet
  facet normal 5.985255e-01 7.407862e-01 -3.049640e-01
    outer loop
      vertex   2.724046e+01 3.121320e+00 -2.068072e+01
      vertex   2.704930e+01 3.319031e+00 -2.057563e+01
      vertex   2.744356e+01 3.121320e+00 -2.028211e+01
    endloop
  endfacet
  facet normal 5.985255e-01 7.407862e-01 -3.049640e-01
    outer loop
      vertex   2.744356e+01 3.121320e+00 -2.028211e+01
      vertex   2.704930e+01 3.319031e+00 -2.057563e+01
      vertex   2.724618e+01 3.319031e+00 -2.018923e+01
    endloop
  endfacet
  facet normal 6.164933e-01 7.407862e-01 -2.667805e-01
    outer loop
      vertex   2.744356e+01 3.121320e+00 -2.028211e+01
      vertex   2.724618e+01 3.319031e+00 -2.018923e+01
      vertex   2.762124e+01 3.121320e+00 -1.987153e+01
    endloop
  endfacet
  facet normal 6.164933e-01 7.407862e-01 -2.667805e-01
    outer loop
      vertex   2.762124e+01 3.121320e+00 -1.987153e+01
      vertex   2.724618e+01 3.319031e+00 -2.018923e+01
      vertex   2.741841e+01 3.319031e+00 -1.979123e+01
    endloop
  endfacet
  facet normal 1.871733e-02 8.030668e-01 -5.955949e-01
    outer loop
      vertex   2.100000e+01 3.319031e+00 -2.415318e+01
      vertex   2.100000e+01 3.494409e+00 -2.391671e+01
      vertex   2.143345e+01 3.319031e+00 -2.413956e+01
    endloop
  endfacet
  facet normal 1.871733e-02 8.030668e-01 -5.955949e-01
    outer loop
      vertex   2.143345e+01 3.319031e+00 -2.413956e+01
      vertex   2.100000e+01 3.494409e+00 -2.391671e+01
      vertex   2.141861e+01 3.494409e+00 -2.390356e+01
    endloop
  endfacet
  facet normal 5.607811e-02 8.030668e-01 -5.932444e-01
    outer loop
      vertex   2.143345e+01 3.319031e+00 -2.413956e+01
      vertex   2.141861e+01 3.494409e+00 -2.390356e+01
      vertex   2.186520e+01 3.319031e+00 -2.409875e+01
    endloop
  endfacet
  facet normal 5.607811e-02 8.030668e-01 -5.932444e-01
    outer loop
      vertex   2.186520e+01 3.319031e+00 -2.409875e+01
      vertex   2.141861e+01 3.494409e+00 -2.390356e+01
      vertex   2.183556e+01 3.494409e+00 -2.386414e+01
    endloop
  endfacet
  facet normal 9.321757e-02 8.030668e-01 -5.885526e-01
    outer loop
      vertex   2.186520e+01 3.319031e+00 -2.409875e+01
      vertex   2.183556e+01 3.494409e+00 -2.386414e+01
      vertex   2.229353e+01 3.319031e+00 -2.403091e+01
    endloop
  endfacet
  facet normal 9.321757e-02 8.030668e-01 -5.885526e-01
    outer loop
      vertex   2.229353e+01 3.319031e+00 -2.403091e+01
      vertex   2.183556e+01 3.494409e+00 -2.386414e+01
      vertex   2.224922e+01 3.494409e+00 -2.379862e+01
    endloop
  endfacet
  facet normal 1.299892e-01 8.030668e-01 -5.815380e-01
    outer loop
      vertex   2.229353e+01 3.319031e+00 -2.403091e+01
      vertex   2.224922e+01 3.494409e+00 -2.379862e+01
      vertex   2.271675e+01 3.319031e+00 -2.393630e+01
    endloop
  endfacet
  facet normal 1.299892e-01 8.030668e-01 -5.815380e-01
    outer loop
      vertex   2.271675e+01 3.319031e+00 -2.393630e+01
      vertex   2.224922e+01 3.494409e+00 -2.379862e+01
      vertex   2.265794e+01 3.494409e+00 -2.370726e+01
    endloop
  endfacet
  facet normal 1.662477e-01 8.030668e-01 -5.722284e-01
    outer loop
      vertex   2.271675e+01 3.319031e+00 -2.393630e+01
      vertex   2.265794e+01 3.494409e+00 -2.370726e+01
      vertex   2.313320e+01 3.319031e+00 -2.381531e+01
    endloop
  endfacet
  facet normal 1.662477e-01 8.030668e-01 -5.722284e-01
    outer loop
      vertex   2.313320e+01 3.319031e+00 -2.381531e+01
      vertex   2.265794e+01 3.494409e+00 -2.370726e+01
      vertex   2.306013e+01 3.494409e+00 -2.359042e+01
    endloop
  endfacet
  facet normal 2.018502e-01 8.030668e-01 -5.606605e-01
    outer loop
      vertex   2.313320e+01 3.319031e+00 -2.381531e+01
      vertex   2.306013e+01 3.494409e+00 -2.359042e+01
      vertex   2.354123e+01 3.319031e+00 -2.366841e+01
    endloop
  endfacet
  facet normal 2.018502e-01 8.030668e-01 -5.606605e-01
    outer loop
      vertex   2.354123e+01 3.319031e+00 -2.366841e+01
      vertex   2.306013e+01 3.494409e+00 -2.359042e+01
      vertex   2.345418e+01 3.494409e+00 -2.344855e+01
    endloop
  endfacet
  facet normal 2.366561e-01 8.030668e-01 -5.468799e-01
    outer loop
      vertex   2.354123e+01 3.319031e+00 -2.366841e+01
      vertex   2.345418e+01 3.494409e+00 -2.344855e+01
      vertex   2.393923e+01 3.319031e+00 -2.349618e+01
    endloop
  endfacet
  facet normal 2.366561e-01 8.030668e-01 -5.468799e-01
    outer loop
      vertex   2.393923e+01 3.319031e+00 -2.349618e+01
      vertex   2.345418e+01 3.494409e+00 -2.344855e+01
      vertex   2.383855e+01 3.494409e+00 -2.328222e+01
    endloop
  endfacet
  facet normal 2.705279e-01 8.030668e-01 -5.309410e-01
    outer loop
      vertex   2.393923e+01 3.319031e+00 -2.349618e+01
      vertex   2.383855e+01 3.494409e+00 -2.328222e+01
      vertex   2.432563e+01 3.319031e+00 -2.329930e+01
    endloop
  endfacet
  facet normal 2.705279e-01 8.030668e-01 -5.309410e-01
    outer loop
      vertex   2.432563e+01 3.319031e+00 -2.329930e+01
      vertex   2.383855e+01 3.494409e+00 -2.328222e+01
      vertex   2.421171e+01 3.494409e+00 -2.309208e+01
    endloop
  endfacet
  facet normal 3.033322e-01 8.030668e-01 -5.129067e-01
    outer loop
      vertex   2.432563e+01 3.319031e+00 -2.329930e+01
      vertex   2.421171e+01 3.494409e+00 -2.309208e+01
      vertex   2.469891e+01 3.319031e+00 -2.307855e+01
    endloop
  endfacet
  facet normal 3.033322e-01 8.030668e-01 -5.129067e-01
    outer loop
      vertex   2.469891e+01 3.319031e+00 -2.307855e+01
      vertex   2.421171e+01 3.494409e+00 -2.309208e+01
      vertex   2.457220e+01 3.494409e+00 -2.287889e+01
    endloop
  endfacet
  facet normal 3.349393e-01 8.030668e-01 -4.928482e-01
    outer loop
      vertex   2.469891e+01 3.319031e+00 -2.307855e+01
      vertex   2.457220e+01 3.494409e+00 -2.287889e+01
      vertex   2.505759e+01 3.319031e+00 -2.283479e+01
    endloop
  endfacet
  facet normal 3.349393e-01 8.030668e-01 -4.928482e-01
    outer loop
      vertex   2.505759e+01 3.319031e+00 -2.283479e+01
      vertex   2.457220e+01 3.494409e+00 -2.287889e+01
      vertex   2.491859e+01 3.494409e+00 -2.264348e+01
    endloop
  endfacet
  facet normal 3.652246e-01 8.030668e-01 -4.708447e-01
    outer loop
      vertex   2.505759e+01 3.319031e+00 -2.283479e+01
      vertex   2.491859e+01 3.494409e+00 -2.264348e+01
      vertex   2.540025e+01 3.319031e+00 -2.256899e+01
    endloop
  endfacet
  facet normal 3.652246e-01 8.030668e-01 -4.708447e-01
    outer loop
      vertex   2.540025e+01 3.319031e+00 -2.256899e+01
      vertex   2.491859e+01 3.494409e+00 -2.264348e+01
      vertex   2.524952e+01 3.494409e+00 -2.238679e+01
    endloop
  endfacet
  facet normal 3.940685e-01 8.030668e-01 -4.469829e-01
    outer loop
      vertex   2.540025e+01 3.319031e+00 -2.256899e+01
      vertex   2.524952e+01 3.494409e+00 -2.238679e+01
      vertex   2.572555e+01 3.319031e+00 -2.228220e+01
    endloop
  endfacet
  facet normal 3.940685e-01 8.030668e-01 -4.469829e-01
    outer loop
      vertex   2.572555e+01 3.319031e+00 -2.228220e+01
      vertex   2.524952e+01 3.494409e+00 -2.238679e+01
      vertex   2.556368e+01 3.494409e+00 -2.210982e+01
    endloop
  endfacet
  facet normal 4.213571e-01 8.030668e-01 -4.213571e-01
    outer loop
      vertex   2.572555e+01 3.319031e+00 -2.228220e+01
      vertex   2.556368e+01 3.494409e+00 -2.210982e+01
      vertex   2.603220e+01 3.319031e+00 -2.197555e+01
    endloop
  endfacet
  facet normal 4.213571e-01 8.030668e-01 -4.213571e-01
    outer loop
      vertex   2.603220e+01 3.319031e+00 -2.197555e+01
      vertex   2.556368e+01 3.494409e+00 -2.210982e+01
      vertex   2.585982e+01 3.494409e+00 -2.181368e+01
    endloop
  endfacet
  facet normal 4.469829e-01 8.030668e-01 -3.940685e-01
    outer loop
      vertex   2.603220e+01 3.319031e+00 -2.197555e+01
      vertex   2.585982e+01 3.494409e+00 -2.181368e+01
      vertex   2.631899e+01 3.319031e+00 -2.165025e+01
    endloop
  endfacet
  facet normal 4.469829e-01 8.030668e-01 -3.940685e-01
    outer loop
      vertex   2.631899e+01 3.319031e+00 -2.165025e+01
      vertex   2.585982e+01 3.494409e+00 -2.181368e+01
      vertex   2.613679e+01 3.494409e+00 -2.149952e+01
    endloop
  endfacet
  facet normal 4.708447e-01 8.030668e-01 -3.652246e-01
    outer loop
      vertex   2.631899e+01 3.319031e+00 -2.165025e+01
      vertex   2.613679e+01 3.494409e+00 -2.149952e+01
      vertex   2.658479e+01 3.319031e+00 -2.130759e+01
    endloop
  endfacet
  facet normal 4.708447e-01 8.030668e-01 -3.652246e-01
    outer loop
      vertex   2.658479e+01 3.319031e+00 -2.130759e+01
      vertex   2.613679e+01 3.494409e+00 -2.149952e+01
      vertex   2.639348e+01 3.494409e+00 -2.116859e+01
    endloop
  endfacet
  facet normal 4.928482e-01 8.030668e-01 -3.349393e-01
    outer loop
      vertex   2.658479e+01 3.319031e+00 -2.130759e+01
      vertex   2.639348e+01 3.494409e+00 -2.116859e+01
      vertex   2.682855e+01 3.319031e+00 -2.094891e+01
    endloop
  endfacet
  facet normal 4.928482e-01 8.030668e-01 -3.349393e-01
    outer loop
      vertex   2.682855e+01 3.319031e+00 -2.094891e+01
      vertex   2.639348e+01 3.494409e+00 -2.116859e+01
      vertex   2.662889e+01 3.494409e+00 -2.082220e+01
    endloop
  endfacet
  facet normal 5.129067e-01 8.030668e-01 -3.033322e-01
    outer loop
      vertex   2.682855e+01 3.319031e+00 -2.094891e+01
      vertex   2.662889e+01 3.494409e+00 -2.082220e+01
      vertex   2.704930e+01 3.319031e+00 -2.057563e+01
    endloop
  endfacet
  facet normal 5.129067e-01 8.030668e-01 -3.033322e-01
    outer loop
      vertex   2.704930e+01 3.319031e+00 -2.057563e+01
      vertex   2.662889e+01 3.494409e+00 -2.082220e+01
      vertex   2.684208e+01 3.494409e+00 -2.046171e+01
    endloop
  endfacet
  facet normal 5.309410e-01 8.030668e-01 -2.705279e-01
    outer loop
      vertex   2.704930e+01 3.319031e+00 -2.057563e+01
      vertex   2.684208e+01 3.494409e+00 -2.046171e+01
      vertex   2.724618e+01 3.319031e+00 -2.018923e+01
    endloop
  endfacet
  facet normal 5.309410e-01 8.030668e-01 -2.705279e-01
    outer loop
      vertex   2.724618e+01 3.319031e+00 -2.018923e+01
      vertex   2.684208e+01 3.494409e+00 -2.046171e+01
      vertex   2.703222e+01 3.494409e+00 -2.008855e+01
    endloop
  endfacet
  facet normal 5.468799e-01 8.030668e-01 -2.366561e-01
    outer loop
      vertex   2.724618e+01 3.319031e+00 -2.018923e+01
      vertex   2.703222e+01 3.494409e+00 -2.008855e+01
      vertex   2.741841e+01 3.319031e+00 -1.979123e+01
    endloop
  endfacet
  facet normal 5.468799e-01 8.030668e-01 -2.366561e-01
    outer loop
      vertex   2.741841e+01 3.319031e+00 -1.979123e+01
      vertex   2.703222e+01 3.494409e+00 -2.008855e+01
      vertex   2.719855e+01 3.494409e+00 -1.970418e+01
    endloop
  endfacet
  facet normal 1.615422e-02 8.576167e-01 -5.140357e-01
    outer loop
      vertex   2.100000e+01 3.494409e+00 -2.391671e+01
      vertex   2.100000e+01 3.645764e+00 -2.366419e+01
      vertex   2.141861e+01 3.494409e+00 -2.390356e+01
    endloop
  endfacet
  facet normal 1.615422e-02 8.576167e-01 -5.140357e-01
    outer loop
      vertex   2.141861e+01 3.494409e+00 -2.390356e+01
      vertex   2.100000e+01 3.645764e+00 -2.366419e+01
      vertex   2.140275e+01 3.645764e+00 -2.365153e+01
    endloop
  endfacet
  facet normal 4.839891e-02 8.576167e-01 -5.120070e-01
    outer loop
      vertex   2.141861e+01 3.494409e+00 -2.390356e+01
      vertex   2.140275e+01 3.645764e+00 -2.365153e+01
      vertex   2.183556e+01 3.494409e+00 -2.386414e+01
    endloop
  endfacet
  facet normal 4.839891e-02 8.576167e-01 -5.120070e-01
    outer loop
      vertex   2.183556e+01 3.494409e+00 -2.386414e+01
      vertex   2.140275e+01 3.645764e+00 -2.365153e+01
      vertex   2.180391e+01 3.645764e+00 -2.361361e+01
    endloop
  endfacet
  facet normal 8.045259e-02 8.576167e-01 -5.079577e-01
    outer loop
      vertex   2.183556e+01 3.494409e+00 -2.386414e+01
      vertex   2.180391e+01 3.645764e+00 -2.361361e+01
      vertex   2.224922e+01 3.494409e+00 -2.379862e+01
    endloop
  endfacet
  facet normal 8.045259e-02 8.576167e-01 -5.079577e-01
    outer loop
      vertex   2.224922e+01 3.494409e+00 -2.379862e+01
      vertex   2.180391e+01 3.645764e+00 -2.361361e+01
      vertex   2.220190e+01 3.645764e+00 -2.355058e+01
    endloop
  endfacet
  facet normal 1.121888e-01 8.576167e-01 -5.019037e-01
    outer loop
      vertex   2.224922e+01 3.494409e+00 -2.379862e+01
      vertex   2.220190e+01 3.645764e+00 -2.355058e+01
      vertex   2.265794e+01 3.494409e+00 -2.370726e+01
    endloop
  endfacet
  facet normal 1.121888e-01 8.576167e-01 -5.019037e-01
    outer loop
      vertex   2.265794e+01 3.494409e+00 -2.370726e+01
      vertex   2.220190e+01 3.645764e+00 -2.355058e+01
      vertex   2.259514e+01 3.645764e+00 -2.346268e+01
    endloop
  endfacet
  facet normal 1.434822e-01 8.576167e-01 -4.938689e-01
    outer loop
      vertex   2.265794e+01 3.494409e+00 -2.370726e+01
      vertex   2.259514e+01 3.645764e+00 -2.346268e+01
      vertex   2.306013e+01 3.494409e+00 -2.359042e+01
    endloop
  endfacet
  facet normal 1.434822e-01 8.576167e-01 -4.938689e-01
    outer loop
      vertex   2.306013e+01 3.494409e+00 -2.359042e+01
      vertex   2.259514e+01 3.645764e+00 -2.346268e+01
      vertex   2.298209e+01 3.645764e+00 -2.335026e+01
    endloop
  endfacet
  facet normal 1.742093e-01 8.576167e-01 -4.838850e-01
    outer loop
      vertex   2.306013e+01 3.494409e+00 -2.359042e+01
      vertex   2.298209e+01 3.645764e+00 -2.335026e+01
      vertex   2.345418e+01 3.494409e+00 -2.344855e+01
    endloop
  endfacet
  facet normal 1.742093e-01 8.576167e-01 -4.838850e-01
    outer loop
      vertex   2.345418e+01 3.494409e+00 -2.344855e+01
      vertex   2.298209e+01 3.645764e+00 -2.335026e+01
      vertex   2.336122e+01 3.645764e+00 -2.321376e+01
    endloop
  endfacet
  facet normal 2.042490e-01 8.576167e-01 -4.719915e-01
    outer loop
      vertex   2.345418e+01 3.494409e+00 -2.344855e+01
      vertex   2.336122e+01 3.645764e+00 -2.321376e+01
      vertex   2.383855e+01 3.494409e+00 -2.328222e+01
    endloop
  endfacet
  facet normal 2.042490e-01 8.576167e-01 -4.719915e-01
    outer loop
      vertex   2.383855e+01 3.494409e+00 -2.328222e+01
      vertex   2.336122e+01 3.645764e+00 -2.321376e+01
      vertex   2.373103e+01 3.645764e+00 -2.305373e+01
    endloop
  endfacet
  facet normal 2.334825e-01 8.576167e-01 -4.582352e-01
    outer loop
      vertex   2.383855e+01 3.494409e+00 -2.328222e+01
      vertex   2.373103e+01 3.645764e+00 -2.305373e+01
      vertex   2.421171e+01 3.494409e+00 -2.309208e+01
    endloop
  endfacet
  facet normal 2.334825e-01 8.576167e-01 -4.582352e-01
    outer loop
      vertex   2.421171e+01 3.494409e+00 -2.309208e+01
      vertex   2.373103e+01 3.645764e+00 -2.305373e+01
      vertex   2.409006e+01 3.645764e+00 -2.287080e+01
    endloop
  endfacet
  facet normal 2.617946e-01 8.576167e-01 -4.426705e-01
    outer loop
      vertex   2.421171e+01 3.494409e+00 -2.309208e+01
      vertex   2.409006e+01 3.645764e+00 -2.287080e+01
      vertex   2.457220e+01 3.494409e+00 -2.287889e+01
    endloop
  endfacet
  facet normal 2.617946e-01 8.576167e-01 -4.426705e-01
    outer loop
      vertex   2.457220e+01 3.494409e+00 -2.287889e+01
      vertex   2.409006e+01 3.645764e+00 -2.287080e+01
      vertex   2.443689e+01 3.645764e+00 -2.266568e+01
    endloop
  endfacet
  facet normal 2.890735e-01 8.576167e-01 -4.253588e-01
    outer loop
      vertex   2.457220e+01 3.494409e+00 -2.287889e+01
      vertex   2.443689e+01 3.645764e+00 -2.266568e+01
      vertex   2.491859e+01 3.494409e+00 -2.264348e+01
    endloop
  endfacet
  facet normal 2.890735e-01 8.576167e-01 -4.253588e-01
    outer loop
      vertex   2.491859e+01 3.494409e+00 -2.264348e+01
      vertex   2.443689e+01 3.645764e+00 -2.266568e+01
      vertex   2.477017e+01 3.645764e+00 -2.243919e+01
    endloop
  endfacet
  facet normal 3.152116e-01 8.576167e-01 -4.063684e-01
    outer loop
      vertex   2.491859e+01 3.494409e+00 -2.264348e+01
      vertex   2.477017e+01 3.645764e+00 -2.243919e+01
      vertex   2.524952e+01 3.494409e+00 -2.238679e+01
    endloop
  endfacet
  facet normal 3.152116e-01 8.576167e-01 -4.063684e-01
    outer loop
      vertex   2.524952e+01 3.494409e+00 -2.238679e+01
      vertex   2.477017e+01 3.645764e+00 -2.243919e+01
      vertex   2.508856e+01 3.645764e+00 -2.219222e+01
    endloop
  endfacet
  facet normal 3.401057e-01 8.576167e-01 -3.857742e-01
    outer loop
      vertex   2.524952e+01 3.494409e+00 -2.238679e+01
      vertex   2.508856e+01 3.645764e+00 -2.219222e+01
      vertex   2.556368e+01 3.494409e+00 -2.210982e+01
    endloop
  endfacet
  facet normal 3.401057e-01 8.576167e-01 -3.857742e-01
    outer loop
      vertex   2.556368e+01 3.494409e+00 -2.210982e+01
      vertex   2.508856e+01 3.645764e+00 -2.219222e+01
      vertex   2.539082e+01 3.645764e+00 -2.192574e+01
    endloop
  endfacet
  facet normal 3.636575e-01 8.576167e-01 -3.636575e-01
    outer loop
      vertex   2.556368e+01 3.494409e+00 -2.210982e+01
      vertex   2.539082e+01 3.645764e+00 -2.192574e+01
      vertex   2.585982e+01 3.494409e+00 -2.181368e+01
    endloop
  endfacet
  facet normal 3.636575e-01 8.576167e-01 -3.636575e-01
    outer loop
      vertex   2.585982e+01 3.494409e+00 -2.181368e+01
      vertex   2.539082e+01 3.645764e+00 -2.192574e+01
      vertex   2.567574e+01 3.645764e+00 -2.164082e+01
    endloop
  endfacet
  facet normal 3.857742e-01 8.576167e-01 -3.401057e-01
    outer loop
      vertex   2.585982e+01 3.494409e+00 -2.181368e+01
      vertex   2.567574e+01 3.645764e+00 -2.164082e+01
      vertex   2.613679e+01 3.494409e+00 -2.149952e+01
    endloop
  endfacet
  facet normal 3.857742e-01 8.576167e-01 -3.401057e-01
    outer loop
      vertex   2.613679e+01 3.494409e+00 -2.149952e+01
      vertex   2.567574e+01 3.645764e+00 -2.164082e+01
      vertex   2.594222e+01 3.645764e+00 -2.133856e+01
    endloop
  endfacet
  facet normal 4.063684e-01 8.576167e-01 -3.152116e-01
    outer loop
      vertex   2.613679e+01 3.494409e+00 -2.149952e+01
      vertex   2.594222e+01 3.645764e+00 -2.133856e+01
      vertex   2.639348e+01 3.494409e+00 -2.116859e+01
    endloop
  endfacet
  facet normal 4.063684e-01 8.576167e-01 -3.152116e-01
    outer loop
      vertex   2.639348e+01 3.494409e+00 -2.116859e+01
      vertex   2.594222e+01 3.645764e+00 -2.133856e+01
      vertex   2.618919e+01 3.645764e+00 -2.102017e+01
    endloop
  endfacet
  facet normal 4.253588e-01 8.576167e-01 -2.890735e-01
    outer loop
      vertex   2.639348e+01 3.494409e+00 -2.116859e+01
      vertex   2.618919e+01 3.645764e+00 -2.102017e+01
      vertex   2.662889e+01 3.494409e+00 -2.082220e+01
    endloop
  endfacet
  facet normal 4.253588e-01 8.576167e-01 -2.890735e-01
    outer loop
      vertex   2.662889e+01 3.494409e+00 -2.082220e+01
      vertex   2.618919e+01 3.645764e+00 -2.102017e+01
      vertex   2.641568e+01 3.645764e+00 -2.068689e+01
    endloop
  endfacet
  facet normal 4.426705e-01 8.576167e-01 -2.617946e-01
    outer loop
      vertex   2.662889e+01 3.494409e+00 -2.082220e+01
      vertex   2.641568e+01 3.645764e+00 -2.068689e+01
      vertex   2.684208e+01 3.494409e+00 -2.046171e+01
    endloop
  endfacet
  facet normal 4.426705e-01 8.576167e-01 -2.617946e-01
    outer loop
      vertex   2.684208e+01 3.494409e+00 -2.046171e+01
      vertex   2.641568e+01 3.645764e+00 -2.068689e+01
      vertex   2.662080e+01 3.645764e+00 -2.034006e+01
    endloop
  endfacet
  facet normal 4.582352e-01 8.576167e-01 -2.334825e-01
    outer loop
      vertex   2.684208e+01 3.494409e+00 -2.046171e+01
      vertex   2.662080e+01 3.645764e+00 -2.034006e+01
      vertex   2.703222e+01 3.494409e+00 -2.008855e+01
    endloop
  endfacet
  facet normal 4.582352e-01 8.576167e-01 -2.334825e-01
    outer loop
      vertex   2.703222e+01 3.494409e+00 -2.008855e+01
      vertex   2.662080e+01 3.645764e+00 -2.034006e+01
      vertex   2.680373e+01 3.645764e+00 -1.998103e+01
    endloop
  endfacet
  facet normal 4.719915e-01 8.576167e-01 -2.042490e-01
    outer loop
      vertex   2.703222e+01 3.494409e+00 -2.008855e+01
      vertex   2.680373e+01 3.645764e+00 -1.998103e+01
      vertex   2.719855e+01 3.494409e+00 -1.970418e+01
    endloop
  endfacet
  facet normal 4.719915e-01 8.576167e-01 -2.042490e-01
    outer loop
      vertex   2.719855e+01 3.494409e+00 -1.970418e+01
      vertex   2.680373e+01 3.645764e+00 -1.998103e+01
      vertex   2.696376e+01 3.645764e+00 -1.961122e+01
    endloop
  endfacet
  facet normal 1.343525e-02 9.039077e-01 -4.275165e-01
    outer loop
      vertex   2.100000e+01 3.645764e+00 -2.366419e+01
      vertex   2.100000e+01 3.771639e+00 -2.339805e+01
      vertex   2.140275e+01 3.645764e+00 -2.365153e+01
    endloop
  endfacet
  facet normal 1.343525e-02 9.039077e-01 -4.275165e-01
    outer loop
      vertex   2.140275e+01 3.645764e+00 -2.365153e+01
      vertex   2.100000e+01 3.771639e+00 -2.339805e+01
      vertex   2.138604e+01 3.771639e+00 -2.338592e+01
    endloop
  endfacet
  facet normal 4.025272e-02 9.039077e-01 -4.258293e-01
    outer loop
      vertex   2.140275e+01 3.645764e+00 -2.365153e+01
      vertex   2.138604e+01 3.771639e+00 -2.338592e+01
      vertex   2.180391e+01 3.645764e+00 -2.361361e+01
    endloop
  endfacet
  facet normal 4.025272e-02 9.039077e-01 -4.258293e-01
    outer loop
      vertex   2.180391e+01 3.645764e+00 -2.361361e+01
      vertex   2.138604e+01 3.771639e+00 -2.338592e+01
      vertex   2.177056e+01 3.771639e+00 -2.334957e+01
    endloop
  endfacet
  facet normal 6.691133e-02 9.039077e-01 -4.224615e-01
    outer loop
      vertex   2.180391e+01 3.645764e+00 -2.361361e+01
      vertex   2.177056e+01 3.771639e+00 -2.334957e+01
      vertex   2.220190e+01 3.645764e+00 -2.355058e+01
    endloop
  endfacet
  facet normal 6.691133e-02 9.039077e-01 -4.224615e-01
    outer loop
      vertex   2.220190e+01 3.645764e+00 -2.355058e+01
      vertex   2.177056e+01 3.771639e+00 -2.334957e+01
      vertex   2.215203e+01 3.771639e+00 -2.328915e+01
    endloop
  endfacet
  facet normal 9.330588e-02 9.039077e-01 -4.174265e-01
    outer loop
      vertex   2.220190e+01 3.645764e+00 -2.355058e+01
      vertex   2.215203e+01 3.771639e+00 -2.328915e+01
      vertex   2.259514e+01 3.645764e+00 -2.346268e+01
    endloop
  endfacet
  facet normal 9.330588e-02 9.039077e-01 -4.174265e-01
    outer loop
      vertex   2.259514e+01 3.645764e+00 -2.346268e+01
      vertex   2.215203e+01 3.771639e+00 -2.328915e+01
      vertex   2.252896e+01 3.771639e+00 -2.320490e+01
    endloop
  endfacet
  facet normal 1.193322e-01 9.039077e-01 -4.107441e-01
    outer loop
      vertex   2.259514e+01 3.645764e+00 -2.346268e+01
      vertex   2.252896e+01 3.771639e+00 -2.320490e+01
      vertex   2.298209e+01 3.645764e+00 -2.335026e+01
    endloop
  endfacet
  facet normal 1.193322e-01 9.039077e-01 -4.107441e-01
    outer loop
      vertex   2.298209e+01 3.645764e+00 -2.335026e+01
      vertex   2.252896e+01 3.771639e+00 -2.320490e+01
      vertex   2.289985e+01 3.771639e+00 -2.309714e+01
    endloop
  endfacet
  facet normal 1.448875e-01 9.039077e-01 -4.024406e-01
    outer loop
      vertex   2.298209e+01 3.645764e+00 -2.335026e+01
      vertex   2.289985e+01 3.771639e+00 -2.309714e+01
      vertex   2.336122e+01 3.645764e+00 -2.321376e+01
    endloop
  endfacet
  facet normal 1.448875e-01 9.039077e-01 -4.024406e-01
    outer loop
      vertex   2.336122e+01 3.645764e+00 -2.321376e+01
      vertex   2.289985e+01 3.771639e+00 -2.309714e+01
      vertex   2.326325e+01 3.771639e+00 -2.296631e+01
    endloop
  endfacet
  facet normal 1.698711e-01 9.039077e-01 -3.925489e-01
    outer loop
      vertex   2.336122e+01 3.645764e+00 -2.321376e+01
      vertex   2.326325e+01 3.771639e+00 -2.296631e+01
      vertex   2.373103e+01 3.645764e+00 -2.305373e+01
    endloop
  endfacet
  facet normal 1.698711e-01 9.039077e-01 -3.925489e-01
    outer loop
      vertex   2.373103e+01 3.645764e+00 -2.305373e+01
      vertex   2.326325e+01 3.771639e+00 -2.296631e+01
      vertex   2.361771e+01 3.771639e+00 -2.281292e+01
    endloop
  endfacet
  facet normal 1.941842e-01 9.039077e-01 -3.811080e-01
    outer loop
      vertex   2.373103e+01 3.645764e+00 -2.305373e+01
      vertex   2.361771e+01 3.771639e+00 -2.281292e+01
      vertex   2.409006e+01 3.645764e+00 -2.287080e+01
    endloop
  endfacet
  facet normal 1.941842e-01 9.039077e-01 -3.811080e-01
    outer loop
      vertex   2.409006e+01 3.645764e+00 -2.287080e+01
      vertex   2.361771e+01 3.771639e+00 -2.281292e+01
      vertex   2.396185e+01 3.771639e+00 -2.263758e+01
    endloop
  endfacet
  facet normal 2.177310e-01 9.039077e-01 -3.681631e-01
    outer loop
      vertex   2.409006e+01 3.645764e+00 -2.287080e+01
      vertex   2.396185e+01 3.771639e+00 -2.263758e+01
      vertex   2.443689e+01 3.645764e+00 -2.266568e+01
    endloop
  endfacet
  facet normal 2.177310e-01 9.039077e-01 -3.681631e-01
    outer loop
      vertex   2.443689e+01 3.645764e+00 -2.266568e+01
      vertex   2.396185e+01 3.771639e+00 -2.263758e+01
      vertex   2.429429e+01 3.771639e+00 -2.244097e+01
    endloop
  endfacet
  facet normal 2.404186e-01 9.039077e-01 -3.537652e-01
    outer loop
      vertex   2.443689e+01 3.645764e+00 -2.266568e+01
      vertex   2.429429e+01 3.771639e+00 -2.244097e+01
      vertex   2.477017e+01 3.645764e+00 -2.243919e+01
    endloop
  endfacet
  facet normal 2.404186e-01 9.039077e-01 -3.537652e-01
    outer loop
      vertex   2.477017e+01 3.645764e+00 -2.243919e+01
      vertex   2.429429e+01 3.771639e+00 -2.244097e+01
      vertex   2.461373e+01 3.771639e+00 -2.222388e+01
    endloop
  endfacet
  facet normal 2.621572e-01 9.039077e-01 -3.379711e-01
    outer loop
      vertex   2.477017e+01 3.645764e+00 -2.243919e+01
      vertex   2.461373e+01 3.771639e+00 -2.222388e+01
      vertex   2.508856e+01 3.645764e+00 -2.219222e+01
    endloop
  endfacet
  facet normal 2.621572e-01 9.039077e-01 -3.379711e-01
    outer loop
      vertex   2.508856e+01 3.645764e+00 -2.219222e+01
      vertex   2.461373e+01 3.771639e+00 -2.222388e+01
      vertex   2.491891e+01 3.771639e+00 -2.198715e+01
    endloop
  endfacet
  facet normal 2.828613e-01 9.039077e-01 -3.208432e-01
    outer loop
      vertex   2.508856e+01 3.645764e+00 -2.219222e+01
      vertex   2.491891e+01 3.771639e+00 -2.198715e+01
      vertex   2.539082e+01 3.645764e+00 -2.192574e+01
    endloop
  endfacet
  facet normal 2.828613e-01 9.039077e-01 -3.208432e-01
    outer loop
      vertex   2.539082e+01 3.645764e+00 -2.192574e+01
      vertex   2.491891e+01 3.771639e+00 -2.198715e+01
      vertex   2.520863e+01 3.771639e+00 -2.173174e+01
    endloop
  endfacet
  facet normal 3.024491e-01 9.039077e-01 -3.024491e-01
    outer loop
      vertex   2.539082e+01 3.645764e+00 -2.192574e+01
      vertex   2.520863e+01 3.771639e+00 -2.173174e+01
      vertex   2.567574e+01 3.645764e+00 -2.164082e+01
    endloop
  endfacet
  facet normal 3.024491e-01 9.039077e-01 -3.024491e-01
    outer loop
      vertex   2.567574e+01 3.645764e+00 -2.164082e+01
      vertex   2.520863e+01 3.771639e+00 -2.173174e+01
      vertex   2.548174e+01 3.771639e+00 -2.145863e+01
    endloop
  endfacet
  facet normal 3.208432e-01 9.039077e-01 -2.828613e-01
    outer loop
      vertex   2.567574e+01 3.645764e+00 -2.164082e+01
      vertex   2.548174e+01 3.771639e+00 -2.145863e+01
      vertex   2.594222e+01 3.645764e+00 -2.133856e+01
    endloop
  endfacet
  facet normal 3.208432e-01 9.039077e-01 -2.828613e-01
    outer loop
      vertex   2.594222e+01 3.645764e+00 -2.133856e+01
      vertex   2.548174e+01 3.771639e+00 -2.145863e+01
      vertex   2.573715e+01 3.771639e+00 -2.116891e+01
    endloop
  endfacet
  facet normal 3.379711e-01 9.039077e-01 -2.621572e-01
    outer loop
      vertex   2.594222e+01 3.645764e+00 -2.133856e+01
      vertex   2.573715e+01 3.771639e+00 -2.116891e+01
      vertex   2.618919e+01 3.645764e+00 -2.102017e+01
    endloop
  endfacet
  facet normal 3.379711e-01 9.039077e-01 -2.621572e-01
    outer loop
      vertex   2.618919e+01 3.645764e+00 -2.102017e+01
      vertex   2.573715e+01 3.771639e+00 -2.116891e+01
      vertex   2.597388e+01 3.771639e+00 -2.086373e+01
    endloop
  endfacet
  facet normal 3.537652e-01 9.039077e-01 -2.404186e-01
    outer loop
      vertex   2.618919e+01 3.645764e+00 -2.102017e+01
      vertex   2.597388e+01 3.771639e+00 -2.086373e+01
      vertex   2.641568e+01 3.645764e+00 -2.068689e+01
    endloop
  endfacet
  facet normal 3.537652e-01 9.039077e-01 -2.404186e-01
    outer loop
      vertex   2.641568e+01 3.645764e+00 -2.068689e+01
      vertex   2.597388e+01 3.771639e+00 -2.086373e+01
      vertex   2.619097e+01 3.771639e+00 -2.054429e+01
    endloop
  endfacet
  facet normal 3.681631e-01 9.039077e-01 -2.177310e-01
    outer loop
      vertex   2.641568e+01 3.645764e+00 -2.068689e+01
      vertex   2.619097e+01 3.771639e+00 -2.054429e+01
      vertex   2.662080e+01 3.645764e+00 -2.034006e+01
    endloop
  endfacet
  facet normal 3.681631e-01 9.039077e-01 -2.177310e-01
    outer loop
      vertex   2.662080e+01 3.645764e+00 -2.034006e+01
      vertex   2.619097e+01 3.771639e+00 -2.054429e+01
      vertex   2.638758e+01 3.771639e+00 -2.021185e+01
    endloop
  endfacet
  facet normal 3.811080e-01 9.039077e-01 -1.941842e-01
    outer loop
      vertex   2.662080e+01 3.645764e+00 -2.034006e+01
      vertex   2.638758e+01 3.771639e+00 -2.021185e+01
      vertex   2.680373e+01 3.645764e+00 -1.998103e+01
    endloop
  endfacet
  facet normal 3.811080e-01 9.039077e-01 -1.941842e-01
    outer loop
      vertex   2.680373e+01 3.645764e+00 -1.998103e+01
      vertex   2.638758e+01 3.771639e+00 -2.021185e+01
      vertex   2.656292e+01 3.771639e+00 -1.986771e+01
    endloop
  endfacet
  facet normal 3.925489e-01 9.039077e-01 -1.698711e-01
    outer loop
      vertex   2.680373e+01 3.645764e+00 -1.998103e+01
      vertex   2.656292e+01 3.771639e+00 -1.986771e+01
      vertex   2.696376e+01 3.645764e+00 -1.961122e+01
    endloop
  endfacet
  facet normal 3.925489e-01 9.039077e-01 -1.698711e-01
    outer loop
      vertex   2.696376e+01 3.645764e+00 -1.961122e+01
      vertex   2.656292e+01 3.771639e+00 -1.986771e+01
      vertex   2.671631e+01 3.771639e+00 -1.951325e+01
    endloop
  endfacet
  facet normal 1.058660e-02 9.414913e-01 -3.368710e-01
    outer loop
      vertex   2.100000e+01 3.771639e+00 -2.339805e+01
      vertex   2.100000e+01 3.870821e+00 -2.312085e+01
      vertex   2.138604e+01 3.771639e+00 -2.338592e+01
    endloop
  endfacet
  facet normal 1.058660e-02 9.414913e-01 -3.368710e-01
    outer loop
      vertex   2.138604e+01 3.771639e+00 -2.338592e+01
      vertex   2.100000e+01 3.870821e+00 -2.312085e+01
      vertex   2.136863e+01 3.870821e+00 -2.310927e+01
    endloop
  endfacet
  facet normal 3.171801e-02 9.414913e-01 -3.355415e-01
    outer loop
      vertex   2.138604e+01 3.771639e+00 -2.338592e+01
      vertex   2.136863e+01 3.870821e+00 -2.310927e+01
      vertex   2.177056e+01 3.771639e+00 -2.334957e+01
    endloop
  endfacet
  facet normal 3.171801e-02 9.414913e-01 -3.355415e-01
    outer loop
      vertex   2.177056e+01 3.771639e+00 -2.334957e+01
      vertex   2.136863e+01 3.870821e+00 -2.310927e+01
      vertex   2.173581e+01 3.870821e+00 -2.307456e+01
    endloop
  endfacet
  facet normal 5.272425e-02 9.414913e-01 -3.328878e-01
    outer loop
      vertex   2.177056e+01 3.771639e+00 -2.334957e+01
      vertex   2.173581e+01 3.870821e+00 -2.307456e+01
      vertex   2.215203e+01 3.771639e+00 -2.328915e+01
    endloop
  endfacet
  facet normal 5.272425e-02 9.414913e-01 -3.328878e-01
    outer loop
      vertex   2.215203e+01 3.771639e+00 -2.328915e+01
      vertex   2.173581e+01 3.870821e+00 -2.307456e+01
      vertex   2.210009e+01 3.870821e+00 -2.301687e+01
    endloop
  endfacet
  facet normal 7.352241e-02 9.414913e-01 -3.289203e-01
    outer loop
      vertex   2.215203e+01 3.771639e+00 -2.328915e+01
      vertex   2.210009e+01 3.870821e+00 -2.301687e+01
      vertex   2.252896e+01 3.771639e+00 -2.320490e+01
    endloop
  endfacet
  facet normal 7.352241e-02 9.414913e-01 -3.289203e-01
    outer loop
      vertex   2.252896e+01 3.771639e+00 -2.320490e+01
      vertex   2.210009e+01 3.870821e+00 -2.301687e+01
      vertex   2.246002e+01 3.870821e+00 -2.293641e+01
    endloop
  endfacet
  facet normal 9.403040e-02 9.414913e-01 -3.236548e-01
    outer loop
      vertex   2.252896e+01 3.771639e+00 -2.320490e+01
      vertex   2.246002e+01 3.870821e+00 -2.293641e+01
      vertex   2.289985e+01 3.771639e+00 -2.309714e+01
    endloop
  endfacet
  facet normal 9.403040e-02 9.414913e-01 -3.236548e-01
    outer loop
      vertex   2.289985e+01 3.771639e+00 -2.309714e+01
      vertex   2.246002e+01 3.870821e+00 -2.293641e+01
      vertex   2.281419e+01 3.870821e+00 -2.283351e+01
    endloop
  endfacet
  facet normal 1.141673e-01 9.414913e-01 -3.171119e-01
    outer loop
      vertex   2.289985e+01 3.771639e+00 -2.309714e+01
      vertex   2.281419e+01 3.870821e+00 -2.283351e+01
      vertex   2.326325e+01 3.771639e+00 -2.296631e+01
    endloop
  endfacet
  facet normal 1.141673e-01 9.414913e-01 -3.171119e-01
    outer loop
      vertex   2.326325e+01 3.771639e+00 -2.296631e+01
      vertex   2.281419e+01 3.870821e+00 -2.283351e+01
      vertex   2.316121e+01 3.870821e+00 -2.270858e+01
    endloop
  endfacet
  facet normal 1.338536e-01 9.414913e-01 -3.093175e-01
    outer loop
      vertex   2.326325e+01 3.771639e+00 -2.296631e+01
      vertex   2.316121e+01 3.870821e+00 -2.270858e+01
      vertex   2.361771e+01 3.771639e+00 -2.281292e+01
    endloop
  endfacet
  facet normal 1.338536e-01 9.414913e-01 -3.093175e-01
    outer loop
      vertex   2.361771e+01 3.771639e+00 -2.281292e+01
      vertex   2.316121e+01 3.870821e+00 -2.270858e+01
      vertex   2.349969e+01 3.870821e+00 -2.256211e+01
    endloop
  endfacet
  facet normal 1.530117e-01 9.414913e-01 -3.003024e-01
    outer loop
      vertex   2.361771e+01 3.771639e+00 -2.281292e+01
      vertex   2.349969e+01 3.870821e+00 -2.256211e+01
      vertex   2.396185e+01 3.771639e+00 -2.263758e+01
    endloop
  endfacet
  facet normal 1.530117e-01 9.414913e-01 -3.003024e-01
    outer loop
      vertex   2.396185e+01 3.771639e+00 -2.263758e+01
      vertex   2.349969e+01 3.870821e+00 -2.256211e+01
      vertex   2.382831e+01 3.870821e+00 -2.239467e+01
    endloop
  endfacet
  facet normal 1.715659e-01 9.414913e-01 -2.901022e-01
    outer loop
      vertex   2.396185e+01 3.771639e+00 -2.263758e+01
      vertex   2.382831e+01 3.870821e+00 -2.239467e+01
      vertex   2.429429e+01 3.771639e+00 -2.244097e+01
    endloop
  endfacet
  facet normal 1.715659e-01 9.414913e-01 -2.901022e-01
    outer loop
      vertex   2.429429e+01 3.771639e+00 -2.244097e+01
      vertex   2.382831e+01 3.870821e+00 -2.239467e+01
      vertex   2.414576e+01 3.870821e+00 -2.220693e+01
    endloop
  endfacet
  facet normal 1.894431e-01 9.414913e-01 -2.787570e-01
    outer loop
      vertex   2.429429e+01 3.771639e+00 -2.244097e+01
      vertex   2.414576e+01 3.870821e+00 -2.220693e+01
      vertex   2.461373e+01 3.771639e+00 -2.222388e+01
    endloop
  endfacet
  facet normal 1.894431e-01 9.414913e-01 -2.787570e-01
    outer loop
      vertex   2.461373e+01 3.771639e+00 -2.222388e+01
      vertex   2.414576e+01 3.870821e+00 -2.220693e+01
      vertex   2.445080e+01 3.870821e+00 -2.199962e+01
    endloop
  endfacet
  facet normal 2.065725e-01 9.414913e-01 -2.663117e-01
    outer loop
      vertex   2.461373e+01 3.771639e+00 -2.222388e+01
      vertex   2.445080e+01 3.870821e+00 -2.199962e+01
      vertex   2.491891e+01 3.771639e+00 -2.198715e+01
    endloop
  endfacet
  facet normal 2.065725e-01 9.414913e-01 -2.663117e-01
    outer loop
      vertex   2.491891e+01 3.771639e+00 -2.198715e+01
      vertex   2.445080e+01 3.870821e+00 -2.199962e+01
      vertex   2.474222e+01 3.870821e+00 -2.177357e+01
    endloop
  endfacet
  facet normal 2.228868e-01 9.414913e-01 -2.528154e-01
    outer loop
      vertex   2.491891e+01 3.771639e+00 -2.198715e+01
      vertex   2.474222e+01 3.870821e+00 -2.177357e+01
      vertex   2.520863e+01 3.771639e+00 -2.173174e+01
    endloop
  endfacet
  facet normal 2.228868e-01 9.414913e-01 -2.528154e-01
    outer loop
      vertex   2.520863e+01 3.771639e+00 -2.173174e+01
      vertex   2.474222e+01 3.870821e+00 -2.177357e+01
      vertex   2.501888e+01 3.870821e+00 -2.152967e+01
    endloop
  endfacet
  facet normal 2.383213e-01 9.414913e-01 -2.383213e-01
    outer loop
      vertex   2.520863e+01 3.771639e+00 -2.173174e+01
      vertex   2.501888e+01 3.870821e+00 -2.152967e+01
      vertex   2.548174e+01 3.771639e+00 -2.145863e+01
    endloop
  endfacet
  facet normal 2.383213e-01 9.414913e-01 -2.383213e-01
    outer loop
      vertex   2.548174e+01 3.771639e+00 -2.145863e+01
      vertex   2.501888e+01 3.870821e+00 -2.152967e+01
      vertex   2.527967e+01 3.870821e+00 -2.126888e+01
    endloop
  endfacet
  facet normal 2.528154e-01 9.414913e-01 -2.228868e-01
    outer loop
      vertex   2.548174e+01 3.771639e+00 -2.145863e+01
      vertex   2.527967e+01 3.870821e+00 -2.126888e+01
      vertex   2.573715e+01 3.771639e+00 -2.116891e+01
    endloop
  endfacet
  facet normal 2.528154e-01 9.414913e-01 -2.228868e-01
    outer loop
      vertex   2.573715e+01 3.771639e+00 -2.116891e+01
      vertex   2.527967e+01 3.870821e+00 -2.126888e+01
      vertex   2.552357e+01 3.870821e+00 -2.099222e+01
    endloop
  endfacet
  facet normal 2.663117e-01 9.414913e-01 -2.065725e-01
    outer loop
      vertex   2.573715e+01 3.771639e+00 -2.116891e+01
      vertex   2.552357e+01 3.870821e+00 -2.099222e+01
      vertex   2.597388e+01 3.771639e+00 -2.086373e+01
    endloop
  endfacet
  facet normal 2.663117e-01 9.414913e-01 -2.065725e-01
    outer loop
      vertex   2.597388e+01 3.771639e+00 -2.086373e+01
      vertex   2.552357e+01 3.870821e+00 -2.099222e+01
      vertex   2.574962e+01 3.870821e+00 -2.070080e+01
    endloop
  endfacet
  facet normal 2.787570e-01 9.414913e-01 -1.894431e-01
    outer loop
      vertex   2.597388e+01 3.771639e+00 -2.086373e+01
      vertex   2.574962e+01 3.870821e+00 -2.070080e+01
      vertex   2.619097e+01 3.771639e+00 -2.054429e+01
    endloop
  endfacet
  facet normal 2.787570e-01 9.414913e-01 -1.894431e-01
    outer loop
      vertex   2.619097e+01 3.771639e+00 -2.054429e+01
      vertex   2.574962e+01 3.870821e+00 -2.070080e+01
      vertex   2.595693e+01 3.870821e+00 -2.039576e+01
    endloop
  endfacet
  facet normal 2.901022e-01 9.414913e-01 -1.715659e-01
    outer loop
      vertex   2.619097e+01 3.771639e+00 -2.054429e+01
      vertex   2.595693e+01 3.870821e+00 -2.039576e+01
      vertex   2.638758e+01 3.771639e+00 -2.021185e+01
    endloop
  endfacet
  facet normal 2.901022e-01 9.414913e-01 -1.715659e-01
    outer loop
      vertex   2.638758e+01 3.771639e+00 -2.021185e+01
      vertex   2.595693e+01 3.870821e+00 -2.039576e+01
      vertex   2.614467e+01 3.870821e+00 -2.007831e+01
    endloop
  endfacet
  facet normal 3.003024e-01 9.414913e-01 -1.530117e-01
    outer loop
      vertex   2.638758e+01 3.771639e+00 -2.021185e+01
      vertex   2.614467e+01 3.870821e+00 -2.007831e+01
      vertex   2.656292e+01 3.771639e+00 -1.986771e+01
    endloop
  endfacet
  facet normal 3.003024e-01 9.414913e-01 -1.530117e-01
    outer loop
      vertex   2.656292e+01 3.771639e+00 -1.986771e+01
      vertex   2.614467e+01 3.870821e+00 -2.007831e+01
      vertex   2.631211e+01 3.870821e+00 -1.974969e+01
    endloop
  endfacet
  facet normal 3.093175e-01 9.414913e-01 -1.338536e-01
    outer loop
      vertex   2.656292e+01 3.771639e+00 -1.986771e+01
      vertex   2.631211e+01 3.870821e+00 -1.974969e+01
      vertex   2.671631e+01 3.771639e+00 -1.951325e+01
    endloop
  endfacet
  facet normal 3.093175e-01 9.414913e-01 -1.338536e-01
    outer loop
      vertex   2.671631e+01 3.771639e+00 -1.951325e+01
      vertex   2.631211e+01 3.870821e+00 -1.974969e+01
      vertex   2.645858e+01 3.870821e+00 -1.941121e+01
    endloop
  endfacet
  facet normal 7.635737e-03 9.700030e-01 -2.429731e-01
    outer loop
      vertex   2.100000e+01 3.870821e+00 -2.312085e+01
      vertex   2.100000e+01 3.942356e+00 -2.283527e+01
      vertex   2.136863e+01 3.870821e+00 -2.310927e+01
    endloop
  endfacet
  facet normal 7.635737e-03 9.700030e-01 -2.429731e-01
    outer loop
      vertex   2.136863e+01 3.870821e+00 -2.310927e+01
      vertex   2.100000e+01 3.942356e+00 -2.283527e+01
      vertex   2.135070e+01 3.942356e+00 -2.282425e+01
    endloop
  endfacet
  facet normal 2.287708e-02 9.700030e-01 -2.420142e-01
    outer loop
      vertex   2.136863e+01 3.870821e+00 -2.310927e+01
      vertex   2.135070e+01 3.942356e+00 -2.282425e+01
      vertex   2.173581e+01 3.870821e+00 -2.307456e+01
    endloop
  endfacet
  facet normal 2.287708e-02 9.700030e-01 -2.420142e-01
    outer loop
      vertex   2.173581e+01 3.870821e+00 -2.307456e+01
      vertex   2.135070e+01 3.942356e+00 -2.282425e+01
      vertex   2.170002e+01 3.942356e+00 -2.279123e+01
    endloop
  endfacet
  facet normal 3.802813e-02 9.700030e-01 -2.401002e-01
    outer loop
      vertex   2.173581e+01 3.870821e+00 -2.307456e+01
      vertex   2.170002e+01 3.942356e+00 -2.279123e+01
      vertex   2.210009e+01 3.870821e+00 -2.301687e+01
    endloop
  endfacet
  facet normal 3.802813e-02 9.700030e-01 -2.401002e-01
    outer loop
      vertex   2.210009e+01 3.870821e+00 -2.301687e+01
      vertex   2.170002e+01 3.942356e+00 -2.279123e+01
      vertex   2.204658e+01 3.942356e+00 -2.273634e+01
    endloop
  endfacet
  facet normal 5.302911e-02 9.700030e-01 -2.372386e-01
    outer loop
      vertex   2.210009e+01 3.870821e+00 -2.301687e+01
      vertex   2.204658e+01 3.942356e+00 -2.273634e+01
      vertex   2.246002e+01 3.870821e+00 -2.293641e+01
    endloop
  endfacet
  facet normal 5.302911e-02 9.700030e-01 -2.372386e-01
    outer loop
      vertex   2.246002e+01 3.870821e+00 -2.293641e+01
      vertex   2.204658e+01 3.942356e+00 -2.273634e+01
      vertex   2.238900e+01 3.942356e+00 -2.265980e+01
    endloop
  endfacet
  facet normal 6.782080e-02 9.700030e-01 -2.334407e-01
    outer loop
      vertex   2.246002e+01 3.870821e+00 -2.293641e+01
      vertex   2.238900e+01 3.942356e+00 -2.265980e+01
      vertex   2.281419e+01 3.870821e+00 -2.283351e+01
    endloop
  endfacet
  facet normal 6.782080e-02 9.700030e-01 -2.334407e-01
    outer loop
      vertex   2.281419e+01 3.870821e+00 -2.283351e+01
      vertex   2.238900e+01 3.942356e+00 -2.265980e+01
      vertex   2.272594e+01 3.942356e+00 -2.256191e+01
    endloop
  endfacet
  facet normal 8.234483e-02 9.700030e-01 -2.287216e-01
    outer loop
      vertex   2.281419e+01 3.870821e+00 -2.283351e+01
      vertex   2.272594e+01 3.942356e+00 -2.256191e+01
      vertex   2.316121e+01 3.870821e+00 -2.270858e+01
    endloop
  endfacet
  facet normal 8.234483e-02 9.700030e-01 -2.287216e-01
    outer loop
      vertex   2.316121e+01 3.870821e+00 -2.270858e+01
      vertex   2.272594e+01 3.942356e+00 -2.256191e+01
      vertex   2.305608e+01 3.942356e+00 -2.244305e+01
    endloop
  endfacet
  facet normal 9.654389e-02 9.700030e-01 -2.230998e-01
    outer loop
      vertex   2.316121e+01 3.870821e+00 -2.270858e+01
      vertex   2.305608e+01 3.942356e+00 -2.244305e+01
      vertex   2.349969e+01 3.870821e+00 -2.256211e+01
    endloop
  endfacet
  facet normal 9.654389e-02 9.700030e-01 -2.230998e-01
    outer loop
      vertex   2.349969e+01 3.870821e+00 -2.256211e+01
      vertex   2.305608e+01 3.942356e+00 -2.244305e+01
      vertex   2.337809e+01 3.942356e+00 -2.230370e+01
    endloop
  endfacet
  facet normal 1.103619e-01 9.700030e-01 -2.165975e-01
    outer loop
      vertex   2.349969e+01 3.870821e+00 -2.256211e+01
      vertex   2.337809e+01 3.942356e+00 -2.230370e+01
      vertex   2.382831e+01 3.870821e+00 -2.239467e+01
    endloop
  endfacet
  facet normal 1.103619e-01 9.700030e-01 -2.165975e-01
    outer loop
      vertex   2.382831e+01 3.870821e+00 -2.239467e+01
      vertex   2.337809e+01 3.942356e+00 -2.230370e+01
      vertex   2.369072e+01 3.942356e+00 -2.214441e+01
    endloop
  endfacet
  facet normal 1.237444e-01 9.700030e-01 -2.092404e-01
    outer loop
      vertex   2.382831e+01 3.870821e+00 -2.239467e+01
      vertex   2.369072e+01 3.942356e+00 -2.214441e+01
      vertex   2.414576e+01 3.870821e+00 -2.220693e+01
    endloop
  endfacet
  facet normal 1.237444e-01 9.700030e-01 -2.092404e-01
    outer loop
      vertex   2.414576e+01 3.870821e+00 -2.220693e+01
      vertex   2.369072e+01 3.942356e+00 -2.214441e+01
      vertex   2.399274e+01 3.942356e+00 -2.196580e+01
    endloop
  endfacet
  facet normal 1.366386e-01 9.700030e-01 -2.010575e-01
    outer loop
      vertex   2.414576e+01 3.870821e+00 -2.220693e+01
      vertex   2.399274e+01 3.942356e+00 -2.196580e+01
      vertex   2.445080e+01 3.870821e+00 -2.199962e+01
    endloop
  endfacet
  facet normal 1.366386e-01 9.700030e-01 -2.010575e-01
    outer loop
      vertex   2.445080e+01 3.870821e+00 -2.199962e+01
      vertex   2.399274e+01 3.942356e+00 -2.196580e+01
      vertex   2.428294e+01 3.942356e+00 -2.176858e+01
    endloop
  endfacet
  facet normal 1.489934e-01 9.700030e-01 -1.920812e-01
    outer loop
      vertex   2.445080e+01 3.870821e+00 -2.199962e+01
      vertex   2.428294e+01 3.942356e+00 -2.176858e+01
      vertex   2.474222e+01 3.870821e+00 -2.177357e+01
    endloop
  endfacet
  facet normal 1.489934e-01 9.700030e-01 -1.920812e-01
    outer loop
      vertex   2.474222e+01 3.870821e+00 -2.177357e+01
      vertex   2.428294e+01 3.942356e+00 -2.176858e+01
      vertex   2.456019e+01 3.942356e+00 -2.155353e+01
    endloop
  endfacet
  facet normal 1.607603e-01 9.700030e-01 -1.823468e-01
    outer loop
      vertex   2.474222e+01 3.870821e+00 -2.177357e+01
      vertex   2.456019e+01 3.942356e+00 -2.155353e+01
      vertex   2.501888e+01 3.870821e+00 -2.152967e+01
    endloop
  endfacet
  facet normal 1.607603e-01 9.700030e-01 -1.823468e-01
    outer loop
      vertex   2.501888e+01 3.870821e+00 -2.152967e+01
      vertex   2.456019e+01 3.942356e+00 -2.155353e+01
      vertex   2.482338e+01 3.942356e+00 -2.132149e+01
    endloop
  endfacet
  facet normal 1.718927e-01 9.700030e-01 -1.718927e-01
    outer loop
      vertex   2.501888e+01 3.870821e+00 -2.152967e+01
      vertex   2.482338e+01 3.942356e+00 -2.132149e+01
      vertex   2.527967e+01 3.870821e+00 -2.126888e+01
    endloop
  endfacet
  facet normal 1.718927e-01 9.700030e-01 -1.718927e-01
    outer loop
      vertex   2.527967e+01 3.870821e+00 -2.126888e+01
      vertex   2.482338e+01 3.942356e+00 -2.132149e+01
      vertex   2.507149e+01 3.942356e+00 -2.107338e+01
    endloop
  endfacet
  facet normal 1.823468e-01 9.700030e-01 -1.607603e-01
    outer loop
      vertex   2.527967e+01 3.870821e+00 -2.126888e+01
      vertex   2.507149e+01 3.942356e+00 -2.107338e+01
      vertex   2.552357e+01 3.870821e+00 -2.099222e+01
    endloop
  endfacet
  facet normal 1.823468e-01 9.700030e-01 -1.607603e-01
    outer loop
      vertex   2.552357e+01 3.870821e+00 -2.099222e+01
      vertex   2.507149e+01 3.942356e+00 -2.107338e+01
      vertex   2.530353e+01 3.942356e+00 -2.081019e+01
    endloop
  endfacet
  facet normal 1.920812e-01 9.700030e-01 -1.489934e-01
    outer loop
      vertex   2.552357e+01 3.870821e+00 -2.099222e+01
      vertex   2.530353e+01 3.942356e+00 -2.081019e+01
      vertex   2.574962e+01 3.870821e+00 -2.070080e+01
    endloop
  endfacet
  facet normal 1.920812e-01 9.700030e-01 -1.489934e-01
    outer loop
      vertex   2.574962e+01 3.870821e+00 -2.070080e+01
      vertex   2.530353e+01 3.942356e+00 -2.081019e+01
      vertex   2.551858e+01 3.942356e+00 -2.053294e+01
    endloop
  endfacet
  facet normal 2.010575e-01 9.700030e-01 -1.366386e-01
    outer loop
      vertex   2.574962e+01 3.870821e+00 -2.070080e+01
      vertex   2.551858e+01 3.942356e+00 -2.053294e+01
      vertex   2.595693e+01 3.870821e+00 -2.039576e+01
    endloop
  endfacet
  facet normal 2.010575e-01 9.700030e-01 -1.366386e-01
    outer loop
      vertex   2.595693e+01 3.870821e+00 -2.039576e+01
      vertex   2.551858e+01 3.942356e+00 -2.053294e+01
      vertex   2.571580e+01 3.942356e+00 -2.024274e+01
    endloop
  endfacet
  facet normal 2.092404e-01 9.700030e-01 -1.237444e-01
    outer loop
      vertex   2.595693e+01 3.870821e+00 -2.039576e+01
      vertex   2.571580e+01 3.942356e+00 -2.024274e+01
      vertex   2.614467e+01 3.870821e+00 -2.007831e+01
    endloop
  endfacet
  facet normal 2.092404e-01 9.700030e-01 -1.237444e-01
    outer loop
      vertex   2.614467e+01 3.870821e+00 -2.007831e+01
      vertex   2.571580e+01 3.942356e+00 -2.024274e+01
      vertex   2.589441e+01 3.942356e+00 -1.994072e+01
    endloop
  endfacet
  facet normal 2.165975e-01 9.700030e-01 -1.103619e-01
    outer loop
      vertex   2.614467e+01 3.870821e+00 -2.007831e+01
      vertex   2.589441e+01 3.942356e+00 -1.994072e+01
      vertex   2.631211e+01 3.870821e+00 -1.974969e+01
    endloop
  endfacet
  facet normal 2.165975e-01 9.700030e-01 -1.103619e-01
    outer loop
      vertex   2.631211e+01 3.870821e+00 -1.974969e+01
      vertex   2.589441e+01 3.942356e+00 -1.994072e+01
      vertex   2.605370e+01 3.942356e+00 -1.962809e+01
    endloop
  endfacet
  facet normal 2.230998e-01 9.700030e-01 -9.654389e-02
    outer loop
      vertex   2.631211e+01 3.870821e+00 -1.974969e+01
      vertex   2.605370e+01 3.942356e+00 -1.962809e+01
      vertex   2.645858e+01 3.870821e+00 -1.941121e+01
    endloop
  endfacet
  facet normal 2.230998e-01 9.700030e-01 -9.654389e-02
    outer loop
      vertex   2.645858e+01 3.870821e+00 -1.941121e+01
      vertex   2.605370e+01 3.942356e+00 -1.962809e+01
      vertex   2.619305e+01 3.942356e+00 -1.930608e+01
    endloop
  endfacet
  facet normal 4.611142e-03 9.891660e-01 -1.467289e-01
    outer loop
      vertex   2.100000e+01 3.942356e+00 -2.283527e+01
      vertex   2.100000e+01 3.985554e+00 -2.254405e+01
      vertex   2.135070e+01 3.942356e+00 -2.282425e+01
    endloop
  endfacet
  facet normal 4.611142e-03 9.891660e-01 -1.467289e-01
    outer loop
      vertex   2.135070e+01 3.942356e+00 -2.282425e+01
      vertex   2.100000e+01 3.985554e+00 -2.254405e+01
      vertex   2.133242e+01 3.985554e+00 -2.253360e+01
    endloop
  endfacet
  facet normal 1.381523e-02 9.891660e-01 -1.461498e-01
    outer loop
      vertex   2.135070e+01 3.942356e+00 -2.282425e+01
      vertex   2.133242e+01 3.985554e+00 -2.253360e+01
      vertex   2.170002e+01 3.942356e+00 -2.279123e+01
    endloop
  endfacet
  facet normal 1.381523e-02 9.891660e-01 -1.461498e-01
    outer loop
      vertex   2.170002e+01 3.942356e+00 -2.279123e+01
      vertex   2.133242e+01 3.985554e+00 -2.253360e+01
      vertex   2.166352e+01 3.985554e+00 -2.250231e+01
    endloop
  endfacet
  facet normal 2.296479e-02 9.891660e-01 -1.449940e-01
    outer loop
      vertex   2.170002e+01 3.942356e+00 -2.279123e+01
      vertex   2.166352e+01 3.985554e+00 -2.250231e+01
      vertex   2.204658e+01 3.942356e+00 -2.273634e+01
    endloop
  endfacet
  facet normal 2.296479e-02 9.891660e-01 -1.449940e-01
    outer loop
      vertex   2.204658e+01 3.942356e+00 -2.273634e+01
      vertex   2.166352e+01 3.985554e+00 -2.250231e+01
      vertex   2.199201e+01 3.985554e+00 -2.245028e+01
    endloop
  endfacet
  facet normal 3.202372e-02 9.891660e-01 -1.432659e-01
    outer loop
      vertex   2.204658e+01 3.942356e+00 -2.273634e+01
      vertex   2.199201e+01 3.985554e+00 -2.245028e+01
      vertex   2.238900e+01 3.942356e+00 -2.265980e+01
    endloop
  endfacet
  facet normal 3.202372e-02 9.891660e-01 -1.432659e-01
    outer loop
      vertex   2.238900e+01 3.942356e+00 -2.265980e+01
      vertex   2.199201e+01 3.985554e+00 -2.245028e+01
      vertex   2.231658e+01 3.985554e+00 -2.237773e+01
    endloop
  endfacet
  facet normal 4.095627e-02 9.891660e-01 -1.409724e-01
    outer loop
      vertex   2.238900e+01 3.942356e+00 -2.265980e+01
      vertex   2.231658e+01 3.985554e+00 -2.237773e+01
      vertex   2.272594e+01 3.942356e+00 -2.256191e+01
    endloop
  endfacet
  facet normal 4.095627e-02 9.891660e-01 -1.409724e-01
    outer loop
      vertex   2.272594e+01 3.942356e+00 -2.256191e+01
      vertex   2.231658e+01 3.985554e+00 -2.237773e+01
      vertex   2.263595e+01 3.985554e+00 -2.228494e+01
    endloop
  endfacet
  facet normal 4.972718e-02 9.891660e-01 -1.381226e-01
    outer loop
      vertex   2.272594e+01 3.942356e+00 -2.256191e+01
      vertex   2.263595e+01 3.985554e+00 -2.228494e+01
      vertex   2.305608e+01 3.942356e+00 -2.244305e+01
    endloop
  endfacet
  facet normal 4.972718e-02 9.891660e-01 -1.381226e-01
    outer loop
      vertex   2.305608e+01 3.942356e+00 -2.244305e+01
      vertex   2.263595e+01 3.985554e+00 -2.228494e+01
      vertex   2.294887e+01 3.985554e+00 -2.217228e+01
    endloop
  endfacet
  facet normal 5.830185e-02 9.891660e-01 -1.347276e-01
    outer loop
      vertex   2.305608e+01 3.942356e+00 -2.244305e+01
      vertex   2.294887e+01 3.985554e+00 -2.217228e+01
      vertex   2.337809e+01 3.942356e+00 -2.230370e+01
    endloop
  endfacet
  facet normal 5.830185e-02 9.891660e-01 -1.347276e-01
    outer loop
      vertex   2.337809e+01 3.942356e+00 -2.230370e+01
      vertex   2.294887e+01 3.985554e+00 -2.217228e+01
      vertex   2.325410e+01 3.985554e+00 -2.204020e+01
    endloop
  endfacet
  facet normal 6.664642e-02 9.891660e-01 -1.308010e-01
    outer loop
      vertex   2.337809e+01 3.942356e+00 -2.230370e+01
      vertex   2.325410e+01 3.985554e+00 -2.204020e+01
      vertex   2.369072e+01 3.942356e+00 -2.214441e+01
    endloop
  endfacet
  facet normal 6.664642e-02 9.891660e-01 -1.308010e-01
    outer loop
      vertex   2.369072e+01 3.942356e+00 -2.214441e+01
      vertex   2.325410e+01 3.985554e+00 -2.204020e+01
      vertex   2.355043e+01 3.985554e+00 -2.188921e+01
    endloop
  endfacet
  facet normal 7.472797e-02 9.891660e-01 -1.263581e-01
    outer loop
      vertex   2.369072e+01 3.942356e+00 -2.214441e+01
      vertex   2.355043e+01 3.985554e+00 -2.188921e+01
      vertex   2.399274e+01 3.942356e+00 -2.196580e+01
    endloop
  endfacet
  facet normal 7.472797e-02 9.891660e-01 -1.263581e-01
    outer loop
      vertex   2.399274e+01 3.942356e+00 -2.196580e+01
      vertex   2.355043e+01 3.985554e+00 -2.188921e+01
      vertex   2.383669e+01 3.985554e+00 -2.171992e+01
    endloop
  endfacet
  facet normal 8.251460e-02 9.891660e-01 -1.214165e-01
    outer loop
      vertex   2.399274e+01 3.942356e+00 -2.196580e+01
      vertex   2.383669e+01 3.985554e+00 -2.171992e+01
      vertex   2.428294e+01 3.942356e+00 -2.176858e+01
    endloop
  endfacet
  facet normal 8.251460e-02 9.891660e-01 -1.214165e-01
    outer loop
      vertex   2.428294e+01 3.942356e+00 -2.176858e+01
      vertex   2.383669e+01 3.985554e+00 -2.171992e+01
      vertex   2.411177e+01 3.985554e+00 -2.153298e+01
    endloop
  endfacet
  facet normal 8.997558e-02 9.891660e-01 -1.159958e-01
    outer loop
      vertex   2.428294e+01 3.942356e+00 -2.176858e+01
      vertex   2.411177e+01 3.985554e+00 -2.153298e+01
      vertex   2.456019e+01 3.942356e+00 -2.155353e+01
    endloop
  endfacet
  facet normal 8.997558e-02 9.891660e-01 -1.159958e-01
    outer loop
      vertex   2.456019e+01 3.942356e+00 -2.155353e+01
      vertex   2.411177e+01 3.985554e+00 -2.153298e+01
      vertex   2.437456e+01 3.985554e+00 -2.132914e+01
    endloop
  endfacet
  facet normal 9.708148e-02 9.891660e-01 -1.101173e-01
    outer loop
      vertex   2.456019e+01 3.942356e+00 -2.155353e+01
      vertex   2.437456e+01 3.985554e+00 -2.132914e+01
      vertex   2.482338e+01 3.942356e+00 -2.132149e+01
    endloop
  endfacet
  facet normal 9.708148e-02 9.891660e-01 -1.101173e-01
    outer loop
      vertex   2.482338e+01 3.942356e+00 -2.132149e+01
      vertex   2.437456e+01 3.985554e+00 -2.132914e+01
      vertex   2.462403e+01 3.985554e+00 -2.110920e+01
    endloop
  endfacet
  facet normal 1.038042e-01 9.891660e-01 -1.038042e-01
    outer loop
      vertex   2.482338e+01 3.942356e+00 -2.132149e+01
      vertex   2.462403e+01 3.985554e+00 -2.110920e+01
      vertex   2.507149e+01 3.942356e+00 -2.107338e+01
    endloop
  endfacet
  facet normal 1.038042e-01 9.891660e-01 -1.038042e-01
    outer loop
      vertex   2.507149e+01 3.942356e+00 -2.107338e+01
      vertex   2.462403e+01 3.985554e+00 -2.110920e+01
      vertex   2.485920e+01 3.985554e+00 -2.087403e+01
    endloop
  endfacet
  facet normal 1.101173e-01 9.891660e-01 -9.708148e-02
    outer loop
      vertex   2.507149e+01 3.942356e+00 -2.107338e+01
      vertex   2.485920e+01 3.985554e+00 -2.087403e+01
      vertex   2.530353e+01 3.942356e+00 -2.081019e+01
    endloop
  endfacet
  facet normal 1.101173e-01 9.891660e-01 -9.708148e-02
    outer loop
      vertex   2.530353e+01 3.942356e+00 -2.081019e+01
      vertex   2.485920e+01 3.985554e+00 -2.087403e+01
      vertex   2.507914e+01 3.985554e+00 -2.062456e+01
    endloop
  endfacet
  facet normal 1.159958e-01 9.891660e-01 -8.997558e-02
    outer loop
      vertex   2.530353e+01 3.942356e+00 -2.081019e+01
      vertex   2.507914e+01 3.985554e+00 -2.062456e+01
      vertex   2.551858e+01 3.942356e+00 -2.053294e+01
    endloop
  endfacet
  facet normal 1.159958e-01 9.891660e-01 -8.997558e-02
    outer loop
      vertex   2.551858e+01 3.942356e+00 -2.053294e+01
      vertex   2.507914e+01 3.985554e+00 -2.062456e+01
      vertex   2.528298e+01 3.985554e+00 -2.036177e+01
    endloop
  endfacet
  facet normal 1.214165e-01 9.891660e-01 -8.251460e-02
    outer loop
      vertex   2.551858e+01 3.942356e+00 -2.053294e+01
      vertex   2.528298e+01 3.985554e+00 -2.036177e+01
      vertex   2.571580e+01 3.942356e+00 -2.024274e+01
    endloop
  endfacet
  facet normal 1.214165e-01 9.891660e-01 -8.251460e-02
    outer loop
      vertex   2.571580e+01 3.942356e+00 -2.024274e+01
      vertex   2.528298e+01 3.985554e+00 -2.036177e+01
      vertex   2.546992e+01 3.985554e+00 -2.008669e+01
    endloop
  endfacet
  facet normal 1.263581e-01 9.891660e-01 -7.472797e-02
    outer loop
      vertex   2.571580e+01 3.942356e+00 -2.024274e+01
      vertex   2.546992e+01 3.985554e+00 -2.008669e+01
      vertex   2.589441e+01 3.942356e+00 -1.994072e+01
    endloop
  endfacet
  facet normal 1.263581e-01 9.891660e-01 -7.472797e-02
    outer loop
      vertex   2.589441e+01 3.942356e+00 -1.994072e+01
      vertex   2.546992e+01 3.985554e+00 -2.008669e+01
      vertex   2.563921e+01 3.985554e+00 -1.980043e+01
    endloop
  endfacet
  facet normal 1.308010e-01 9.891660e-01 -6.664642e-02
    outer loop
      vertex   2.589441e+01 3.942356e+00 -1.994072e+01
      vertex   2.563921e+01 3.985554e+00 -1.980043e+01
      vertex   2.605370e+01 3.942356e+00 -1.962809e+01
    endloop
  endfacet
  facet normal 1.308010e-01 9.891660e-01 -6.664642e-02
    outer loop
      vertex   2.605370e+01 3.942356e+00 -1.962809e+01
      vertex   2.563921e+01 3.985554e+00 -1.980043e+01
      vertex   2.579020e+01 3.985554e+00 -1.950410e+01
    endloop
  endfacet
  facet normal 1.347276e-01 9.891660e-01 -5.830185e-02
    outer loop
      vertex   2.605370e+01 3.942356e+00 -1.962809e+01
      vertex   2.579020e+01 3.985554e+00 -1.950410e+01
      vertex   2.619305e+01 3.942356e+00 -1.930608e+01
    endloop
  endfacet
  facet normal 1.347276e-01 9.891660e-01 -5.830185e-02
    outer loop
      vertex   2.619305e+01 3.942356e+00 -1.930608e+01
      vertex   2.579020e+01 3.985554e+00 -1.950410e+01
      vertex   2.592228e+01 3.985554e+00 -1.919887e+01
    endloop
  endfacet
  facet normal 1.542012e-03 9.987943e-01 -4.906762e-02
    outer loop
      vertex   2.100000e+01 3.985554e+00 -2.254405e+01
      vertex   2.100000e+01 4.000000e+00 -2.225000e+01
      vertex   2.133242e+01 3.985554e+00 -2.253360e+01
    endloop
  endfacet
  facet normal 1.910924e-03 9.988147e-01 -4.863625e-02
    outer loop
      vertex   2.133242e+01 3.985554e+00 -2.253360e+01
      vertex   2.100000e+01 4.000000e+00 -2.225000e+01
      vertex   2.139230e+01 4.000000e+00 -2.223459e+01
    endloop
  endfacet
  facet normal 4.649149e-03 9.987790e-01 -4.918286e-02
    outer loop
      vertex   2.133242e+01 3.985554e+00 -2.253360e+01
      vertex   2.139230e+01 4.000000e+00 -2.223459e+01
      vertex   2.166352e+01 3.985554e+00 -2.250231e+01
    endloop
  endfacet
  facet normal 5.695951e-03 9.988251e-01 -4.812484e-02
    outer loop
      vertex   2.166352e+01 3.985554e+00 -2.250231e+01
      vertex   2.139230e+01 4.000000e+00 -2.223459e+01
      vertex   2.178217e+01 4.000000e+00 -2.218844e+01
    endloop
  endfacet
  facet normal 7.744510e-03 9.987738e-01 -4.889691e-02
    outer loop
      vertex   2.166352e+01 3.985554e+00 -2.250231e+01
      vertex   2.178217e+01 4.000000e+00 -2.218844e+01
      vertex   2.199201e+01 3.985554e+00 -2.245028e+01
    endloop
  endfacet
  facet normal 9.454224e-03 9.988251e-01 -4.752959e-02
    outer loop
      vertex   2.199201e+01 3.985554e+00 -2.245028e+01
      vertex   2.178217e+01 4.000000e+00 -2.218844e+01
      vertex   2.216723e+01 4.000000e+00 -2.211185e+01
    endloop
  endfacet
  facet normal 1.077674e-02 9.987790e-01 -4.821235e-02
    outer loop
      vertex   2.199201e+01 3.985554e+00 -2.245028e+01
      vertex   2.216723e+01 4.000000e+00 -2.211185e+01
      vertex   2.231658e+01 3.985554e+00 -2.237773e+01
    endloop
  endfacet
  facet normal 1.321203e-02 9.988147e-01 -4.684633e-02
    outer loop
      vertex   2.231658e+01 3.985554e+00 -2.237773e+01
      vertex   2.216723e+01 4.000000e+00 -2.211185e+01
      vertex   2.254508e+01 4.000000e+00 -2.200528e+01
    endloop
  endfacet
  facet normal 1.369619e-02 9.987943e-01 -4.714258e-02
    outer loop
      vertex   2.231658e+01 3.985554e+00 -2.237773e+01
      vertex   2.254508e+01 4.000000e+00 -2.200528e+01
      vertex   2.263595e+01 3.985554e+00 -2.228494e+01
    endloop
  endfacet
  facet normal 1.662927e-02 9.987943e-01 -4.618957e-02
    outer loop
      vertex   2.263595e+01 3.985554e+00 -2.228494e+01
      vertex   2.254508e+01 4.000000e+00 -2.200528e+01
      vertex   2.294887e+01 3.985554e+00 -2.217228e+01
    endloop
  endfacet
  facet normal 1.684683e-02 9.988147e-01 -4.566532e-02
    outer loop
      vertex   2.254508e+01 4.000000e+00 -2.200528e+01
      vertex   2.291342e+01 4.000000e+00 -2.186940e+01
      vertex   2.294887e+01 3.985554e+00 -2.217228e+01
    endloop
  endfacet
  facet normal 1.961994e-02 9.987790e-01 -4.533902e-02
    outer loop
      vertex   2.294887e+01 3.985554e+00 -2.217228e+01
      vertex   2.291342e+01 4.000000e+00 -2.186940e+01
      vertex   2.325410e+01 3.985554e+00 -2.204020e+01
    endloop
  endfacet
  facet normal 2.028857e-02 9.988251e-01 -4.400930e-02
    outer loop
      vertex   2.291342e+01 4.000000e+00 -2.186940e+01
      vertex   2.326995e+01 4.000000e+00 -2.170503e+01
      vertex   2.325410e+01 3.985554e+00 -2.204020e+01
    endloop
  endfacet
  facet normal 2.247544e-02 9.987738e-01 -4.411054e-02
    outer loop
      vertex   2.325410e+01 3.985554e+00 -2.204020e+01
      vertex   2.326995e+01 4.000000e+00 -2.170503e+01
      vertex   2.355043e+01 3.985554e+00 -2.188921e+01
    endloop
  endfacet
  facet normal 2.367895e-02 9.988251e-01 -4.228181e-02
    outer loop
      vertex   2.326995e+01 4.000000e+00 -2.170503e+01
      vertex   2.361249e+01 4.000000e+00 -2.151320e+01
      vertex   2.355043e+01 3.985554e+00 -2.188921e+01
    endloop
  endfacet
  facet normal 2.514772e-02 9.987790e-01 -4.252247e-02
    outer loop
      vertex   2.355043e+01 3.985554e+00 -2.188921e+01
      vertex   2.361249e+01 4.000000e+00 -2.151320e+01
      vertex   2.383669e+01 3.985554e+00 -2.171992e+01
    endloop
  endfacet
  facet normal 2.704170e-02 9.988147e-01 -4.047077e-02
    outer loop
      vertex   2.361249e+01 4.000000e+00 -2.151320e+01
      vertex   2.393893e+01 4.000000e+00 -2.129508e+01
      vertex   2.383669e+01 3.985554e+00 -2.171992e+01
    endloop
  endfacet
  facet normal 2.759371e-02 9.987943e-01 -4.060291e-02
    outer loop
      vertex   2.383669e+01 3.985554e+00 -2.171992e+01
      vertex   2.393893e+01 4.000000e+00 -2.129508e+01
      vertex   2.411177e+01 3.985554e+00 -2.153298e+01
    endloop
  endfacet
  facet normal 3.008873e-02 9.987943e-01 -3.879016e-02
    outer loop
      vertex   2.411177e+01 3.985554e+00 -2.153298e+01
      vertex   2.393893e+01 4.000000e+00 -2.129508e+01
      vertex   2.437456e+01 3.985554e+00 -2.132914e+01
    endloop
  endfacet
  facet normal 3.013364e-02 9.988147e-01 -3.822434e-02
    outer loop
      vertex   2.437456e+01 3.985554e+00 -2.132914e+01
      vertex   2.393893e+01 4.000000e+00 -2.129508e+01
      vertex   2.424724e+01 4.000000e+00 -2.105203e+01
    endloop
  endfacet
  facet normal 3.267020e-02 9.987790e-01 -3.705707e-02
    outer loop
      vertex   2.437456e+01 3.985554e+00 -2.132914e+01
      vertex   2.424724e+01 4.000000e+00 -2.105203e+01
      vertex   2.462403e+01 3.985554e+00 -2.110920e+01
    endloop
  endfacet
  facet normal 3.289519e-02 9.988251e-01 -3.558582e-02
    outer loop
      vertex   2.462403e+01 3.985554e+00 -2.110920e+01
      vertex   2.424724e+01 4.000000e+00 -2.105203e+01
      vertex   2.453553e+01 4.000000e+00 -2.078553e+01
    endloop
  endfacet
  facet normal 3.500632e-02 9.987738e-01 -3.500632e-02
    outer loop
      vertex   2.462403e+01 3.985554e+00 -2.110920e+01
      vertex   2.453553e+01 4.000000e+00 -2.078553e+01
      vertex   2.485920e+01 3.985554e+00 -2.087403e+01
    endloop
  endfacet
  facet normal 3.558582e-02 9.988251e-01 -3.289519e-02
    outer loop
      vertex   2.485920e+01 3.985554e+00 -2.087403e+01
      vertex   2.453553e+01 4.000000e+00 -2.078553e+01
      vertex   2.480203e+01 4.000000e+00 -2.049724e+01
    endloop
  endfacet
  facet normal 3.705707e-02 9.987790e-01 -3.267020e-02
    outer loop
      vertex   2.485920e+01 3.985554e+00 -2.087403e+01
      vertex   2.480203e+01 4.000000e+00 -2.049724e+01
      vertex   2.507914e+01 3.985554e+00 -2.062456e+01
    endloop
  endfacet
  facet normal 3.822434e-02 9.988147e-01 -3.013364e-02
    outer loop
      vertex   2.507914e+01 3.985554e+00 -2.062456e+01
      vertex   2.480203e+01 4.000000e+00 -2.049724e+01
      vertex   2.504508e+01 4.000000e+00 -2.018893e+01
    endloop
  endfacet
  facet normal 3.879016e-02 9.987943e-01 -3.008873e-02
    outer loop
      vertex   2.507914e+01 3.985554e+00 -2.062456e+01
      vertex   2.504508e+01 4.000000e+00 -2.018893e+01
      vertex   2.528298e+01 3.985554e+00 -2.036177e+01
    endloop
  endfacet
  facet normal 4.060291e-02 9.987943e-01 -2.759371e-02
    outer loop
      vertex   2.528298e+01 3.985554e+00 -2.036177e+01
      vertex   2.504508e+01 4.000000e+00 -2.018893e+01
      vertex   2.546992e+01 3.985554e+00 -2.008669e+01
    endloop
  endfacet
  facet normal 4.047077e-02 9.988147e-01 -2.704170e-02
    outer loop
      vertex   2.504508e+01 4.000000e+00 -2.018893e+01
      vertex   2.526320e+01 4.000000e+00 -1.986249e+01
      vertex   2.546992e+01 3.985554e+00 -2.008669e+01
    endloop
  endfacet
  facet normal 4.252247e-02 9.987790e-01 -2.514772e-02
    outer loop
      vertex   2.546992e+01 3.985554e+00 -2.008669e+01
      vertex   2.526320e+01 4.000000e+00 -1.986249e+01
      vertex   2.563921e+01 3.985554e+00 -1.980043e+01
    endloop
  endfacet
  facet normal 4.228181e-02 9.988251e-01 -2.367895e-02
    outer loop
      vertex   2.526320e+01 4.000000e+00 -1.986249e+01
      vertex   2.545503e+01 4.000000e+00 -1.951995e+01
      vertex   2.563921e+01 3.985554e+00 -1.980043e+01
    endloop
  endfacet
  facet normal 4.411054e-02 9.987738e-01 -2.247544e-02
    outer loop
      vertex   2.563921e+01 3.985554e+00 -1.980043e+01
      vertex   2.545503e+01 4.000000e+00 -1.951995e+01
      vertex   2.579020e+01 3.985554e+00 -1.950410e+01
    endloop
  endfacet
  facet normal 4.400930e-02 9.988251e-01 -2.028857e-02
    outer loop
      vertex   2.545503e+01 4.000000e+00 -1.951995e+01
      vertex   2.561940e+01 4.000000e+00 -1.916342e+01
      vertex   2.579020e+01 3.985554e+00 -1.950410e+01
    endloop
  endfacet
  facet normal 4.533902e-02 9.987790e-01 -1.961994e-02
    outer loop
      vertex   2.579020e+01 3.985554e+00 -1.950410e+01
      vertex   2.561940e+01 4.000000e+00 -1.916342e+01
      vertex   2.592228e+01 3.985554e+00 -1.919887e+01
    endloop
  endfacet
  facet normal 4.566532e-02 9.988147e-01 -1.684683e-02
    outer loop
      vertex   2.561940e+01 4.000000e+00 -1.916342e+01
      vertex   2.575528e+01 4.000000e+00 -1.879508e+01
      vertex   2.592228e+01 3.985554e+00 -1.919887e+01
    endloop
  endfacet
  facet normal 1.409724e-01 9.891660e-01 -4.095627e-02
    outer loop
      vertex   2.631191e+01 3.942356e+00 -1.897594e+01
      vertex   2.603494e+01 3.985554e+00 -1.888595e+01
      vertex   2.640980e+01 3.942356e+00 -1.863900e+01
    endloop
  endfacet
  facet normal 1.409724e-01 9.891660e-01 -4.095627e-02
    outer loop
      vertex   2.640980e+01 3.942356e+00 -1.863900e+01
      vertex   2.603494e+01 3.985554e+00 -1.888595e+01
      vertex   2.612773e+01 3.985554e+00 -1.856658e+01
    endloop
  endfacet
  facet normal 1.432659e-01 9.891660e-01 -3.202372e-02
    outer loop
      vertex   2.640980e+01 3.942356e+00 -1.863900e+01
      vertex   2.612773e+01 3.985554e+00 -1.856658e+01
      vertex   2.648634e+01 3.942356e+00 -1.829658e+01
    endloop
  endfacet
  facet normal 1.432659e-01 9.891660e-01 -3.202372e-02
    outer loop
      vertex   2.648634e+01 3.942356e+00 -1.829658e+01
      vertex   2.612773e+01 3.985554e+00 -1.856658e+01
      vertex   2.620028e+01 3.985554e+00 -1.824201e+01
    endloop
  endfacet
  facet normal 1.449940e-01 9.891660e-01 -2.296479e-02
    outer loop
      vertex   2.648634e+01 3.942356e+00 -1.829658e+01
      vertex   2.620028e+01 3.985554e+00 -1.824201e+01
      vertex   2.654123e+01 3.942356e+00 -1.795002e+01
    endloop
  endfacet
  facet normal 1.449940e-01 9.891660e-01 -2.296479e-02
    outer loop
      vertex   2.654123e+01 3.942356e+00 -1.795002e+01
      vertex   2.620028e+01 3.985554e+00 -1.824201e+01
      vertex   2.625231e+01 3.985554e+00 -1.791352e+01
    endloop
  endfacet
  facet normal 1.461498e-01 9.891660e-01 -1.381523e-02
    outer loop
      vertex   2.654123e+01 3.942356e+00 -1.795002e+01
      vertex   2.625231e+01 3.985554e+00 -1.791352e+01
      vertex   2.657425e+01 3.942356e+00 -1.760070e+01
    endloop
  endfacet
  facet normal 1.461498e-01 9.891660e-01 -1.381523e-02
    outer loop
      vertex   2.657425e+01 3.942356e+00 -1.760070e+01
      vertex   2.625231e+01 3.985554e+00 -1.791352e+01
      vertex   2.628360e+01 3.985554e+00 -1.758242e+01
    endloop
  endfacet
  facet normal 2.334407e-01 9.700030e-01 -6.782080e-02
    outer loop
      vertex   2.658351e+01 3.870821e+00 -1.906419e+01
      vertex   2.631191e+01 3.942356e+00 -1.897594e+01
      vertex   2.668641e+01 3.870821e+00 -1.871002e+01
    endloop
  endfacet
  facet normal 2.334407e-01 9.700030e-01 -6.782080e-02
    outer loop
      vertex   2.668641e+01 3.870821e+00 -1.871002e+01
      vertex   2.631191e+01 3.942356e+00 -1.897594e+01
      vertex   2.640980e+01 3.942356e+00 -1.863900e+01
    endloop
  endfacet
  facet normal 2.372386e-01 9.700030e-01 -5.302911e-02
    outer loop
      vertex   2.668641e+01 3.870821e+00 -1.871002e+01
      vertex   2.640980e+01 3.942356e+00 -1.863900e+01
      vertex   2.676687e+01 3.870821e+00 -1.835009e+01
    endloop
  endfacet
  facet normal 2.372386e-01 9.700030e-01 -5.302911e-02
    outer loop
      vertex   2.676687e+01 3.870821e+00 -1.835009e+01
      vertex   2.640980e+01 3.942356e+00 -1.863900e+01
      vertex   2.648634e+01 3.942356e+00 -1.829658e+01
    endloop
  endfacet
  facet normal 2.401002e-01 9.700030e-01 -3.802813e-02
    outer loop
      vertex   2.676687e+01 3.870821e+00 -1.835009e+01
      vertex   2.648634e+01 3.942356e+00 -1.829658e+01
      vertex   2.682456e+01 3.870821e+00 -1.798581e+01
    endloop
  endfacet
  facet normal 2.401002e-01 9.700030e-01 -3.802813e-02
    outer loop
      vertex   2.682456e+01 3.870821e+00 -1.798581e+01
      vertex   2.648634e+01 3.942356e+00 -1.829658e+01
      vertex   2.654123e+01 3.942356e+00 -1.795002e+01
    endloop
  endfacet
  facet normal 2.420142e-01 9.700030e-01 -2.287708e-02
    outer loop
      vertex   2.682456e+01 3.870821e+00 -1.798581e+01
      vertex   2.654123e+01 3.942356e+00 -1.795002e+01
      vertex   2.685927e+01 3.870821e+00 -1.761863e+01
    endloop
  endfacet
  facet normal 2.420142e-01 9.700030e-01 -2.287708e-02
    outer loop
      vertex   2.685927e+01 3.870821e+00 -1.761863e+01
      vertex   2.654123e+01 3.942356e+00 -1.795002e+01
      vertex   2.657425e+01 3.942356e+00 -1.760070e+01
    endloop
  endfacet
  facet normal 3.236548e-01 9.414913e-01 -9.403040e-02
    outer loop
      vertex   2.684714e+01 3.771639e+00 -1.914985e+01
      vertex   2.658351e+01 3.870821e+00 -1.906419e+01
      vertex   2.695490e+01 3.771639e+00 -1.877896e+01
    endloop
  endfacet
  facet normal 3.236548e-01 9.414913e-01 -9.403040e-02
    outer loop
      vertex   2.695490e+01 3.771639e+00 -1.877896e+01
      vertex   2.658351e+01 3.870821e+00 -1.906419e+01
      vertex   2.668641e+01 3.870821e+00 -1.871002e+01
    endloop
  endfacet
  facet normal 3.289203e-01 9.414913e-01 -7.352241e-02
    outer loop
      vertex   2.695490e+01 3.771639e+00 -1.877896e+01
      vertex   2.668641e+01 3.870821e+00 -1.871002e+01
      vertex   2.703915e+01 3.771639e+00 -1.840203e+01
    endloop
  endfacet
  facet normal 3.289203e-01 9.414913e-01 -7.352241e-02
    outer loop
      vertex   2.703915e+01 3.771639e+00 -1.840203e+01
      vertex   2.668641e+01 3.870821e+00 -1.871002e+01
      vertex   2.676687e+01 3.870821e+00 -1.835009e+01
    endloop
  endfacet
  facet normal 3.328878e-01 9.414913e-01 -5.272425e-02
    outer loop
      vertex   2.703915e+01 3.771639e+00 -1.840203e+01
      vertex   2.676687e+01 3.870821e+00 -1.835009e+01
      vertex   2.709957e+01 3.771639e+00 -1.802056e+01
    endloop
  endfacet
  facet normal 3.328878e-01 9.414913e-01 -5.272425e-02
    outer loop
      vertex   2.709957e+01 3.771639e+00 -1.802056e+01
      vertex   2.676687e+01 3.870821e+00 -1.835009e+01
      vertex   2.682456e+01 3.870821e+00 -1.798581e+01
    endloop
  endfacet
  facet normal 3.355415e-01 9.414913e-01 -3.171801e-02
    outer loop
      vertex   2.709957e+01 3.771639e+00 -1.802056e+01
      vertex   2.682456e+01 3.870821e+00 -1.798581e+01
      vertex   2.713592e+01 3.771639e+00 -1.763604e+01
    endloop
  endfacet
  facet normal 3.355415e-01 9.414913e-01 -3.171801e-02
    outer loop
      vertex   2.713592e+01 3.771639e+00 -1.763604e+01
      vertex   2.682456e+01 3.870821e+00 -1.798581e+01
      vertex   2.685927e+01 3.870821e+00 -1.761863e+01
    endloop
  endfacet
  facet normal 4.107441e-01 9.039077e-01 -1.193322e-01
    outer loop
      vertex   2.710026e+01 3.645764e+00 -1.923209e+01
      vertex   2.684714e+01 3.771639e+00 -1.914985e+01
      vertex   2.721268e+01 3.645764e+00 -1.884514e+01
    endloop
  endfacet
  facet normal 4.107441e-01 9.039077e-01 -1.193322e-01
    outer loop
      vertex   2.721268e+01 3.645764e+00 -1.884514e+01
      vertex   2.684714e+01 3.771639e+00 -1.914985e+01
      vertex   2.695490e+01 3.771639e+00 -1.877896e+01
    endloop
  endfacet
  facet normal 4.174265e-01 9.039077e-01 -9.330588e-02
    outer loop
      vertex   2.721268e+01 3.645764e+00 -1.884514e+01
      vertex   2.695490e+01 3.771639e+00 -1.877896e+01
      vertex   2.730058e+01 3.645764e+00 -1.845190e+01
    endloop
  endfacet
  facet normal 4.174265e-01 9.039077e-01 -9.330588e-02
    outer loop
      vertex   2.730058e+01 3.645764e+00 -1.845190e+01
      vertex   2.695490e+01 3.771639e+00 -1.877896e+01
      vertex   2.703915e+01 3.771639e+00 -1.840203e+01
    endloop
  endfacet
  facet normal 4.224615e-01 9.039077e-01 -6.691133e-02
    outer loop
      vertex   2.730058e+01 3.645764e+00 -1.845190e+01
      vertex   2.703915e+01 3.771639e+00 -1.840203e+01
      vertex   2.736361e+01 3.645764e+00 -1.805391e+01
    endloop
  endfacet
  facet normal 4.224615e-01 9.039077e-01 -6.691133e-02
    outer loop
      vertex   2.736361e+01 3.645764e+00 -1.805391e+01
      vertex   2.703915e+01 3.771639e+00 -1.840203e+01
      vertex   2.709957e+01 3.771639e+00 -1.802056e+01
    endloop
  endfacet
  facet normal 4.258293e-01 9.039077e-01 -4.025272e-02
    outer loop
      vertex   2.736361e+01 3.645764e+00 -1.805391e+01
      vertex   2.709957e+01 3.771639e+00 -1.802056e+01
      vertex   2.740153e+01 3.645764e+00 -1.765275e+01
    endloop
  endfacet
  facet normal 4.258293e-01 9.039077e-01 -4.025272e-02
    outer loop
      vertex   2.740153e+01 3.645764e+00 -1.765275e+01
      vertex   2.709957e+01 3.771639e+00 -1.802056e+01
      vertex   2.713592e+01 3.771639e+00 -1.763604e+01
    endloop
  endfacet
  facet normal 4.938689e-01 8.576167e-01 -1.434822e-01
    outer loop
      vertex   2.734042e+01 3.494409e+00 -1.931013e+01
      vertex   2.710026e+01 3.645764e+00 -1.923209e+01
      vertex   2.745726e+01 3.494409e+00 -1.890794e+01
    endloop
  endfacet
  facet normal 4.938689e-01 8.576167e-01 -1.434822e-01
    outer loop
      vertex   2.745726e+01 3.494409e+00 -1.890794e+01
      vertex   2.710026e+01 3.645764e+00 -1.923209e+01
      vertex   2.721268e+01 3.645764e+00 -1.884514e+01
    endloop
  endfacet
  facet normal 5.019037e-01 8.576167e-01 -1.121888e-01
    outer loop
      vertex   2.745726e+01 3.494409e+00 -1.890794e+01
      vertex   2.721268e+01 3.645764e+00 -1.884514e+01
      vertex   2.754862e+01 3.494409e+00 -1.849922e+01
    endloop
  endfacet
  facet normal 5.019037e-01 8.576167e-01 -1.121888e-01
    outer loop
      vertex   2.754862e+01 3.494409e+00 -1.849922e+01
      vertex   2.721268e+01 3.645764e+00 -1.884514e+01
      vertex   2.730058e+01 3.645764e+00 -1.845190e+01
    endloop
  endfacet
  facet normal 5.079577e-01 8.576167e-01 -8.045259e-02
    outer loop
      vertex   2.754862e+01 3.494409e+00 -1.849922e+01
      vertex   2.730058e+01 3.645764e+00 -1.845190e+01
      vertex   2.761414e+01 3.494409e+00 -1.808556e+01
    endloop
  endfacet
  facet normal 5.079577e-01 8.576167e-01 -8.045259e-02
    outer loop
      vertex   2.761414e+01 3.494409e+00 -1.808556e+01
      vertex   2.730058e+01 3.645764e+00 -1.845190e+01
      vertex   2.736361e+01 3.645764e+00 -1.805391e+01
    endloop
  endfacet
  facet normal 5.120070e-01 8.576167e-01 -4.839891e-02
    outer loop
      vertex   2.761414e+01 3.494409e+00 -1.808556e+01
      vertex   2.736361e+01 3.645764e+00 -1.805391e+01
      vertex   2.765356e+01 3.494409e+00 -1.766861e+01
    endloop
  endfacet
  facet normal 5.120070e-01 8.576167e-01 -4.839891e-02
    outer loop
      vertex   2.765356e+01 3.494409e+00 -1.766861e+01
      vertex   2.736361e+01 3.645764e+00 -1.805391e+01
      vertex   2.740153e+01 3.645764e+00 -1.765275e+01
    endloop
  endfacet
  facet normal 5.722284e-01 8.030668e-01 -1.662477e-01
    outer loop
      vertex   2.756531e+01 3.319031e+00 -1.938320e+01
      vertex   2.734042e+01 3.494409e+00 -1.931013e+01
      vertex   2.768630e+01 3.319031e+00 -1.896675e+01
    endloop
  endfacet
  facet normal 5.722284e-01 8.030668e-01 -1.662477e-01
    outer loop
      vertex   2.768630e+01 3.319031e+00 -1.896675e+01
      vertex   2.734042e+01 3.494409e+00 -1.931013e+01
      vertex   2.745726e+01 3.494409e+00 -1.890794e+01
    endloop
  endfacet
  facet normal 5.815380e-01 8.030668e-01 -1.299892e-01
    outer loop
      vertex   2.768630e+01 3.319031e+00 -1.896675e+01
      vertex   2.745726e+01 3.494409e+00 -1.890794e+01
      vertex   2.778091e+01 3.319031e+00 -1.854353e+01
    endloop
  endfacet
  facet normal 5.815380e-01 8.030668e-01 -1.299892e-01
    outer loop
      vertex   2.778091e+01 3.319031e+00 -1.854353e+01
      vertex   2.745726e+01 3.494409e+00 -1.890794e+01
      vertex   2.754862e+01 3.494409e+00 -1.849922e+01
    endloop
  endfacet
  facet normal 5.885526e-01 8.030668e-01 -9.321757e-02
    outer loop
      vertex   2.778091e+01 3.319031e+00 -1.854353e+01
      vertex   2.754862e+01 3.494409e+00 -1.849922e+01
      vertex   2.784875e+01 3.319031e+00 -1.811520e+01
    endloop
  endfacet
  facet normal 5.885526e-01 8.030668e-01 -9.321757e-02
    outer loop
      vertex   2.784875e+01 3.319031e+00 -1.811520e+01
      vertex   2.754862e+01 3.494409e+00 -1.849922e+01
      vertex   2.761414e+01 3.494409e+00 -1.808556e+01
    endloop
  endfacet
  facet normal 5.932444e-01 8.030668e-01 -5.607811e-02
    outer loop
      vertex   2.784875e+01 3.319031e+00 -1.811520e+01
      vertex   2.761414e+01 3.494409e+00 -1.808556e+01
      vertex   2.788956e+01 3.319031e+00 -1.768345e+01
    endloop
  endfacet
  facet normal 5.932444e-01 8.030668e-01 -5.607811e-02
    outer loop
      vertex   2.788956e+01 3.319031e+00 -1.768345e+01
      vertex   2.761414e+01 3.494409e+00 -1.808556e+01
      vertex   2.765356e+01 3.494409e+00 -1.766861e+01
    endloop
  endfacet
  facet normal 6.450686e-01 7.407862e-01 -1.874097e-01
    outer loop
      vertex   2.777278e+01 3.121320e+00 -1.945061e+01
      vertex   2.756531e+01 3.319031e+00 -1.938320e+01
      vertex   2.789759e+01 3.121320e+00 -1.902100e+01
    endloop
  endfacet
  facet normal 6.450686e-01 7.407862e-01 -1.874097e-01
    outer loop
      vertex   2.789759e+01 3.121320e+00 -1.902100e+01
      vertex   2.756531e+01 3.319031e+00 -1.938320e+01
      vertex   2.768630e+01 3.319031e+00 -1.896675e+01
    endloop
  endfacet
  facet normal 6.555632e-01 7.407862e-01 -1.465357e-01
    outer loop
      vertex   2.789759e+01 3.121320e+00 -1.902100e+01
      vertex   2.768630e+01 3.319031e+00 -1.896675e+01
      vertex   2.799518e+01 3.121320e+00 -1.858440e+01
    endloop
  endfacet
  facet normal 6.555632e-01 7.407862e-01 -1.465357e-01
    outer loop
      vertex   2.799518e+01 3.121320e+00 -1.858440e+01
      vertex   2.768630e+01 3.319031e+00 -1.896675e+01
      vertex   2.778091e+01 3.319031e+00 -1.854353e+01
    endloop
  endfacet
  facet normal 6.634707e-01 7.407862e-01 -1.050834e-01
    outer loop
      vertex   2.799518e+01 3.121320e+00 -1.858440e+01
      vertex   2.778091e+01 3.319031e+00 -1.854353e+01
      vertex   2.806517e+01 3.121320e+00 -1.814254e+01
    endloop
  endfacet
  facet normal 6.634707e-01 7.407862e-01 -1.050834e-01
    outer loop
      vertex   2.806517e+01 3.121320e+00 -1.814254e+01
      vertex   2.778091e+01 3.319031e+00 -1.854353e+01
      vertex   2.784875e+01 3.319031e+00 -1.811520e+01
    endloop
  endfacet
  facet normal 6.687597e-01 7.407862e-01 -6.321640e-02
    outer loop
      vertex   2.806517e+01 3.121320e+00 -1.814254e+01
      vertex   2.784875e+01 3.319031e+00 -1.811520e+01
      vertex   2.810727e+01 3.121320e+00 -1.769715e+01
    endloop
  endfacet
  facet normal 6.687597e-01 7.407862e-01 -6.321640e-02
    outer loop
      vertex   2.810727e+01 3.121320e+00 -1.769715e+01
      vertex   2.784875e+01 3.319031e+00 -1.811520e+01
      vertex   2.788956e+01 3.319031e+00 -1.768345e+01
    endloop
  endfacet
  facet normal 7.116890e-01 6.713770e-01 -2.067648e-01
    outer loop
      vertex   2.796081e+01 2.903180e+00 -1.951171e+01
      vertex   2.777278e+01 3.121320e+00 -1.945061e+01
      vertex   2.808909e+01 2.903180e+00 -1.907017e+01
    endloop
  endfacet
  facet normal 7.116890e-01 6.713770e-01 -2.067648e-01
    outer loop
      vertex   2.808909e+01 2.903180e+00 -1.907017e+01
      vertex   2.777278e+01 3.121320e+00 -1.945061e+01
      vertex   2.789759e+01 3.121320e+00 -1.902100e+01
    endloop
  endfacet
  facet normal 7.232676e-01 6.713770e-01 -1.616695e-01
    outer loop
      vertex   2.808909e+01 2.903180e+00 -1.907017e+01
      vertex   2.789759e+01 3.121320e+00 -1.902100e+01
      vertex   2.818939e+01 2.903180e+00 -1.862145e+01
    endloop
  endfacet
  facet normal 7.232676e-01 6.713770e-01 -1.616695e-01
    outer loop
      vertex   2.818939e+01 2.903180e+00 -1.862145e+01
      vertex   2.789759e+01 3.121320e+00 -1.902100e+01
      vertex   2.799518e+01 3.121320e+00 -1.858440e+01
    endloop
  endfacet
  facet normal 7.319917e-01 6.713770e-01 -1.159361e-01
    outer loop
      vertex   2.818939e+01 2.903180e+00 -1.862145e+01
      vertex   2.799518e+01 3.121320e+00 -1.858440e+01
      vertex   2.826132e+01 2.903180e+00 -1.816732e+01
    endloop
  endfacet
  facet normal 7.319917e-01 6.713770e-01 -1.159361e-01
    outer loop
      vertex   2.826132e+01 2.903180e+00 -1.816732e+01
      vertex   2.799518e+01 3.121320e+00 -1.858440e+01
      vertex   2.806517e+01 3.121320e+00 -1.814254e+01
    endloop
  endfacet
  facet normal 7.378269e-01 6.713770e-01 -6.974518e-02
    outer loop
      vertex   2.826132e+01 2.903180e+00 -1.816732e+01
      vertex   2.806517e+01 3.121320e+00 -1.814254e+01
      vertex   2.830459e+01 2.903180e+00 -1.770957e+01
    endloop
  endfacet
  facet normal 7.378269e-01 6.713770e-01 -6.974518e-02
    outer loop
      vertex   2.830459e+01 2.903180e+00 -1.770957e+01
      vertex   2.806517e+01 3.121320e+00 -1.814254e+01
      vertex   2.810727e+01 3.121320e+00 -1.769715e+01
    endloop
  endfacet
  facet normal 7.714502e-01 5.955096e-01 -2.241270e-01
    outer loop
      vertex   2.812761e+01 2.666711e+00 -1.956590e+01
      vertex   2.796081e+01 2.903180e+00 -1.951171e+01
      vertex   2.825896e+01 2.666711e+00 -1.911378e+01
    endloop
  endfacet
  facet normal 7.714502e-01 5.955096e-01 -2.241270e-01
    outer loop
      vertex   2.825896e+01 2.666711e+00 -1.911378e+01
      vertex   2.796081e+01 2.903180e+00 -1.951171e+01
      vertex   2.808909e+01 2.903180e+00 -1.907017e+01
    endloop
  endfacet
  facet normal 7.840010e-01 5.955096e-01 -1.752450e-01
    outer loop
      vertex   2.825896e+01 2.666711e+00 -1.911378e+01
      vertex   2.808909e+01 2.903180e+00 -1.907017e+01
      vertex   2.836166e+01 2.666711e+00 -1.865431e+01
    endloop
  endfacet
  facet normal 7.840010e-01 5.955096e-01 -1.752450e-01
    outer loop
      vertex   2.836166e+01 2.666711e+00 -1.865431e+01
      vertex   2.808909e+01 2.903180e+00 -1.907017e+01
      vertex   2.818939e+01 2.903180e+00 -1.862145e+01
    endloop
  endfacet
  facet normal 7.934576e-01 5.955096e-01 -1.256713e-01
    outer loop
      vertex   2.836166e+01 2.666711e+00 -1.865431e+01
      vertex   2.818939e+01 2.903180e+00 -1.862145e+01
      vertex   2.843531e+01 2.666711e+00 -1.818930e+01
    endloop
  endfacet
  facet normal 7.934576e-01 5.955096e-01 -1.256713e-01
    outer loop
      vertex   2.843531e+01 2.666711e+00 -1.818930e+01
      vertex   2.818939e+01 2.903180e+00 -1.862145e+01
      vertex   2.826132e+01 2.903180e+00 -1.816732e+01
    endloop
  endfacet
  facet normal 7.997829e-01 5.955096e-01 -7.560174e-02
    outer loop
      vertex   2.843531e+01 2.666711e+00 -1.818930e+01
      vertex   2.826132e+01 2.903180e+00 -1.816732e+01
      vertex   2.847962e+01 2.666711e+00 -1.772058e+01
    endloop
  endfacet
  facet normal 7.997829e-01 5.955096e-01 -7.560174e-02
    outer loop
      vertex   2.847962e+01 2.666711e+00 -1.772058e+01
      vertex   2.826132e+01 2.903180e+00 -1.816732e+01
      vertex   2.830459e+01 2.903180e+00 -1.770957e+01
    endloop
  endfacet
  facet normal 8.237788e-01 5.139161e-01 -2.393299e-01
    outer loop
      vertex   2.827155e+01 2.414190e+00 -1.961267e+01
      vertex   2.812761e+01 2.666711e+00 -1.956590e+01
      vertex   2.840556e+01 2.414190e+00 -1.915142e+01
    endloop
  endfacet
  facet normal 8.237788e-01 5.139161e-01 -2.393299e-01
    outer loop
      vertex   2.840556e+01 2.414190e+00 -1.915142e+01
      vertex   2.812761e+01 2.666711e+00 -1.956590e+01
      vertex   2.825896e+01 2.666711e+00 -1.911378e+01
    endloop
  endfacet
  facet normal 8.371809e-01 5.139161e-01 -1.871321e-01
    outer loop
      vertex   2.840556e+01 2.414190e+00 -1.915142e+01
      vertex   2.825896e+01 2.666711e+00 -1.911378e+01
      vertex   2.851034e+01 2.414190e+00 -1.868267e+01
    endloop
  endfacet
  facet normal 8.371809e-01 5.139161e-01 -1.871321e-01
    outer loop
      vertex   2.851034e+01 2.414190e+00 -1.868267e+01
      vertex   2.825896e+01 2.666711e+00 -1.911378e+01
      vertex   2.836166e+01 2.666711e+00 -1.865431e+01
    endloop
  endfacet
  facet normal 8.472790e-01 5.139161e-01 -1.341958e-01
    outer loop
      vertex   2.851034e+01 2.414190e+00 -1.868267e+01
      vertex   2.836166e+01 2.666711e+00 -1.865431e+01
      vertex   2.858547e+01 2.414190e+00 -1.820827e+01
    endloop
  endfacet
  facet normal 8.472790e-01 5.139161e-01 -1.341958e-01
    outer loop
      vertex   2.858547e+01 2.414190e+00 -1.820827e+01
      vertex   2.836166e+01 2.666711e+00 -1.865431e+01
      vertex   2.843531e+01 2.666711e+00 -1.818930e+01
    endloop
  endfacet
  facet normal 8.540333e-01 5.139161e-01 -8.072992e-02
    outer loop
      vertex   2.858547e+01 2.414190e+00 -1.820827e+01
      vertex   2.843531e+01 2.666711e+00 -1.818930e+01
      vertex   2.863068e+01 2.414190e+00 -1.773008e+01
    endloop
  endfacet
  facet normal 8.540333e-01 5.139161e-01 -8.072992e-02
    outer loop
      vertex   2.863068e+01 2.414190e+00 -1.773008e+01
      vertex   2.843531e+01 2.666711e+00 -1.818930e+01
      vertex   2.847962e+01 2.666711e+00 -1.772058e+01
    endloop
  endfacet
  facet normal 8.681735e-01 4.273827e-01 -2.522277e-01
    outer loop
      vertex   2.839127e+01 2.148050e+00 -1.965157e+01
      vertex   2.827155e+01 2.414190e+00 -1.961267e+01
      vertex   2.852748e+01 2.148050e+00 -1.918273e+01
    endloop
  endfacet
  facet normal 8.681735e-01 4.273827e-01 -2.522277e-01
    outer loop
      vertex   2.852748e+01 2.148050e+00 -1.918273e+01
      vertex   2.827155e+01 2.414190e+00 -1.961267e+01
      vertex   2.840556e+01 2.414190e+00 -1.915142e+01
    endloop
  endfacet
  facet normal 8.822979e-01 4.273827e-01 -1.972169e-01
    outer loop
      vertex   2.852748e+01 2.148050e+00 -1.918273e+01
      vertex   2.840556e+01 2.414190e+00 -1.915142e+01
      vertex   2.863398e+01 2.148050e+00 -1.870626e+01
    endloop
  endfacet
  facet normal 8.822979e-01 4.273827e-01 -1.972169e-01
    outer loop
      vertex   2.863398e+01 2.148050e+00 -1.870626e+01
      vertex   2.840556e+01 2.414190e+00 -1.915142e+01
      vertex   2.851034e+01 2.414190e+00 -1.868267e+01
    endloop
  endfacet
  facet normal 8.929402e-01 4.273827e-01 -1.414278e-01
    outer loop
      vertex   2.863398e+01 2.148050e+00 -1.870626e+01
      vertex   2.851034e+01 2.414190e+00 -1.868267e+01
      vertex   2.871036e+01 2.148050e+00 -1.822404e+01
    endloop
  endfacet
  facet normal 8.929402e-01 4.273827e-01 -1.414278e-01
    outer loop
      vertex   2.871036e+01 2.148050e+00 -1.822404e+01
      vertex   2.851034e+01 2.414190e+00 -1.868267e+01
      vertex   2.858547e+01 2.414190e+00 -1.820827e+01
    endloop
  endfacet
  facet normal 9.000585e-01 4.273827e-01 -8.508058e-02
    outer loop
      vertex   2.871036e+01 2.148050e+00 -1.822404e+01
      vertex   2.858547e+01 2.414190e+00 -1.820827e+01
      vertex   2.875630e+01 2.148050e+00 -1.773799e+01
    endloop
  endfacet
  facet normal 9.000585e-01 4.273827e-01 -8.508058e-02
    outer loop
      vertex   2.875630e+01 2.148050e+00 -1.773799e+01
      vertex   2.858547e+01 2.414190e+00 -1.820827e+01
      vertex   2.863068e+01 2.414190e+00 -1.773008e+01
    endloop
  endfacet
  facet normal 9.042094e-01 3.367425e-01 -2.626971e-01
    outer loop
      vertex   2.848560e+01 1.870854e+00 -1.968222e+01
      vertex   2.839127e+01 2.148050e+00 -1.965157e+01
      vertex   2.862354e+01 1.870854e+00 -1.920739e+01
    endloop
  endfacet
  facet normal 9.042094e-01 3.367425e-01 -2.626971e-01
    outer loop
      vertex   2.862354e+01 1.870854e+00 -1.920739e+01
      vertex   2.839127e+01 2.148050e+00 -1.965157e+01
      vertex   2.852748e+01 2.148050e+00 -1.918273e+01
    endloop
  endfacet
  facet normal 9.189201e-01 3.367425e-01 -2.054030e-01
    outer loop
      vertex   2.862354e+01 1.870854e+00 -1.920739e+01
      vertex   2.852748e+01 2.148050e+00 -1.918273e+01
      vertex   2.873141e+01 1.870854e+00 -1.872484e+01
    endloop
  endfacet
  facet normal 9.189201e-01 3.367425e-01 -2.054030e-01
    outer loop
      vertex   2.873141e+01 1.870854e+00 -1.872484e+01
      vertex   2.852748e+01 2.148050e+00 -1.918273e+01
      vertex   2.863398e+01 2.148050e+00 -1.870626e+01
    endloop
  endfacet
  facet normal 9.300042e-01 3.367425e-01 -1.472982e-01
    outer loop
      vertex   2.873141e+01 1.870854e+00 -1.872484e+01
      vertex   2.863398e+01 2.148050e+00 -1.870626e+01
      vertex   2.880876e+01 1.870854e+00 -1.823648e+01
    endloop
  endfacet
  facet normal 9.300042e-01 3.367425e-01 -1.472982e-01
    outer loop
      vertex   2.880876e+01 1.870854e+00 -1.823648e+01
      vertex   2.863398e+01 2.148050e+00 -1.870626e+01
      vertex   2.871036e+01 2.148050e+00 -1.822404e+01
    endloop
  endfacet
  facet normal 9.374179e-01 3.367425e-01 -8.861209e-02
    outer loop
      vertex   2.880876e+01 1.870854e+00 -1.823648e+01
      vertex   2.871036e+01 2.148050e+00 -1.822404e+01
      vertex   2.885529e+01 1.870854e+00 -1.774421e+01
    endloop
  endfacet
  facet normal 9.374179e-01 3.367425e-01 -8.861209e-02
    outer loop
      vertex   2.885529e+01 1.870854e+00 -1.774421e+01
      vertex   2.871036e+01 2.148050e+00 -1.822404e+01
      vertex   2.875630e+01 2.148050e+00 -1.773799e+01
    endloop
  endfacet
  facet normal 9.315420e-01 2.428674e-01 -2.706380e-01
    outer loop
      vertex   2.855363e+01 1.585271e+00 -1.970432e+01
      vertex   2.848560e+01 1.870854e+00 -1.968222e+01
      vertex   2.869283e+01 1.585271e+00 -1.922518e+01
    endloop
  endfacet
  facet normal 9.315420e-01 2.428674e-01 -2.706380e-01
    outer loop
      vertex   2.869283e+01 1.585271e+00 -1.922518e+01
      vertex   2.848560e+01 1.870854e+00 -1.968222e+01
      vertex   2.862354e+01 1.870854e+00 -1.920739e+01
    endloop
  endfacet
  facet normal 9.466973e-01 2.428674e-01 -2.116119e-01
    outer loop
      vertex   2.869283e+01 1.585271e+00 -1.922518e+01
      vertex   2.862354e+01 1.870854e+00 -1.920739e+01
      vertex   2.880167e+01 1.585271e+00 -1.873825e+01
    endloop
  endfacet
  facet normal 9.466973e-01 2.428674e-01 -2.116119e-01
    outer loop
      vertex   2.880167e+01 1.585271e+00 -1.873825e+01
      vertex   2.862354e+01 1.870854e+00 -1.920739e+01
      vertex   2.873141e+01 1.870854e+00 -1.872484e+01
    endloop
  endfacet
  facet normal 9.581165e-01 2.428674e-01 -1.517507e-01
    outer loop
      vertex   2.880167e+01 1.585271e+00 -1.873825e+01
      vertex   2.873141e+01 1.870854e+00 -1.872484e+01
      vertex   2.887973e+01 1.585271e+00 -1.824544e+01
    endloop
  endfacet
  facet normal 9.581165e-01 2.428674e-01 -1.517507e-01
    outer loop
      vertex   2.887973e+01 1.585271e+00 -1.824544e+01
      vertex   2.873141e+01 1.870854e+00 -1.872484e+01
      vertex   2.880876e+01 1.870854e+00 -1.823648e+01
    endloop
  endfacet
  facet normal 9.657543e-01 2.428674e-01 -9.129066e-02
    outer loop
      vertex   2.887973e+01 1.585271e+00 -1.824544e+01
      vertex   2.880876e+01 1.870854e+00 -1.823648e+01
      vertex   2.892668e+01 1.585271e+00 -1.774870e+01
    endloop
  endfacet
  facet normal 9.657543e-01 2.428674e-01 -9.129066e-02
    outer loop
      vertex   2.892668e+01 1.585271e+00 -1.774870e+01
      vertex   2.880876e+01 1.870854e+00 -1.823648e+01
      vertex   2.885529e+01 1.870854e+00 -1.774421e+01
    endloop
  endfacet
  facet normal 4.906767e-02 9.987955e-01 -5.271810e-16
    outer loop
      vertex   2.629405e+01 3.985554e+00 2.254405e+01
      vertex   2.629405e+01 3.985554e+00 1.917857e+01
      vertex   2.600000e+01 4.000000e+00 2.225000e+01
    endloop
  endfacet
  facet normal 4.906767e-02 9.987955e-01 -5.725912e-17
    outer loop
      vertex   2.600000e+01 4.000000e+00 2.225000e+01
      vertex   2.629405e+01 3.985554e+00 1.917857e+01
      vertex   2.629405e+01 3.985554e+00 1.310714e+01
    endloop
  endfacet
  facet normal 4.906767e-02 9.987955e-01 0.000000e+00
    outer loop
      vertex   2.600000e+01 4.000000e+00 2.225000e+01
      vertex   2.629405e+01 3.985554e+00 1.310714e+01
      vertex   2.629405e+01 3.985554e+00 7.035714e+00
    endloop
  endfacet
  facet normal 1.467305e-01 9.891765e-01 -0.000000e+00
    outer loop
      vertex   2.629405e+01 3.985554e+00 7.035714e+00
      vertex   2.629405e+01 3.985554e+00 1.310714e+01
      vertex   2.658527e+01 3.942356e+00 7.035714e+00
    endloop
  endfacet
  facet normal 1.467305e-01 9.891765e-01 0.000000e+00
    outer loop
      vertex   2.629405e+01 3.985554e+00 7.035714e+00
      vertex   2.658527e+01 3.942356e+00 7.035714e+00
      vertex   2.658527e+01 3.942356e+00 9.642857e-01
    endloop
  endfacet
  facet normal 2.429802e-01 9.700313e-01 -0.000000e+00
    outer loop
      vertex   2.658527e+01 3.942356e+00 9.642857e-01
      vertex   2.658527e+01 3.942356e+00 7.035714e+00
      vertex   2.687085e+01 3.870821e+00 9.642857e-01
    endloop
  endfacet
  facet normal 2.429802e-01 9.700313e-01 0.000000e+00
    outer loop
      vertex   2.658527e+01 3.942356e+00 9.642857e-01
      vertex   2.687085e+01 3.870821e+00 9.642857e-01
      vertex   2.687085e+01 3.870821e+00 -5.107143e+00
    endloop
  endfacet
  facet normal 3.368899e-01 9.415441e-01 -0.000000e+00
    outer loop
      vertex   2.687085e+01 3.870821e+00 -5.107143e+00
      vertex   2.687085e+01 3.870821e+00 9.642857e-01
      vertex   2.714805e+01 3.771639e+00 -5.107143e+00
    endloop
  endfacet
  facet normal 3.368899e-01 9.415441e-01 2.076856e-16
    outer loop
      vertex   2.687085e+01 3.870821e+00 -5.107143e+00
      vertex   2.714805e+01 3.771639e+00 -5.107143e+00
      vertex   2.714805e+01 3.771639e+00 -1.117857e+01
    endloop
  endfacet
  facet normal 4.275551e-01 9.039893e-01 1.983645e-16
    outer loop
      vertex   2.714805e+01 3.771639e+00 -1.117857e+01
      vertex   2.714805e+01 3.771639e+00 -5.107143e+00
      vertex   2.741419e+01 3.645764e+00 -1.117857e+01
    endloop
  endfacet
  facet normal 4.275551e-01 9.039893e-01 0.000000e+00
    outer loop
      vertex   2.714805e+01 3.771639e+00 -1.117857e+01
      vertex   2.741419e+01 3.645764e+00 -1.117857e+01
      vertex   2.741419e+01 3.645764e+00 -1.725000e+01
    endloop
  endfacet
  facet normal 5.141027e-01 8.577286e-01 -0.000000e+00
    outer loop
      vertex   2.741419e+01 3.645764e+00 -1.725000e+01
      vertex   2.741419e+01 3.645764e+00 -1.117857e+01
      vertex   2.766671e+01 3.494409e+00 -1.725000e+01
    endloop
  endfacet
  facet normal 5.141027e-01 8.577286e-01 -4.263043e-16
    outer loop
      vertex   2.766671e+01 3.494409e+00 -1.725000e+01
      vertex   2.741419e+01 3.645764e+00 -1.117857e+01
      vertex   2.766671e+01 3.494409e+00 -1.117857e+01
    endloop
  endfacet
  facet normal 5.956993e-01 8.032075e-01 -4.660749e-16
    outer loop
      vertex   2.766671e+01 3.494409e+00 -1.725000e+01
      vertex   2.766671e+01 3.494409e+00 -1.117857e+01
      vertex   2.790318e+01 3.319031e+00 -1.725000e+01
    endloop
  endfacet
  facet normal 5.956993e-01 8.032075e-01 -7.559002e-16
    outer loop
      vertex   2.790318e+01 3.319031e+00 -1.725000e+01
      vertex   2.766671e+01 3.494409e+00 -1.117857e+01
      vertex   2.790318e+01 3.319031e+00 -1.117857e+01
    endloop
  endfacet
  facet normal 6.715590e-01 7.409511e-01 -8.401255e-16
    outer loop
      vertex   2.790318e+01 3.319031e+00 -1.725000e+01
      vertex   2.790318e+01 3.319031e+00 -1.117857e+01
      vertex   2.812132e+01 3.121320e+00 -1.725000e+01
    endloop
  endfacet
  facet normal 6.715590e-01 7.409511e-01 -3.929646e-16
    outer loop
      vertex   2.812132e+01 3.121320e+00 -1.725000e+01
      vertex   2.790318e+01 3.319031e+00 -1.117857e+01
      vertex   2.812132e+01 3.121320e+00 -1.117857e+01
    endloop
  endfacet
  facet normal 7.409511e-01 6.715590e-01 -4.335697e-16
    outer loop
      vertex   2.812132e+01 3.121320e+00 -1.725000e+01
      vertex   2.812132e+01 3.121320e+00 -1.117857e+01
      vertex   2.831903e+01 2.903180e+00 -1.725000e+01
    endloop
  endfacet
  facet normal 7.409511e-01 6.715590e-01 -1.014501e-15
    outer loop
      vertex   2.831903e+01 2.903180e+00 -1.725000e+01
      vertex   2.812132e+01 3.121320e+00 -1.117857e+01
      vertex   2.831903e+01 2.903180e+00 -1.117857e+01
    endloop
  endfacet
  facet normal 8.032075e-01 5.956993e-01 -1.070714e-15
    outer loop
      vertex   2.831903e+01 2.903180e+00 -1.725000e+01
      vertex   2.831903e+01 2.903180e+00 -1.117857e+01
      vertex   2.849441e+01 2.666711e+00 -1.725000e+01
    endloop
  endfacet
  facet normal 8.032075e-01 5.956993e-01 -5.571430e-16
    outer loop
      vertex   2.849441e+01 2.666711e+00 -1.725000e+01
      vertex   2.831903e+01 2.903180e+00 -1.117857e+01
      vertex   2.849441e+01 2.666711e+00 -1.117857e+01
    endloop
  endfacet
  facet normal 8.577286e-01 5.141027e-01 -5.771095e-16
    outer loop
      vertex   2.849441e+01 2.666711e+00 -1.725000e+01
      vertex   2.849441e+01 2.666711e+00 -1.117857e+01
      vertex   2.864576e+01 2.414190e+00 -1.725000e+01
    endloop
  endfacet
  facet normal 8.577286e-01 5.141027e-01 -1.116615e-15
    outer loop
      vertex   2.864576e+01 2.414190e+00 -1.725000e+01
      vertex   2.849441e+01 2.666711e+00 -1.117857e+01
      vertex   2.864576e+01 2.414190e+00 -1.117857e+01
    endloop
  endfacet
  facet normal 9.039893e-01 4.275551e-01 -1.151763e-15
    outer loop
      vertex   2.864576e+01 2.414190e+00 -1.725000e+01
      vertex   2.864576e+01 2.414190e+00 -1.117857e+01
      vertex   2.877164e+01 2.148050e+00 -1.725000e+01
    endloop
  endfacet
  facet normal 9.039893e-01 4.275551e-01 -5.915182e-16
    outer loop
      vertex   2.877164e+01 2.148050e+00 -1.725000e+01
      vertex   2.864576e+01 2.414190e+00 -1.117857e+01
      vertex   2.877164e+01 2.148050e+00 -1.117857e+01
    endloop
  endfacet
  facet normal 9.415441e-01 3.368899e-01 -6.002302e-16
    outer loop
      vertex   2.877164e+01 2.148050e+00 -1.725000e+01
      vertex   2.877164e+01 2.148050e+00 -1.117857e+01
      vertex   2.887082e+01 1.870854e+00 -1.725000e+01
    endloop
  endfacet
  facet normal 9.415441e-01 3.368899e-01 -5.755887e-16
    outer loop
      vertex   2.887082e+01 1.870854e+00 -1.725000e+01
      vertex   2.877164e+01 2.148050e+00 -1.117857e+01
      vertex   2.887082e+01 1.870854e+00 -1.117857e+01
    endloop
  endfacet
  facet normal 9.700313e-01 2.429802e-01 -5.853891e-16
    outer loop
      vertex   2.887082e+01 1.870854e+00 -1.725000e+01
      vertex   2.887082e+01 1.870854e+00 -1.117857e+01
      vertex   2.894236e+01 1.585271e+00 -1.725000e+01
    endloop
  endfacet
  facet normal 9.700313e-01 2.429802e-01 -1.179665e-15
    outer loop
      vertex   2.894236e+01 1.585271e+00 -1.725000e+01
      vertex   2.887082e+01 1.870854e+00 -1.117857e+01
      vertex   2.894236e+01 1.585271e+00 -1.117857e+01
    endloop
  endfacet
  facet normal 9.891765e-01 1.467305e-01 -1.184470e-15
    outer loop
      vertex   2.894236e+01 1.585271e+00 -1.725000e+01
      vertex   2.894236e+01 1.585271e+00 -1.117857e+01
      vertex   2.898555e+01 1.294051e+00 -1.725000e+01
    endloop
  endfacet
  facet normal 9.891765e-01 1.467305e-01 -5.895519e-16
    outer loop
      vertex   2.898555e+01 1.294051e+00 -1.725000e+01
      vertex   2.894236e+01 1.585271e+00 -1.117857e+01
      vertex   2.898555e+01 1.294051e+00 -1.117857e+01
    endloop
  endfacet
  facet normal 9.987955e-01 4.906767e-02 -5.880370e-16
    outer loop
      vertex   2.898555e+01 1.294051e+00 -1.725000e+01
      vertex   2.898555e+01 1.294051e+00 -1.117857e+01
      vertex   2.900000e+01 1.000000e+00 -1.725000e+01
    endloop
  endfacet
  facet normal 9.987955e-01 4.906767e-02 -1.940987e-18
    outer loop
      vertex   2.900000e+01 1.000000e+00 -1.725000e+01
      vertex   2.898555e+01 1.294051e+00 -1.117857e+01
      vertex   2.898555e+01 1.294051e+00 -5.107143e+00
    endloop
  endfacet
  facet normal 9.987955e-01 4.906767e-02 -3.396727e-18
    outer loop
      vertex   2.900000e+01 1.000000e+00 -1.725000e+01
      vertex   2.898555e+01 1.294051e+00 -5.107143e+00
      vertex   2.898555e+01 1.294051e+00 9.642857e-01
    endloop
  endfacet
  facet normal 9.891765e-01 1.467305e-01 -1.073247e-17
    outer loop
      vertex   2.898555e+01 1.294051e+00 9.642857e-01
      vertex   2.898555e+01 1.294051e+00 -5.107143e+00
      vertex   2.894236e+01 1.585271e+00 9.642857e-01
    endloop
  endfacet
  facet normal 9.891765e-01 1.467305e-01 -1.067543e-17
    outer loop
      vertex   2.898555e+01 1.294051e+00 9.642857e-01
      vertex   2.894236e+01 1.585271e+00 9.642857e-01
      vertex   2.894236e+01 1.585271e+00 7.035714e+00
    endloop
  endfacet
  facet normal 9.700313e-01 2.429802e-01 -1.777257e-17
    outer loop
      vertex   2.894236e+01 1.585271e+00 7.035714e+00
      vertex   2.894236e+01 1.585271e+00 9.642857e-01
      vertex   2.887082e+01 1.870854e+00 7.035714e+00
    endloop
  endfacet
  facet normal 9.700313e-01 2.429802e-01 -7.763948e-18
    outer loop
      vertex   2.894236e+01 1.585271e+00 7.035714e+00
      vertex   2.887082e+01 1.870854e+00 7.035714e+00
      vertex   2.887082e+01 1.870854e+00 1.310714e+01
    endloop
  endfacet
  facet normal 9.415441e-01 3.368899e-01 -1.232075e-17
    outer loop
      vertex   2.887082e+01 1.870854e+00 1.310714e+01
      vertex   2.887082e+01 1.870854e+00 7.035714e+00
      vertex   2.877164e+01 2.148050e+00 1.310714e+01
    endloop
  endfacet
  facet normal 9.415441e-01 3.368899e-01 -5.997650e-16
    outer loop
      vertex   2.887082e+01 1.870854e+00 1.310714e+01
      vertex   2.877164e+01 2.148050e+00 1.310714e+01
      vertex   2.877164e+01 2.148050e+00 1.917857e+01
    endloop
  endfacet
  facet normal 9.039893e-01 4.275551e-01 -5.915182e-16
    outer loop
      vertex   2.877164e+01 2.148050e+00 1.917857e+01
      vertex   2.877164e+01 2.148050e+00 1.310714e+01
      vertex   2.864576e+01 2.414190e+00 1.917857e+01
    endloop
  endfacet
  facet normal 9.039891e-01 4.275550e-01 -6.248285e-04
    outer loop
      vertex   2.877164e+01 2.148050e+00 1.917857e+01
      vertex   2.864576e+01 2.414190e+00 1.917857e+01
      vertex   2.871197e+01 2.282665e+00 2.496197e+01
    endloop
  endfacet
  facet normal 8.932243e-01 4.496113e-01 -1.380622e-16
    outer loop
      vertex   2.871197e+01 2.282665e+00 2.496197e+01
      vertex   2.864576e+01 2.414190e+00 1.917857e+01
      vertex   2.864576e+01 2.414190e+00 2.489576e+01
    endloop
  endfacet
  facet normal 8.700870e-01 4.928982e-01 -1.531456e-16
    outer loop
      vertex   2.864576e+01 2.414190e+00 2.489576e+01
      vertex   2.864576e+01 2.414190e+00 1.917857e+01
      vertex   2.857319e+01 2.542308e+00 2.482319e+01
    endloop
  endfacet
  facet normal 8.577284e-01 5.141026e-01 -6.401909e-04
    outer loop
      vertex   2.857319e+01 2.542308e+00 2.482319e+01
      vertex   2.864576e+01 2.414190e+00 1.917857e+01
      vertex   2.849441e+01 2.666711e+00 1.917857e+01
    endloop
  endfacet
  facet normal 8.448536e-01 5.349976e-01 -2.561165e-16
    outer loop
      vertex   2.857319e+01 2.542308e+00 2.482319e+01
      vertex   2.849441e+01 2.666711e+00 1.917857e+01
      vertex   2.849441e+01 2.666711e+00 2.474441e+01
    endloop
  endfacet
  facet normal 8.175848e-01 5.758082e-01 -2.756569e-16
    outer loop
      vertex   2.849441e+01 2.666711e+00 2.474441e+01
      vertex   2.849441e+01 2.666711e+00 1.917857e+01
      vertex   2.840962e+01 2.787098e+00 2.465962e+01
    endloop
  endfacet
  facet normal 8.032074e-01 5.956992e-01 -6.592952e-04
    outer loop
      vertex   2.840962e+01 2.787098e+00 2.465962e+01
      vertex   2.849441e+01 2.666711e+00 1.917857e+01
      vertex   2.831903e+01 2.903180e+00 1.917857e+01
    endloop
  endfacet
  facet normal 7.883464e-01 6.152316e-01 -2.535215e-16
    outer loop
      vertex   2.840962e+01 2.787098e+00 2.465962e+01
      vertex   2.831903e+01 2.903180e+00 1.917857e+01
      vertex   2.831903e+01 2.903180e+00 2.456903e+01
    endloop
  endfacet
  facet normal 7.572088e-01 6.531728e-01 -2.690559e-16
    outer loop
      vertex   2.831903e+01 2.903180e+00 2.456903e+01
      vertex   2.831903e+01 2.903180e+00 1.917857e+01
      vertex   2.822285e+01 3.014677e+00 2.447285e+01
    endloop
  endfacet
  facet normal 7.409510e-01 6.715588e-01 -6.825535e-04
    outer loop
      vertex   2.822285e+01 3.014677e+00 2.447285e+01
      vertex   2.831903e+01 2.903180e+00 1.917857e+01
      vertex   2.812132e+01 3.121320e+00 1.917857e+01
    endloop
  endfacet
  facet normal 7.242471e-01 6.895405e-01 -4.129113e-16
    outer loop
      vertex   2.822285e+01 3.014677e+00 2.447285e+01
      vertex   2.812132e+01 3.121320e+00 1.917857e+01
      vertex   2.812132e+01 3.121320e+00 2.437132e+01
    endloop
  endfacet
  facet normal 6.895405e-01 7.242471e-01 -4.335685e-16
    outer loop
      vertex   2.812132e+01 3.121320e+00 2.437132e+01
      vertex   2.812132e+01 3.121320e+00 1.917857e+01
      vertex   2.801468e+01 3.222853e+00 2.426468e+01
    endloop
  endfacet
  facet normal 6.715588e-01 7.409509e-01 -7.104907e-04
    outer loop
      vertex   2.801468e+01 3.222853e+00 2.426468e+01
      vertex   2.812132e+01 3.121320e+00 1.917857e+01
      vertex   2.790318e+01 3.319031e+00 1.917857e+01
    endloop
  endfacet
  facet normal 6.531728e-01 7.572088e-01 -4.049673e-16
    outer loop
      vertex   2.801468e+01 3.222853e+00 2.426468e+01
      vertex   2.790318e+01 3.319031e+00 1.917857e+01
      vertex   2.790318e+01 3.319031e+00 2.415318e+01
    endloop
  endfacet
  facet normal 6.152316e-01 7.883464e-01 -4.222597e-16
    outer loop
      vertex   2.790318e+01 3.319031e+00 2.415318e+01
      vertex   2.790318e+01 3.319031e+00 1.917857e+01
      vertex   2.778710e+01 3.409623e+00 2.403710e+01
    endloop
  endfacet
  facet normal 5.956991e-01 8.032073e-01 -7.437709e-04
    outer loop
      vertex   2.778710e+01 3.409623e+00 2.403710e+01
      vertex   2.790318e+01 3.319031e+00 1.917857e+01
      vertex   2.766671e+01 3.494409e+00 1.917857e+01
    endloop
  endfacet
  facet normal 5.758082e-01 8.175848e-01 -4.575017e-16
    outer loop
      vertex   2.778710e+01 3.409623e+00 2.403710e+01
      vertex   2.766671e+01 3.494409e+00 1.917857e+01
      vertex   2.766671e+01 3.494409e+00 2.391671e+01
    endloop
  endfacet
  facet normal 5.349976e-01 8.448536e-01 -4.751110e-16
    outer loop
      vertex   2.766671e+01 3.494409e+00 2.391671e+01
      vertex   2.766671e+01 3.494409e+00 1.917857e+01
      vertex   2.754231e+01 3.573186e+00 2.379231e+01
    endloop
  endfacet
  facet normal 5.141026e-01 8.577283e-01 -7.832329e-04
    outer loop
      vertex   2.754231e+01 3.573186e+00 2.379231e+01
      vertex   2.766671e+01 3.494409e+00 1.917857e+01
      vertex   2.741419e+01 3.645764e+00 1.917857e+01
    endloop
  endfacet
  facet normal 4.928982e-01 8.700870e-01 -6.881160e-16
    outer loop
      vertex   2.754231e+01 3.573186e+00 2.379231e+01
      vertex   2.741419e+01 3.645764e+00 1.917857e+01
      vertex   2.741419e+01 3.645764e+00 2.366419e+01
    endloop
  endfacet
  facet normal 4.496113e-01 8.932243e-01 -7.074543e-16
    outer loop
      vertex   2.741419e+01 3.645764e+00 2.366419e+01
      vertex   2.741419e+01 3.645764e+00 1.917857e+01
      vertex   2.728267e+01 3.711968e+00 2.353267e+01
    endloop
  endfacet
  facet normal 4.275549e-01 9.039890e-01 -8.299385e-04
    outer loop
      vertex   2.728267e+01 3.711968e+00 2.353267e+01
      vertex   2.741419e+01 3.645764e+00 1.917857e+01
      vertex   2.714805e+01 3.771639e+00 1.917857e+01
    endloop
  endfacet
  facet normal 4.052413e-01 9.142098e-01 -7.678150e-16
    outer loop
      vertex   2.728267e+01 3.711968e+00 2.353267e+01
      vertex   2.714805e+01 3.771639e+00 1.917857e+01
      vertex   2.714805e+01 3.771639e+00 2.339805e+01
    endloop
  endfacet
  facet normal 3.368899e-01 9.415441e-01 -7.927606e-16
    outer loop
      vertex   2.714805e+01 3.771639e+00 2.339805e+01
      vertex   2.714805e+01 3.771639e+00 1.917857e+01
      vertex   2.687085e+01 3.870821e+00 2.312085e+01
    endloop
  endfacet
  facet normal 3.368899e-01 9.415441e-01 -2.121256e-16
    outer loop
      vertex   2.687085e+01 3.870821e+00 2.312085e+01
      vertex   2.714805e+01 3.771639e+00 1.917857e+01
      vertex   2.687085e+01 3.870821e+00 1.917857e+01
    endloop
  endfacet
  facet normal 2.429802e-01 9.700313e-01 -2.185436e-16
    outer loop
      vertex   2.687085e+01 3.870821e+00 2.312085e+01
      vertex   2.687085e+01 3.870821e+00 1.917857e+01
      vertex   2.658527e+01 3.942356e+00 2.283527e+01
    endloop
  endfacet
  facet normal 2.429802e-01 9.700313e-01 -5.890290e-16
    outer loop
      vertex   2.658527e+01 3.942356e+00 2.283527e+01
      vertex   2.687085e+01 3.870821e+00 1.917857e+01
      vertex   2.658527e+01 3.942356e+00 1.917857e+01
    endloop
  endfacet
  facet normal 1.467305e-01 9.891765e-01 -6.006545e-16
    outer loop
      vertex   2.658527e+01 3.942356e+00 2.283527e+01
      vertex   2.658527e+01 3.942356e+00 1.917857e+01
      vertex   2.629405e+01 3.985554e+00 2.254405e+01
    endloop
  endfacet
  facet normal 1.467305e-01 9.891765e-01 -5.221040e-16
    outer loop
      vertex   2.629405e+01 3.985554e+00 2.254405e+01
      vertex   2.658527e+01 3.942356e+00 1.917857e+01
      vertex   2.629405e+01 3.985554e+00 1.917857e+01
    endloop
  endfacet
  facet normal 9.142098e-01 4.052413e-01 0.000000e+00
    outer loop
      vertex   2.871197e+01 2.282665e+00 2.496197e+01
      vertex   2.877164e+01 2.148050e+00 2.502164e+01
      vertex   2.877164e+01 2.148050e+00 1.917857e+01
    endloop
  endfacet
  facet normal 9.329928e-01 3.598950e-01 -0.000000e+00
    outer loop
      vertex   2.877164e+01 2.148050e+00 1.917857e+01
      vertex   2.877164e+01 2.148050e+00 2.502164e+01
      vertex   2.882463e+01 2.010670e+00 2.507463e+01
    endloop
  endfacet
  facet normal 9.415439e-01 3.368898e-01 -6.128890e-04
    outer loop
      vertex   2.877164e+01 2.148050e+00 1.917857e+01
      vertex   2.882463e+01 2.010670e+00 2.507463e+01
      vertex   2.887082e+01 1.870854e+00 1.917857e+01
    endloop
  endfacet
  facet normal 9.495282e-01 3.136817e-01 -5.860688e-17
    outer loop
      vertex   2.887082e+01 1.870854e+00 1.917857e+01
      vertex   2.882463e+01 2.010670e+00 2.507463e+01
      vertex   2.887082e+01 1.870854e+00 2.512082e+01
    endloop
  endfacet
  facet normal 9.637761e-01 2.667128e-01 -4.983140e-17
    outer loop
      vertex   2.887082e+01 1.870854e+00 1.917857e+01
      vertex   2.887082e+01 1.870854e+00 2.512082e+01
      vertex   2.891009e+01 1.728941e+00 2.516009e+01
    endloop
  endfacet
  facet normal 9.700311e-01 2.429801e-01 -6.041323e-04
    outer loop
      vertex   2.887082e+01 1.870854e+00 1.917857e+01
      vertex   2.891009e+01 1.728941e+00 2.516009e+01
      vertex   2.894236e+01 1.585271e+00 1.917857e+01
    endloop
  endfacet
  facet normal 9.757021e-01 2.191012e-01 5.844973e-16
    outer loop
      vertex   2.894236e+01 1.585271e+00 1.917857e+01
      vertex   2.891009e+01 1.728941e+00 2.516009e+01
      vertex   2.894236e+01 1.585271e+00 2.519236e+01
    endloop
  endfacet
  facet normal 9.852776e-01 1.709619e-01 5.883767e-16
    outer loop
      vertex   2.894236e+01 1.585271e+00 1.917857e+01
      vertex   2.894236e+01 1.585271e+00 2.519236e+01
      vertex   2.896753e+01 1.440191e+00 2.521753e+01
    endloop
  endfacet
  facet normal 9.891763e-01 1.467304e-01 -5.983865e-04
    outer loop
      vertex   2.894236e+01 1.585271e+00 1.917857e+01
      vertex   2.896753e+01 1.440191e+00 2.521753e+01
      vertex   2.898555e+01 1.294051e+00 1.917857e+01
    endloop
  endfacet
  facet normal 9.924795e-01 1.224107e-01 5.821373e-16
    outer loop
      vertex   2.898555e+01 1.294051e+00 1.917857e+01
      vertex   2.896753e+01 1.440191e+00 2.521753e+01
      vertex   2.898555e+01 1.294051e+00 2.523555e+01
    endloop
  endfacet
  facet normal 9.972905e-01 7.356456e-02 5.849591e-16
    outer loop
      vertex   2.898555e+01 1.294051e+00 1.917857e+01
      vertex   2.898555e+01 1.294051e+00 2.523555e+01
      vertex   2.899639e+01 1.147203e+00 2.524639e+01
    endloop
  endfacet
  facet normal 9.996988e-01 2.454123e-02 -8.356809e-17
    outer loop
      vertex   2.900000e+01 1.000000e+00 2.525000e+01
      vertex   2.900000e+01 1.000000e+00 -1.725000e+01
      vertex   2.899639e+01 1.147203e+00 2.524639e+01
    endloop
  endfacet
  facet normal 9.982654e-01 5.887362e-02 -1.190457e-04
    outer loop
      vertex   2.899639e+01 1.147203e+00 2.524639e+01
      vertex   2.900000e+01 1.000000e+00 -1.725000e+01
      vertex   2.898555e+01 1.294051e+00 7.035714e+00
    endloop
  endfacet
  facet normal 9.972905e-01 7.356456e-02 0.000000e+00
    outer loop
      vertex   2.899639e+01 1.147203e+00 2.524639e+01
      vertex   2.898555e+01 1.294051e+00 7.035714e+00
      vertex   2.898555e+01 1.294051e+00 1.310714e+01
    endloop
  endfacet
  facet normal 9.891765e-01 1.467305e-01 0.000000e+00
    outer loop
      vertex   2.898555e+01 1.294051e+00 1.310714e+01
      vertex   2.898555e+01 1.294051e+00 7.035714e+00
      vertex   2.894236e+01 1.585271e+00 1.310714e+01
    endloop
  endfacet
  facet normal 9.891765e-01 1.467305e-01 -5.900601e-16
    outer loop
      vertex   2.898555e+01 1.294051e+00 1.310714e+01
      vertex   2.894236e+01 1.585271e+00 1.310714e+01
      vertex   2.894236e+01 1.585271e+00 1.917857e+01
    endloop
  endfacet
  facet normal 9.700313e-01 2.429802e-01 -5.853891e-16
    outer loop
      vertex   2.894236e+01 1.585271e+00 1.917857e+01
      vertex   2.894236e+01 1.585271e+00 1.310714e+01
      vertex   2.887082e+01 1.870854e+00 1.917857e+01
    endloop
  endfacet
  facet normal 4.275551e-01 9.039893e-01 -4.503090e-16
    outer loop
      vertex   2.741419e+01 3.645764e+00 -1.725000e+01
      vertex   2.714805e+01 3.771639e+00 -1.725000e+01
      vertex   2.714805e+01 3.771639e+00 -1.117857e+01
    endloop
  endfacet
  facet normal 3.368899e-01 9.415441e-01 -4.037372e-16
    outer loop
      vertex   2.714805e+01 3.771639e+00 -1.117857e+01
      vertex   2.714805e+01 3.771639e+00 -1.725000e+01
      vertex   2.687085e+01 3.870821e+00 -1.117857e+01
    endloop
  endfacet
  facet normal 3.368899e-01 9.415441e-01 0.000000e+00
    outer loop
      vertex   2.714805e+01 3.771639e+00 -1.117857e+01
      vertex   2.687085e+01 3.870821e+00 -1.117857e+01
      vertex   2.687085e+01 3.870821e+00 -5.107143e+00
    endloop
  endfacet
  facet normal 2.429802e-01 9.700313e-01 0.000000e+00
    outer loop
      vertex   2.687085e+01 3.870821e+00 -5.107143e+00
      vertex   2.687085e+01 3.870821e+00 -1.117857e+01
      vertex   2.658527e+01 3.942356e+00 -5.107143e+00
    endloop
  endfacet
  facet normal 2.429802e-01 9.700313e-01 0.000000e+00
    outer loop
      vertex   2.687085e+01 3.870821e+00 -5.107143e+00
      vertex   2.658527e+01 3.942356e+00 -5.107143e+00
      vertex   2.658527e+01 3.942356e+00 9.642857e-01
    endloop
  endfacet
  facet normal 1.467305e-01 9.891765e-01 0.000000e+00
    outer loop
      vertex   2.658527e+01 3.942356e+00 9.642857e-01
      vertex   2.658527e+01 3.942356e+00 -5.107143e+00
      vertex   2.629405e+01 3.985554e+00 9.642857e-01
    endloop
  endfacet
  facet normal 1.467305e-01 9.891765e-01 0.000000e+00
    outer loop
      vertex   2.658527e+01 3.942356e+00 9.642857e-01
      vertex   2.629405e+01 3.985554e+00 9.642857e-01
      vertex   2.629405e+01 3.985554e+00 7.035714e+00
    endloop
  endfacet
  facet normal 4.906767e-02 9.987955e-01 0.000000e+00
    outer loop
      vertex   2.629405e+01 3.985554e+00 7.035714e+00
      vertex   2.629405e+01 3.985554e+00 9.642857e-01
      vertex   2.600000e+01 4.000000e+00 2.225000e+01
    endloop
  endfacet
  facet normal 3.368899e-01 9.415441e-01 -3.940204e-16
    outer loop
      vertex   2.714805e+01 3.771639e+00 -1.725000e+01
      vertex   2.687085e+01 3.870821e+00 -1.725000e+01
      vertex   2.687085e+01 3.870821e+00 -1.117857e+01
    endloop
  endfacet
  facet normal 2.429802e-01 9.700313e-01 -2.843611e-16
    outer loop
      vertex   2.687085e+01 3.870821e+00 -1.117857e+01
      vertex   2.687085e+01 3.870821e+00 -1.725000e+01
      vertex   2.658527e+01 3.942356e+00 -1.117857e+01
    endloop
  endfacet
  facet normal 2.429802e-01 9.700313e-01 1.416921e-16
    outer loop
      vertex   2.687085e+01 3.870821e+00 -1.117857e+01
      vertex   2.658527e+01 3.942356e+00 -1.117857e+01
      vertex   2.658527e+01 3.942356e+00 -5.107143e+00
    endloop
  endfacet
  facet normal 1.467305e-01 9.891765e-01 1.447049e-16
    outer loop
      vertex   2.658527e+01 3.942356e+00 -5.107143e+00
      vertex   2.658527e+01 3.942356e+00 -1.117857e+01
      vertex   2.629405e+01 3.985554e+00 -5.107143e+00
    endloop
  endfacet
  facet normal 1.467305e-01 9.891765e-01 0.000000e+00
    outer loop
      vertex   2.658527e+01 3.942356e+00 -5.107143e+00
      vertex   2.629405e+01 3.985554e+00 -5.107143e+00
      vertex   2.629405e+01 3.985554e+00 9.642857e-01
    endloop
  endfacet
  facet normal 4.906767e-02 9.987955e-01 0.000000e+00
    outer loop
      vertex   2.629405e+01 3.985554e+00 9.642857e-01
      vertex   2.629405e+01 3.985554e+00 -5.107143e+00
      vertex   2.600000e+01 4.000000e+00 -1.725000e+01
    endloop
  endfacet
  facet normal 4.906767e-02 9.987955e-01 -1.327628e-17
    outer loop
      vertex   2.629405e+01 3.985554e+00 9.642857e-01
      vertex   2.600000e+01 4.000000e+00 -1.725000e+01
      vertex   2.600000e+01 4.000000e+00 2.225000e+01
    endloop
  endfacet
  facet normal 2.429802e-01 9.700313e-01 -2.853251e-16
    outer loop
      vertex   2.687085e+01 3.870821e+00 -1.725000e+01
      vertex   2.658527e+01 3.942356e+00 -1.725000e+01
      vertex   2.658527e+01 3.942356e+00 -1.117857e+01
    endloop
  endfacet
  facet normal 1.467305e-01 9.891765e-01 -2.305646e-16
    outer loop
      vertex   2.658527e+01 3.942356e+00 -1.117857e+01
      vertex   2.658527e+01 3.942356e+00 -1.725000e+01
      vertex   2.629405e+01 3.985554e+00 -1.117857e+01
    endloop
  endfacet
  facet normal 1.467305e-01 9.891765e-01 1.446035e-16
    outer loop
      vertex   2.658527e+01 3.942356e+00 -1.117857e+01
      vertex   2.629405e+01 3.985554e+00 -1.117857e+01
      vertex   2.629405e+01 3.985554e+00 -5.107143e+00
    endloop
  endfacet
  facet normal 4.906767e-02 9.987955e-01 1.461120e-16
    outer loop
      vertex   2.629405e+01 3.985554e+00 -5.107143e+00
      vertex   2.629405e+01 3.985554e+00 -1.117857e+01
      vertex   2.600000e+01 4.000000e+00 -1.725000e+01
    endloop
  endfacet
  facet normal 1.467305e-01 9.891765e-01 -2.300070e-16
    outer loop
      vertex   2.658527e+01 3.942356e+00 -1.725000e+01
      vertex   2.629405e+01 3.985554e+00 -1.725000e+01
      vertex   2.629405e+01 3.985554e+00 -1.117857e+01
    endloop
  endfacet
  facet normal 4.906767e-02 9.987955e-01 -1.748241e-16
    outer loop
      vertex   2.629405e+01 3.985554e+00 -1.117857e+01
      vertex   2.629405e+01 3.985554e+00 -1.725000e+01
      vertex   2.600000e+01 4.000000e+00 -1.725000e+01
    endloop
  endfacet
  facet normal 1.467305e-01 9.891765e-01 -1.717195e-16
    outer loop
      vertex   2.629405e+01 3.985554e+00 1.310714e+01
      vertex   2.629405e+01 3.985554e+00 1.917857e+01
      vertex   2.658527e+01 3.942356e+00 1.310714e+01
    endloop
  endfacet
  facet normal 1.467305e-01 9.891765e-01 -8.585975e-17
    outer loop
      vertex   2.658527e+01 3.942356e+00 1.310714e+01
      vertex   2.629405e+01 3.985554e+00 1.917857e+01
      vertex   2.658527e+01 3.942356e+00 1.917857e+01
    endloop
  endfacet
  facet normal 2.429802e-01 9.700313e-01 -1.421805e-16
    outer loop
      vertex   2.658527e+01 3.942356e+00 1.310714e+01
      vertex   2.658527e+01 3.942356e+00 1.917857e+01
      vertex   2.687085e+01 3.870821e+00 1.310714e+01
    endloop
  endfacet
  facet normal 2.429802e-01 9.700313e-01 -1.421805e-16
    outer loop
      vertex   2.687085e+01 3.870821e+00 1.310714e+01
      vertex   2.658527e+01 3.942356e+00 1.917857e+01
      vertex   2.687085e+01 3.870821e+00 1.917857e+01
    endloop
  endfacet
  facet normal 3.368899e-01 9.415441e-01 -1.971321e-16
    outer loop
      vertex   2.687085e+01 3.870821e+00 1.310714e+01
      vertex   2.687085e+01 3.870821e+00 1.917857e+01
      vertex   2.714805e+01 3.771639e+00 1.310714e+01
    endloop
  endfacet
  facet normal 3.368899e-01 9.415441e-01 -1.971321e-16
    outer loop
      vertex   2.714805e+01 3.771639e+00 1.310714e+01
      vertex   2.687085e+01 3.870821e+00 1.917857e+01
      vertex   2.714805e+01 3.771639e+00 1.917857e+01
    endloop
  endfacet
  facet normal 4.275551e-01 9.039893e-01 -2.501851e-16
    outer loop
      vertex   2.714805e+01 3.771639e+00 1.310714e+01
      vertex   2.714805e+01 3.771639e+00 1.917857e+01
      vertex   2.741419e+01 3.645764e+00 1.310714e+01
    endloop
  endfacet
  facet normal 4.275551e-01 9.039893e-01 -2.501851e-16
    outer loop
      vertex   2.741419e+01 3.645764e+00 1.310714e+01
      vertex   2.714805e+01 3.771639e+00 1.917857e+01
      vertex   2.741419e+01 3.645764e+00 1.917857e+01
    endloop
  endfacet
  facet normal 5.141027e-01 8.577286e-01 -3.008287e-16
    outer loop
      vertex   2.741419e+01 3.645764e+00 1.310714e+01
      vertex   2.741419e+01 3.645764e+00 1.917857e+01
      vertex   2.766671e+01 3.494409e+00 1.310714e+01
    endloop
  endfacet
  facet normal 5.141027e-01 8.577286e-01 -6.016574e-16
    outer loop
      vertex   2.766671e+01 3.494409e+00 1.310714e+01
      vertex   2.741419e+01 3.645764e+00 1.917857e+01
      vertex   2.766671e+01 3.494409e+00 1.917857e+01
    endloop
  endfacet
  facet normal 5.956993e-01 8.032075e-01 -6.971503e-16
    outer loop
      vertex   2.766671e+01 3.494409e+00 1.310714e+01
      vertex   2.766671e+01 3.494409e+00 1.917857e+01
      vertex   2.790318e+01 3.319031e+00 1.310714e+01
    endloop
  endfacet
  facet normal 5.956993e-01 8.032075e-01 -3.485751e-16
    outer loop
      vertex   2.790318e+01 3.319031e+00 1.310714e+01
      vertex   2.766671e+01 3.494409e+00 1.917857e+01
      vertex   2.790318e+01 3.319031e+00 1.917857e+01
    endloop
  endfacet
  facet normal 6.715590e-01 7.409511e-01 -3.929646e-16
    outer loop
      vertex   2.790318e+01 3.319031e+00 1.310714e+01
      vertex   2.790318e+01 3.319031e+00 1.917857e+01
      vertex   2.812132e+01 3.121320e+00 1.310714e+01
    endloop
  endfacet
  facet normal 6.715590e-01 7.409511e-01 -3.929646e-16
    outer loop
      vertex   2.812132e+01 3.121320e+00 1.310714e+01
      vertex   2.790318e+01 3.319031e+00 1.917857e+01
      vertex   2.812132e+01 3.121320e+00 1.917857e+01
    endloop
  endfacet
  facet normal 7.409511e-01 6.715590e-01 -4.335697e-16
    outer loop
      vertex   2.812132e+01 3.121320e+00 1.310714e+01
      vertex   2.812132e+01 3.121320e+00 1.917857e+01
      vertex   2.831903e+01 2.903180e+00 1.310714e+01
    endloop
  endfacet
  facet normal 7.409511e-01 6.715590e-01 -4.826902e-16
    outer loop
      vertex   2.831903e+01 2.903180e+00 1.310714e+01
      vertex   2.812132e+01 3.121320e+00 1.917857e+01
      vertex   2.831903e+01 2.903180e+00 1.917857e+01
    endloop
  endfacet
  facet normal 8.032075e-01 5.956993e-01 -5.135711e-16
    outer loop
      vertex   2.831903e+01 2.903180e+00 1.310714e+01
      vertex   2.831903e+01 2.903180e+00 1.917857e+01
      vertex   2.849441e+01 2.666711e+00 1.310714e+01
    endloop
  endfacet
  facet normal 8.032075e-01 5.956993e-01 -4.699992e-16
    outer loop
      vertex   2.849441e+01 2.666711e+00 1.310714e+01
      vertex   2.831903e+01 2.903180e+00 1.917857e+01
      vertex   2.849441e+01 2.666711e+00 1.917857e+01
    endloop
  endfacet
  facet normal 8.577286e-01 5.141027e-01 -5.019023e-16
    outer loop
      vertex   2.849441e+01 2.666711e+00 1.310714e+01
      vertex   2.849441e+01 2.666711e+00 1.917857e+01
      vertex   2.864576e+01 2.414190e+00 1.310714e+01
    endloop
  endfacet
  facet normal 8.577286e-01 5.141027e-01 -5.019023e-16
    outer loop
      vertex   2.864576e+01 2.414190e+00 1.310714e+01
      vertex   2.849441e+01 2.666711e+00 1.917857e+01
      vertex   2.864576e+01 2.414190e+00 1.917857e+01
    endloop
  endfacet
  facet normal 9.039893e-01 4.275551e-01 -5.289719e-16
    outer loop
      vertex   2.864576e+01 2.414190e+00 1.310714e+01
      vertex   2.864576e+01 2.414190e+00 1.917857e+01
      vertex   2.877164e+01 2.148050e+00 1.310714e+01
    endloop
  endfacet
  facet normal 1.467305e-01 9.891765e-01 0.000000e+00
    outer loop
      vertex   2.629405e+01 3.985554e+00 1.310714e+01
      vertex   2.658527e+01 3.942356e+00 1.310714e+01
      vertex   2.658527e+01 3.942356e+00 7.035714e+00
    endloop
  endfacet
  facet normal 2.429802e-01 9.700313e-01 -0.000000e+00
    outer loop
      vertex   2.658527e+01 3.942356e+00 7.035714e+00
      vertex   2.658527e+01 3.942356e+00 1.310714e+01
      vertex   2.687085e+01 3.870821e+00 7.035714e+00
    endloop
  endfacet
  facet normal 2.429802e-01 9.700313e-01 0.000000e+00
    outer loop
      vertex   2.658527e+01 3.942356e+00 7.035714e+00
      vertex   2.687085e+01 3.870821e+00 7.035714e+00
      vertex   2.687085e+01 3.870821e+00 9.642857e-01
    endloop
  endfacet
  facet normal 3.368899e-01 9.415441e-01 -0.000000e+00
    outer loop
      vertex   2.687085e+01 3.870821e+00 9.642857e-01
      vertex   2.687085e+01 3.870821e+00 7.035714e+00
      vertex   2.714805e+01 3.771639e+00 9.642857e-01
    endloop
  endfacet
  facet normal 3.368899e-01 9.415441e-01 2.057446e-16
    outer loop
      vertex   2.687085e+01 3.870821e+00 9.642857e-01
      vertex   2.714805e+01 3.771639e+00 9.642857e-01
      vertex   2.714805e+01 3.771639e+00 -5.107143e+00
    endloop
  endfacet
  facet normal 4.275551e-01 9.039893e-01 1.983645e-16
    outer loop
      vertex   2.714805e+01 3.771639e+00 -5.107143e+00
      vertex   2.714805e+01 3.771639e+00 9.642857e-01
      vertex   2.741419e+01 3.645764e+00 -5.107143e+00
    endloop
  endfacet
  facet normal 4.275551e-01 9.039893e-01 -2.523283e-16
    outer loop
      vertex   2.714805e+01 3.771639e+00 -5.107143e+00
      vertex   2.741419e+01 3.645764e+00 -5.107143e+00
      vertex   2.741419e+01 3.645764e+00 -1.117857e+01
    endloop
  endfacet
  facet normal 5.141027e-01 8.577286e-01 -3.008287e-16
    outer loop
      vertex   2.741419e+01 3.645764e+00 -1.117857e+01
      vertex   2.741419e+01 3.645764e+00 -5.107143e+00
      vertex   2.766671e+01 3.494409e+00 -1.117857e+01
    endloop
  endfacet
  facet normal 2.429802e-01 9.700313e-01 -0.000000e+00
    outer loop
      vertex   2.687085e+01 3.870821e+00 7.035714e+00
      vertex   2.658527e+01 3.942356e+00 1.310714e+01
      vertex   2.687085e+01 3.870821e+00 1.310714e+01
    endloop
  endfacet
  facet normal 3.368899e-01 9.415441e-01 -0.000000e+00
    outer loop
      vertex   2.687085e+01 3.870821e+00 7.035714e+00
      vertex   2.687085e+01 3.870821e+00 1.310714e+01
      vertex   2.714805e+01 3.771639e+00 7.035714e+00
    endloop
  endfacet
  facet normal 3.368899e-01 9.415441e-01 -1.971321e-16
    outer loop
      vertex   2.714805e+01 3.771639e+00 7.035714e+00
      vertex   2.687085e+01 3.870821e+00 1.310714e+01
      vertex   2.714805e+01 3.771639e+00 1.310714e+01
    endloop
  endfacet
  facet normal 4.275551e-01 9.039893e-01 -2.501851e-16
    outer loop
      vertex   2.714805e+01 3.771639e+00 7.035714e+00
      vertex   2.714805e+01 3.771639e+00 1.310714e+01
      vertex   2.741419e+01 3.645764e+00 7.035714e+00
    endloop
  endfacet
  facet normal 4.275551e-01 9.039893e-01 -0.000000e+00
    outer loop
      vertex   2.741419e+01 3.645764e+00 7.035714e+00
      vertex   2.714805e+01 3.771639e+00 1.310714e+01
      vertex   2.741419e+01 3.645764e+00 1.310714e+01
    endloop
  endfacet
  facet normal 5.141027e-01 8.577286e-01 -0.000000e+00
    outer loop
      vertex   2.741419e+01 3.645764e+00 7.035714e+00
      vertex   2.741419e+01 3.645764e+00 1.310714e+01
      vertex   2.766671e+01 3.494409e+00 7.035714e+00
    endloop
  endfacet
  facet normal 5.141027e-01 8.577286e-01 -0.000000e+00
    outer loop
      vertex   2.766671e+01 3.494409e+00 7.035714e+00
      vertex   2.741419e+01 3.645764e+00 1.310714e+01
      vertex   2.766671e+01 3.494409e+00 1.310714e+01
    endloop
  endfacet
  facet normal 5.956993e-01 8.032075e-01 -0.000000e+00
    outer loop
      vertex   2.766671e+01 3.494409e+00 7.035714e+00
      vertex   2.766671e+01 3.494409e+00 1.310714e+01
      vertex   2.790318e+01 3.319031e+00 7.035714e+00
    endloop
  endfacet
  facet normal 5.956993e-01 8.032075e-01 -0.000000e+00
    outer loop
      vertex   2.790318e+01 3.319031e+00 7.035714e+00
      vertex   2.766671e+01 3.494409e+00 1.310714e+01
      vertex   2.790318e+01 3.319031e+00 1.310714e+01
    endloop
  endfacet
  facet normal 6.715590e-01 7.409511e-01 -0.000000e+00
    outer loop
      vertex   2.790318e+01 3.319031e+00 7.035714e+00
      vertex   2.790318e+01 3.319031e+00 1.310714e+01
      vertex   2.812132e+01 3.121320e+00 7.035714e+00
    endloop
  endfacet
  facet normal 6.715590e-01 7.409511e-01 -0.000000e+00
    outer loop
      vertex   2.812132e+01 3.121320e+00 7.035714e+00
      vertex   2.790318e+01 3.319031e+00 1.310714e+01
      vertex   2.812132e+01 3.121320e+00 1.310714e+01
    endloop
  endfacet
  facet normal 7.409511e-01 6.715590e-01 -0.000000e+00
    outer loop
      vertex   2.812132e+01 3.121320e+00 7.035714e+00
      vertex   2.812132e+01 3.121320e+00 1.310714e+01
      vertex   2.831903e+01 2.903180e+00 7.035714e+00
    endloop
  endfacet
  facet normal 7.409511e-01 6.715590e-01 -0.000000e+00
    outer loop
      vertex   2.831903e+01 2.903180e+00 7.035714e+00
      vertex   2.812132e+01 3.121320e+00 1.310714e+01
      vertex   2.831903e+01 2.903180e+00 1.310714e+01
    endloop
  endfacet
  facet normal 8.032075e-01 5.956993e-01 -0.000000e+00
    outer loop
      vertex   2.831903e+01 2.903180e+00 7.035714e+00
      vertex   2.831903e+01 2.903180e+00 1.310714e+01
      vertex   2.849441e+01 2.666711e+00 7.035714e+00
    endloop
  endfacet
  facet normal 8.032075e-01 5.956993e-01 -4.357189e-17
    outer loop
      vertex   2.849441e+01 2.666711e+00 7.035714e+00
      vertex   2.831903e+01 2.903180e+00 1.310714e+01
      vertex   2.849441e+01 2.666711e+00 1.310714e+01
    endloop
  endfacet
  facet normal 8.577286e-01 5.141027e-01 -3.760359e-17
    outer loop
      vertex   2.849441e+01 2.666711e+00 7.035714e+00
      vertex   2.849441e+01 2.666711e+00 1.310714e+01
      vertex   2.864576e+01 2.414190e+00 7.035714e+00
    endloop
  endfacet
  facet normal 8.577286e-01 5.141027e-01 -3.760359e-17
    outer loop
      vertex   2.864576e+01 2.414190e+00 7.035714e+00
      vertex   2.849441e+01 2.666711e+00 1.310714e+01
      vertex   2.864576e+01 2.414190e+00 1.310714e+01
    endloop
  endfacet
  facet normal 9.039893e-01 4.275551e-01 -3.127313e-17
    outer loop
      vertex   2.864576e+01 2.414190e+00 7.035714e+00
      vertex   2.864576e+01 2.414190e+00 1.310714e+01
      vertex   2.877164e+01 2.148050e+00 7.035714e+00
    endloop
  endfacet
  facet normal 9.039893e-01 4.275551e-01 -6.254627e-17
    outer loop
      vertex   2.877164e+01 2.148050e+00 7.035714e+00
      vertex   2.864576e+01 2.414190e+00 1.310714e+01
      vertex   2.877164e+01 2.148050e+00 1.310714e+01
    endloop
  endfacet
  facet normal 9.415441e-01 3.368899e-01 -4.928301e-17
    outer loop
      vertex   2.877164e+01 2.148050e+00 7.035714e+00
      vertex   2.877164e+01 2.148050e+00 1.310714e+01
      vertex   2.887082e+01 1.870854e+00 7.035714e+00
    endloop
  endfacet
  facet normal 3.368899e-01 9.415441e-01 0.000000e+00
    outer loop
      vertex   2.687085e+01 3.870821e+00 7.035714e+00
      vertex   2.714805e+01 3.771639e+00 7.035714e+00
      vertex   2.714805e+01 3.771639e+00 9.642857e-01
    endloop
  endfacet
  facet normal 4.275551e-01 9.039893e-01 -0.000000e+00
    outer loop
      vertex   2.714805e+01 3.771639e+00 9.642857e-01
      vertex   2.714805e+01 3.771639e+00 7.035714e+00
      vertex   2.741419e+01 3.645764e+00 9.642857e-01
    endloop
  endfacet
  facet normal 4.275551e-01 9.039893e-01 1.358691e-16
    outer loop
      vertex   2.714805e+01 3.771639e+00 9.642857e-01
      vertex   2.741419e+01 3.645764e+00 9.642857e-01
      vertex   2.741419e+01 3.645764e+00 -5.107143e+00
    endloop
  endfacet
  facet normal 5.141027e-01 8.577286e-01 1.254756e-16
    outer loop
      vertex   2.741419e+01 3.645764e+00 -5.107143e+00
      vertex   2.741419e+01 3.645764e+00 9.642857e-01
      vertex   2.766671e+01 3.494409e+00 -5.107143e+00
    endloop
  endfacet
  facet normal 5.141027e-01 8.577286e-01 6.211159e-17
    outer loop
      vertex   2.741419e+01 3.645764e+00 -5.107143e+00
      vertex   2.766671e+01 3.494409e+00 -5.107143e+00
      vertex   2.766671e+01 3.494409e+00 -1.117857e+01
    endloop
  endfacet
  facet normal 5.956993e-01 8.032075e-01 5.874990e-17
    outer loop
      vertex   2.766671e+01 3.494409e+00 -1.117857e+01
      vertex   2.766671e+01 3.494409e+00 -5.107143e+00
      vertex   2.790318e+01 3.319031e+00 -1.117857e+01
    endloop
  endfacet
  facet normal 4.275551e-01 9.039893e-01 -0.000000e+00
    outer loop
      vertex   2.741419e+01 3.645764e+00 9.642857e-01
      vertex   2.714805e+01 3.771639e+00 7.035714e+00
      vertex   2.741419e+01 3.645764e+00 7.035714e+00
    endloop
  endfacet
  facet normal 5.141027e-01 8.577286e-01 -0.000000e+00
    outer loop
      vertex   2.741419e+01 3.645764e+00 9.642857e-01
      vertex   2.741419e+01 3.645764e+00 7.035714e+00
      vertex   2.766671e+01 3.494409e+00 9.642857e-01
    endloop
  endfacet
  facet normal 5.141027e-01 8.577286e-01 -0.000000e+00
    outer loop
      vertex   2.766671e+01 3.494409e+00 9.642857e-01
      vertex   2.741419e+01 3.645764e+00 7.035714e+00
      vertex   2.766671e+01 3.494409e+00 7.035714e+00
    endloop
  endfacet
  facet normal 5.956993e-01 8.032075e-01 -0.000000e+00
    outer loop
      vertex   2.766671e+01 3.494409e+00 9.642857e-01
      vertex   2.766671e+01 3.494409e+00 7.035714e+00
      vertex   2.790318e+01 3.319031e+00 9.642857e-01
    endloop
  endfacet
  facet normal 5.956993e-01 8.032075e-01 -0.000000e+00
    outer loop
      vertex   2.790318e+01 3.319031e+00 9.642857e-01
      vertex   2.766671e+01 3.494409e+00 7.035714e+00
      vertex   2.790318e+01 3.319031e+00 7.035714e+00
    endloop
  endfacet
  facet normal 6.715590e-01 7.409511e-01 -0.000000e+00
    outer loop
      vertex   2.790318e+01 3.319031e+00 9.642857e-01
      vertex   2.790318e+01 3.319031e+00 7.035714e+00
      vertex   2.812132e+01 3.121320e+00 9.642857e-01
    endloop
  endfacet
  facet normal 6.715590e-01 7.409511e-01 -0.000000e+00
    outer loop
      vertex   2.812132e+01 3.121320e+00 9.642857e-01
      vertex   2.790318e+01 3.319031e+00 7.035714e+00
      vertex   2.812132e+01 3.121320e+00 7.035714e+00
    endloop
  endfacet
  facet normal 7.409511e-01 6.715590e-01 -0.000000e+00
    outer loop
      vertex   2.812132e+01 3.121320e+00 9.642857e-01
      vertex   2.812132e+01 3.121320e+00 7.035714e+00
      vertex   2.831903e+01 2.903180e+00 9.642857e-01
    endloop
  endfacet
  facet normal 7.409511e-01 6.715590e-01 -0.000000e+00
    outer loop
      vertex   2.831903e+01 2.903180e+00 9.642857e-01
      vertex   2.812132e+01 3.121320e+00 7.035714e+00
      vertex   2.831903e+01 2.903180e+00 7.035714e+00
    endloop
  endfacet
  facet normal 8.032075e-01 5.956993e-01 -0.000000e+00
    outer loop
      vertex   2.831903e+01 2.903180e+00 9.642857e-01
      vertex   2.831903e+01 2.903180e+00 7.035714e+00
      vertex   2.849441e+01 2.666711e+00 9.642857e-01
    endloop
  endfacet
  facet normal 8.032075e-01 5.956993e-01 -4.357189e-17
    outer loop
      vertex   2.849441e+01 2.666711e+00 9.642857e-01
      vertex   2.831903e+01 2.903180e+00 7.035714e+00
      vertex   2.849441e+01 2.666711e+00 7.035714e+00
    endloop
  endfacet
  facet normal 8.577286e-01 5.141027e-01 -3.760359e-17
    outer loop
      vertex   2.849441e+01 2.666711e+00 9.642857e-01
      vertex   2.849441e+01 2.666711e+00 7.035714e+00
      vertex   2.864576e+01 2.414190e+00 9.642857e-01
    endloop
  endfacet
  facet normal 8.577286e-01 5.141027e-01 -3.760359e-17
    outer loop
      vertex   2.864576e+01 2.414190e+00 9.642857e-01
      vertex   2.849441e+01 2.666711e+00 7.035714e+00
      vertex   2.864576e+01 2.414190e+00 7.035714e+00
    endloop
  endfacet
  facet normal 9.039893e-01 4.275551e-01 -3.127313e-17
    outer loop
      vertex   2.864576e+01 2.414190e+00 9.642857e-01
      vertex   2.864576e+01 2.414190e+00 7.035714e+00
      vertex   2.877164e+01 2.148050e+00 9.642857e-01
    endloop
  endfacet
  facet normal 9.039893e-01 4.275551e-01 -0.000000e+00
    outer loop
      vertex   2.877164e+01 2.148050e+00 9.642857e-01
      vertex   2.864576e+01 2.414190e+00 7.035714e+00
      vertex   2.877164e+01 2.148050e+00 7.035714e+00
    endloop
  endfacet
  facet normal 9.415441e-01 3.368899e-01 -0.000000e+00
    outer loop
      vertex   2.877164e+01 2.148050e+00 9.642857e-01
      vertex   2.877164e+01 2.148050e+00 7.035714e+00
      vertex   2.887082e+01 1.870854e+00 9.642857e-01
    endloop
  endfacet
  facet normal 9.415441e-01 3.368899e-01 -3.696226e-17
    outer loop
      vertex   2.887082e+01 1.870854e+00 9.642857e-01
      vertex   2.877164e+01 2.148050e+00 7.035714e+00
      vertex   2.887082e+01 1.870854e+00 7.035714e+00
    endloop
  endfacet
  facet normal 9.700313e-01 2.429802e-01 -2.665885e-17
    outer loop
      vertex   2.887082e+01 1.870854e+00 9.642857e-01
      vertex   2.887082e+01 1.870854e+00 7.035714e+00
      vertex   2.894236e+01 1.585271e+00 9.642857e-01
    endloop
  endfacet
  facet normal 5.141027e-01 8.577286e-01 6.211159e-17
    outer loop
      vertex   2.741419e+01 3.645764e+00 9.642857e-01
      vertex   2.766671e+01 3.494409e+00 9.642857e-01
      vertex   2.766671e+01 3.494409e+00 -5.107143e+00
    endloop
  endfacet
  facet normal 5.956993e-01 8.032075e-01 5.874990e-17
    outer loop
      vertex   2.766671e+01 3.494409e+00 -5.107143e+00
      vertex   2.766671e+01 3.494409e+00 9.642857e-01
      vertex   2.790318e+01 3.319031e+00 -5.107143e+00
    endloop
  endfacet
  facet normal 5.956993e-01 8.032075e-01 -5.822961e-17
    outer loop
      vertex   2.766671e+01 3.494409e+00 -5.107143e+00
      vertex   2.790318e+01 3.319031e+00 -5.107143e+00
      vertex   2.790318e+01 3.319031e+00 -1.117857e+01
    endloop
  endfacet
  facet normal 6.715590e-01 7.409511e-01 -5.419621e-17
    outer loop
      vertex   2.790318e+01 3.319031e+00 -1.117857e+01
      vertex   2.790318e+01 3.319031e+00 -5.107143e+00
      vertex   2.812132e+01 3.121320e+00 -1.117857e+01
    endloop
  endfacet
  facet normal 5.956993e-01 8.032075e-01 -0.000000e+00
    outer loop
      vertex   2.790318e+01 3.319031e+00 -5.107143e+00
      vertex   2.766671e+01 3.494409e+00 9.642857e-01
      vertex   2.790318e+01 3.319031e+00 9.642857e-01
    endloop
  endfacet
  facet normal 6.715590e-01 7.409511e-01 -0.000000e+00
    outer loop
      vertex   2.790318e+01 3.319031e+00 -5.107143e+00
      vertex   2.790318e+01 3.319031e+00 9.642857e-01
      vertex   2.812132e+01 3.121320e+00 -5.107143e+00
    endloop
  endfacet
  facet normal 6.715590e-01 7.409511e-01 -0.000000e+00
    outer loop
      vertex   2.812132e+01 3.121320e+00 -5.107143e+00
      vertex   2.790318e+01 3.319031e+00 9.642857e-01
      vertex   2.812132e+01 3.121320e+00 9.642857e-01
    endloop
  endfacet
  facet normal 7.409511e-01 6.715590e-01 -0.000000e+00
    outer loop
      vertex   2.812132e+01 3.121320e+00 -5.107143e+00
      vertex   2.812132e+01 3.121320e+00 9.642857e-01
      vertex   2.831903e+01 2.903180e+00 -5.107143e+00
    endloop
  endfacet
  facet normal 7.409511e-01 6.715590e-01 -4.912058e-17
    outer loop
      vertex   2.831903e+01 2.903180e+00 -5.107143e+00
      vertex   2.812132e+01 3.121320e+00 9.642857e-01
      vertex   2.831903e+01 2.903180e+00 9.642857e-01
    endloop
  endfacet
  facet normal 8.032075e-01 5.956993e-01 -4.357189e-17
    outer loop
      vertex   2.831903e+01 2.903180e+00 -5.107143e+00
      vertex   2.831903e+01 2.903180e+00 9.642857e-01
      vertex   2.849441e+01 2.666711e+00 -5.107143e+00
    endloop
  endfacet
  facet normal 8.032075e-01 5.956993e-01 -0.000000e+00
    outer loop
      vertex   2.849441e+01 2.666711e+00 -5.107143e+00
      vertex   2.831903e+01 2.903180e+00 9.642857e-01
      vertex   2.849441e+01 2.666711e+00 9.642857e-01
    endloop
  endfacet
  facet normal 8.577286e-01 5.141027e-01 -0.000000e+00
    outer loop
      vertex   2.849441e+01 2.666711e+00 -5.107143e+00
      vertex   2.849441e+01 2.666711e+00 9.642857e-01
      vertex   2.864576e+01 2.414190e+00 -5.107143e+00
    endloop
  endfacet
  facet normal 8.577286e-01 5.141027e-01 -0.000000e+00
    outer loop
      vertex   2.864576e+01 2.414190e+00 -5.107143e+00
      vertex   2.849441e+01 2.666711e+00 9.642857e-01
      vertex   2.864576e+01 2.414190e+00 9.642857e-01
    endloop
  endfacet
  facet normal 9.039893e-01 4.275551e-01 -0.000000e+00
    outer loop
      vertex   2.864576e+01 2.414190e+00 -5.107143e+00
      vertex   2.864576e+01 2.414190e+00 9.642857e-01
      vertex   2.877164e+01 2.148050e+00 -5.107143e+00
    endloop
  endfacet
  facet normal 9.039893e-01 4.275551e-01 -6.254627e-17
    outer loop
      vertex   2.877164e+01 2.148050e+00 -5.107143e+00
      vertex   2.864576e+01 2.414190e+00 9.642857e-01
      vertex   2.877164e+01 2.148050e+00 9.642857e-01
    endloop
  endfacet
  facet normal 9.415441e-01 3.368899e-01 -4.928301e-17
    outer loop
      vertex   2.877164e+01 2.148050e+00 -5.107143e+00
      vertex   2.877164e+01 2.148050e+00 9.642857e-01
      vertex   2.887082e+01 1.870854e+00 -5.107143e+00
    endloop
  endfacet
  facet normal 9.415441e-01 3.368899e-01 -0.000000e+00
    outer loop
      vertex   2.887082e+01 1.870854e+00 -5.107143e+00
      vertex   2.877164e+01 2.148050e+00 9.642857e-01
      vertex   2.887082e+01 1.870854e+00 9.642857e-01
    endloop
  endfacet
  facet normal 9.700313e-01 2.429802e-01 -0.000000e+00
    outer loop
      vertex   2.887082e+01 1.870854e+00 -5.107143e+00
      vertex   2.887082e+01 1.870854e+00 9.642857e-01
      vertex   2.894236e+01 1.585271e+00 -5.107143e+00
    endloop
  endfacet
  facet normal 9.700313e-01 2.429802e-01 -1.777257e-17
    outer loop
      vertex   2.894236e+01 1.585271e+00 -5.107143e+00
      vertex   2.887082e+01 1.870854e+00 9.642857e-01
      vertex   2.894236e+01 1.585271e+00 9.642857e-01
    endloop
  endfacet
  facet normal 9.891765e-01 1.467305e-01 -1.073247e-17
    outer loop
      vertex   2.894236e+01 1.585271e+00 -5.107143e+00
      vertex   2.894236e+01 1.585271e+00 9.642857e-01
      vertex   2.898555e+01 1.294051e+00 -5.107143e+00
    endloop
  endfacet
  facet normal 7.409511e-01 6.715590e-01 0.000000e+00
    outer loop
      vertex   2.831903e+01 2.903180e+00 -1.117857e+01
      vertex   2.812132e+01 3.121320e+00 -1.117857e+01
      vertex   2.812132e+01 3.121320e+00 -5.107143e+00
    endloop
  endfacet
  facet normal 6.715590e-01 7.409511e-01 0.000000e+00
    outer loop
      vertex   2.812132e+01 3.121320e+00 -5.107143e+00
      vertex   2.812132e+01 3.121320e+00 -1.117857e+01
      vertex   2.790318e+01 3.319031e+00 -5.107143e+00
    endloop
  endfacet
  facet normal 7.409511e-01 6.715590e-01 -0.000000e+00
    outer loop
      vertex   2.831903e+01 2.903180e+00 -1.117857e+01
      vertex   2.812132e+01 3.121320e+00 -5.107143e+00
      vertex   2.831903e+01 2.903180e+00 -5.107143e+00
    endloop
  endfacet
  facet normal 8.032075e-01 5.956993e-01 0.000000e+00
    outer loop
      vertex   2.849441e+01 2.666711e+00 -1.117857e+01
      vertex   2.831903e+01 2.903180e+00 -1.117857e+01
      vertex   2.831903e+01 2.903180e+00 -5.107143e+00
    endloop
  endfacet
  facet normal 8.032075e-01 5.956993e-01 -0.000000e+00
    outer loop
      vertex   2.849441e+01 2.666711e+00 -1.117857e+01
      vertex   2.831903e+01 2.903180e+00 -5.107143e+00
      vertex   2.849441e+01 2.666711e+00 -5.107143e+00
    endloop
  endfacet
  facet normal 8.577286e-01 5.141027e-01 0.000000e+00
    outer loop
      vertex   2.864576e+01 2.414190e+00 -1.117857e+01
      vertex   2.849441e+01 2.666711e+00 -1.117857e+01
      vertex   2.849441e+01 2.666711e+00 -5.107143e+00
    endloop
  endfacet
  facet normal 8.577286e-01 5.141027e-01 -3.760359e-17
    outer loop
      vertex   2.864576e+01 2.414190e+00 -1.117857e+01
      vertex   2.849441e+01 2.666711e+00 -5.107143e+00
      vertex   2.864576e+01 2.414190e+00 -5.107143e+00
    endloop
  endfacet
  facet normal 9.039893e-01 4.275551e-01 -3.105579e-17
    outer loop
      vertex   2.877164e+01 2.148050e+00 -1.117857e+01
      vertex   2.864576e+01 2.414190e+00 -1.117857e+01
      vertex   2.864576e+01 2.414190e+00 -5.107143e+00
    endloop
  endfacet
  facet normal 9.039893e-01 4.275551e-01 4.976988e-16
    outer loop
      vertex   2.877164e+01 2.148050e+00 -1.117857e+01
      vertex   2.864576e+01 2.414190e+00 -5.107143e+00
      vertex   2.877164e+01 2.148050e+00 -5.107143e+00
    endloop
  endfacet
  facet normal 9.415441e-01 3.368899e-01 5.260075e-16
    outer loop
      vertex   2.887082e+01 1.870854e+00 -1.117857e+01
      vertex   2.877164e+01 2.148050e+00 -1.117857e+01
      vertex   2.877164e+01 2.148050e+00 -5.107143e+00
    endloop
  endfacet
  facet normal 9.415441e-01 3.368899e-01 -3.696226e-17
    outer loop
      vertex   2.887082e+01 1.870854e+00 -1.117857e+01
      vertex   2.877164e+01 2.148050e+00 -5.107143e+00
      vertex   2.887082e+01 1.870854e+00 -5.107143e+00
    endloop
  endfacet
  facet normal 9.415441e-01 3.368899e-01 -5.628862e-16
    outer loop
      vertex   2.877164e+01 2.148050e+00 1.917857e+01
      vertex   2.887082e+01 1.870854e+00 1.917857e+01
      vertex   2.887082e+01 1.870854e+00 1.310714e+01
    endloop
  endfacet
  facet normal 9.700313e-01 2.429802e-01 -5.765028e-16
    outer loop
      vertex   2.887082e+01 1.870854e+00 1.310714e+01
      vertex   2.887082e+01 1.870854e+00 1.917857e+01
      vertex   2.894236e+01 1.585271e+00 1.310714e+01
    endloop
  endfacet
  facet normal 9.700313e-01 2.429802e-01 -1.746888e-17
    outer loop
      vertex   2.887082e+01 1.870854e+00 1.310714e+01
      vertex   2.894236e+01 1.585271e+00 1.310714e+01
      vertex   2.894236e+01 1.585271e+00 7.035714e+00
    endloop
  endfacet
  facet normal 9.891765e-01 1.467305e-01 -1.073247e-17
    outer loop
      vertex   2.894236e+01 1.585271e+00 7.035714e+00
      vertex   2.894236e+01 1.585271e+00 1.310714e+01
      vertex   2.898555e+01 1.294051e+00 7.035714e+00
    endloop
  endfacet
  facet normal 9.891765e-01 1.467305e-01 -4.852468e-18
    outer loop
      vertex   2.894236e+01 1.585271e+00 7.035714e+00
      vertex   2.898555e+01 1.294051e+00 7.035714e+00
      vertex   2.898555e+01 1.294051e+00 9.642857e-01
    endloop
  endfacet
  facet normal 9.987955e-01 4.906767e-02 -1.794506e-18
    outer loop
      vertex   2.898555e+01 1.294051e+00 9.642857e-01
      vertex   2.898555e+01 1.294051e+00 7.035714e+00
      vertex   2.900000e+01 1.000000e+00 -1.725000e+01
    endloop
  endfacet
  facet normal 9.700313e-01 2.429802e-01 -2.717382e-17
    outer loop
      vertex   2.894236e+01 1.585271e+00 -1.117857e+01
      vertex   2.887082e+01 1.870854e+00 -1.117857e+01
      vertex   2.887082e+01 1.870854e+00 -5.107143e+00
    endloop
  endfacet
  facet normal 9.700313e-01 2.429802e-01 -1.777257e-17
    outer loop
      vertex   2.894236e+01 1.585271e+00 -1.117857e+01
      vertex   2.887082e+01 1.870854e+00 -5.107143e+00
      vertex   2.894236e+01 1.585271e+00 -5.107143e+00
    endloop
  endfacet
  facet normal 9.891765e-01 1.467305e-01 -1.067543e-17
    outer loop
      vertex   2.898555e+01 1.294051e+00 -1.117857e+01
      vertex   2.894236e+01 1.585271e+00 -1.117857e+01
      vertex   2.894236e+01 1.585271e+00 -5.107143e+00
    endloop
  endfacet
  facet normal 9.891765e-01 1.467305e-01 -5.366235e-18
    outer loop
      vertex   2.898555e+01 1.294051e+00 -1.117857e+01
      vertex   2.894236e+01 1.585271e+00 -5.107143e+00
      vertex   2.898555e+01 1.294051e+00 -5.107143e+00
    endloop
  endfacet
  facet normal 9.972905e-01 7.356456e-02 -5.862441e-16
    outer loop
      vertex   2.899639e+01 1.147203e+00 2.524639e+01
      vertex   2.898555e+01 1.294051e+00 1.310714e+01
      vertex   2.898555e+01 1.294051e+00 1.917857e+01
    endloop
  endfacet
  facet normal 9.891765e-01 1.467305e-01 -5.841857e-16
    outer loop
      vertex   2.898555e+01 1.294051e+00 1.917857e+01
      vertex   2.898555e+01 1.294051e+00 1.310714e+01
      vertex   2.894236e+01 1.585271e+00 1.917857e+01
    endloop
  endfacet
  facet normal 0.000000e+00 0.000000e+00 -1.000000e+00
    outer loop
      vertex   2.100000e+01 -9.000000e+00 -2.225000e+01
      vertex   -2.100000e+01 -9.000000e+00 -2.225000e+01
      vertex   2.100000e+01 0.000000e+00 -2.225000e+01
    endloop
  endfacet
  facet normal -0.000000e+00 0.000000e+00 -1.000000e+00
    outer loop
      vertex   2.100000e+01 0.000000e+00 -2.225000e+01
      vertex   -2.100000e+01 -9.000000e+00 -2.225000e+01
      vertex   -2.100000e+01 0.000000e+00 -2.225000e+01
    endloop
  endfacet
  facet normal 9.992290e-01 0.000000e+00 -3.925982e-02
    outer loop
      vertex   2.600000e+01 0.000000e+00 -1.725000e+01
      vertex   2.600000e+01 -9.000000e+00 -1.725000e+01
      vertex   2.598459e+01 0.000000e+00 -1.764230e+01
    endloop
  endfacet
  facet normal 9.992290e-01 0.000000e+00 -3.925982e-02
    outer loop
      vertex   2.598459e+01 0.000000e+00 -1.764230e+01
      vertex   2.600000e+01 -9.000000e+00 -1.725000e+01
      vertex   2.598459e+01 -9.000000e+00 -1.764230e+01
    endloop
  endfacet
  facet normal 9.930685e-01 0.000000e+00 -1.175374e-01
    outer loop
      vertex   2.598459e+01 0.000000e+00 -1.764230e+01
      vertex   2.598459e+01 -9.000000e+00 -1.764230e+01
      vertex   2.593844e+01 0.000000e+00 -1.803217e+01
    endloop
  endfacet
  facet normal 9.930685e-01 0.000000e+00 -1.175374e-01
    outer loop
      vertex   2.593844e+01 0.000000e+00 -1.803217e+01
      vertex   2.598459e+01 -9.000000e+00 -1.764230e+01
      vertex   2.593844e+01 -9.000000e+00 -1.803217e+01
    endloop
  endfacet
  facet normal 9.807853e-01 0.000000e+00 -1.950903e-01
    outer loop
      vertex   2.593844e+01 0.000000e+00 -1.803217e+01
      vertex   2.593844e+01 -9.000000e+00 -1.803217e+01
      vertex   2.586185e+01 0.000000e+00 -1.841723e+01
    endloop
  endfacet
  facet normal 9.807853e-01 0.000000e+00 -1.950903e-01
    outer loop
      vertex   2.586185e+01 0.000000e+00 -1.841723e+01
      vertex   2.593844e+01 -9.000000e+00 -1.803217e+01
      vertex   2.586185e+01 -9.000000e+00 -1.841723e+01
    endloop
  endfacet
  facet normal 9.624552e-01 0.000000e+00 -2.714404e-01
    outer loop
      vertex   2.586185e+01 0.000000e+00 -1.841723e+01
      vertex   2.586185e+01 -9.000000e+00 -1.841723e+01
      vertex   2.575528e+01 0.000000e+00 -1.879508e+01
    endloop
  endfacet
  facet normal 9.624552e-01 -1.071500e-16 -2.714404e-01
    outer loop
      vertex   2.575528e+01 0.000000e+00 -1.879508e+01
      vertex   2.586185e+01 -9.000000e+00 -1.841723e+01
      vertex   2.575528e+01 -9.000000e+00 -1.879508e+01
    endloop
  endfacet
  facet normal 9.381913e-01 -1.366283e-16 -3.461171e-01
    outer loop
      vertex   2.575528e+01 0.000000e+00 -1.879508e+01
      vertex   2.575528e+01 -9.000000e+00 -1.879508e+01
      vertex   2.561940e+01 0.000000e+00 -1.916342e+01
    endloop
  endfacet
  facet normal 9.381913e-01 -5.069756e-16 -3.461171e-01
    outer loop
      vertex   2.561940e+01 0.000000e+00 -1.916342e+01
      vertex   2.575528e+01 -9.000000e+00 -1.879508e+01
      vertex   2.561940e+01 -9.000000e+00 -1.916342e+01
    endloop
  endfacet
  facet normal 9.081432e-01 -5.237501e-16 -4.186597e-01
    outer loop
      vertex   2.561940e+01 0.000000e+00 -1.916342e+01
      vertex   2.561940e+01 -9.000000e+00 -1.916342e+01
      vertex   2.545503e+01 0.000000e+00 -1.951995e+01
    endloop
  endfacet
  facet normal 9.081432e-01 0.000000e+00 -4.186597e-01
    outer loop
      vertex   2.545503e+01 0.000000e+00 -1.951995e+01
      vertex   2.561940e+01 -9.000000e+00 -1.916342e+01
      vertex   2.545503e+01 -9.000000e+00 -1.951995e+01
    endloop
  endfacet
  facet normal 8.724960e-01 0.000000e+00 -4.886212e-01
    outer loop
      vertex   2.545503e+01 0.000000e+00 -1.951995e+01
      vertex   2.545503e+01 -9.000000e+00 -1.951995e+01
      vertex   2.526320e+01 0.000000e+00 -1.986249e+01
    endloop
  endfacet
  facet normal 8.724960e-01 0.000000e+00 -4.886212e-01
    outer loop
      vertex   2.526320e+01 0.000000e+00 -1.986249e+01
      vertex   2.545503e+01 -9.000000e+00 -1.951995e+01
      vertex   2.526320e+01 -9.000000e+00 -1.986249e+01
    endloop
  endfacet
  facet normal 8.314696e-01 0.000000e+00 -5.555702e-01
    outer loop
      vertex   2.526320e+01 0.000000e+00 -1.986249e+01
      vertex   2.526320e+01 -9.000000e+00 -1.986249e+01
      vertex   2.504508e+01 0.000000e+00 -2.018893e+01
    endloop
  endfacet
  facet normal 8.314696e-01 0.000000e+00 -5.555702e-01
    outer loop
      vertex   2.504508e+01 0.000000e+00 -2.018893e+01
      vertex   2.526320e+01 -9.000000e+00 -1.986249e+01
      vertex   2.504508e+01 -9.000000e+00 -2.018893e+01
    endloop
  endfacet
  facet normal 7.853169e-01 0.000000e+00 -6.190939e-01
    outer loop
      vertex   2.504508e+01 0.000000e+00 -2.018893e+01
      vertex   2.504508e+01 -9.000000e+00 -2.018893e+01
      vertex   2.480203e+01 0.000000e+00 -2.049724e+01
    endloop
  endfacet
  facet normal 7.853169e-01 -4.887697e-16 -6.190939e-01
    outer loop
      vertex   2.480203e+01 0.000000e+00 -2.049724e+01
      vertex   2.504508e+01 -9.000000e+00 -2.018893e+01
      vertex   2.480203e+01 -9.000000e+00 -2.049724e+01
    endloop
  endfacet
  facet normal 7.343225e-01 -5.359077e-16 -6.788007e-01
    outer loop
      vertex   2.480203e+01 0.000000e+00 -2.049724e+01
      vertex   2.480203e+01 -9.000000e+00 -2.049724e+01
      vertex   2.453553e+01 0.000000e+00 -2.078553e+01
    endloop
  endfacet
  facet normal 7.343225e-01 -2.191699e-17 -6.788007e-01
    outer loop
      vertex   2.453553e+01 0.000000e+00 -2.078553e+01
      vertex   2.480203e+01 -9.000000e+00 -2.049724e+01
      vertex   2.453553e+01 -9.000000e+00 -2.078553e+01
    endloop
  endfacet
  facet normal 6.788007e-01 2.191699e-17 -7.343225e-01
    outer loop
      vertex   2.453553e+01 0.000000e+00 -2.078553e+01
      vertex   2.453553e+01 -9.000000e+00 -2.078553e+01
      vertex   2.424724e+01 0.000000e+00 -2.105203e+01
    endloop
  endfacet
  facet normal 6.788007e-01 0.000000e+00 -7.343225e-01
    outer loop
      vertex   2.424724e+01 0.000000e+00 -2.105203e+01
      vertex   2.453553e+01 -9.000000e+00 -2.078553e+01
      vertex   2.424724e+01 -9.000000e+00 -2.105203e+01
    endloop
  endfacet
  facet normal 6.190939e-01 0.000000e+00 -7.853169e-01
    outer loop
      vertex   2.424724e+01 0.000000e+00 -2.105203e+01
      vertex   2.424724e+01 -9.000000e+00 -2.105203e+01
      vertex   2.393893e+01 0.000000e+00 -2.129508e+01
    endloop
  endfacet
  facet normal 6.190939e-01 0.000000e+00 -7.853169e-01
    outer loop
      vertex   2.393893e+01 0.000000e+00 -2.129508e+01
      vertex   2.424724e+01 -9.000000e+00 -2.105203e+01
      vertex   2.393893e+01 -9.000000e+00 -2.129508e+01
    endloop
  endfacet
  facet normal 5.555702e-01 0.000000e+00 -8.314696e-01
    outer loop
      vertex   2.393893e+01 0.000000e+00 -2.129508e+01
      vertex   2.393893e+01 -9.000000e+00 -2.129508e+01
      vertex   2.361249e+01 0.000000e+00 -2.151320e+01
    endloop
  endfacet
  facet normal 5.555702e-01 0.000000e+00 -8.314696e-01
    outer loop
      vertex   2.361249e+01 0.000000e+00 -2.151320e+01
      vertex   2.393893e+01 -9.000000e+00 -2.129508e+01
      vertex   2.361249e+01 -9.000000e+00 -2.151320e+01
    endloop
  endfacet
  facet normal 4.886212e-01 0.000000e+00 -8.724960e-01
    outer loop
      vertex   2.361249e+01 0.000000e+00 -2.151320e+01
      vertex   2.361249e+01 -9.000000e+00 -2.151320e+01
      vertex   2.326995e+01 0.000000e+00 -2.170503e+01
    endloop
  endfacet
  facet normal 4.886212e-01 1.928813e-16 -8.724960e-01
    outer loop
      vertex   2.326995e+01 0.000000e+00 -2.170503e+01
      vertex   2.361249e+01 -9.000000e+00 -2.151320e+01
      vertex   2.326995e+01 -9.000000e+00 -2.170503e+01
    endloop
  endfacet
  facet normal 4.186597e-01 1.652642e-16 -9.081432e-01
    outer loop
      vertex   2.326995e+01 0.000000e+00 -2.170503e+01
      vertex   2.326995e+01 -9.000000e+00 -2.170503e+01
      vertex   2.291342e+01 0.000000e+00 -2.186940e+01
    endloop
  endfacet
  facet normal 4.186597e-01 0.000000e+00 -9.081432e-01
    outer loop
      vertex   2.291342e+01 0.000000e+00 -2.186940e+01
      vertex   2.326995e+01 -9.000000e+00 -2.170503e+01
      vertex   2.291342e+01 -9.000000e+00 -2.186940e+01
    endloop
  endfacet
  facet normal 3.461171e-01 0.000000e+00 -9.381913e-01
    outer loop
      vertex   2.291342e+01 0.000000e+00 -2.186940e+01
      vertex   2.291342e+01 -9.000000e+00 -2.186940e+01
      vertex   2.254508e+01 0.000000e+00 -2.200528e+01
    endloop
  endfacet
  facet normal 3.461171e-01 0.000000e+00 -9.381913e-01
    outer loop
      vertex   2.254508e+01 0.000000e+00 -2.200528e+01
      vertex   2.291342e+01 -9.000000e+00 -2.186940e+01
      vertex   2.254508e+01 -9.000000e+00 -2.200528e+01
    endloop
  endfacet
  facet normal 2.714404e-01 0.000000e+00 -9.624552e-01
    outer loop
      vertex   2.254508e+01 0.000000e+00 -2.200528e+01
      vertex   2.254508e+01 -9.000000e+00 -2.200528e+01
      vertex   2.216723e+01 0.000000e+00 -2.211185e+01
    endloop
  endfacet
  facet normal 2.714404e-01 3.799253e-16 -9.624552e-01
    outer loop
      vertex   2.216723e+01 0.000000e+00 -2.211185e+01
      vertex   2.254508e+01 -9.000000e+00 -2.200528e+01
      vertex   2.216723e+01 -9.000000e+00 -2.211185e+01
    endloop
  endfacet
  facet normal 1.950903e-01 3.871610e-16 -9.807853e-01
    outer loop
      vertex   2.216723e+01 0.000000e+00 -2.211185e+01
      vertex   2.216723e+01 -9.000000e+00 -2.211185e+01
      vertex   2.178217e+01 0.000000e+00 -2.218844e+01
    endloop
  endfacet
  facet normal 1.950903e-01 0.000000e+00 -9.807853e-01
    outer loop
      vertex   2.178217e+01 0.000000e+00 -2.218844e+01
      vertex   2.216723e+01 -9.000000e+00 -2.211185e+01
      vertex   2.178217e+01 -9.000000e+00 -2.218844e+01
    endloop
  endfacet
  facet normal 1.175374e-01 0.000000e+00 -9.930685e-01
    outer loop
      vertex   2.178217e+01 0.000000e+00 -2.218844e+01
      vertex   2.178217e+01 -9.000000e+00 -2.218844e+01
      vertex   2.139230e+01 0.000000e+00 -2.223459e+01
    endloop
  endfacet
  facet normal 1.175374e-01 7.840195e-16 -9.930685e-01
    outer loop
      vertex   2.139230e+01 0.000000e+00 -2.223459e+01
      vertex   2.178217e+01 -9.000000e+00 -2.218844e+01
      vertex   2.139230e+01 -9.000000e+00 -2.223459e+01
    endloop
  endfacet
  facet normal 3.925982e-02 7.888833e-16 -9.992290e-01
    outer loop
      vertex   2.139230e+01 0.000000e+00 -2.223459e+01
      vertex   2.139230e+01 -9.000000e+00 -2.223459e+01
      vertex   2.100000e+01 0.000000e+00 -2.225000e+01
    endloop
  endfacet
  facet normal 3.925982e-02 0.000000e+00 -9.992290e-01
    outer loop
      vertex   2.100000e+01 0.000000e+00 -2.225000e+01
      vertex   2.139230e+01 -9.000000e+00 -2.223459e+01
      vertex   2.100000e+01 -9.000000e+00 -2.225000e+01
    endloop
  endfacet
  facet normal 1.000000e+00 -0.000000e+00 0.000000e+00
    outer loop
      vertex   2.600000e+01 -9.000000e+00 1.755000e+01
      vertex   2.600000e+01 -9.000000e+00 -1.725000e+01
      vertex   2.600000e+01 0.000000e+00 1.755000e+01
    endloop
  endfacet
  facet normal 1.000000e+00 0.000000e+00 0.000000e+00
    outer loop
      vertex   2.600000e+01 0.000000e+00 1.755000e+01
      vertex   2.600000e+01 -9.000000e+00 -1.725000e+01
      vertex   2.600000e+01 0.000000e+00 -1.725000e+01
    endloop
  endfacet
  facet normal 0.000000e+00 0.000000e+00 1.000000e+00
    outer loop
      vertex   -2.400000e+01 -9.000000e+00 1.955000e+01
      vertex   2.400000e+01 -9.000000e+00 1.955000e+01
      vertex   -2.400000e+01 0.000000e+00 1.955000e+01
    endloop
  endfacet
  facet normal -0.000000e+00 0.000000e+00 1.000000e+00
    outer loop
      vertex   -2.400000e+01 0.000000e+00 1.955000e+01
      vertex   2.400000e+01 -9.000000e+00 1.955000e+01
      vertex   2.400000e+01 0.000000e+00 1.955000e+01
    endloop
  endfacet
  facet normal -1.000000e+00 -7.894919e-16 0.000000e+00
    outer loop
      vertex   -2.600000e+01 -9.000000e+00 -1.725000e+01
      vertex   -2.600000e+01 -9.000000e+00 1.755000e+01
      vertex   -2.600000e+01 0.000000e+00 -1.725000e+01
    endloop
  endfacet
  facet normal -1.000000e+00 0.000000e+00 2.041789e-16
    outer loop
      vertex   -2.600000e+01 0.000000e+00 -1.725000e+01
      vertex   -2.600000e+01 -9.000000e+00 1.755000e+01
      vertex   -2.600000e+01 0.000000e+00 1.755000e+01
    endloop
  endfacet
  facet normal -9.989330e-01 0.000000e+00 4.618346e-02
    outer loop
      vertex   2.448507e+01 -1.000000e+01 -1.757294e+01
      vertex   2.450000e+01 -1.000000e+01 -1.725000e+01
      vertex   2.448507e+01 -4.500000e+00 -1.757294e+01
    endloop
  endfacet
  facet normal -9.989330e-01 0.000000e+00 4.618346e-02
    outer loop
      vertex   2.448507e+01 -4.500000e+00 -1.757294e+01
      vertex   2.450000e+01 -1.000000e+01 -1.725000e+01
      vertex   2.450000e+01 1.000000e+00 -1.725000e+01
    endloop
  endfacet
  facet normal -9.989330e-01 0.000000e+00 4.618346e-02
    outer loop
      vertex   2.448507e+01 -4.500000e+00 -1.757294e+01
      vertex   2.450000e+01 1.000000e+00 -1.725000e+01
      vertex   2.448507e+01 1.000000e+00 -1.757294e+01
    endloop
  endfacet
  facet normal -9.904104e-01 0.000000e+00 1.381564e-01
    outer loop
      vertex   2.448507e+01 -4.500000e+00 -1.757294e+01
      vertex   2.448507e+01 1.000000e+00 -1.757294e+01
      vertex   2.444041e+01 -4.500000e+00 -1.789312e+01
    endloop
  endfacet
  facet normal -9.904104e-01 6.397536e-16 1.381564e-01
    outer loop
      vertex   2.444041e+01 -4.500000e+00 -1.789312e+01
      vertex   2.448507e+01 1.000000e+00 -1.757294e+01
      vertex   2.444041e+01 1.000000e+00 -1.789312e+01
    endloop
  endfacet
  facet normal -9.734381e-01 6.287903e-16 2.289505e-01
    outer loop
      vertex   2.444041e+01 -4.500000e+00 -1.789312e+01
      vertex   2.444041e+01 1.000000e+00 -1.789312e+01
      vertex   2.436639e+01 -4.500000e+00 -1.820782e+01
    endloop
  endfacet
  facet normal -9.734381e-01 6.287903e-16 2.289505e-01
    outer loop
      vertex   2.436639e+01 -4.500000e+00 -1.820782e+01
      vertex   2.444041e+01 1.000000e+00 -1.789312e+01
      vertex   2.436639e+01 1.000000e+00 -1.820782e+01
    endloop
  endfacet
  facet normal -9.481606e-01 6.124624e-16 3.177914e-01
    outer loop
      vertex   2.436639e+01 -4.500000e+00 -1.820782e+01
      vertex   2.436639e+01 1.000000e+00 -1.820782e+01
      vertex   2.426365e+01 -4.500000e+00 -1.851435e+01
    endloop
  endfacet
  facet normal -9.481606e-01 0.000000e+00 3.177914e-01
    outer loop
      vertex   2.426365e+01 -4.500000e+00 -1.851435e+01
      vertex   2.436639e+01 1.000000e+00 -1.820782e+01
      vertex   2.426365e+01 1.000000e+00 -1.851435e+01
    endloop
  endfacet
  facet normal -9.147939e-01 0.000000e+00 4.039210e-01
    outer loop
      vertex   2.426365e+01 -4.500000e+00 -1.851435e+01
      vertex   2.426365e+01 1.000000e+00 -1.851435e+01
      vertex   2.413307e+01 -4.500000e+00 -1.881008e+01
    endloop
  endfacet
  facet normal -9.147939e-01 5.909092e-16 4.039210e-01
    outer loop
      vertex   2.413307e+01 -4.500000e+00 -1.881008e+01
      vertex   2.426365e+01 1.000000e+00 -1.851435e+01
      vertex   2.413307e+01 1.000000e+00 -1.881008e+01
    endloop
  endfacet
  facet normal -8.736224e-01 5.643146e-16 4.866045e-01
    outer loop
      vertex   2.413307e+01 -4.500000e+00 -1.881008e+01
      vertex   2.413307e+01 1.000000e+00 -1.881008e+01
      vertex   2.397576e+01 -4.500000e+00 -1.909251e+01
    endloop
  endfacet
  facet normal -8.736224e-01 0.000000e+00 4.866045e-01
    outer loop
      vertex   2.397576e+01 -4.500000e+00 -1.909251e+01
      vertex   2.413307e+01 1.000000e+00 -1.881008e+01
      vertex   2.397576e+01 1.000000e+00 -1.909251e+01
    endloop
  endfacet
  facet normal -8.249975e-01 0.000000e+00 5.651364e-01
    outer loop
      vertex   2.397576e+01 -4.500000e+00 -1.909251e+01
      vertex   2.397576e+01 1.000000e+00 -1.909251e+01
      vertex   2.379306e+01 -4.500000e+00 -1.935922e+01
    endloop
  endfacet
  facet normal -8.249975e-01 0.000000e+00 5.651364e-01
    outer loop
      vertex   2.379306e+01 -4.500000e+00 -1.935922e+01
      vertex   2.397576e+01 1.000000e+00 -1.909251e+01
      vertex   2.379306e+01 1.000000e+00 -1.935922e+01
    endloop
  endfacet
  facet normal -7.693340e-01 0.000000e+00 6.388468e-01
    outer loop
      vertex   2.379306e+01 -4.500000e+00 -1.935922e+01
      vertex   2.379306e+01 1.000000e+00 -1.935922e+01
      vertex   2.358653e+01 -4.500000e+00 -1.960793e+01
    endloop
  endfacet
  facet normal -7.693340e-01 4.126618e-16 6.388468e-01
    outer loop
      vertex   2.358653e+01 -4.500000e+00 -1.960793e+01
      vertex   2.379306e+01 1.000000e+00 -1.935922e+01
      vertex   2.358653e+01 1.000000e+00 -1.960793e+01
    endloop
  endfacet
  facet normal -7.071068e-01 4.567542e-16 7.071068e-01
    outer loop
      vertex   2.358653e+01 -4.500000e+00 -1.960793e+01
      vertex   2.358653e+01 1.000000e+00 -1.960793e+01
      vertex   2.335793e+01 -4.500000e+00 -1.983653e+01
    endloop
  endfacet
  facet normal -7.071068e-01 0.000000e+00 7.071068e-01
    outer loop
      vertex   2.335793e+01 -4.500000e+00 -1.983653e+01
      vertex   2.358653e+01 1.000000e+00 -1.960793e+01
      vertex   2.335793e+01 1.000000e+00 -1.983653e+01
    endloop
  endfacet
  facet normal -6.388468e-01 0.000000e+00 7.693340e-01
    outer loop
      vertex   2.335793e+01 -4.500000e+00 -1.983653e+01
      vertex   2.335793e+01 1.000000e+00 -1.983653e+01
      vertex   2.310922e+01 -4.500000e+00 -2.004306e+01
    endloop
  endfacet
  facet normal -6.388468e-01 0.000000e+00 7.693340e-01
    outer loop
      vertex   2.310922e+01 -4.500000e+00 -2.004306e+01
      vertex   2.335793e+01 1.000000e+00 -1.983653e+01
      vertex   2.310922e+01 1.000000e+00 -2.004306e+01
    endloop
  endfacet
  facet normal -5.651364e-01 0.000000e+00 8.249975e-01
    outer loop
      vertex   2.310922e+01 -4.500000e+00 -2.004306e+01
      vertex   2.310922e+01 1.000000e+00 -2.004306e+01
      vertex   2.284251e+01 -4.500000e+00 -2.022576e+01
    endloop
  endfacet
  facet normal -5.651364e-01 0.000000e+00 8.249975e-01
    outer loop
      vertex   2.284251e+01 -4.500000e+00 -2.022576e+01
      vertex   2.310922e+01 1.000000e+00 -2.004306e+01
      vertex   2.284251e+01 1.000000e+00 -2.022576e+01
    endloop
  endfacet
  facet normal -4.866045e-01 0.000000e+00 8.736224e-01
    outer loop
      vertex   2.284251e+01 -4.500000e+00 -2.022576e+01
      vertex   2.284251e+01 1.000000e+00 -2.022576e+01
      vertex   2.256008e+01 -4.500000e+00 -2.038307e+01
    endloop
  endfacet
  facet normal -4.866045e-01 0.000000e+00 8.736224e-01
    outer loop
      vertex   2.256008e+01 -4.500000e+00 -2.038307e+01
      vertex   2.284251e+01 1.000000e+00 -2.022576e+01
      vertex   2.256008e+01 1.000000e+00 -2.038307e+01
    endloop
  endfacet
  facet normal -4.039210e-01 0.000000e+00 9.147939e-01
    outer loop
      vertex   2.256008e+01 -4.500000e+00 -2.038307e+01
      vertex   2.256008e+01 1.000000e+00 -2.038307e+01
      vertex   2.226435e+01 -4.500000e+00 -2.051365e+01
    endloop
  endfacet
  facet normal -4.039210e-01 5.909092e-16 9.147939e-01
    outer loop
      vertex   2.226435e+01 -4.500000e+00 -2.051365e+01
      vertex   2.256008e+01 1.000000e+00 -2.038307e+01
      vertex   2.226435e+01 1.000000e+00 -2.051365e+01
    endloop
  endfacet
  facet normal -3.177914e-01 6.124624e-16 9.481606e-01
    outer loop
      vertex   2.226435e+01 -4.500000e+00 -2.051365e+01
      vertex   2.226435e+01 1.000000e+00 -2.051365e+01
      vertex   2.195782e+01 -4.500000e+00 -2.061639e+01
    endloop
  endfacet
  facet normal -3.177914e-01 6.124624e-16 9.481606e-01
    outer loop
      vertex   2.195782e+01 -4.500000e+00 -2.061639e+01
      vertex   2.226435e+01 1.000000e+00 -2.051365e+01
      vertex   2.195782e+01 1.000000e+00 -2.061639e+01
    endloop
  endfacet
  facet normal -2.289505e-01 6.287903e-16 9.734381e-01
    outer loop
      vertex   2.195782e+01 -4.500000e+00 -2.061639e+01
      vertex   2.195782e+01 1.000000e+00 -2.061639e+01
      vertex   2.164312e+01 -4.500000e+00 -2.069041e+01
    endloop
  endfacet
  facet normal -2.289505e-01 0.000000e+00 9.734381e-01
    outer loop
      vertex   2.164312e+01 -4.500000e+00 -2.069041e+01
      vertex   2.195782e+01 1.000000e+00 -2.061639e+01
      vertex   2.164312e+01 1.000000e+00 -2.069041e+01
    endloop
  endfacet
  facet normal -1.381564e-01 0.000000e+00 9.904104e-01
    outer loop
      vertex   2.164312e+01 -4.500000e+00 -2.069041e+01
      vertex   2.164312e+01 1.000000e+00 -2.069041e+01
      vertex   2.132294e+01 -4.500000e+00 -2.073507e+01
    endloop
  endfacet
  facet normal -1.381564e-01 1.279507e-15 9.904104e-01
    outer loop
      vertex   2.132294e+01 -4.500000e+00 -2.073507e+01
      vertex   2.164312e+01 1.000000e+00 -2.069041e+01
      vertex   2.132294e+01 1.000000e+00 -2.073507e+01
    endloop
  endfacet
  facet normal -4.618346e-02 1.290517e-15 9.989330e-01
    outer loop
      vertex   2.132294e+01 -4.500000e+00 -2.073507e+01
      vertex   2.132294e+01 1.000000e+00 -2.073507e+01
      vertex   2.100000e+01 1.000000e+00 -2.075000e+01
    endloop
  endfacet
  facet normal -4.618346e-02 0.000000e+00 9.989330e-01
    outer loop
      vertex   2.100000e+01 1.000000e+00 -2.075000e+01
      vertex   2.100000e+01 -1.000000e+01 -2.075000e+01
      vertex   2.132294e+01 -4.500000e+00 -2.073507e+01
    endloop
  endfacet
  facet normal -4.618346e-02 2.983211e-17 9.989330e-01
    outer loop
      vertex   2.132294e+01 -4.500000e+00 -2.073507e+01
      vertex   2.100000e+01 -1.000000e+01 -2.075000e+01
      vertex   2.132294e+01 -1.000000e+01 -2.073507e+01
    endloop
  endfacet
  facet normal -1.381564e-01 8.924181e-17 9.904104e-01
    outer loop
      vertex   2.132294e+01 -4.500000e+00 -2.073507e+01
      vertex   2.132294e+01 -1.000000e+01 -2.073507e+01
      vertex   2.164312e+01 -4.500000e+00 -2.069041e+01
    endloop
  endfacet
  facet normal -1.381564e-01 0.000000e+00 9.904104e-01
    outer loop
      vertex   2.164312e+01 -4.500000e+00 -2.069041e+01
      vertex   2.132294e+01 -1.000000e+01 -2.073507e+01
      vertex   2.164312e+01 -1.000000e+01 -2.069041e+01
    endloop
  endfacet
  facet normal -2.289505e-01 0.000000e+00 9.734381e-01
    outer loop
      vertex   2.164312e+01 -4.500000e+00 -2.069041e+01
      vertex   2.164312e+01 -1.000000e+01 -2.069041e+01
      vertex   2.195782e+01 -4.500000e+00 -2.061639e+01
    endloop
  endfacet
  facet normal -2.289505e-01 -6.287903e-16 9.734381e-01
    outer loop
      vertex   2.195782e+01 -4.500000e+00 -2.061639e+01
      vertex   2.164312e+01 -1.000000e+01 -2.069041e+01
      vertex   2.195782e+01 -1.000000e+01 -2.061639e+01
    endloop
  endfacet
  facet normal -3.177914e-01 -6.124624e-16 9.481606e-01
    outer loop
      vertex   2.195782e+01 -4.500000e+00 -2.061639e+01
      vertex   2.195782e+01 -1.000000e+01 -2.061639e+01
      vertex   2.226435e+01 -4.500000e+00 -2.051365e+01
    endloop
  endfacet
  facet normal -3.177914e-01 -6.124624e-16 9.481606e-01
    outer loop
      vertex   2.226435e+01 -4.500000e+00 -2.051365e+01
      vertex   2.195782e+01 -1.000000e+01 -2.061639e+01
      vertex   2.226435e+01 -1.000000e+01 -2.051365e+01
    endloop
  endfacet
  facet normal -4.039210e-01 -5.909092e-16 9.147939e-01
    outer loop
      vertex   2.226435e+01 -4.500000e+00 -2.051365e+01
      vertex   2.226435e+01 -1.000000e+01 -2.051365e+01
      vertex   2.256008e+01 -4.500000e+00 -2.038307e+01
    endloop
  endfacet
  facet normal -4.039210e-01 -2.609119e-16 9.147939e-01
    outer loop
      vertex   2.256008e+01 -4.500000e+00 -2.038307e+01
      vertex   2.226435e+01 -1.000000e+01 -2.051365e+01
      vertex   2.256008e+01 -1.000000e+01 -2.038307e+01
    endloop
  endfacet
  facet normal -4.866045e-01 -3.143212e-16 8.736224e-01
    outer loop
      vertex   2.256008e+01 -4.500000e+00 -2.038307e+01
      vertex   2.256008e+01 -1.000000e+01 -2.038307e+01
      vertex   2.284251e+01 -4.500000e+00 -2.022576e+01
    endloop
  endfacet
  facet normal -4.866045e-01 -3.143212e-16 8.736224e-01
    outer loop
      vertex   2.284251e+01 -4.500000e+00 -2.022576e+01
      vertex   2.256008e+01 -1.000000e+01 -2.038307e+01
      vertex   2.284251e+01 -1.000000e+01 -2.022576e+01
    endloop
  endfacet
  facet normal -5.651364e-01 -3.650487e-16 8.249975e-01
    outer loop
      vertex   2.284251e+01 -4.500000e+00 -2.022576e+01
      vertex   2.284251e+01 -1.000000e+01 -2.022576e+01
      vertex   2.310922e+01 -4.500000e+00 -2.004306e+01
    endloop
  endfacet
  facet normal -5.651364e-01 0.000000e+00 8.249975e-01
    outer loop
      vertex   2.310922e+01 -4.500000e+00 -2.004306e+01
      vertex   2.284251e+01 -1.000000e+01 -2.022576e+01
      vertex   2.310922e+01 -1.000000e+01 -2.004306e+01
    endloop
  endfacet
  facet normal -6.388468e-01 0.000000e+00 7.693340e-01
    outer loop
      vertex   2.310922e+01 -4.500000e+00 -2.004306e+01
      vertex   2.310922e+01 -1.000000e+01 -2.004306e+01
      vertex   2.335793e+01 -4.500000e+00 -1.983653e+01
    endloop
  endfacet
  facet normal -6.388468e-01 0.000000e+00 7.693340e-01
    outer loop
      vertex   2.335793e+01 -4.500000e+00 -1.983653e+01
      vertex   2.310922e+01 -1.000000e+01 -2.004306e+01
      vertex   2.335793e+01 -1.000000e+01 -1.983653e+01
    endloop
  endfacet
  facet normal -7.071068e-01 0.000000e+00 7.071068e-01
    outer loop
      vertex   2.335793e+01 -4.500000e+00 -1.983653e+01
      vertex   2.335793e+01 -1.000000e+01 -1.983653e+01
      vertex   2.358653e+01 -4.500000e+00 -1.960793e+01
    endloop
  endfacet
  facet normal -7.071068e-01 -4.567542e-16 7.071068e-01
    outer loop
      vertex   2.358653e+01 -4.500000e+00 -1.960793e+01
      vertex   2.335793e+01 -1.000000e+01 -1.983653e+01
      vertex   2.358653e+01 -1.000000e+01 -1.960793e+01
    endloop
  endfacet
  facet normal -7.693340e-01 -4.126618e-16 6.388468e-01
    outer loop
      vertex   2.358653e+01 -4.500000e+00 -1.960793e+01
      vertex   2.358653e+01 -1.000000e+01 -1.960793e+01
      vertex   2.379306e+01 -4.500000e+00 -1.935922e+01
    endloop
  endfacet
  facet normal -7.693340e-01 0.000000e+00 6.388468e-01
    outer loop
      vertex   2.379306e+01 -4.500000e+00 -1.935922e+01
      vertex   2.358653e+01 -1.000000e+01 -1.960793e+01
      vertex   2.379306e+01 -1.000000e+01 -1.935922e+01
    endloop
  endfacet
  facet normal -8.249975e-01 0.000000e+00 5.651364e-01
    outer loop
      vertex   2.379306e+01 -4.500000e+00 -1.935922e+01
      vertex   2.379306e+01 -1.000000e+01 -1.935922e+01
      vertex   2.397576e+01 -4.500000e+00 -1.909251e+01
    endloop
  endfacet
  facet normal -8.249975e-01 0.000000e+00 5.651364e-01
    outer loop
      vertex   2.397576e+01 -4.500000e+00 -1.909251e+01
      vertex   2.379306e+01 -1.000000e+01 -1.935922e+01
      vertex   2.397576e+01 -1.000000e+01 -1.909251e+01
    endloop
  endfacet
  facet normal -8.736224e-01 0.000000e+00 4.866045e-01
    outer loop
      vertex   2.397576e+01 -4.500000e+00 -1.909251e+01
      vertex   2.397576e+01 -1.000000e+01 -1.909251e+01
      vertex   2.413307e+01 -4.500000e+00 -1.881008e+01
    endloop
  endfacet
  facet normal -8.736224e-01 -5.643146e-16 4.866045e-01
    outer loop
      vertex   2.413307e+01 -4.500000e+00 -1.881008e+01
      vertex   2.397576e+01 -1.000000e+01 -1.909251e+01
      vertex   2.413307e+01 -1.000000e+01 -1.881008e+01
    endloop
  endfacet
  facet normal -9.147939e-01 -5.909092e-16 4.039210e-01
    outer loop
      vertex   2.413307e+01 -4.500000e+00 -1.881008e+01
      vertex   2.413307e+01 -1.000000e+01 -1.881008e+01
      vertex   2.426365e+01 -4.500000e+00 -1.851435e+01
    endloop
  endfacet
  facet normal -9.147939e-01 0.000000e+00 4.039210e-01
    outer loop
      vertex   2.426365e+01 -4.500000e+00 -1.851435e+01
      vertex   2.413307e+01 -1.000000e+01 -1.881008e+01
      vertex   2.426365e+01 -1.000000e+01 -1.851435e+01
    endloop
  endfacet
  facet normal -9.481606e-01 0.000000e+00 3.177914e-01
    outer loop
      vertex   2.426365e+01 -4.500000e+00 -1.851435e+01
      vertex   2.426365e+01 -1.000000e+01 -1.851435e+01
      vertex   2.436639e+01 -4.500000e+00 -1.820782e+01
    endloop
  endfacet
  facet normal -9.481606e-01 -8.177391e-16 3.177914e-01
    outer loop
      vertex   2.436639e+01 -4.500000e+00 -1.820782e+01
      vertex   2.426365e+01 -1.000000e+01 -1.851435e+01
      vertex   2.436639e+01 -1.000000e+01 -1.820782e+01
    endloop
  endfacet
  facet normal -9.734381e-01 -7.766804e-16 2.289505e-01
    outer loop
      vertex   2.436639e+01 -4.500000e+00 -1.820782e+01
      vertex   2.436639e+01 -1.000000e+01 -1.820782e+01
      vertex   2.444041e+01 -4.500000e+00 -1.789312e+01
    endloop
  endfacet
  facet normal -9.734381e-01 0.000000e+00 2.289505e-01
    outer loop
      vertex   2.444041e+01 -4.500000e+00 -1.789312e+01
      vertex   2.436639e+01 -1.000000e+01 -1.820782e+01
      vertex   2.444041e+01 -1.000000e+01 -1.789312e+01
    endloop
  endfacet
  facet normal -9.904104e-01 0.000000e+00 1.381564e-01
    outer loop
      vertex   2.444041e+01 -4.500000e+00 -1.789312e+01
      vertex   2.444041e+01 -1.000000e+01 -1.789312e+01
      vertex   2.448507e+01 -4.500000e+00 -1.757294e+01
    endloop
  endfacet
  facet normal -9.904104e-01 0.000000e+00 1.381564e-01
    outer loop
      vertex   2.448507e+01 -4.500000e+00 -1.757294e+01
      vertex   2.444041e+01 -1.000000e+01 -1.789312e+01
      vertex   2.448507e+01 -1.000000e+01 -1.757294e+01
    endloop
  endfacet
  facet normal -8.458842e-17 0.000000e+00 1.000000e+00
    outer loop
      vertex   2.100000e+01 1.000000e+00 -2.075000e+01
      vertex   -2.100000e+01 1.000000e+00 -2.075000e+01
      vertex   2.100000e+01 -1.000000e+01 -2.075000e+01
    endloop
  endfacet
  facet normal -8.458842e-17 0.000000e+00 1.000000e+00
    outer loop
      vertex   2.100000e+01 -1.000000e+01 -2.075000e+01
      vertex   -2.100000e+01 1.000000e+00 -2.075000e+01
      vertex   -2.100000e+01 -1.000000e+01 -2.075000e+01
    endloop
  endfacet
  facet normal 4.618346e-02 -0.000000e+00 9.989330e-01
    outer loop
      vertex   -2.132294e+01 -1.000000e+01 -2.073507e+01
      vertex   -2.100000e+01 -1.000000e+01 -2.075000e+01
      vertex   -2.132294e+01 -4.500000e+00 -2.073507e+01
    endloop
  endfacet
  facet normal 4.618346e-02 0.000000e+00 9.989330e-01
    outer loop
      vertex   -2.132294e+01 -4.500000e+00 -2.073507e+01
      vertex   -2.100000e+01 -1.000000e+01 -2.075000e+01
      vertex   -2.100000e+01 1.000000e+00 -2.075000e+01
    endloop
  endfacet
  facet normal 4.618346e-02 -0.000000e+00 9.989330e-01
    outer loop
      vertex   -2.132294e+01 -4.500000e+00 -2.073507e+01
      vertex   -2.100000e+01 1.000000e+00 -2.075000e+01
      vertex   -2.132294e+01 1.000000e+00 -2.073507e+01
    endloop
  endfacet
  facet normal 1.381564e-01 -0.000000e+00 9.904104e-01
    outer loop
      vertex   -2.132294e+01 -4.500000e+00 -2.073507e+01
      vertex   -2.132294e+01 1.000000e+00 -2.073507e+01
      vertex   -2.164312e+01 -4.500000e+00 -2.069041e+01
    endloop
  endfacet
  facet normal 1.381564e-01 -0.000000e+00 9.904104e-01
    outer loop
      vertex   -2.164312e+01 -4.500000e+00 -2.069041e+01
      vertex   -2.132294e+01 1.000000e+00 -2.073507e+01
      vertex   -2.164312e+01 1.000000e+00 -2.069041e+01
    endloop
  endfacet
  facet normal 2.289505e-01 -0.000000e+00 9.734381e-01
    outer loop
      vertex   -2.164312e+01 -4.500000e+00 -2.069041e+01
      vertex   -2.164312e+01 1.000000e+00 -2.069041e+01
      vertex   -2.195782e+01 -4.500000e+00 -2.061639e+01
    endloop
  endfacet
  facet normal 2.289505e-01 -1.257581e-15 9.734381e-01
    outer loop
      vertex   -2.195782e+01 -4.500000e+00 -2.061639e+01
      vertex   -2.164312e+01 1.000000e+00 -2.069041e+01
      vertex   -2.195782e+01 1.000000e+00 -2.061639e+01
    endloop
  endfacet
  facet normal 3.177914e-01 -1.224925e-15 9.481606e-01
    outer loop
      vertex   -2.195782e+01 -4.500000e+00 -2.061639e+01
      vertex   -2.195782e+01 1.000000e+00 -2.061639e+01
      vertex   -2.226435e+01 -4.500000e+00 -2.051365e+01
    endloop
  endfacet
  facet normal 3.177914e-01 -6.124624e-16 9.481606e-01
    outer loop
      vertex   -2.226435e+01 -4.500000e+00 -2.051365e+01
      vertex   -2.195782e+01 1.000000e+00 -2.061639e+01
      vertex   -2.226435e+01 1.000000e+00 -2.051365e+01
    endloop
  endfacet
  facet normal 4.039210e-01 -5.909092e-16 9.147939e-01
    outer loop
      vertex   -2.226435e+01 -4.500000e+00 -2.051365e+01
      vertex   -2.226435e+01 1.000000e+00 -2.051365e+01
      vertex   -2.256008e+01 -4.500000e+00 -2.038307e+01
    endloop
  endfacet
  facet normal 4.039210e-01 -0.000000e+00 9.147939e-01
    outer loop
      vertex   -2.256008e+01 -4.500000e+00 -2.038307e+01
      vertex   -2.226435e+01 1.000000e+00 -2.051365e+01
      vertex   -2.256008e+01 1.000000e+00 -2.038307e+01
    endloop
  endfacet
  facet normal 4.866045e-01 -0.000000e+00 8.736224e-01
    outer loop
      vertex   -2.256008e+01 -4.500000e+00 -2.038307e+01
      vertex   -2.256008e+01 1.000000e+00 -2.038307e+01
      vertex   -2.284251e+01 -4.500000e+00 -2.022576e+01
    endloop
  endfacet
  facet normal 4.866045e-01 -0.000000e+00 8.736224e-01
    outer loop
      vertex   -2.284251e+01 -4.500000e+00 -2.022576e+01
      vertex   -2.256008e+01 1.000000e+00 -2.038307e+01
      vertex   -2.284251e+01 1.000000e+00 -2.022576e+01
    endloop
  endfacet
  facet normal 5.651364e-01 -0.000000e+00 8.249975e-01
    outer loop
      vertex   -2.284251e+01 -4.500000e+00 -2.022576e+01
      vertex   -2.284251e+01 1.000000e+00 -2.022576e+01
      vertex   -2.310922e+01 -4.500000e+00 -2.004306e+01
    endloop
  endfacet
  facet normal 5.651364e-01 -5.329054e-16 8.249975e-01
    outer loop
      vertex   -2.310922e+01 -4.500000e+00 -2.004306e+01
      vertex   -2.284251e+01 1.000000e+00 -2.022576e+01
      vertex   -2.310922e+01 1.000000e+00 -2.004306e+01
    endloop
  endfacet
  facet normal 6.388468e-01 -4.969497e-16 7.693340e-01
    outer loop
      vertex   -2.310922e+01 -4.500000e+00 -2.004306e+01
      vertex   -2.310922e+01 1.000000e+00 -2.004306e+01
      vertex   -2.335793e+01 -4.500000e+00 -1.983653e+01
    endloop
  endfacet
  facet normal 6.388468e-01 -0.000000e+00 7.693340e-01
    outer loop
      vertex   -2.335793e+01 -4.500000e+00 -1.983653e+01
      vertex   -2.310922e+01 1.000000e+00 -2.004306e+01
      vertex   -2.335793e+01 1.000000e+00 -1.983653e+01
    endloop
  endfacet
  facet normal 7.071068e-01 -0.000000e+00 7.071068e-01
    outer loop
      vertex   -2.335793e+01 -4.500000e+00 -1.983653e+01
      vertex   -2.335793e+01 1.000000e+00 -1.983653e+01
      vertex   -2.358653e+01 -4.500000e+00 -1.960793e+01
    endloop
  endfacet
  facet normal 7.071068e-01 -0.000000e+00 7.071068e-01
    outer loop
      vertex   -2.358653e+01 -4.500000e+00 -1.960793e+01
      vertex   -2.335793e+01 1.000000e+00 -1.983653e+01
      vertex   -2.358653e+01 1.000000e+00 -1.960793e+01
    endloop
  endfacet
  facet normal 7.693340e-01 -0.000000e+00 6.388468e-01
    outer loop
      vertex   -2.358653e+01 -4.500000e+00 -1.960793e+01
      vertex   -2.358653e+01 1.000000e+00 -1.960793e+01
      vertex   -2.379306e+01 -4.500000e+00 -1.935922e+01
    endloop
  endfacet
  facet normal 7.693340e-01 -0.000000e+00 6.388468e-01
    outer loop
      vertex   -2.379306e+01 -4.500000e+00 -1.935922e+01
      vertex   -2.358653e+01 1.000000e+00 -1.960793e+01
      vertex   -2.379306e+01 1.000000e+00 -1.935922e+01
    endloop
  endfacet
  facet normal 8.249975e-01 -0.000000e+00 5.651364e-01
    outer loop
      vertex   -2.379306e+01 -4.500000e+00 -1.935922e+01
      vertex   -2.379306e+01 1.000000e+00 -1.935922e+01
      vertex   -2.397576e+01 -4.500000e+00 -1.909251e+01
    endloop
  endfacet
  facet normal 8.249975e-01 -0.000000e+00 5.651364e-01
    outer loop
      vertex   -2.397576e+01 -4.500000e+00 -1.909251e+01
      vertex   -2.379306e+01 1.000000e+00 -1.935922e+01
      vertex   -2.397576e+01 1.000000e+00 -1.909251e+01
    endloop
  endfacet
  facet normal 8.736224e-01 -0.000000e+00 4.866045e-01
    outer loop
      vertex   -2.397576e+01 -4.500000e+00 -1.909251e+01
      vertex   -2.397576e+01 1.000000e+00 -1.909251e+01
      vertex   -2.413307e+01 -4.500000e+00 -1.881008e+01
    endloop
  endfacet
  facet normal 8.736224e-01 -1.128629e-15 4.866045e-01
    outer loop
      vertex   -2.413307e+01 -4.500000e+00 -1.881008e+01
      vertex   -2.397576e+01 1.000000e+00 -1.909251e+01
      vertex   -2.413307e+01 1.000000e+00 -1.881008e+01
    endloop
  endfacet
  facet normal 9.147939e-01 -1.181818e-15 4.039210e-01
    outer loop
      vertex   -2.413307e+01 -4.500000e+00 -1.881008e+01
      vertex   -2.413307e+01 1.000000e+00 -1.881008e+01
      vertex   -2.426365e+01 -4.500000e+00 -1.851435e+01
    endloop
  endfacet
  facet normal 9.147939e-01 -0.000000e+00 4.039210e-01
    outer loop
      vertex   -2.426365e+01 -4.500000e+00 -1.851435e+01
      vertex   -2.413307e+01 1.000000e+00 -1.881008e+01
      vertex   -2.426365e+01 1.000000e+00 -1.851435e+01
    endloop
  endfacet
  facet normal 9.481606e-01 -0.000000e+00 3.177914e-01
    outer loop
      vertex   -2.426365e+01 -4.500000e+00 -1.851435e+01
      vertex   -2.426365e+01 1.000000e+00 -1.851435e+01
      vertex   -2.436639e+01 -4.500000e+00 -1.820782e+01
    endloop
  endfacet
  facet normal 9.481606e-01 -0.000000e+00 3.177914e-01
    outer loop
      vertex   -2.436639e+01 -4.500000e+00 -1.820782e+01
      vertex   -2.426365e+01 1.000000e+00 -1.851435e+01
      vertex   -2.436639e+01 1.000000e+00 -1.820782e+01
    endloop
  endfacet
  facet normal 9.734381e-01 -0.000000e+00 2.289505e-01
    outer loop
      vertex   -2.436639e+01 -4.500000e+00 -1.820782e+01
      vertex   -2.436639e+01 1.000000e+00 -1.820782e+01
      vertex   -2.444041e+01 -4.500000e+00 -1.789312e+01
    endloop
  endfacet
  facet normal 9.734381e-01 -0.000000e+00 2.289505e-01
    outer loop
      vertex   -2.444041e+01 -4.500000e+00 -1.789312e+01
      vertex   -2.436639e+01 1.000000e+00 -1.820782e+01
      vertex   -2.444041e+01 1.000000e+00 -1.789312e+01
    endloop
  endfacet
  facet normal 9.904104e-01 -0.000000e+00 1.381564e-01
    outer loop
      vertex   -2.444041e+01 -4.500000e+00 -1.789312e+01
      vertex   -2.444041e+01 1.000000e+00 -1.789312e+01
      vertex   -2.448507e+01 -4.500000e+00 -1.757294e+01
    endloop
  endfacet
  facet normal 9.904104e-01 -0.000000e+00 1.381564e-01
    outer loop
      vertex   -2.448507e+01 -4.500000e+00 -1.757294e+01
      vertex   -2.444041e+01 1.000000e+00 -1.789312e+01
      vertex   -2.448507e+01 1.000000e+00 -1.757294e+01
    endloop
  endfacet
  facet normal 9.989330e-01 -0.000000e+00 4.618346e-02
    outer loop
      vertex   -2.448507e+01 -4.500000e+00 -1.757294e+01
      vertex   -2.448507e+01 1.000000e+00 -1.757294e+01
      vertex   -2.450000e+01 1.000000e+00 -1.725000e+01
    endloop
  endfacet
  facet normal 9.989330e-01 0.000000e+00 4.618346e-02
    outer loop
      vertex   -2.450000e+01 1.000000e+00 -1.725000e+01
      vertex   -2.450000e+01 -1.000000e+01 -1.725000e+01
      vertex   -2.448507e+01 -4.500000e+00 -1.757294e+01
    endloop
  endfacet
  facet normal 9.989330e-01 0.000000e+00 4.618346e-02
    outer loop
      vertex   -2.448507e+01 -4.500000e+00 -1.757294e+01
      vertex   -2.450000e+01 -1.000000e+01 -1.725000e+01
      vertex   -2.448507e+01 -1.000000e+01 -1.757294e+01
    endloop
  endfacet
  facet normal 9.904104e-01 0.000000e+00 1.381564e-01
    outer loop
      vertex   -2.448507e+01 -4.500000e+00 -1.757294e+01
      vertex   -2.448507e+01 -1.000000e+01 -1.757294e+01
      vertex   -2.444041e+01 -4.500000e+00 -1.789312e+01
    endloop
  endfacet
  facet normal 9.904104e-01 0.000000e+00 1.381564e-01
    outer loop
      vertex   -2.444041e+01 -4.500000e+00 -1.789312e+01
      vertex   -2.448507e+01 -1.000000e+01 -1.757294e+01
      vertex   -2.444041e+01 -1.000000e+01 -1.789312e+01
    endloop
  endfacet
  facet normal 9.734381e-01 0.000000e+00 2.289505e-01
    outer loop
      vertex   -2.444041e+01 -4.500000e+00 -1.789312e+01
      vertex   -2.444041e+01 -1.000000e+01 -1.789312e+01
      vertex   -2.436639e+01 -4.500000e+00 -1.820782e+01
    endloop
  endfacet
  facet normal 9.734381e-01 0.000000e+00 2.289505e-01
    outer loop
      vertex   -2.436639e+01 -4.500000e+00 -1.820782e+01
      vertex   -2.444041e+01 -1.000000e+01 -1.789312e+01
      vertex   -2.436639e+01 -1.000000e+01 -1.820782e+01
    endloop
  endfacet
  facet normal 9.481606e-01 0.000000e+00 3.177914e-01
    outer loop
      vertex   -2.436639e+01 -4.500000e+00 -1.820782e+01
      vertex   -2.436639e+01 -1.000000e+01 -1.820782e+01
      vertex   -2.426365e+01 -4.500000e+00 -1.851435e+01
    endloop
  endfacet
  facet normal 9.481606e-01 0.000000e+00 3.177914e-01
    outer loop
      vertex   -2.426365e+01 -4.500000e+00 -1.851435e+01
      vertex   -2.436639e+01 -1.000000e+01 -1.820782e+01
      vertex   -2.426365e+01 -1.000000e+01 -1.851435e+01
    endloop
  endfacet
  facet normal 9.147939e-01 0.000000e+00 4.039210e-01
    outer loop
      vertex   -2.426365e+01 -4.500000e+00 -1.851435e+01
      vertex   -2.426365e+01 -1.000000e+01 -1.851435e+01
      vertex   -2.413307e+01 -4.500000e+00 -1.881008e+01
    endloop
  endfacet
  facet normal 9.147939e-01 1.181818e-15 4.039210e-01
    outer loop
      vertex   -2.413307e+01 -4.500000e+00 -1.881008e+01
      vertex   -2.426365e+01 -1.000000e+01 -1.851435e+01
      vertex   -2.413307e+01 -1.000000e+01 -1.881008e+01
    endloop
  endfacet
  facet normal 8.736224e-01 1.128629e-15 4.866045e-01
    outer loop
      vertex   -2.413307e+01 -4.500000e+00 -1.881008e+01
      vertex   -2.413307e+01 -1.000000e+01 -1.881008e+01
      vertex   -2.397576e+01 -4.500000e+00 -1.909251e+01
    endloop
  endfacet
  facet normal 8.736224e-01 0.000000e+00 4.866045e-01
    outer loop
      vertex   -2.397576e+01 -4.500000e+00 -1.909251e+01
      vertex   -2.413307e+01 -1.000000e+01 -1.881008e+01
      vertex   -2.397576e+01 -1.000000e+01 -1.909251e+01
    endloop
  endfacet
  facet normal 8.249975e-01 0.000000e+00 5.651364e-01
    outer loop
      vertex   -2.397576e+01 -4.500000e+00 -1.909251e+01
      vertex   -2.397576e+01 -1.000000e+01 -1.909251e+01
      vertex   -2.379306e+01 -4.500000e+00 -1.935922e+01
    endloop
  endfacet
  facet normal 8.249975e-01 0.000000e+00 5.651364e-01
    outer loop
      vertex   -2.379306e+01 -4.500000e+00 -1.935922e+01
      vertex   -2.397576e+01 -1.000000e+01 -1.909251e+01
      vertex   -2.379306e+01 -1.000000e+01 -1.935922e+01
    endloop
  endfacet
  facet normal 7.693340e-01 0.000000e+00 6.388468e-01
    outer loop
      vertex   -2.379306e+01 -4.500000e+00 -1.935922e+01
      vertex   -2.379306e+01 -1.000000e+01 -1.935922e+01
      vertex   -2.358653e+01 -4.500000e+00 -1.960793e+01
    endloop
  endfacet
  facet normal 7.693340e-01 0.000000e+00 6.388468e-01
    outer loop
      vertex   -2.358653e+01 -4.500000e+00 -1.960793e+01
      vertex   -2.379306e+01 -1.000000e+01 -1.935922e+01
      vertex   -2.358653e+01 -1.000000e+01 -1.960793e+01
    endloop
  endfacet
  facet normal 7.071068e-01 0.000000e+00 7.071068e-01
    outer loop
      vertex   -2.358653e+01 -4.500000e+00 -1.960793e+01
      vertex   -2.358653e+01 -1.000000e+01 -1.960793e+01
      vertex   -2.335793e+01 -4.500000e+00 -1.983653e+01
    endloop
  endfacet
  facet normal 7.071068e-01 0.000000e+00 7.071068e-01
    outer loop
      vertex   -2.335793e+01 -4.500000e+00 -1.983653e+01
      vertex   -2.358653e+01 -1.000000e+01 -1.960793e+01
      vertex   -2.335793e+01 -1.000000e+01 -1.983653e+01
    endloop
  endfacet
  facet normal 6.388468e-01 0.000000e+00 7.693340e-01
    outer loop
      vertex   -2.335793e+01 -4.500000e+00 -1.983653e+01
      vertex   -2.335793e+01 -1.000000e+01 -1.983653e+01
      vertex   -2.310922e+01 -4.500000e+00 -2.004306e+01
    endloop
  endfacet
  facet normal 6.388468e-01 4.969497e-16 7.693340e-01
    outer loop
      vertex   -2.310922e+01 -4.500000e+00 -2.004306e+01
      vertex   -2.335793e+01 -1.000000e+01 -1.983653e+01
      vertex   -2.310922e+01 -1.000000e+01 -2.004306e+01
    endloop
  endfacet
  facet normal 5.651364e-01 5.329054e-16 8.249975e-01
    outer loop
      vertex   -2.310922e+01 -4.500000e+00 -2.004306e+01
      vertex   -2.310922e+01 -1.000000e+01 -2.004306e+01
      vertex   -2.284251e+01 -4.500000e+00 -2.022576e+01
    endloop
  endfacet
  facet normal 5.651364e-01 0.000000e+00 8.249975e-01
    outer loop
      vertex   -2.284251e+01 -4.500000e+00 -2.022576e+01
      vertex   -2.310922e+01 -1.000000e+01 -2.004306e+01
      vertex   -2.284251e+01 -1.000000e+01 -2.022576e+01
    endloop
  endfacet
  facet normal 4.866045e-01 0.000000e+00 8.736224e-01
    outer loop
      vertex   -2.284251e+01 -4.500000e+00 -2.022576e+01
      vertex   -2.284251e+01 -1.000000e+01 -2.022576e+01
      vertex   -2.256008e+01 -4.500000e+00 -2.038307e+01
    endloop
  endfacet
  facet normal 4.866045e-01 0.000000e+00 8.736224e-01
    outer loop
      vertex   -2.256008e+01 -4.500000e+00 -2.038307e+01
      vertex   -2.284251e+01 -1.000000e+01 -2.022576e+01
      vertex   -2.256008e+01 -1.000000e+01 -2.038307e+01
    endloop
  endfacet
  facet normal 4.039210e-01 0.000000e+00 9.147939e-01
    outer loop
      vertex   -2.256008e+01 -4.500000e+00 -2.038307e+01
      vertex   -2.256008e+01 -1.000000e+01 -2.038307e+01
      vertex   -2.226435e+01 -4.500000e+00 -2.051365e+01
    endloop
  endfacet
  facet normal 4.039210e-01 5.909092e-16 9.147939e-01
    outer loop
      vertex   -2.226435e+01 -4.500000e+00 -2.051365e+01
      vertex   -2.256008e+01 -1.000000e+01 -2.038307e+01
      vertex   -2.226435e+01 -1.000000e+01 -2.051365e+01
    endloop
  endfacet
  facet normal 3.177914e-01 6.124624e-16 9.481606e-01
    outer loop
      vertex   -2.226435e+01 -4.500000e+00 -2.051365e+01
      vertex   -2.226435e+01 -1.000000e+01 -2.051365e+01
      vertex   -2.195782e+01 -4.500000e+00 -2.061639e+01
    endloop
  endfacet
  facet normal 3.177914e-01 1.224925e-15 9.481606e-01
    outer loop
      vertex   -2.195782e+01 -4.500000e+00 -2.061639e+01
      vertex   -2.226435e+01 -1.000000e+01 -2.051365e+01
      vertex   -2.195782e+01 -1.000000e+01 -2.061639e+01
    endloop
  endfacet
  facet normal 2.289505e-01 1.257581e-15 9.734381e-01
    outer loop
      vertex   -2.195782e+01 -4.500000e+00 -2.061639e+01
      vertex   -2.195782e+01 -1.000000e+01 -2.061639e+01
      vertex   -2.164312e+01 -4.500000e+00 -2.069041e+01
    endloop
  endfacet
  facet normal 2.289505e-01 0.000000e+00 9.734381e-01
    outer loop
      vertex   -2.164312e+01 -4.500000e+00 -2.069041e+01
      vertex   -2.195782e+01 -1.000000e+01 -2.061639e+01
      vertex   -2.164312e+01 -1.000000e+01 -2.069041e+01
    endloop
  endfacet
  facet normal 1.381564e-01 0.000000e+00 9.904104e-01
    outer loop
      vertex   -2.164312e+01 -4.500000e+00 -2.069041e+01
      vertex   -2.164312e+01 -1.000000e+01 -2.069041e+01
      vertex   -2.132294e+01 -4.500000e+00 -2.073507e+01
    endloop
  endfacet
  facet normal 1.381564e-01 0.000000e+00 9.904104e-01
    outer loop
      vertex   -2.132294e+01 -4.500000e+00 -2.073507e+01
      vertex   -2.164312e+01 -1.000000e+01 -2.069041e+01
      vertex   -2.132294e+01 -1.000000e+01 -2.073507e+01
    endloop
  endfacet
  facet normal 1.000000e+00 0.000000e+00 -0.000000e+00
    outer loop
      vertex   -2.450000e+01 1.000000e+00 -1.725000e+01
      vertex   -2.450000e+01 1.000000e+00 1.605000e+01
      vertex   -2.450000e+01 -1.000000e+01 -1.725000e+01
    endloop
  endfacet
  facet normal 1.000000e+00 0.000000e+00 0.000000e+00
    outer loop
      vertex   -2.450000e+01 -1.000000e+01 -1.725000e+01
      vertex   -2.450000e+01 1.000000e+00 1.605000e+01
      vertex   -2.450000e+01 -1.000000e+01 1.605000e+01
    endloop
  endfacet
  facet normal 0.000000e+00 0.000000e+00 -1.000000e+00
    outer loop
      vertex   -2.250000e+01 1.000000e+00 1.805000e+01
      vertex   2.250000e+01 1.000000e+00 1.805000e+01
      vertex   -2.250000e+01 -1.000000e+01 1.805000e+01
    endloop
  endfacet
  facet normal 0.000000e+00 0.000000e+00 -1.000000e+00
    outer loop
      vertex   -2.250000e+01 -1.000000e+01 1.805000e+01
      vertex   2.250000e+01 1.000000e+00 1.805000e+01
      vertex   2.250000e+01 -1.000000e+01 1.805000e+01
    endloop
  endfacet
  facet normal -1.000000e+00 -0.000000e+00 -0.000000e+00
    outer loop
      vertex   2.450000e+01 1.000000e+00 1.605000e+01
      vertex   2.450000e+01 1.000000e+00 -1.725000e+01
      vertex   2.450000e+01 -1.000000e+01 1.605000e+01
    endloop
  endfacet
  facet normal -1.000000e+00 0.000000e+00 0.000000e+00
    outer loop
      vertex   2.450000e+01 -1.000000e+01 1.605000e+01
      vertex   2.450000e+01 1.000000e+00 -1.725000e+01
      vertex   2.450000e+01 -1.000000e+01 -1.725000e+01
    endloop
  endfacet
  facet normal -3.925982e-02 -0.000000e+00 -9.992290e-01
    outer loop
      vertex   -2.100000e+01 0.000000e+00 -2.225000e+01
      vertex   -2.100000e+01 -9.000000e+00 -2.225000e+01
      vertex   -2.139230e+01 0.000000e+00 -2.223459e+01
    endloop
  endfacet
  facet normal -3.925982e-02 -0.000000e+00 -9.992290e-01
    outer loop
      vertex   -2.139230e+01 0.000000e+00 -2.223459e+01
      vertex   -2.100000e+01 -9.000000e+00 -2.225000e+01
      vertex   -2.139230e+01 -9.000000e+00 -2.223459e+01
    endloop
  endfacet
  facet normal -1.175374e-01 -0.000000e+00 -9.930685e-01
    outer loop
      vertex   -2.139230e+01 0.000000e+00 -2.223459e+01
      vertex   -2.139230e+01 -9.000000e+00 -2.223459e+01
      vertex   -2.178217e+01 0.000000e+00 -2.218844e+01
    endloop
  endfacet
  facet normal -1.175374e-01 -0.000000e+00 -9.930685e-01
    outer loop
      vertex   -2.178217e+01 0.000000e+00 -2.218844e+01
      vertex   -2.139230e+01 -9.000000e+00 -2.223459e+01
      vertex   -2.178217e+01 -9.000000e+00 -2.218844e+01
    endloop
  endfacet
  facet normal -1.950903e-01 -0.000000e+00 -9.807853e-01
    outer loop
      vertex   -2.178217e+01 0.000000e+00 -2.218844e+01
      vertex   -2.178217e+01 -9.000000e+00 -2.218844e+01
      vertex   -2.216723e+01 0.000000e+00 -2.211185e+01
    endloop
  endfacet
  facet normal -1.950903e-01 -0.000000e+00 -9.807853e-01
    outer loop
      vertex   -2.216723e+01 0.000000e+00 -2.211185e+01
      vertex   -2.178217e+01 -9.000000e+00 -2.218844e+01
      vertex   -2.216723e+01 -9.000000e+00 -2.211185e+01
    endloop
  endfacet
  facet normal -2.714404e-01 -0.000000e+00 -9.624552e-01
    outer loop
      vertex   -2.216723e+01 0.000000e+00 -2.211185e+01
      vertex   -2.216723e+01 -9.000000e+00 -2.211185e+01
      vertex   -2.254508e+01 0.000000e+00 -2.200528e+01
    endloop
  endfacet
  facet normal -2.714404e-01 -0.000000e+00 -9.624552e-01
    outer loop
      vertex   -2.254508e+01 0.000000e+00 -2.200528e+01
      vertex   -2.216723e+01 -9.000000e+00 -2.211185e+01
      vertex   -2.254508e+01 -9.000000e+00 -2.200528e+01
    endloop
  endfacet
  facet normal -3.461171e-01 -0.000000e+00 -9.381913e-01
    outer loop
      vertex   -2.254508e+01 0.000000e+00 -2.200528e+01
      vertex   -2.254508e+01 -9.000000e+00 -2.200528e+01
      vertex   -2.291342e+01 0.000000e+00 -2.186940e+01
    endloop
  endfacet
  facet normal -3.461171e-01 -0.000000e+00 -9.381913e-01
    outer loop
      vertex   -2.291342e+01 0.000000e+00 -2.186940e+01
      vertex   -2.254508e+01 -9.000000e+00 -2.200528e+01
      vertex   -2.291342e+01 -9.000000e+00 -2.186940e+01
    endloop
  endfacet
  facet normal -4.186597e-01 -0.000000e+00 -9.081432e-01
    outer loop
      vertex   -2.291342e+01 0.000000e+00 -2.186940e+01
      vertex   -2.291342e+01 -9.000000e+00 -2.186940e+01
      vertex   -2.326995e+01 0.000000e+00 -2.170503e+01
    endloop
  endfacet
  facet normal -4.186597e-01 -0.000000e+00 -9.081432e-01
    outer loop
      vertex   -2.326995e+01 0.000000e+00 -2.170503e+01
      vertex   -2.291342e+01 -9.000000e+00 -2.186940e+01
      vertex   -2.326995e+01 -9.000000e+00 -2.170503e+01
    endloop
  endfacet
  facet normal -4.886212e-01 -0.000000e+00 -8.724960e-01
    outer loop
      vertex   -2.326995e+01 0.000000e+00 -2.170503e+01
      vertex   -2.326995e+01 -9.000000e+00 -2.170503e+01
      vertex   -2.361249e+01 0.000000e+00 -2.151320e+01
    endloop
  endfacet
  facet normal -4.886212e-01 -0.000000e+00 -8.724960e-01
    outer loop
      vertex   -2.361249e+01 0.000000e+00 -2.151320e+01
      vertex   -2.326995e+01 -9.000000e+00 -2.170503e+01
      vertex   -2.361249e+01 -9.000000e+00 -2.151320e+01
    endloop
  endfacet
  facet normal -5.555702e-01 -0.000000e+00 -8.314696e-01
    outer loop
      vertex   -2.361249e+01 0.000000e+00 -2.151320e+01
      vertex   -2.361249e+01 -9.000000e+00 -2.151320e+01
      vertex   -2.393893e+01 0.000000e+00 -2.129508e+01
    endloop
  endfacet
  facet normal -5.555702e-01 -0.000000e+00 -8.314696e-01
    outer loop
      vertex   -2.393893e+01 0.000000e+00 -2.129508e+01
      vertex   -2.361249e+01 -9.000000e+00 -2.151320e+01
      vertex   -2.393893e+01 -9.000000e+00 -2.129508e+01
    endloop
  endfacet
  facet normal -6.190939e-01 -0.000000e+00 -7.853169e-01
    outer loop
      vertex   -2.393893e+01 0.000000e+00 -2.129508e+01
      vertex   -2.393893e+01 -9.000000e+00 -2.129508e+01
      vertex   -2.424724e+01 0.000000e+00 -2.105203e+01
    endloop
  endfacet
  facet normal -6.190939e-01 -0.000000e+00 -7.853169e-01
    outer loop
      vertex   -2.424724e+01 0.000000e+00 -2.105203e+01
      vertex   -2.393893e+01 -9.000000e+00 -2.129508e+01
      vertex   -2.424724e+01 -9.000000e+00 -2.105203e+01
    endloop
  endfacet
  facet normal -6.788007e-01 -0.000000e+00 -7.343225e-01
    outer loop
      vertex   -2.424724e+01 0.000000e+00 -2.105203e+01
      vertex   -2.424724e+01 -9.000000e+00 -2.105203e+01
      vertex   -2.453553e+01 0.000000e+00 -2.078553e+01
    endloop
  endfacet
  facet normal -6.788007e-01 -0.000000e+00 -7.343225e-01
    outer loop
      vertex   -2.453553e+01 0.000000e+00 -2.078553e+01
      vertex   -2.424724e+01 -9.000000e+00 -2.105203e+01
      vertex   -2.453553e+01 -9.000000e+00 -2.078553e+01
    endloop
  endfacet
  facet normal -7.343225e-01 -0.000000e+00 -6.788007e-01
    outer loop
      vertex   -2.453553e+01 0.000000e+00 -2.078553e+01
      vertex   -2.453553e+01 -9.000000e+00 -2.078553e+01
      vertex   -2.480203e+01 0.000000e+00 -2.049724e+01
    endloop
  endfacet
  facet normal -7.343225e-01 -0.000000e+00 -6.788007e-01
    outer loop
      vertex   -2.480203e+01 0.000000e+00 -2.049724e+01
      vertex   -2.453553e+01 -9.000000e+00 -2.078553e+01
      vertex   -2.480203e+01 -9.000000e+00 -2.049724e+01
    endloop
  endfacet
  facet normal -7.853169e-01 -0.000000e+00 -6.190939e-01
    outer loop
      vertex   -2.480203e+01 0.000000e+00 -2.049724e+01
      vertex   -2.480203e+01 -9.000000e+00 -2.049724e+01
      vertex   -2.504508e+01 0.000000e+00 -2.018893e+01
    endloop
  endfacet
  facet normal -7.853169e-01 -0.000000e+00 -6.190939e-01
    outer loop
      vertex   -2.504508e+01 0.000000e+00 -2.018893e+01
      vertex   -2.480203e+01 -9.000000e+00 -2.049724e+01
      vertex   -2.504508e+01 -9.000000e+00 -2.018893e+01
    endloop
  endfacet
  facet normal -8.314696e-01 -0.000000e+00 -5.555702e-01
    outer loop
      vertex   -2.504508e+01 0.000000e+00 -2.018893e+01
      vertex   -2.504508e+01 -9.000000e+00 -2.018893e+01
      vertex   -2.526320e+01 0.000000e+00 -1.986249e+01
    endloop
  endfacet
  facet normal -8.314696e-01 -0.000000e+00 -5.555702e-01
    outer loop
      vertex   -2.526320e+01 0.000000e+00 -1.986249e+01
      vertex   -2.504508e+01 -9.000000e+00 -2.018893e+01
      vertex   -2.526320e+01 -9.000000e+00 -1.986249e+01
    endloop
  endfacet
  facet normal -8.724960e-01 -0.000000e+00 -4.886212e-01
    outer loop
      vertex   -2.526320e+01 0.000000e+00 -1.986249e+01
      vertex   -2.526320e+01 -9.000000e+00 -1.986249e+01
      vertex   -2.545503e+01 0.000000e+00 -1.951995e+01
    endloop
  endfacet
  facet normal -8.724960e-01 -0.000000e+00 -4.886212e-01
    outer loop
      vertex   -2.545503e+01 0.000000e+00 -1.951995e+01
      vertex   -2.526320e+01 -9.000000e+00 -1.986249e+01
      vertex   -2.545503e+01 -9.000000e+00 -1.951995e+01
    endloop
  endfacet
  facet normal -9.081432e-01 -0.000000e+00 -4.186597e-01
    outer loop
      vertex   -2.545503e+01 0.000000e+00 -1.951995e+01
      vertex   -2.545503e+01 -9.000000e+00 -1.951995e+01
      vertex   -2.561940e+01 0.000000e+00 -1.916342e+01
    endloop
  endfacet
  facet normal -9.081432e-01 -0.000000e+00 -4.186597e-01
    outer loop
      vertex   -2.561940e+01 0.000000e+00 -1.916342e+01
      vertex   -2.545503e+01 -9.000000e+00 -1.951995e+01
      vertex   -2.561940e+01 -9.000000e+00 -1.916342e+01
    endloop
  endfacet
  facet normal -9.381913e-01 -0.000000e+00 -3.461171e-01
    outer loop
      vertex   -2.561940e+01 0.000000e+00 -1.916342e+01
      vertex   -2.561940e+01 -9.000000e+00 -1.916342e+01
      vertex   -2.575528e+01 0.000000e+00 -1.879508e+01
    endloop
  endfacet
  facet normal -9.381913e-01 -0.000000e+00 -3.461171e-01
    outer loop
      vertex   -2.575528e+01 0.000000e+00 -1.879508e+01
      vertex   -2.561940e+01 -9.000000e+00 -1.916342e+01
      vertex   -2.575528e+01 -9.000000e+00 -1.879508e+01
    endloop
  endfacet
  facet normal -9.624552e-01 -0.000000e+00 -2.714404e-01
    outer loop
      vertex   -2.575528e+01 0.000000e+00 -1.879508e+01
      vertex   -2.575528e+01 -9.000000e+00 -1.879508e+01
      vertex   -2.586185e+01 0.000000e+00 -1.841723e+01
    endloop
  endfacet
  facet normal -9.624552e-01 -0.000000e+00 -2.714404e-01
    outer loop
      vertex   -2.586185e+01 0.000000e+00 -1.841723e+01
      vertex   -2.575528e+01 -9.000000e+00 -1.879508e+01
      vertex   -2.586185e+01 -9.000000e+00 -1.841723e+01
    endloop
  endfacet
  facet normal -9.807853e-01 -0.000000e+00 -1.950903e-01
    outer loop
      vertex   -2.586185e+01 0.000000e+00 -1.841723e+01
      vertex   -2.586185e+01 -9.000000e+00 -1.841723e+01
      vertex   -2.593844e+01 0.000000e+00 -1.803217e+01
    endloop
  endfacet
  facet normal -9.807853e-01 -0.000000e+00 -1.950903e-01
    outer loop
      vertex   -2.593844e+01 0.000000e+00 -1.803217e+01
      vertex   -2.586185e+01 -9.000000e+00 -1.841723e+01
      vertex   -2.593844e+01 -9.000000e+00 -1.803217e+01
    endloop
  endfacet
  facet normal -9.930685e-01 -0.000000e+00 -1.175374e-01
    outer loop
      vertex   -2.593844e+01 0.000000e+00 -1.803217e+01
      vertex   -2.593844e+01 -9.000000e+00 -1.803217e+01
      vertex   -2.598459e+01 0.000000e+00 -1.764230e+01
    endloop
  endfacet
  facet normal -9.930685e-01 -0.000000e+00 -1.175374e-01
    outer loop
      vertex   -2.598459e+01 0.000000e+00 -1.764230e+01
      vertex   -2.593844e+01 -9.000000e+00 -1.803217e+01
      vertex   -2.598459e+01 -9.000000e+00 -1.764230e+01
    endloop
  endfacet
  facet normal -9.992290e-01 -0.000000e+00 -3.925982e-02
    outer loop
      vertex   -2.598459e+01 0.000000e+00 -1.764230e+01
      vertex   -2.598459e+01 -9.000000e+00 -1.764230e+01
      vertex   -2.600000e+01 0.000000e+00 -1.725000e+01
    endloop
  endfacet
  facet normal -9.992290e-01 -7.888833e-16 -3.925982e-02
    outer loop
      vertex   -2.600000e+01 0.000000e+00 -1.725000e+01
      vertex   -2.598459e+01 -9.000000e+00 -1.764230e+01
      vertex   -2.600000e+01 -9.000000e+00 -1.725000e+01
    endloop
  endfacet
  facet normal 0.000000e+00 -1.000000e+00 0.000000e+00
    outer loop
      vertex   -2.100000e+01 -1.000000e+01 -2.125000e+01
      vertex   2.100000e+01 -1.000000e+01 -2.125000e+01
      vertex   2.100000e+01 -1.000000e+01 -2.075000e+01
    endloop
  endfacet
  facet normal 0.000000e+00 -1.000000e+00 0.000000e+00
    outer loop
      vertex   2.100000e+01 -1.000000e+01 -2.075000e+01
      vertex   2.100000e+01 -1.000000e+01 -2.125000e+01
      vertex   2.134862e+01 -1.000000e+01 -2.123478e+01
    endloop
  endfacet
  facet normal 0.000000e+00 -1.000000e+00 0.000000e+00
    outer loop
      vertex   2.100000e+01 -1.000000e+01 -2.075000e+01
      vertex   2.134862e+01 -1.000000e+01 -2.123478e+01
      vertex   2.132294e+01 -1.000000e+01 -2.073507e+01
    endloop
  endfacet
  facet normal 0.000000e+00 -1.000000e+00 0.000000e+00
    outer loop
      vertex   2.132294e+01 -1.000000e+01 -2.073507e+01
      vertex   2.134862e+01 -1.000000e+01 -2.123478e+01
      vertex   2.169459e+01 -1.000000e+01 -2.118923e+01
    endloop
  endfacet
  facet normal 0.000000e+00 -1.000000e+00 0.000000e+00
    outer loop
      vertex   2.132294e+01 -1.000000e+01 -2.073507e+01
      vertex   2.169459e+01 -1.000000e+01 -2.118923e+01
      vertex   2.164312e+01 -1.000000e+01 -2.069041e+01
    endloop
  endfacet
  facet normal 0.000000e+00 -1.000000e+00 0.000000e+00
    outer loop
      vertex   2.164312e+01 -1.000000e+01 -2.069041e+01
      vertex   2.169459e+01 -1.000000e+01 -2.118923e+01
      vertex   2.203528e+01 -1.000000e+01 -2.111370e+01
    endloop
  endfacet
  facet normal 0.000000e+00 -1.000000e+00 0.000000e+00
    outer loop
      vertex   2.164312e+01 -1.000000e+01 -2.069041e+01
      vertex   2.203528e+01 -1.000000e+01 -2.111370e+01
      vertex   2.195782e+01 -1.000000e+01 -2.061639e+01
    endloop
  endfacet
  facet normal 0.000000e+00 -1.000000e+00 0.000000e+00
    outer loop
      vertex   2.195782e+01 -1.000000e+01 -2.061639e+01
      vertex   2.203528e+01 -1.000000e+01 -2.111370e+01
      vertex   2.236808e+01 -1.000000e+01 -2.100877e+01
    endloop
  endfacet
  facet normal 0.000000e+00 -1.000000e+00 0.000000e+00
    outer loop
      vertex   2.195782e+01 -1.000000e+01 -2.061639e+01
      vertex   2.236808e+01 -1.000000e+01 -2.100877e+01
      vertex   2.226435e+01 -1.000000e+01 -2.051365e+01
    endloop
  endfacet
  facet normal 0.000000e+00 -1.000000e+00 0.000000e+00
    outer loop
      vertex   2.226435e+01 -1.000000e+01 -2.051365e+01
      vertex   2.236808e+01 -1.000000e+01 -2.100877e+01
      vertex   2.269047e+01 -1.000000e+01 -2.087523e+01
    endloop
  endfacet
  facet normal 0.000000e+00 -1.000000e+00 0.000000e+00
    outer loop
      vertex   2.226435e+01 -1.000000e+01 -2.051365e+01
      vertex   2.269047e+01 -1.000000e+01 -2.087523e+01
      vertex   2.256008e+01 -1.000000e+01 -2.038307e+01
    endloop
  endfacet
  facet normal 0.000000e+00 -1.000000e+00 0.000000e+00
    outer loop
      vertex   2.256008e+01 -1.000000e+01 -2.038307e+01
      vertex   2.269047e+01 -1.000000e+01 -2.087523e+01
      vertex   2.300000e+01 -1.000000e+01 -2.071410e+01
    endloop
  endfacet
  facet normal 0.000000e+00 -1.000000e+00 0.000000e+00
    outer loop
      vertex   2.256008e+01 -1.000000e+01 -2.038307e+01
      vertex   2.300000e+01 -1.000000e+01 -2.071410e+01
      vertex   2.284251e+01 -1.000000e+01 -2.022576e+01
    endloop
  endfacet
  facet normal 0.000000e+00 -1.000000e+00 0.000000e+00
    outer loop
      vertex   2.284251e+01 -1.000000e+01 -2.022576e+01
      vertex   2.300000e+01 -1.000000e+01 -2.071410e+01
      vertex   2.329431e+01 -1.000000e+01 -2.052661e+01
    endloop
  endfacet
  facet normal 0.000000e+00 -1.000000e+00 0.000000e+00
    outer loop
      vertex   2.284251e+01 -1.000000e+01 -2.022576e+01
      vertex   2.329431e+01 -1.000000e+01 -2.052661e+01
      vertex   2.310922e+01 -1.000000e+01 -2.004306e+01
    endloop
  endfacet
  facet normal 0.000000e+00 -1.000000e+00 0.000000e+00
    outer loop
      vertex   2.310922e+01 -1.000000e+01 -2.004306e+01
      vertex   2.329431e+01 -1.000000e+01 -2.052661e+01
      vertex   2.357115e+01 -1.000000e+01 -2.031418e+01
    endloop
  endfacet
  facet normal 0.000000e+00 -1.000000e+00 0.000000e+00
    outer loop
      vertex   2.310922e+01 -1.000000e+01 -2.004306e+01
      vertex   2.357115e+01 -1.000000e+01 -2.031418e+01
      vertex   2.335793e+01 -1.000000e+01 -1.983653e+01
    endloop
  endfacet
  facet normal 0.000000e+00 -1.000000e+00 0.000000e+00
    outer loop
      vertex   2.335793e+01 -1.000000e+01 -1.983653e+01
      vertex   2.357115e+01 -1.000000e+01 -2.031418e+01
      vertex   2.382843e+01 -1.000000e+01 -2.007843e+01
    endloop
  endfacet
  facet normal 0.000000e+00 -1.000000e+00 0.000000e+00
    outer loop
      vertex   2.335793e+01 -1.000000e+01 -1.983653e+01
      vertex   2.382843e+01 -1.000000e+01 -2.007843e+01
      vertex   2.358653e+01 -1.000000e+01 -1.960793e+01
    endloop
  endfacet
  facet normal 0.000000e+00 -1.000000e+00 0.000000e+00
    outer loop
      vertex   2.358653e+01 -1.000000e+01 -1.960793e+01
      vertex   2.382843e+01 -1.000000e+01 -2.007843e+01
      vertex   2.406418e+01 -1.000000e+01 -1.982115e+01
    endloop
  endfacet
  facet normal 0.000000e+00 -1.000000e+00 0.000000e+00
    outer loop
      vertex   2.358653e+01 -1.000000e+01 -1.960793e+01
      vertex   2.406418e+01 -1.000000e+01 -1.982115e+01
      vertex   2.379306e+01 -1.000000e+01 -1.935922e+01
    endloop
  endfacet
  facet normal 0.000000e+00 -1.000000e+00 0.000000e+00
    outer loop
      vertex   2.379306e+01 -1.000000e+01 -1.935922e+01
      vertex   2.406418e+01 -1.000000e+01 -1.982115e+01
      vertex   2.427661e+01 -1.000000e+01 -1.954431e+01
    endloop
  endfacet
  facet normal 0.000000e+00 -1.000000e+00 0.000000e+00
    outer loop
      vertex   2.379306e+01 -1.000000e+01 -1.935922e+01
      vertex   2.427661e+01 -1.000000e+01 -1.954431e+01
      vertex   2.397576e+01 -1.000000e+01 -1.909251e+01
    endloop
  endfacet
  facet normal 0.000000e+00 -1.000000e+00 0.000000e+00
    outer loop
      vertex   2.397576e+01 -1.000000e+01 -1.909251e+01
      vertex   2.427661e+01 -1.000000e+01 -1.954431e+01
      vertex   2.446410e+01 -1.000000e+01 -1.925000e+01
    endloop
  endfacet
  facet normal 0.000000e+00 -1.000000e+00 0.000000e+00
    outer loop
      vertex   2.397576e+01 -1.000000e+01 -1.909251e+01
      vertex   2.446410e+01 -1.000000e+01 -1.925000e+01
      vertex   2.413307e+01 -1.000000e+01 -1.881008e+01
    endloop
  endfacet
  facet normal 0.000000e+00 -1.000000e+00 0.000000e+00
    outer loop
      vertex   2.413307e+01 -1.000000e+01 -1.881008e+01
      vertex   2.446410e+01 -1.000000e+01 -1.925000e+01
      vertex   2.462523e+01 -1.000000e+01 -1.894047e+01
    endloop
  endfacet
  facet normal 0.000000e+00 -1.000000e+00 0.000000e+00
    outer loop
      vertex   2.413307e+01 -1.000000e+01 -1.881008e+01
      vertex   2.462523e+01 -1.000000e+01 -1.894047e+01
      vertex   2.426365e+01 -1.000000e+01 -1.851435e+01
    endloop
  endfacet
  facet normal 0.000000e+00 -1.000000e+00 0.000000e+00
    outer loop
      vertex   2.426365e+01 -1.000000e+01 -1.851435e+01
      vertex   2.462523e+01 -1.000000e+01 -1.894047e+01
      vertex   2.475877e+01 -1.000000e+01 -1.861808e+01
    endloop
  endfacet
  facet normal 0.000000e+00 -1.000000e+00 0.000000e+00
    outer loop
      vertex   2.426365e+01 -1.000000e+01 -1.851435e+01
      vertex   2.475877e+01 -1.000000e+01 -1.861808e+01
      vertex   2.436639e+01 -1.000000e+01 -1.820782e+01
    endloop
  endfacet
  facet normal 0.000000e+00 -1.000000e+00 0.000000e+00
    outer loop
      vertex   2.436639e+01 -1.000000e+01 -1.820782e+01
      vertex   2.475877e+01 -1.000000e+01 -1.861808e+01
      vertex   2.486370e+01 -1.000000e+01 -1.828528e+01
    endloop
  endfacet
  facet normal 0.000000e+00 -1.000000e+00 0.000000e+00
    outer loop
      vertex   2.436639e+01 -1.000000e+01 -1.820782e+01
      vertex   2.486370e+01 -1.000000e+01 -1.828528e+01
      vertex   2.444041e+01 -1.000000e+01 -1.789312e+01
    endloop
  endfacet
  facet normal 0.000000e+00 -1.000000e+00 0.000000e+00
    outer loop
      vertex   2.444041e+01 -1.000000e+01 -1.789312e+01
      vertex   2.486370e+01 -1.000000e+01 -1.828528e+01
      vertex   2.493923e+01 -1.000000e+01 -1.794459e+01
    endloop
  endfacet
  facet normal 0.000000e+00 -1.000000e+00 0.000000e+00
    outer loop
      vertex   2.444041e+01 -1.000000e+01 -1.789312e+01
      vertex   2.493923e+01 -1.000000e+01 -1.794459e+01
      vertex   2.448507e+01 -1.000000e+01 -1.757294e+01
    endloop
  endfacet
  facet normal 0.000000e+00 -1.000000e+00 0.000000e+00
    outer loop
      vertex   2.448507e+01 -1.000000e+01 -1.757294e+01
      vertex   2.493923e+01 -1.000000e+01 -1.794459e+01
      vertex   2.498478e+01 -1.000000e+01 -1.759862e+01
    endloop
  endfacet
  facet normal 0.000000e+00 -1.000000e+00 0.000000e+00
    outer loop
      vertex   2.448507e+01 -1.000000e+01 -1.757294e+01
      vertex   2.498478e+01 -1.000000e+01 -1.759862e+01
      vertex   2.450000e+01 -1.000000e+01 -1.725000e+01
    endloop
  endfacet
  facet normal 0.000000e+00 -1.000000e+00 0.000000e+00
    outer loop
      vertex   2.450000e+01 -1.000000e+01 -1.725000e+01
      vertex   2.498478e+01 -1.000000e+01 -1.759862e+01
      vertex   2.500000e+01 -1.000000e+01 -1.725000e+01
    endloop
  endfacet
  facet normal 0.000000e+00 -1.000000e+00 0.000000e+00
    outer loop
      vertex   2.450000e+01 -1.000000e+01 -1.725000e+01
      vertex   2.500000e+01 -1.000000e+01 -1.725000e+01
      vertex   2.450000e+01 -1.000000e+01 1.605000e+01
    endloop
  endfacet
  facet normal 0.000000e+00 -1.000000e+00 0.000000e+00
    outer loop
      vertex   2.450000e+01 -1.000000e+01 1.605000e+01
      vertex   2.500000e+01 -1.000000e+01 -1.725000e+01
      vertex   2.500000e+01 -1.000000e+01 1.713579e+01
    endloop
  endfacet
  facet normal 0.000000e+00 -1.000000e+00 0.000000e+00
    outer loop
      vertex   2.450000e+01 -1.000000e+01 1.605000e+01
      vertex   2.500000e+01 -1.000000e+01 1.713579e+01
      vertex   2.250000e+01 -1.000000e+01 1.805000e+01
    endloop
  endfacet
  facet normal 0.000000e+00 -1.000000e+00 0.000000e+00
    outer loop
      vertex   2.250000e+01 -1.000000e+01 1.805000e+01
      vertex   2.500000e+01 -1.000000e+01 1.713579e+01
      vertex   2.358579e+01 -1.000000e+01 1.855000e+01
    endloop
  endfacet
  facet normal 0.000000e+00 -1.000000e+00 0.000000e+00
    outer loop
      vertex   2.250000e+01 -1.000000e+01 1.805000e+01
      vertex   2.358579e+01 -1.000000e+01 1.855000e+01
      vertex   -2.358579e+01 -1.000000e+01 1.855000e+01
    endloop
  endfacet
  facet normal 0.000000e+00 -1.000000e+00 0.000000e+00
    outer loop
      vertex   2.250000e+01 -1.000000e+01 1.805000e+01
      vertex   -2.358579e+01 -1.000000e+01 1.855000e+01
      vertex   -2.250000e+01 -1.000000e+01 1.805000e+01
    endloop
  endfacet
  facet normal -0.000000e+00 -1.000000e+00 0.000000e+00
    outer loop
      vertex   -2.250000e+01 -1.000000e+01 1.805000e+01
      vertex   -2.358579e+01 -1.000000e+01 1.855000e+01
      vertex   -2.500000e+01 -1.000000e+01 1.713579e+01
    endloop
  endfacet
  facet normal 0.000000e+00 -1.000000e+00 0.000000e+00
    outer loop
      vertex   -2.250000e+01 -1.000000e+01 1.805000e+01
      vertex   -2.500000e+01 -1.000000e+01 1.713579e+01
      vertex   -2.450000e+01 -1.000000e+01 1.605000e+01
    endloop
  endfacet
  facet normal -0.000000e+00 -1.000000e+00 0.000000e+00
    outer loop
      vertex   -2.450000e+01 -1.000000e+01 1.605000e+01
      vertex   -2.500000e+01 -1.000000e+01 1.713579e+01
      vertex   -2.500000e+01 -1.000000e+01 -1.725000e+01
    endloop
  endfacet
  facet normal 0.000000e+00 -1.000000e+00 -0.000000e+00
    outer loop
      vertex   -2.450000e+01 -1.000000e+01 1.605000e+01
      vertex   -2.500000e+01 -1.000000e+01 -1.725000e+01
      vertex   -2.450000e+01 -1.000000e+01 -1.725000e+01
    endloop
  endfacet
  facet normal -0.000000e+00 -1.000000e+00 0.000000e+00
    outer loop
      vertex   -2.450000e+01 -1.000000e+01 -1.725000e+01
      vertex   -2.500000e+01 -1.000000e+01 -1.725000e+01
      vertex   -2.498478e+01 -1.000000e+01 -1.759862e+01
    endloop
  endfacet
  facet normal 0.000000e+00 -1.000000e+00 -0.000000e+00
    outer loop
      vertex   -2.450000e+01 -1.000000e+01 -1.725000e+01
      vertex   -2.498478e+01 -1.000000e+01 -1.759862e+01
      vertex   -2.448507e+01 -1.000000e+01 -1.757294e+01
    endloop
  endfacet
  facet normal 0.000000e+00 -1.000000e+00 0.000000e+00
    outer loop
      vertex   -2.448507e+01 -1.000000e+01 -1.757294e+01
      vertex   -2.498478e+01 -1.000000e+01 -1.759862e+01
      vertex   -2.493923e+01 -1.000000e+01 -1.794459e+01
    endloop
  endfacet
  facet normal 0.000000e+00 -1.000000e+00 -0.000000e+00
    outer loop
      vertex   -2.448507e+01 -1.000000e+01 -1.757294e+01
      vertex   -2.493923e+01 -1.000000e+01 -1.794459e+01
      vertex   -2.444041e+01 -1.000000e+01 -1.789312e+01
    endloop
  endfacet
  facet normal 0.000000e+00 -1.000000e+00 0.000000e+00
    outer loop
      vertex   -2.444041e+01 -1.000000e+01 -1.789312e+01
      vertex   -2.493923e+01 -1.000000e+01 -1.794459e+01
      vertex   -2.486370e+01 -1.000000e+01 -1.828528e+01
    endloop
  endfacet
  facet normal 0.000000e+00 -1.000000e+00 -0.000000e+00
    outer loop
      vertex   -2.444041e+01 -1.000000e+01 -1.789312e+01
      vertex   -2.486370e+01 -1.000000e+01 -1.828528e+01
      vertex   -2.436639e+01 -1.000000e+01 -1.820782e+01
    endloop
  endfacet
  facet normal 0.000000e+00 -1.000000e+00 0.000000e+00
    outer loop
      vertex   -2.436639e+01 -1.000000e+01 -1.820782e+01
      vertex   -2.486370e+01 -1.000000e+01 -1.828528e+01
      vertex   -2.475877e+01 -1.000000e+01 -1.861808e+01
    endloop
  endfacet
  facet normal 0.000000e+00 -1.000000e+00 -0.000000e+00
    outer loop
      vertex   -2.436639e+01 -1.000000e+01 -1.820782e+01
      vertex   -2.475877e+01 -1.000000e+01 -1.861808e+01
      vertex   -2.426365e+01 -1.000000e+01 -1.851435e+01
    endloop
  endfacet
  facet normal 0.000000e+00 -1.000000e+00 0.000000e+00
    outer loop
      vertex   -2.426365e+01 -1.000000e+01 -1.851435e+01
      vertex   -2.475877e+01 -1.000000e+01 -1.861808e+01
      vertex   -2.462523e+01 -1.000000e+01 -1.894047e+01
    endloop
  endfacet
  facet normal 0.000000e+00 -1.000000e+00 -0.000000e+00
    outer loop
      vertex   -2.426365e+01 -1.000000e+01 -1.851435e+01
      vertex   -2.462523e+01 -1.000000e+01 -1.894047e+01
      vertex   -2.413307e+01 -1.000000e+01 -1.881008e+01
    endloop
  endfacet
  facet normal 0.000000e+00 -1.000000e+00 0.000000e+00
    outer loop
      vertex   -2.413307e+01 -1.000000e+01 -1.881008e+01
      vertex   -2.462523e+01 -1.000000e+01 -1.894047e+01
      vertex   -2.446410e+01 -1.000000e+01 -1.925000e+01
    endloop
  endfacet
  facet normal 0.000000e+00 -1.000000e+00 -0.000000e+00
    outer loop
      vertex   -2.413307e+01 -1.000000e+01 -1.881008e+01
      vertex   -2.446410e+01 -1.000000e+01 -1.925000e+01
      vertex   -2.397576e+01 -1.000000e+01 -1.909251e+01
    endloop
  endfacet
  facet normal 0.000000e+00 -1.000000e+00 0.000000e+00
    outer loop
      vertex   -2.397576e+01 -1.000000e+01 -1.909251e+01
      vertex   -2.446410e+01 -1.000000e+01 -1.925000e+01
      vertex   -2.427661e+01 -1.000000e+01 -1.954431e+01
    endloop
  endfacet
  facet normal 0.000000e+00 -1.000000e+00 -0.000000e+00
    outer loop
      vertex   -2.397576e+01 -1.000000e+01 -1.909251e+01
      vertex   -2.427661e+01 -1.000000e+01 -1.954431e+01
      vertex   -2.379306e+01 -1.000000e+01 -1.935922e+01
    endloop
  endfacet
  facet normal 0.000000e+00 -1.000000e+00 0.000000e+00
    outer loop
      vertex   -2.379306e+01 -1.000000e+01 -1.935922e+01
      vertex   -2.427661e+01 -1.000000e+01 -1.954431e+01
      vertex   -2.406418e+01 -1.000000e+01 -1.982115e+01
    endloop
  endfacet
  facet normal 0.000000e+00 -1.000000e+00 -0.000000e+00
    outer loop
      vertex   -2.379306e+01 -1.000000e+01 -1.935922e+01
      vertex   -2.406418e+01 -1.000000e+01 -1.982115e+01
      vertex   -2.358653e+01 -1.000000e+01 -1.960793e+01
    endloop
  endfacet
  facet normal 0.000000e+00 -1.000000e+00 0.000000e+00
    outer loop
      vertex   -2.358653e+01 -1.000000e+01 -1.960793e+01
      vertex   -2.406418e+01 -1.000000e+01 -1.982115e+01
      vertex   -2.382843e+01 -1.000000e+01 -2.007843e+01
    endloop
  endfacet
  facet normal 0.000000e+00 -1.000000e+00 -0.000000e+00
    outer loop
      vertex   -2.358653e+01 -1.000000e+01 -1.960793e+01
      vertex   -2.382843e+01 -1.000000e+01 -2.007843e+01
      vertex   -2.335793e+01 -1.000000e+01 -1.983653e+01
    endloop
  endfacet
  facet normal 0.000000e+00 -1.000000e+00 0.000000e+00
    outer loop
      vertex   -2.335793e+01 -1.000000e+01 -1.983653e+01
      vertex   -2.382843e+01 -1.000000e+01 -2.007843e+01
      vertex   -2.357115e+01 -1.000000e+01 -2.031418e+01
    endloop
  endfacet
  facet normal 0.000000e+00 -1.000000e+00 -0.000000e+00
    outer loop
      vertex   -2.335793e+01 -1.000000e+01 -1.983653e+01
      vertex   -2.357115e+01 -1.000000e+01 -2.031418e+01
      vertex   -2.310922e+01 -1.000000e+01 -2.004306e+01
    endloop
  endfacet
  facet normal 0.000000e+00 -1.000000e+00 0.000000e+00
    outer loop
      vertex   -2.310922e+01 -1.000000e+01 -2.004306e+01
      vertex   -2.357115e+01 -1.000000e+01 -2.031418e+01
      vertex   -2.329431e+01 -1.000000e+01 -2.052661e+01
    endloop
  endfacet
  facet normal 0.000000e+00 -1.000000e+00 -0.000000e+00
    outer loop
      vertex   -2.310922e+01 -1.000000e+01 -2.004306e+01
      vertex   -2.329431e+01 -1.000000e+01 -2.052661e+01
      vertex   -2.284251e+01 -1.000000e+01 -2.022576e+01
    endloop
  endfacet
  facet normal 0.000000e+00 -1.000000e+00 0.000000e+00
    outer loop
      vertex   -2.284251e+01 -1.000000e+01 -2.022576e+01
      vertex   -2.329431e+01 -1.000000e+01 -2.052661e+01
      vertex   -2.300000e+01 -1.000000e+01 -2.071410e+01
    endloop
  endfacet
  facet normal 0.000000e+00 -1.000000e+00 -0.000000e+00
    outer loop
      vertex   -2.284251e+01 -1.000000e+01 -2.022576e+01
      vertex   -2.300000e+01 -1.000000e+01 -2.071410e+01
      vertex   -2.256008e+01 -1.000000e+01 -2.038307e+01
    endloop
  endfacet
  facet normal 0.000000e+00 -1.000000e+00 0.000000e+00
    outer loop
      vertex   -2.256008e+01 -1.000000e+01 -2.038307e+01
      vertex   -2.300000e+01 -1.000000e+01 -2.071410e+01
      vertex   -2.269047e+01 -1.000000e+01 -2.087523e+01
    endloop
  endfacet
  facet normal 0.000000e+00 -1.000000e+00 -0.000000e+00
    outer loop
      vertex   -2.256008e+01 -1.000000e+01 -2.038307e+01
      vertex   -2.269047e+01 -1.000000e+01 -2.087523e+01
      vertex   -2.226435e+01 -1.000000e+01 -2.051365e+01
    endloop
  endfacet
  facet normal 0.000000e+00 -1.000000e+00 0.000000e+00
    outer loop
      vertex   -2.226435e+01 -1.000000e+01 -2.051365e+01
      vertex   -2.269047e+01 -1.000000e+01 -2.087523e+01
      vertex   -2.236808e+01 -1.000000e+01 -2.100877e+01
    endloop
  endfacet
  facet normal 0.000000e+00 -1.000000e+00 -0.000000e+00
    outer loop
      vertex   -2.226435e+01 -1.000000e+01 -2.051365e+01
      vertex   -2.236808e+01 -1.000000e+01 -2.100877e+01
      vertex   -2.195782e+01 -1.000000e+01 -2.061639e+01
    endloop
  endfacet
  facet normal 0.000000e+00 -1.000000e+00 0.000000e+00
    outer loop
      vertex   -2.195782e+01 -1.000000e+01 -2.061639e+01
      vertex   -2.236808e+01 -1.000000e+01 -2.100877e+01
      vertex   -2.203528e+01 -1.000000e+01 -2.111370e+01
    endloop
  endfacet
  facet normal 0.000000e+00 -1.000000e+00 -0.000000e+00
    outer loop
      vertex   -2.195782e+01 -1.000000e+01 -2.061639e+01
      vertex   -2.203528e+01 -1.000000e+01 -2.111370e+01
      vertex   -2.164312e+01 -1.000000e+01 -2.069041e+01
    endloop
  endfacet
  facet normal 0.000000e+00 -1.000000e+00 0.000000e+00
    outer loop
      vertex   -2.164312e+01 -1.000000e+01 -2.069041e+01
      vertex   -2.203528e+01 -1.000000e+01 -2.111370e+01
      vertex   -2.169459e+01 -1.000000e+01 -2.118923e+01
    endloop
  endfacet
  facet normal 0.000000e+00 -1.000000e+00 -0.000000e+00
    outer loop
      vertex   -2.164312e+01 -1.000000e+01 -2.069041e+01
      vertex   -2.169459e+01 -1.000000e+01 -2.118923e+01
      vertex   -2.132294e+01 -1.000000e+01 -2.073507e+01
    endloop
  endfacet
  facet normal 0.000000e+00 -1.000000e+00 0.000000e+00
    outer loop
      vertex   -2.132294e+01 -1.000000e+01 -2.073507e+01
      vertex   -2.169459e+01 -1.000000e+01 -2.118923e+01
      vertex   -2.134862e+01 -1.000000e+01 -2.123478e+01
    endloop
  endfacet
  facet normal 0.000000e+00 -1.000000e+00 -0.000000e+00
    outer loop
      vertex   -2.132294e+01 -1.000000e+01 -2.073507e+01
      vertex   -2.134862e+01 -1.000000e+01 -2.123478e+01
      vertex   -2.100000e+01 -1.000000e+01 -2.075000e+01
    endloop
  endfacet
  facet normal 0.000000e+00 -1.000000e+00 -0.000000e+00
    outer loop
      vertex   -2.100000e+01 -1.000000e+01 -2.075000e+01
      vertex   -2.134862e+01 -1.000000e+01 -2.123478e+01
      vertex   -2.100000e+01 -1.000000e+01 -2.125000e+01
    endloop
  endfacet
  facet normal 0.000000e+00 -1.000000e+00 0.000000e+00
    outer loop
      vertex   -2.100000e+01 -1.000000e+01 -2.075000e+01
      vertex   -2.100000e+01 -1.000000e+01 -2.125000e+01
      vertex   2.100000e+01 -1.000000e+01 -2.075000e+01
    endloop
  endfacet
  facet normal -7.071068e-01 0.000000e+00 -7.071068e-01
    outer loop
      vertex   2.250000e+01 -1.000000e+01 1.805000e+01
      vertex   2.250000e+01 1.000000e+00 1.805000e+01
      vertex   2.450000e+01 -1.000000e+01 1.605000e+01
    endloop
  endfacet
  facet normal -7.071068e-01 0.000000e+00 -7.071068e-01
    outer loop
      vertex   2.450000e+01 -1.000000e+01 1.605000e+01
      vertex   2.250000e+01 1.000000e+00 1.805000e+01
      vertex   2.450000e+01 1.000000e+00 1.605000e+01
    endloop
  endfacet
  facet normal 7.071068e-01 0.000000e+00 7.071068e-01
    outer loop
      vertex   2.400000e+01 0.000000e+00 1.955000e+01
      vertex   2.400000e+01 -9.000000e+00 1.955000e+01
      vertex   2.600000e+01 0.000000e+00 1.755000e+01
    endloop
  endfacet
  facet normal 7.071068e-01 0.000000e+00 7.071068e-01
    outer loop
      vertex   2.600000e+01 0.000000e+00 1.755000e+01
      vertex   2.400000e+01 -9.000000e+00 1.955000e+01
      vertex   2.600000e+01 -9.000000e+00 1.755000e+01
    endloop
  endfacet
  facet normal 7.071068e-01 0.000000e+00 -7.071068e-01
    outer loop
      vertex   -2.450000e+01 -1.000000e+01 1.605000e+01
      vertex   -2.450000e+01 1.000000e+00 1.605000e+01
      vertex   -2.250000e+01 -1.000000e+01 1.805000e+01
    endloop
  endfacet
  facet normal 7.071068e-01 0.000000e+00 -7.071068e-01
    outer loop
      vertex   -2.250000e+01 -1.000000e+01 1.805000e+01
      vertex   -2.450000e+01 1.000000e+00 1.605000e+01
      vertex   -2.250000e+01 1.000000e+00 1.805000e+01
    endloop
  endfacet
  facet normal -7.071068e-01 0.000000e+00 7.071068e-01
    outer loop
      vertex   -2.600000e+01 0.000000e+00 1.755000e+01
      vertex   -2.600000e+01 -9.000000e+00 1.755000e+01
      vertex   -2.400000e+01 0.000000e+00 1.955000e+01
    endloop
  endfacet
  facet normal -7.071068e-01 0.000000e+00 7.071068e-01
    outer loop
      vertex   -2.400000e+01 0.000000e+00 1.955000e+01
      vertex   -2.600000e+01 -9.000000e+00 1.755000e+01
      vertex   -2.400000e+01 -9.000000e+00 1.955000e+01
    endloop
  endfacet
  facet normal -7.071068e-01 -7.071068e-01 -0.000000e+00
    outer loop
      vertex   -2.600000e+01 -9.000000e+00 1.755000e+01
      vertex   -2.600000e+01 -9.000000e+00 -1.725000e+01
      vertex   -2.500000e+01 -1.000000e+01 1.713579e+01
    endloop
  endfacet
  facet normal -7.071068e-01 -7.071068e-01 -0.000000e+00
    outer loop
      vertex   -2.500000e+01 -1.000000e+01 1.713579e+01
      vertex   -2.600000e+01 -9.000000e+00 -1.725000e+01
      vertex   -2.500000e+01 -1.000000e+01 -1.725000e+01
    endloop
  endfacet
  facet normal -7.068340e-01 -7.068340e-01 -2.777159e-02
    outer loop
      vertex   -2.600000e+01 -9.000000e+00 -1.725000e+01
      vertex   -2.598459e+01 -9.000000e+00 -1.764230e+01
      vertex   -2.500000e+01 -1.000000e+01 -1.725000e+01
    endloop
  endfacet
  facet normal -7.061649e-01 -7.073758e-01 -3.083183e-02
    outer loop
      vertex   -2.500000e+01 -1.000000e+01 -1.725000e+01
      vertex   -2.598459e+01 -9.000000e+00 -1.764230e+01
      vertex   -2.498478e+01 -1.000000e+01 -1.759862e+01
    endloop
  endfacet
  facet normal -7.029042e-01 -7.064024e-01 -8.319419e-02
    outer loop
      vertex   -2.498478e+01 -1.000000e+01 -1.759862e+01
      vertex   -2.598459e+01 -9.000000e+00 -1.764230e+01
      vertex   -2.593844e+01 -9.000000e+00 -1.803217e+01
    endloop
  endfacet
  facet normal -7.003239e-01 -7.078459e-01 -9.219938e-02
    outer loop
      vertex   -2.498478e+01 -1.000000e+01 -1.759862e+01
      vertex   -2.593844e+01 -9.000000e+00 -1.803217e+01
      vertex   -2.493923e+01 -1.000000e+01 -1.794459e+01
    endloop
  endfacet
  facet normal -6.945273e-01 -7.060782e-01 -1.381501e-01
    outer loop
      vertex   -2.493923e+01 -1.000000e+01 -1.794459e+01
      vertex   -2.593844e+01 -9.000000e+00 -1.803217e+01
      vertex   -2.586185e+01 -9.000000e+00 -1.841723e+01
    endloop
  endfacet
  facet normal -6.892951e-01 -7.081811e-01 -1.528130e-01
    outer loop
      vertex   -2.493923e+01 -1.000000e+01 -1.794459e+01
      vertex   -2.586185e+01 -9.000000e+00 -1.841723e+01
      vertex   -2.486370e+01 -1.000000e+01 -1.828528e+01
    endloop
  endfacet
  facet normal -6.817548e-01 -7.058618e-01 -1.922747e-01
    outer loop
      vertex   -2.486370e+01 -1.000000e+01 -1.828528e+01
      vertex   -2.586185e+01 -9.000000e+00 -1.841723e+01
      vertex   -2.575528e+01 -9.000000e+00 -1.879508e+01
    endloop
  endfacet
  facet normal -6.731613e-01 -7.083820e-01 -2.122469e-01
    outer loop
      vertex   -2.486370e+01 -1.000000e+01 -1.828528e+01
      vertex   -2.575528e+01 -9.000000e+00 -1.879508e+01
      vertex   -2.475877e+01 -1.000000e+01 -1.861808e+01
    endloop
  endfacet
  facet normal -6.646687e-01 -7.057535e-01 -2.452092e-01
    outer loop
      vertex   -2.475877e+01 -1.000000e+01 -1.861808e+01
      vertex   -2.575528e+01 -9.000000e+00 -1.879508e+01
      vertex   -2.561940e+01 -9.000000e+00 -1.916342e+01
    endloop
  endfacet
  facet normal -6.520391e-01 -7.084490e-01 -2.700834e-01
    outer loop
      vertex   -2.475877e+01 -1.000000e+01 -1.861808e+01
      vertex   -2.561940e+01 -9.000000e+00 -1.916342e+01
      vertex   -2.462523e+01 -1.000000e+01 -1.894047e+01
    endloop
  endfacet
  facet normal -6.433808e-01 -7.057535e-01 -2.966026e-01
    outer loop
      vertex   -2.462523e+01 -1.000000e+01 -1.894047e+01
      vertex   -2.561940e+01 -9.000000e+00 -1.916342e+01
      vertex   -2.545503e+01 -9.000000e+00 -1.951995e+01
    endloop
  endfacet
  facet normal -6.260782e-01 -7.083820e-01 -3.259157e-01
    outer loop
      vertex   -2.462523e+01 -1.000000e+01 -1.894047e+01
      vertex   -2.545503e+01 -9.000000e+00 -1.951995e+01
      vertex   -2.446410e+01 -1.000000e+01 -1.925000e+01
    endloop
  endfacet
  facet normal -6.180322e-01 -7.058618e-01 -3.461147e-01
    outer loop
      vertex   -2.446410e+01 -1.000000e+01 -1.925000e+01
      vertex   -2.545503e+01 -9.000000e+00 -1.951995e+01
      vertex   -2.526320e+01 -9.000000e+00 -1.986249e+01
    endloop
  endfacet
  facet normal -5.954604e-01 -7.081811e-01 -3.793501e-01
    outer loop
      vertex   -2.446410e+01 -1.000000e+01 -1.925000e+01
      vertex   -2.526320e+01 -9.000000e+00 -1.986249e+01
      vertex   -2.427661e+01 -1.000000e+01 -1.954431e+01
    endloop
  endfacet
  facet normal -5.887918e-01 -7.060782e-01 -3.934181e-01
    outer loop
      vertex   -2.427661e+01 -1.000000e+01 -1.954431e+01
      vertex   -2.526320e+01 -9.000000e+00 -1.986249e+01
      vertex   -2.504508e+01 -9.000000e+00 -2.018893e+01
    endloop
  endfacet
  facet normal -5.603986e-01 -7.078459e-01 -4.300089e-01
    outer loop
      vertex   -2.427661e+01 -1.000000e+01 -1.954431e+01
      vertex   -2.504508e+01 -9.000000e+00 -2.018893e+01
      vertex   -2.406418e+01 -1.000000e+01 -1.982115e+01
    endloop
  endfacet
  facet normal -5.558555e-01 -7.064024e-01 -4.382011e-01
    outer loop
      vertex   -2.406418e+01 -1.000000e+01 -1.982115e+01
      vertex   -2.504508e+01 -9.000000e+00 -2.018893e+01
      vertex   -2.480203e+01 -9.000000e+00 -2.049724e+01
    endloop
  endfacet
  facet normal -5.211354e-01 -7.073758e-01 -4.775326e-01
    outer loop
      vertex   -2.406418e+01 -1.000000e+01 -1.982115e+01
      vertex   -2.480203e+01 -9.000000e+00 -2.049724e+01
      vertex   -2.382843e+01 -1.000000e+01 -2.007843e+01
    endloop
  endfacet
  facet normal -5.194446e-01 -7.068340e-01 -4.801697e-01
    outer loop
      vertex   -2.382843e+01 -1.000000e+01 -2.007843e+01
      vertex   -2.480203e+01 -9.000000e+00 -2.049724e+01
      vertex   -2.453553e+01 -9.000000e+00 -2.078553e+01
    endloop
  endfacet
  facet normal -4.801697e-01 -7.068340e-01 -5.194446e-01
    outer loop
      vertex   -2.382843e+01 -1.000000e+01 -2.007843e+01
      vertex   -2.453553e+01 -9.000000e+00 -2.078553e+01
      vertex   -2.424724e+01 -9.000000e+00 -2.105203e+01
    endloop
  endfacet
  facet normal -4.775326e-01 -7.073758e-01 -5.211354e-01
    outer loop
      vertex   -2.382843e+01 -1.000000e+01 -2.007843e+01
      vertex   -2.424724e+01 -9.000000e+00 -2.105203e+01
      vertex   -2.357115e+01 -1.000000e+01 -2.031418e+01
    endloop
  endfacet
  facet normal -4.382011e-01 -7.064024e-01 -5.558555e-01
    outer loop
      vertex   -2.357115e+01 -1.000000e+01 -2.031418e+01
      vertex   -2.424724e+01 -9.000000e+00 -2.105203e+01
      vertex   -2.393893e+01 -9.000000e+00 -2.129508e+01
    endloop
  endfacet
  facet normal -4.300089e-01 -7.078459e-01 -5.603986e-01
    outer loop
      vertex   -2.357115e+01 -1.000000e+01 -2.031418e+01
      vertex   -2.393893e+01 -9.000000e+00 -2.129508e+01
      vertex   -2.329431e+01 -1.000000e+01 -2.052661e+01
    endloop
  endfacet
  facet normal -3.934181e-01 -7.060782e-01 -5.887918e-01
    outer loop
      vertex   -2.329431e+01 -1.000000e+01 -2.052661e+01
      vertex   -2.393893e+01 -9.000000e+00 -2.129508e+01
      vertex   -2.361249e+01 -9.000000e+00 -2.151320e+01
    endloop
  endfacet
  facet normal -3.793501e-01 -7.081811e-01 -5.954604e-01
    outer loop
      vertex   -2.329431e+01 -1.000000e+01 -2.052661e+01
      vertex   -2.361249e+01 -9.000000e+00 -2.151320e+01
      vertex   -2.300000e+01 -1.000000e+01 -2.071410e+01
    endloop
  endfacet
  facet normal -3.461147e-01 -7.058618e-01 -6.180322e-01
    outer loop
      vertex   -2.300000e+01 -1.000000e+01 -2.071410e+01
      vertex   -2.361249e+01 -9.000000e+00 -2.151320e+01
      vertex   -2.326995e+01 -9.000000e+00 -2.170503e+01
    endloop
  endfacet
  facet normal -3.259157e-01 -7.083820e-01 -6.260782e-01
    outer loop
      vertex   -2.300000e+01 -1.000000e+01 -2.071410e+01
      vertex   -2.326995e+01 -9.000000e+00 -2.170503e+01
      vertex   -2.269047e+01 -1.000000e+01 -2.087523e+01
    endloop
  endfacet
  facet normal -2.966026e-01 -7.057535e-01 -6.433808e-01
    outer loop
      vertex   -2.269047e+01 -1.000000e+01 -2.087523e+01
      vertex   -2.326995e+01 -9.000000e+00 -2.170503e+01
      vertex   -2.291342e+01 -9.000000e+00 -2.186940e+01
    endloop
  endfacet
  facet normal -2.700834e-01 -7.084490e-01 -6.520391e-01
    outer loop
      vertex   -2.269047e+01 -1.000000e+01 -2.087523e+01
      vertex   -2.291342e+01 -9.000000e+00 -2.186940e+01
      vertex   -2.236808e+01 -1.000000e+01 -2.100877e+01
    endloop
  endfacet
  facet normal -2.452092e-01 -7.057535e-01 -6.646687e-01
    outer loop
      vertex   -2.236808e+01 -1.000000e+01 -2.100877e+01
      vertex   -2.291342e+01 -9.000000e+00 -2.186940e+01
      vertex   -2.254508e+01 -9.000000e+00 -2.200528e+01
    endloop
  endfacet
  facet normal -2.122469e-01 -7.083820e-01 -6.731613e-01
    outer loop
      vertex   -2.236808e+01 -1.000000e+01 -2.100877e+01
      vertex   -2.254508e+01 -9.000000e+00 -2.200528e+01
      vertex   -2.203528e+01 -1.000000e+01 -2.111370e+01
    endloop
  endfacet
  facet normal -1.922747e-01 -7.058618e-01 -6.817548e-01
    outer loop
      vertex   -2.203528e+01 -1.000000e+01 -2.111370e+01
      vertex   -2.254508e+01 -9.000000e+00 -2.200528e+01
      vertex   -2.216723e+01 -9.000000e+00 -2.211185e+01
    endloop
  endfacet
  facet normal -1.528130e-01 -7.081811e-01 -6.892951e-01
    outer loop
      vertex   -2.203528e+01 -1.000000e+01 -2.111370e+01
      vertex   -2.216723e+01 -9.000000e+00 -2.211185e+01
      vertex   -2.169459e+01 -1.000000e+01 -2.118923e+01
    endloop
  endfacet
  facet normal -1.381501e-01 -7.060782e-01 -6.945273e-01
    outer loop
      vertex   -2.169459e+01 -1.000000e+01 -2.118923e+01
      vertex   -2.216723e+01 -9.000000e+00 -2.211185e+01
      vertex   -2.178217e+01 -9.000000e+00 -2.218844e+01
    endloop
  endfacet
  facet normal -9.219938e-02 -7.078459e-01 -7.003239e-01
    outer loop
      vertex   -2.169459e+01 -1.000000e+01 -2.118923e+01
      vertex   -2.178217e+01 -9.000000e+00 -2.218844e+01
      vertex   -2.134862e+01 -1.000000e+01 -2.123478e+01
    endloop
  endfacet
  facet normal -8.319419e-02 -7.064024e-01 -7.029042e-01
    outer loop
      vertex   -2.134862e+01 -1.000000e+01 -2.123478e+01
      vertex   -2.178217e+01 -9.000000e+00 -2.218844e+01
      vertex   -2.139230e+01 -9.000000e+00 -2.223459e+01
    endloop
  endfacet
  facet normal -3.083183e-02 -7.073758e-01 -7.061649e-01
    outer loop
      vertex   -2.134862e+01 -1.000000e+01 -2.123478e+01
      vertex   -2.139230e+01 -9.000000e+00 -2.223459e+01
      vertex   -2.100000e+01 -1.000000e+01 -2.125000e+01
    endloop
  endfacet
  facet normal -2.777159e-02 -7.068340e-01 -7.068340e-01
    outer loop
      vertex   -2.100000e+01 -1.000000e+01 -2.125000e+01
      vertex   -2.139230e+01 -9.000000e+00 -2.223459e+01
      vertex   -2.100000e+01 -9.000000e+00 -2.225000e+01
    endloop
  endfacet
  facet normal -5.000000e-01 -7.071068e-01 5.000000e-01
    outer loop
      vertex   -2.500000e+01 -1.000000e+01 1.713579e+01
      vertex   -2.358579e+01 -1.000000e+01 1.855000e+01
      vertex   -2.600000e+01 -9.000000e+00 1.755000e+01
    endloop
  endfacet
  facet normal -5.000000e-01 -7.071068e-01 5.000000e-01
    outer loop
      vertex   -2.600000e+01 -9.000000e+00 1.755000e+01
      vertex   -2.358579e+01 -1.000000e+01 1.855000e+01
      vertex   -2.400000e+01 -9.000000e+00 1.955000e+01
    endloop
  endfacet
  facet normal 0.000000e+00 -7.071068e-01 -7.071068e-01
    outer loop
      vertex   -2.100000e+01 -9.000000e+00 -2.225000e+01
      vertex   2.100000e+01 -9.000000e+00 -2.225000e+01
      vertex   -2.100000e+01 -1.000000e+01 -2.125000e+01
    endloop
  endfacet
  facet normal -5.981305e-17 -7.071068e-01 -7.071068e-01
    outer loop
      vertex   -2.100000e+01 -1.000000e+01 -2.125000e+01
      vertex   2.100000e+01 -9.000000e+00 -2.225000e+01
      vertex   2.100000e+01 -1.000000e+01 -2.125000e+01
    endloop
  endfacet
  facet normal 0.000000e+00 -7.071068e-01 7.071068e-01
    outer loop
      vertex   -2.358579e+01 -1.000000e+01 1.855000e+01
      vertex   2.358579e+01 -1.000000e+01 1.855000e+01
      vertex   -2.400000e+01 -9.000000e+00 1.955000e+01
    endloop
  endfacet
  facet normal 0.000000e+00 -7.071068e-01 7.071068e-01
    outer loop
      vertex   -2.400000e+01 -9.000000e+00 1.955000e+01
      vertex   2.358579e+01 -1.000000e+01 1.855000e+01
      vertex   2.400000e+01 -9.000000e+00 1.955000e+01
    endloop
  endfacet
  facet normal 2.777159e-02 -7.068340e-01 -7.068340e-01
    outer loop
      vertex   2.100000e+01 -9.000000e+00 -2.225000e+01
      vertex   2.139230e+01 -9.000000e+00 -2.223459e+01
      vertex   2.100000e+01 -1.000000e+01 -2.125000e+01
    endloop
  endfacet
  facet normal 3.083183e-02 -7.073758e-01 -7.061649e-01
    outer loop
      vertex   2.100000e+01 -1.000000e+01 -2.125000e+01
      vertex   2.139230e+01 -9.000000e+00 -2.223459e+01
      vertex   2.134862e+01 -1.000000e+01 -2.123478e+01
    endloop
  endfacet
  facet normal 8.319419e-02 -7.064024e-01 -7.029042e-01
    outer loop
      vertex   2.134862e+01 -1.000000e+01 -2.123478e+01
      vertex   2.139230e+01 -9.000000e+00 -2.223459e+01
      vertex   2.178217e+01 -9.000000e+00 -2.218844e+01
    endloop
  endfacet
  facet normal 9.219938e-02 -7.078459e-01 -7.003239e-01
    outer loop
      vertex   2.134862e+01 -1.000000e+01 -2.123478e+01
      vertex   2.178217e+01 -9.000000e+00 -2.218844e+01
      vertex   2.169459e+01 -1.000000e+01 -2.118923e+01
    endloop
  endfacet
  facet normal 1.381501e-01 -7.060782e-01 -6.945273e-01
    outer loop
      vertex   2.169459e+01 -1.000000e+01 -2.118923e+01
      vertex   2.178217e+01 -9.000000e+00 -2.218844e+01
      vertex   2.216723e+01 -9.000000e+00 -2.211185e+01
    endloop
  endfacet
  facet normal 1.528130e-01 -7.081811e-01 -6.892951e-01
    outer loop
      vertex   2.169459e+01 -1.000000e+01 -2.118923e+01
      vertex   2.216723e+01 -9.000000e+00 -2.211185e+01
      vertex   2.203528e+01 -1.000000e+01 -2.111370e+01
    endloop
  endfacet
  facet normal 1.922747e-01 -7.058618e-01 -6.817548e-01
    outer loop
      vertex   2.203528e+01 -1.000000e+01 -2.111370e+01
      vertex   2.216723e+01 -9.000000e+00 -2.211185e+01
      vertex   2.254508e+01 -9.000000e+00 -2.200528e+01
    endloop
  endfacet
  facet normal 2.122469e-01 -7.083820e-01 -6.731613e-01
    outer loop
      vertex   2.203528e+01 -1.000000e+01 -2.111370e+01
      vertex   2.254508e+01 -9.000000e+00 -2.200528e+01
      vertex   2.236808e+01 -1.000000e+01 -2.100877e+01
    endloop
  endfacet
  facet normal 2.452092e-01 -7.057535e-01 -6.646687e-01
    outer loop
      vertex   2.236808e+01 -1.000000e+01 -2.100877e+01
      vertex   2.254508e+01 -9.000000e+00 -2.200528e+01
      vertex   2.291342e+01 -9.000000e+00 -2.186940e+01
    endloop
  endfacet
  facet normal 2.700834e-01 -7.084490e-01 -6.520391e-01
    outer loop
      vertex   2.236808e+01 -1.000000e+01 -2.100877e+01
      vertex   2.291342e+01 -9.000000e+00 -2.186940e+01
      vertex   2.269047e+01 -1.000000e+01 -2.087523e+01
    endloop
  endfacet
  facet normal 2.966026e-01 -7.057535e-01 -6.433808e-01
    outer loop
      vertex   2.269047e+01 -1.000000e+01 -2.087523e+01
      vertex   2.291342e+01 -9.000000e+00 -2.186940e+01
      vertex   2.326995e+01 -9.000000e+00 -2.170503e+01
    endloop
  endfacet
  facet normal 3.259157e-01 -7.083820e-01 -6.260782e-01
    outer loop
      vertex   2.269047e+01 -1.000000e+01 -2.087523e+01
      vertex   2.326995e+01 -9.000000e+00 -2.170503e+01
      vertex   2.300000e+01 -1.000000e+01 -2.071410e+01
    endloop
  endfacet
  facet normal 3.461147e-01 -7.058618e-01 -6.180322e-01
    outer loop
      vertex   2.300000e+01 -1.000000e+01 -2.071410e+01
      vertex   2.326995e+01 -9.000000e+00 -2.170503e+01
      vertex   2.361249e+01 -9.000000e+00 -2.151320e+01
    endloop
  endfacet
  facet normal 3.793501e-01 -7.081811e-01 -5.954604e-01
    outer loop
      vertex   2.300000e+01 -1.000000e+01 -2.071410e+01
      vertex   2.361249e+01 -9.000000e+00 -2.151320e+01
      vertex   2.329431e+01 -1.000000e+01 -2.052661e+01
    endloop
  endfacet
  facet normal 3.934181e-01 -7.060782e-01 -5.887918e-01
    outer loop
      vertex   2.329431e+01 -1.000000e+01 -2.052661e+01
      vertex   2.361249e+01 -9.000000e+00 -2.151320e+01
      vertex   2.393893e+01 -9.000000e+00 -2.129508e+01
    endloop
  endfacet
  facet normal 4.300089e-01 -7.078459e-01 -5.603986e-01
    outer loop
      vertex   2.329431e+01 -1.000000e+01 -2.052661e+01
      vertex   2.393893e+01 -9.000000e+00 -2.129508e+01
      vertex   2.357115e+01 -1.000000e+01 -2.031418e+01
    endloop
  endfacet
  facet normal 4.382011e-01 -7.064024e-01 -5.558555e-01
    outer loop
      vertex   2.357115e+01 -1.000000e+01 -2.031418e+01
      vertex   2.393893e+01 -9.000000e+00 -2.129508e+01
      vertex   2.424724e+01 -9.000000e+00 -2.105203e+01
    endloop
  endfacet
  facet normal 4.775326e-01 -7.073758e-01 -5.211354e-01
    outer loop
      vertex   2.357115e+01 -1.000000e+01 -2.031418e+01
      vertex   2.424724e+01 -9.000000e+00 -2.105203e+01
      vertex   2.382843e+01 -1.000000e+01 -2.007843e+01
    endloop
  endfacet
  facet normal 4.801697e-01 -7.068340e-01 -5.194446e-01
    outer loop
      vertex   2.382843e+01 -1.000000e+01 -2.007843e+01
      vertex   2.424724e+01 -9.000000e+00 -2.105203e+01
      vertex   2.453553e+01 -9.000000e+00 -2.078553e+01
    endloop
  endfacet
  facet normal 5.194446e-01 -7.068340e-01 -4.801697e-01
    outer loop
      vertex   2.382843e+01 -1.000000e+01 -2.007843e+01
      vertex   2.453553e+01 -9.000000e+00 -2.078553e+01
      vertex   2.480203e+01 -9.000000e+00 -2.049724e+01
    endloop
  endfacet
  facet normal 5.211354e-01 -7.073758e-01 -4.775326e-01
    outer loop
      vertex   2.382843e+01 -1.000000e+01 -2.007843e+01
      vertex   2.480203e+01 -9.000000e+00 -2.049724e+01
      vertex   2.406418e+01 -1.000000e+01 -1.982115e+01
    endloop
  endfacet
  facet normal 5.558555e-01 -7.064024e-01 -4.382011e-01
    outer loop
      vertex   2.406418e+01 -1.000000e+01 -1.982115e+01
      vertex   2.480203e+01 -9.000000e+00 -2.049724e+01
      vertex   2.504508e+01 -9.000000e+00 -2.018893e+01
    endloop
  endfacet
  facet normal 5.603986e-01 -7.078459e-01 -4.300089e-01
    outer loop
      vertex   2.406418e+01 -1.000000e+01 -1.982115e+01
      vertex   2.504508e+01 -9.000000e+00 -2.018893e+01
      vertex   2.427661e+01 -1.000000e+01 -1.954431e+01
    endloop
  endfacet
  facet normal 5.887918e-01 -7.060782e-01 -3.934181e-01
    outer loop
      vertex   2.427661e+01 -1.000000e+01 -1.954431e+01
      vertex   2.504508e+01 -9.000000e+00 -2.018893e+01
      vertex   2.526320e+01 -9.000000e+00 -1.986249e+01
    endloop
  endfacet
  facet normal 5.954604e-01 -7.081811e-01 -3.793501e-01
    outer loop
      vertex   2.427661e+01 -1.000000e+01 -1.954431e+01
      vertex   2.526320e+01 -9.000000e+00 -1.986249e+01
      vertex   2.446410e+01 -1.000000e+01 -1.925000e+01
    endloop
  endfacet
  facet normal 6.180322e-01 -7.058618e-01 -3.461147e-01
    outer loop
      vertex   2.446410e+01 -1.000000e+01 -1.925000e+01
      vertex   2.526320e+01 -9.000000e+00 -1.986249e+01
      vertex   2.545503e+01 -9.000000e+00 -1.951995e+01
    endloop
  endfacet
  facet normal 6.260782e-01 -7.083820e-01 -3.259157e-01
    outer loop
      vertex   2.446410e+01 -1.000000e+01 -1.925000e+01
      vertex   2.545503e+01 -9.000000e+00 -1.951995e+01
      vertex   2.462523e+01 -1.000000e+01 -1.894047e+01
    endloop
  endfacet
  facet normal 6.433808e-01 -7.057535e-01 -2.966026e-01
    outer loop
      vertex   2.462523e+01 -1.000000e+01 -1.894047e+01
      vertex   2.545503e+01 -9.000000e+00 -1.951995e+01
      vertex   2.561940e+01 -9.000000e+00 -1.916342e+01
    endloop
  endfacet
  facet normal 6.520391e-01 -7.084490e-01 -2.700834e-01
    outer loop
      vertex   2.462523e+01 -1.000000e+01 -1.894047e+01
      vertex   2.561940e+01 -9.000000e+00 -1.916342e+01
      vertex   2.475877e+01 -1.000000e+01 -1.861808e+01
    endloop
  endfacet
  facet normal 6.646687e-01 -7.057535e-01 -2.452092e-01
    outer loop
      vertex   2.475877e+01 -1.000000e+01 -1.861808e+01
      vertex   2.561940e+01 -9.000000e+00 -1.916342e+01
      vertex   2.575528e+01 -9.000000e+00 -1.879508e+01
    endloop
  endfacet
  facet normal 6.731613e-01 -7.083820e-01 -2.122469e-01
    outer loop
      vertex   2.475877e+01 -1.000000e+01 -1.861808e+01
      vertex   2.575528e+01 -9.000000e+00 -1.879508e+01
      vertex   2.486370e+01 -1.000000e+01 -1.828528e+01
    endloop
  endfacet
  facet normal 6.817548e-01 -7.058618e-01 -1.922747e-01
    outer loop
      vertex   2.486370e+01 -1.000000e+01 -1.828528e+01
      vertex   2.575528e+01 -9.000000e+00 -1.879508e+01
      vertex   2.586185e+01 -9.000000e+00 -1.841723e+01
    endloop
  endfacet
  facet normal 6.892951e-01 -7.081811e-01 -1.528130e-01
    outer loop
      vertex   2.486370e+01 -1.000000e+01 -1.828528e+01
      vertex   2.586185e+01 -9.000000e+00 -1.841723e+01
      vertex   2.493923e+01 -1.000000e+01 -1.794459e+01
    endloop
  endfacet
  facet normal 6.945273e-01 -7.060782e-01 -1.381501e-01
    outer loop
      vertex   2.493923e+01 -1.000000e+01 -1.794459e+01
      vertex   2.586185e+01 -9.000000e+00 -1.841723e+01
      vertex   2.593844e+01 -9.000000e+00 -1.803217e+01
    endloop
  endfacet
  facet normal 7.003239e-01 -7.078459e-01 -9.219938e-02
    outer loop
      vertex   2.493923e+01 -1.000000e+01 -1.794459e+01
      vertex   2.593844e+01 -9.000000e+00 -1.803217e+01
      vertex   2.498478e+01 -1.000000e+01 -1.759862e+01
    endloop
  endfacet
  facet normal 7.029042e-01 -7.064024e-01 -8.319419e-02
    outer loop
      vertex   2.498478e+01 -1.000000e+01 -1.759862e+01
      vertex   2.593844e+01 -9.000000e+00 -1.803217e+01
      vertex   2.598459e+01 -9.000000e+00 -1.764230e+01
    endloop
  endfacet
  facet normal 7.061649e-01 -7.073758e-01 -3.083183e-02
    outer loop
      vertex   2.498478e+01 -1.000000e+01 -1.759862e+01
      vertex   2.598459e+01 -9.000000e+00 -1.764230e+01
      vertex   2.500000e+01 -1.000000e+01 -1.725000e+01
    endloop
  endfacet
  facet normal 7.068340e-01 -7.068340e-01 -2.777159e-02
    outer loop
      vertex   2.500000e+01 -1.000000e+01 -1.725000e+01
      vertex   2.598459e+01 -9.000000e+00 -1.764230e+01
      vertex   2.600000e+01 -9.000000e+00 -1.725000e+01
    endloop
  endfacet
  facet normal 5.000000e-01 -7.071068e-01 5.000000e-01
    outer loop
      vertex   2.358579e+01 -1.000000e+01 1.855000e+01
      vertex   2.500000e+01 -1.000000e+01 1.713579e+01
      vertex   2.400000e+01 -9.000000e+00 1.955000e+01
    endloop
  endfacet
  facet normal 5.000000e-01 -7.071068e-01 5.000000e-01
    outer loop
      vertex   2.400000e+01 -9.000000e+00 1.955000e+01
      vertex   2.500000e+01 -1.000000e+01 1.713579e+01
      vertex   2.600000e+01 -9.000000e+00 1.755000e+01
    endloop
  endfacet
  facet normal 7.071068e-01 -7.071068e-01 0.000000e+00
    outer loop
      vertex   2.500000e+01 -1.000000e+01 -1.725000e+01
      vertex   2.600000e+01 -9.000000e+00 -1.725000e+01
      vertex   2.500000e+01 -1.000000e+01 1.713579e+01
    endloop
  endfacet
  facet normal 7.071068e-01 -7.071068e-01 0.000000e+00
    outer loop
      vertex   2.500000e+01 -1.000000e+01 1.713579e+01
      vertex   2.600000e+01 -9.000000e+00 -1.725000e+01
      vertex   2.600000e+01 -9.000000e+00 1.755000e+01
    endloop
  endfacet
  facet normal 0.000000e+00 -1.000000e+00 0.000000e+00
    outer loop
      vertex   -2.350000e+01 2.000000e+00 -1.725000e+01
      vertex   -2.348630e+01 2.000000e+00 -1.751132e+01
      vertex   -2.350000e+01 2.000000e+00 1.563579e+01
    endloop
  endfacet
  facet normal 0.000000e+00 -1.000000e+00 0.000000e+00
    outer loop
      vertex   -2.350000e+01 2.000000e+00 1.563579e+01
      vertex   -2.348630e+01 2.000000e+00 -1.751132e+01
      vertex   -2.344537e+01 2.000000e+00 -1.776978e+01
    endloop
  endfacet
  facet normal 0.000000e+00 -1.000000e+00 0.000000e+00
    outer loop
      vertex   -2.350000e+01 2.000000e+00 1.563579e+01
      vertex   -2.344537e+01 2.000000e+00 -1.776978e+01
      vertex   -2.337764e+01 2.000000e+00 -1.802254e+01
    endloop
  endfacet
  facet normal 0.000000e+00 -1.000000e+00 0.000000e+00
    outer loop
      vertex   -2.337764e+01 2.000000e+00 -1.802254e+01
      vertex   -2.328386e+01 2.000000e+00 -1.826684e+01
      vertex   -2.350000e+01 2.000000e+00 1.563579e+01
    endloop
  endfacet
  facet normal 0.000000e+00 -1.000000e+00 0.000000e+00
    outer loop
      vertex   -2.350000e+01 2.000000e+00 1.563579e+01
      vertex   -2.328386e+01 2.000000e+00 -1.826684e+01
      vertex   -2.100000e+01 2.000000e+00 -1.975000e+01
    endloop
  endfacet
  facet normal 0.000000e+00 -1.000000e+00 0.000000e+00
    outer loop
      vertex   -2.350000e+01 2.000000e+00 1.563579e+01
      vertex   -2.100000e+01 2.000000e+00 -1.975000e+01
      vertex   2.350000e+01 2.000000e+00 -1.725000e+01
    endloop
  endfacet
  facet normal 0.000000e+00 -1.000000e+00 0.000000e+00
    outer loop
      vertex   2.350000e+01 2.000000e+00 -1.725000e+01
      vertex   -2.100000e+01 2.000000e+00 -1.975000e+01
      vertex   2.100000e+01 2.000000e+00 -1.975000e+01
    endloop
  endfacet
  facet normal 0.000000e+00 -1.000000e+00 0.000000e+00
    outer loop
      vertex   2.350000e+01 2.000000e+00 -1.725000e+01
      vertex   2.100000e+01 2.000000e+00 -1.975000e+01
      vertex   2.348630e+01 2.000000e+00 -1.751132e+01
    endloop
  endfacet
  facet normal 0.000000e+00 -1.000000e+00 0.000000e+00
    outer loop
      vertex   2.348630e+01 2.000000e+00 -1.751132e+01
      vertex   2.100000e+01 2.000000e+00 -1.975000e+01
      vertex   2.344537e+01 2.000000e+00 -1.776978e+01
    endloop
  endfacet
  facet normal 0.000000e+00 -1.000000e+00 0.000000e+00
    outer loop
      vertex   2.344537e+01 2.000000e+00 -1.776978e+01
      vertex   2.100000e+01 2.000000e+00 -1.975000e+01
      vertex   2.337764e+01 2.000000e+00 -1.802254e+01
    endloop
  endfacet
  facet normal 0.000000e+00 -1.000000e+00 0.000000e+00
    outer loop
      vertex   2.337764e+01 2.000000e+00 -1.802254e+01
      vertex   2.100000e+01 2.000000e+00 -1.975000e+01
      vertex   2.328386e+01 2.000000e+00 -1.826684e+01
    endloop
  endfacet
  facet normal 0.000000e+00 -1.000000e+00 0.000000e+00
    outer loop
      vertex   2.328386e+01 2.000000e+00 -1.826684e+01
      vertex   2.100000e+01 2.000000e+00 -1.975000e+01
      vertex   2.316506e+01 2.000000e+00 -1.850000e+01
    endloop
  endfacet
  facet normal 0.000000e+00 -1.000000e+00 0.000000e+00
    outer loop
      vertex   2.316506e+01 2.000000e+00 -1.850000e+01
      vertex   2.100000e+01 2.000000e+00 -1.975000e+01
      vertex   2.302254e+01 2.000000e+00 -1.871946e+01
    endloop
  endfacet
  facet normal 0.000000e+00 -1.000000e+00 0.000000e+00
    outer loop
      vertex   2.302254e+01 2.000000e+00 -1.871946e+01
      vertex   2.100000e+01 2.000000e+00 -1.975000e+01
      vertex   2.285786e+01 2.000000e+00 -1.892283e+01
    endloop
  endfacet
  facet normal 0.000000e+00 -1.000000e+00 0.000000e+00
    outer loop
      vertex   2.285786e+01 2.000000e+00 -1.892283e+01
      vertex   2.100000e+01 2.000000e+00 -1.975000e+01
      vertex   2.267283e+01 2.000000e+00 -1.910786e+01
    endloop
  endfacet
  facet normal 0.000000e+00 -1.000000e+00 0.000000e+00
    outer loop
      vertex   2.267283e+01 2.000000e+00 -1.910786e+01
      vertex   2.100000e+01 2.000000e+00 -1.975000e+01
      vertex   2.246946e+01 2.000000e+00 -1.927254e+01
    endloop
  endfacet
  facet normal 0.000000e+00 -1.000000e+00 0.000000e+00
    outer loop
      vertex   2.246946e+01 2.000000e+00 -1.927254e+01
      vertex   2.100000e+01 2.000000e+00 -1.975000e+01
      vertex   2.225000e+01 2.000000e+00 -1.941506e+01
    endloop
  endfacet
  facet normal 0.000000e+00 -1.000000e+00 0.000000e+00
    outer loop
      vertex   2.225000e+01 2.000000e+00 -1.941506e+01
      vertex   2.100000e+01 2.000000e+00 -1.975000e+01
      vertex   2.201684e+01 2.000000e+00 -1.953386e+01
    endloop
  endfacet
  facet normal 0.000000e+00 -1.000000e+00 0.000000e+00
    outer loop
      vertex   2.201684e+01 2.000000e+00 -1.953386e+01
      vertex   2.100000e+01 2.000000e+00 -1.975000e+01
      vertex   2.177254e+01 2.000000e+00 -1.962764e+01
    endloop
  endfacet
  facet normal 0.000000e+00 -1.000000e+00 0.000000e+00
    outer loop
      vertex   2.177254e+01 2.000000e+00 -1.962764e+01
      vertex   2.100000e+01 2.000000e+00 -1.975000e+01
      vertex   2.151978e+01 2.000000e+00 -1.969537e+01
    endloop
  endfacet
  facet normal 0.000000e+00 -1.000000e+00 0.000000e+00
    outer loop
      vertex   2.151978e+01 2.000000e+00 -1.969537e+01
      vertex   2.100000e+01 2.000000e+00 -1.975000e+01
      vertex   2.126132e+01 2.000000e+00 -1.973630e+01
    endloop
  endfacet
  facet normal 0.000000e+00 -1.000000e+00 0.000000e+00
    outer loop
      vertex   -2.328386e+01 2.000000e+00 -1.826684e+01
      vertex   -2.316506e+01 2.000000e+00 -1.850000e+01
      vertex   -2.100000e+01 2.000000e+00 -1.975000e+01
    endloop
  endfacet
  facet normal 0.000000e+00 -1.000000e+00 0.000000e+00
    outer loop
      vertex   -2.100000e+01 2.000000e+00 -1.975000e+01
      vertex   -2.316506e+01 2.000000e+00 -1.850000e+01
      vertex   -2.302254e+01 2.000000e+00 -1.871946e+01
    endloop
  endfacet
  facet normal 0.000000e+00 -1.000000e+00 0.000000e+00
    outer loop
      vertex   -2.100000e+01 2.000000e+00 -1.975000e+01
      vertex   -2.302254e+01 2.000000e+00 -1.871946e+01
      vertex   -2.285786e+01 2.000000e+00 -1.892283e+01
    endloop
  endfacet
  facet normal 0.000000e+00 -1.000000e+00 0.000000e+00
    outer loop
      vertex   -2.285786e+01 2.000000e+00 -1.892283e+01
      vertex   -2.267283e+01 2.000000e+00 -1.910786e+01
      vertex   -2.100000e+01 2.000000e+00 -1.975000e+01
    endloop
  endfacet
  facet normal 0.000000e+00 -1.000000e+00 0.000000e+00
    outer loop
      vertex   -2.100000e+01 2.000000e+00 -1.975000e+01
      vertex   -2.267283e+01 2.000000e+00 -1.910786e+01
      vertex   -2.246946e+01 2.000000e+00 -1.927254e+01
    endloop
  endfacet
  facet normal 0.000000e+00 -1.000000e+00 0.000000e+00
    outer loop
      vertex   -2.100000e+01 2.000000e+00 -1.975000e+01
      vertex   -2.246946e+01 2.000000e+00 -1.927254e+01
      vertex   -2.225000e+01 2.000000e+00 -1.941506e+01
    endloop
  endfacet
  facet normal 0.000000e+00 -1.000000e+00 0.000000e+00
    outer loop
      vertex   -2.225000e+01 2.000000e+00 -1.941506e+01
      vertex   -2.201684e+01 2.000000e+00 -1.953386e+01
      vertex   -2.100000e+01 2.000000e+00 -1.975000e+01
    endloop
  endfacet
  facet normal 0.000000e+00 -1.000000e+00 0.000000e+00
    outer loop
      vertex   -2.100000e+01 2.000000e+00 -1.975000e+01
      vertex   -2.201684e+01 2.000000e+00 -1.953386e+01
      vertex   -2.177254e+01 2.000000e+00 -1.962764e+01
    endloop
  endfacet
  facet normal 0.000000e+00 -1.000000e+00 0.000000e+00
    outer loop
      vertex   -2.100000e+01 2.000000e+00 -1.975000e+01
      vertex   -2.177254e+01 2.000000e+00 -1.962764e+01
      vertex   -2.151978e+01 2.000000e+00 -1.969537e+01
    endloop
  endfacet
  facet normal 0.000000e+00 -1.000000e+00 0.000000e+00
    outer loop
      vertex   -2.151978e+01 2.000000e+00 -1.969537e+01
      vertex   -2.126132e+01 2.000000e+00 -1.973630e+01
      vertex   -2.100000e+01 2.000000e+00 -1.975000e+01
    endloop
  endfacet
  facet normal 0.000000e+00 -1.000000e+00 0.000000e+00
    outer loop
      vertex   2.350000e+01 2.000000e+00 -1.725000e+01
      vertex   2.350000e+01 2.000000e+00 1.563579e+01
      vertex   -2.350000e+01 2.000000e+00 1.563579e+01
    endloop
  endfacet
  facet normal 0.000000e+00 -1.000000e+00 0.000000e+00
    outer loop
      vertex   -2.350000e+01 2.000000e+00 1.563579e+01
      vertex   2.350000e+01 2.000000e+00 1.563579e+01
      vertex   -2.208579e+01 2.000000e+00 1.705000e+01
    endloop
  endfacet
  facet normal 0.000000e+00 -1.000000e+00 0.000000e+00
    outer loop
      vertex   -2.208579e+01 2.000000e+00 1.705000e+01
      vertex   2.350000e+01 2.000000e+00 1.563579e+01
      vertex   2.208579e+01 2.000000e+00 1.705000e+01
    endloop
  endfacet
  facet normal -0.000000e+00 -7.071068e-01 -7.071068e-01
    outer loop
      vertex   2.250000e+01 1.000000e+00 1.805000e+01
      vertex   -2.250000e+01 1.000000e+00 1.805000e+01
      vertex   2.208579e+01 2.000000e+00 1.705000e+01
    endloop
  endfacet
  facet normal -0.000000e+00 -7.071068e-01 -7.071068e-01
    outer loop
      vertex   2.208579e+01 2.000000e+00 1.705000e+01
      vertex   -2.250000e+01 1.000000e+00 1.805000e+01
      vertex   -2.208579e+01 2.000000e+00 1.705000e+01
    endloop
  endfacet
  facet normal 5.000000e-01 -7.071068e-01 -5.000000e-01
    outer loop
      vertex   -2.250000e+01 1.000000e+00 1.805000e+01
      vertex   -2.450000e+01 1.000000e+00 1.605000e+01
      vertex   -2.208579e+01 2.000000e+00 1.705000e+01
    endloop
  endfacet
  facet normal 5.000000e-01 -7.071068e-01 -5.000000e-01
    outer loop
      vertex   -2.208579e+01 2.000000e+00 1.705000e+01
      vertex   -2.450000e+01 1.000000e+00 1.605000e+01
      vertex   -2.350000e+01 2.000000e+00 1.563579e+01
    endloop
  endfacet
  facet normal -5.000000e-01 -7.071068e-01 -5.000000e-01
    outer loop
      vertex   2.208579e+01 2.000000e+00 1.705000e+01
      vertex   2.350000e+01 2.000000e+00 1.563579e+01
      vertex   2.250000e+01 1.000000e+00 1.805000e+01
    endloop
  endfacet
  facet normal -5.000000e-01 -7.071068e-01 -5.000000e-01
    outer loop
      vertex   2.250000e+01 1.000000e+00 1.805000e+01
      vertex   2.350000e+01 2.000000e+00 1.563579e+01
      vertex   2.450000e+01 1.000000e+00 1.605000e+01
    endloop
  endfacet
  facet normal 7.071068e-01 -7.071068e-01 0.000000e+00
    outer loop
      vertex   -2.450000e+01 1.000000e+00 1.605000e+01
      vertex   -2.450000e+01 1.000000e+00 -1.725000e+01
      vertex   -2.350000e+01 2.000000e+00 1.563579e+01
    endloop
  endfacet
  facet normal 7.071068e-01 -7.071068e-01 0.000000e+00
    outer loop
      vertex   -2.350000e+01 2.000000e+00 1.563579e+01
      vertex   -2.450000e+01 1.000000e+00 -1.725000e+01
      vertex   -2.350000e+01 2.000000e+00 -1.725000e+01
    endloop
  endfacet
  facet normal -7.071068e-01 -7.071068e-01 -0.000000e+00
    outer loop
      vertex   2.450000e+01 1.000000e+00 1.605000e+01
      vertex   2.350000e+01 2.000000e+00 1.563579e+01
      vertex   2.450000e+01 1.000000e+00 -1.725000e+01
    endloop
  endfacet
  facet normal -7.071068e-01 -7.071068e-01 0.000000e+00
    outer loop
      vertex   2.450000e+01 1.000000e+00 -1.725000e+01
      vertex   2.350000e+01 2.000000e+00 1.563579e+01
      vertex   2.350000e+01 2.000000e+00 -1.725000e+01
    endloop
  endfacet
  facet normal 7.067292e-01 -7.067292e-01 3.267406e-02
    outer loop
      vertex   -2.450000e+01 1.000000e+00 -1.725000e+01
      vertex   -2.448507e+01 1.000000e+00 -1.757294e+01
      vertex   -2.350000e+01 2.000000e+00 -1.725000e+01
    endloop
  endfacet
  facet normal 7.059185e-01 -7.073262e-01 3.699562e-02
    outer loop
      vertex   -2.350000e+01 2.000000e+00 -1.725000e+01
      vertex   -2.448507e+01 1.000000e+00 -1.757294e+01
      vertex   -2.348630e+01 2.000000e+00 -1.751132e+01
    endloop
  endfacet
  facet normal 7.011317e-01 -7.062922e-01 9.780370e-02
    outer loop
      vertex   -2.348630e+01 2.000000e+00 -1.751132e+01
      vertex   -2.448507e+01 1.000000e+00 -1.757294e+01
      vertex   -2.444041e+01 1.000000e+00 -1.789312e+01
    endloop
  endfacet
  facet normal 6.976746e-01 -7.078416e-01 1.105008e-01
    outer loop
      vertex   -2.348630e+01 2.000000e+00 -1.751132e+01
      vertex   -2.444041e+01 1.000000e+00 -1.789312e+01
      vertex   -2.344537e+01 2.000000e+00 -1.776978e+01
    endloop
  endfacet
  facet normal 6.894108e-01 -7.059892e-01 1.621480e-01
    outer loop
      vertex   -2.344537e+01 2.000000e+00 -1.776978e+01
      vertex   -2.444041e+01 1.000000e+00 -1.789312e+01
      vertex   -2.436639e+01 1.000000e+00 -1.820782e+01
    endloop
  endfacet
  facet normal 6.819852e-01 -7.081690e-01 1.827374e-01
    outer loop
      vertex   -2.344537e+01 2.000000e+00 -1.776978e+01
      vertex   -2.436639e+01 1.000000e+00 -1.820782e+01
      vertex   -2.337764e+01 2.000000e+00 -1.802254e+01
    endloop
  endfacet
  facet normal 6.716681e-01 -7.058206e-01 2.251205e-01
    outer loop
      vertex   -2.337764e+01 2.000000e+00 -1.802254e+01
      vertex   -2.436639e+01 1.000000e+00 -1.820782e+01
      vertex   -2.426365e+01 1.000000e+00 -1.851435e+01
    endloop
  endfacet
  facet normal 6.590166e-01 -7.083092e-01 2.529728e-01
    outer loop
      vertex   -2.337764e+01 2.000000e+00 -1.802254e+01
      vertex   -2.426365e+01 1.000000e+00 -1.851435e+01
      vertex   -2.328386e+01 2.000000e+00 -1.826684e+01
    endloop
  endfacet
  facet normal 6.480621e-01 -7.057869e-01 2.861474e-01
    outer loop
      vertex   -2.328386e+01 2.000000e+00 -1.826684e+01
      vertex   -2.426365e+01 1.000000e+00 -1.851435e+01
      vertex   -2.413307e+01 1.000000e+00 -1.881008e+01
    endloop
  endfacet
  facet normal 6.290054e-01 -7.082624e-01 3.204942e-01
    outer loop
      vertex   -2.328386e+01 2.000000e+00 -1.826684e+01
      vertex   -2.413307e+01 1.000000e+00 -1.881008e+01
      vertex   -2.316506e+01 2.000000e+00 -1.850000e+01
    endloop
  endfacet
  facet normal 6.188072e-01 -7.058881e-01 3.446733e-01
    outer loop
      vertex   -2.316506e+01 2.000000e+00 -1.850000e+01
      vertex   -2.413307e+01 1.000000e+00 -1.881008e+01
      vertex   -2.397576e+01 1.000000e+00 -1.909251e+01
    endloop
  endfacet
  facet normal 5.922554e-01 -7.080287e-01 3.846152e-01
    outer loop
      vertex   -2.316506e+01 2.000000e+00 -1.850000e+01
      vertex   -2.397576e+01 1.000000e+00 -1.909251e+01
      vertex   -2.302254e+01 2.000000e+00 -1.871946e+01
    endloop
  endfacet
  facet normal 5.841710e-01 -7.061239e-01 4.001665e-01
    outer loop
      vertex   -2.302254e+01 2.000000e+00 -1.871946e+01
      vertex   -2.397576e+01 1.000000e+00 -1.909251e+01
      vertex   -2.379306e+01 1.000000e+00 -1.935922e+01
    endloop
  endfacet
  facet normal 5.491358e-01 -7.076075e-01 4.446814e-01
    outer loop
      vertex   -2.302254e+01 2.000000e+00 -1.871946e+01
      vertex   -2.379306e+01 1.000000e+00 -1.935922e+01
      vertex   -2.285786e+01 2.000000e+00 -1.892283e+01
    endloop
  endfacet
  facet normal 5.444723e-01 -7.064940e-01 4.521240e-01
    outer loop
      vertex   -2.285786e+01 2.000000e+00 -1.892283e+01
      vertex   -2.379306e+01 1.000000e+00 -1.935922e+01
      vertex   -2.358653e+01 1.000000e+00 -1.960793e+01
    endloop
  endfacet
  facet normal 5.000771e-01 -7.069977e-01 5.000771e-01
    outer loop
      vertex   -2.285786e+01 2.000000e+00 -1.892283e+01
      vertex   -2.358653e+01 1.000000e+00 -1.960793e+01
      vertex   -2.335793e+01 1.000000e+00 -1.983653e+01
    endloop
  endfacet
  facet normal 5.000771e-01 -7.069977e-01 5.000771e-01
    outer loop
      vertex   -2.285786e+01 2.000000e+00 -1.892283e+01
      vertex   -2.335793e+01 1.000000e+00 -1.983653e+01
      vertex   -2.267283e+01 2.000000e+00 -1.910786e+01
    endloop
  endfacet
  facet normal 4.521240e-01 -7.064940e-01 5.444723e-01
    outer loop
      vertex   -2.267283e+01 2.000000e+00 -1.910786e+01
      vertex   -2.335793e+01 1.000000e+00 -1.983653e+01
      vertex   -2.310922e+01 1.000000e+00 -2.004306e+01
    endloop
  endfacet
  facet normal 4.446814e-01 -7.076075e-01 5.491358e-01
    outer loop
      vertex   -2.267283e+01 2.000000e+00 -1.910786e+01
      vertex   -2.310922e+01 1.000000e+00 -2.004306e+01
      vertex   -2.246946e+01 2.000000e+00 -1.927254e+01
    endloop
  endfacet
  facet normal 4.001665e-01 -7.061239e-01 5.841710e-01
    outer loop
      vertex   -2.246946e+01 2.000000e+00 -1.927254e+01
      vertex   -2.310922e+01 1.000000e+00 -2.004306e+01
      vertex   -2.284251e+01 1.000000e+00 -2.022576e+01
    endloop
  endfacet
  facet normal 3.846152e-01 -7.080287e-01 5.922554e-01
    outer loop
      vertex   -2.246946e+01 2.000000e+00 -1.927254e+01
      vertex   -2.284251e+01 1.000000e+00 -2.022576e+01
      vertex   -2.225000e+01 2.000000e+00 -1.941506e+01
    endloop
  endfacet
  facet normal 3.446733e-01 -7.058881e-01 6.188072e-01
    outer loop
      vertex   -2.225000e+01 2.000000e+00 -1.941506e+01
      vertex   -2.284251e+01 1.000000e+00 -2.022576e+01
      vertex   -2.256008e+01 1.000000e+00 -2.038307e+01
    endloop
  endfacet
  facet normal 3.204942e-01 -7.082624e-01 6.290054e-01
    outer loop
      vertex   -2.225000e+01 2.000000e+00 -1.941506e+01
      vertex   -2.256008e+01 1.000000e+00 -2.038307e+01
      vertex   -2.201684e+01 2.000000e+00 -1.953386e+01
    endloop
  endfacet
  facet normal 2.861474e-01 -7.057869e-01 6.480621e-01
    outer loop
      vertex   -2.201684e+01 2.000000e+00 -1.953386e+01
      vertex   -2.256008e+01 1.000000e+00 -2.038307e+01
      vertex   -2.226435e+01 1.000000e+00 -2.051365e+01
    endloop
  endfacet
  facet normal 2.529728e-01 -7.083092e-01 6.590166e-01
    outer loop
      vertex   -2.201684e+01 2.000000e+00 -1.953386e+01
      vertex   -2.226435e+01 1.000000e+00 -2.051365e+01
      vertex   -2.177254e+01 2.000000e+00 -1.962764e+01
    endloop
  endfacet
  facet normal 2.251205e-01 -7.058206e-01 6.716681e-01
    outer loop
      vertex   -2.177254e+01 2.000000e+00 -1.962764e+01
      vertex   -2.226435e+01 1.000000e+00 -2.051365e+01
      vertex   -2.195782e+01 1.000000e+00 -2.061639e+01
    endloop
  endfacet
  facet normal 1.827374e-01 -7.081690e-01 6.819852e-01
    outer loop
      vertex   -2.177254e+01 2.000000e+00 -1.962764e+01
      vertex   -2.195782e+01 1.000000e+00 -2.061639e+01
      vertex   -2.151978e+01 2.000000e+00 -1.969537e+01
    endloop
  endfacet
  facet normal 1.621480e-01 -7.059892e-01 6.894108e-01
    outer loop
      vertex   -2.151978e+01 2.000000e+00 -1.969537e+01
      vertex   -2.195782e+01 1.000000e+00 -2.061639e+01
      vertex   -2.164312e+01 1.000000e+00 -2.069041e+01
    endloop
  endfacet
  facet normal 1.105008e-01 -7.078416e-01 6.976746e-01
    outer loop
      vertex   -2.151978e+01 2.000000e+00 -1.969537e+01
      vertex   -2.164312e+01 1.000000e+00 -2.069041e+01
      vertex   -2.126132e+01 2.000000e+00 -1.973630e+01
    endloop
  endfacet
  facet normal 9.780370e-02 -7.062922e-01 7.011317e-01
    outer loop
      vertex   -2.126132e+01 2.000000e+00 -1.973630e+01
      vertex   -2.164312e+01 1.000000e+00 -2.069041e+01
      vertex   -2.132294e+01 1.000000e+00 -2.073507e+01
    endloop
  endfacet
  facet normal 3.699562e-02 -7.073262e-01 7.059185e-01
    outer loop
      vertex   -2.126132e+01 2.000000e+00 -1.973630e+01
      vertex   -2.132294e+01 1.000000e+00 -2.073507e+01
      vertex   -2.100000e+01 2.000000e+00 -1.975000e+01
    endloop
  endfacet
  facet normal 3.267406e-02 -7.067292e-01 7.067292e-01
    outer loop
      vertex   -2.100000e+01 2.000000e+00 -1.975000e+01
      vertex   -2.132294e+01 1.000000e+00 -2.073507e+01
      vertex   -2.100000e+01 1.000000e+00 -2.075000e+01
    endloop
  endfacet
  facet normal -7.067292e-01 -7.067292e-01 3.267406e-02
    outer loop
      vertex   2.450000e+01 1.000000e+00 -1.725000e+01
      vertex   2.350000e+01 2.000000e+00 -1.725000e+01
      vertex   2.448507e+01 1.000000e+00 -1.757294e+01
    endloop
  endfacet
  facet normal -7.059185e-01 -7.073262e-01 3.699562e-02
    outer loop
      vertex   2.448507e+01 1.000000e+00 -1.757294e+01
      vertex   2.350000e+01 2.000000e+00 -1.725000e+01
      vertex   2.348630e+01 2.000000e+00 -1.751132e+01
    endloop
  endfacet
  facet normal -7.011317e-01 -7.062922e-01 9.780370e-02
    outer loop
      vertex   2.448507e+01 1.000000e+00 -1.757294e+01
      vertex   2.348630e+01 2.000000e+00 -1.751132e+01
      vertex   2.444041e+01 1.000000e+00 -1.789312e+01
    endloop
  endfacet
  facet normal -6.976746e-01 -7.078416e-01 1.105008e-01
    outer loop
      vertex   2.444041e+01 1.000000e+00 -1.789312e+01
      vertex   2.348630e+01 2.000000e+00 -1.751132e+01
      vertex   2.344537e+01 2.000000e+00 -1.776978e+01
    endloop
  endfacet
  facet normal -6.894108e-01 -7.059892e-01 1.621480e-01
    outer loop
      vertex   2.444041e+01 1.000000e+00 -1.789312e+01
      vertex   2.344537e+01 2.000000e+00 -1.776978e+01
      vertex   2.436639e+01 1.000000e+00 -1.820782e+01
    endloop
  endfacet
  facet normal -6.819852e-01 -7.081690e-01 1.827374e-01
    outer loop
      vertex   2.436639e+01 1.000000e+00 -1.820782e+01
      vertex   2.344537e+01 2.000000e+00 -1.776978e+01
      vertex   2.337764e+01 2.000000e+00 -1.802254e+01
    endloop
  endfacet
  facet normal -6.716681e-01 -7.058206e-01 2.251205e-01
    outer loop
      vertex   2.436639e+01 1.000000e+00 -1.820782e+01
      vertex   2.337764e+01 2.000000e+00 -1.802254e+01
      vertex   2.426365e+01 1.000000e+00 -1.851435e+01
    endloop
  endfacet
  facet normal -6.590166e-01 -7.083092e-01 2.529728e-01
    outer loop
      vertex   2.426365e+01 1.000000e+00 -1.851435e+01
      vertex   2.337764e+01 2.000000e+00 -1.802254e+01
      vertex   2.328386e+01 2.000000e+00 -1.826684e+01
    endloop
  endfacet
  facet normal -6.480621e-01 -7.057869e-01 2.861474e-01
    outer loop
      vertex   2.426365e+01 1.000000e+00 -1.851435e+01
      vertex   2.328386e+01 2.000000e+00 -1.826684e+01
      vertex   2.413307e+01 1.000000e+00 -1.881008e+01
    endloop
  endfacet
  facet normal -6.290054e-01 -7.082624e-01 3.204942e-01
    outer loop
      vertex   2.413307e+01 1.000000e+00 -1.881008e+01
      vertex   2.328386e+01 2.000000e+00 -1.826684e+01
      vertex   2.316506e+01 2.000000e+00 -1.850000e+01
    endloop
  endfacet
  facet normal -6.188072e-01 -7.058881e-01 3.446733e-01
    outer loop
      vertex   2.413307e+01 1.000000e+00 -1.881008e+01
      vertex   2.316506e+01 2.000000e+00 -1.850000e+01
      vertex   2.397576e+01 1.000000e+00 -1.909251e+01
    endloop
  endfacet
  facet normal -5.922554e-01 -7.080287e-01 3.846152e-01
    outer loop
      vertex   2.397576e+01 1.000000e+00 -1.909251e+01
      vertex   2.316506e+01 2.000000e+00 -1.850000e+01
      vertex   2.302254e+01 2.000000e+00 -1.871946e+01
    endloop
  endfacet
  facet normal -5.841710e-01 -7.061239e-01 4.001665e-01
    outer loop
      vertex   2.397576e+01 1.000000e+00 -1.909251e+01
      vertex   2.302254e+01 2.000000e+00 -1.871946e+01
      vertex   2.379306e+01 1.000000e+00 -1.935922e+01
    endloop
  endfacet
  facet normal -5.491358e-01 -7.076075e-01 4.446814e-01
    outer loop
      vertex   2.379306e+01 1.000000e+00 -1.935922e+01
      vertex   2.302254e+01 2.000000e+00 -1.871946e+01
      vertex   2.285786e+01 2.000000e+00 -1.892283e+01
    endloop
  endfacet
  facet normal -5.444723e-01 -7.064940e-01 4.521240e-01
    outer loop
      vertex   2.379306e+01 1.000000e+00 -1.935922e+01
      vertex   2.285786e+01 2.000000e+00 -1.892283e+01
      vertex   2.358653e+01 1.000000e+00 -1.960793e+01
    endloop
  endfacet
  facet normal -5.000771e-01 -7.069977e-01 5.000771e-01
    outer loop
      vertex   2.358653e+01 1.000000e+00 -1.960793e+01
      vertex   2.285786e+01 2.000000e+00 -1.892283e+01
      vertex   2.267283e+01 2.000000e+00 -1.910786e+01
    endloop
  endfacet
  facet normal -5.000771e-01 -7.069977e-01 5.000771e-01
    outer loop
      vertex   2.358653e+01 1.000000e+00 -1.960793e+01
      vertex   2.267283e+01 2.000000e+00 -1.910786e+01
      vertex   2.335793e+01 1.000000e+00 -1.983653e+01
    endloop
  endfacet
  facet normal -4.521240e-01 -7.064940e-01 5.444723e-01
    outer loop
      vertex   2.335793e+01 1.000000e+00 -1.983653e+01
      vertex   2.267283e+01 2.000000e+00 -1.910786e+01
      vertex   2.310922e+01 1.000000e+00 -2.004306e+01
    endloop
  endfacet
  facet normal -4.446814e-01 -7.076075e-01 5.491358e-01
    outer loop
      vertex   2.310922e+01 1.000000e+00 -2.004306e+01
      vertex   2.267283e+01 2.000000e+00 -1.910786e+01
      vertex   2.246946e+01 2.000000e+00 -1.927254e+01
    endloop
  endfacet
  facet normal -4.001665e-01 -7.061239e-01 5.841710e-01
    outer loop
      vertex   2.310922e+01 1.000000e+00 -2.004306e+01
      vertex   2.246946e+01 2.000000e+00 -1.927254e+01
      vertex   2.284251e+01 1.000000e+00 -2.022576e+01
    endloop
  endfacet
  facet normal -3.846152e-01 -7.080287e-01 5.922554e-01
    outer loop
      vertex   2.284251e+01 1.000000e+00 -2.022576e+01
      vertex   2.246946e+01 2.000000e+00 -1.927254e+01
      vertex   2.225000e+01 2.000000e+00 -1.941506e+01
    endloop
  endfacet
  facet normal -3.446733e-01 -7.058881e-01 6.188072e-01
    outer loop
      vertex   2.284251e+01 1.000000e+00 -2.022576e+01
      vertex   2.225000e+01 2.000000e+00 -1.941506e+01
      vertex   2.256008e+01 1.000000e+00 -2.038307e+01
    endloop
  endfacet
  facet normal -3.204942e-01 -7.082624e-01 6.290054e-01
    outer loop
      vertex   2.256008e+01 1.000000e+00 -2.038307e+01
      vertex   2.225000e+01 2.000000e+00 -1.941506e+01
      vertex   2.201684e+01 2.000000e+00 -1.953386e+01
    endloop
  endfacet
  facet normal -2.861474e-01 -7.057869e-01 6.480621e-01
    outer loop
      vertex   2.256008e+01 1.000000e+00 -2.038307e+01
      vertex   2.201684e+01 2.000000e+00 -1.953386e+01
      vertex   2.226435e+01 1.000000e+00 -2.051365e+01
    endloop
  endfacet
  facet normal -2.529728e-01 -7.083092e-01 6.590166e-01
    outer loop
      vertex   2.226435e+01 1.000000e+00 -2.051365e+01
      vertex   2.201684e+01 2.000000e+00 -1.953386e+01
      vertex   2.177254e+01 2.000000e+00 -1.962764e+01
    endloop
  endfacet
  facet normal -2.251205e-01 -7.058206e-01 6.716681e-01
    outer loop
      vertex   2.226435e+01 1.000000e+00 -2.051365e+01
      vertex   2.177254e+01 2.000000e+00 -1.962764e+01
      vertex   2.195782e+01 1.000000e+00 -2.061639e+01
    endloop
  endfacet
  facet normal -1.827374e-01 -7.081690e-01 6.819852e-01
    outer loop
      vertex   2.195782e+01 1.000000e+00 -2.061639e+01
      vertex   2.177254e+01 2.000000e+00 -1.962764e+01
      vertex   2.151978e+01 2.000000e+00 -1.969537e+01
    endloop
  endfacet
  facet normal -1.621480e-01 -7.059892e-01 6.894108e-01
    outer loop
      vertex   2.195782e+01 1.000000e+00 -2.061639e+01
      vertex   2.151978e+01 2.000000e+00 -1.969537e+01
      vertex   2.164312e+01 1.000000e+00 -2.069041e+01
    endloop
  endfacet
  facet normal -1.105008e-01 -7.078416e-01 6.976746e-01
    outer loop
      vertex   2.164312e+01 1.000000e+00 -2.069041e+01
      vertex   2.151978e+01 2.000000e+00 -1.969537e+01
      vertex   2.126132e+01 2.000000e+00 -1.973630e+01
    endloop
  endfacet
  facet normal -9.780370e-02 -7.062922e-01 7.011317e-01
    outer loop
      vertex   2.164312e+01 1.000000e+00 -2.069041e+01
      vertex   2.126132e+01 2.000000e+00 -1.973630e+01
      vertex   2.132294e+01 1.000000e+00 -2.073507e+01
    endloop
  endfacet
  facet normal -3.699562e-02 -7.073262e-01 7.059185e-01
    outer loop
      vertex   2.132294e+01 1.000000e+00 -2.073507e+01
      vertex   2.126132e+01 2.000000e+00 -1.973630e+01
      vertex   2.100000e+01 2.000000e+00 -1.975000e+01
    endloop
  endfacet
  facet normal -3.267406e-02 -7.067292e-01 7.067292e-01
    outer loop
      vertex   2.132294e+01 1.000000e+00 -2.073507e+01
      vertex   2.100000e+01 2.000000e+00 -1.975000e+01
      vertex   2.100000e+01 1.000000e+00 -2.075000e+01
    endloop
  endfacet
  facet normal -5.981305e-17 -7.071068e-01 7.071068e-01
    outer loop
      vertex   -2.100000e+01 1.000000e+00 -2.075000e+01
      vertex   2.100000e+01 1.000000e+00 -2.075000e+01
      vertex   -2.100000e+01 2.000000e+00 -1.975000e+01
    endloop
  endfacet
  facet normal 5.981305e-17 -7.071068e-01 7.071068e-01
    outer loop
      vertex   -2.100000e+01 2.000000e+00 -1.975000e+01
      vertex   2.100000e+01 1.000000e+00 -2.075000e+01
      vertex   2.100000e+01 2.000000e+00 -1.975000e+01
    endloop
  endfacet
endsolid
