solid ASCII
  facet normal 6.975647e-02 0.000000e+00 -9.975641e-01
    outer loop
      vertex   5.777323e+00 -2.000000e+00 -1.191557e+01
      vertex   6.000000e+00 0.000000e+00 -1.190000e+01
      vertex   6.000000e+00 -2.000000e+00 -1.190000e+01
    endloop
  endfacet
  facet normal -6.975647e-02 0.000000e+00 -9.975641e-01
    outer loop
      vertex   6.000000e+00 -2.000000e+00 -1.190000e+01
      vertex   6.000000e+00 0.000000e+00 -1.190000e+01
      vertex   6.222677e+00 0.000000e+00 -1.191557e+01
    endloop
  endfacet
  facet normal -6.975647e-02 0.000000e+00 -9.975641e-01
    outer loop
      vertex   6.000000e+00 -2.000000e+00 -1.190000e+01
      vertex   6.222677e+00 0.000000e+00 -1.191557e+01
      vertex   6.222677e+00 -2.000000e+00 -1.191557e+01
    endloop
  endfacet
  facet normal -2.079117e-01 0.000000e+00 -9.781476e-01
    outer loop
      vertex   6.222677e+00 -2.000000e+00 -1.191557e+01
      vertex   6.222677e+00 0.000000e+00 -1.191557e+01
      vertex   6.441020e+00 0.000000e+00 -1.196198e+01
    endloop
  endfacet
  facet normal -2.079117e-01 -1.826264e-16 -9.781476e-01
    outer loop
      vertex   6.222677e+00 -2.000000e+00 -1.191557e+01
      vertex   6.441020e+00 0.000000e+00 -1.196198e+01
      vertex   6.441020e+00 -2.000000e+00 -1.196198e+01
    endloop
  endfacet
  facet normal -3.420201e-01 -3.037749e-16 -9.396926e-01
    outer loop
      vertex   6.441020e+00 -2.000000e+00 -1.196198e+01
      vertex   6.441020e+00 0.000000e+00 -1.196198e+01
      vertex   6.650779e+00 0.000000e+00 -1.203833e+01
    endloop
  endfacet
  facet normal -3.420201e-01 5.362223e-16 -9.396926e-01
    outer loop
      vertex   6.441020e+00 -2.000000e+00 -1.196198e+01
      vertex   6.650779e+00 0.000000e+00 -1.203833e+01
      vertex   6.650779e+00 -2.000000e+00 -1.203833e+01
    endloop
  endfacet
  facet normal -4.694716e-01 3.672405e-16 -8.829476e-01
    outer loop
      vertex   6.650779e+00 -2.000000e+00 -1.203833e+01
      vertex   6.650779e+00 0.000000e+00 -1.203833e+01
      vertex   6.847871e+00 0.000000e+00 -1.214312e+01
    endloop
  endfacet
  facet normal -4.694716e-01 0.000000e+00 -8.829476e-01
    outer loop
      vertex   6.650779e+00 -2.000000e+00 -1.203833e+01
      vertex   6.847871e+00 0.000000e+00 -1.214312e+01
      vertex   6.847871e+00 -2.000000e+00 -1.214312e+01
    endloop
  endfacet
  facet normal -5.877853e-01 0.000000e+00 -8.090170e-01
    outer loop
      vertex   6.847871e+00 -2.000000e+00 -1.214312e+01
      vertex   6.847871e+00 0.000000e+00 -1.214312e+01
      vertex   7.028460e+00 0.000000e+00 -1.227433e+01
    endloop
  endfacet
  facet normal -5.877853e-01 0.000000e+00 -8.090170e-01
    outer loop
      vertex   6.847871e+00 -2.000000e+00 -1.214312e+01
      vertex   7.028460e+00 0.000000e+00 -1.227433e+01
      vertex   7.028460e+00 -2.000000e+00 -1.227433e+01
    endloop
  endfacet
  facet normal -6.946584e-01 0.000000e+00 -7.193398e-01
    outer loop
      vertex   7.028460e+00 -2.000000e+00 -1.227433e+01
      vertex   7.028460e+00 0.000000e+00 -1.227433e+01
      vertex   7.189032e+00 0.000000e+00 -1.242939e+01
    endloop
  endfacet
  facet normal -6.946584e-01 0.000000e+00 -7.193398e-01
    outer loop
      vertex   7.028460e+00 -2.000000e+00 -1.227433e+01
      vertex   7.189032e+00 0.000000e+00 -1.242939e+01
      vertex   7.189032e+00 -2.000000e+00 -1.242939e+01
    endloop
  endfacet
  facet normal -7.880108e-01 0.000000e+00 -6.156615e-01
    outer loop
      vertex   7.189032e+00 -2.000000e+00 -1.242939e+01
      vertex   7.189032e+00 0.000000e+00 -1.242939e+01
      vertex   7.326460e+00 0.000000e+00 -1.260529e+01
    endloop
  endfacet
  facet normal -7.880108e-01 0.000000e+00 -6.156615e-01
    outer loop
      vertex   7.189032e+00 -2.000000e+00 -1.242939e+01
      vertex   7.326460e+00 0.000000e+00 -1.260529e+01
      vertex   7.326460e+00 -2.000000e+00 -1.260529e+01
    endloop
  endfacet
  facet normal -8.660254e-01 0.000000e+00 -5.000000e-01
    outer loop
      vertex   7.326460e+00 -2.000000e+00 -1.260529e+01
      vertex   7.326460e+00 0.000000e+00 -1.260529e+01
      vertex   7.438070e+00 0.000000e+00 -1.279861e+01
    endloop
  endfacet
  facet normal -8.660254e-01 7.693624e-16 -5.000000e-01
    outer loop
      vertex   7.326460e+00 -2.000000e+00 -1.260529e+01
      vertex   7.438070e+00 0.000000e+00 -1.279861e+01
      vertex   7.438070e+00 -2.000000e+00 -1.279861e+01
    endloop
  endfacet
  facet normal -9.271839e-01 8.235047e-16 -3.746066e-01
    outer loop
      vertex   7.438070e+00 -2.000000e+00 -1.279861e+01
      vertex   7.438070e+00 0.000000e+00 -1.279861e+01
      vertex   7.521690e+00 0.000000e+00 -1.300557e+01
    endloop
  endfacet
  facet normal -9.271839e-01 0.000000e+00 -3.746066e-01
    outer loop
      vertex   7.438070e+00 -2.000000e+00 -1.279861e+01
      vertex   7.521690e+00 0.000000e+00 -1.300557e+01
      vertex   7.521690e+00 -2.000000e+00 -1.300557e+01
    endloop
  endfacet
  facet normal -9.702957e-01 0.000000e+00 -2.419219e-01
    outer loop
      vertex   7.521690e+00 -2.000000e+00 -1.300557e+01
      vertex   7.521690e+00 0.000000e+00 -1.300557e+01
      vertex   7.575692e+00 0.000000e+00 -1.322216e+01
    endloop
  endfacet
  facet normal -9.702957e-01 -2.137118e-16 -2.419219e-01
    outer loop
      vertex   7.521690e+00 -2.000000e+00 -1.300557e+01
      vertex   7.575692e+00 0.000000e+00 -1.322216e+01
      vertex   7.575692e+00 -2.000000e+00 -1.322216e+01
    endloop
  endfacet
  facet normal -9.945219e-01 -9.283993e-17 -1.045285e-01
    outer loop
      vertex   7.575692e+00 -2.000000e+00 -1.322216e+01
      vertex   7.575692e+00 0.000000e+00 -1.322216e+01
      vertex   7.599025e+00 0.000000e+00 -1.344416e+01
    endloop
  endfacet
  facet normal -9.945219e-01 0.000000e+00 -1.045285e-01
    outer loop
      vertex   7.575692e+00 -2.000000e+00 -1.322216e+01
      vertex   7.599025e+00 0.000000e+00 -1.344416e+01
      vertex   7.599025e+00 -2.000000e+00 -1.344416e+01
    endloop
  endfacet
  facet normal -9.993908e-01 0.000000e+00 3.489950e-02
    outer loop
      vertex   7.599025e+00 -2.000000e+00 -1.344416e+01
      vertex   7.599025e+00 0.000000e+00 -1.344416e+01
      vertex   7.591235e+00 0.000000e+00 -1.366725e+01
    endloop
  endfacet
  facet normal -9.993908e-01 -3.108535e-17 3.489950e-02
    outer loop
      vertex   7.599025e+00 -2.000000e+00 -1.344416e+01
      vertex   7.591235e+00 0.000000e+00 -1.366725e+01
      vertex   7.591235e+00 -2.000000e+00 -1.366725e+01
    endloop
  endfacet
  facet normal -9.848078e-01 -1.542306e-16 1.736482e-01
    outer loop
      vertex   7.591235e+00 -2.000000e+00 -1.366725e+01
      vertex   7.591235e+00 0.000000e+00 -1.366725e+01
      vertex   7.552473e+00 0.000000e+00 -1.388708e+01
    endloop
  endfacet
  facet normal -9.848078e-01 0.000000e+00 1.736482e-01
    outer loop
      vertex   7.591235e+00 -2.000000e+00 -1.366725e+01
      vertex   7.552473e+00 0.000000e+00 -1.388708e+01
      vertex   7.552473e+00 -2.000000e+00 -1.388708e+01
    endloop
  endfacet
  facet normal -9.510565e-01 0.000000e+00 3.090170e-01
    outer loop
      vertex   7.552473e+00 -2.000000e+00 -1.388708e+01
      vertex   7.552473e+00 0.000000e+00 -1.388708e+01
      vertex   7.483494e+00 0.000000e+00 -1.409937e+01
    endloop
  endfacet
  facet normal -9.510565e-01 2.758825e-16 3.090170e-01
    outer loop
      vertex   7.552473e+00 -2.000000e+00 -1.388708e+01
      vertex   7.483494e+00 0.000000e+00 -1.409937e+01
      vertex   7.483494e+00 -2.000000e+00 -1.409937e+01
    endloop
  endfacet
  facet normal -8.987940e-01 3.893518e-16 4.383711e-01
    outer loop
      vertex   7.483494e+00 -2.000000e+00 -1.409937e+01
      vertex   7.483494e+00 0.000000e+00 -1.409937e+01
      vertex   7.385641e+00 0.000000e+00 -1.430000e+01
    endloop
  endfacet
  facet normal -8.987940e-01 -3.963382e-16 4.383711e-01
    outer loop
      vertex   7.483494e+00 -2.000000e+00 -1.409937e+01
      vertex   7.385641e+00 0.000000e+00 -1.430000e+01
      vertex   7.385641e+00 -2.000000e+00 -1.430000e+01
    endloop
  endfacet
  facet normal -8.290376e-01 -3.681666e-16 5.591929e-01
    outer loop
      vertex   7.385641e+00 -2.000000e+00 -1.430000e+01
      vertex   7.385641e+00 0.000000e+00 -1.430000e+01
      vertex   7.260817e+00 0.000000e+00 -1.448506e+01
    endloop
  endfacet
  facet normal -8.290376e-01 0.000000e+00 5.591929e-01
    outer loop
      vertex   7.385641e+00 -2.000000e+00 -1.430000e+01
      vertex   7.260817e+00 0.000000e+00 -1.448506e+01
      vertex   7.260817e+00 -2.000000e+00 -1.448506e+01
    endloop
  endfacet
  facet normal -7.431448e-01 0.000000e+00 6.691306e-01
    outer loop
      vertex   7.260817e+00 -2.000000e+00 -1.448506e+01
      vertex   7.260817e+00 0.000000e+00 -1.448506e+01
      vertex   7.111453e+00 0.000000e+00 -1.465094e+01
    endloop
  endfacet
  facet normal -7.431448e-01 0.000000e+00 6.691306e-01
    outer loop
      vertex   7.260817e+00 -2.000000e+00 -1.448506e+01
      vertex   7.111453e+00 0.000000e+00 -1.465094e+01
      vertex   7.111453e+00 -2.000000e+00 -1.465094e+01
    endloop
  endfacet
  facet normal -6.427876e-01 0.000000e+00 7.660444e-01
    outer loop
      vertex   7.111453e+00 -2.000000e+00 -1.465094e+01
      vertex   7.111453e+00 0.000000e+00 -1.465094e+01
      vertex   6.940456e+00 0.000000e+00 -1.479443e+01
    endloop
  endfacet
  facet normal -6.427876e-01 0.000000e+00 7.660444e-01
    outer loop
      vertex   7.111453e+00 -2.000000e+00 -1.465094e+01
      vertex   6.940456e+00 0.000000e+00 -1.479443e+01
      vertex   6.940456e+00 -2.000000e+00 -1.479443e+01
    endloop
  endfacet
  facet normal -5.299193e-01 0.000000e+00 8.480481e-01
    outer loop
      vertex   6.940456e+00 -2.000000e+00 -1.479443e+01
      vertex   6.940456e+00 0.000000e+00 -1.479443e+01
      vertex   6.751155e+00 0.000000e+00 -1.491272e+01
    endloop
  endfacet
  facet normal -5.299193e-01 2.331401e-16 8.480481e-01
    outer loop
      vertex   6.940456e+00 -2.000000e+00 -1.479443e+01
      vertex   6.751155e+00 0.000000e+00 -1.491272e+01
      vertex   6.751155e+00 -2.000000e+00 -1.491272e+01
    endloop
  endfacet
  facet normal -4.067366e-01 1.806274e-16 9.135455e-01
    outer loop
      vertex   6.751155e+00 -2.000000e+00 -1.491272e+01
      vertex   6.751155e+00 0.000000e+00 -1.491272e+01
      vertex   6.547232e+00 0.000000e+00 -1.500351e+01
    endloop
  endfacet
  facet normal -4.067366e-01 -1.787408e-16 9.135455e-01
    outer loop
      vertex   6.751155e+00 -2.000000e+00 -1.491272e+01
      vertex   6.547232e+00 0.000000e+00 -1.500351e+01
      vertex   6.547232e+00 -2.000000e+00 -1.500351e+01
    endloop
  endfacet
  facet normal -2.756374e-01 -1.224076e-16 9.612617e-01
    outer loop
      vertex   6.547232e+00 -2.000000e+00 -1.500351e+01
      vertex   6.547232e+00 0.000000e+00 -1.500351e+01
      vertex   6.332659e+00 0.000000e+00 -1.506504e+01
    endloop
  endfacet
  facet normal -2.756374e-01 0.000000e+00 9.612617e-01
    outer loop
      vertex   6.547232e+00 -2.000000e+00 -1.500351e+01
      vertex   6.332659e+00 0.000000e+00 -1.506504e+01
      vertex   6.332659e+00 -2.000000e+00 -1.506504e+01
    endloop
  endfacet
  facet normal -1.391731e-01 0.000000e+00 9.902681e-01
    outer loop
      vertex   6.332659e+00 -2.000000e+00 -1.506504e+01
      vertex   6.332659e+00 0.000000e+00 -1.506504e+01
      vertex   6.111610e+00 0.000000e+00 -1.509610e+01
    endloop
  endfacet
  facet normal -1.391731e-01 0.000000e+00 9.902681e-01
    outer loop
      vertex   6.332659e+00 -2.000000e+00 -1.506504e+01
      vertex   6.111610e+00 0.000000e+00 -1.509610e+01
      vertex   6.111610e+00 -2.000000e+00 -1.509610e+01
    endloop
  endfacet
  facet normal 0.000000e+00 -0.000000e+00 1.000000e+00
    outer loop
      vertex   6.111610e+00 -2.000000e+00 -1.509610e+01
      vertex   6.111610e+00 0.000000e+00 -1.509610e+01
      vertex   5.888390e+00 0.000000e+00 -1.509610e+01
    endloop
  endfacet
  facet normal 0.000000e+00 0.000000e+00 1.000000e+00
    outer loop
      vertex   6.111610e+00 -2.000000e+00 -1.509610e+01
      vertex   5.888390e+00 0.000000e+00 -1.509610e+01
      vertex   5.888390e+00 -2.000000e+00 -1.509610e+01
    endloop
  endfacet
  facet normal 1.391731e-01 1.236105e-16 9.902681e-01
    outer loop
      vertex   5.888390e+00 -2.000000e+00 -1.509610e+01
      vertex   5.888390e+00 0.000000e+00 -1.509610e+01
      vertex   5.667341e+00 0.000000e+00 -1.506504e+01
    endloop
  endfacet
  facet normal 1.391731e-01 0.000000e+00 9.902681e-01
    outer loop
      vertex   5.888390e+00 -2.000000e+00 -1.509610e+01
      vertex   5.667341e+00 0.000000e+00 -1.506504e+01
      vertex   5.667341e+00 -2.000000e+00 -1.506504e+01
    endloop
  endfacet
  facet normal 2.756374e-01 -0.000000e+00 9.612617e-01
    outer loop
      vertex   5.667341e+00 -2.000000e+00 -1.506504e+01
      vertex   5.667341e+00 0.000000e+00 -1.506504e+01
      vertex   5.452768e+00 0.000000e+00 -1.500351e+01
    endloop
  endfacet
  facet normal 2.756374e-01 0.000000e+00 9.612617e-01
    outer loop
      vertex   5.667341e+00 -2.000000e+00 -1.506504e+01
      vertex   5.452768e+00 0.000000e+00 -1.500351e+01
      vertex   5.452768e+00 -2.000000e+00 -1.500351e+01
    endloop
  endfacet
  facet normal 4.067366e-01 -0.000000e+00 9.135455e-01
    outer loop
      vertex   5.452768e+00 -2.000000e+00 -1.500351e+01
      vertex   5.452768e+00 0.000000e+00 -1.500351e+01
      vertex   5.248845e+00 0.000000e+00 -1.491272e+01
    endloop
  endfacet
  facet normal 4.067366e-01 0.000000e+00 9.135455e-01
    outer loop
      vertex   5.452768e+00 -2.000000e+00 -1.500351e+01
      vertex   5.248845e+00 0.000000e+00 -1.491272e+01
      vertex   5.248845e+00 -2.000000e+00 -1.491272e+01
    endloop
  endfacet
  facet normal 5.299193e-01 -0.000000e+00 8.480481e-01
    outer loop
      vertex   5.248845e+00 -2.000000e+00 -1.491272e+01
      vertex   5.248845e+00 0.000000e+00 -1.491272e+01
      vertex   5.059544e+00 0.000000e+00 -1.479443e+01
    endloop
  endfacet
  facet normal 5.299193e-01 0.000000e+00 8.480481e-01
    outer loop
      vertex   5.248845e+00 -2.000000e+00 -1.491272e+01
      vertex   5.059544e+00 0.000000e+00 -1.479443e+01
      vertex   5.059544e+00 -2.000000e+00 -1.479443e+01
    endloop
  endfacet
  facet normal 6.427876e-01 -0.000000e+00 7.660444e-01
    outer loop
      vertex   5.059544e+00 -2.000000e+00 -1.479443e+01
      vertex   5.059544e+00 0.000000e+00 -1.479443e+01
      vertex   4.888547e+00 0.000000e+00 -1.465094e+01
    endloop
  endfacet
  facet normal 6.427876e-01 0.000000e+00 7.660444e-01
    outer loop
      vertex   5.059544e+00 -2.000000e+00 -1.479443e+01
      vertex   4.888547e+00 0.000000e+00 -1.465094e+01
      vertex   4.888547e+00 -2.000000e+00 -1.465094e+01
    endloop
  endfacet
  facet normal 7.431448e-01 -0.000000e+00 6.691306e-01
    outer loop
      vertex   4.888547e+00 -2.000000e+00 -1.465094e+01
      vertex   4.888547e+00 0.000000e+00 -1.465094e+01
      vertex   4.739183e+00 0.000000e+00 -1.448506e+01
    endloop
  endfacet
  facet normal 7.431448e-01 -3.263962e-16 6.691306e-01
    outer loop
      vertex   4.888547e+00 -2.000000e+00 -1.465094e+01
      vertex   4.739183e+00 0.000000e+00 -1.448506e+01
      vertex   4.739183e+00 -2.000000e+00 -1.448506e+01
    endloop
  endfacet
  facet normal 8.290376e-01 -3.681666e-16 5.591929e-01
    outer loop
      vertex   4.739183e+00 -2.000000e+00 -1.448506e+01
      vertex   4.739183e+00 0.000000e+00 -1.448506e+01
      vertex   4.614359e+00 0.000000e+00 -1.430000e+01
    endloop
  endfacet
  facet normal 8.290376e-01 3.652529e-16 5.591929e-01
    outer loop
      vertex   4.739183e+00 -2.000000e+00 -1.448506e+01
      vertex   4.614359e+00 0.000000e+00 -1.430000e+01
      vertex   4.614359e+00 -2.000000e+00 -1.430000e+01
    endloop
  endfacet
  facet normal 8.987940e-01 3.991447e-16 4.383711e-01
    outer loop
      vertex   4.614359e+00 -2.000000e+00 -1.430000e+01
      vertex   4.614359e+00 0.000000e+00 -1.430000e+01
      vertex   4.516506e+00 0.000000e+00 -1.409937e+01
    endloop
  endfacet
  facet normal 8.987940e-01 0.000000e+00 4.383711e-01
    outer loop
      vertex   4.614359e+00 -2.000000e+00 -1.430000e+01
      vertex   4.516506e+00 0.000000e+00 -1.409937e+01
      vertex   4.516506e+00 -2.000000e+00 -1.409937e+01
    endloop
  endfacet
  facet normal 9.510565e-01 -0.000000e+00 3.090170e-01
    outer loop
      vertex   4.516506e+00 -2.000000e+00 -1.409937e+01
      vertex   4.516506e+00 0.000000e+00 -1.409937e+01
      vertex   4.447527e+00 0.000000e+00 -1.388708e+01
    endloop
  endfacet
  facet normal 9.510565e-01 2.758825e-16 3.090170e-01
    outer loop
      vertex   4.516506e+00 -2.000000e+00 -1.409937e+01
      vertex   4.447527e+00 0.000000e+00 -1.388708e+01
      vertex   4.447527e+00 -2.000000e+00 -1.388708e+01
    endloop
  endfacet
  facet normal 9.848078e-01 1.542306e-16 1.736482e-01
    outer loop
      vertex   4.447527e+00 -2.000000e+00 -1.388708e+01
      vertex   4.447527e+00 0.000000e+00 -1.388708e+01
      vertex   4.408765e+00 0.000000e+00 -1.366725e+01
    endloop
  endfacet
  facet normal 9.848078e-01 0.000000e+00 1.736482e-01
    outer loop
      vertex   4.447527e+00 -2.000000e+00 -1.388708e+01
      vertex   4.408765e+00 0.000000e+00 -1.366725e+01
      vertex   4.408765e+00 -2.000000e+00 -1.366725e+01
    endloop
  endfacet
  facet normal 9.993908e-01 -0.000000e+00 3.489950e-02
    outer loop
      vertex   4.408765e+00 -2.000000e+00 -1.366725e+01
      vertex   4.408765e+00 0.000000e+00 -1.366725e+01
      vertex   4.400975e+00 0.000000e+00 -1.344416e+01
    endloop
  endfacet
  facet normal 9.993908e-01 3.108535e-17 3.489950e-02
    outer loop
      vertex   4.408765e+00 -2.000000e+00 -1.366725e+01
      vertex   4.400975e+00 0.000000e+00 -1.344416e+01
      vertex   4.400975e+00 -2.000000e+00 -1.344416e+01
    endloop
  endfacet
  facet normal 9.945219e-01 -9.283993e-17 -1.045285e-01
    outer loop
      vertex   4.400975e+00 -2.000000e+00 -1.344416e+01
      vertex   4.400975e+00 0.000000e+00 -1.344416e+01
      vertex   4.424308e+00 0.000000e+00 -1.322216e+01
    endloop
  endfacet
  facet normal 9.945219e-01 -3.497102e-16 -1.045285e-01
    outer loop
      vertex   4.400975e+00 -2.000000e+00 -1.344416e+01
      vertex   4.424308e+00 0.000000e+00 -1.322216e+01
      vertex   4.424308e+00 -2.000000e+00 -1.322216e+01
    endloop
  endfacet
  facet normal 9.702957e-01 -2.160281e-16 -2.419219e-01
    outer loop
      vertex   4.424308e+00 -2.000000e+00 -1.322216e+01
      vertex   4.424308e+00 0.000000e+00 -1.322216e+01
      vertex   4.478310e+00 0.000000e+00 -1.300557e+01
    endloop
  endfacet
  facet normal 9.702957e-01 0.000000e+00 -2.419219e-01
    outer loop
      vertex   4.424308e+00 -2.000000e+00 -1.322216e+01
      vertex   4.478310e+00 0.000000e+00 -1.300557e+01
      vertex   4.478310e+00 -2.000000e+00 -1.300557e+01
    endloop
  endfacet
  facet normal 9.271839e-01 0.000000e+00 -3.746066e-01
    outer loop
      vertex   4.478310e+00 -2.000000e+00 -1.300557e+01
      vertex   4.478310e+00 0.000000e+00 -1.300557e+01
      vertex   4.561930e+00 0.000000e+00 -1.279861e+01
    endloop
  endfacet
  facet normal 9.271839e-01 0.000000e+00 -3.746066e-01
    outer loop
      vertex   4.478310e+00 -2.000000e+00 -1.300557e+01
      vertex   4.561930e+00 0.000000e+00 -1.279861e+01
      vertex   4.561930e+00 -2.000000e+00 -1.279861e+01
    endloop
  endfacet
  facet normal 8.660254e-01 0.000000e+00 -5.000000e-01
    outer loop
      vertex   4.561930e+00 -2.000000e+00 -1.279861e+01
      vertex   4.561930e+00 0.000000e+00 -1.279861e+01
      vertex   4.673540e+00 0.000000e+00 -1.260529e+01
    endloop
  endfacet
  facet normal 8.660254e-01 0.000000e+00 -5.000000e-01
    outer loop
      vertex   4.561930e+00 -2.000000e+00 -1.279861e+01
      vertex   4.673540e+00 0.000000e+00 -1.260529e+01
      vertex   4.673540e+00 -2.000000e+00 -1.260529e+01
    endloop
  endfacet
  facet normal 7.880108e-01 0.000000e+00 -6.156615e-01
    outer loop
      vertex   4.673540e+00 -2.000000e+00 -1.260529e+01
      vertex   4.673540e+00 0.000000e+00 -1.260529e+01
      vertex   4.810968e+00 0.000000e+00 -1.242939e+01
    endloop
  endfacet
  facet normal 7.880108e-01 -3.497102e-16 -6.156615e-01
    outer loop
      vertex   4.673540e+00 -2.000000e+00 -1.260529e+01
      vertex   4.810968e+00 0.000000e+00 -1.242939e+01
      vertex   4.810968e+00 -2.000000e+00 -1.242939e+01
    endloop
  endfacet
  facet normal 6.946584e-01 -3.084903e-16 -7.193398e-01
    outer loop
      vertex   4.810968e+00 -2.000000e+00 -1.242939e+01
      vertex   4.810968e+00 0.000000e+00 -1.242939e+01
      vertex   4.971540e+00 0.000000e+00 -1.227433e+01
    endloop
  endfacet
  facet normal 6.946584e-01 0.000000e+00 -7.193398e-01
    outer loop
      vertex   4.810968e+00 -2.000000e+00 -1.242939e+01
      vertex   4.971540e+00 0.000000e+00 -1.227433e+01
      vertex   4.971540e+00 -2.000000e+00 -1.227433e+01
    endloop
  endfacet
  facet normal 5.877853e-01 0.000000e+00 -8.090170e-01
    outer loop
      vertex   4.971540e+00 -2.000000e+00 -1.227433e+01
      vertex   4.971540e+00 0.000000e+00 -1.227433e+01
      vertex   5.152129e+00 0.000000e+00 -1.214312e+01
    endloop
  endfacet
  facet normal 5.877853e-01 0.000000e+00 -8.090170e-01
    outer loop
      vertex   4.971540e+00 -2.000000e+00 -1.227433e+01
      vertex   5.152129e+00 0.000000e+00 -1.214312e+01
      vertex   5.152129e+00 -2.000000e+00 -1.214312e+01
    endloop
  endfacet
  facet normal 4.694716e-01 0.000000e+00 -8.829476e-01
    outer loop
      vertex   5.152129e+00 -2.000000e+00 -1.214312e+01
      vertex   5.152129e+00 0.000000e+00 -1.214312e+01
      vertex   5.349221e+00 0.000000e+00 -1.203833e+01
    endloop
  endfacet
  facet normal 4.694716e-01 0.000000e+00 -8.829476e-01
    outer loop
      vertex   5.152129e+00 -2.000000e+00 -1.214312e+01
      vertex   5.349221e+00 0.000000e+00 -1.203833e+01
      vertex   5.349221e+00 -2.000000e+00 -1.203833e+01
    endloop
  endfacet
  facet normal 3.420201e-01 0.000000e+00 -9.396926e-01
    outer loop
      vertex   5.349221e+00 -2.000000e+00 -1.203833e+01
      vertex   5.349221e+00 0.000000e+00 -1.203833e+01
      vertex   5.558980e+00 0.000000e+00 -1.196198e+01
    endloop
  endfacet
  facet normal 3.420201e-01 -6.838777e-16 -9.396926e-01
    outer loop
      vertex   5.349221e+00 -2.000000e+00 -1.203833e+01
      vertex   5.558980e+00 0.000000e+00 -1.196198e+01
      vertex   5.558980e+00 -2.000000e+00 -1.196198e+01
    endloop
  endfacet
  facet normal 2.079117e-01 -7.764383e-16 -9.781476e-01
    outer loop
      vertex   5.558980e+00 -2.000000e+00 -1.196198e+01
      vertex   5.558980e+00 0.000000e+00 -1.196198e+01
      vertex   5.777323e+00 0.000000e+00 -1.191557e+01
    endloop
  endfacet
  facet normal 2.079117e-01 -1.865121e-16 -9.781476e-01
    outer loop
      vertex   5.558980e+00 -2.000000e+00 -1.196198e+01
      vertex   5.777323e+00 0.000000e+00 -1.191557e+01
      vertex   5.777323e+00 -2.000000e+00 -1.191557e+01
    endloop
  endfacet
  facet normal 6.975647e-02 -6.195619e-17 -9.975641e-01
    outer loop
      vertex   5.777323e+00 -2.000000e+00 -1.191557e+01
      vertex   5.777323e+00 0.000000e+00 -1.191557e+01
      vertex   6.000000e+00 0.000000e+00 -1.190000e+01
    endloop
  endfacet
  facet normal 6.975647e-02 0.000000e+00 -9.975641e-01
    outer loop
      vertex   5.777323e+00 -2.000000e+00 5.208443e+01
      vertex   6.000000e+00 0.000000e+00 5.210000e+01
      vertex   6.000000e+00 -2.000000e+00 5.210000e+01
    endloop
  endfacet
  facet normal -6.975647e-02 0.000000e+00 -9.975641e-01
    outer loop
      vertex   6.000000e+00 -2.000000e+00 5.210000e+01
      vertex   6.000000e+00 0.000000e+00 5.210000e+01
      vertex   6.222677e+00 0.000000e+00 5.208443e+01
    endloop
  endfacet
  facet normal -6.975647e-02 0.000000e+00 -9.975641e-01
    outer loop
      vertex   6.000000e+00 -2.000000e+00 5.210000e+01
      vertex   6.222677e+00 0.000000e+00 5.208443e+01
      vertex   6.222677e+00 -2.000000e+00 5.208443e+01
    endloop
  endfacet
  facet normal -2.079117e-01 0.000000e+00 -9.781476e-01
    outer loop
      vertex   6.222677e+00 -2.000000e+00 5.208443e+01
      vertex   6.222677e+00 0.000000e+00 5.208443e+01
      vertex   6.441020e+00 0.000000e+00 5.203802e+01
    endloop
  endfacet
  facet normal -2.079117e-01 -9.325605e-17 -9.781476e-01
    outer loop
      vertex   6.222677e+00 -2.000000e+00 5.208443e+01
      vertex   6.441020e+00 0.000000e+00 5.203802e+01
      vertex   6.441020e+00 -2.000000e+00 5.203802e+01
    endloop
  endfacet
  facet normal -3.420201e-01 -1.518875e-16 -9.396926e-01
    outer loop
      vertex   6.441020e+00 -2.000000e+00 5.203802e+01
      vertex   6.441020e+00 0.000000e+00 5.203802e+01
      vertex   6.650779e+00 0.000000e+00 5.196167e+01
    endloop
  endfacet
  facet normal -3.420201e-01 0.000000e+00 -9.396926e-01
    outer loop
      vertex   6.441020e+00 -2.000000e+00 5.203802e+01
      vertex   6.650779e+00 0.000000e+00 5.196167e+01
      vertex   6.650779e+00 -2.000000e+00 5.196167e+01
    endloop
  endfacet
  facet normal -4.694716e-01 0.000000e+00 -8.829476e-01
    outer loop
      vertex   6.650779e+00 -2.000000e+00 5.196167e+01
      vertex   6.650779e+00 0.000000e+00 5.196167e+01
      vertex   6.847871e+00 0.000000e+00 5.185688e+01
    endloop
  endfacet
  facet normal -4.694716e-01 0.000000e+00 -8.829476e-01
    outer loop
      vertex   6.650779e+00 -2.000000e+00 5.196167e+01
      vertex   6.847871e+00 0.000000e+00 5.185688e+01
      vertex   6.847871e+00 -2.000000e+00 5.185688e+01
    endloop
  endfacet
  facet normal -5.877853e-01 0.000000e+00 -8.090170e-01
    outer loop
      vertex   6.847871e+00 -2.000000e+00 5.185688e+01
      vertex   6.847871e+00 0.000000e+00 5.185688e+01
      vertex   7.028460e+00 0.000000e+00 5.172567e+01
    endloop
  endfacet
  facet normal -5.877853e-01 0.000000e+00 -8.090170e-01
    outer loop
      vertex   6.847871e+00 -2.000000e+00 5.185688e+01
      vertex   7.028460e+00 0.000000e+00 5.172567e+01
      vertex   7.028460e+00 -2.000000e+00 5.172567e+01
    endloop
  endfacet
  facet normal -6.946584e-01 0.000000e+00 -7.193398e-01
    outer loop
      vertex   7.028460e+00 -2.000000e+00 5.172567e+01
      vertex   7.028460e+00 0.000000e+00 5.172567e+01
      vertex   7.189032e+00 0.000000e+00 5.157061e+01
    endloop
  endfacet
  facet normal -6.946584e-01 0.000000e+00 -7.193398e-01
    outer loop
      vertex   7.028460e+00 -2.000000e+00 5.172567e+01
      vertex   7.189032e+00 0.000000e+00 5.157061e+01
      vertex   7.189032e+00 -2.000000e+00 5.157061e+01
    endloop
  endfacet
  facet normal -7.880108e-01 0.000000e+00 -6.156615e-01
    outer loop
      vertex   7.189032e+00 -2.000000e+00 5.157061e+01
      vertex   7.189032e+00 0.000000e+00 5.157061e+01
      vertex   7.326460e+00 0.000000e+00 5.139471e+01
    endloop
  endfacet
  facet normal -7.880108e-01 -3.497102e-16 -6.156615e-01
    outer loop
      vertex   7.189032e+00 -2.000000e+00 5.157061e+01
      vertex   7.326460e+00 0.000000e+00 5.139471e+01
      vertex   7.326460e+00 -2.000000e+00 5.139471e+01
    endloop
  endfacet
  facet normal -8.660254e-01 -3.845925e-16 -5.000000e-01
    outer loop
      vertex   7.326460e+00 -2.000000e+00 5.139471e+01
      vertex   7.326460e+00 0.000000e+00 5.139471e+01
      vertex   7.438070e+00 0.000000e+00 5.120139e+01
    endloop
  endfacet
  facet normal -8.660254e-01 -1.771865e-15 -5.000000e-01
    outer loop
      vertex   7.326460e+00 -2.000000e+00 5.139471e+01
      vertex   7.438070e+00 0.000000e+00 5.120139e+01
      vertex   7.438070e+00 -2.000000e+00 5.120139e+01
    endloop
  endfacet
  facet normal -9.271839e-01 -1.330870e-15 -3.746066e-01
    outer loop
      vertex   7.438070e+00 -2.000000e+00 5.120139e+01
      vertex   7.438070e+00 0.000000e+00 5.120139e+01
      vertex   7.521690e+00 0.000000e+00 5.099443e+01
    endloop
  endfacet
  facet normal -9.271839e-01 0.000000e+00 -3.746066e-01
    outer loop
      vertex   7.438070e+00 -2.000000e+00 5.120139e+01
      vertex   7.521690e+00 0.000000e+00 5.099443e+01
      vertex   7.521690e+00 -2.000000e+00 5.099443e+01
    endloop
  endfacet
  facet normal -9.702957e-01 0.000000e+00 -2.419219e-01
    outer loop
      vertex   7.521690e+00 -2.000000e+00 5.099443e+01
      vertex   7.521690e+00 0.000000e+00 5.099443e+01
      vertex   7.575692e+00 0.000000e+00 5.077784e+01
    endloop
  endfacet
  facet normal -9.702957e-01 0.000000e+00 -2.419219e-01
    outer loop
      vertex   7.521690e+00 -2.000000e+00 5.099443e+01
      vertex   7.575692e+00 0.000000e+00 5.077784e+01
      vertex   7.575692e+00 -2.000000e+00 5.077784e+01
    endloop
  endfacet
  facet normal -9.945219e-01 0.000000e+00 -1.045285e-01
    outer loop
      vertex   7.575692e+00 -2.000000e+00 5.077784e+01
      vertex   7.575692e+00 0.000000e+00 5.077784e+01
      vertex   7.599025e+00 0.000000e+00 5.055584e+01
    endloop
  endfacet
  facet normal -9.945219e-01 0.000000e+00 -1.045285e-01
    outer loop
      vertex   7.575692e+00 -2.000000e+00 5.077784e+01
      vertex   7.599025e+00 0.000000e+00 5.055584e+01
      vertex   7.599025e+00 -2.000000e+00 5.055584e+01
    endloop
  endfacet
  facet normal -9.993908e-01 0.000000e+00 3.489950e-02
    outer loop
      vertex   7.599025e+00 -2.000000e+00 5.055584e+01
      vertex   7.599025e+00 0.000000e+00 5.055584e+01
      vertex   7.591235e+00 0.000000e+00 5.033275e+01
    endloop
  endfacet
  facet normal -9.993908e-01 0.000000e+00 3.489950e-02
    outer loop
      vertex   7.599025e+00 -2.000000e+00 5.055584e+01
      vertex   7.591235e+00 0.000000e+00 5.033275e+01
      vertex   7.591235e+00 -2.000000e+00 5.033275e+01
    endloop
  endfacet
  facet normal -9.848078e-01 0.000000e+00 1.736482e-01
    outer loop
      vertex   7.591235e+00 -2.000000e+00 5.033275e+01
      vertex   7.591235e+00 0.000000e+00 5.033275e+01
      vertex   7.552473e+00 0.000000e+00 5.011292e+01
    endloop
  endfacet
  facet normal -9.848078e-01 0.000000e+00 1.736482e-01
    outer loop
      vertex   7.591235e+00 -2.000000e+00 5.033275e+01
      vertex   7.552473e+00 0.000000e+00 5.011292e+01
      vertex   7.552473e+00 -2.000000e+00 5.011292e+01
    endloop
  endfacet
  facet normal -9.510565e-01 0.000000e+00 3.090170e-01
    outer loop
      vertex   7.552473e+00 -2.000000e+00 5.011292e+01
      vertex   7.552473e+00 0.000000e+00 5.011292e+01
      vertex   7.483494e+00 0.000000e+00 4.990063e+01
    endloop
  endfacet
  facet normal -9.510565e-01 0.000000e+00 3.090170e-01
    outer loop
      vertex   7.552473e+00 -2.000000e+00 5.011292e+01
      vertex   7.483494e+00 0.000000e+00 4.990063e+01
      vertex   7.483494e+00 -2.000000e+00 4.990063e+01
    endloop
  endfacet
  facet normal -8.987940e-01 0.000000e+00 4.383711e-01
    outer loop
      vertex   7.483494e+00 -2.000000e+00 4.990063e+01
      vertex   7.483494e+00 0.000000e+00 4.990063e+01
      vertex   7.385641e+00 0.000000e+00 4.970000e+01
    endloop
  endfacet
  facet normal -8.987940e-01 -4.041095e-16 4.383711e-01
    outer loop
      vertex   7.483494e+00 -2.000000e+00 4.990063e+01
      vertex   7.385641e+00 0.000000e+00 4.970000e+01
      vertex   7.385641e+00 -2.000000e+00 4.970000e+01
    endloop
  endfacet
  facet normal -8.290376e-01 -3.681666e-16 5.591929e-01
    outer loop
      vertex   7.385641e+00 -2.000000e+00 4.970000e+01
      vertex   7.385641e+00 0.000000e+00 4.970000e+01
      vertex   7.260817e+00 0.000000e+00 4.951494e+01
    endloop
  endfacet
  facet normal -8.290376e-01 0.000000e+00 5.591929e-01
    outer loop
      vertex   7.385641e+00 -2.000000e+00 4.970000e+01
      vertex   7.260817e+00 0.000000e+00 4.951494e+01
      vertex   7.260817e+00 -2.000000e+00 4.951494e+01
    endloop
  endfacet
  facet normal -7.431448e-01 0.000000e+00 6.691306e-01
    outer loop
      vertex   7.260817e+00 -2.000000e+00 4.951494e+01
      vertex   7.260817e+00 0.000000e+00 4.951494e+01
      vertex   7.111453e+00 0.000000e+00 4.934906e+01
    endloop
  endfacet
  facet normal -7.431448e-01 3.341675e-16 6.691306e-01
    outer loop
      vertex   7.260817e+00 -2.000000e+00 4.951494e+01
      vertex   7.111453e+00 0.000000e+00 4.934906e+01
      vertex   7.111453e+00 -2.000000e+00 4.934906e+01
    endloop
  endfacet
  facet normal -6.427876e-01 2.854550e-16 7.660444e-01
    outer loop
      vertex   7.111453e+00 -2.000000e+00 4.934906e+01
      vertex   7.111453e+00 0.000000e+00 4.934906e+01
      vertex   6.940456e+00 0.000000e+00 4.920557e+01
    endloop
  endfacet
  facet normal -6.427876e-01 0.000000e+00 7.660444e-01
    outer loop
      vertex   7.111453e+00 -2.000000e+00 4.934906e+01
      vertex   6.940456e+00 0.000000e+00 4.920557e+01
      vertex   6.940456e+00 -2.000000e+00 4.920557e+01
    endloop
  endfacet
  facet normal -5.299193e-01 0.000000e+00 8.480481e-01
    outer loop
      vertex   6.940456e+00 -2.000000e+00 4.920557e+01
      vertex   6.940456e+00 0.000000e+00 4.920557e+01
      vertex   6.751155e+00 0.000000e+00 4.908728e+01
    endloop
  endfacet
  facet normal -5.299193e-01 0.000000e+00 8.480481e-01
    outer loop
      vertex   6.940456e+00 -2.000000e+00 4.920557e+01
      vertex   6.751155e+00 0.000000e+00 4.908728e+01
      vertex   6.751155e+00 -2.000000e+00 4.908728e+01
    endloop
  endfacet
  facet normal -4.067366e-01 0.000000e+00 9.135455e-01
    outer loop
      vertex   6.751155e+00 -2.000000e+00 4.908728e+01
      vertex   6.751155e+00 0.000000e+00 4.908728e+01
      vertex   6.547232e+00 0.000000e+00 4.899649e+01
    endloop
  endfacet
  facet normal -4.067366e-01 -1.787408e-16 9.135455e-01
    outer loop
      vertex   6.751155e+00 -2.000000e+00 4.908728e+01
      vertex   6.547232e+00 0.000000e+00 4.899649e+01
      vertex   6.547232e+00 -2.000000e+00 4.899649e+01
    endloop
  endfacet
  facet normal -2.756374e-01 -1.224076e-16 9.612617e-01
    outer loop
      vertex   6.547232e+00 -2.000000e+00 4.899649e+01
      vertex   6.547232e+00 0.000000e+00 4.899649e+01
      vertex   6.332659e+00 0.000000e+00 4.893496e+01
    endloop
  endfacet
  facet normal -2.756374e-01 1.204557e-16 9.612617e-01
    outer loop
      vertex   6.547232e+00 -2.000000e+00 4.899649e+01
      vertex   6.332659e+00 0.000000e+00 4.893496e+01
      vertex   6.332659e+00 -2.000000e+00 4.893496e+01
    endloop
  endfacet
  facet normal -1.391731e-01 6.180527e-17 9.902681e-01
    outer loop
      vertex   6.332659e+00 -2.000000e+00 4.893496e+01
      vertex   6.332659e+00 0.000000e+00 4.893496e+01
      vertex   6.111610e+00 0.000000e+00 4.890390e+01
    endloop
  endfacet
  facet normal -1.391731e-01 0.000000e+00 9.902681e-01
    outer loop
      vertex   6.332659e+00 -2.000000e+00 4.893496e+01
      vertex   6.111610e+00 0.000000e+00 4.890390e+01
      vertex   6.111610e+00 -2.000000e+00 4.890390e+01
    endloop
  endfacet
  facet normal 0.000000e+00 -0.000000e+00 1.000000e+00
    outer loop
      vertex   6.111610e+00 -2.000000e+00 4.890390e+01
      vertex   6.111610e+00 0.000000e+00 4.890390e+01
      vertex   5.888390e+00 0.000000e+00 4.890390e+01
    endloop
  endfacet
  facet normal 0.000000e+00 0.000000e+00 1.000000e+00
    outer loop
      vertex   6.111610e+00 -2.000000e+00 4.890390e+01
      vertex   5.888390e+00 0.000000e+00 4.890390e+01
      vertex   5.888390e+00 -2.000000e+00 4.890390e+01
    endloop
  endfacet
  facet normal 1.391731e-01 -0.000000e+00 9.902681e-01
    outer loop
      vertex   5.888390e+00 -2.000000e+00 4.890390e+01
      vertex   5.888390e+00 0.000000e+00 4.890390e+01
      vertex   5.667341e+00 0.000000e+00 4.893496e+01
    endloop
  endfacet
  facet normal 1.391731e-01 -6.217070e-17 9.902681e-01
    outer loop
      vertex   5.888390e+00 -2.000000e+00 4.890390e+01
      vertex   5.667341e+00 0.000000e+00 4.893496e+01
      vertex   5.667341e+00 -2.000000e+00 4.893496e+01
    endloop
  endfacet
  facet normal 2.756374e-01 -1.224076e-16 9.612617e-01
    outer loop
      vertex   5.667341e+00 -2.000000e+00 4.893496e+01
      vertex   5.667341e+00 0.000000e+00 4.893496e+01
      vertex   5.452768e+00 0.000000e+00 4.899649e+01
    endloop
  endfacet
  facet normal 2.756374e-01 0.000000e+00 9.612617e-01
    outer loop
      vertex   5.667341e+00 -2.000000e+00 4.893496e+01
      vertex   5.452768e+00 0.000000e+00 4.899649e+01
      vertex   5.452768e+00 -2.000000e+00 4.899649e+01
    endloop
  endfacet
  facet normal 4.067366e-01 -0.000000e+00 9.135455e-01
    outer loop
      vertex   5.452768e+00 -2.000000e+00 4.899649e+01
      vertex   5.452768e+00 0.000000e+00 4.899649e+01
      vertex   5.248845e+00 0.000000e+00 4.908728e+01
    endloop
  endfacet
  facet normal 4.067366e-01 0.000000e+00 9.135455e-01
    outer loop
      vertex   5.452768e+00 -2.000000e+00 4.899649e+01
      vertex   5.248845e+00 0.000000e+00 4.908728e+01
      vertex   5.248845e+00 -2.000000e+00 4.908728e+01
    endloop
  endfacet
  facet normal 5.299193e-01 -0.000000e+00 8.480481e-01
    outer loop
      vertex   5.248845e+00 -2.000000e+00 4.908728e+01
      vertex   5.248845e+00 0.000000e+00 4.908728e+01
      vertex   5.059544e+00 0.000000e+00 4.920557e+01
    endloop
  endfacet
  facet normal 5.299193e-01 0.000000e+00 8.480481e-01
    outer loop
      vertex   5.248845e+00 -2.000000e+00 4.908728e+01
      vertex   5.059544e+00 0.000000e+00 4.920557e+01
      vertex   5.059544e+00 -2.000000e+00 4.920557e+01
    endloop
  endfacet
  facet normal 6.427876e-01 -0.000000e+00 7.660444e-01
    outer loop
      vertex   5.059544e+00 -2.000000e+00 4.920557e+01
      vertex   5.059544e+00 0.000000e+00 4.920557e+01
      vertex   4.888547e+00 0.000000e+00 4.934906e+01
    endloop
  endfacet
  facet normal 6.427876e-01 0.000000e+00 7.660444e-01
    outer loop
      vertex   5.059544e+00 -2.000000e+00 4.920557e+01
      vertex   4.888547e+00 0.000000e+00 4.934906e+01
      vertex   4.888547e+00 -2.000000e+00 4.934906e+01
    endloop
  endfacet
  facet normal 7.431448e-01 -0.000000e+00 6.691306e-01
    outer loop
      vertex   4.888547e+00 -2.000000e+00 4.934906e+01
      vertex   4.888547e+00 0.000000e+00 4.934906e+01
      vertex   4.739183e+00 0.000000e+00 4.951494e+01
    endloop
  endfacet
  facet normal 7.431448e-01 0.000000e+00 6.691306e-01
    outer loop
      vertex   4.888547e+00 -2.000000e+00 4.934906e+01
      vertex   4.739183e+00 0.000000e+00 4.951494e+01
      vertex   4.739183e+00 -2.000000e+00 4.951494e+01
    endloop
  endfacet
  facet normal 8.290376e-01 -0.000000e+00 5.591929e-01
    outer loop
      vertex   4.739183e+00 -2.000000e+00 4.951494e+01
      vertex   4.739183e+00 0.000000e+00 4.951494e+01
      vertex   4.614359e+00 0.000000e+00 4.970000e+01
    endloop
  endfacet
  facet normal 8.290376e-01 3.730242e-16 5.591929e-01
    outer loop
      vertex   4.739183e+00 -2.000000e+00 4.951494e+01
      vertex   4.614359e+00 0.000000e+00 4.970000e+01
      vertex   4.614359e+00 -2.000000e+00 4.970000e+01
    endloop
  endfacet
  facet normal 8.987940e-01 3.991447e-16 4.383711e-01
    outer loop
      vertex   4.614359e+00 -2.000000e+00 4.970000e+01
      vertex   4.614359e+00 0.000000e+00 4.970000e+01
      vertex   4.516506e+00 0.000000e+00 4.990063e+01
    endloop
  endfacet
  facet normal 8.987940e-01 3.963382e-16 4.383711e-01
    outer loop
      vertex   4.614359e+00 -2.000000e+00 4.970000e+01
      vertex   4.516506e+00 0.000000e+00 4.990063e+01
      vertex   4.516506e+00 -2.000000e+00 4.990063e+01
    endloop
  endfacet
  facet normal 9.510565e-01 4.223539e-16 3.090170e-01
    outer loop
      vertex   4.516506e+00 -2.000000e+00 4.990063e+01
      vertex   4.516506e+00 0.000000e+00 4.990063e+01
      vertex   4.447527e+00 0.000000e+00 5.011292e+01
    endloop
  endfacet
  facet normal 9.510565e-01 0.000000e+00 3.090170e-01
    outer loop
      vertex   4.516506e+00 -2.000000e+00 4.990063e+01
      vertex   4.447527e+00 0.000000e+00 5.011292e+01
      vertex   4.447527e+00 -2.000000e+00 5.011292e+01
    endloop
  endfacet
  facet normal 9.848078e-01 -0.000000e+00 1.736482e-01
    outer loop
      vertex   4.447527e+00 -2.000000e+00 5.011292e+01
      vertex   4.447527e+00 0.000000e+00 5.011292e+01
      vertex   4.408765e+00 0.000000e+00 5.033275e+01
    endloop
  endfacet
  facet normal 9.848078e-01 0.000000e+00 1.736482e-01
    outer loop
      vertex   4.447527e+00 -2.000000e+00 5.011292e+01
      vertex   4.408765e+00 0.000000e+00 5.033275e+01
      vertex   4.408765e+00 -2.000000e+00 5.033275e+01
    endloop
  endfacet
  facet normal 9.993908e-01 -0.000000e+00 3.489950e-02
    outer loop
      vertex   4.408765e+00 -2.000000e+00 5.033275e+01
      vertex   4.408765e+00 0.000000e+00 5.033275e+01
      vertex   4.400975e+00 0.000000e+00 5.055584e+01
    endloop
  endfacet
  facet normal 9.993908e-01 0.000000e+00 3.489950e-02
    outer loop
      vertex   4.408765e+00 -2.000000e+00 5.033275e+01
      vertex   4.400975e+00 0.000000e+00 5.055584e+01
      vertex   4.400975e+00 -2.000000e+00 5.055584e+01
    endloop
  endfacet
  facet normal 9.945219e-01 0.000000e+00 -1.045285e-01
    outer loop
      vertex   4.400975e+00 -2.000000e+00 5.055584e+01
      vertex   4.400975e+00 0.000000e+00 5.055584e+01
      vertex   4.424308e+00 0.000000e+00 5.077784e+01
    endloop
  endfacet
  facet normal 9.945219e-01 -4.429662e-16 -1.045285e-01
    outer loop
      vertex   4.400975e+00 -2.000000e+00 5.055584e+01
      vertex   4.424308e+00 0.000000e+00 5.077784e+01
      vertex   4.424308e+00 -2.000000e+00 5.077784e+01
    endloop
  endfacet
  facet normal 9.702957e-01 -4.308979e-16 -2.419219e-01
    outer loop
      vertex   4.424308e+00 -2.000000e+00 5.077784e+01
      vertex   4.424308e+00 0.000000e+00 5.077784e+01
      vertex   4.478310e+00 0.000000e+00 5.099443e+01
    endloop
  endfacet
  facet normal 9.702957e-01 0.000000e+00 -2.419219e-01
    outer loop
      vertex   4.424308e+00 -2.000000e+00 5.077784e+01
      vertex   4.478310e+00 0.000000e+00 5.099443e+01
      vertex   4.478310e+00 -2.000000e+00 5.099443e+01
    endloop
  endfacet
  facet normal 9.271839e-01 0.000000e+00 -3.746066e-01
    outer loop
      vertex   4.478310e+00 -2.000000e+00 5.099443e+01
      vertex   4.478310e+00 0.000000e+00 5.099443e+01
      vertex   4.561930e+00 0.000000e+00 5.120139e+01
    endloop
  endfacet
  facet normal 9.271839e-01 4.118809e-16 -3.746066e-01
    outer loop
      vertex   4.478310e+00 -2.000000e+00 5.099443e+01
      vertex   4.561930e+00 0.000000e+00 5.120139e+01
      vertex   4.561930e+00 -2.000000e+00 5.120139e+01
    endloop
  endfacet
  facet normal 8.660254e-01 3.845925e-16 -5.000000e-01
    outer loop
      vertex   4.561930e+00 -2.000000e+00 5.120139e+01
      vertex   4.561930e+00 0.000000e+00 5.120139e+01
      vertex   4.673540e+00 0.000000e+00 5.139471e+01
    endloop
  endfacet
  facet normal 8.660254e-01 3.885669e-16 -5.000000e-01
    outer loop
      vertex   4.561930e+00 -2.000000e+00 5.120139e+01
      vertex   4.673540e+00 0.000000e+00 5.139471e+01
      vertex   4.673540e+00 -2.000000e+00 5.139471e+01
    endloop
  endfacet
  facet normal 7.880108e-01 3.499471e-16 -6.156615e-01
    outer loop
      vertex   4.673540e+00 -2.000000e+00 5.139471e+01
      vertex   4.673540e+00 0.000000e+00 5.139471e+01
      vertex   4.810968e+00 0.000000e+00 5.157061e+01
    endloop
  endfacet
  facet normal 7.880108e-01 0.000000e+00 -6.156615e-01
    outer loop
      vertex   4.673540e+00 -2.000000e+00 5.139471e+01
      vertex   4.810968e+00 0.000000e+00 5.157061e+01
      vertex   4.810968e+00 -2.000000e+00 5.157061e+01
    endloop
  endfacet
  facet normal 6.946584e-01 0.000000e+00 -7.193398e-01
    outer loop
      vertex   4.810968e+00 -2.000000e+00 5.157061e+01
      vertex   4.810968e+00 0.000000e+00 5.157061e+01
      vertex   4.971540e+00 0.000000e+00 5.172567e+01
    endloop
  endfacet
  facet normal 6.946584e-01 0.000000e+00 -7.193398e-01
    outer loop
      vertex   4.810968e+00 -2.000000e+00 5.157061e+01
      vertex   4.971540e+00 0.000000e+00 5.172567e+01
      vertex   4.971540e+00 -2.000000e+00 5.172567e+01
    endloop
  endfacet
  facet normal 5.877853e-01 0.000000e+00 -8.090170e-01
    outer loop
      vertex   4.971540e+00 -2.000000e+00 5.172567e+01
      vertex   4.971540e+00 0.000000e+00 5.172567e+01
      vertex   5.152129e+00 0.000000e+00 5.185688e+01
    endloop
  endfacet
  facet normal 5.877853e-01 0.000000e+00 -8.090170e-01
    outer loop
      vertex   4.971540e+00 -2.000000e+00 5.172567e+01
      vertex   5.152129e+00 0.000000e+00 5.185688e+01
      vertex   5.152129e+00 -2.000000e+00 5.185688e+01
    endloop
  endfacet
  facet normal 4.694716e-01 0.000000e+00 -8.829476e-01
    outer loop
      vertex   5.152129e+00 -2.000000e+00 5.185688e+01
      vertex   5.152129e+00 0.000000e+00 5.185688e+01
      vertex   5.349221e+00 0.000000e+00 5.196167e+01
    endloop
  endfacet
  facet normal 4.694716e-01 0.000000e+00 -8.829476e-01
    outer loop
      vertex   5.152129e+00 -2.000000e+00 5.185688e+01
      vertex   5.349221e+00 0.000000e+00 5.196167e+01
      vertex   5.349221e+00 -2.000000e+00 5.196167e+01
    endloop
  endfacet
  facet normal 3.420201e-01 0.000000e+00 -9.396926e-01
    outer loop
      vertex   5.349221e+00 -2.000000e+00 5.196167e+01
      vertex   5.349221e+00 0.000000e+00 5.196167e+01
      vertex   5.558980e+00 0.000000e+00 5.203802e+01
    endloop
  endfacet
  facet normal 3.420201e-01 3.030822e-16 -9.396926e-01
    outer loop
      vertex   5.349221e+00 -2.000000e+00 5.196167e+01
      vertex   5.558980e+00 0.000000e+00 5.203802e+01
      vertex   5.558980e+00 -2.000000e+00 5.203802e+01
    endloop
  endfacet
  facet normal 2.079117e-01 1.846627e-16 -9.781476e-01
    outer loop
      vertex   5.558980e+00 -2.000000e+00 5.203802e+01
      vertex   5.558980e+00 0.000000e+00 5.203802e+01
      vertex   5.777323e+00 0.000000e+00 5.208443e+01
    endloop
  endfacet
  facet normal 2.079117e-01 0.000000e+00 -9.781476e-01
    outer loop
      vertex   5.558980e+00 -2.000000e+00 5.203802e+01
      vertex   5.777323e+00 0.000000e+00 5.208443e+01
      vertex   5.777323e+00 -2.000000e+00 5.208443e+01
    endloop
  endfacet
  facet normal 6.975647e-02 0.000000e+00 -9.975641e-01
    outer loop
      vertex   5.777323e+00 -2.000000e+00 5.208443e+01
      vertex   5.777323e+00 0.000000e+00 5.208443e+01
      vertex   6.000000e+00 0.000000e+00 5.210000e+01
    endloop
  endfacet
  facet normal 6.975647e-02 0.000000e+00 -9.975641e-01
    outer loop
      vertex   -6.222677e+00 -2.000000e+00 -1.191557e+01
      vertex   -6.000000e+00 0.000000e+00 -1.190000e+01
      vertex   -6.000000e+00 -2.000000e+00 -1.190000e+01
    endloop
  endfacet
  facet normal -6.975647e-02 0.000000e+00 -9.975641e-01
    outer loop
      vertex   -6.000000e+00 -2.000000e+00 -1.190000e+01
      vertex   -6.000000e+00 0.000000e+00 -1.190000e+01
      vertex   -5.777323e+00 0.000000e+00 -1.191557e+01
    endloop
  endfacet
  facet normal -6.975647e-02 0.000000e+00 -9.975641e-01
    outer loop
      vertex   -6.000000e+00 -2.000000e+00 -1.190000e+01
      vertex   -5.777323e+00 0.000000e+00 -1.191557e+01
      vertex   -5.777323e+00 -2.000000e+00 -1.191557e+01
    endloop
  endfacet
  facet normal -2.079117e-01 0.000000e+00 -9.781476e-01
    outer loop
      vertex   -5.777323e+00 -2.000000e+00 -1.191557e+01
      vertex   -5.777323e+00 0.000000e+00 -1.191557e+01
      vertex   -5.558980e+00 0.000000e+00 -1.196198e+01
    endloop
  endfacet
  facet normal -2.079117e-01 -7.771337e-16 -9.781476e-01
    outer loop
      vertex   -5.777323e+00 -2.000000e+00 -1.191557e+01
      vertex   -5.558980e+00 0.000000e+00 -1.196198e+01
      vertex   -5.558980e+00 -2.000000e+00 -1.196198e+01
    endloop
  endfacet
  facet normal -3.420201e-01 -6.827273e-16 -9.396926e-01
    outer loop
      vertex   -5.558980e+00 -2.000000e+00 -1.196198e+01
      vertex   -5.558980e+00 0.000000e+00 -1.196198e+01
      vertex   -5.349221e+00 0.000000e+00 -1.203833e+01
    endloop
  endfacet
  facet normal -3.420201e-01 0.000000e+00 -9.396926e-01
    outer loop
      vertex   -5.558980e+00 -2.000000e+00 -1.196198e+01
      vertex   -5.349221e+00 0.000000e+00 -1.203833e+01
      vertex   -5.349221e+00 -2.000000e+00 -1.203833e+01
    endloop
  endfacet
  facet normal -4.694716e-01 0.000000e+00 -8.829476e-01
    outer loop
      vertex   -5.349221e+00 -2.000000e+00 -1.203833e+01
      vertex   -5.349221e+00 0.000000e+00 -1.203833e+01
      vertex   -5.152129e+00 0.000000e+00 -1.214312e+01
    endloop
  endfacet
  facet normal -4.694716e-01 0.000000e+00 -8.829476e-01
    outer loop
      vertex   -5.349221e+00 -2.000000e+00 -1.203833e+01
      vertex   -5.152129e+00 0.000000e+00 -1.214312e+01
      vertex   -5.152129e+00 -2.000000e+00 -1.214312e+01
    endloop
  endfacet
  facet normal -5.877853e-01 0.000000e+00 -8.090170e-01
    outer loop
      vertex   -5.152129e+00 -2.000000e+00 -1.214312e+01
      vertex   -5.152129e+00 0.000000e+00 -1.214312e+01
      vertex   -4.971540e+00 0.000000e+00 -1.227433e+01
    endloop
  endfacet
  facet normal -5.877853e-01 2.564541e-16 -8.090170e-01
    outer loop
      vertex   -5.152129e+00 -2.000000e+00 -1.214312e+01
      vertex   -4.971540e+00 0.000000e+00 -1.227433e+01
      vertex   -4.971540e+00 -2.000000e+00 -1.227433e+01
    endloop
  endfacet
  facet normal -6.946584e-01 3.084903e-16 -7.193398e-01
    outer loop
      vertex   -4.971540e+00 -2.000000e+00 -1.227433e+01
      vertex   -4.971540e+00 0.000000e+00 -1.227433e+01
      vertex   -4.810968e+00 0.000000e+00 -1.242939e+01
    endloop
  endfacet
  facet normal -6.946584e-01 0.000000e+00 -7.193398e-01
    outer loop
      vertex   -4.971540e+00 -2.000000e+00 -1.227433e+01
      vertex   -4.810968e+00 0.000000e+00 -1.242939e+01
      vertex   -4.810968e+00 -2.000000e+00 -1.242939e+01
    endloop
  endfacet
  facet normal -7.880108e-01 0.000000e+00 -6.156615e-01
    outer loop
      vertex   -4.810968e+00 -2.000000e+00 -1.242939e+01
      vertex   -4.810968e+00 0.000000e+00 -1.242939e+01
      vertex   -4.673540e+00 0.000000e+00 -1.260529e+01
    endloop
  endfacet
  facet normal -7.880108e-01 0.000000e+00 -6.156615e-01
    outer loop
      vertex   -4.810968e+00 -2.000000e+00 -1.242939e+01
      vertex   -4.673540e+00 0.000000e+00 -1.260529e+01
      vertex   -4.673540e+00 -2.000000e+00 -1.260529e+01
    endloop
  endfacet
  facet normal -8.660254e-01 0.000000e+00 -5.000000e-01
    outer loop
      vertex   -4.673540e+00 -2.000000e+00 -1.260529e+01
      vertex   -4.673540e+00 0.000000e+00 -1.260529e+01
      vertex   -4.561930e+00 0.000000e+00 -1.279861e+01
    endloop
  endfacet
  facet normal -8.660254e-01 0.000000e+00 -5.000000e-01
    outer loop
      vertex   -4.673540e+00 -2.000000e+00 -1.260529e+01
      vertex   -4.561930e+00 0.000000e+00 -1.279861e+01
      vertex   -4.561930e+00 -2.000000e+00 -1.279861e+01
    endloop
  endfacet
  facet normal -9.271839e-01 0.000000e+00 -3.746066e-01
    outer loop
      vertex   -4.561930e+00 -2.000000e+00 -1.279861e+01
      vertex   -4.561930e+00 0.000000e+00 -1.279861e+01
      vertex   -4.478310e+00 0.000000e+00 -1.300557e+01
    endloop
  endfacet
  facet normal -9.271839e-01 0.000000e+00 -3.746066e-01
    outer loop
      vertex   -4.561930e+00 -2.000000e+00 -1.279861e+01
      vertex   -4.478310e+00 0.000000e+00 -1.300557e+01
      vertex   -4.478310e+00 -2.000000e+00 -1.300557e+01
    endloop
  endfacet
  facet normal -9.702957e-01 0.000000e+00 -2.419219e-01
    outer loop
      vertex   -4.478310e+00 -2.000000e+00 -1.300557e+01
      vertex   -4.478310e+00 0.000000e+00 -1.300557e+01
      vertex   -4.424308e+00 0.000000e+00 -1.322216e+01
    endloop
  endfacet
  facet normal -9.702957e-01 0.000000e+00 -2.419219e-01
    outer loop
      vertex   -4.478310e+00 -2.000000e+00 -1.300557e+01
      vertex   -4.424308e+00 0.000000e+00 -1.322216e+01
      vertex   -4.424308e+00 -2.000000e+00 -1.322216e+01
    endloop
  endfacet
  facet normal -9.945219e-01 0.000000e+00 -1.045285e-01
    outer loop
      vertex   -4.424308e+00 -2.000000e+00 -1.322216e+01
      vertex   -4.424308e+00 0.000000e+00 -1.322216e+01
      vertex   -4.400975e+00 0.000000e+00 -1.344416e+01
    endloop
  endfacet
  facet normal -9.945219e-01 -9.131321e-17 -1.045285e-01
    outer loop
      vertex   -4.424308e+00 -2.000000e+00 -1.322216e+01
      vertex   -4.400975e+00 0.000000e+00 -1.344416e+01
      vertex   -4.400975e+00 -2.000000e+00 -1.344416e+01
    endloop
  endfacet
  facet normal -9.993908e-01 3.099698e-17 3.489950e-02
    outer loop
      vertex   -4.400975e+00 -2.000000e+00 -1.344416e+01
      vertex   -4.400975e+00 0.000000e+00 -1.344416e+01
      vertex   -4.408765e+00 0.000000e+00 -1.366725e+01
    endloop
  endfacet
  facet normal -9.993908e-01 3.108535e-17 3.489950e-02
    outer loop
      vertex   -4.400975e+00 -2.000000e+00 -1.344416e+01
      vertex   -4.408765e+00 0.000000e+00 -1.366725e+01
      vertex   -4.408765e+00 -2.000000e+00 -1.366725e+01
    endloop
  endfacet
  facet normal -9.848078e-01 1.542306e-16 1.736482e-01
    outer loop
      vertex   -4.408765e+00 -2.000000e+00 -1.366725e+01
      vertex   -4.408765e+00 0.000000e+00 -1.366725e+01
      vertex   -4.447527e+00 0.000000e+00 -1.388708e+01
    endloop
  endfacet
  facet normal -9.848078e-01 1.554267e-16 1.736482e-01
    outer loop
      vertex   -4.408765e+00 -2.000000e+00 -1.366725e+01
      vertex   -4.447527e+00 0.000000e+00 -1.388708e+01
      vertex   -4.447527e+00 -2.000000e+00 -1.388708e+01
    endloop
  endfacet
  facet normal -9.510565e-01 2.744622e-16 3.090170e-01
    outer loop
      vertex   -4.447527e+00 -2.000000e+00 -1.388708e+01
      vertex   -4.447527e+00 0.000000e+00 -1.388708e+01
      vertex   -4.516506e+00 0.000000e+00 -1.409937e+01
    endloop
  endfacet
  facet normal -9.510565e-01 2.719968e-16 3.090170e-01
    outer loop
      vertex   -4.447527e+00 -2.000000e+00 -1.388708e+01
      vertex   -4.516506e+00 0.000000e+00 -1.409937e+01
      vertex   -4.516506e+00 -2.000000e+00 -1.409937e+01
    endloop
  endfacet
  facet normal -8.987940e-01 3.893518e-16 4.383711e-01
    outer loop
      vertex   -4.516506e+00 -2.000000e+00 -1.409937e+01
      vertex   -4.516506e+00 0.000000e+00 -1.409937e+01
      vertex   -4.614359e+00 0.000000e+00 -1.430000e+01
    endloop
  endfacet
  facet normal -8.987940e-01 3.963382e-16 4.383711e-01
    outer loop
      vertex   -4.516506e+00 -2.000000e+00 -1.409937e+01
      vertex   -4.614359e+00 0.000000e+00 -1.430000e+01
      vertex   -4.614359e+00 -2.000000e+00 -1.430000e+01
    endloop
  endfacet
  facet normal -8.290376e-01 3.681666e-16 5.591929e-01
    outer loop
      vertex   -4.614359e+00 -2.000000e+00 -1.430000e+01
      vertex   -4.614359e+00 0.000000e+00 -1.430000e+01
      vertex   -4.739183e+00 0.000000e+00 -1.448506e+01
    endloop
  endfacet
  facet normal -8.290376e-01 0.000000e+00 5.591929e-01
    outer loop
      vertex   -4.614359e+00 -2.000000e+00 -1.430000e+01
      vertex   -4.739183e+00 0.000000e+00 -1.448506e+01
      vertex   -4.739183e+00 -2.000000e+00 -1.448506e+01
    endloop
  endfacet
  facet normal -7.431448e-01 0.000000e+00 6.691306e-01
    outer loop
      vertex   -4.739183e+00 -2.000000e+00 -1.448506e+01
      vertex   -4.739183e+00 0.000000e+00 -1.448506e+01
      vertex   -4.888547e+00 0.000000e+00 -1.465094e+01
    endloop
  endfacet
  facet normal -7.431448e-01 0.000000e+00 6.691306e-01
    outer loop
      vertex   -4.739183e+00 -2.000000e+00 -1.448506e+01
      vertex   -4.888547e+00 0.000000e+00 -1.465094e+01
      vertex   -4.888547e+00 -2.000000e+00 -1.465094e+01
    endloop
  endfacet
  facet normal -6.427876e-01 0.000000e+00 7.660444e-01
    outer loop
      vertex   -4.888547e+00 -2.000000e+00 -1.465094e+01
      vertex   -4.888547e+00 0.000000e+00 -1.465094e+01
      vertex   -5.059544e+00 0.000000e+00 -1.479443e+01
    endloop
  endfacet
  facet normal -6.427876e-01 0.000000e+00 7.660444e-01
    outer loop
      vertex   -4.888547e+00 -2.000000e+00 -1.465094e+01
      vertex   -5.059544e+00 0.000000e+00 -1.479443e+01
      vertex   -5.059544e+00 -2.000000e+00 -1.479443e+01
    endloop
  endfacet
  facet normal -5.299193e-01 0.000000e+00 8.480481e-01
    outer loop
      vertex   -5.059544e+00 -2.000000e+00 -1.479443e+01
      vertex   -5.059544e+00 0.000000e+00 -1.479443e+01
      vertex   -5.248845e+00 0.000000e+00 -1.491272e+01
    endloop
  endfacet
  facet normal -5.299193e-01 -4.662802e-16 8.480481e-01
    outer loop
      vertex   -5.059544e+00 -2.000000e+00 -1.479443e+01
      vertex   -5.248845e+00 0.000000e+00 -1.491272e+01
      vertex   -5.248845e+00 -2.000000e+00 -1.491272e+01
    endloop
  endfacet
  facet normal -4.067366e-01 -3.612547e-16 9.135455e-01
    outer loop
      vertex   -5.248845e+00 -2.000000e+00 -1.491272e+01
      vertex   -5.248845e+00 0.000000e+00 -1.491272e+01
      vertex   -5.452768e+00 0.000000e+00 -1.500351e+01
    endloop
  endfacet
  facet normal -4.067366e-01 -1.865121e-16 9.135455e-01
    outer loop
      vertex   -5.248845e+00 -2.000000e+00 -1.491272e+01
      vertex   -5.452768e+00 0.000000e+00 -1.500351e+01
      vertex   -5.452768e+00 -2.000000e+00 -1.500351e+01
    endloop
  endfacet
  facet normal -2.756374e-01 -1.224076e-16 9.612617e-01
    outer loop
      vertex   -5.452768e+00 -2.000000e+00 -1.500351e+01
      vertex   -5.452768e+00 0.000000e+00 -1.500351e+01
      vertex   -5.667341e+00 0.000000e+00 -1.506504e+01
    endloop
  endfacet
  facet normal -2.756374e-01 0.000000e+00 9.612617e-01
    outer loop
      vertex   -5.452768e+00 -2.000000e+00 -1.500351e+01
      vertex   -5.667341e+00 0.000000e+00 -1.506504e+01
      vertex   -5.667341e+00 -2.000000e+00 -1.506504e+01
    endloop
  endfacet
  facet normal -1.391731e-01 0.000000e+00 9.902681e-01
    outer loop
      vertex   -5.667341e+00 -2.000000e+00 -1.506504e+01
      vertex   -5.667341e+00 0.000000e+00 -1.506504e+01
      vertex   -5.888390e+00 0.000000e+00 -1.509610e+01
    endloop
  endfacet
  facet normal -1.391731e-01 0.000000e+00 9.902681e-01
    outer loop
      vertex   -5.667341e+00 -2.000000e+00 -1.506504e+01
      vertex   -5.888390e+00 0.000000e+00 -1.509610e+01
      vertex   -5.888390e+00 -2.000000e+00 -1.509610e+01
    endloop
  endfacet
  facet normal 0.000000e+00 -0.000000e+00 1.000000e+00
    outer loop
      vertex   -5.888390e+00 -2.000000e+00 -1.509610e+01
      vertex   -5.888390e+00 0.000000e+00 -1.509610e+01
      vertex   -6.111610e+00 0.000000e+00 -1.509610e+01
    endloop
  endfacet
  facet normal 0.000000e+00 0.000000e+00 1.000000e+00
    outer loop
      vertex   -5.888390e+00 -2.000000e+00 -1.509610e+01
      vertex   -6.111610e+00 0.000000e+00 -1.509610e+01
      vertex   -6.111610e+00 -2.000000e+00 -1.509610e+01
    endloop
  endfacet
  facet normal 1.391731e-01 6.180527e-17 9.902681e-01
    outer loop
      vertex   -6.111610e+00 -2.000000e+00 -1.509610e+01
      vertex   -6.111610e+00 0.000000e+00 -1.509610e+01
      vertex   -6.332659e+00 0.000000e+00 -1.506504e+01
    endloop
  endfacet
  facet normal 1.391731e-01 6.217070e-17 9.902681e-01
    outer loop
      vertex   -6.111610e+00 -2.000000e+00 -1.509610e+01
      vertex   -6.332659e+00 0.000000e+00 -1.506504e+01
      vertex   -6.332659e+00 -2.000000e+00 -1.506504e+01
    endloop
  endfacet
  facet normal 2.756374e-01 1.224076e-16 9.612617e-01
    outer loop
      vertex   -6.332659e+00 -2.000000e+00 -1.506504e+01
      vertex   -6.332659e+00 0.000000e+00 -1.506504e+01
      vertex   -6.547232e+00 0.000000e+00 -1.500351e+01
    endloop
  endfacet
  facet normal 2.756374e-01 0.000000e+00 9.612617e-01
    outer loop
      vertex   -6.332659e+00 -2.000000e+00 -1.506504e+01
      vertex   -6.547232e+00 0.000000e+00 -1.500351e+01
      vertex   -6.547232e+00 -2.000000e+00 -1.500351e+01
    endloop
  endfacet
  facet normal 4.067366e-01 -0.000000e+00 9.135455e-01
    outer loop
      vertex   -6.547232e+00 -2.000000e+00 -1.500351e+01
      vertex   -6.547232e+00 0.000000e+00 -1.500351e+01
      vertex   -6.751155e+00 0.000000e+00 -1.491272e+01
    endloop
  endfacet
  facet normal 4.067366e-01 1.787408e-16 9.135455e-01
    outer loop
      vertex   -6.547232e+00 -2.000000e+00 -1.500351e+01
      vertex   -6.751155e+00 0.000000e+00 -1.491272e+01
      vertex   -6.751155e+00 -2.000000e+00 -1.491272e+01
    endloop
  endfacet
  facet normal 5.299193e-01 2.353314e-16 8.480481e-01
    outer loop
      vertex   -6.751155e+00 -2.000000e+00 -1.491272e+01
      vertex   -6.751155e+00 0.000000e+00 -1.491272e+01
      vertex   -6.940456e+00 0.000000e+00 -1.479443e+01
    endloop
  endfacet
  facet normal 5.299193e-01 0.000000e+00 8.480481e-01
    outer loop
      vertex   -6.751155e+00 -2.000000e+00 -1.491272e+01
      vertex   -6.940456e+00 0.000000e+00 -1.479443e+01
      vertex   -6.940456e+00 -2.000000e+00 -1.479443e+01
    endloop
  endfacet
  facet normal 6.427876e-01 -0.000000e+00 7.660444e-01
    outer loop
      vertex   -6.940456e+00 -2.000000e+00 -1.479443e+01
      vertex   -6.940456e+00 0.000000e+00 -1.479443e+01
      vertex   -7.111453e+00 0.000000e+00 -1.465094e+01
    endloop
  endfacet
  facet normal 6.427876e-01 0.000000e+00 7.660444e-01
    outer loop
      vertex   -6.940456e+00 -2.000000e+00 -1.479443e+01
      vertex   -7.111453e+00 0.000000e+00 -1.465094e+01
      vertex   -7.111453e+00 -2.000000e+00 -1.465094e+01
    endloop
  endfacet
  facet normal 7.431448e-01 -0.000000e+00 6.691306e-01
    outer loop
      vertex   -7.111453e+00 -2.000000e+00 -1.465094e+01
      vertex   -7.111453e+00 0.000000e+00 -1.465094e+01
      vertex   -7.260817e+00 0.000000e+00 -1.448506e+01
    endloop
  endfacet
  facet normal 7.431448e-01 0.000000e+00 6.691306e-01
    outer loop
      vertex   -7.111453e+00 -2.000000e+00 -1.465094e+01
      vertex   -7.260817e+00 0.000000e+00 -1.448506e+01
      vertex   -7.260817e+00 -2.000000e+00 -1.448506e+01
    endloop
  endfacet
  facet normal 8.290376e-01 -0.000000e+00 5.591929e-01
    outer loop
      vertex   -7.260817e+00 -2.000000e+00 -1.448506e+01
      vertex   -7.260817e+00 0.000000e+00 -1.448506e+01
      vertex   -7.385641e+00 0.000000e+00 -1.430000e+01
    endloop
  endfacet
  facet normal 8.290376e-01 0.000000e+00 5.591929e-01
    outer loop
      vertex   -7.260817e+00 -2.000000e+00 -1.448506e+01
      vertex   -7.385641e+00 0.000000e+00 -1.430000e+01
      vertex   -7.385641e+00 -2.000000e+00 -1.430000e+01
    endloop
  endfacet
  facet normal 8.987940e-01 -0.000000e+00 4.383711e-01
    outer loop
      vertex   -7.385641e+00 -2.000000e+00 -1.430000e+01
      vertex   -7.385641e+00 0.000000e+00 -1.430000e+01
      vertex   -7.483494e+00 0.000000e+00 -1.409937e+01
    endloop
  endfacet
  facet normal 8.987940e-01 8.004477e-16 4.383711e-01
    outer loop
      vertex   -7.385641e+00 -2.000000e+00 -1.430000e+01
      vertex   -7.483494e+00 0.000000e+00 -1.409937e+01
      vertex   -7.483494e+00 -2.000000e+00 -1.409937e+01
    endloop
  endfacet
  facet normal 9.510565e-01 8.447079e-16 3.090170e-01
    outer loop
      vertex   -7.483494e+00 -2.000000e+00 -1.409937e+01
      vertex   -7.483494e+00 0.000000e+00 -1.409937e+01
      vertex   -7.552473e+00 0.000000e+00 -1.388708e+01
    endloop
  endfacet
  facet normal 9.510565e-01 -2.758825e-16 3.090170e-01
    outer loop
      vertex   -7.483494e+00 -2.000000e+00 -1.409937e+01
      vertex   -7.552473e+00 0.000000e+00 -1.388708e+01
      vertex   -7.552473e+00 -2.000000e+00 -1.388708e+01
    endloop
  endfacet
  facet normal 9.848078e-01 -1.542306e-16 1.736482e-01
    outer loop
      vertex   -7.552473e+00 -2.000000e+00 -1.388708e+01
      vertex   -7.552473e+00 0.000000e+00 -1.388708e+01
      vertex   -7.591235e+00 0.000000e+00 -1.366725e+01
    endloop
  endfacet
  facet normal 9.848078e-01 -1.554267e-16 1.736482e-01
    outer loop
      vertex   -7.552473e+00 -2.000000e+00 -1.388708e+01
      vertex   -7.591235e+00 0.000000e+00 -1.366725e+01
      vertex   -7.591235e+00 -2.000000e+00 -1.366725e+01
    endloop
  endfacet
  facet normal 9.993908e-01 -3.099698e-17 3.489950e-02
    outer loop
      vertex   -7.591235e+00 -2.000000e+00 -1.366725e+01
      vertex   -7.591235e+00 0.000000e+00 -1.366725e+01
      vertex   -7.599025e+00 0.000000e+00 -1.344416e+01
    endloop
  endfacet
  facet normal 9.993908e-01 -3.108535e-17 3.489950e-02
    outer loop
      vertex   -7.591235e+00 -2.000000e+00 -1.366725e+01
      vertex   -7.599025e+00 0.000000e+00 -1.344416e+01
      vertex   -7.599025e+00 -2.000000e+00 -1.344416e+01
    endloop
  endfacet
  facet normal 9.945219e-01 9.283993e-17 -1.045285e-01
    outer loop
      vertex   -7.599025e+00 -2.000000e+00 -1.344416e+01
      vertex   -7.599025e+00 0.000000e+00 -1.344416e+01
      vertex   -7.575692e+00 0.000000e+00 -1.322216e+01
    endloop
  endfacet
  facet normal 9.945219e-01 -9.325605e-17 -1.045285e-01
    outer loop
      vertex   -7.599025e+00 -2.000000e+00 -1.344416e+01
      vertex   -7.575692e+00 0.000000e+00 -1.322216e+01
      vertex   -7.575692e+00 -2.000000e+00 -1.322216e+01
    endloop
  endfacet
  facet normal 9.702957e-01 -2.148698e-16 -2.419219e-01
    outer loop
      vertex   -7.575692e+00 -2.000000e+00 -1.322216e+01
      vertex   -7.575692e+00 0.000000e+00 -1.322216e+01
      vertex   -7.521690e+00 0.000000e+00 -1.300557e+01
    endloop
  endfacet
  facet normal 9.702957e-01 0.000000e+00 -2.419219e-01
    outer loop
      vertex   -7.575692e+00 -2.000000e+00 -1.322216e+01
      vertex   -7.521690e+00 0.000000e+00 -1.300557e+01
      vertex   -7.521690e+00 -2.000000e+00 -1.300557e+01
    endloop
  endfacet
  facet normal 9.271839e-01 0.000000e+00 -3.746066e-01
    outer loop
      vertex   -7.521690e+00 -2.000000e+00 -1.300557e+01
      vertex   -7.521690e+00 0.000000e+00 -1.300557e+01
      vertex   -7.438070e+00 0.000000e+00 -1.279861e+01
    endloop
  endfacet
  facet normal 9.271839e-01 0.000000e+00 -3.746066e-01
    outer loop
      vertex   -7.521690e+00 -2.000000e+00 -1.300557e+01
      vertex   -7.438070e+00 0.000000e+00 -1.279861e+01
      vertex   -7.438070e+00 -2.000000e+00 -1.279861e+01
    endloop
  endfacet
  facet normal 8.660254e-01 0.000000e+00 -5.000000e-01
    outer loop
      vertex   -7.438070e+00 -2.000000e+00 -1.279861e+01
      vertex   -7.438070e+00 0.000000e+00 -1.279861e+01
      vertex   -7.326460e+00 0.000000e+00 -1.260529e+01
    endloop
  endfacet
  facet normal 8.660254e-01 4.507376e-16 -5.000000e-01
    outer loop
      vertex   -7.438070e+00 -2.000000e+00 -1.279861e+01
      vertex   -7.326460e+00 0.000000e+00 -1.260529e+01
      vertex   -7.326460e+00 -2.000000e+00 -1.260529e+01
    endloop
  endfacet
  facet normal 7.880108e-01 5.468172e-16 -6.156615e-01
    outer loop
      vertex   -7.326460e+00 -2.000000e+00 -1.260529e+01
      vertex   -7.326460e+00 0.000000e+00 -1.260529e+01
      vertex   -7.189032e+00 0.000000e+00 -1.242939e+01
    endloop
  endfacet
  facet normal 7.880108e-01 -3.497102e-16 -6.156615e-01
    outer loop
      vertex   -7.326460e+00 -2.000000e+00 -1.260529e+01
      vertex   -7.189032e+00 0.000000e+00 -1.242939e+01
      vertex   -7.189032e+00 -2.000000e+00 -1.242939e+01
    endloop
  endfacet
  facet normal 6.946584e-01 -3.084903e-16 -7.193398e-01
    outer loop
      vertex   -7.189032e+00 -2.000000e+00 -1.242939e+01
      vertex   -7.189032e+00 0.000000e+00 -1.242939e+01
      vertex   -7.028460e+00 0.000000e+00 -1.227433e+01
    endloop
  endfacet
  facet normal 6.946584e-01 0.000000e+00 -7.193398e-01
    outer loop
      vertex   -7.189032e+00 -2.000000e+00 -1.242939e+01
      vertex   -7.028460e+00 0.000000e+00 -1.227433e+01
      vertex   -7.028460e+00 -2.000000e+00 -1.227433e+01
    endloop
  endfacet
  facet normal 5.877853e-01 0.000000e+00 -8.090170e-01
    outer loop
      vertex   -7.028460e+00 -2.000000e+00 -1.227433e+01
      vertex   -7.028460e+00 0.000000e+00 -1.227433e+01
      vertex   -6.847871e+00 0.000000e+00 -1.214312e+01
    endloop
  endfacet
  facet normal 5.877853e-01 1.437697e-15 -8.090170e-01
    outer loop
      vertex   -7.028460e+00 -2.000000e+00 -1.227433e+01
      vertex   -6.847871e+00 0.000000e+00 -1.214312e+01
      vertex   -6.847871e+00 -2.000000e+00 -1.214312e+01
    endloop
  endfacet
  facet normal 4.694716e-01 1.568430e-15 -8.829476e-01
    outer loop
      vertex   -6.847871e+00 -2.000000e+00 -1.214312e+01
      vertex   -6.847871e+00 0.000000e+00 -1.214312e+01
      vertex   -6.650779e+00 0.000000e+00 -1.203833e+01
    endloop
  endfacet
  facet normal 4.694716e-01 3.652529e-16 -8.829476e-01
    outer loop
      vertex   -6.847871e+00 -2.000000e+00 -1.214312e+01
      vertex   -6.650779e+00 0.000000e+00 -1.203833e+01
      vertex   -6.650779e+00 -2.000000e+00 -1.203833e+01
    endloop
  endfacet
  facet normal 3.420201e-01 5.308398e-16 -9.396926e-01
    outer loop
      vertex   -6.650779e+00 -2.000000e+00 -1.203833e+01
      vertex   -6.650779e+00 0.000000e+00 -1.203833e+01
      vertex   -6.441020e+00 0.000000e+00 -1.196198e+01
    endloop
  endfacet
  facet normal 3.420201e-01 5.284509e-16 -9.396926e-01
    outer loop
      vertex   -6.650779e+00 -2.000000e+00 -1.203833e+01
      vertex   -6.441020e+00 0.000000e+00 -1.196198e+01
      vertex   -6.441020e+00 -2.000000e+00 -1.196198e+01
    endloop
  endfacet
  facet normal 2.079117e-01 6.841069e-16 -9.781476e-01
    outer loop
      vertex   -6.441020e+00 -2.000000e+00 -1.196198e+01
      vertex   -6.441020e+00 0.000000e+00 -1.196198e+01
      vertex   -6.222677e+00 0.000000e+00 -1.191557e+01
    endloop
  endfacet
  facet normal 2.079117e-01 -9.325605e-17 -9.781476e-01
    outer loop
      vertex   -6.441020e+00 -2.000000e+00 -1.196198e+01
      vertex   -6.222677e+00 0.000000e+00 -1.191557e+01
      vertex   -6.222677e+00 -2.000000e+00 -1.191557e+01
    endloop
  endfacet
  facet normal 6.975647e-02 -3.097810e-17 -9.975641e-01
    outer loop
      vertex   -6.222677e+00 -2.000000e+00 -1.191557e+01
      vertex   -6.222677e+00 0.000000e+00 -1.191557e+01
      vertex   -6.000000e+00 0.000000e+00 -1.190000e+01
    endloop
  endfacet
  facet normal 6.975647e-02 0.000000e+00 -9.975641e-01
    outer loop
      vertex   -6.222677e+00 -2.000000e+00 5.208443e+01
      vertex   -6.000000e+00 0.000000e+00 5.210000e+01
      vertex   -6.000000e+00 -2.000000e+00 5.210000e+01
    endloop
  endfacet
  facet normal -6.975647e-02 0.000000e+00 -9.975641e-01
    outer loop
      vertex   -6.000000e+00 -2.000000e+00 5.210000e+01
      vertex   -6.000000e+00 0.000000e+00 5.210000e+01
      vertex   -5.777323e+00 0.000000e+00 5.208443e+01
    endloop
  endfacet
  facet normal -6.975647e-02 0.000000e+00 -9.975641e-01
    outer loop
      vertex   -6.000000e+00 -2.000000e+00 5.210000e+01
      vertex   -5.777323e+00 0.000000e+00 5.208443e+01
      vertex   -5.777323e+00 -2.000000e+00 5.208443e+01
    endloop
  endfacet
  facet normal -2.079117e-01 0.000000e+00 -9.781476e-01
    outer loop
      vertex   -5.777323e+00 -2.000000e+00 5.208443e+01
      vertex   -5.777323e+00 0.000000e+00 5.208443e+01
      vertex   -5.558980e+00 0.000000e+00 5.203802e+01
    endloop
  endfacet
  facet normal -2.079117e-01 2.758825e-16 -9.781476e-01
    outer loop
      vertex   -5.777323e+00 -2.000000e+00 5.208443e+01
      vertex   -5.558980e+00 0.000000e+00 5.203802e+01
      vertex   -5.558980e+00 -2.000000e+00 5.203802e+01
    endloop
  endfacet
  facet normal -3.420201e-01 4.556624e-16 -9.396926e-01
    outer loop
      vertex   -5.558980e+00 -2.000000e+00 5.203802e+01
      vertex   -5.558980e+00 0.000000e+00 5.203802e+01
      vertex   -5.349221e+00 0.000000e+00 5.196167e+01
    endloop
  endfacet
  facet normal -3.420201e-01 0.000000e+00 -9.396926e-01
    outer loop
      vertex   -5.558980e+00 -2.000000e+00 5.203802e+01
      vertex   -5.349221e+00 0.000000e+00 5.196167e+01
      vertex   -5.349221e+00 -2.000000e+00 5.196167e+01
    endloop
  endfacet
  facet normal -4.694716e-01 0.000000e+00 -8.829476e-01
    outer loop
      vertex   -5.349221e+00 -2.000000e+00 5.196167e+01
      vertex   -5.349221e+00 0.000000e+00 5.196167e+01
      vertex   -5.152129e+00 0.000000e+00 5.185688e+01
    endloop
  endfacet
  facet normal -4.694716e-01 0.000000e+00 -8.829476e-01
    outer loop
      vertex   -5.349221e+00 -2.000000e+00 5.196167e+01
      vertex   -5.152129e+00 0.000000e+00 5.185688e+01
      vertex   -5.152129e+00 -2.000000e+00 5.185688e+01
    endloop
  endfacet
  facet normal -5.877853e-01 0.000000e+00 -8.090170e-01
    outer loop
      vertex   -5.152129e+00 -2.000000e+00 5.185688e+01
      vertex   -5.152129e+00 0.000000e+00 5.185688e+01
      vertex   -4.971540e+00 0.000000e+00 5.172567e+01
    endloop
  endfacet
  facet normal -5.877853e-01 0.000000e+00 -8.090170e-01
    outer loop
      vertex   -5.152129e+00 -2.000000e+00 5.185688e+01
      vertex   -4.971540e+00 0.000000e+00 5.172567e+01
      vertex   -4.971540e+00 -2.000000e+00 5.172567e+01
    endloop
  endfacet
  facet normal -6.946584e-01 0.000000e+00 -7.193398e-01
    outer loop
      vertex   -4.971540e+00 -2.000000e+00 5.172567e+01
      vertex   -4.971540e+00 0.000000e+00 5.172567e+01
      vertex   -4.810968e+00 0.000000e+00 5.157061e+01
    endloop
  endfacet
  facet normal -6.946584e-01 0.000000e+00 -7.193398e-01
    outer loop
      vertex   -4.971540e+00 -2.000000e+00 5.172567e+01
      vertex   -4.810968e+00 0.000000e+00 5.157061e+01
      vertex   -4.810968e+00 -2.000000e+00 5.157061e+01
    endloop
  endfacet
  facet normal -7.880108e-01 0.000000e+00 -6.156615e-01
    outer loop
      vertex   -4.810968e+00 -2.000000e+00 5.157061e+01
      vertex   -4.810968e+00 0.000000e+00 5.157061e+01
      vertex   -4.673540e+00 0.000000e+00 5.139471e+01
    endloop
  endfacet
  facet normal -7.880108e-01 0.000000e+00 -6.156615e-01
    outer loop
      vertex   -4.810968e+00 -2.000000e+00 5.157061e+01
      vertex   -4.673540e+00 0.000000e+00 5.139471e+01
      vertex   -4.673540e+00 -2.000000e+00 5.139471e+01
    endloop
  endfacet
  facet normal -8.660254e-01 0.000000e+00 -5.000000e-01
    outer loop
      vertex   -4.673540e+00 -2.000000e+00 5.139471e+01
      vertex   -4.673540e+00 0.000000e+00 5.139471e+01
      vertex   -4.561930e+00 0.000000e+00 5.120139e+01
    endloop
  endfacet
  facet normal -8.660254e-01 -1.391069e-15 -5.000000e-01
    outer loop
      vertex   -4.673540e+00 -2.000000e+00 5.139471e+01
      vertex   -4.561930e+00 0.000000e+00 5.120139e+01
      vertex   -4.561930e+00 -2.000000e+00 5.120139e+01
    endloop
  endfacet
  facet normal -9.271839e-01 -9.191176e-16 -3.746066e-01
    outer loop
      vertex   -4.561930e+00 -2.000000e+00 5.120139e+01
      vertex   -4.561930e+00 0.000000e+00 5.120139e+01
      vertex   -4.478310e+00 0.000000e+00 5.099443e+01
    endloop
  endfacet
  facet normal -9.271839e-01 0.000000e+00 -3.746066e-01
    outer loop
      vertex   -4.561930e+00 -2.000000e+00 5.120139e+01
      vertex   -4.478310e+00 0.000000e+00 5.099443e+01
      vertex   -4.478310e+00 -2.000000e+00 5.099443e+01
    endloop
  endfacet
  facet normal -9.702957e-01 0.000000e+00 -2.419219e-01
    outer loop
      vertex   -4.478310e+00 -2.000000e+00 5.099443e+01
      vertex   -4.478310e+00 0.000000e+00 5.099443e+01
      vertex   -4.424308e+00 0.000000e+00 5.077784e+01
    endloop
  endfacet
  facet normal -9.702957e-01 0.000000e+00 -2.419219e-01
    outer loop
      vertex   -4.478310e+00 -2.000000e+00 5.099443e+01
      vertex   -4.424308e+00 0.000000e+00 5.077784e+01
      vertex   -4.424308e+00 -2.000000e+00 5.077784e+01
    endloop
  endfacet
  facet normal -9.945219e-01 0.000000e+00 -1.045285e-01
    outer loop
      vertex   -4.424308e+00 -2.000000e+00 5.077784e+01
      vertex   -4.424308e+00 0.000000e+00 5.077784e+01
      vertex   -4.400975e+00 0.000000e+00 5.055584e+01
    endloop
  endfacet
  facet normal -9.945219e-01 0.000000e+00 -1.045285e-01
    outer loop
      vertex   -4.424308e+00 -2.000000e+00 5.077784e+01
      vertex   -4.400975e+00 0.000000e+00 5.055584e+01
      vertex   -4.400975e+00 -2.000000e+00 5.055584e+01
    endloop
  endfacet
  facet normal -9.993908e-01 0.000000e+00 3.489950e-02
    outer loop
      vertex   -4.400975e+00 -2.000000e+00 5.055584e+01
      vertex   -4.400975e+00 0.000000e+00 5.055584e+01
      vertex   -4.408765e+00 0.000000e+00 5.033275e+01
    endloop
  endfacet
  facet normal -9.993908e-01 0.000000e+00 3.489950e-02
    outer loop
      vertex   -4.400975e+00 -2.000000e+00 5.055584e+01
      vertex   -4.408765e+00 0.000000e+00 5.033275e+01
      vertex   -4.408765e+00 -2.000000e+00 5.033275e+01
    endloop
  endfacet
  facet normal -9.848078e-01 0.000000e+00 1.736482e-01
    outer loop
      vertex   -4.408765e+00 -2.000000e+00 5.033275e+01
      vertex   -4.408765e+00 0.000000e+00 5.033275e+01
      vertex   -4.447527e+00 0.000000e+00 5.011292e+01
    endloop
  endfacet
  facet normal -9.848078e-01 0.000000e+00 1.736482e-01
    outer loop
      vertex   -4.408765e+00 -2.000000e+00 5.033275e+01
      vertex   -4.447527e+00 0.000000e+00 5.011292e+01
      vertex   -4.447527e+00 -2.000000e+00 5.011292e+01
    endloop
  endfacet
  facet normal -9.510565e-01 0.000000e+00 3.090170e-01
    outer loop
      vertex   -4.447527e+00 -2.000000e+00 5.011292e+01
      vertex   -4.447527e+00 0.000000e+00 5.011292e+01
      vertex   -4.516506e+00 0.000000e+00 4.990063e+01
    endloop
  endfacet
  facet normal -9.510565e-01 0.000000e+00 3.090170e-01
    outer loop
      vertex   -4.447527e+00 -2.000000e+00 5.011292e+01
      vertex   -4.516506e+00 0.000000e+00 4.990063e+01
      vertex   -4.516506e+00 -2.000000e+00 4.990063e+01
    endloop
  endfacet
  facet normal -8.987940e-01 0.000000e+00 4.383711e-01
    outer loop
      vertex   -4.516506e+00 -2.000000e+00 4.990063e+01
      vertex   -4.516506e+00 0.000000e+00 4.990063e+01
      vertex   -4.614359e+00 0.000000e+00 4.970000e+01
    endloop
  endfacet
  facet normal -8.987940e-01 4.041095e-16 4.383711e-01
    outer loop
      vertex   -4.516506e+00 -2.000000e+00 4.990063e+01
      vertex   -4.614359e+00 0.000000e+00 4.970000e+01
      vertex   -4.614359e+00 -2.000000e+00 4.970000e+01
    endloop
  endfacet
  facet normal -8.290376e-01 3.681666e-16 5.591929e-01
    outer loop
      vertex   -4.614359e+00 -2.000000e+00 4.970000e+01
      vertex   -4.614359e+00 0.000000e+00 4.970000e+01
      vertex   -4.739183e+00 0.000000e+00 4.951494e+01
    endloop
  endfacet
  facet normal -8.290376e-01 0.000000e+00 5.591929e-01
    outer loop
      vertex   -4.614359e+00 -2.000000e+00 4.970000e+01
      vertex   -4.739183e+00 0.000000e+00 4.951494e+01
      vertex   -4.739183e+00 -2.000000e+00 4.951494e+01
    endloop
  endfacet
  facet normal -7.431448e-01 0.000000e+00 6.691306e-01
    outer loop
      vertex   -4.739183e+00 -2.000000e+00 4.951494e+01
      vertex   -4.739183e+00 0.000000e+00 4.951494e+01
      vertex   -4.888547e+00 0.000000e+00 4.934906e+01
    endloop
  endfacet
  facet normal -7.431448e-01 0.000000e+00 6.691306e-01
    outer loop
      vertex   -4.739183e+00 -2.000000e+00 4.951494e+01
      vertex   -4.888547e+00 0.000000e+00 4.934906e+01
      vertex   -4.888547e+00 -2.000000e+00 4.934906e+01
    endloop
  endfacet
  facet normal -6.427876e-01 0.000000e+00 7.660444e-01
    outer loop
      vertex   -4.888547e+00 -2.000000e+00 4.934906e+01
      vertex   -4.888547e+00 0.000000e+00 4.934906e+01
      vertex   -5.059544e+00 0.000000e+00 4.920557e+01
    endloop
  endfacet
  facet normal -6.427876e-01 0.000000e+00 7.660444e-01
    outer loop
      vertex   -4.888547e+00 -2.000000e+00 4.934906e+01
      vertex   -5.059544e+00 0.000000e+00 4.920557e+01
      vertex   -5.059544e+00 -2.000000e+00 4.920557e+01
    endloop
  endfacet
  facet normal -5.299193e-01 0.000000e+00 8.480481e-01
    outer loop
      vertex   -5.059544e+00 -2.000000e+00 4.920557e+01
      vertex   -5.059544e+00 0.000000e+00 4.920557e+01
      vertex   -5.248845e+00 0.000000e+00 4.908728e+01
    endloop
  endfacet
  facet normal -5.299193e-01 0.000000e+00 8.480481e-01
    outer loop
      vertex   -5.059544e+00 -2.000000e+00 4.920557e+01
      vertex   -5.248845e+00 0.000000e+00 4.908728e+01
      vertex   -5.248845e+00 -2.000000e+00 4.908728e+01
    endloop
  endfacet
  facet normal -4.067366e-01 0.000000e+00 9.135455e-01
    outer loop
      vertex   -5.248845e+00 -2.000000e+00 4.908728e+01
      vertex   -5.248845e+00 0.000000e+00 4.908728e+01
      vertex   -5.452768e+00 0.000000e+00 4.899649e+01
    endloop
  endfacet
  facet normal -4.067366e-01 -3.574815e-16 9.135455e-01
    outer loop
      vertex   -5.248845e+00 -2.000000e+00 4.908728e+01
      vertex   -5.452768e+00 0.000000e+00 4.899649e+01
      vertex   -5.452768e+00 -2.000000e+00 4.899649e+01
    endloop
  endfacet
  facet normal -2.756374e-01 -2.448152e-16 9.612617e-01
    outer loop
      vertex   -5.452768e+00 -2.000000e+00 4.899649e+01
      vertex   -5.452768e+00 0.000000e+00 4.899649e+01
      vertex   -5.667341e+00 0.000000e+00 4.893496e+01
    endloop
  endfacet
  facet normal -2.756374e-01 -1.243414e-16 9.612617e-01
    outer loop
      vertex   -5.452768e+00 -2.000000e+00 4.899649e+01
      vertex   -5.667341e+00 0.000000e+00 4.893496e+01
      vertex   -5.667341e+00 -2.000000e+00 4.893496e+01
    endloop
  endfacet
  facet normal -1.391731e-01 -6.180527e-17 9.902681e-01
    outer loop
      vertex   -5.667341e+00 -2.000000e+00 4.893496e+01
      vertex   -5.667341e+00 0.000000e+00 4.893496e+01
      vertex   -5.888390e+00 0.000000e+00 4.890390e+01
    endloop
  endfacet
  facet normal -1.391731e-01 0.000000e+00 9.902681e-01
    outer loop
      vertex   -5.667341e+00 -2.000000e+00 4.893496e+01
      vertex   -5.888390e+00 0.000000e+00 4.890390e+01
      vertex   -5.888390e+00 -2.000000e+00 4.890390e+01
    endloop
  endfacet
  facet normal 0.000000e+00 -0.000000e+00 1.000000e+00
    outer loop
      vertex   -5.888390e+00 -2.000000e+00 4.890390e+01
      vertex   -5.888390e+00 0.000000e+00 4.890390e+01
      vertex   -6.111610e+00 0.000000e+00 4.890390e+01
    endloop
  endfacet
  facet normal 0.000000e+00 0.000000e+00 1.000000e+00
    outer loop
      vertex   -5.888390e+00 -2.000000e+00 4.890390e+01
      vertex   -6.111610e+00 0.000000e+00 4.890390e+01
      vertex   -6.111610e+00 -2.000000e+00 4.890390e+01
    endloop
  endfacet
  facet normal 1.391731e-01 -0.000000e+00 9.902681e-01
    outer loop
      vertex   -6.111610e+00 -2.000000e+00 4.890390e+01
      vertex   -6.111610e+00 0.000000e+00 4.890390e+01
      vertex   -6.332659e+00 0.000000e+00 4.893496e+01
    endloop
  endfacet
  facet normal 1.391731e-01 6.217070e-17 9.902681e-01
    outer loop
      vertex   -6.111610e+00 -2.000000e+00 4.890390e+01
      vertex   -6.332659e+00 0.000000e+00 4.893496e+01
      vertex   -6.332659e+00 -2.000000e+00 4.893496e+01
    endloop
  endfacet
  facet normal 2.756374e-01 1.224076e-16 9.612617e-01
    outer loop
      vertex   -6.332659e+00 -2.000000e+00 4.893496e+01
      vertex   -6.332659e+00 0.000000e+00 4.893496e+01
      vertex   -6.547232e+00 0.000000e+00 4.899649e+01
    endloop
  endfacet
  facet normal 2.756374e-01 0.000000e+00 9.612617e-01
    outer loop
      vertex   -6.332659e+00 -2.000000e+00 4.893496e+01
      vertex   -6.547232e+00 0.000000e+00 4.899649e+01
      vertex   -6.547232e+00 -2.000000e+00 4.899649e+01
    endloop
  endfacet
  facet normal 4.067366e-01 -0.000000e+00 9.135455e-01
    outer loop
      vertex   -6.547232e+00 -2.000000e+00 4.899649e+01
      vertex   -6.547232e+00 0.000000e+00 4.899649e+01
      vertex   -6.751155e+00 0.000000e+00 4.908728e+01
    endloop
  endfacet
  facet normal 4.067366e-01 0.000000e+00 9.135455e-01
    outer loop
      vertex   -6.547232e+00 -2.000000e+00 4.899649e+01
      vertex   -6.751155e+00 0.000000e+00 4.908728e+01
      vertex   -6.751155e+00 -2.000000e+00 4.908728e+01
    endloop
  endfacet
  facet normal 5.299193e-01 -0.000000e+00 8.480481e-01
    outer loop
      vertex   -6.751155e+00 -2.000000e+00 4.908728e+01
      vertex   -6.751155e+00 0.000000e+00 4.908728e+01
      vertex   -6.940456e+00 0.000000e+00 4.920557e+01
    endloop
  endfacet
  facet normal 5.299193e-01 0.000000e+00 8.480481e-01
    outer loop
      vertex   -6.751155e+00 -2.000000e+00 4.908728e+01
      vertex   -6.940456e+00 0.000000e+00 4.920557e+01
      vertex   -6.940456e+00 -2.000000e+00 4.920557e+01
    endloop
  endfacet
  facet normal 6.427876e-01 -0.000000e+00 7.660444e-01
    outer loop
      vertex   -6.940456e+00 -2.000000e+00 4.920557e+01
      vertex   -6.940456e+00 0.000000e+00 4.920557e+01
      vertex   -7.111453e+00 0.000000e+00 4.934906e+01
    endloop
  endfacet
  facet normal 6.427876e-01 2.875395e-16 7.660444e-01
    outer loop
      vertex   -6.940456e+00 -2.000000e+00 4.920557e+01
      vertex   -7.111453e+00 0.000000e+00 4.934906e+01
      vertex   -7.111453e+00 -2.000000e+00 4.934906e+01
    endloop
  endfacet
  facet normal 7.431448e-01 3.300226e-16 6.691306e-01
    outer loop
      vertex   -7.111453e+00 -2.000000e+00 4.934906e+01
      vertex   -7.111453e+00 0.000000e+00 4.934906e+01
      vertex   -7.260817e+00 0.000000e+00 4.951494e+01
    endloop
  endfacet
  facet normal 7.431448e-01 0.000000e+00 6.691306e-01
    outer loop
      vertex   -7.111453e+00 -2.000000e+00 4.934906e+01
      vertex   -7.260817e+00 0.000000e+00 4.951494e+01
      vertex   -7.260817e+00 -2.000000e+00 4.951494e+01
    endloop
  endfacet
  facet normal 8.290376e-01 -0.000000e+00 5.591929e-01
    outer loop
      vertex   -7.260817e+00 -2.000000e+00 4.951494e+01
      vertex   -7.260817e+00 0.000000e+00 4.951494e+01
      vertex   -7.385641e+00 0.000000e+00 4.970000e+01
    endloop
  endfacet
  facet normal 8.290376e-01 0.000000e+00 5.591929e-01
    outer loop
      vertex   -7.260817e+00 -2.000000e+00 4.951494e+01
      vertex   -7.385641e+00 0.000000e+00 4.970000e+01
      vertex   -7.385641e+00 -2.000000e+00 4.970000e+01
    endloop
  endfacet
  facet normal 8.987940e-01 -0.000000e+00 4.383711e-01
    outer loop
      vertex   -7.385641e+00 -2.000000e+00 4.970000e+01
      vertex   -7.385641e+00 0.000000e+00 4.970000e+01
      vertex   -7.483494e+00 0.000000e+00 4.990063e+01
    endloop
  endfacet
  facet normal 8.987940e-01 0.000000e+00 4.383711e-01
    outer loop
      vertex   -7.385641e+00 -2.000000e+00 4.970000e+01
      vertex   -7.483494e+00 0.000000e+00 4.990063e+01
      vertex   -7.483494e+00 -2.000000e+00 4.990063e+01
    endloop
  endfacet
  facet normal 9.510565e-01 -0.000000e+00 3.090170e-01
    outer loop
      vertex   -7.483494e+00 -2.000000e+00 4.990063e+01
      vertex   -7.483494e+00 0.000000e+00 4.990063e+01
      vertex   -7.552473e+00 0.000000e+00 5.011292e+01
    endloop
  endfacet
  facet normal 9.510565e-01 0.000000e+00 3.090170e-01
    outer loop
      vertex   -7.483494e+00 -2.000000e+00 4.990063e+01
      vertex   -7.552473e+00 0.000000e+00 5.011292e+01
      vertex   -7.552473e+00 -2.000000e+00 5.011292e+01
    endloop
  endfacet
  facet normal 9.848078e-01 -0.000000e+00 1.736482e-01
    outer loop
      vertex   -7.552473e+00 -2.000000e+00 5.011292e+01
      vertex   -7.552473e+00 0.000000e+00 5.011292e+01
      vertex   -7.591235e+00 0.000000e+00 5.033275e+01
    endloop
  endfacet
  facet normal 9.848078e-01 -6.178213e-16 1.736482e-01
    outer loop
      vertex   -7.552473e+00 -2.000000e+00 5.011292e+01
      vertex   -7.591235e+00 0.000000e+00 5.033275e+01
      vertex   -7.591235e+00 -2.000000e+00 5.033275e+01
    endloop
  endfacet
  facet normal 9.993908e-01 -1.239879e-16 3.489950e-02
    outer loop
      vertex   -7.591235e+00 -2.000000e+00 5.033275e+01
      vertex   -7.591235e+00 0.000000e+00 5.033275e+01
      vertex   -7.599025e+00 0.000000e+00 5.055584e+01
    endloop
  endfacet
  facet normal 9.993908e-01 0.000000e+00 3.489950e-02
    outer loop
      vertex   -7.591235e+00 -2.000000e+00 5.033275e+01
      vertex   -7.599025e+00 0.000000e+00 5.055584e+01
      vertex   -7.599025e+00 -2.000000e+00 5.055584e+01
    endloop
  endfacet
  facet normal 9.945219e-01 0.000000e+00 -1.045285e-01
    outer loop
      vertex   -7.599025e+00 -2.000000e+00 5.055584e+01
      vertex   -7.599025e+00 0.000000e+00 5.055584e+01
      vertex   -7.575692e+00 0.000000e+00 5.077784e+01
    endloop
  endfacet
  facet normal 9.945219e-01 0.000000e+00 -1.045285e-01
    outer loop
      vertex   -7.599025e+00 -2.000000e+00 5.055584e+01
      vertex   -7.575692e+00 0.000000e+00 5.077784e+01
      vertex   -7.575692e+00 -2.000000e+00 5.077784e+01
    endloop
  endfacet
  facet normal 9.702957e-01 0.000000e+00 -2.419219e-01
    outer loop
      vertex   -7.575692e+00 -2.000000e+00 5.077784e+01
      vertex   -7.575692e+00 0.000000e+00 5.077784e+01
      vertex   -7.521690e+00 0.000000e+00 5.099443e+01
    endloop
  endfacet
  facet normal 9.702957e-01 0.000000e+00 -2.419219e-01
    outer loop
      vertex   -7.575692e+00 -2.000000e+00 5.077784e+01
      vertex   -7.521690e+00 0.000000e+00 5.099443e+01
      vertex   -7.521690e+00 -2.000000e+00 5.099443e+01
    endloop
  endfacet
  facet normal 9.271839e-01 0.000000e+00 -3.746066e-01
    outer loop
      vertex   -7.521690e+00 -2.000000e+00 5.099443e+01
      vertex   -7.521690e+00 0.000000e+00 5.099443e+01
      vertex   -7.438070e+00 0.000000e+00 5.120139e+01
    endloop
  endfacet
  facet normal 9.271839e-01 0.000000e+00 -3.746066e-01
    outer loop
      vertex   -7.521690e+00 -2.000000e+00 5.099443e+01
      vertex   -7.438070e+00 0.000000e+00 5.120139e+01
      vertex   -7.438070e+00 -2.000000e+00 5.120139e+01
    endloop
  endfacet
  facet normal 8.660254e-01 0.000000e+00 -5.000000e-01
    outer loop
      vertex   -7.438070e+00 -2.000000e+00 5.120139e+01
      vertex   -7.438070e+00 0.000000e+00 5.120139e+01
      vertex   -7.326460e+00 0.000000e+00 5.139471e+01
    endloop
  endfacet
  facet normal 8.660254e-01 -3.807955e-16 -5.000000e-01
    outer loop
      vertex   -7.438070e+00 -2.000000e+00 5.120139e+01
      vertex   -7.326460e+00 0.000000e+00 5.139471e+01
      vertex   -7.326460e+00 -2.000000e+00 5.139471e+01
    endloop
  endfacet
  facet normal 7.880108e-01 -3.499471e-16 -6.156615e-01
    outer loop
      vertex   -7.326460e+00 -2.000000e+00 5.139471e+01
      vertex   -7.326460e+00 0.000000e+00 5.139471e+01
      vertex   -7.189032e+00 0.000000e+00 5.157061e+01
    endloop
  endfacet
  facet normal 7.880108e-01 0.000000e+00 -6.156615e-01
    outer loop
      vertex   -7.326460e+00 -2.000000e+00 5.139471e+01
      vertex   -7.189032e+00 0.000000e+00 5.157061e+01
      vertex   -7.189032e+00 -2.000000e+00 5.157061e+01
    endloop
  endfacet
  facet normal 6.946584e-01 0.000000e+00 -7.193398e-01
    outer loop
      vertex   -7.189032e+00 -2.000000e+00 5.157061e+01
      vertex   -7.189032e+00 0.000000e+00 5.157061e+01
      vertex   -7.028460e+00 0.000000e+00 5.172567e+01
    endloop
  endfacet
  facet normal 6.946584e-01 0.000000e+00 -7.193398e-01
    outer loop
      vertex   -7.189032e+00 -2.000000e+00 5.157061e+01
      vertex   -7.028460e+00 0.000000e+00 5.172567e+01
      vertex   -7.028460e+00 -2.000000e+00 5.172567e+01
    endloop
  endfacet
  facet normal 5.877853e-01 0.000000e+00 -8.090170e-01
    outer loop
      vertex   -7.028460e+00 -2.000000e+00 5.172567e+01
      vertex   -7.028460e+00 0.000000e+00 5.172567e+01
      vertex   -6.847871e+00 0.000000e+00 5.185688e+01
    endloop
  endfacet
  facet normal 5.877853e-01 0.000000e+00 -8.090170e-01
    outer loop
      vertex   -7.028460e+00 -2.000000e+00 5.172567e+01
      vertex   -6.847871e+00 0.000000e+00 5.185688e+01
      vertex   -6.847871e+00 -2.000000e+00 5.185688e+01
    endloop
  endfacet
  facet normal 4.694716e-01 0.000000e+00 -8.829476e-01
    outer loop
      vertex   -6.847871e+00 -2.000000e+00 5.185688e+01
      vertex   -6.847871e+00 0.000000e+00 5.185688e+01
      vertex   -6.650779e+00 0.000000e+00 5.196167e+01
    endloop
  endfacet
  facet normal 4.694716e-01 0.000000e+00 -8.829476e-01
    outer loop
      vertex   -6.847871e+00 -2.000000e+00 5.185688e+01
      vertex   -6.650779e+00 0.000000e+00 5.196167e+01
      vertex   -6.650779e+00 -2.000000e+00 5.196167e+01
    endloop
  endfacet
  facet normal 3.420201e-01 0.000000e+00 -9.396926e-01
    outer loop
      vertex   -6.650779e+00 -2.000000e+00 5.196167e+01
      vertex   -6.650779e+00 0.000000e+00 5.196167e+01
      vertex   -6.441020e+00 0.000000e+00 5.203802e+01
    endloop
  endfacet
  facet normal 3.420201e-01 -1.476554e-16 -9.396926e-01
    outer loop
      vertex   -6.650779e+00 -2.000000e+00 5.196167e+01
      vertex   -6.441020e+00 0.000000e+00 5.203802e+01
      vertex   -6.441020e+00 -2.000000e+00 5.203802e+01
    endloop
  endfacet
  facet normal 2.079117e-01 -9.233134e-17 -9.781476e-01
    outer loop
      vertex   -6.441020e+00 -2.000000e+00 5.203802e+01
      vertex   -6.441020e+00 0.000000e+00 5.203802e+01
      vertex   -6.222677e+00 0.000000e+00 5.208443e+01
    endloop
  endfacet
  facet normal 2.079117e-01 0.000000e+00 -9.781476e-01
    outer loop
      vertex   -6.441020e+00 -2.000000e+00 5.203802e+01
      vertex   -6.222677e+00 0.000000e+00 5.208443e+01
      vertex   -6.222677e+00 -2.000000e+00 5.208443e+01
    endloop
  endfacet
  facet normal 6.975647e-02 0.000000e+00 -9.975641e-01
    outer loop
      vertex   -6.222677e+00 -2.000000e+00 5.208443e+01
      vertex   -6.222677e+00 0.000000e+00 5.208443e+01
      vertex   -6.000000e+00 0.000000e+00 5.210000e+01
    endloop
  endfacet
  facet normal 1.000000e+00 0.000000e+00 1.480297e-16
    outer loop
      vertex   1.000000e+01 0.000000e+00 -1.450000e+01
      vertex   1.000000e+01 0.000000e+00 5.750000e+01
      vertex   1.000000e+01 -2.000000e+00 -1.450000e+01
    endloop
  endfacet
  facet normal 1.000000e+00 0.000000e+00 1.480297e-16
    outer loop
      vertex   1.000000e+01 -2.000000e+00 -1.450000e+01
      vertex   1.000000e+01 0.000000e+00 5.750000e+01
      vertex   1.000000e+01 -2.000000e+00 5.750000e+01
    endloop
  endfacet
  facet normal -1.000000e+00 0.000000e+00 -9.868649e-17
    outer loop
      vertex   -1.000000e+01 -2.000000e+00 -1.450000e+01
      vertex   -1.000000e+01 -2.000000e+00 5.750000e+01
      vertex   -1.000000e+01 0.000000e+00 -1.450000e+01
    endloop
  endfacet
  facet normal -1.000000e+00 0.000000e+00 -9.868649e-17
    outer loop
      vertex   -1.000000e+01 0.000000e+00 -1.450000e+01
      vertex   -1.000000e+01 -2.000000e+00 5.750000e+01
      vertex   -1.000000e+01 0.000000e+00 5.750000e+01
    endloop
  endfacet
  facet normal 0.000000e+00 -1.000000e+00 -0.000000e+00
    outer loop
      vertex   1.000000e+01 -2.000000e+00 5.750000e+01
      vertex   7.552473e+00 -2.000000e+00 5.011292e+01
      vertex   1.000000e+01 -2.000000e+00 -1.450000e+01
    endloop
  endfacet
  facet normal 0.000000e+00 -1.000000e+00 0.000000e+00
    outer loop
      vertex   1.000000e+01 -2.000000e+00 -1.450000e+01
      vertex   7.552473e+00 -2.000000e+00 5.011292e+01
      vertex   7.483494e+00 -2.000000e+00 4.990063e+01
    endloop
  endfacet
  facet normal 0.000000e+00 -1.000000e+00 0.000000e+00
    outer loop
      vertex   1.000000e+01 -2.000000e+00 -1.450000e+01
      vertex   7.483494e+00 -2.000000e+00 4.990063e+01
      vertex   7.385641e+00 -2.000000e+00 4.970000e+01
    endloop
  endfacet
  facet normal -0.000000e+00 -1.000000e+00 -0.000000e+00
    outer loop
      vertex   9.992404e+00 -2.000000e+00 5.758682e+01
      vertex   9.969846e+00 -2.000000e+00 5.767101e+01
      vertex   1.000000e+01 -2.000000e+00 5.750000e+01
    endloop
  endfacet
  facet normal 0.000000e+00 -1.000000e+00 0.000000e+00
    outer loop
      vertex   1.000000e+01 -2.000000e+00 5.750000e+01
      vertex   9.969846e+00 -2.000000e+00 5.767101e+01
      vertex   9.933013e+00 -2.000000e+00 5.775000e+01
    endloop
  endfacet
  facet normal 0.000000e+00 -1.000000e+00 0.000000e+00
    outer loop
      vertex   1.000000e+01 -2.000000e+00 5.750000e+01
      vertex   9.933013e+00 -2.000000e+00 5.775000e+01
      vertex   9.883022e+00 -2.000000e+00 5.782139e+01
    endloop
  endfacet
  facet normal -0.000000e+00 -1.000000e+00 -0.000000e+00
    outer loop
      vertex   9.883022e+00 -2.000000e+00 5.782139e+01
      vertex   9.821394e+00 -2.000000e+00 5.788302e+01
      vertex   1.000000e+01 -2.000000e+00 5.750000e+01
    endloop
  endfacet
  facet normal 0.000000e+00 -1.000000e+00 0.000000e+00
    outer loop
      vertex   1.000000e+01 -2.000000e+00 5.750000e+01
      vertex   9.821394e+00 -2.000000e+00 5.788302e+01
      vertex   9.750000e+00 -2.000000e+00 5.793301e+01
    endloop
  endfacet
  facet normal 0.000000e+00 -1.000000e+00 0.000000e+00
    outer loop
      vertex   1.000000e+01 -2.000000e+00 5.750000e+01
      vertex   9.750000e+00 -2.000000e+00 5.793301e+01
      vertex   9.671010e+00 -2.000000e+00 5.796985e+01
    endloop
  endfacet
  facet normal -0.000000e+00 -1.000000e+00 -0.000000e+00
    outer loop
      vertex   9.671010e+00 -2.000000e+00 5.796985e+01
      vertex   9.586824e+00 -2.000000e+00 5.799240e+01
      vertex   1.000000e+01 -2.000000e+00 5.750000e+01
    endloop
  endfacet
  facet normal 0.000000e+00 -1.000000e+00 0.000000e+00
    outer loop
      vertex   1.000000e+01 -2.000000e+00 5.750000e+01
      vertex   9.586824e+00 -2.000000e+00 5.799240e+01
      vertex   9.500000e+00 -2.000000e+00 5.800000e+01
    endloop
  endfacet
  facet normal -0.000000e+00 -1.000000e+00 0.000000e+00
    outer loop
      vertex   1.000000e+01 -2.000000e+00 5.750000e+01
      vertex   9.500000e+00 -2.000000e+00 5.800000e+01
      vertex   7.599025e+00 -2.000000e+00 5.055584e+01
    endloop
  endfacet
  facet normal 0.000000e+00 -1.000000e+00 0.000000e+00
    outer loop
      vertex   7.599025e+00 -2.000000e+00 5.055584e+01
      vertex   9.500000e+00 -2.000000e+00 5.800000e+01
      vertex   7.575692e+00 -2.000000e+00 5.077784e+01
    endloop
  endfacet
  facet normal 0.000000e+00 -1.000000e+00 0.000000e+00
    outer loop
      vertex   7.575692e+00 -2.000000e+00 5.077784e+01
      vertex   9.500000e+00 -2.000000e+00 5.800000e+01
      vertex   7.521690e+00 -2.000000e+00 5.099443e+01
    endloop
  endfacet
  facet normal 0.000000e+00 -1.000000e+00 0.000000e+00
    outer loop
      vertex   7.521690e+00 -2.000000e+00 5.099443e+01
      vertex   9.500000e+00 -2.000000e+00 5.800000e+01
      vertex   7.438070e+00 -2.000000e+00 5.120139e+01
    endloop
  endfacet
  facet normal 0.000000e+00 -1.000000e+00 0.000000e+00
    outer loop
      vertex   7.438070e+00 -2.000000e+00 5.120139e+01
      vertex   9.500000e+00 -2.000000e+00 5.800000e+01
      vertex   7.326460e+00 -2.000000e+00 5.139471e+01
    endloop
  endfacet
  facet normal 0.000000e+00 -1.000000e+00 0.000000e+00
    outer loop
      vertex   7.326460e+00 -2.000000e+00 5.139471e+01
      vertex   9.500000e+00 -2.000000e+00 5.800000e+01
      vertex   7.189032e+00 -2.000000e+00 5.157061e+01
    endloop
  endfacet
  facet normal 0.000000e+00 -1.000000e+00 0.000000e+00
    outer loop
      vertex   7.189032e+00 -2.000000e+00 5.157061e+01
      vertex   9.500000e+00 -2.000000e+00 5.800000e+01
      vertex   7.028460e+00 -2.000000e+00 5.172567e+01
    endloop
  endfacet
  facet normal 0.000000e+00 -1.000000e+00 0.000000e+00
    outer loop
      vertex   7.028460e+00 -2.000000e+00 5.172567e+01
      vertex   9.500000e+00 -2.000000e+00 5.800000e+01
      vertex   6.847871e+00 -2.000000e+00 5.185688e+01
    endloop
  endfacet
  facet normal 0.000000e+00 -1.000000e+00 0.000000e+00
    outer loop
      vertex   6.847871e+00 -2.000000e+00 5.185688e+01
      vertex   9.500000e+00 -2.000000e+00 5.800000e+01
      vertex   6.650779e+00 -2.000000e+00 5.196167e+01
    endloop
  endfacet
  facet normal 0.000000e+00 -1.000000e+00 0.000000e+00
    outer loop
      vertex   6.650779e+00 -2.000000e+00 5.196167e+01
      vertex   9.500000e+00 -2.000000e+00 5.800000e+01
      vertex   6.441020e+00 -2.000000e+00 5.203802e+01
    endloop
  endfacet
  facet normal 0.000000e+00 -1.000000e+00 0.000000e+00
    outer loop
      vertex   6.441020e+00 -2.000000e+00 5.203802e+01
      vertex   9.500000e+00 -2.000000e+00 5.800000e+01
      vertex   6.222677e+00 -2.000000e+00 5.208443e+01
    endloop
  endfacet
  facet normal 0.000000e+00 -1.000000e+00 0.000000e+00
    outer loop
      vertex   6.222677e+00 -2.000000e+00 5.208443e+01
      vertex   9.500000e+00 -2.000000e+00 5.800000e+01
      vertex   6.000000e+00 -2.000000e+00 5.210000e+01
    endloop
  endfacet
  facet normal -0.000000e+00 -1.000000e+00 0.000000e+00
    outer loop
      vertex   6.000000e+00 -2.000000e+00 5.210000e+01
      vertex   9.500000e+00 -2.000000e+00 5.800000e+01
      vertex   5.777323e+00 -2.000000e+00 5.208443e+01
    endloop
  endfacet
  facet normal -0.000000e+00 -1.000000e+00 0.000000e+00
    outer loop
      vertex   5.777323e+00 -2.000000e+00 5.208443e+01
      vertex   9.500000e+00 -2.000000e+00 5.800000e+01
      vertex   5.558980e+00 -2.000000e+00 5.203802e+01
    endloop
  endfacet
  facet normal -0.000000e+00 -1.000000e+00 0.000000e+00
    outer loop
      vertex   5.558980e+00 -2.000000e+00 5.203802e+01
      vertex   9.500000e+00 -2.000000e+00 5.800000e+01
      vertex   5.349221e+00 -2.000000e+00 5.196167e+01
    endloop
  endfacet
  facet normal -0.000000e+00 -1.000000e+00 0.000000e+00
    outer loop
      vertex   5.349221e+00 -2.000000e+00 5.196167e+01
      vertex   9.500000e+00 -2.000000e+00 5.800000e+01
      vertex   5.152129e+00 -2.000000e+00 5.185688e+01
    endloop
  endfacet
  facet normal -0.000000e+00 -1.000000e+00 0.000000e+00
    outer loop
      vertex   5.152129e+00 -2.000000e+00 5.185688e+01
      vertex   9.500000e+00 -2.000000e+00 5.800000e+01
      vertex   4.971540e+00 -2.000000e+00 5.172567e+01
    endloop
  endfacet
  facet normal 0.000000e+00 -1.000000e+00 0.000000e+00
    outer loop
      vertex   4.971540e+00 -2.000000e+00 5.172567e+01
      vertex   9.500000e+00 -2.000000e+00 5.800000e+01
      vertex   -9.500000e+00 -2.000000e+00 5.800000e+01
    endloop
  endfacet
  facet normal 0.000000e+00 -1.000000e+00 0.000000e+00
    outer loop
      vertex   4.971540e+00 -2.000000e+00 5.172567e+01
      vertex   -9.500000e+00 -2.000000e+00 5.800000e+01
      vertex   -4.971540e+00 -2.000000e+00 5.172567e+01
    endloop
  endfacet
  facet normal 0.000000e+00 -1.000000e+00 0.000000e+00
    outer loop
      vertex   -4.971540e+00 -2.000000e+00 5.172567e+01
      vertex   -9.500000e+00 -2.000000e+00 5.800000e+01
      vertex   -5.152129e+00 -2.000000e+00 5.185688e+01
    endloop
  endfacet
  facet normal 0.000000e+00 -1.000000e+00 0.000000e+00
    outer loop
      vertex   -5.152129e+00 -2.000000e+00 5.185688e+01
      vertex   -9.500000e+00 -2.000000e+00 5.800000e+01
      vertex   -5.349221e+00 -2.000000e+00 5.196167e+01
    endloop
  endfacet
  facet normal 0.000000e+00 -1.000000e+00 0.000000e+00
    outer loop
      vertex   -5.349221e+00 -2.000000e+00 5.196167e+01
      vertex   -9.500000e+00 -2.000000e+00 5.800000e+01
      vertex   -5.558980e+00 -2.000000e+00 5.203802e+01
    endloop
  endfacet
  facet normal 0.000000e+00 -1.000000e+00 0.000000e+00
    outer loop
      vertex   -5.558980e+00 -2.000000e+00 5.203802e+01
      vertex   -9.500000e+00 -2.000000e+00 5.800000e+01
      vertex   -5.777323e+00 -2.000000e+00 5.208443e+01
    endloop
  endfacet
  facet normal 0.000000e+00 -1.000000e+00 0.000000e+00
    outer loop
      vertex   -5.777323e+00 -2.000000e+00 5.208443e+01
      vertex   -9.500000e+00 -2.000000e+00 5.800000e+01
      vertex   -6.000000e+00 -2.000000e+00 5.210000e+01
    endloop
  endfacet
  facet normal -0.000000e+00 -1.000000e+00 0.000000e+00
    outer loop
      vertex   -6.000000e+00 -2.000000e+00 5.210000e+01
      vertex   -9.500000e+00 -2.000000e+00 5.800000e+01
      vertex   -6.222677e+00 -2.000000e+00 5.208443e+01
    endloop
  endfacet
  facet normal -0.000000e+00 -1.000000e+00 0.000000e+00
    outer loop
      vertex   -6.222677e+00 -2.000000e+00 5.208443e+01
      vertex   -9.500000e+00 -2.000000e+00 5.800000e+01
      vertex   -6.441020e+00 -2.000000e+00 5.203802e+01
    endloop
  endfacet
  facet normal -0.000000e+00 -1.000000e+00 0.000000e+00
    outer loop
      vertex   -6.441020e+00 -2.000000e+00 5.203802e+01
      vertex   -9.500000e+00 -2.000000e+00 5.800000e+01
      vertex   -6.650779e+00 -2.000000e+00 5.196167e+01
    endloop
  endfacet
  facet normal -0.000000e+00 -1.000000e+00 0.000000e+00
    outer loop
      vertex   -6.650779e+00 -2.000000e+00 5.196167e+01
      vertex   -9.500000e+00 -2.000000e+00 5.800000e+01
      vertex   -6.847871e+00 -2.000000e+00 5.185688e+01
    endloop
  endfacet
  facet normal -0.000000e+00 -1.000000e+00 0.000000e+00
    outer loop
      vertex   -6.847871e+00 -2.000000e+00 5.185688e+01
      vertex   -9.500000e+00 -2.000000e+00 5.800000e+01
      vertex   -7.028460e+00 -2.000000e+00 5.172567e+01
    endloop
  endfacet
  facet normal -0.000000e+00 -1.000000e+00 0.000000e+00
    outer loop
      vertex   -7.028460e+00 -2.000000e+00 5.172567e+01
      vertex   -9.500000e+00 -2.000000e+00 5.800000e+01
      vertex   -7.189032e+00 -2.000000e+00 5.157061e+01
    endloop
  endfacet
  facet normal -0.000000e+00 -1.000000e+00 0.000000e+00
    outer loop
      vertex   -7.189032e+00 -2.000000e+00 5.157061e+01
      vertex   -9.500000e+00 -2.000000e+00 5.800000e+01
      vertex   -7.326460e+00 -2.000000e+00 5.139471e+01
    endloop
  endfacet
  facet normal -0.000000e+00 -1.000000e+00 0.000000e+00
    outer loop
      vertex   -7.326460e+00 -2.000000e+00 5.139471e+01
      vertex   -9.500000e+00 -2.000000e+00 5.800000e+01
      vertex   -7.438070e+00 -2.000000e+00 5.120139e+01
    endloop
  endfacet
  facet normal -0.000000e+00 -1.000000e+00 0.000000e+00
    outer loop
      vertex   -7.438070e+00 -2.000000e+00 5.120139e+01
      vertex   -9.500000e+00 -2.000000e+00 5.800000e+01
      vertex   -7.521690e+00 -2.000000e+00 5.099443e+01
    endloop
  endfacet
  facet normal -0.000000e+00 -1.000000e+00 0.000000e+00
    outer loop
      vertex   -7.521690e+00 -2.000000e+00 5.099443e+01
      vertex   -9.500000e+00 -2.000000e+00 5.800000e+01
      vertex   -7.575692e+00 -2.000000e+00 5.077784e+01
    endloop
  endfacet
  facet normal -0.000000e+00 -1.000000e+00 0.000000e+00
    outer loop
      vertex   -7.575692e+00 -2.000000e+00 5.077784e+01
      vertex   -9.500000e+00 -2.000000e+00 5.800000e+01
      vertex   -7.599025e+00 -2.000000e+00 5.055584e+01
    endloop
  endfacet
  facet normal 0.000000e+00 -1.000000e+00 0.000000e+00
    outer loop
      vertex   -7.599025e+00 -2.000000e+00 5.055584e+01
      vertex   -9.500000e+00 -2.000000e+00 5.800000e+01
      vertex   -1.000000e+01 -2.000000e+00 5.750000e+01
    endloop
  endfacet
  facet normal -0.000000e+00 -1.000000e+00 -0.000000e+00
    outer loop
      vertex   -7.599025e+00 -2.000000e+00 5.055584e+01
      vertex   -1.000000e+01 -2.000000e+00 5.750000e+01
      vertex   -7.591235e+00 -2.000000e+00 5.033275e+01
    endloop
  endfacet
  facet normal -0.000000e+00 -1.000000e+00 -0.000000e+00
    outer loop
      vertex   -7.591235e+00 -2.000000e+00 5.033275e+01
      vertex   -1.000000e+01 -2.000000e+00 5.750000e+01
      vertex   -7.552473e+00 -2.000000e+00 5.011292e+01
    endloop
  endfacet
  facet normal -0.000000e+00 -1.000000e+00 0.000000e+00
    outer loop
      vertex   -7.552473e+00 -2.000000e+00 5.011292e+01
      vertex   -1.000000e+01 -2.000000e+00 5.750000e+01
      vertex   -1.000000e+01 -2.000000e+00 -1.450000e+01
    endloop
  endfacet
  facet normal 0.000000e+00 -1.000000e+00 -0.000000e+00
    outer loop
      vertex   -7.552473e+00 -2.000000e+00 5.011292e+01
      vertex   -1.000000e+01 -2.000000e+00 -1.450000e+01
      vertex   -7.483494e+00 -2.000000e+00 4.990063e+01
    endloop
  endfacet
  facet normal 0.000000e+00 -1.000000e+00 -0.000000e+00
    outer loop
      vertex   -7.483494e+00 -2.000000e+00 4.990063e+01
      vertex   -1.000000e+01 -2.000000e+00 -1.450000e+01
      vertex   -7.385641e+00 -2.000000e+00 4.970000e+01
    endloop
  endfacet
  facet normal 0.000000e+00 -1.000000e+00 -0.000000e+00
    outer loop
      vertex   -7.385641e+00 -2.000000e+00 4.970000e+01
      vertex   -1.000000e+01 -2.000000e+00 -1.450000e+01
      vertex   -7.260817e+00 -2.000000e+00 4.951494e+01
    endloop
  endfacet
  facet normal 0.000000e+00 -1.000000e+00 0.000000e+00
    outer loop
      vertex   -7.260817e+00 -2.000000e+00 4.951494e+01
      vertex   -1.000000e+01 -2.000000e+00 -1.450000e+01
      vertex   -7.326460e+00 -2.000000e+00 -1.260529e+01
    endloop
  endfacet
  facet normal 0.000000e+00 -1.000000e+00 -0.000000e+00
    outer loop
      vertex   -7.260817e+00 -2.000000e+00 4.951494e+01
      vertex   -7.326460e+00 -2.000000e+00 -1.260529e+01
      vertex   -7.189032e+00 -2.000000e+00 -1.242939e+01
    endloop
  endfacet
  facet normal 0.000000e+00 -1.000000e+00 0.000000e+00
    outer loop
      vertex   -9.500000e+00 -2.000000e+00 5.800000e+01
      vertex   -9.586824e+00 -2.000000e+00 5.799240e+01
      vertex   -1.000000e+01 -2.000000e+00 5.750000e+01
    endloop
  endfacet
  facet normal 0.000000e+00 -1.000000e+00 0.000000e+00
    outer loop
      vertex   -1.000000e+01 -2.000000e+00 5.750000e+01
      vertex   -9.586824e+00 -2.000000e+00 5.799240e+01
      vertex   -9.671010e+00 -2.000000e+00 5.796985e+01
    endloop
  endfacet
  facet normal 0.000000e+00 -1.000000e+00 0.000000e+00
    outer loop
      vertex   -1.000000e+01 -2.000000e+00 5.750000e+01
      vertex   -9.671010e+00 -2.000000e+00 5.796985e+01
      vertex   -9.750000e+00 -2.000000e+00 5.793301e+01
    endloop
  endfacet
  facet normal 0.000000e+00 -1.000000e+00 0.000000e+00
    outer loop
      vertex   -9.750000e+00 -2.000000e+00 5.793301e+01
      vertex   -9.821394e+00 -2.000000e+00 5.788302e+01
      vertex   -1.000000e+01 -2.000000e+00 5.750000e+01
    endloop
  endfacet
  facet normal 0.000000e+00 -1.000000e+00 0.000000e+00
    outer loop
      vertex   -1.000000e+01 -2.000000e+00 5.750000e+01
      vertex   -9.821394e+00 -2.000000e+00 5.788302e+01
      vertex   -9.883022e+00 -2.000000e+00 5.782139e+01
    endloop
  endfacet
  facet normal 0.000000e+00 -1.000000e+00 0.000000e+00
    outer loop
      vertex   -1.000000e+01 -2.000000e+00 5.750000e+01
      vertex   -9.883022e+00 -2.000000e+00 5.782139e+01
      vertex   -9.933013e+00 -2.000000e+00 5.775000e+01
    endloop
  endfacet
  facet normal 0.000000e+00 -1.000000e+00 0.000000e+00
    outer loop
      vertex   -9.933013e+00 -2.000000e+00 5.775000e+01
      vertex   -9.969846e+00 -2.000000e+00 5.767101e+01
      vertex   -1.000000e+01 -2.000000e+00 5.750000e+01
    endloop
  endfacet
  facet normal 0.000000e+00 -1.000000e+00 0.000000e+00
    outer loop
      vertex   -1.000000e+01 -2.000000e+00 5.750000e+01
      vertex   -9.969846e+00 -2.000000e+00 5.767101e+01
      vertex   -9.992404e+00 -2.000000e+00 5.758682e+01
    endloop
  endfacet
  facet normal 0.000000e+00 -1.000000e+00 0.000000e+00
    outer loop
      vertex   -9.985554e+00 -2.000000e+00 -1.479405e+01
      vertex   -9.942356e+00 -2.000000e+00 -1.508527e+01
      vertex   -1.000000e+01 -2.000000e+00 -1.450000e+01
    endloop
  endfacet
  facet normal 0.000000e+00 -1.000000e+00 0.000000e+00
    outer loop
      vertex   -1.000000e+01 -2.000000e+00 -1.450000e+01
      vertex   -9.942356e+00 -2.000000e+00 -1.508527e+01
      vertex   -9.870821e+00 -2.000000e+00 -1.537085e+01
    endloop
  endfacet
  facet normal 0.000000e+00 -1.000000e+00 0.000000e+00
    outer loop
      vertex   -1.000000e+01 -2.000000e+00 -1.450000e+01
      vertex   -9.870821e+00 -2.000000e+00 -1.537085e+01
      vertex   -9.771639e+00 -2.000000e+00 -1.564805e+01
    endloop
  endfacet
  facet normal 0.000000e+00 -1.000000e+00 0.000000e+00
    outer loop
      vertex   -9.771639e+00 -2.000000e+00 -1.564805e+01
      vertex   -9.645764e+00 -2.000000e+00 -1.591419e+01
      vertex   -1.000000e+01 -2.000000e+00 -1.450000e+01
    endloop
  endfacet
  facet normal 0.000000e+00 -1.000000e+00 0.000000e+00
    outer loop
      vertex   -1.000000e+01 -2.000000e+00 -1.450000e+01
      vertex   -9.645764e+00 -2.000000e+00 -1.591419e+01
      vertex   -9.494409e+00 -2.000000e+00 -1.616671e+01
    endloop
  endfacet
  facet normal 0.000000e+00 -1.000000e+00 0.000000e+00
    outer loop
      vertex   -1.000000e+01 -2.000000e+00 -1.450000e+01
      vertex   -9.494409e+00 -2.000000e+00 -1.616671e+01
      vertex   -9.319031e+00 -2.000000e+00 -1.640318e+01
    endloop
  endfacet
  facet normal 0.000000e+00 -1.000000e+00 0.000000e+00
    outer loop
      vertex   -1.000000e+01 -2.000000e+00 -1.450000e+01
      vertex   -9.319031e+00 -2.000000e+00 -1.640318e+01
      vertex   -7.599025e+00 -2.000000e+00 -1.344416e+01
    endloop
  endfacet
  facet normal 0.000000e+00 -1.000000e+00 0.000000e+00
    outer loop
      vertex   -7.599025e+00 -2.000000e+00 -1.344416e+01
      vertex   -9.319031e+00 -2.000000e+00 -1.640318e+01
      vertex   -9.121320e+00 -2.000000e+00 -1.662132e+01
    endloop
  endfacet
  facet normal 0.000000e+00 -1.000000e+00 0.000000e+00
    outer loop
      vertex   -7.599025e+00 -2.000000e+00 -1.344416e+01
      vertex   -9.121320e+00 -2.000000e+00 -1.662132e+01
      vertex   -8.903180e+00 -2.000000e+00 -1.681903e+01
    endloop
  endfacet
  facet normal 0.000000e+00 -1.000000e+00 0.000000e+00
    outer loop
      vertex   -8.903180e+00 -2.000000e+00 -1.681903e+01
      vertex   -8.666711e+00 -2.000000e+00 -1.699441e+01
      vertex   -7.599025e+00 -2.000000e+00 -1.344416e+01
    endloop
  endfacet
  facet normal 0.000000e+00 -1.000000e+00 -0.000000e+00
    outer loop
      vertex   -7.599025e+00 -2.000000e+00 -1.344416e+01
      vertex   -8.666711e+00 -2.000000e+00 -1.699441e+01
      vertex   -7.591235e+00 -2.000000e+00 -1.366725e+01
    endloop
  endfacet
  facet normal 0.000000e+00 -1.000000e+00 0.000000e+00
    outer loop
      vertex   -7.591235e+00 -2.000000e+00 -1.366725e+01
      vertex   -8.666711e+00 -2.000000e+00 -1.699441e+01
      vertex   -8.414190e+00 -2.000000e+00 -1.714576e+01
    endloop
  endfacet
  facet normal 0.000000e+00 -1.000000e+00 0.000000e+00
    outer loop
      vertex   -7.591235e+00 -2.000000e+00 -1.366725e+01
      vertex   -8.414190e+00 -2.000000e+00 -1.714576e+01
      vertex   -8.148050e+00 -2.000000e+00 -1.727164e+01
    endloop
  endfacet
  facet normal 0.000000e+00 -1.000000e+00 -0.000000e+00
    outer loop
      vertex   -7.591235e+00 -2.000000e+00 -1.366725e+01
      vertex   -8.148050e+00 -2.000000e+00 -1.727164e+01
      vertex   -7.552473e+00 -2.000000e+00 -1.388708e+01
    endloop
  endfacet
  facet normal 0.000000e+00 -1.000000e+00 0.000000e+00
    outer loop
      vertex   -7.552473e+00 -2.000000e+00 -1.388708e+01
      vertex   -8.148050e+00 -2.000000e+00 -1.727164e+01
      vertex   -7.870854e+00 -2.000000e+00 -1.737082e+01
    endloop
  endfacet
  facet normal 0.000000e+00 -1.000000e+00 -0.000000e+00
    outer loop
      vertex   -7.552473e+00 -2.000000e+00 -1.388708e+01
      vertex   -7.870854e+00 -2.000000e+00 -1.737082e+01
      vertex   -7.483494e+00 -2.000000e+00 -1.409937e+01
    endloop
  endfacet
  facet normal 0.000000e+00 -1.000000e+00 0.000000e+00
    outer loop
      vertex   -7.483494e+00 -2.000000e+00 -1.409937e+01
      vertex   -7.870854e+00 -2.000000e+00 -1.737082e+01
      vertex   -7.585271e+00 -2.000000e+00 -1.744236e+01
    endloop
  endfacet
  facet normal 0.000000e+00 -1.000000e+00 -0.000000e+00
    outer loop
      vertex   -7.483494e+00 -2.000000e+00 -1.409937e+01
      vertex   -7.585271e+00 -2.000000e+00 -1.744236e+01
      vertex   -7.385641e+00 -2.000000e+00 -1.430000e+01
    endloop
  endfacet
  facet normal 0.000000e+00 -1.000000e+00 -0.000000e+00
    outer loop
      vertex   -7.385641e+00 -2.000000e+00 -1.430000e+01
      vertex   -7.585271e+00 -2.000000e+00 -1.744236e+01
      vertex   -7.260817e+00 -2.000000e+00 -1.448506e+01
    endloop
  endfacet
  facet normal 0.000000e+00 -1.000000e+00 0.000000e+00
    outer loop
      vertex   -7.260817e+00 -2.000000e+00 -1.448506e+01
      vertex   -7.585271e+00 -2.000000e+00 -1.744236e+01
      vertex   -7.294051e+00 -2.000000e+00 -1.748555e+01
    endloop
  endfacet
  facet normal 0.000000e+00 -1.000000e+00 -0.000000e+00
    outer loop
      vertex   -7.260817e+00 -2.000000e+00 -1.448506e+01
      vertex   -7.294051e+00 -2.000000e+00 -1.748555e+01
      vertex   -7.111453e+00 -2.000000e+00 -1.465094e+01
    endloop
  endfacet
  facet normal 0.000000e+00 -1.000000e+00 -0.000000e+00
    outer loop
      vertex   -7.111453e+00 -2.000000e+00 -1.465094e+01
      vertex   -7.294051e+00 -2.000000e+00 -1.748555e+01
      vertex   -7.000000e+00 -2.000000e+00 -1.750000e+01
    endloop
  endfacet
  facet normal 0.000000e+00 -1.000000e+00 0.000000e+00
    outer loop
      vertex   -7.111453e+00 -2.000000e+00 -1.465094e+01
      vertex   -7.000000e+00 -2.000000e+00 -1.750000e+01
      vertex   -6.940456e+00 -2.000000e+00 -1.479443e+01
    endloop
  endfacet
  facet normal 0.000000e+00 -1.000000e+00 -0.000000e+00
    outer loop
      vertex   -6.940456e+00 -2.000000e+00 -1.479443e+01
      vertex   -7.000000e+00 -2.000000e+00 -1.750000e+01
      vertex   -6.751155e+00 -2.000000e+00 -1.491272e+01
    endloop
  endfacet
  facet normal 0.000000e+00 -1.000000e+00 -0.000000e+00
    outer loop
      vertex   -6.751155e+00 -2.000000e+00 -1.491272e+01
      vertex   -7.000000e+00 -2.000000e+00 -1.750000e+01
      vertex   -6.547232e+00 -2.000000e+00 -1.500351e+01
    endloop
  endfacet
  facet normal 0.000000e+00 -1.000000e+00 -0.000000e+00
    outer loop
      vertex   -6.547232e+00 -2.000000e+00 -1.500351e+01
      vertex   -7.000000e+00 -2.000000e+00 -1.750000e+01
      vertex   -6.332659e+00 -2.000000e+00 -1.506504e+01
    endloop
  endfacet
  facet normal 0.000000e+00 -1.000000e+00 -0.000000e+00
    outer loop
      vertex   -6.332659e+00 -2.000000e+00 -1.506504e+01
      vertex   -7.000000e+00 -2.000000e+00 -1.750000e+01
      vertex   -6.111610e+00 -2.000000e+00 -1.509610e+01
    endloop
  endfacet
  facet normal 0.000000e+00 -1.000000e+00 -0.000000e+00
    outer loop
      vertex   -6.111610e+00 -2.000000e+00 -1.509610e+01
      vertex   -7.000000e+00 -2.000000e+00 -1.750000e+01
      vertex   -5.888390e+00 -2.000000e+00 -1.509610e+01
    endloop
  endfacet
  facet normal 0.000000e+00 -1.000000e+00 -0.000000e+00
    outer loop
      vertex   -5.888390e+00 -2.000000e+00 -1.509610e+01
      vertex   -7.000000e+00 -2.000000e+00 -1.750000e+01
      vertex   -5.667341e+00 -2.000000e+00 -1.506504e+01
    endloop
  endfacet
  facet normal 0.000000e+00 -1.000000e+00 -0.000000e+00
    outer loop
      vertex   -5.667341e+00 -2.000000e+00 -1.506504e+01
      vertex   -7.000000e+00 -2.000000e+00 -1.750000e+01
      vertex   -5.452768e+00 -2.000000e+00 -1.500351e+01
    endloop
  endfacet
  facet normal 0.000000e+00 -1.000000e+00 -0.000000e+00
    outer loop
      vertex   -5.452768e+00 -2.000000e+00 -1.500351e+01
      vertex   -7.000000e+00 -2.000000e+00 -1.750000e+01
      vertex   -5.248845e+00 -2.000000e+00 -1.491272e+01
    endloop
  endfacet
  facet normal 0.000000e+00 -1.000000e+00 -0.000000e+00
    outer loop
      vertex   -5.248845e+00 -2.000000e+00 -1.491272e+01
      vertex   -7.000000e+00 -2.000000e+00 -1.750000e+01
      vertex   -5.059544e+00 -2.000000e+00 -1.479443e+01
    endloop
  endfacet
  facet normal 0.000000e+00 -1.000000e+00 -0.000000e+00
    outer loop
      vertex   -5.059544e+00 -2.000000e+00 -1.479443e+01
      vertex   -7.000000e+00 -2.000000e+00 -1.750000e+01
      vertex   -4.888547e+00 -2.000000e+00 -1.465094e+01
    endloop
  endfacet
  facet normal 0.000000e+00 -1.000000e+00 -0.000000e+00
    outer loop
      vertex   -4.888547e+00 -2.000000e+00 -1.465094e+01
      vertex   -7.000000e+00 -2.000000e+00 -1.750000e+01
      vertex   4.888547e+00 -2.000000e+00 -1.465094e+01
    endloop
  endfacet
  facet normal 0.000000e+00 -1.000000e+00 0.000000e+00
    outer loop
      vertex   -4.888547e+00 -2.000000e+00 -1.465094e+01
      vertex   4.888547e+00 -2.000000e+00 -1.465094e+01
      vertex   -4.739183e+00 -2.000000e+00 -1.448506e+01
    endloop
  endfacet
  facet normal 0.000000e+00 -1.000000e+00 0.000000e+00
    outer loop
      vertex   -4.739183e+00 -2.000000e+00 -1.448506e+01
      vertex   4.888547e+00 -2.000000e+00 -1.465094e+01
      vertex   4.739183e+00 -2.000000e+00 -1.448506e+01
    endloop
  endfacet
  facet normal 0.000000e+00 -1.000000e+00 0.000000e+00
    outer loop
      vertex   -4.739183e+00 -2.000000e+00 -1.448506e+01
      vertex   4.739183e+00 -2.000000e+00 -1.448506e+01
      vertex   4.614359e+00 -2.000000e+00 -1.430000e+01
    endloop
  endfacet
  facet normal 0.000000e+00 -1.000000e+00 0.000000e+00
    outer loop
      vertex   -7.000000e+00 -2.000000e+00 -1.750000e+01
      vertex   7.000000e+00 -2.000000e+00 -1.750000e+01
      vertex   4.888547e+00 -2.000000e+00 -1.465094e+01
    endloop
  endfacet
  facet normal 0.000000e+00 -1.000000e+00 0.000000e+00
    outer loop
      vertex   4.888547e+00 -2.000000e+00 -1.465094e+01
      vertex   7.000000e+00 -2.000000e+00 -1.750000e+01
      vertex   5.059544e+00 -2.000000e+00 -1.479443e+01
    endloop
  endfacet
  facet normal 0.000000e+00 -1.000000e+00 0.000000e+00
    outer loop
      vertex   5.059544e+00 -2.000000e+00 -1.479443e+01
      vertex   7.000000e+00 -2.000000e+00 -1.750000e+01
      vertex   5.248845e+00 -2.000000e+00 -1.491272e+01
    endloop
  endfacet
  facet normal 0.000000e+00 -1.000000e+00 0.000000e+00
    outer loop
      vertex   5.248845e+00 -2.000000e+00 -1.491272e+01
      vertex   7.000000e+00 -2.000000e+00 -1.750000e+01
      vertex   5.452768e+00 -2.000000e+00 -1.500351e+01
    endloop
  endfacet
  facet normal 0.000000e+00 -1.000000e+00 0.000000e+00
    outer loop
      vertex   5.452768e+00 -2.000000e+00 -1.500351e+01
      vertex   7.000000e+00 -2.000000e+00 -1.750000e+01
      vertex   5.667341e+00 -2.000000e+00 -1.506504e+01
    endloop
  endfacet
  facet normal 0.000000e+00 -1.000000e+00 0.000000e+00
    outer loop
      vertex   5.667341e+00 -2.000000e+00 -1.506504e+01
      vertex   7.000000e+00 -2.000000e+00 -1.750000e+01
      vertex   5.888390e+00 -2.000000e+00 -1.509610e+01
    endloop
  endfacet
  facet normal 0.000000e+00 -1.000000e+00 0.000000e+00
    outer loop
      vertex   5.888390e+00 -2.000000e+00 -1.509610e+01
      vertex   7.000000e+00 -2.000000e+00 -1.750000e+01
      vertex   6.111610e+00 -2.000000e+00 -1.509610e+01
    endloop
  endfacet
  facet normal 0.000000e+00 -1.000000e+00 0.000000e+00
    outer loop
      vertex   6.111610e+00 -2.000000e+00 -1.509610e+01
      vertex   7.000000e+00 -2.000000e+00 -1.750000e+01
      vertex   6.332659e+00 -2.000000e+00 -1.506504e+01
    endloop
  endfacet
  facet normal 0.000000e+00 -1.000000e+00 0.000000e+00
    outer loop
      vertex   6.332659e+00 -2.000000e+00 -1.506504e+01
      vertex   7.000000e+00 -2.000000e+00 -1.750000e+01
      vertex   6.547232e+00 -2.000000e+00 -1.500351e+01
    endloop
  endfacet
  facet normal 0.000000e+00 -1.000000e+00 0.000000e+00
    outer loop
      vertex   6.547232e+00 -2.000000e+00 -1.500351e+01
      vertex   7.000000e+00 -2.000000e+00 -1.750000e+01
      vertex   6.751155e+00 -2.000000e+00 -1.491272e+01
    endloop
  endfacet
  facet normal 0.000000e+00 -1.000000e+00 0.000000e+00
    outer loop
      vertex   6.751155e+00 -2.000000e+00 -1.491272e+01
      vertex   7.000000e+00 -2.000000e+00 -1.750000e+01
      vertex   6.940456e+00 -2.000000e+00 -1.479443e+01
    endloop
  endfacet
  facet normal 0.000000e+00 -1.000000e+00 0.000000e+00
    outer loop
      vertex   6.940456e+00 -2.000000e+00 -1.479443e+01
      vertex   7.000000e+00 -2.000000e+00 -1.750000e+01
      vertex   7.111453e+00 -2.000000e+00 -1.465094e+01
    endloop
  endfacet
  facet normal 0.000000e+00 -1.000000e+00 -0.000000e+00
    outer loop
      vertex   7.111453e+00 -2.000000e+00 -1.465094e+01
      vertex   7.000000e+00 -2.000000e+00 -1.750000e+01
      vertex   7.294051e+00 -2.000000e+00 -1.748555e+01
    endloop
  endfacet
  facet normal 0.000000e+00 -1.000000e+00 0.000000e+00
    outer loop
      vertex   7.111453e+00 -2.000000e+00 -1.465094e+01
      vertex   7.294051e+00 -2.000000e+00 -1.748555e+01
      vertex   7.260817e+00 -2.000000e+00 -1.448506e+01
    endloop
  endfacet
  facet normal 0.000000e+00 -1.000000e+00 0.000000e+00
    outer loop
      vertex   7.260817e+00 -2.000000e+00 -1.448506e+01
      vertex   7.294051e+00 -2.000000e+00 -1.748555e+01
      vertex   7.585271e+00 -2.000000e+00 -1.744236e+01
    endloop
  endfacet
  facet normal 0.000000e+00 -1.000000e+00 0.000000e+00
    outer loop
      vertex   7.260817e+00 -2.000000e+00 -1.448506e+01
      vertex   7.585271e+00 -2.000000e+00 -1.744236e+01
      vertex   7.385641e+00 -2.000000e+00 -1.430000e+01
    endloop
  endfacet
  facet normal 0.000000e+00 -1.000000e+00 0.000000e+00
    outer loop
      vertex   7.385641e+00 -2.000000e+00 -1.430000e+01
      vertex   7.585271e+00 -2.000000e+00 -1.744236e+01
      vertex   7.483494e+00 -2.000000e+00 -1.409937e+01
    endloop
  endfacet
  facet normal 0.000000e+00 -1.000000e+00 0.000000e+00
    outer loop
      vertex   7.483494e+00 -2.000000e+00 -1.409937e+01
      vertex   7.585271e+00 -2.000000e+00 -1.744236e+01
      vertex   7.870854e+00 -2.000000e+00 -1.737082e+01
    endloop
  endfacet
  facet normal 0.000000e+00 -1.000000e+00 0.000000e+00
    outer loop
      vertex   7.483494e+00 -2.000000e+00 -1.409937e+01
      vertex   7.870854e+00 -2.000000e+00 -1.737082e+01
      vertex   7.552473e+00 -2.000000e+00 -1.388708e+01
    endloop
  endfacet
  facet normal 0.000000e+00 -1.000000e+00 0.000000e+00
    outer loop
      vertex   7.552473e+00 -2.000000e+00 -1.388708e+01
      vertex   7.870854e+00 -2.000000e+00 -1.737082e+01
      vertex   8.148050e+00 -2.000000e+00 -1.727164e+01
    endloop
  endfacet
  facet normal 0.000000e+00 -1.000000e+00 0.000000e+00
    outer loop
      vertex   7.552473e+00 -2.000000e+00 -1.388708e+01
      vertex   8.148050e+00 -2.000000e+00 -1.727164e+01
      vertex   7.591235e+00 -2.000000e+00 -1.366725e+01
    endloop
  endfacet
  facet normal 0.000000e+00 -1.000000e+00 0.000000e+00
    outer loop
      vertex   7.591235e+00 -2.000000e+00 -1.366725e+01
      vertex   8.148050e+00 -2.000000e+00 -1.727164e+01
      vertex   8.414190e+00 -2.000000e+00 -1.714576e+01
    endloop
  endfacet
  facet normal 0.000000e+00 -1.000000e+00 0.000000e+00
    outer loop
      vertex   7.591235e+00 -2.000000e+00 -1.366725e+01
      vertex   8.414190e+00 -2.000000e+00 -1.714576e+01
      vertex   8.666711e+00 -2.000000e+00 -1.699441e+01
    endloop
  endfacet
  facet normal 0.000000e+00 -1.000000e+00 0.000000e+00
    outer loop
      vertex   7.591235e+00 -2.000000e+00 -1.366725e+01
      vertex   8.666711e+00 -2.000000e+00 -1.699441e+01
      vertex   7.599025e+00 -2.000000e+00 -1.344416e+01
    endloop
  endfacet
  facet normal 0.000000e+00 -1.000000e+00 0.000000e+00
    outer loop
      vertex   7.599025e+00 -2.000000e+00 -1.344416e+01
      vertex   8.666711e+00 -2.000000e+00 -1.699441e+01
      vertex   8.903180e+00 -2.000000e+00 -1.681903e+01
    endloop
  endfacet
  facet normal 0.000000e+00 -1.000000e+00 0.000000e+00
    outer loop
      vertex   7.599025e+00 -2.000000e+00 -1.344416e+01
      vertex   8.903180e+00 -2.000000e+00 -1.681903e+01
      vertex   9.121320e+00 -2.000000e+00 -1.662132e+01
    endloop
  endfacet
  facet normal 0.000000e+00 -1.000000e+00 0.000000e+00
    outer loop
      vertex   9.121320e+00 -2.000000e+00 -1.662132e+01
      vertex   9.319031e+00 -2.000000e+00 -1.640318e+01
      vertex   7.599025e+00 -2.000000e+00 -1.344416e+01
    endloop
  endfacet
  facet normal 0.000000e+00 -1.000000e+00 0.000000e+00
    outer loop
      vertex   7.599025e+00 -2.000000e+00 -1.344416e+01
      vertex   9.319031e+00 -2.000000e+00 -1.640318e+01
      vertex   1.000000e+01 -2.000000e+00 -1.450000e+01
    endloop
  endfacet
  facet normal 0.000000e+00 -1.000000e+00 0.000000e+00
    outer loop
      vertex   7.599025e+00 -2.000000e+00 -1.344416e+01
      vertex   1.000000e+01 -2.000000e+00 -1.450000e+01
      vertex   7.575692e+00 -2.000000e+00 -1.322216e+01
    endloop
  endfacet
  facet normal 0.000000e+00 -1.000000e+00 0.000000e+00
    outer loop
      vertex   7.575692e+00 -2.000000e+00 -1.322216e+01
      vertex   1.000000e+01 -2.000000e+00 -1.450000e+01
      vertex   7.521690e+00 -2.000000e+00 -1.300557e+01
    endloop
  endfacet
  facet normal 0.000000e+00 -1.000000e+00 0.000000e+00
    outer loop
      vertex   7.521690e+00 -2.000000e+00 -1.300557e+01
      vertex   1.000000e+01 -2.000000e+00 -1.450000e+01
      vertex   7.438070e+00 -2.000000e+00 -1.279861e+01
    endloop
  endfacet
  facet normal 0.000000e+00 -1.000000e+00 0.000000e+00
    outer loop
      vertex   7.438070e+00 -2.000000e+00 -1.279861e+01
      vertex   1.000000e+01 -2.000000e+00 -1.450000e+01
      vertex   7.326460e+00 -2.000000e+00 -1.260529e+01
    endloop
  endfacet
  facet normal 0.000000e+00 -1.000000e+00 0.000000e+00
    outer loop
      vertex   7.326460e+00 -2.000000e+00 -1.260529e+01
      vertex   1.000000e+01 -2.000000e+00 -1.450000e+01
      vertex   7.260817e+00 -2.000000e+00 4.951494e+01
    endloop
  endfacet
  facet normal 0.000000e+00 -1.000000e+00 0.000000e+00
    outer loop
      vertex   7.326460e+00 -2.000000e+00 -1.260529e+01
      vertex   7.260817e+00 -2.000000e+00 4.951494e+01
      vertex   7.189032e+00 -2.000000e+00 -1.242939e+01
    endloop
  endfacet
  facet normal 0.000000e+00 -1.000000e+00 0.000000e+00
    outer loop
      vertex   7.189032e+00 -2.000000e+00 -1.242939e+01
      vertex   7.260817e+00 -2.000000e+00 4.951494e+01
      vertex   7.111453e+00 -2.000000e+00 4.934906e+01
    endloop
  endfacet
  facet normal 0.000000e+00 -1.000000e+00 0.000000e+00
    outer loop
      vertex   7.189032e+00 -2.000000e+00 -1.242939e+01
      vertex   7.111453e+00 -2.000000e+00 4.934906e+01
      vertex   7.028460e+00 -2.000000e+00 -1.227433e+01
    endloop
  endfacet
  facet normal 0.000000e+00 -1.000000e+00 0.000000e+00
    outer loop
      vertex   7.028460e+00 -2.000000e+00 -1.227433e+01
      vertex   7.111453e+00 -2.000000e+00 4.934906e+01
      vertex   6.940456e+00 -2.000000e+00 4.920557e+01
    endloop
  endfacet
  facet normal 0.000000e+00 -1.000000e+00 0.000000e+00
    outer loop
      vertex   7.028460e+00 -2.000000e+00 -1.227433e+01
      vertex   6.940456e+00 -2.000000e+00 4.920557e+01
      vertex   6.847871e+00 -2.000000e+00 -1.214312e+01
    endloop
  endfacet
  facet normal 0.000000e+00 -1.000000e+00 0.000000e+00
    outer loop
      vertex   6.847871e+00 -2.000000e+00 -1.214312e+01
      vertex   6.940456e+00 -2.000000e+00 4.920557e+01
      vertex   6.751155e+00 -2.000000e+00 4.908728e+01
    endloop
  endfacet
  facet normal 0.000000e+00 -1.000000e+00 0.000000e+00
    outer loop
      vertex   6.847871e+00 -2.000000e+00 -1.214312e+01
      vertex   6.751155e+00 -2.000000e+00 4.908728e+01
      vertex   6.650779e+00 -2.000000e+00 -1.203833e+01
    endloop
  endfacet
  facet normal 0.000000e+00 -1.000000e+00 0.000000e+00
    outer loop
      vertex   6.650779e+00 -2.000000e+00 -1.203833e+01
      vertex   6.751155e+00 -2.000000e+00 4.908728e+01
      vertex   6.547232e+00 -2.000000e+00 4.899649e+01
    endloop
  endfacet
  facet normal 0.000000e+00 -1.000000e+00 0.000000e+00
    outer loop
      vertex   6.650779e+00 -2.000000e+00 -1.203833e+01
      vertex   6.547232e+00 -2.000000e+00 4.899649e+01
      vertex   6.441020e+00 -2.000000e+00 -1.196198e+01
    endloop
  endfacet
  facet normal 0.000000e+00 -1.000000e+00 0.000000e+00
    outer loop
      vertex   6.441020e+00 -2.000000e+00 -1.196198e+01
      vertex   6.547232e+00 -2.000000e+00 4.899649e+01
      vertex   6.332659e+00 -2.000000e+00 4.893496e+01
    endloop
  endfacet
  facet normal 0.000000e+00 -1.000000e+00 0.000000e+00
    outer loop
      vertex   6.441020e+00 -2.000000e+00 -1.196198e+01
      vertex   6.332659e+00 -2.000000e+00 4.893496e+01
      vertex   6.222677e+00 -2.000000e+00 -1.191557e+01
    endloop
  endfacet
  facet normal 0.000000e+00 -1.000000e+00 0.000000e+00
    outer loop
      vertex   6.222677e+00 -2.000000e+00 -1.191557e+01
      vertex   6.332659e+00 -2.000000e+00 4.893496e+01
      vertex   6.111610e+00 -2.000000e+00 4.890390e+01
    endloop
  endfacet
  facet normal 0.000000e+00 -1.000000e+00 0.000000e+00
    outer loop
      vertex   6.222677e+00 -2.000000e+00 -1.191557e+01
      vertex   6.111610e+00 -2.000000e+00 4.890390e+01
      vertex   6.000000e+00 -2.000000e+00 -1.190000e+01
    endloop
  endfacet
  facet normal 0.000000e+00 -1.000000e+00 0.000000e+00
    outer loop
      vertex   6.000000e+00 -2.000000e+00 -1.190000e+01
      vertex   6.111610e+00 -2.000000e+00 4.890390e+01
      vertex   5.888390e+00 -2.000000e+00 4.890390e+01
    endloop
  endfacet
  facet normal -0.000000e+00 -1.000000e+00 0.000000e+00
    outer loop
      vertex   6.000000e+00 -2.000000e+00 -1.190000e+01
      vertex   5.888390e+00 -2.000000e+00 4.890390e+01
      vertex   5.777323e+00 -2.000000e+00 -1.191557e+01
    endloop
  endfacet
  facet normal 0.000000e+00 -1.000000e+00 0.000000e+00
    outer loop
      vertex   5.777323e+00 -2.000000e+00 -1.191557e+01
      vertex   5.888390e+00 -2.000000e+00 4.890390e+01
      vertex   5.667341e+00 -2.000000e+00 4.893496e+01
    endloop
  endfacet
  facet normal -0.000000e+00 -1.000000e+00 0.000000e+00
    outer loop
      vertex   5.777323e+00 -2.000000e+00 -1.191557e+01
      vertex   5.667341e+00 -2.000000e+00 4.893496e+01
      vertex   5.558980e+00 -2.000000e+00 -1.196198e+01
    endloop
  endfacet
  facet normal 0.000000e+00 -1.000000e+00 0.000000e+00
    outer loop
      vertex   5.558980e+00 -2.000000e+00 -1.196198e+01
      vertex   5.667341e+00 -2.000000e+00 4.893496e+01
      vertex   5.452768e+00 -2.000000e+00 4.899649e+01
    endloop
  endfacet
  facet normal -0.000000e+00 -1.000000e+00 0.000000e+00
    outer loop
      vertex   5.558980e+00 -2.000000e+00 -1.196198e+01
      vertex   5.452768e+00 -2.000000e+00 4.899649e+01
      vertex   5.349221e+00 -2.000000e+00 -1.203833e+01
    endloop
  endfacet
  facet normal 0.000000e+00 -1.000000e+00 0.000000e+00
    outer loop
      vertex   5.349221e+00 -2.000000e+00 -1.203833e+01
      vertex   5.452768e+00 -2.000000e+00 4.899649e+01
      vertex   5.248845e+00 -2.000000e+00 4.908728e+01
    endloop
  endfacet
  facet normal -0.000000e+00 -1.000000e+00 0.000000e+00
    outer loop
      vertex   5.349221e+00 -2.000000e+00 -1.203833e+01
      vertex   5.248845e+00 -2.000000e+00 4.908728e+01
      vertex   5.152129e+00 -2.000000e+00 -1.214312e+01
    endloop
  endfacet
  facet normal 0.000000e+00 -1.000000e+00 0.000000e+00
    outer loop
      vertex   5.152129e+00 -2.000000e+00 -1.214312e+01
      vertex   5.248845e+00 -2.000000e+00 4.908728e+01
      vertex   5.059544e+00 -2.000000e+00 4.920557e+01
    endloop
  endfacet
  facet normal -0.000000e+00 -1.000000e+00 0.000000e+00
    outer loop
      vertex   5.152129e+00 -2.000000e+00 -1.214312e+01
      vertex   5.059544e+00 -2.000000e+00 4.920557e+01
      vertex   4.971540e+00 -2.000000e+00 -1.227433e+01
    endloop
  endfacet
  facet normal 0.000000e+00 -1.000000e+00 0.000000e+00
    outer loop
      vertex   4.971540e+00 -2.000000e+00 -1.227433e+01
      vertex   5.059544e+00 -2.000000e+00 4.920557e+01
      vertex   4.888547e+00 -2.000000e+00 4.934906e+01
    endloop
  endfacet
  facet normal -0.000000e+00 -1.000000e+00 0.000000e+00
    outer loop
      vertex   4.971540e+00 -2.000000e+00 -1.227433e+01
      vertex   4.888547e+00 -2.000000e+00 4.934906e+01
      vertex   4.810968e+00 -2.000000e+00 -1.242939e+01
    endloop
  endfacet
  facet normal 0.000000e+00 -1.000000e+00 0.000000e+00
    outer loop
      vertex   4.810968e+00 -2.000000e+00 -1.242939e+01
      vertex   4.888547e+00 -2.000000e+00 4.934906e+01
      vertex   4.739183e+00 -2.000000e+00 4.951494e+01
    endloop
  endfacet
  facet normal -0.000000e+00 -1.000000e+00 0.000000e+00
    outer loop
      vertex   4.810968e+00 -2.000000e+00 -1.242939e+01
      vertex   4.739183e+00 -2.000000e+00 4.951494e+01
      vertex   4.673540e+00 -2.000000e+00 -1.260529e+01
    endloop
  endfacet
  facet normal 0.000000e+00 -1.000000e+00 0.000000e+00
    outer loop
      vertex   4.673540e+00 -2.000000e+00 -1.260529e+01
      vertex   4.739183e+00 -2.000000e+00 4.951494e+01
      vertex   4.614359e+00 -2.000000e+00 4.970000e+01
    endloop
  endfacet
  facet normal -0.000000e+00 -1.000000e+00 0.000000e+00
    outer loop
      vertex   4.673540e+00 -2.000000e+00 -1.260529e+01
      vertex   4.614359e+00 -2.000000e+00 4.970000e+01
      vertex   4.561930e+00 -2.000000e+00 -1.279861e+01
    endloop
  endfacet
  facet normal 0.000000e+00 -1.000000e+00 0.000000e+00
    outer loop
      vertex   4.561930e+00 -2.000000e+00 -1.279861e+01
      vertex   4.614359e+00 -2.000000e+00 4.970000e+01
      vertex   4.516506e+00 -2.000000e+00 4.990063e+01
    endloop
  endfacet
  facet normal 0.000000e+00 -1.000000e+00 0.000000e+00
    outer loop
      vertex   4.561930e+00 -2.000000e+00 -1.279861e+01
      vertex   4.516506e+00 -2.000000e+00 4.990063e+01
      vertex   -4.516506e+00 -2.000000e+00 4.990063e+01
    endloop
  endfacet
  facet normal 0.000000e+00 -1.000000e+00 0.000000e+00
    outer loop
      vertex   -4.516506e+00 -2.000000e+00 4.990063e+01
      vertex   4.516506e+00 -2.000000e+00 4.990063e+01
      vertex   4.447527e+00 -2.000000e+00 5.011292e+01
    endloop
  endfacet
  facet normal 0.000000e+00 -1.000000e+00 0.000000e+00
    outer loop
      vertex   -4.516506e+00 -2.000000e+00 4.990063e+01
      vertex   4.447527e+00 -2.000000e+00 5.011292e+01
      vertex   -4.447527e+00 -2.000000e+00 5.011292e+01
    endloop
  endfacet
  facet normal 0.000000e+00 -1.000000e+00 0.000000e+00
    outer loop
      vertex   -4.447527e+00 -2.000000e+00 5.011292e+01
      vertex   4.447527e+00 -2.000000e+00 5.011292e+01
      vertex   4.408765e+00 -2.000000e+00 5.033275e+01
    endloop
  endfacet
  facet normal 0.000000e+00 -1.000000e+00 0.000000e+00
    outer loop
      vertex   -4.447527e+00 -2.000000e+00 5.011292e+01
      vertex   4.408765e+00 -2.000000e+00 5.033275e+01
      vertex   -4.408765e+00 -2.000000e+00 5.033275e+01
    endloop
  endfacet
  facet normal 0.000000e+00 -1.000000e+00 0.000000e+00
    outer loop
      vertex   -4.408765e+00 -2.000000e+00 5.033275e+01
      vertex   4.408765e+00 -2.000000e+00 5.033275e+01
      vertex   4.400975e+00 -2.000000e+00 5.055584e+01
    endloop
  endfacet
  facet normal 0.000000e+00 -1.000000e+00 0.000000e+00
    outer loop
      vertex   -4.408765e+00 -2.000000e+00 5.033275e+01
      vertex   4.400975e+00 -2.000000e+00 5.055584e+01
      vertex   -4.400975e+00 -2.000000e+00 5.055584e+01
    endloop
  endfacet
  facet normal 0.000000e+00 -1.000000e+00 0.000000e+00
    outer loop
      vertex   -4.400975e+00 -2.000000e+00 5.055584e+01
      vertex   4.400975e+00 -2.000000e+00 5.055584e+01
      vertex   -4.424308e+00 -2.000000e+00 5.077784e+01
    endloop
  endfacet
  facet normal 0.000000e+00 -1.000000e+00 0.000000e+00
    outer loop
      vertex   -4.424308e+00 -2.000000e+00 5.077784e+01
      vertex   4.400975e+00 -2.000000e+00 5.055584e+01
      vertex   4.424308e+00 -2.000000e+00 5.077784e+01
    endloop
  endfacet
  facet normal 0.000000e+00 -1.000000e+00 0.000000e+00
    outer loop
      vertex   -4.424308e+00 -2.000000e+00 5.077784e+01
      vertex   4.424308e+00 -2.000000e+00 5.077784e+01
      vertex   -4.478310e+00 -2.000000e+00 5.099443e+01
    endloop
  endfacet
  facet normal 0.000000e+00 -1.000000e+00 0.000000e+00
    outer loop
      vertex   -4.478310e+00 -2.000000e+00 5.099443e+01
      vertex   4.424308e+00 -2.000000e+00 5.077784e+01
      vertex   4.478310e+00 -2.000000e+00 5.099443e+01
    endloop
  endfacet
  facet normal 0.000000e+00 -1.000000e+00 0.000000e+00
    outer loop
      vertex   -4.478310e+00 -2.000000e+00 5.099443e+01
      vertex   4.478310e+00 -2.000000e+00 5.099443e+01
      vertex   -4.561930e+00 -2.000000e+00 5.120139e+01
    endloop
  endfacet
  facet normal 0.000000e+00 -1.000000e+00 0.000000e+00
    outer loop
      vertex   -4.561930e+00 -2.000000e+00 5.120139e+01
      vertex   4.478310e+00 -2.000000e+00 5.099443e+01
      vertex   4.561930e+00 -2.000000e+00 5.120139e+01
    endloop
  endfacet
  facet normal 0.000000e+00 -1.000000e+00 0.000000e+00
    outer loop
      vertex   -4.561930e+00 -2.000000e+00 5.120139e+01
      vertex   4.561930e+00 -2.000000e+00 5.120139e+01
      vertex   -4.673540e+00 -2.000000e+00 5.139471e+01
    endloop
  endfacet
  facet normal 0.000000e+00 -1.000000e+00 0.000000e+00
    outer loop
      vertex   -4.673540e+00 -2.000000e+00 5.139471e+01
      vertex   4.561930e+00 -2.000000e+00 5.120139e+01
      vertex   4.673540e+00 -2.000000e+00 5.139471e+01
    endloop
  endfacet
  facet normal 0.000000e+00 -1.000000e+00 0.000000e+00
    outer loop
      vertex   -4.673540e+00 -2.000000e+00 5.139471e+01
      vertex   4.673540e+00 -2.000000e+00 5.139471e+01
      vertex   4.810968e+00 -2.000000e+00 5.157061e+01
    endloop
  endfacet
  facet normal 0.000000e+00 -1.000000e+00 0.000000e+00
    outer loop
      vertex   9.319031e+00 -2.000000e+00 -1.640318e+01
      vertex   9.494409e+00 -2.000000e+00 -1.616671e+01
      vertex   1.000000e+01 -2.000000e+00 -1.450000e+01
    endloop
  endfacet
  facet normal 0.000000e+00 -1.000000e+00 0.000000e+00
    outer loop
      vertex   1.000000e+01 -2.000000e+00 -1.450000e+01
      vertex   9.494409e+00 -2.000000e+00 -1.616671e+01
      vertex   9.645764e+00 -2.000000e+00 -1.591419e+01
    endloop
  endfacet
  facet normal 0.000000e+00 -1.000000e+00 0.000000e+00
    outer loop
      vertex   1.000000e+01 -2.000000e+00 -1.450000e+01
      vertex   9.645764e+00 -2.000000e+00 -1.591419e+01
      vertex   9.771639e+00 -2.000000e+00 -1.564805e+01
    endloop
  endfacet
  facet normal 0.000000e+00 -1.000000e+00 0.000000e+00
    outer loop
      vertex   9.771639e+00 -2.000000e+00 -1.564805e+01
      vertex   9.870821e+00 -2.000000e+00 -1.537085e+01
      vertex   1.000000e+01 -2.000000e+00 -1.450000e+01
    endloop
  endfacet
  facet normal 0.000000e+00 -1.000000e+00 0.000000e+00
    outer loop
      vertex   1.000000e+01 -2.000000e+00 -1.450000e+01
      vertex   9.870821e+00 -2.000000e+00 -1.537085e+01
      vertex   9.942356e+00 -2.000000e+00 -1.508527e+01
    endloop
  endfacet
  facet normal 0.000000e+00 -1.000000e+00 0.000000e+00
    outer loop
      vertex   1.000000e+01 -2.000000e+00 -1.450000e+01
      vertex   9.942356e+00 -2.000000e+00 -1.508527e+01
      vertex   9.985554e+00 -2.000000e+00 -1.479405e+01
    endloop
  endfacet
  facet normal 0.000000e+00 -1.000000e+00 0.000000e+00
    outer loop
      vertex   -4.739183e+00 -2.000000e+00 -1.448506e+01
      vertex   4.614359e+00 -2.000000e+00 -1.430000e+01
      vertex   -4.614359e+00 -2.000000e+00 -1.430000e+01
    endloop
  endfacet
  facet normal 0.000000e+00 -1.000000e+00 0.000000e+00
    outer loop
      vertex   -4.614359e+00 -2.000000e+00 -1.430000e+01
      vertex   4.614359e+00 -2.000000e+00 -1.430000e+01
      vertex   4.516506e+00 -2.000000e+00 -1.409937e+01
    endloop
  endfacet
  facet normal 0.000000e+00 -1.000000e+00 0.000000e+00
    outer loop
      vertex   -4.614359e+00 -2.000000e+00 -1.430000e+01
      vertex   4.516506e+00 -2.000000e+00 -1.409937e+01
      vertex   -4.516506e+00 -2.000000e+00 -1.409937e+01
    endloop
  endfacet
  facet normal 0.000000e+00 -1.000000e+00 0.000000e+00
    outer loop
      vertex   -4.516506e+00 -2.000000e+00 -1.409937e+01
      vertex   4.516506e+00 -2.000000e+00 -1.409937e+01
      vertex   4.447527e+00 -2.000000e+00 -1.388708e+01
    endloop
  endfacet
  facet normal 0.000000e+00 -1.000000e+00 0.000000e+00
    outer loop
      vertex   -4.516506e+00 -2.000000e+00 -1.409937e+01
      vertex   4.447527e+00 -2.000000e+00 -1.388708e+01
      vertex   -4.447527e+00 -2.000000e+00 -1.388708e+01
    endloop
  endfacet
  facet normal 0.000000e+00 -1.000000e+00 0.000000e+00
    outer loop
      vertex   -4.447527e+00 -2.000000e+00 -1.388708e+01
      vertex   4.447527e+00 -2.000000e+00 -1.388708e+01
      vertex   4.408765e+00 -2.000000e+00 -1.366725e+01
    endloop
  endfacet
  facet normal 0.000000e+00 -1.000000e+00 0.000000e+00
    outer loop
      vertex   -4.447527e+00 -2.000000e+00 -1.388708e+01
      vertex   4.408765e+00 -2.000000e+00 -1.366725e+01
      vertex   -4.408765e+00 -2.000000e+00 -1.366725e+01
    endloop
  endfacet
  facet normal 0.000000e+00 -1.000000e+00 0.000000e+00
    outer loop
      vertex   -4.408765e+00 -2.000000e+00 -1.366725e+01
      vertex   4.408765e+00 -2.000000e+00 -1.366725e+01
      vertex   4.400975e+00 -2.000000e+00 -1.344416e+01
    endloop
  endfacet
  facet normal 0.000000e+00 -1.000000e+00 0.000000e+00
    outer loop
      vertex   -4.408765e+00 -2.000000e+00 -1.366725e+01
      vertex   4.400975e+00 -2.000000e+00 -1.344416e+01
      vertex   -4.400975e+00 -2.000000e+00 -1.344416e+01
    endloop
  endfacet
  facet normal 0.000000e+00 -1.000000e+00 0.000000e+00
    outer loop
      vertex   -4.400975e+00 -2.000000e+00 -1.344416e+01
      vertex   4.400975e+00 -2.000000e+00 -1.344416e+01
      vertex   -4.424308e+00 -2.000000e+00 -1.322216e+01
    endloop
  endfacet
  facet normal 0.000000e+00 -1.000000e+00 0.000000e+00
    outer loop
      vertex   -4.424308e+00 -2.000000e+00 -1.322216e+01
      vertex   4.400975e+00 -2.000000e+00 -1.344416e+01
      vertex   4.424308e+00 -2.000000e+00 -1.322216e+01
    endloop
  endfacet
  facet normal 0.000000e+00 -1.000000e+00 0.000000e+00
    outer loop
      vertex   -4.424308e+00 -2.000000e+00 -1.322216e+01
      vertex   4.424308e+00 -2.000000e+00 -1.322216e+01
      vertex   -4.478310e+00 -2.000000e+00 -1.300557e+01
    endloop
  endfacet
  facet normal 0.000000e+00 -1.000000e+00 0.000000e+00
    outer loop
      vertex   -4.478310e+00 -2.000000e+00 -1.300557e+01
      vertex   4.424308e+00 -2.000000e+00 -1.322216e+01
      vertex   4.478310e+00 -2.000000e+00 -1.300557e+01
    endloop
  endfacet
  facet normal 0.000000e+00 -1.000000e+00 0.000000e+00
    outer loop
      vertex   -4.478310e+00 -2.000000e+00 -1.300557e+01
      vertex   4.478310e+00 -2.000000e+00 -1.300557e+01
      vertex   -4.561930e+00 -2.000000e+00 -1.279861e+01
    endloop
  endfacet
  facet normal 0.000000e+00 -1.000000e+00 0.000000e+00
    outer loop
      vertex   -4.561930e+00 -2.000000e+00 -1.279861e+01
      vertex   4.478310e+00 -2.000000e+00 -1.300557e+01
      vertex   4.561930e+00 -2.000000e+00 -1.279861e+01
    endloop
  endfacet
  facet normal 0.000000e+00 -1.000000e+00 0.000000e+00
    outer loop
      vertex   -4.561930e+00 -2.000000e+00 -1.279861e+01
      vertex   4.561930e+00 -2.000000e+00 -1.279861e+01
      vertex   -4.516506e+00 -2.000000e+00 4.990063e+01
    endloop
  endfacet
  facet normal 0.000000e+00 -1.000000e+00 0.000000e+00
    outer loop
      vertex   -5.777323e+00 -2.000000e+00 -1.191557e+01
      vertex   -5.888390e+00 -2.000000e+00 4.890390e+01
      vertex   -6.000000e+00 -2.000000e+00 -1.190000e+01
    endloop
  endfacet
  facet normal 0.000000e+00 -1.000000e+00 0.000000e+00
    outer loop
      vertex   -6.000000e+00 -2.000000e+00 -1.190000e+01
      vertex   -5.888390e+00 -2.000000e+00 4.890390e+01
      vertex   -6.111610e+00 -2.000000e+00 4.890390e+01
    endloop
  endfacet
  facet normal -0.000000e+00 -1.000000e+00 0.000000e+00
    outer loop
      vertex   -6.000000e+00 -2.000000e+00 -1.190000e+01
      vertex   -6.111610e+00 -2.000000e+00 4.890390e+01
      vertex   -6.222677e+00 -2.000000e+00 -1.191557e+01
    endloop
  endfacet
  facet normal 0.000000e+00 -1.000000e+00 0.000000e+00
    outer loop
      vertex   -6.222677e+00 -2.000000e+00 -1.191557e+01
      vertex   -6.111610e+00 -2.000000e+00 4.890390e+01
      vertex   -6.332659e+00 -2.000000e+00 4.893496e+01
    endloop
  endfacet
  facet normal -0.000000e+00 -1.000000e+00 0.000000e+00
    outer loop
      vertex   -6.222677e+00 -2.000000e+00 -1.191557e+01
      vertex   -6.332659e+00 -2.000000e+00 4.893496e+01
      vertex   -6.441020e+00 -2.000000e+00 -1.196198e+01
    endloop
  endfacet
  facet normal 0.000000e+00 -1.000000e+00 0.000000e+00
    outer loop
      vertex   -6.441020e+00 -2.000000e+00 -1.196198e+01
      vertex   -6.332659e+00 -2.000000e+00 4.893496e+01
      vertex   -6.547232e+00 -2.000000e+00 4.899649e+01
    endloop
  endfacet
  facet normal -0.000000e+00 -1.000000e+00 0.000000e+00
    outer loop
      vertex   -6.441020e+00 -2.000000e+00 -1.196198e+01
      vertex   -6.547232e+00 -2.000000e+00 4.899649e+01
      vertex   -6.650779e+00 -2.000000e+00 -1.203833e+01
    endloop
  endfacet
  facet normal 0.000000e+00 -1.000000e+00 0.000000e+00
    outer loop
      vertex   -6.650779e+00 -2.000000e+00 -1.203833e+01
      vertex   -6.547232e+00 -2.000000e+00 4.899649e+01
      vertex   -6.751155e+00 -2.000000e+00 4.908728e+01
    endloop
  endfacet
  facet normal -0.000000e+00 -1.000000e+00 0.000000e+00
    outer loop
      vertex   -6.650779e+00 -2.000000e+00 -1.203833e+01
      vertex   -6.751155e+00 -2.000000e+00 4.908728e+01
      vertex   -6.847871e+00 -2.000000e+00 -1.214312e+01
    endloop
  endfacet
  facet normal 0.000000e+00 -1.000000e+00 0.000000e+00
    outer loop
      vertex   -6.847871e+00 -2.000000e+00 -1.214312e+01
      vertex   -6.751155e+00 -2.000000e+00 4.908728e+01
      vertex   -6.940456e+00 -2.000000e+00 4.920557e+01
    endloop
  endfacet
  facet normal -0.000000e+00 -1.000000e+00 0.000000e+00
    outer loop
      vertex   -6.847871e+00 -2.000000e+00 -1.214312e+01
      vertex   -6.940456e+00 -2.000000e+00 4.920557e+01
      vertex   -7.028460e+00 -2.000000e+00 -1.227433e+01
    endloop
  endfacet
  facet normal 0.000000e+00 -1.000000e+00 0.000000e+00
    outer loop
      vertex   -7.028460e+00 -2.000000e+00 -1.227433e+01
      vertex   -6.940456e+00 -2.000000e+00 4.920557e+01
      vertex   -7.111453e+00 -2.000000e+00 4.934906e+01
    endloop
  endfacet
  facet normal -0.000000e+00 -1.000000e+00 0.000000e+00
    outer loop
      vertex   -7.028460e+00 -2.000000e+00 -1.227433e+01
      vertex   -7.111453e+00 -2.000000e+00 4.934906e+01
      vertex   -7.189032e+00 -2.000000e+00 -1.242939e+01
    endloop
  endfacet
  facet normal 0.000000e+00 -1.000000e+00 0.000000e+00
    outer loop
      vertex   -7.189032e+00 -2.000000e+00 -1.242939e+01
      vertex   -7.111453e+00 -2.000000e+00 4.934906e+01
      vertex   -7.260817e+00 -2.000000e+00 4.951494e+01
    endloop
  endfacet
  facet normal 0.000000e+00 -1.000000e+00 0.000000e+00
    outer loop
      vertex   -5.888390e+00 -2.000000e+00 4.890390e+01
      vertex   -5.777323e+00 -2.000000e+00 -1.191557e+01
      vertex   -5.667341e+00 -2.000000e+00 4.893496e+01
    endloop
  endfacet
  facet normal 0.000000e+00 -1.000000e+00 -0.000000e+00
    outer loop
      vertex   -5.667341e+00 -2.000000e+00 4.893496e+01
      vertex   -5.777323e+00 -2.000000e+00 -1.191557e+01
      vertex   -5.558980e+00 -2.000000e+00 -1.196198e+01
    endloop
  endfacet
  facet normal 0.000000e+00 -1.000000e+00 0.000000e+00
    outer loop
      vertex   -5.667341e+00 -2.000000e+00 4.893496e+01
      vertex   -5.558980e+00 -2.000000e+00 -1.196198e+01
      vertex   -5.452768e+00 -2.000000e+00 4.899649e+01
    endloop
  endfacet
  facet normal 0.000000e+00 -1.000000e+00 -0.000000e+00
    outer loop
      vertex   -5.452768e+00 -2.000000e+00 4.899649e+01
      vertex   -5.558980e+00 -2.000000e+00 -1.196198e+01
      vertex   -5.349221e+00 -2.000000e+00 -1.203833e+01
    endloop
  endfacet
  facet normal 0.000000e+00 -1.000000e+00 0.000000e+00
    outer loop
      vertex   -5.452768e+00 -2.000000e+00 4.899649e+01
      vertex   -5.349221e+00 -2.000000e+00 -1.203833e+01
      vertex   -5.248845e+00 -2.000000e+00 4.908728e+01
    endloop
  endfacet
  facet normal 0.000000e+00 -1.000000e+00 -0.000000e+00
    outer loop
      vertex   -5.248845e+00 -2.000000e+00 4.908728e+01
      vertex   -5.349221e+00 -2.000000e+00 -1.203833e+01
      vertex   -5.152129e+00 -2.000000e+00 -1.214312e+01
    endloop
  endfacet
  facet normal 0.000000e+00 -1.000000e+00 0.000000e+00
    outer loop
      vertex   -5.248845e+00 -2.000000e+00 4.908728e+01
      vertex   -5.152129e+00 -2.000000e+00 -1.214312e+01
      vertex   -5.059544e+00 -2.000000e+00 4.920557e+01
    endloop
  endfacet
  facet normal 0.000000e+00 -1.000000e+00 -0.000000e+00
    outer loop
      vertex   -5.059544e+00 -2.000000e+00 4.920557e+01
      vertex   -5.152129e+00 -2.000000e+00 -1.214312e+01
      vertex   -4.971540e+00 -2.000000e+00 -1.227433e+01
    endloop
  endfacet
  facet normal 0.000000e+00 -1.000000e+00 0.000000e+00
    outer loop
      vertex   -5.059544e+00 -2.000000e+00 4.920557e+01
      vertex   -4.971540e+00 -2.000000e+00 -1.227433e+01
      vertex   -4.888547e+00 -2.000000e+00 4.934906e+01
    endloop
  endfacet
  facet normal 0.000000e+00 -1.000000e+00 -0.000000e+00
    outer loop
      vertex   -4.888547e+00 -2.000000e+00 4.934906e+01
      vertex   -4.971540e+00 -2.000000e+00 -1.227433e+01
      vertex   -4.810968e+00 -2.000000e+00 -1.242939e+01
    endloop
  endfacet
  facet normal 0.000000e+00 -1.000000e+00 0.000000e+00
    outer loop
      vertex   -4.888547e+00 -2.000000e+00 4.934906e+01
      vertex   -4.810968e+00 -2.000000e+00 -1.242939e+01
      vertex   -4.739183e+00 -2.000000e+00 4.951494e+01
    endloop
  endfacet
  facet normal 0.000000e+00 -1.000000e+00 -0.000000e+00
    outer loop
      vertex   -4.739183e+00 -2.000000e+00 4.951494e+01
      vertex   -4.810968e+00 -2.000000e+00 -1.242939e+01
      vertex   -4.673540e+00 -2.000000e+00 -1.260529e+01
    endloop
  endfacet
  facet normal 0.000000e+00 -1.000000e+00 0.000000e+00
    outer loop
      vertex   -4.739183e+00 -2.000000e+00 4.951494e+01
      vertex   -4.673540e+00 -2.000000e+00 -1.260529e+01
      vertex   -4.614359e+00 -2.000000e+00 4.970000e+01
    endloop
  endfacet
  facet normal 0.000000e+00 -1.000000e+00 -0.000000e+00
    outer loop
      vertex   -4.614359e+00 -2.000000e+00 4.970000e+01
      vertex   -4.673540e+00 -2.000000e+00 -1.260529e+01
      vertex   -4.561930e+00 -2.000000e+00 -1.279861e+01
    endloop
  endfacet
  facet normal 0.000000e+00 -1.000000e+00 0.000000e+00
    outer loop
      vertex   -4.614359e+00 -2.000000e+00 4.970000e+01
      vertex   -4.561930e+00 -2.000000e+00 -1.279861e+01
      vertex   -4.516506e+00 -2.000000e+00 4.990063e+01
    endloop
  endfacet
  facet normal -0.000000e+00 -1.000000e+00 0.000000e+00
    outer loop
      vertex   -7.599025e+00 -2.000000e+00 -1.344416e+01
      vertex   -7.575692e+00 -2.000000e+00 -1.322216e+01
      vertex   -1.000000e+01 -2.000000e+00 -1.450000e+01
    endloop
  endfacet
  facet normal 0.000000e+00 -1.000000e+00 0.000000e+00
    outer loop
      vertex   -1.000000e+01 -2.000000e+00 -1.450000e+01
      vertex   -7.575692e+00 -2.000000e+00 -1.322216e+01
      vertex   -7.521690e+00 -2.000000e+00 -1.300557e+01
    endloop
  endfacet
  facet normal 0.000000e+00 -1.000000e+00 0.000000e+00
    outer loop
      vertex   -1.000000e+01 -2.000000e+00 -1.450000e+01
      vertex   -7.521690e+00 -2.000000e+00 -1.300557e+01
      vertex   -7.438070e+00 -2.000000e+00 -1.279861e+01
    endloop
  endfacet
  facet normal -0.000000e+00 -1.000000e+00 0.000000e+00
    outer loop
      vertex   -7.438070e+00 -2.000000e+00 -1.279861e+01
      vertex   -7.326460e+00 -2.000000e+00 -1.260529e+01
      vertex   -1.000000e+01 -2.000000e+00 -1.450000e+01
    endloop
  endfacet
  facet normal 0.000000e+00 -1.000000e+00 0.000000e+00
    outer loop
      vertex   -4.971540e+00 -2.000000e+00 5.172567e+01
      vertex   -4.810968e+00 -2.000000e+00 5.157061e+01
      vertex   4.971540e+00 -2.000000e+00 5.172567e+01
    endloop
  endfacet
  facet normal 0.000000e+00 -1.000000e+00 0.000000e+00
    outer loop
      vertex   4.971540e+00 -2.000000e+00 5.172567e+01
      vertex   -4.810968e+00 -2.000000e+00 5.157061e+01
      vertex   4.810968e+00 -2.000000e+00 5.157061e+01
    endloop
  endfacet
  facet normal -0.000000e+00 -1.000000e+00 0.000000e+00
    outer loop
      vertex   4.810968e+00 -2.000000e+00 5.157061e+01
      vertex   -4.810968e+00 -2.000000e+00 5.157061e+01
      vertex   -4.673540e+00 -2.000000e+00 5.139471e+01
    endloop
  endfacet
  facet normal 0.000000e+00 -1.000000e+00 -0.000000e+00
    outer loop
      vertex   7.599025e+00 -2.000000e+00 5.055584e+01
      vertex   7.591235e+00 -2.000000e+00 5.033275e+01
      vertex   1.000000e+01 -2.000000e+00 5.750000e+01
    endloop
  endfacet
  facet normal 0.000000e+00 -1.000000e+00 0.000000e+00
    outer loop
      vertex   1.000000e+01 -2.000000e+00 5.750000e+01
      vertex   7.591235e+00 -2.000000e+00 5.033275e+01
      vertex   7.552473e+00 -2.000000e+00 5.011292e+01
    endloop
  endfacet
  facet normal 0.000000e+00 -1.000000e+00 -0.000000e+00
    outer loop
      vertex   7.385641e+00 -2.000000e+00 4.970000e+01
      vertex   7.260817e+00 -2.000000e+00 4.951494e+01
      vertex   1.000000e+01 -2.000000e+00 -1.450000e+01
    endloop
  endfacet
  facet normal -0.000000e+00 1.000000e+00 0.000000e+00
    outer loop
      vertex   -7.294051e+00 0.000000e+00 -1.748555e+01
      vertex   -7.111453e+00 0.000000e+00 -1.465094e+01
      vertex   -7.000000e+00 0.000000e+00 -1.750000e+01
    endloop
  endfacet
  facet normal 0.000000e+00 1.000000e+00 -0.000000e+00
    outer loop
      vertex   -7.000000e+00 0.000000e+00 -1.750000e+01
      vertex   -7.111453e+00 0.000000e+00 -1.465094e+01
      vertex   -6.940456e+00 0.000000e+00 -1.479443e+01
    endloop
  endfacet
  facet normal 0.000000e+00 1.000000e+00 0.000000e+00
    outer loop
      vertex   -7.000000e+00 0.000000e+00 -1.750000e+01
      vertex   -6.940456e+00 0.000000e+00 -1.479443e+01
      vertex   -6.751155e+00 0.000000e+00 -1.491272e+01
    endloop
  endfacet
  facet normal 0.000000e+00 1.000000e+00 0.000000e+00
    outer loop
      vertex   -7.111453e+00 0.000000e+00 -1.465094e+01
      vertex   -7.294051e+00 0.000000e+00 -1.748555e+01
      vertex   -7.260817e+00 0.000000e+00 -1.448506e+01
    endloop
  endfacet
  facet normal 0.000000e+00 1.000000e+00 0.000000e+00
    outer loop
      vertex   -7.260817e+00 0.000000e+00 -1.448506e+01
      vertex   -7.294051e+00 0.000000e+00 -1.748555e+01
      vertex   -7.585271e+00 0.000000e+00 -1.744236e+01
    endloop
  endfacet
  facet normal 0.000000e+00 1.000000e+00 0.000000e+00
    outer loop
      vertex   -7.260817e+00 0.000000e+00 -1.448506e+01
      vertex   -7.585271e+00 0.000000e+00 -1.744236e+01
      vertex   -7.385641e+00 0.000000e+00 -1.430000e+01
    endloop
  endfacet
  facet normal 0.000000e+00 1.000000e+00 0.000000e+00
    outer loop
      vertex   -7.385641e+00 0.000000e+00 -1.430000e+01
      vertex   -7.585271e+00 0.000000e+00 -1.744236e+01
      vertex   -7.483494e+00 0.000000e+00 -1.409937e+01
    endloop
  endfacet
  facet normal 0.000000e+00 1.000000e+00 0.000000e+00
    outer loop
      vertex   -7.483494e+00 0.000000e+00 -1.409937e+01
      vertex   -7.585271e+00 0.000000e+00 -1.744236e+01
      vertex   -7.870854e+00 0.000000e+00 -1.737082e+01
    endloop
  endfacet
  facet normal 0.000000e+00 1.000000e+00 0.000000e+00
    outer loop
      vertex   -7.483494e+00 0.000000e+00 -1.409937e+01
      vertex   -7.870854e+00 0.000000e+00 -1.737082e+01
      vertex   -7.552473e+00 0.000000e+00 -1.388708e+01
    endloop
  endfacet
  facet normal 0.000000e+00 1.000000e+00 0.000000e+00
    outer loop
      vertex   -7.552473e+00 0.000000e+00 -1.388708e+01
      vertex   -7.870854e+00 0.000000e+00 -1.737082e+01
      vertex   -8.148050e+00 0.000000e+00 -1.727164e+01
    endloop
  endfacet
  facet normal 0.000000e+00 1.000000e+00 0.000000e+00
    outer loop
      vertex   -7.552473e+00 0.000000e+00 -1.388708e+01
      vertex   -8.148050e+00 0.000000e+00 -1.727164e+01
      vertex   -7.591235e+00 0.000000e+00 -1.366725e+01
    endloop
  endfacet
  facet normal 0.000000e+00 1.000000e+00 0.000000e+00
    outer loop
      vertex   -7.591235e+00 0.000000e+00 -1.366725e+01
      vertex   -8.148050e+00 0.000000e+00 -1.727164e+01
      vertex   -8.414190e+00 0.000000e+00 -1.714576e+01
    endloop
  endfacet
  facet normal 0.000000e+00 1.000000e+00 0.000000e+00
    outer loop
      vertex   -7.591235e+00 0.000000e+00 -1.366725e+01
      vertex   -8.414190e+00 0.000000e+00 -1.714576e+01
      vertex   -8.666711e+00 0.000000e+00 -1.699441e+01
    endloop
  endfacet
  facet normal 0.000000e+00 1.000000e+00 0.000000e+00
    outer loop
      vertex   -7.591235e+00 0.000000e+00 -1.366725e+01
      vertex   -8.666711e+00 0.000000e+00 -1.699441e+01
      vertex   -7.599025e+00 0.000000e+00 -1.344416e+01
    endloop
  endfacet
  facet normal 0.000000e+00 1.000000e+00 0.000000e+00
    outer loop
      vertex   -7.599025e+00 0.000000e+00 -1.344416e+01
      vertex   -8.666711e+00 0.000000e+00 -1.699441e+01
      vertex   -8.903180e+00 0.000000e+00 -1.681903e+01
    endloop
  endfacet
  facet normal 0.000000e+00 1.000000e+00 0.000000e+00
    outer loop
      vertex   -7.599025e+00 0.000000e+00 -1.344416e+01
      vertex   -8.903180e+00 0.000000e+00 -1.681903e+01
      vertex   -9.121320e+00 0.000000e+00 -1.662132e+01
    endloop
  endfacet
  facet normal 0.000000e+00 1.000000e+00 -0.000000e+00
    outer loop
      vertex   -9.121320e+00 0.000000e+00 -1.662132e+01
      vertex   -9.319031e+00 0.000000e+00 -1.640318e+01
      vertex   -7.599025e+00 0.000000e+00 -1.344416e+01
    endloop
  endfacet
  facet normal 0.000000e+00 1.000000e+00 0.000000e+00
    outer loop
      vertex   -7.599025e+00 0.000000e+00 -1.344416e+01
      vertex   -9.319031e+00 0.000000e+00 -1.640318e+01
      vertex   -1.000000e+01 0.000000e+00 -1.450000e+01
    endloop
  endfacet
  facet normal 0.000000e+00 1.000000e+00 -0.000000e+00
    outer loop
      vertex   -7.599025e+00 0.000000e+00 -1.344416e+01
      vertex   -1.000000e+01 0.000000e+00 -1.450000e+01
      vertex   -7.575692e+00 0.000000e+00 -1.322216e+01
    endloop
  endfacet
  facet normal 0.000000e+00 1.000000e+00 -0.000000e+00
    outer loop
      vertex   -7.575692e+00 0.000000e+00 -1.322216e+01
      vertex   -1.000000e+01 0.000000e+00 -1.450000e+01
      vertex   -7.521690e+00 0.000000e+00 -1.300557e+01
    endloop
  endfacet
  facet normal 0.000000e+00 1.000000e+00 -0.000000e+00
    outer loop
      vertex   -7.521690e+00 0.000000e+00 -1.300557e+01
      vertex   -1.000000e+01 0.000000e+00 -1.450000e+01
      vertex   -7.438070e+00 0.000000e+00 -1.279861e+01
    endloop
  endfacet
  facet normal 0.000000e+00 1.000000e+00 -0.000000e+00
    outer loop
      vertex   -7.438070e+00 0.000000e+00 -1.279861e+01
      vertex   -1.000000e+01 0.000000e+00 -1.450000e+01
      vertex   -4.500000e+00 0.000000e+00 2.400000e+00
    endloop
  endfacet
  facet normal 0.000000e+00 1.000000e+00 0.000000e+00
    outer loop
      vertex   -7.438070e+00 0.000000e+00 -1.279861e+01
      vertex   -4.500000e+00 0.000000e+00 2.400000e+00
      vertex   -7.326460e+00 0.000000e+00 -1.260529e+01
    endloop
  endfacet
  facet normal 0.000000e+00 1.000000e+00 0.000000e+00
    outer loop
      vertex   -7.326460e+00 0.000000e+00 -1.260529e+01
      vertex   -4.500000e+00 0.000000e+00 2.400000e+00
      vertex   -7.189032e+00 0.000000e+00 -1.242939e+01
    endloop
  endfacet
  facet normal 0.000000e+00 1.000000e+00 0.000000e+00
    outer loop
      vertex   -7.189032e+00 0.000000e+00 -1.242939e+01
      vertex   -4.500000e+00 0.000000e+00 2.400000e+00
      vertex   -7.028460e+00 0.000000e+00 -1.227433e+01
    endloop
  endfacet
  facet normal 0.000000e+00 1.000000e+00 0.000000e+00
    outer loop
      vertex   -7.028460e+00 0.000000e+00 -1.227433e+01
      vertex   -4.500000e+00 0.000000e+00 2.400000e+00
      vertex   -4.500000e+00 0.000000e+00 -2.400000e+00
    endloop
  endfacet
  facet normal 0.000000e+00 1.000000e+00 0.000000e+00
    outer loop
      vertex   -7.028460e+00 0.000000e+00 -1.227433e+01
      vertex   -4.500000e+00 0.000000e+00 -2.400000e+00
      vertex   -6.847871e+00 0.000000e+00 -1.214312e+01
    endloop
  endfacet
  facet normal 0.000000e+00 1.000000e+00 0.000000e+00
    outer loop
      vertex   -6.847871e+00 0.000000e+00 -1.214312e+01
      vertex   -4.500000e+00 0.000000e+00 -2.400000e+00
      vertex   -6.650779e+00 0.000000e+00 -1.203833e+01
    endloop
  endfacet
  facet normal 0.000000e+00 1.000000e+00 0.000000e+00
    outer loop
      vertex   -6.650779e+00 0.000000e+00 -1.203833e+01
      vertex   -4.500000e+00 0.000000e+00 -2.400000e+00
      vertex   -6.441020e+00 0.000000e+00 -1.196198e+01
    endloop
  endfacet
  facet normal 0.000000e+00 1.000000e+00 0.000000e+00
    outer loop
      vertex   -6.441020e+00 0.000000e+00 -1.196198e+01
      vertex   -4.500000e+00 0.000000e+00 -2.400000e+00
      vertex   -6.222677e+00 0.000000e+00 -1.191557e+01
    endloop
  endfacet
  facet normal 0.000000e+00 1.000000e+00 0.000000e+00
    outer loop
      vertex   -6.222677e+00 0.000000e+00 -1.191557e+01
      vertex   -4.500000e+00 0.000000e+00 -2.400000e+00
      vertex   -6.000000e+00 0.000000e+00 -1.190000e+01
    endloop
  endfacet
  facet normal -0.000000e+00 1.000000e+00 0.000000e+00
    outer loop
      vertex   -6.000000e+00 0.000000e+00 -1.190000e+01
      vertex   -4.500000e+00 0.000000e+00 -2.400000e+00
      vertex   -5.777323e+00 0.000000e+00 -1.191557e+01
    endloop
  endfacet
  facet normal -0.000000e+00 1.000000e+00 0.000000e+00
    outer loop
      vertex   -5.777323e+00 0.000000e+00 -1.191557e+01
      vertex   -4.500000e+00 0.000000e+00 -2.400000e+00
      vertex   -5.558980e+00 0.000000e+00 -1.196198e+01
    endloop
  endfacet
  facet normal -0.000000e+00 1.000000e+00 0.000000e+00
    outer loop
      vertex   -5.558980e+00 0.000000e+00 -1.196198e+01
      vertex   -4.500000e+00 0.000000e+00 -2.400000e+00
      vertex   -5.349221e+00 0.000000e+00 -1.203833e+01
    endloop
  endfacet
  facet normal -0.000000e+00 1.000000e+00 0.000000e+00
    outer loop
      vertex   -5.349221e+00 0.000000e+00 -1.203833e+01
      vertex   -4.500000e+00 0.000000e+00 -2.400000e+00
      vertex   -5.152129e+00 0.000000e+00 -1.214312e+01
    endloop
  endfacet
  facet normal -0.000000e+00 1.000000e+00 0.000000e+00
    outer loop
      vertex   -5.152129e+00 0.000000e+00 -1.214312e+01
      vertex   -4.500000e+00 0.000000e+00 -2.400000e+00
      vertex   -4.971540e+00 0.000000e+00 -1.227433e+01
    endloop
  endfacet
  facet normal -0.000000e+00 1.000000e+00 0.000000e+00
    outer loop
      vertex   -4.971540e+00 0.000000e+00 -1.227433e+01
      vertex   -4.500000e+00 0.000000e+00 -2.400000e+00
      vertex   -4.810968e+00 0.000000e+00 -1.242939e+01
    endloop
  endfacet
  facet normal -0.000000e+00 1.000000e+00 0.000000e+00
    outer loop
      vertex   -4.810968e+00 0.000000e+00 -1.242939e+01
      vertex   -4.500000e+00 0.000000e+00 -2.400000e+00
      vertex   -4.673540e+00 0.000000e+00 -1.260529e+01
    endloop
  endfacet
  facet normal -0.000000e+00 1.000000e+00 0.000000e+00
    outer loop
      vertex   -4.673540e+00 0.000000e+00 -1.260529e+01
      vertex   -4.500000e+00 0.000000e+00 -2.400000e+00
      vertex   -4.561930e+00 0.000000e+00 -1.279861e+01
    endloop
  endfacet
  facet normal -0.000000e+00 1.000000e+00 0.000000e+00
    outer loop
      vertex   -4.561930e+00 0.000000e+00 -1.279861e+01
      vertex   -4.500000e+00 0.000000e+00 -2.400000e+00
      vertex   -4.478310e+00 0.000000e+00 -1.300557e+01
    endloop
  endfacet
  facet normal -0.000000e+00 1.000000e+00 -0.000000e+00
    outer loop
      vertex   -4.478310e+00 0.000000e+00 -1.300557e+01
      vertex   -4.500000e+00 0.000000e+00 -2.400000e+00
      vertex   -4.424308e+00 0.000000e+00 -1.322216e+01
    endloop
  endfacet
  facet normal -0.000000e+00 1.000000e+00 -0.000000e+00
    outer loop
      vertex   -4.424308e+00 0.000000e+00 -1.322216e+01
      vertex   -4.500000e+00 0.000000e+00 -2.400000e+00
      vertex   -4.400975e+00 0.000000e+00 -1.344416e+01
    endloop
  endfacet
  facet normal 0.000000e+00 1.000000e+00 -0.000000e+00
    outer loop
      vertex   -4.400975e+00 0.000000e+00 -1.344416e+01
      vertex   -4.500000e+00 0.000000e+00 -2.400000e+00
      vertex   4.400975e+00 0.000000e+00 -1.344416e+01
    endloop
  endfacet
  facet normal -0.000000e+00 1.000000e+00 0.000000e+00
    outer loop
      vertex   -4.400975e+00 0.000000e+00 -1.344416e+01
      vertex   4.400975e+00 0.000000e+00 -1.344416e+01
      vertex   -4.408765e+00 0.000000e+00 -1.366725e+01
    endloop
  endfacet
  facet normal 0.000000e+00 1.000000e+00 0.000000e+00
    outer loop
      vertex   -4.408765e+00 0.000000e+00 -1.366725e+01
      vertex   4.400975e+00 0.000000e+00 -1.344416e+01
      vertex   4.408765e+00 0.000000e+00 -1.366725e+01
    endloop
  endfacet
  facet normal -0.000000e+00 1.000000e+00 0.000000e+00
    outer loop
      vertex   -4.408765e+00 0.000000e+00 -1.366725e+01
      vertex   4.408765e+00 0.000000e+00 -1.366725e+01
      vertex   -4.447527e+00 0.000000e+00 -1.388708e+01
    endloop
  endfacet
  facet normal 0.000000e+00 1.000000e+00 0.000000e+00
    outer loop
      vertex   -4.447527e+00 0.000000e+00 -1.388708e+01
      vertex   4.408765e+00 0.000000e+00 -1.366725e+01
      vertex   4.447527e+00 0.000000e+00 -1.388708e+01
    endloop
  endfacet
  facet normal -0.000000e+00 1.000000e+00 0.000000e+00
    outer loop
      vertex   -4.447527e+00 0.000000e+00 -1.388708e+01
      vertex   4.447527e+00 0.000000e+00 -1.388708e+01
      vertex   -4.516506e+00 0.000000e+00 -1.409937e+01
    endloop
  endfacet
  facet normal 0.000000e+00 1.000000e+00 0.000000e+00
    outer loop
      vertex   -4.516506e+00 0.000000e+00 -1.409937e+01
      vertex   4.447527e+00 0.000000e+00 -1.388708e+01
      vertex   4.516506e+00 0.000000e+00 -1.409937e+01
    endloop
  endfacet
  facet normal -0.000000e+00 1.000000e+00 0.000000e+00
    outer loop
      vertex   -4.516506e+00 0.000000e+00 -1.409937e+01
      vertex   4.516506e+00 0.000000e+00 -1.409937e+01
      vertex   -4.614359e+00 0.000000e+00 -1.430000e+01
    endloop
  endfacet
  facet normal 0.000000e+00 1.000000e+00 0.000000e+00
    outer loop
      vertex   -4.614359e+00 0.000000e+00 -1.430000e+01
      vertex   4.516506e+00 0.000000e+00 -1.409937e+01
      vertex   4.614359e+00 0.000000e+00 -1.430000e+01
    endloop
  endfacet
  facet normal -0.000000e+00 1.000000e+00 0.000000e+00
    outer loop
      vertex   -4.614359e+00 0.000000e+00 -1.430000e+01
      vertex   4.614359e+00 0.000000e+00 -1.430000e+01
      vertex   -4.739183e+00 0.000000e+00 -1.448506e+01
    endloop
  endfacet
  facet normal 0.000000e+00 1.000000e+00 0.000000e+00
    outer loop
      vertex   -4.739183e+00 0.000000e+00 -1.448506e+01
      vertex   4.614359e+00 0.000000e+00 -1.430000e+01
      vertex   4.739183e+00 0.000000e+00 -1.448506e+01
    endloop
  endfacet
  facet normal -0.000000e+00 1.000000e+00 0.000000e+00
    outer loop
      vertex   -4.739183e+00 0.000000e+00 -1.448506e+01
      vertex   4.739183e+00 0.000000e+00 -1.448506e+01
      vertex   4.888547e+00 0.000000e+00 -1.465094e+01
    endloop
  endfacet
  facet normal 0.000000e+00 1.000000e+00 0.000000e+00
    outer loop
      vertex   -9.319031e+00 0.000000e+00 -1.640318e+01
      vertex   -9.494409e+00 0.000000e+00 -1.616671e+01
      vertex   -1.000000e+01 0.000000e+00 -1.450000e+01
    endloop
  endfacet
  facet normal 0.000000e+00 1.000000e+00 0.000000e+00
    outer loop
      vertex   -1.000000e+01 0.000000e+00 -1.450000e+01
      vertex   -9.494409e+00 0.000000e+00 -1.616671e+01
      vertex   -9.645764e+00 0.000000e+00 -1.591419e+01
    endloop
  endfacet
  facet normal 0.000000e+00 1.000000e+00 0.000000e+00
    outer loop
      vertex   -1.000000e+01 0.000000e+00 -1.450000e+01
      vertex   -9.645764e+00 0.000000e+00 -1.591419e+01
      vertex   -9.771639e+00 0.000000e+00 -1.564805e+01
    endloop
  endfacet
  facet normal 0.000000e+00 1.000000e+00 0.000000e+00
    outer loop
      vertex   -9.771639e+00 0.000000e+00 -1.564805e+01
      vertex   -9.870821e+00 0.000000e+00 -1.537085e+01
      vertex   -1.000000e+01 0.000000e+00 -1.450000e+01
    endloop
  endfacet
  facet normal 0.000000e+00 1.000000e+00 0.000000e+00
    outer loop
      vertex   -1.000000e+01 0.000000e+00 -1.450000e+01
      vertex   -9.870821e+00 0.000000e+00 -1.537085e+01
      vertex   -9.942356e+00 0.000000e+00 -1.508527e+01
    endloop
  endfacet
  facet normal 0.000000e+00 1.000000e+00 0.000000e+00
    outer loop
      vertex   -1.000000e+01 0.000000e+00 -1.450000e+01
      vertex   -9.942356e+00 0.000000e+00 -1.508527e+01
      vertex   -9.985554e+00 0.000000e+00 -1.479405e+01
    endloop
  endfacet
  facet normal 0.000000e+00 1.000000e+00 0.000000e+00
    outer loop
      vertex   -1.000000e+01 0.000000e+00 5.750000e+01
      vertex   -7.552473e+00 0.000000e+00 5.011292e+01
      vertex   -1.000000e+01 0.000000e+00 -1.450000e+01
    endloop
  endfacet
  facet normal 0.000000e+00 1.000000e+00 0.000000e+00
    outer loop
      vertex   -1.000000e+01 0.000000e+00 -1.450000e+01
      vertex   -7.552473e+00 0.000000e+00 5.011292e+01
      vertex   -7.483494e+00 0.000000e+00 4.990063e+01
    endloop
  endfacet
  facet normal 0.000000e+00 1.000000e+00 0.000000e+00
    outer loop
      vertex   -1.000000e+01 0.000000e+00 -1.450000e+01
      vertex   -7.483494e+00 0.000000e+00 4.990063e+01
      vertex   -4.500000e+00 0.000000e+00 2.400000e+00
    endloop
  endfacet
  facet normal 0.000000e+00 1.000000e+00 0.000000e+00
    outer loop
      vertex   -4.500000e+00 0.000000e+00 2.400000e+00
      vertex   -7.483494e+00 0.000000e+00 4.990063e+01
      vertex   -7.385641e+00 0.000000e+00 4.970000e+01
    endloop
  endfacet
  facet normal 0.000000e+00 1.000000e+00 0.000000e+00
    outer loop
      vertex   -4.500000e+00 0.000000e+00 2.400000e+00
      vertex   -7.385641e+00 0.000000e+00 4.970000e+01
      vertex   -7.260817e+00 0.000000e+00 4.951494e+01
    endloop
  endfacet
  facet normal -0.000000e+00 1.000000e+00 0.000000e+00
    outer loop
      vertex   -9.992404e+00 0.000000e+00 5.758682e+01
      vertex   -9.969846e+00 0.000000e+00 5.767101e+01
      vertex   -1.000000e+01 0.000000e+00 5.750000e+01
    endloop
  endfacet
  facet normal 0.000000e+00 1.000000e+00 0.000000e+00
    outer loop
      vertex   -1.000000e+01 0.000000e+00 5.750000e+01
      vertex   -9.969846e+00 0.000000e+00 5.767101e+01
      vertex   -9.933013e+00 0.000000e+00 5.775000e+01
    endloop
  endfacet
  facet normal 0.000000e+00 1.000000e+00 0.000000e+00
    outer loop
      vertex   -1.000000e+01 0.000000e+00 5.750000e+01
      vertex   -9.933013e+00 0.000000e+00 5.775000e+01
      vertex   -9.883022e+00 0.000000e+00 5.782139e+01
    endloop
  endfacet
  facet normal -0.000000e+00 1.000000e+00 0.000000e+00
    outer loop
      vertex   -9.883022e+00 0.000000e+00 5.782139e+01
      vertex   -9.821394e+00 0.000000e+00 5.788302e+01
      vertex   -1.000000e+01 0.000000e+00 5.750000e+01
    endloop
  endfacet
  facet normal 0.000000e+00 1.000000e+00 0.000000e+00
    outer loop
      vertex   -1.000000e+01 0.000000e+00 5.750000e+01
      vertex   -9.821394e+00 0.000000e+00 5.788302e+01
      vertex   -9.750000e+00 0.000000e+00 5.793301e+01
    endloop
  endfacet
  facet normal 0.000000e+00 1.000000e+00 0.000000e+00
    outer loop
      vertex   -1.000000e+01 0.000000e+00 5.750000e+01
      vertex   -9.750000e+00 0.000000e+00 5.793301e+01
      vertex   -9.671010e+00 0.000000e+00 5.796985e+01
    endloop
  endfacet
  facet normal -0.000000e+00 1.000000e+00 0.000000e+00
    outer loop
      vertex   -9.671010e+00 0.000000e+00 5.796985e+01
      vertex   -9.586824e+00 0.000000e+00 5.799240e+01
      vertex   -1.000000e+01 0.000000e+00 5.750000e+01
    endloop
  endfacet
  facet normal 0.000000e+00 1.000000e+00 0.000000e+00
    outer loop
      vertex   -1.000000e+01 0.000000e+00 5.750000e+01
      vertex   -9.586824e+00 0.000000e+00 5.799240e+01
      vertex   -9.500000e+00 0.000000e+00 5.800000e+01
    endloop
  endfacet
  facet normal -0.000000e+00 1.000000e+00 0.000000e+00
    outer loop
      vertex   -1.000000e+01 0.000000e+00 5.750000e+01
      vertex   -9.500000e+00 0.000000e+00 5.800000e+01
      vertex   -7.599025e+00 0.000000e+00 5.055584e+01
    endloop
  endfacet
  facet normal 0.000000e+00 1.000000e+00 -0.000000e+00
    outer loop
      vertex   -7.599025e+00 0.000000e+00 5.055584e+01
      vertex   -9.500000e+00 0.000000e+00 5.800000e+01
      vertex   -7.575692e+00 0.000000e+00 5.077784e+01
    endloop
  endfacet
  facet normal 0.000000e+00 1.000000e+00 -0.000000e+00
    outer loop
      vertex   -7.575692e+00 0.000000e+00 5.077784e+01
      vertex   -9.500000e+00 0.000000e+00 5.800000e+01
      vertex   -7.521690e+00 0.000000e+00 5.099443e+01
    endloop
  endfacet
  facet normal 0.000000e+00 1.000000e+00 -0.000000e+00
    outer loop
      vertex   -7.521690e+00 0.000000e+00 5.099443e+01
      vertex   -9.500000e+00 0.000000e+00 5.800000e+01
      vertex   -7.438070e+00 0.000000e+00 5.120139e+01
    endloop
  endfacet
  facet normal 0.000000e+00 1.000000e+00 -0.000000e+00
    outer loop
      vertex   -7.438070e+00 0.000000e+00 5.120139e+01
      vertex   -9.500000e+00 0.000000e+00 5.800000e+01
      vertex   -7.326460e+00 0.000000e+00 5.139471e+01
    endloop
  endfacet
  facet normal 0.000000e+00 1.000000e+00 -0.000000e+00
    outer loop
      vertex   -7.326460e+00 0.000000e+00 5.139471e+01
      vertex   -9.500000e+00 0.000000e+00 5.800000e+01
      vertex   -7.189032e+00 0.000000e+00 5.157061e+01
    endloop
  endfacet
  facet normal 0.000000e+00 1.000000e+00 -0.000000e+00
    outer loop
      vertex   -7.189032e+00 0.000000e+00 5.157061e+01
      vertex   -9.500000e+00 0.000000e+00 5.800000e+01
      vertex   -7.028460e+00 0.000000e+00 5.172567e+01
    endloop
  endfacet
  facet normal 0.000000e+00 1.000000e+00 -0.000000e+00
    outer loop
      vertex   -7.028460e+00 0.000000e+00 5.172567e+01
      vertex   -9.500000e+00 0.000000e+00 5.800000e+01
      vertex   -6.847871e+00 0.000000e+00 5.185688e+01
    endloop
  endfacet
  facet normal 0.000000e+00 1.000000e+00 -0.000000e+00
    outer loop
      vertex   -6.847871e+00 0.000000e+00 5.185688e+01
      vertex   -9.500000e+00 0.000000e+00 5.800000e+01
      vertex   -6.650779e+00 0.000000e+00 5.196167e+01
    endloop
  endfacet
  facet normal 0.000000e+00 1.000000e+00 -0.000000e+00
    outer loop
      vertex   -6.650779e+00 0.000000e+00 5.196167e+01
      vertex   -9.500000e+00 0.000000e+00 5.800000e+01
      vertex   -6.441020e+00 0.000000e+00 5.203802e+01
    endloop
  endfacet
  facet normal 0.000000e+00 1.000000e+00 -0.000000e+00
    outer loop
      vertex   -6.441020e+00 0.000000e+00 5.203802e+01
      vertex   -9.500000e+00 0.000000e+00 5.800000e+01
      vertex   -6.222677e+00 0.000000e+00 5.208443e+01
    endloop
  endfacet
  facet normal 0.000000e+00 1.000000e+00 -0.000000e+00
    outer loop
      vertex   -6.222677e+00 0.000000e+00 5.208443e+01
      vertex   -9.500000e+00 0.000000e+00 5.800000e+01
      vertex   -6.000000e+00 0.000000e+00 5.210000e+01
    endloop
  endfacet
  facet normal -0.000000e+00 1.000000e+00 -0.000000e+00
    outer loop
      vertex   -6.000000e+00 0.000000e+00 5.210000e+01
      vertex   -9.500000e+00 0.000000e+00 5.800000e+01
      vertex   -5.777323e+00 0.000000e+00 5.208443e+01
    endloop
  endfacet
  facet normal -0.000000e+00 1.000000e+00 -0.000000e+00
    outer loop
      vertex   -5.777323e+00 0.000000e+00 5.208443e+01
      vertex   -9.500000e+00 0.000000e+00 5.800000e+01
      vertex   -5.558980e+00 0.000000e+00 5.203802e+01
    endloop
  endfacet
  facet normal -0.000000e+00 1.000000e+00 -0.000000e+00
    outer loop
      vertex   -5.558980e+00 0.000000e+00 5.203802e+01
      vertex   -9.500000e+00 0.000000e+00 5.800000e+01
      vertex   -5.349221e+00 0.000000e+00 5.196167e+01
    endloop
  endfacet
  facet normal -0.000000e+00 1.000000e+00 -0.000000e+00
    outer loop
      vertex   -5.349221e+00 0.000000e+00 5.196167e+01
      vertex   -9.500000e+00 0.000000e+00 5.800000e+01
      vertex   -5.152129e+00 0.000000e+00 5.185688e+01
    endloop
  endfacet
  facet normal -0.000000e+00 1.000000e+00 -0.000000e+00
    outer loop
      vertex   -5.152129e+00 0.000000e+00 5.185688e+01
      vertex   -9.500000e+00 0.000000e+00 5.800000e+01
      vertex   -4.971540e+00 0.000000e+00 5.172567e+01
    endloop
  endfacet
  facet normal 0.000000e+00 1.000000e+00 -0.000000e+00
    outer loop
      vertex   -4.971540e+00 0.000000e+00 5.172567e+01
      vertex   -9.500000e+00 0.000000e+00 5.800000e+01
      vertex   4.971540e+00 0.000000e+00 5.172567e+01
    endloop
  endfacet
  facet normal -0.000000e+00 1.000000e+00 0.000000e+00
    outer loop
      vertex   -4.971540e+00 0.000000e+00 5.172567e+01
      vertex   4.971540e+00 0.000000e+00 5.172567e+01
      vertex   -4.810968e+00 0.000000e+00 5.157061e+01
    endloop
  endfacet
  facet normal 0.000000e+00 1.000000e+00 0.000000e+00
    outer loop
      vertex   -4.810968e+00 0.000000e+00 5.157061e+01
      vertex   4.971540e+00 0.000000e+00 5.172567e+01
      vertex   4.810968e+00 0.000000e+00 5.157061e+01
    endloop
  endfacet
  facet normal -0.000000e+00 1.000000e+00 0.000000e+00
    outer loop
      vertex   -4.810968e+00 0.000000e+00 5.157061e+01
      vertex   4.810968e+00 0.000000e+00 5.157061e+01
      vertex   -4.673540e+00 0.000000e+00 5.139471e+01
    endloop
  endfacet
  facet normal 0.000000e+00 1.000000e+00 0.000000e+00
    outer loop
      vertex   -4.673540e+00 0.000000e+00 5.139471e+01
      vertex   4.810968e+00 0.000000e+00 5.157061e+01
      vertex   4.673540e+00 0.000000e+00 5.139471e+01
    endloop
  endfacet
  facet normal -0.000000e+00 1.000000e+00 0.000000e+00
    outer loop
      vertex   -4.673540e+00 0.000000e+00 5.139471e+01
      vertex   4.673540e+00 0.000000e+00 5.139471e+01
      vertex   4.561930e+00 0.000000e+00 5.120139e+01
    endloop
  endfacet
  facet normal -0.000000e+00 1.000000e+00 0.000000e+00
    outer loop
      vertex   -9.500000e+00 0.000000e+00 5.800000e+01
      vertex   9.500000e+00 0.000000e+00 5.800000e+01
      vertex   4.971540e+00 0.000000e+00 5.172567e+01
    endloop
  endfacet
  facet normal 0.000000e+00 1.000000e+00 0.000000e+00
    outer loop
      vertex   4.971540e+00 0.000000e+00 5.172567e+01
      vertex   9.500000e+00 0.000000e+00 5.800000e+01
      vertex   5.152129e+00 0.000000e+00 5.185688e+01
    endloop
  endfacet
  facet normal 0.000000e+00 1.000000e+00 0.000000e+00
    outer loop
      vertex   5.152129e+00 0.000000e+00 5.185688e+01
      vertex   9.500000e+00 0.000000e+00 5.800000e+01
      vertex   5.349221e+00 0.000000e+00 5.196167e+01
    endloop
  endfacet
  facet normal 0.000000e+00 1.000000e+00 0.000000e+00
    outer loop
      vertex   5.349221e+00 0.000000e+00 5.196167e+01
      vertex   9.500000e+00 0.000000e+00 5.800000e+01
      vertex   5.558980e+00 0.000000e+00 5.203802e+01
    endloop
  endfacet
  facet normal 0.000000e+00 1.000000e+00 0.000000e+00
    outer loop
      vertex   5.558980e+00 0.000000e+00 5.203802e+01
      vertex   9.500000e+00 0.000000e+00 5.800000e+01
      vertex   5.777323e+00 0.000000e+00 5.208443e+01
    endloop
  endfacet
  facet normal 0.000000e+00 1.000000e+00 0.000000e+00
    outer loop
      vertex   5.777323e+00 0.000000e+00 5.208443e+01
      vertex   9.500000e+00 0.000000e+00 5.800000e+01
      vertex   6.000000e+00 0.000000e+00 5.210000e+01
    endloop
  endfacet
  facet normal -0.000000e+00 1.000000e+00 0.000000e+00
    outer loop
      vertex   6.000000e+00 0.000000e+00 5.210000e+01
      vertex   9.500000e+00 0.000000e+00 5.800000e+01
      vertex   6.222677e+00 0.000000e+00 5.208443e+01
    endloop
  endfacet
  facet normal -0.000000e+00 1.000000e+00 0.000000e+00
    outer loop
      vertex   6.222677e+00 0.000000e+00 5.208443e+01
      vertex   9.500000e+00 0.000000e+00 5.800000e+01
      vertex   6.441020e+00 0.000000e+00 5.203802e+01
    endloop
  endfacet
  facet normal -0.000000e+00 1.000000e+00 0.000000e+00
    outer loop
      vertex   6.441020e+00 0.000000e+00 5.203802e+01
      vertex   9.500000e+00 0.000000e+00 5.800000e+01
      vertex   6.650779e+00 0.000000e+00 5.196167e+01
    endloop
  endfacet
  facet normal -0.000000e+00 1.000000e+00 0.000000e+00
    outer loop
      vertex   6.650779e+00 0.000000e+00 5.196167e+01
      vertex   9.500000e+00 0.000000e+00 5.800000e+01
      vertex   6.847871e+00 0.000000e+00 5.185688e+01
    endloop
  endfacet
  facet normal -0.000000e+00 1.000000e+00 0.000000e+00
    outer loop
      vertex   6.847871e+00 0.000000e+00 5.185688e+01
      vertex   9.500000e+00 0.000000e+00 5.800000e+01
      vertex   7.028460e+00 0.000000e+00 5.172567e+01
    endloop
  endfacet
  facet normal -0.000000e+00 1.000000e+00 0.000000e+00
    outer loop
      vertex   7.028460e+00 0.000000e+00 5.172567e+01
      vertex   9.500000e+00 0.000000e+00 5.800000e+01
      vertex   7.189032e+00 0.000000e+00 5.157061e+01
    endloop
  endfacet
  facet normal -0.000000e+00 1.000000e+00 0.000000e+00
    outer loop
      vertex   7.189032e+00 0.000000e+00 5.157061e+01
      vertex   9.500000e+00 0.000000e+00 5.800000e+01
      vertex   7.326460e+00 0.000000e+00 5.139471e+01
    endloop
  endfacet
  facet normal -0.000000e+00 1.000000e+00 0.000000e+00
    outer loop
      vertex   7.326460e+00 0.000000e+00 5.139471e+01
      vertex   9.500000e+00 0.000000e+00 5.800000e+01
      vertex   7.438070e+00 0.000000e+00 5.120139e+01
    endloop
  endfacet
  facet normal -0.000000e+00 1.000000e+00 0.000000e+00
    outer loop
      vertex   7.438070e+00 0.000000e+00 5.120139e+01
      vertex   9.500000e+00 0.000000e+00 5.800000e+01
      vertex   7.521690e+00 0.000000e+00 5.099443e+01
    endloop
  endfacet
  facet normal -0.000000e+00 1.000000e+00 0.000000e+00
    outer loop
      vertex   7.521690e+00 0.000000e+00 5.099443e+01
      vertex   9.500000e+00 0.000000e+00 5.800000e+01
      vertex   7.575692e+00 0.000000e+00 5.077784e+01
    endloop
  endfacet
  facet normal -0.000000e+00 1.000000e+00 0.000000e+00
    outer loop
      vertex   7.575692e+00 0.000000e+00 5.077784e+01
      vertex   9.500000e+00 0.000000e+00 5.800000e+01
      vertex   7.599025e+00 0.000000e+00 5.055584e+01
    endloop
  endfacet
  facet normal 0.000000e+00 1.000000e+00 0.000000e+00
    outer loop
      vertex   7.599025e+00 0.000000e+00 5.055584e+01
      vertex   9.500000e+00 0.000000e+00 5.800000e+01
      vertex   1.000000e+01 0.000000e+00 5.750000e+01
    endloop
  endfacet
  facet normal -0.000000e+00 1.000000e+00 0.000000e+00
    outer loop
      vertex   7.599025e+00 0.000000e+00 5.055584e+01
      vertex   1.000000e+01 0.000000e+00 5.750000e+01
      vertex   7.591235e+00 0.000000e+00 5.033275e+01
    endloop
  endfacet
  facet normal -0.000000e+00 1.000000e+00 0.000000e+00
    outer loop
      vertex   7.591235e+00 0.000000e+00 5.033275e+01
      vertex   1.000000e+01 0.000000e+00 5.750000e+01
      vertex   7.552473e+00 0.000000e+00 5.011292e+01
    endloop
  endfacet
  facet normal -0.000000e+00 1.000000e+00 0.000000e+00
    outer loop
      vertex   7.552473e+00 0.000000e+00 5.011292e+01
      vertex   1.000000e+01 0.000000e+00 5.750000e+01
      vertex   1.000000e+01 0.000000e+00 -1.450000e+01
    endloop
  endfacet
  facet normal 0.000000e+00 1.000000e+00 0.000000e+00
    outer loop
      vertex   7.552473e+00 0.000000e+00 5.011292e+01
      vertex   1.000000e+01 0.000000e+00 -1.450000e+01
      vertex   7.483494e+00 0.000000e+00 4.990063e+01
    endloop
  endfacet
  facet normal 0.000000e+00 1.000000e+00 0.000000e+00
    outer loop
      vertex   7.483494e+00 0.000000e+00 4.990063e+01
      vertex   1.000000e+01 0.000000e+00 -1.450000e+01
      vertex   4.500000e+00 0.000000e+00 2.400000e+00
    endloop
  endfacet
  facet normal 0.000000e+00 1.000000e+00 0.000000e+00
    outer loop
      vertex   7.483494e+00 0.000000e+00 4.990063e+01
      vertex   4.500000e+00 0.000000e+00 2.400000e+00
      vertex   7.385641e+00 0.000000e+00 4.970000e+01
    endloop
  endfacet
  facet normal 0.000000e+00 1.000000e+00 0.000000e+00
    outer loop
      vertex   7.385641e+00 0.000000e+00 4.970000e+01
      vertex   4.500000e+00 0.000000e+00 2.400000e+00
      vertex   7.260817e+00 0.000000e+00 4.951494e+01
    endloop
  endfacet
  facet normal 0.000000e+00 1.000000e+00 0.000000e+00
    outer loop
      vertex   7.260817e+00 0.000000e+00 4.951494e+01
      vertex   4.500000e+00 0.000000e+00 2.400000e+00
      vertex   4.500000e+00 0.000000e+00 4.260000e+01
    endloop
  endfacet
  facet normal 0.000000e+00 1.000000e+00 0.000000e+00
    outer loop
      vertex   7.260817e+00 0.000000e+00 4.951494e+01
      vertex   4.500000e+00 0.000000e+00 4.260000e+01
      vertex   7.111453e+00 0.000000e+00 4.934906e+01
    endloop
  endfacet
  facet normal 0.000000e+00 1.000000e+00 0.000000e+00
    outer loop
      vertex   7.111453e+00 0.000000e+00 4.934906e+01
      vertex   4.500000e+00 0.000000e+00 4.260000e+01
      vertex   6.940456e+00 0.000000e+00 4.920557e+01
    endloop
  endfacet
  facet normal 0.000000e+00 1.000000e+00 0.000000e+00
    outer loop
      vertex   6.940456e+00 0.000000e+00 4.920557e+01
      vertex   4.500000e+00 0.000000e+00 4.260000e+01
      vertex   6.751155e+00 0.000000e+00 4.908728e+01
    endloop
  endfacet
  facet normal 0.000000e+00 1.000000e+00 0.000000e+00
    outer loop
      vertex   6.751155e+00 0.000000e+00 4.908728e+01
      vertex   4.500000e+00 0.000000e+00 4.260000e+01
      vertex   6.547232e+00 0.000000e+00 4.899649e+01
    endloop
  endfacet
  facet normal 0.000000e+00 1.000000e+00 0.000000e+00
    outer loop
      vertex   6.547232e+00 0.000000e+00 4.899649e+01
      vertex   4.500000e+00 0.000000e+00 4.260000e+01
      vertex   6.332659e+00 0.000000e+00 4.893496e+01
    endloop
  endfacet
  facet normal 0.000000e+00 1.000000e+00 0.000000e+00
    outer loop
      vertex   6.332659e+00 0.000000e+00 4.893496e+01
      vertex   4.500000e+00 0.000000e+00 4.260000e+01
      vertex   6.111610e+00 0.000000e+00 4.890390e+01
    endloop
  endfacet
  facet normal 0.000000e+00 1.000000e+00 0.000000e+00
    outer loop
      vertex   6.111610e+00 0.000000e+00 4.890390e+01
      vertex   4.500000e+00 0.000000e+00 4.260000e+01
      vertex   5.888390e+00 0.000000e+00 4.890390e+01
    endloop
  endfacet
  facet normal 0.000000e+00 1.000000e+00 0.000000e+00
    outer loop
      vertex   5.888390e+00 0.000000e+00 4.890390e+01
      vertex   4.500000e+00 0.000000e+00 4.260000e+01
      vertex   5.667341e+00 0.000000e+00 4.893496e+01
    endloop
  endfacet
  facet normal 0.000000e+00 1.000000e+00 0.000000e+00
    outer loop
      vertex   5.667341e+00 0.000000e+00 4.893496e+01
      vertex   4.500000e+00 0.000000e+00 4.260000e+01
      vertex   5.452768e+00 0.000000e+00 4.899649e+01
    endloop
  endfacet
  facet normal 0.000000e+00 1.000000e+00 0.000000e+00
    outer loop
      vertex   5.452768e+00 0.000000e+00 4.899649e+01
      vertex   4.500000e+00 0.000000e+00 4.260000e+01
      vertex   4.500000e+00 0.000000e+00 4.740000e+01
    endloop
  endfacet
  facet normal 0.000000e+00 1.000000e+00 0.000000e+00
    outer loop
      vertex   5.452768e+00 0.000000e+00 4.899649e+01
      vertex   4.500000e+00 0.000000e+00 4.740000e+01
      vertex   5.248845e+00 0.000000e+00 4.908728e+01
    endloop
  endfacet
  facet normal 0.000000e+00 1.000000e+00 0.000000e+00
    outer loop
      vertex   5.248845e+00 0.000000e+00 4.908728e+01
      vertex   4.500000e+00 0.000000e+00 4.740000e+01
      vertex   5.059544e+00 0.000000e+00 4.920557e+01
    endloop
  endfacet
  facet normal 0.000000e+00 1.000000e+00 0.000000e+00
    outer loop
      vertex   5.059544e+00 0.000000e+00 4.920557e+01
      vertex   4.500000e+00 0.000000e+00 4.740000e+01
      vertex   4.888547e+00 0.000000e+00 4.934906e+01
    endloop
  endfacet
  facet normal 0.000000e+00 1.000000e+00 0.000000e+00
    outer loop
      vertex   4.888547e+00 0.000000e+00 4.934906e+01
      vertex   4.500000e+00 0.000000e+00 4.740000e+01
      vertex   4.739183e+00 0.000000e+00 4.951494e+01
    endloop
  endfacet
  facet normal 0.000000e+00 1.000000e+00 0.000000e+00
    outer loop
      vertex   4.739183e+00 0.000000e+00 4.951494e+01
      vertex   4.500000e+00 0.000000e+00 4.740000e+01
      vertex   4.614359e+00 0.000000e+00 4.970000e+01
    endloop
  endfacet
  facet normal 0.000000e+00 1.000000e+00 0.000000e+00
    outer loop
      vertex   4.614359e+00 0.000000e+00 4.970000e+01
      vertex   4.500000e+00 0.000000e+00 4.740000e+01
      vertex   4.516506e+00 0.000000e+00 4.990063e+01
    endloop
  endfacet
  facet normal 0.000000e+00 1.000000e+00 0.000000e+00
    outer loop
      vertex   4.516506e+00 0.000000e+00 4.990063e+01
      vertex   4.500000e+00 0.000000e+00 4.740000e+01
      vertex   4.447527e+00 0.000000e+00 5.011292e+01
    endloop
  endfacet
  facet normal 0.000000e+00 1.000000e+00 0.000000e+00
    outer loop
      vertex   4.447527e+00 0.000000e+00 5.011292e+01
      vertex   4.500000e+00 0.000000e+00 4.740000e+01
      vertex   4.408765e+00 0.000000e+00 5.033275e+01
    endloop
  endfacet
  facet normal 0.000000e+00 1.000000e+00 0.000000e+00
    outer loop
      vertex   4.408765e+00 0.000000e+00 5.033275e+01
      vertex   4.500000e+00 0.000000e+00 4.740000e+01
      vertex   -4.500000e+00 0.000000e+00 4.740000e+01
    endloop
  endfacet
  facet normal 0.000000e+00 1.000000e+00 0.000000e+00
    outer loop
      vertex   4.408765e+00 0.000000e+00 5.033275e+01
      vertex   -4.500000e+00 0.000000e+00 4.740000e+01
      vertex   -4.408765e+00 0.000000e+00 5.033275e+01
    endloop
  endfacet
  facet normal 0.000000e+00 1.000000e+00 0.000000e+00
    outer loop
      vertex   -4.408765e+00 0.000000e+00 5.033275e+01
      vertex   -4.500000e+00 0.000000e+00 4.740000e+01
      vertex   -4.447527e+00 0.000000e+00 5.011292e+01
    endloop
  endfacet
  facet normal 0.000000e+00 1.000000e+00 0.000000e+00
    outer loop
      vertex   -4.447527e+00 0.000000e+00 5.011292e+01
      vertex   -4.500000e+00 0.000000e+00 4.740000e+01
      vertex   -4.516506e+00 0.000000e+00 4.990063e+01
    endloop
  endfacet
  facet normal 0.000000e+00 1.000000e+00 0.000000e+00
    outer loop
      vertex   -4.516506e+00 0.000000e+00 4.990063e+01
      vertex   -4.500000e+00 0.000000e+00 4.740000e+01
      vertex   -4.614359e+00 0.000000e+00 4.970000e+01
    endloop
  endfacet
  facet normal 0.000000e+00 1.000000e+00 0.000000e+00
    outer loop
      vertex   -4.614359e+00 0.000000e+00 4.970000e+01
      vertex   -4.500000e+00 0.000000e+00 4.740000e+01
      vertex   -4.739183e+00 0.000000e+00 4.951494e+01
    endloop
  endfacet
  facet normal 0.000000e+00 1.000000e+00 0.000000e+00
    outer loop
      vertex   -4.739183e+00 0.000000e+00 4.951494e+01
      vertex   -4.500000e+00 0.000000e+00 4.740000e+01
      vertex   -4.888547e+00 0.000000e+00 4.934906e+01
    endloop
  endfacet
  facet normal 0.000000e+00 1.000000e+00 0.000000e+00
    outer loop
      vertex   -4.888547e+00 0.000000e+00 4.934906e+01
      vertex   -4.500000e+00 0.000000e+00 4.740000e+01
      vertex   -5.059544e+00 0.000000e+00 4.920557e+01
    endloop
  endfacet
  facet normal 0.000000e+00 1.000000e+00 0.000000e+00
    outer loop
      vertex   -5.059544e+00 0.000000e+00 4.920557e+01
      vertex   -4.500000e+00 0.000000e+00 4.740000e+01
      vertex   -5.248845e+00 0.000000e+00 4.908728e+01
    endloop
  endfacet
  facet normal 0.000000e+00 1.000000e+00 0.000000e+00
    outer loop
      vertex   -5.248845e+00 0.000000e+00 4.908728e+01
      vertex   -4.500000e+00 0.000000e+00 4.740000e+01
      vertex   -5.452768e+00 0.000000e+00 4.899649e+01
    endloop
  endfacet
  facet normal 0.000000e+00 1.000000e+00 0.000000e+00
    outer loop
      vertex   -5.452768e+00 0.000000e+00 4.899649e+01
      vertex   -4.500000e+00 0.000000e+00 4.740000e+01
      vertex   -4.500000e+00 0.000000e+00 4.260000e+01
    endloop
  endfacet
  facet normal 0.000000e+00 1.000000e+00 0.000000e+00
    outer loop
      vertex   -5.452768e+00 0.000000e+00 4.899649e+01
      vertex   -4.500000e+00 0.000000e+00 4.260000e+01
      vertex   -5.667341e+00 0.000000e+00 4.893496e+01
    endloop
  endfacet
  facet normal 0.000000e+00 1.000000e+00 0.000000e+00
    outer loop
      vertex   -5.667341e+00 0.000000e+00 4.893496e+01
      vertex   -4.500000e+00 0.000000e+00 4.260000e+01
      vertex   -5.888390e+00 0.000000e+00 4.890390e+01
    endloop
  endfacet
  facet normal 0.000000e+00 1.000000e+00 0.000000e+00
    outer loop
      vertex   -5.888390e+00 0.000000e+00 4.890390e+01
      vertex   -4.500000e+00 0.000000e+00 4.260000e+01
      vertex   -6.111610e+00 0.000000e+00 4.890390e+01
    endloop
  endfacet
  facet normal 0.000000e+00 1.000000e+00 0.000000e+00
    outer loop
      vertex   -6.111610e+00 0.000000e+00 4.890390e+01
      vertex   -4.500000e+00 0.000000e+00 4.260000e+01
      vertex   -6.332659e+00 0.000000e+00 4.893496e+01
    endloop
  endfacet
  facet normal 0.000000e+00 1.000000e+00 0.000000e+00
    outer loop
      vertex   -6.332659e+00 0.000000e+00 4.893496e+01
      vertex   -4.500000e+00 0.000000e+00 4.260000e+01
      vertex   -6.547232e+00 0.000000e+00 4.899649e+01
    endloop
  endfacet
  facet normal 0.000000e+00 1.000000e+00 0.000000e+00
    outer loop
      vertex   -6.547232e+00 0.000000e+00 4.899649e+01
      vertex   -4.500000e+00 0.000000e+00 4.260000e+01
      vertex   -6.751155e+00 0.000000e+00 4.908728e+01
    endloop
  endfacet
  facet normal 0.000000e+00 1.000000e+00 0.000000e+00
    outer loop
      vertex   -6.751155e+00 0.000000e+00 4.908728e+01
      vertex   -4.500000e+00 0.000000e+00 4.260000e+01
      vertex   -6.940456e+00 0.000000e+00 4.920557e+01
    endloop
  endfacet
  facet normal 0.000000e+00 1.000000e+00 0.000000e+00
    outer loop
      vertex   -6.940456e+00 0.000000e+00 4.920557e+01
      vertex   -4.500000e+00 0.000000e+00 4.260000e+01
      vertex   -7.111453e+00 0.000000e+00 4.934906e+01
    endloop
  endfacet
  facet normal 0.000000e+00 1.000000e+00 0.000000e+00
    outer loop
      vertex   -7.111453e+00 0.000000e+00 4.934906e+01
      vertex   -4.500000e+00 0.000000e+00 4.260000e+01
      vertex   -7.260817e+00 0.000000e+00 4.951494e+01
    endloop
  endfacet
  facet normal 0.000000e+00 1.000000e+00 0.000000e+00
    outer loop
      vertex   -7.260817e+00 0.000000e+00 4.951494e+01
      vertex   -4.500000e+00 0.000000e+00 4.260000e+01
      vertex   -4.500000e+00 0.000000e+00 2.400000e+00
    endloop
  endfacet
  facet normal 0.000000e+00 1.000000e+00 0.000000e+00
    outer loop
      vertex   9.500000e+00 0.000000e+00 5.800000e+01
      vertex   9.586824e+00 0.000000e+00 5.799240e+01
      vertex   1.000000e+01 0.000000e+00 5.750000e+01
    endloop
  endfacet
  facet normal 0.000000e+00 1.000000e+00 0.000000e+00
    outer loop
      vertex   1.000000e+01 0.000000e+00 5.750000e+01
      vertex   9.586824e+00 0.000000e+00 5.799240e+01
      vertex   9.671010e+00 0.000000e+00 5.796985e+01
    endloop
  endfacet
  facet normal 0.000000e+00 1.000000e+00 0.000000e+00
    outer loop
      vertex   1.000000e+01 0.000000e+00 5.750000e+01
      vertex   9.671010e+00 0.000000e+00 5.796985e+01
      vertex   9.750000e+00 0.000000e+00 5.793301e+01
    endloop
  endfacet
  facet normal 0.000000e+00 1.000000e+00 0.000000e+00
    outer loop
      vertex   9.750000e+00 0.000000e+00 5.793301e+01
      vertex   9.821394e+00 0.000000e+00 5.788302e+01
      vertex   1.000000e+01 0.000000e+00 5.750000e+01
    endloop
  endfacet
  facet normal 0.000000e+00 1.000000e+00 0.000000e+00
    outer loop
      vertex   1.000000e+01 0.000000e+00 5.750000e+01
      vertex   9.821394e+00 0.000000e+00 5.788302e+01
      vertex   9.883022e+00 0.000000e+00 5.782139e+01
    endloop
  endfacet
  facet normal 0.000000e+00 1.000000e+00 0.000000e+00
    outer loop
      vertex   1.000000e+01 0.000000e+00 5.750000e+01
      vertex   9.883022e+00 0.000000e+00 5.782139e+01
      vertex   9.933013e+00 0.000000e+00 5.775000e+01
    endloop
  endfacet
  facet normal 0.000000e+00 1.000000e+00 0.000000e+00
    outer loop
      vertex   9.933013e+00 0.000000e+00 5.775000e+01
      vertex   9.969846e+00 0.000000e+00 5.767101e+01
      vertex   1.000000e+01 0.000000e+00 5.750000e+01
    endloop
  endfacet
  facet normal 0.000000e+00 1.000000e+00 0.000000e+00
    outer loop
      vertex   1.000000e+01 0.000000e+00 5.750000e+01
      vertex   9.969846e+00 0.000000e+00 5.767101e+01
      vertex   9.992404e+00 0.000000e+00 5.758682e+01
    endloop
  endfacet
  facet normal 0.000000e+00 1.000000e+00 -0.000000e+00
    outer loop
      vertex   9.985554e+00 0.000000e+00 -1.479405e+01
      vertex   9.942356e+00 0.000000e+00 -1.508527e+01
      vertex   1.000000e+01 0.000000e+00 -1.450000e+01
    endloop
  endfacet
  facet normal 0.000000e+00 1.000000e+00 0.000000e+00
    outer loop
      vertex   1.000000e+01 0.000000e+00 -1.450000e+01
      vertex   9.942356e+00 0.000000e+00 -1.508527e+01
      vertex   9.870821e+00 0.000000e+00 -1.537085e+01
    endloop
  endfacet
  facet normal 0.000000e+00 1.000000e+00 0.000000e+00
    outer loop
      vertex   1.000000e+01 0.000000e+00 -1.450000e+01
      vertex   9.870821e+00 0.000000e+00 -1.537085e+01
      vertex   9.771639e+00 0.000000e+00 -1.564805e+01
    endloop
  endfacet
  facet normal 0.000000e+00 1.000000e+00 -0.000000e+00
    outer loop
      vertex   9.771639e+00 0.000000e+00 -1.564805e+01
      vertex   9.645764e+00 0.000000e+00 -1.591419e+01
      vertex   1.000000e+01 0.000000e+00 -1.450000e+01
    endloop
  endfacet
  facet normal 0.000000e+00 1.000000e+00 0.000000e+00
    outer loop
      vertex   1.000000e+01 0.000000e+00 -1.450000e+01
      vertex   9.645764e+00 0.000000e+00 -1.591419e+01
      vertex   9.494409e+00 0.000000e+00 -1.616671e+01
    endloop
  endfacet
  facet normal 0.000000e+00 1.000000e+00 0.000000e+00
    outer loop
      vertex   1.000000e+01 0.000000e+00 -1.450000e+01
      vertex   9.494409e+00 0.000000e+00 -1.616671e+01
      vertex   9.319031e+00 0.000000e+00 -1.640318e+01
    endloop
  endfacet
  facet normal 0.000000e+00 1.000000e+00 0.000000e+00
    outer loop
      vertex   1.000000e+01 0.000000e+00 -1.450000e+01
      vertex   9.319031e+00 0.000000e+00 -1.640318e+01
      vertex   7.599025e+00 0.000000e+00 -1.344416e+01
    endloop
  endfacet
  facet normal 0.000000e+00 1.000000e+00 0.000000e+00
    outer loop
      vertex   7.599025e+00 0.000000e+00 -1.344416e+01
      vertex   9.319031e+00 0.000000e+00 -1.640318e+01
      vertex   9.121320e+00 0.000000e+00 -1.662132e+01
    endloop
  endfacet
  facet normal 0.000000e+00 1.000000e+00 0.000000e+00
    outer loop
      vertex   7.599025e+00 0.000000e+00 -1.344416e+01
      vertex   9.121320e+00 0.000000e+00 -1.662132e+01
      vertex   8.903180e+00 0.000000e+00 -1.681903e+01
    endloop
  endfacet
  facet normal 0.000000e+00 1.000000e+00 0.000000e+00
    outer loop
      vertex   8.903180e+00 0.000000e+00 -1.681903e+01
      vertex   8.666711e+00 0.000000e+00 -1.699441e+01
      vertex   7.599025e+00 0.000000e+00 -1.344416e+01
    endloop
  endfacet
  facet normal 0.000000e+00 1.000000e+00 0.000000e+00
    outer loop
      vertex   7.599025e+00 0.000000e+00 -1.344416e+01
      vertex   8.666711e+00 0.000000e+00 -1.699441e+01
      vertex   7.591235e+00 0.000000e+00 -1.366725e+01
    endloop
  endfacet
  facet normal 0.000000e+00 1.000000e+00 0.000000e+00
    outer loop
      vertex   7.591235e+00 0.000000e+00 -1.366725e+01
      vertex   8.666711e+00 0.000000e+00 -1.699441e+01
      vertex   8.414190e+00 0.000000e+00 -1.714576e+01
    endloop
  endfacet
  facet normal 0.000000e+00 1.000000e+00 0.000000e+00
    outer loop
      vertex   7.591235e+00 0.000000e+00 -1.366725e+01
      vertex   8.414190e+00 0.000000e+00 -1.714576e+01
      vertex   8.148050e+00 0.000000e+00 -1.727164e+01
    endloop
  endfacet
  facet normal 0.000000e+00 1.000000e+00 0.000000e+00
    outer loop
      vertex   7.591235e+00 0.000000e+00 -1.366725e+01
      vertex   8.148050e+00 0.000000e+00 -1.727164e+01
      vertex   7.552473e+00 0.000000e+00 -1.388708e+01
    endloop
  endfacet
  facet normal 0.000000e+00 1.000000e+00 0.000000e+00
    outer loop
      vertex   7.552473e+00 0.000000e+00 -1.388708e+01
      vertex   8.148050e+00 0.000000e+00 -1.727164e+01
      vertex   7.870854e+00 0.000000e+00 -1.737082e+01
    endloop
  endfacet
  facet normal 0.000000e+00 1.000000e+00 0.000000e+00
    outer loop
      vertex   7.552473e+00 0.000000e+00 -1.388708e+01
      vertex   7.870854e+00 0.000000e+00 -1.737082e+01
      vertex   7.483494e+00 0.000000e+00 -1.409937e+01
    endloop
  endfacet
  facet normal 0.000000e+00 1.000000e+00 0.000000e+00
    outer loop
      vertex   7.483494e+00 0.000000e+00 -1.409937e+01
      vertex   7.870854e+00 0.000000e+00 -1.737082e+01
      vertex   7.585271e+00 0.000000e+00 -1.744236e+01
    endloop
  endfacet
  facet normal 0.000000e+00 1.000000e+00 0.000000e+00
    outer loop
      vertex   7.483494e+00 0.000000e+00 -1.409937e+01
      vertex   7.585271e+00 0.000000e+00 -1.744236e+01
      vertex   7.385641e+00 0.000000e+00 -1.430000e+01
    endloop
  endfacet
  facet normal 0.000000e+00 1.000000e+00 0.000000e+00
    outer loop
      vertex   7.385641e+00 0.000000e+00 -1.430000e+01
      vertex   7.585271e+00 0.000000e+00 -1.744236e+01
      vertex   7.260817e+00 0.000000e+00 -1.448506e+01
    endloop
  endfacet
  facet normal 0.000000e+00 1.000000e+00 0.000000e+00
    outer loop
      vertex   7.260817e+00 0.000000e+00 -1.448506e+01
      vertex   7.585271e+00 0.000000e+00 -1.744236e+01
      vertex   7.294051e+00 0.000000e+00 -1.748555e+01
    endloop
  endfacet
  facet normal 0.000000e+00 1.000000e+00 0.000000e+00
    outer loop
      vertex   7.260817e+00 0.000000e+00 -1.448506e+01
      vertex   7.294051e+00 0.000000e+00 -1.748555e+01
      vertex   7.111453e+00 0.000000e+00 -1.465094e+01
    endloop
  endfacet
  facet normal 0.000000e+00 1.000000e+00 0.000000e+00
    outer loop
      vertex   7.111453e+00 0.000000e+00 -1.465094e+01
      vertex   7.294051e+00 0.000000e+00 -1.748555e+01
      vertex   7.000000e+00 0.000000e+00 -1.750000e+01
    endloop
  endfacet
  facet normal 0.000000e+00 1.000000e+00 0.000000e+00
    outer loop
      vertex   7.111453e+00 0.000000e+00 -1.465094e+01
      vertex   7.000000e+00 0.000000e+00 -1.750000e+01
      vertex   6.940456e+00 0.000000e+00 -1.479443e+01
    endloop
  endfacet
  facet normal 0.000000e+00 1.000000e+00 0.000000e+00
    outer loop
      vertex   6.940456e+00 0.000000e+00 -1.479443e+01
      vertex   7.000000e+00 0.000000e+00 -1.750000e+01
      vertex   6.751155e+00 0.000000e+00 -1.491272e+01
    endloop
  endfacet
  facet normal 0.000000e+00 1.000000e+00 0.000000e+00
    outer loop
      vertex   6.751155e+00 0.000000e+00 -1.491272e+01
      vertex   7.000000e+00 0.000000e+00 -1.750000e+01
      vertex   6.547232e+00 0.000000e+00 -1.500351e+01
    endloop
  endfacet
  facet normal 0.000000e+00 1.000000e+00 0.000000e+00
    outer loop
      vertex   6.547232e+00 0.000000e+00 -1.500351e+01
      vertex   7.000000e+00 0.000000e+00 -1.750000e+01
      vertex   6.332659e+00 0.000000e+00 -1.506504e+01
    endloop
  endfacet
  facet normal 0.000000e+00 1.000000e+00 0.000000e+00
    outer loop
      vertex   6.332659e+00 0.000000e+00 -1.506504e+01
      vertex   7.000000e+00 0.000000e+00 -1.750000e+01
      vertex   6.111610e+00 0.000000e+00 -1.509610e+01
    endloop
  endfacet
  facet normal 0.000000e+00 1.000000e+00 0.000000e+00
    outer loop
      vertex   6.111610e+00 0.000000e+00 -1.509610e+01
      vertex   7.000000e+00 0.000000e+00 -1.750000e+01
      vertex   5.888390e+00 0.000000e+00 -1.509610e+01
    endloop
  endfacet
  facet normal 0.000000e+00 1.000000e+00 0.000000e+00
    outer loop
      vertex   5.888390e+00 0.000000e+00 -1.509610e+01
      vertex   7.000000e+00 0.000000e+00 -1.750000e+01
      vertex   5.667341e+00 0.000000e+00 -1.506504e+01
    endloop
  endfacet
  facet normal 0.000000e+00 1.000000e+00 0.000000e+00
    outer loop
      vertex   5.667341e+00 0.000000e+00 -1.506504e+01
      vertex   7.000000e+00 0.000000e+00 -1.750000e+01
      vertex   5.452768e+00 0.000000e+00 -1.500351e+01
    endloop
  endfacet
  facet normal 0.000000e+00 1.000000e+00 0.000000e+00
    outer loop
      vertex   5.452768e+00 0.000000e+00 -1.500351e+01
      vertex   7.000000e+00 0.000000e+00 -1.750000e+01
      vertex   5.248845e+00 0.000000e+00 -1.491272e+01
    endloop
  endfacet
  facet normal 0.000000e+00 1.000000e+00 0.000000e+00
    outer loop
      vertex   5.248845e+00 0.000000e+00 -1.491272e+01
      vertex   7.000000e+00 0.000000e+00 -1.750000e+01
      vertex   5.059544e+00 0.000000e+00 -1.479443e+01
    endloop
  endfacet
  facet normal 0.000000e+00 1.000000e+00 0.000000e+00
    outer loop
      vertex   5.059544e+00 0.000000e+00 -1.479443e+01
      vertex   7.000000e+00 0.000000e+00 -1.750000e+01
      vertex   4.888547e+00 0.000000e+00 -1.465094e+01
    endloop
  endfacet
  facet normal 0.000000e+00 1.000000e+00 0.000000e+00
    outer loop
      vertex   4.888547e+00 0.000000e+00 -1.465094e+01
      vertex   7.000000e+00 0.000000e+00 -1.750000e+01
      vertex   -7.000000e+00 0.000000e+00 -1.750000e+01
    endloop
  endfacet
  facet normal 0.000000e+00 1.000000e+00 0.000000e+00
    outer loop
      vertex   4.888547e+00 0.000000e+00 -1.465094e+01
      vertex   -7.000000e+00 0.000000e+00 -1.750000e+01
      vertex   -4.888547e+00 0.000000e+00 -1.465094e+01
    endloop
  endfacet
  facet normal 0.000000e+00 1.000000e+00 0.000000e+00
    outer loop
      vertex   -4.888547e+00 0.000000e+00 -1.465094e+01
      vertex   -7.000000e+00 0.000000e+00 -1.750000e+01
      vertex   -5.059544e+00 0.000000e+00 -1.479443e+01
    endloop
  endfacet
  facet normal 0.000000e+00 1.000000e+00 0.000000e+00
    outer loop
      vertex   -5.059544e+00 0.000000e+00 -1.479443e+01
      vertex   -7.000000e+00 0.000000e+00 -1.750000e+01
      vertex   -5.248845e+00 0.000000e+00 -1.491272e+01
    endloop
  endfacet
  facet normal 0.000000e+00 1.000000e+00 0.000000e+00
    outer loop
      vertex   -5.248845e+00 0.000000e+00 -1.491272e+01
      vertex   -7.000000e+00 0.000000e+00 -1.750000e+01
      vertex   -5.452768e+00 0.000000e+00 -1.500351e+01
    endloop
  endfacet
  facet normal 0.000000e+00 1.000000e+00 0.000000e+00
    outer loop
      vertex   -5.452768e+00 0.000000e+00 -1.500351e+01
      vertex   -7.000000e+00 0.000000e+00 -1.750000e+01
      vertex   -5.667341e+00 0.000000e+00 -1.506504e+01
    endloop
  endfacet
  facet normal 0.000000e+00 1.000000e+00 0.000000e+00
    outer loop
      vertex   -5.667341e+00 0.000000e+00 -1.506504e+01
      vertex   -7.000000e+00 0.000000e+00 -1.750000e+01
      vertex   -5.888390e+00 0.000000e+00 -1.509610e+01
    endloop
  endfacet
  facet normal 0.000000e+00 1.000000e+00 0.000000e+00
    outer loop
      vertex   -5.888390e+00 0.000000e+00 -1.509610e+01
      vertex   -7.000000e+00 0.000000e+00 -1.750000e+01
      vertex   -6.111610e+00 0.000000e+00 -1.509610e+01
    endloop
  endfacet
  facet normal 0.000000e+00 1.000000e+00 0.000000e+00
    outer loop
      vertex   -6.111610e+00 0.000000e+00 -1.509610e+01
      vertex   -7.000000e+00 0.000000e+00 -1.750000e+01
      vertex   -6.332659e+00 0.000000e+00 -1.506504e+01
    endloop
  endfacet
  facet normal 0.000000e+00 1.000000e+00 0.000000e+00
    outer loop
      vertex   -6.332659e+00 0.000000e+00 -1.506504e+01
      vertex   -7.000000e+00 0.000000e+00 -1.750000e+01
      vertex   -6.547232e+00 0.000000e+00 -1.500351e+01
    endloop
  endfacet
  facet normal 0.000000e+00 1.000000e+00 0.000000e+00
    outer loop
      vertex   -6.547232e+00 0.000000e+00 -1.500351e+01
      vertex   -7.000000e+00 0.000000e+00 -1.750000e+01
      vertex   -6.751155e+00 0.000000e+00 -1.491272e+01
    endloop
  endfacet
  facet normal 0.000000e+00 1.000000e+00 0.000000e+00
    outer loop
      vertex   -4.500000e+00 0.000000e+00 2.400000e+00
      vertex   -4.500000e+00 0.000000e+00 4.260000e+01
      vertex   4.500000e+00 0.000000e+00 2.400000e+00
    endloop
  endfacet
  facet normal 0.000000e+00 1.000000e+00 -0.000000e+00
    outer loop
      vertex   4.500000e+00 0.000000e+00 2.400000e+00
      vertex   -4.500000e+00 0.000000e+00 4.260000e+01
      vertex   4.500000e+00 0.000000e+00 4.260000e+01
    endloop
  endfacet
  facet normal 0.000000e+00 1.000000e+00 0.000000e+00
    outer loop
      vertex   -4.673540e+00 0.000000e+00 5.139471e+01
      vertex   4.561930e+00 0.000000e+00 5.120139e+01
      vertex   -4.561930e+00 0.000000e+00 5.120139e+01
    endloop
  endfacet
  facet normal -0.000000e+00 1.000000e+00 0.000000e+00
    outer loop
      vertex   -4.561930e+00 0.000000e+00 5.120139e+01
      vertex   4.561930e+00 0.000000e+00 5.120139e+01
      vertex   4.478310e+00 0.000000e+00 5.099443e+01
    endloop
  endfacet
  facet normal 0.000000e+00 1.000000e+00 0.000000e+00
    outer loop
      vertex   -4.561930e+00 0.000000e+00 5.120139e+01
      vertex   4.478310e+00 0.000000e+00 5.099443e+01
      vertex   -4.478310e+00 0.000000e+00 5.099443e+01
    endloop
  endfacet
  facet normal -0.000000e+00 1.000000e+00 0.000000e+00
    outer loop
      vertex   -4.478310e+00 0.000000e+00 5.099443e+01
      vertex   4.478310e+00 0.000000e+00 5.099443e+01
      vertex   4.424308e+00 0.000000e+00 5.077784e+01
    endloop
  endfacet
  facet normal 0.000000e+00 1.000000e+00 0.000000e+00
    outer loop
      vertex   -4.478310e+00 0.000000e+00 5.099443e+01
      vertex   4.424308e+00 0.000000e+00 5.077784e+01
      vertex   -4.424308e+00 0.000000e+00 5.077784e+01
    endloop
  endfacet
  facet normal -0.000000e+00 1.000000e+00 0.000000e+00
    outer loop
      vertex   -4.424308e+00 0.000000e+00 5.077784e+01
      vertex   4.424308e+00 0.000000e+00 5.077784e+01
      vertex   4.400975e+00 0.000000e+00 5.055584e+01
    endloop
  endfacet
  facet normal 0.000000e+00 1.000000e+00 0.000000e+00
    outer loop
      vertex   -4.424308e+00 0.000000e+00 5.077784e+01
      vertex   4.400975e+00 0.000000e+00 5.055584e+01
      vertex   -4.400975e+00 0.000000e+00 5.055584e+01
    endloop
  endfacet
  facet normal -0.000000e+00 1.000000e+00 0.000000e+00
    outer loop
      vertex   -4.400975e+00 0.000000e+00 5.055584e+01
      vertex   4.400975e+00 0.000000e+00 5.055584e+01
      vertex   4.408765e+00 0.000000e+00 5.033275e+01
    endloop
  endfacet
  facet normal 0.000000e+00 1.000000e+00 0.000000e+00
    outer loop
      vertex   -4.400975e+00 0.000000e+00 5.055584e+01
      vertex   4.408765e+00 0.000000e+00 5.033275e+01
      vertex   -4.408765e+00 0.000000e+00 5.033275e+01
    endloop
  endfacet
  facet normal 0.000000e+00 1.000000e+00 0.000000e+00
    outer loop
      vertex   -7.599025e+00 0.000000e+00 5.055584e+01
      vertex   -7.591235e+00 0.000000e+00 5.033275e+01
      vertex   -1.000000e+01 0.000000e+00 5.750000e+01
    endloop
  endfacet
  facet normal 0.000000e+00 1.000000e+00 0.000000e+00
    outer loop
      vertex   -1.000000e+01 0.000000e+00 5.750000e+01
      vertex   -7.591235e+00 0.000000e+00 5.033275e+01
      vertex   -7.552473e+00 0.000000e+00 5.011292e+01
    endloop
  endfacet
  facet normal 0.000000e+00 1.000000e+00 0.000000e+00
    outer loop
      vertex   -4.888547e+00 0.000000e+00 -1.465094e+01
      vertex   -4.739183e+00 0.000000e+00 -1.448506e+01
      vertex   4.888547e+00 0.000000e+00 -1.465094e+01
    endloop
  endfacet
  facet normal 0.000000e+00 1.000000e+00 0.000000e+00
    outer loop
      vertex   6.222677e+00 0.000000e+00 -1.191557e+01
      vertex   6.000000e+00 0.000000e+00 -1.190000e+01
      vertex   4.500000e+00 0.000000e+00 -2.400000e+00
    endloop
  endfacet
  facet normal 0.000000e+00 1.000000e+00 0.000000e+00
    outer loop
      vertex   4.500000e+00 0.000000e+00 -2.400000e+00
      vertex   6.000000e+00 0.000000e+00 -1.190000e+01
      vertex   5.777323e+00 0.000000e+00 -1.191557e+01
    endloop
  endfacet
  facet normal 0.000000e+00 1.000000e+00 0.000000e+00
    outer loop
      vertex   4.500000e+00 0.000000e+00 -2.400000e+00
      vertex   5.777323e+00 0.000000e+00 -1.191557e+01
      vertex   5.558980e+00 0.000000e+00 -1.196198e+01
    endloop
  endfacet
  facet normal 0.000000e+00 1.000000e+00 0.000000e+00
    outer loop
      vertex   5.558980e+00 0.000000e+00 -1.196198e+01
      vertex   5.349221e+00 0.000000e+00 -1.203833e+01
      vertex   4.500000e+00 0.000000e+00 -2.400000e+00
    endloop
  endfacet
  facet normal 0.000000e+00 1.000000e+00 0.000000e+00
    outer loop
      vertex   4.500000e+00 0.000000e+00 -2.400000e+00
      vertex   5.349221e+00 0.000000e+00 -1.203833e+01
      vertex   5.152129e+00 0.000000e+00 -1.214312e+01
    endloop
  endfacet
  facet normal 0.000000e+00 1.000000e+00 0.000000e+00
    outer loop
      vertex   4.500000e+00 0.000000e+00 -2.400000e+00
      vertex   5.152129e+00 0.000000e+00 -1.214312e+01
      vertex   4.971540e+00 0.000000e+00 -1.227433e+01
    endloop
  endfacet
  facet normal 0.000000e+00 1.000000e+00 0.000000e+00
    outer loop
      vertex   4.971540e+00 0.000000e+00 -1.227433e+01
      vertex   4.810968e+00 0.000000e+00 -1.242939e+01
      vertex   4.500000e+00 0.000000e+00 -2.400000e+00
    endloop
  endfacet
  facet normal 0.000000e+00 1.000000e+00 0.000000e+00
    outer loop
      vertex   4.500000e+00 0.000000e+00 -2.400000e+00
      vertex   4.810968e+00 0.000000e+00 -1.242939e+01
      vertex   4.673540e+00 0.000000e+00 -1.260529e+01
    endloop
  endfacet
  facet normal 0.000000e+00 1.000000e+00 0.000000e+00
    outer loop
      vertex   4.500000e+00 0.000000e+00 -2.400000e+00
      vertex   4.673540e+00 0.000000e+00 -1.260529e+01
      vertex   4.561930e+00 0.000000e+00 -1.279861e+01
    endloop
  endfacet
  facet normal 0.000000e+00 1.000000e+00 0.000000e+00
    outer loop
      vertex   4.561930e+00 0.000000e+00 -1.279861e+01
      vertex   4.478310e+00 0.000000e+00 -1.300557e+01
      vertex   4.500000e+00 0.000000e+00 -2.400000e+00
    endloop
  endfacet
  facet normal 0.000000e+00 1.000000e+00 0.000000e+00
    outer loop
      vertex   4.500000e+00 0.000000e+00 -2.400000e+00
      vertex   4.478310e+00 0.000000e+00 -1.300557e+01
      vertex   4.424308e+00 0.000000e+00 -1.322216e+01
    endloop
  endfacet
  facet normal 0.000000e+00 1.000000e+00 0.000000e+00
    outer loop
      vertex   4.500000e+00 0.000000e+00 -2.400000e+00
      vertex   4.424308e+00 0.000000e+00 -1.322216e+01
      vertex   4.400975e+00 0.000000e+00 -1.344416e+01
    endloop
  endfacet
  facet normal -0.000000e+00 1.000000e+00 -0.000000e+00
    outer loop
      vertex   7.599025e+00 0.000000e+00 -1.344416e+01
      vertex   7.575692e+00 0.000000e+00 -1.322216e+01
      vertex   1.000000e+01 0.000000e+00 -1.450000e+01
    endloop
  endfacet
  facet normal 0.000000e+00 1.000000e+00 0.000000e+00
    outer loop
      vertex   1.000000e+01 0.000000e+00 -1.450000e+01
      vertex   7.575692e+00 0.000000e+00 -1.322216e+01
      vertex   7.521690e+00 0.000000e+00 -1.300557e+01
    endloop
  endfacet
  facet normal 0.000000e+00 1.000000e+00 0.000000e+00
    outer loop
      vertex   1.000000e+01 0.000000e+00 -1.450000e+01
      vertex   7.521690e+00 0.000000e+00 -1.300557e+01
      vertex   7.438070e+00 0.000000e+00 -1.279861e+01
    endloop
  endfacet
  facet normal 0.000000e+00 1.000000e+00 0.000000e+00
    outer loop
      vertex   1.000000e+01 0.000000e+00 -1.450000e+01
      vertex   7.438070e+00 0.000000e+00 -1.279861e+01
      vertex   4.500000e+00 0.000000e+00 2.400000e+00
    endloop
  endfacet
  facet normal 0.000000e+00 1.000000e+00 0.000000e+00
    outer loop
      vertex   4.500000e+00 0.000000e+00 2.400000e+00
      vertex   7.438070e+00 0.000000e+00 -1.279861e+01
      vertex   7.326460e+00 0.000000e+00 -1.260529e+01
    endloop
  endfacet
  facet normal 0.000000e+00 1.000000e+00 0.000000e+00
    outer loop
      vertex   4.500000e+00 0.000000e+00 2.400000e+00
      vertex   7.326460e+00 0.000000e+00 -1.260529e+01
      vertex   7.189032e+00 0.000000e+00 -1.242939e+01
    endloop
  endfacet
  facet normal 0.000000e+00 1.000000e+00 0.000000e+00
    outer loop
      vertex   7.189032e+00 0.000000e+00 -1.242939e+01
      vertex   7.028460e+00 0.000000e+00 -1.227433e+01
      vertex   4.500000e+00 0.000000e+00 2.400000e+00
    endloop
  endfacet
  facet normal 0.000000e+00 1.000000e+00 0.000000e+00
    outer loop
      vertex   4.500000e+00 0.000000e+00 2.400000e+00
      vertex   7.028460e+00 0.000000e+00 -1.227433e+01
      vertex   4.500000e+00 0.000000e+00 -2.400000e+00
    endloop
  endfacet
  facet normal 0.000000e+00 1.000000e+00 0.000000e+00
    outer loop
      vertex   4.500000e+00 0.000000e+00 -2.400000e+00
      vertex   7.028460e+00 0.000000e+00 -1.227433e+01
      vertex   6.847871e+00 0.000000e+00 -1.214312e+01
    endloop
  endfacet
  facet normal 0.000000e+00 1.000000e+00 0.000000e+00
    outer loop
      vertex   4.500000e+00 0.000000e+00 -2.400000e+00
      vertex   6.847871e+00 0.000000e+00 -1.214312e+01
      vertex   6.650779e+00 0.000000e+00 -1.203833e+01
    endloop
  endfacet
  facet normal 0.000000e+00 1.000000e+00 0.000000e+00
    outer loop
      vertex   6.650779e+00 0.000000e+00 -1.203833e+01
      vertex   6.441020e+00 0.000000e+00 -1.196198e+01
      vertex   4.500000e+00 0.000000e+00 -2.400000e+00
    endloop
  endfacet
  facet normal 0.000000e+00 1.000000e+00 0.000000e+00
    outer loop
      vertex   4.500000e+00 0.000000e+00 -2.400000e+00
      vertex   6.441020e+00 0.000000e+00 -1.196198e+01
      vertex   6.222677e+00 0.000000e+00 -1.191557e+01
    endloop
  endfacet
  facet normal -0.000000e+00 1.000000e+00 0.000000e+00
    outer loop
      vertex   -4.500000e+00 0.000000e+00 -2.400000e+00
      vertex   4.500000e+00 0.000000e+00 -2.400000e+00
      vertex   4.400975e+00 0.000000e+00 -1.344416e+01
    endloop
  endfacet
  facet normal 1.000000e+00 -0.000000e+00 0.000000e+00
    outer loop
      vertex   3.500000e+00 1.000000e+00 1.400000e+00
      vertex   3.500000e+00 1.000000e+00 -1.400000e+00
      vertex   3.500000e+00 1.500000e+00 1.400000e+00
    endloop
  endfacet
  facet normal 1.000000e+00 0.000000e+00 0.000000e+00
    outer loop
      vertex   3.500000e+00 1.500000e+00 1.400000e+00
      vertex   3.500000e+00 1.000000e+00 -1.400000e+00
      vertex   3.500000e+00 1.500000e+00 -1.400000e+00
    endloop
  endfacet
  facet normal -0.000000e+00 -0.000000e+00 -1.000000e+00
    outer loop
      vertex   3.500000e+00 1.500000e+00 -1.400000e+00
      vertex   3.500000e+00 1.000000e+00 -1.400000e+00
      vertex   3.344574e+00 1.554118e+00 -1.400000e+00
    endloop
  endfacet
  facet normal -0.000000e+00 -0.000000e+00 -1.000000e+00
    outer loop
      vertex   3.344574e+00 1.554118e+00 -1.400000e+00
      vertex   3.500000e+00 1.000000e+00 -1.400000e+00
      vertex   3.200129e+00 1.632996e+00 -1.400000e+00
    endloop
  endfacet
  facet normal -0.000000e+00 -0.000000e+00 -1.000000e+00
    outer loop
      vertex   3.200129e+00 1.632996e+00 -1.400000e+00
      vertex   3.500000e+00 1.000000e+00 -1.400000e+00
      vertex   3.070579e+00 1.734498e+00 -1.400000e+00
    endloop
  endfacet
  facet normal 0.000000e+00 -0.000000e+00 -1.000000e+00
    outer loop
      vertex   3.070579e+00 1.734498e+00 -1.400000e+00
      vertex   3.500000e+00 1.000000e+00 -1.400000e+00
      vertex   -3.500000e+00 1.000000e+00 -1.400000e+00
    endloop
  endfacet
  facet normal -0.000000e+00 0.000000e+00 -1.000000e+00
    outer loop
      vertex   3.070579e+00 1.734498e+00 -1.400000e+00
      vertex   -3.500000e+00 1.000000e+00 -1.400000e+00
      vertex   -3.070579e+00 1.734498e+00 -1.400000e+00
    endloop
  endfacet
  facet normal 0.000000e+00 0.000000e+00 -1.000000e+00
    outer loop
      vertex   -3.070579e+00 1.734498e+00 -1.400000e+00
      vertex   -3.500000e+00 1.000000e+00 -1.400000e+00
      vertex   -3.200129e+00 1.632996e+00 -1.400000e+00
    endloop
  endfacet
  facet normal 0.000000e+00 0.000000e+00 -1.000000e+00
    outer loop
      vertex   -3.200129e+00 1.632996e+00 -1.400000e+00
      vertex   -3.500000e+00 1.000000e+00 -1.400000e+00
      vertex   -3.344574e+00 1.554118e+00 -1.400000e+00
    endloop
  endfacet
  facet normal 0.000000e+00 0.000000e+00 -1.000000e+00
    outer loop
      vertex   -3.344574e+00 1.554118e+00 -1.400000e+00
      vertex   -3.500000e+00 1.000000e+00 -1.400000e+00
      vertex   -3.500000e+00 1.500000e+00 -1.400000e+00
    endloop
  endfacet
  facet normal 0.000000e+00 0.000000e+00 -1.000000e+00
    outer loop
      vertex   3.070579e+00 1.734498e+00 -1.400000e+00
      vertex   -3.070579e+00 1.734498e+00 -1.400000e+00
      vertex   2.959431e+00 1.855873e+00 -1.400000e+00
    endloop
  endfacet
  facet normal -0.000000e+00 0.000000e+00 -1.000000e+00
    outer loop
      vertex   2.959431e+00 1.855873e+00 -1.400000e+00
      vertex   -3.070579e+00 1.734498e+00 -1.400000e+00
      vertex   -2.959431e+00 1.855873e+00 -1.400000e+00
    endloop
  endfacet
  facet normal 0.000000e+00 0.000000e+00 -1.000000e+00
    outer loop
      vertex   2.959431e+00 1.855873e+00 -1.400000e+00
      vertex   -2.959431e+00 1.855873e+00 -1.400000e+00
      vertex   2.869696e+00 1.993836e+00 -1.400000e+00
    endloop
  endfacet
  facet normal -0.000000e+00 0.000000e+00 -1.000000e+00
    outer loop
      vertex   2.869696e+00 1.993836e+00 -1.400000e+00
      vertex   -2.959431e+00 1.855873e+00 -1.400000e+00
      vertex   -2.869696e+00 1.993836e+00 -1.400000e+00
    endloop
  endfacet
  facet normal 0.000000e+00 0.000000e+00 -1.000000e+00
    outer loop
      vertex   2.869696e+00 1.993836e+00 -1.400000e+00
      vertex   -2.869696e+00 1.993836e+00 -1.400000e+00
      vertex   2.803805e+00 2.144648e+00 -1.400000e+00
    endloop
  endfacet
  facet normal -0.000000e+00 0.000000e+00 -1.000000e+00
    outer loop
      vertex   2.803805e+00 2.144648e+00 -1.400000e+00
      vertex   -2.869696e+00 1.993836e+00 -1.400000e+00
      vertex   -2.803805e+00 2.144648e+00 -1.400000e+00
    endloop
  endfacet
  facet normal 0.000000e+00 0.000000e+00 -1.000000e+00
    outer loop
      vertex   2.803805e+00 2.144648e+00 -1.400000e+00
      vertex   -2.803805e+00 2.144648e+00 -1.400000e+00
      vertex   2.763543e+00 2.304226e+00 -1.400000e+00
    endloop
  endfacet
  facet normal -0.000000e+00 0.000000e+00 -1.000000e+00
    outer loop
      vertex   2.763543e+00 2.304226e+00 -1.400000e+00
      vertex   -2.803805e+00 2.144648e+00 -1.400000e+00
      vertex   -2.763543e+00 2.304226e+00 -1.400000e+00
    endloop
  endfacet
  facet normal 0.000000e+00 0.000000e+00 -1.000000e+00
    outer loop
      vertex   2.763543e+00 2.304226e+00 -1.400000e+00
      vertex   -2.763543e+00 2.304226e+00 -1.400000e+00
      vertex   2.750000e+00 2.468246e+00 -1.400000e+00
    endloop
  endfacet
  facet normal -0.000000e+00 0.000000e+00 -1.000000e+00
    outer loop
      vertex   2.750000e+00 2.468246e+00 -1.400000e+00
      vertex   -2.763543e+00 2.304226e+00 -1.400000e+00
      vertex   -2.750000e+00 2.468246e+00 -1.400000e+00
    endloop
  endfacet
  facet normal 0.000000e+00 0.000000e+00 -1.000000e+00
    outer loop
      vertex   2.750000e+00 2.468246e+00 -1.400000e+00
      vertex   -2.750000e+00 2.468246e+00 -1.400000e+00
      vertex   2.750000e+00 3.500000e+00 -1.400000e+00
    endloop
  endfacet
  facet normal -0.000000e+00 0.000000e+00 -1.000000e+00
    outer loop
      vertex   2.750000e+00 3.500000e+00 -1.400000e+00
      vertex   -2.750000e+00 2.468246e+00 -1.400000e+00
      vertex   -2.750000e+00 3.500000e+00 -1.400000e+00
    endloop
  endfacet
  facet normal 0.000000e+00 0.000000e+00 -1.000000e+00
    outer loop
      vertex   2.750000e+00 3.500000e+00 -1.400000e+00
      vertex   -2.750000e+00 3.500000e+00 -1.400000e+00
      vertex   3.750000e+00 4.500000e+00 -1.400000e+00
    endloop
  endfacet
  facet normal -0.000000e+00 0.000000e+00 -1.000000e+00
    outer loop
      vertex   3.750000e+00 4.500000e+00 -1.400000e+00
      vertex   -2.750000e+00 3.500000e+00 -1.400000e+00
      vertex   3.750000e+00 5.614359e+00 -1.400000e+00
    endloop
  endfacet
  facet normal 0.000000e+00 0.000000e+00 -1.000000e+00
    outer loop
      vertex   3.750000e+00 5.614359e+00 -1.400000e+00
      vertex   -2.750000e+00 3.500000e+00 -1.400000e+00
      vertex   -3.750000e+00 4.500000e+00 -1.400000e+00
    endloop
  endfacet
  facet normal -0.000000e+00 0.000000e+00 -1.000000e+00
    outer loop
      vertex   3.750000e+00 5.614359e+00 -1.400000e+00
      vertex   -3.750000e+00 4.500000e+00 -1.400000e+00
      vertex   -3.750000e+00 5.614359e+00 -1.400000e+00
    endloop
  endfacet
  facet normal -1.000000e+00 0.000000e+00 -4.758099e-16
    outer loop
      vertex   -3.500000e+00 1.000000e+00 -1.400000e+00
      vertex   -3.500000e+00 1.000000e+00 1.400000e+00
      vertex   -3.500000e+00 1.500000e+00 -1.400000e+00
    endloop
  endfacet
  facet normal -1.000000e+00 0.000000e+00 -4.758099e-16
    outer loop
      vertex   -3.500000e+00 1.500000e+00 -1.400000e+00
      vertex   -3.500000e+00 1.000000e+00 1.400000e+00
      vertex   -3.500000e+00 1.500000e+00 1.400000e+00
    endloop
  endfacet
  facet normal -0.000000e+00 0.000000e+00 1.000000e+00
    outer loop
      vertex   -3.500000e+00 1.500000e+00 1.400000e+00
      vertex   -3.500000e+00 1.000000e+00 1.400000e+00
      vertex   -3.344574e+00 1.554118e+00 1.400000e+00
    endloop
  endfacet
  facet normal -0.000000e+00 0.000000e+00 1.000000e+00
    outer loop
      vertex   -3.344574e+00 1.554118e+00 1.400000e+00
      vertex   -3.500000e+00 1.000000e+00 1.400000e+00
      vertex   -3.200129e+00 1.632996e+00 1.400000e+00
    endloop
  endfacet
  facet normal -0.000000e+00 0.000000e+00 1.000000e+00
    outer loop
      vertex   -3.200129e+00 1.632996e+00 1.400000e+00
      vertex   -3.500000e+00 1.000000e+00 1.400000e+00
      vertex   -3.070579e+00 1.734498e+00 1.400000e+00
    endloop
  endfacet
  facet normal 0.000000e+00 0.000000e+00 1.000000e+00
    outer loop
      vertex   -3.070579e+00 1.734498e+00 1.400000e+00
      vertex   -3.500000e+00 1.000000e+00 1.400000e+00
      vertex   3.500000e+00 1.000000e+00 1.400000e+00
    endloop
  endfacet
  facet normal 0.000000e+00 0.000000e+00 1.000000e+00
    outer loop
      vertex   -3.070579e+00 1.734498e+00 1.400000e+00
      vertex   3.500000e+00 1.000000e+00 1.400000e+00
      vertex   3.070579e+00 1.734498e+00 1.400000e+00
    endloop
  endfacet
  facet normal 0.000000e+00 0.000000e+00 1.000000e+00
    outer loop
      vertex   3.070579e+00 1.734498e+00 1.400000e+00
      vertex   3.500000e+00 1.000000e+00 1.400000e+00
      vertex   3.200129e+00 1.632996e+00 1.400000e+00
    endloop
  endfacet
  facet normal 0.000000e+00 0.000000e+00 1.000000e+00
    outer loop
      vertex   3.200129e+00 1.632996e+00 1.400000e+00
      vertex   3.500000e+00 1.000000e+00 1.400000e+00
      vertex   3.344574e+00 1.554118e+00 1.400000e+00
    endloop
  endfacet
  facet normal 0.000000e+00 0.000000e+00 1.000000e+00
    outer loop
      vertex   3.344574e+00 1.554118e+00 1.400000e+00
      vertex   3.500000e+00 1.000000e+00 1.400000e+00
      vertex   3.500000e+00 1.500000e+00 1.400000e+00
    endloop
  endfacet
  facet normal -0.000000e+00 0.000000e+00 1.000000e+00
    outer loop
      vertex   -3.070579e+00 1.734498e+00 1.400000e+00
      vertex   3.070579e+00 1.734498e+00 1.400000e+00
      vertex   -2.959431e+00 1.855873e+00 1.400000e+00
    endloop
  endfacet
  facet normal 0.000000e+00 0.000000e+00 1.000000e+00
    outer loop
      vertex   -2.959431e+00 1.855873e+00 1.400000e+00
      vertex   3.070579e+00 1.734498e+00 1.400000e+00
      vertex   2.959431e+00 1.855873e+00 1.400000e+00
    endloop
  endfacet
  facet normal -0.000000e+00 0.000000e+00 1.000000e+00
    outer loop
      vertex   -2.959431e+00 1.855873e+00 1.400000e+00
      vertex   2.959431e+00 1.855873e+00 1.400000e+00
      vertex   -2.869696e+00 1.993836e+00 1.400000e+00
    endloop
  endfacet
  facet normal 0.000000e+00 0.000000e+00 1.000000e+00
    outer loop
      vertex   -2.869696e+00 1.993836e+00 1.400000e+00
      vertex   2.959431e+00 1.855873e+00 1.400000e+00
      vertex   2.869696e+00 1.993836e+00 1.400000e+00
    endloop
  endfacet
  facet normal -0.000000e+00 0.000000e+00 1.000000e+00
    outer loop
      vertex   -2.869696e+00 1.993836e+00 1.400000e+00
      vertex   2.869696e+00 1.993836e+00 1.400000e+00
      vertex   -2.803805e+00 2.144648e+00 1.400000e+00
    endloop
  endfacet
  facet normal -0.000000e+00 0.000000e+00 1.000000e+00
    outer loop
      vertex   -2.803805e+00 2.144648e+00 1.400000e+00
      vertex   2.869696e+00 1.993836e+00 1.400000e+00
      vertex   2.803805e+00 2.144648e+00 1.400000e+00
    endloop
  endfacet
  facet normal 0.000000e+00 0.000000e+00 1.000000e+00
    outer loop
      vertex   -2.803805e+00 2.144648e+00 1.400000e+00
      vertex   2.803805e+00 2.144648e+00 1.400000e+00
      vertex   -2.763543e+00 2.304226e+00 1.400000e+00
    endloop
  endfacet
  facet normal -0.000000e+00 0.000000e+00 1.000000e+00
    outer loop
      vertex   -2.763543e+00 2.304226e+00 1.400000e+00
      vertex   2.803805e+00 2.144648e+00 1.400000e+00
      vertex   2.763543e+00 2.304226e+00 1.400000e+00
    endloop
  endfacet
  facet normal 0.000000e+00 0.000000e+00 1.000000e+00
    outer loop
      vertex   -2.763543e+00 2.304226e+00 1.400000e+00
      vertex   2.763543e+00 2.304226e+00 1.400000e+00
      vertex   -2.750000e+00 2.468246e+00 1.400000e+00
    endloop
  endfacet
  facet normal -0.000000e+00 0.000000e+00 1.000000e+00
    outer loop
      vertex   -2.750000e+00 2.468246e+00 1.400000e+00
      vertex   2.763543e+00 2.304226e+00 1.400000e+00
      vertex   2.750000e+00 2.468246e+00 1.400000e+00
    endloop
  endfacet
  facet normal -0.000000e+00 2.152108e-16 1.000000e+00
    outer loop
      vertex   -2.750000e+00 2.468246e+00 1.400000e+00
      vertex   2.750000e+00 2.468246e+00 1.400000e+00
      vertex   -2.750000e+00 3.500000e+00 1.400000e+00
    endloop
  endfacet
  facet normal -4.037175e-17 0.000000e+00 1.000000e+00
    outer loop
      vertex   -2.750000e+00 3.500000e+00 1.400000e+00
      vertex   2.750000e+00 2.468246e+00 1.400000e+00
      vertex   2.750000e+00 3.500000e+00 1.400000e+00
    endloop
  endfacet
  facet normal -4.037175e-17 -4.037175e-17 1.000000e+00
    outer loop
      vertex   -2.750000e+00 3.500000e+00 1.400000e+00
      vertex   2.750000e+00 3.500000e+00 1.400000e+00
      vertex   -3.750000e+00 4.500000e+00 1.400000e+00
    endloop
  endfacet
  facet normal -3.416071e-17 0.000000e+00 1.000000e+00
    outer loop
      vertex   -3.750000e+00 4.500000e+00 1.400000e+00
      vertex   2.750000e+00 3.500000e+00 1.400000e+00
      vertex   -3.750000e+00 5.614359e+00 1.400000e+00
    endloop
  endfacet
  facet normal 2.872384e-17 1.933208e-16 1.000000e+00
    outer loop
      vertex   -3.750000e+00 5.614359e+00 1.400000e+00
      vertex   2.750000e+00 3.500000e+00 1.400000e+00
      vertex   3.750000e+00 4.500000e+00 1.400000e+00
    endloop
  endfacet
  facet normal -0.000000e+00 0.000000e+00 1.000000e+00
    outer loop
      vertex   -3.750000e+00 5.614359e+00 1.400000e+00
      vertex   3.750000e+00 4.500000e+00 1.400000e+00
      vertex   3.750000e+00 5.614359e+00 1.400000e+00
    endloop
  endfacet
  facet normal 1.000000e+00 0.000000e+00 -4.758099e-16
    outer loop
      vertex   2.750000e+00 2.468246e+00 1.400000e+00
      vertex   2.750000e+00 2.468246e+00 -1.400000e+00
      vertex   2.750000e+00 3.500000e+00 1.400000e+00
    endloop
  endfacet
  facet normal 1.000000e+00 0.000000e+00 -4.758099e-16
    outer loop
      vertex   2.750000e+00 3.500000e+00 1.400000e+00
      vertex   2.750000e+00 2.468246e+00 -1.400000e+00
      vertex   2.750000e+00 3.500000e+00 -1.400000e+00
    endloop
  endfacet
  facet normal -1.000000e+00 0.000000e+00 1.586033e-16
    outer loop
      vertex   -2.750000e+00 2.468246e+00 -1.400000e+00
      vertex   -2.750000e+00 2.468246e+00 1.400000e+00
      vertex   -2.750000e+00 3.500000e+00 -1.400000e+00
    endloop
  endfacet
  facet normal -1.000000e+00 -4.304215e-16 0.000000e+00
    outer loop
      vertex   -2.750000e+00 3.500000e+00 -1.400000e+00
      vertex   -2.750000e+00 2.468246e+00 1.400000e+00
      vertex   -2.750000e+00 3.500000e+00 1.400000e+00
    endloop
  endfacet
  facet normal 1.000000e+00 0.000000e+00 -0.000000e+00
    outer loop
      vertex   3.750000e+00 5.750000e+00 -1.321688e+00
      vertex   3.750000e+00 5.750000e+00 1.321688e+00
      vertex   3.750000e+00 5.614359e+00 -1.400000e+00
    endloop
  endfacet
  facet normal 1.000000e+00 0.000000e+00 0.000000e+00
    outer loop
      vertex   3.750000e+00 5.614359e+00 -1.400000e+00
      vertex   3.750000e+00 5.750000e+00 1.321688e+00
      vertex   3.750000e+00 5.614359e+00 1.400000e+00
    endloop
  endfacet
  facet normal 1.000000e+00 0.000000e+00 -0.000000e+00
    outer loop
      vertex   3.750000e+00 5.614359e+00 -1.400000e+00
      vertex   3.750000e+00 5.614359e+00 1.400000e+00
      vertex   3.750000e+00 4.500000e+00 -1.400000e+00
    endloop
  endfacet
  facet normal 1.000000e+00 0.000000e+00 0.000000e+00
    outer loop
      vertex   3.750000e+00 4.500000e+00 -1.400000e+00
      vertex   3.750000e+00 5.614359e+00 1.400000e+00
      vertex   3.750000e+00 4.500000e+00 1.400000e+00
    endloop
  endfacet
  facet normal -1.000000e+00 0.000000e+00 0.000000e+00
    outer loop
      vertex   -3.750000e+00 4.500000e+00 -1.400000e+00
      vertex   -3.750000e+00 4.500000e+00 1.400000e+00
      vertex   -3.750000e+00 5.614359e+00 -1.400000e+00
    endloop
  endfacet
  facet normal -1.000000e+00 0.000000e+00 0.000000e+00
    outer loop
      vertex   -3.750000e+00 5.614359e+00 -1.400000e+00
      vertex   -3.750000e+00 4.500000e+00 1.400000e+00
      vertex   -3.750000e+00 5.614359e+00 1.400000e+00
    endloop
  endfacet
  facet normal -1.000000e+00 0.000000e+00 0.000000e+00
    outer loop
      vertex   -3.750000e+00 5.614359e+00 -1.400000e+00
      vertex   -3.750000e+00 5.614359e+00 1.400000e+00
      vertex   -3.750000e+00 5.750000e+00 -1.321688e+00
    endloop
  endfacet
  facet normal -1.000000e+00 0.000000e+00 0.000000e+00
    outer loop
      vertex   -3.750000e+00 5.750000e+00 -1.321688e+00
      vertex   -3.750000e+00 5.614359e+00 1.400000e+00
      vertex   -3.750000e+00 5.750000e+00 1.321688e+00
    endloop
  endfacet
  facet normal -0.000000e+00 1.000000e+00 0.000000e+00
    outer loop
      vertex   -2.500000e+00 7.000000e+00 -6.000000e-01
      vertex   -2.500000e+00 7.000000e+00 6.000000e-01
      vertex   2.500000e+00 7.000000e+00 -6.000000e-01
    endloop
  endfacet
  facet normal 0.000000e+00 1.000000e+00 -0.000000e+00
    outer loop
      vertex   2.500000e+00 7.000000e+00 -6.000000e-01
      vertex   -2.500000e+00 7.000000e+00 6.000000e-01
      vertex   2.500000e+00 7.000000e+00 6.000000e-01
    endloop
  endfacet
  facet normal 7.071068e-01 7.071068e-01 -0.000000e+00
    outer loop
      vertex   2.500000e+00 7.000000e+00 -6.000000e-01
      vertex   2.500000e+00 7.000000e+00 6.000000e-01
      vertex   3.750000e+00 5.750000e+00 -1.321688e+00
    endloop
  endfacet
  facet normal 7.071068e-01 7.071068e-01 -0.000000e+00
    outer loop
      vertex   3.750000e+00 5.750000e+00 -1.321688e+00
      vertex   2.500000e+00 7.000000e+00 6.000000e-01
      vertex   3.750000e+00 5.750000e+00 1.321688e+00
    endloop
  endfacet
  facet normal -7.071068e-01 7.071068e-01 0.000000e+00
    outer loop
      vertex   -3.750000e+00 5.750000e+00 -1.321688e+00
      vertex   -3.750000e+00 5.750000e+00 1.321688e+00
      vertex   -2.500000e+00 7.000000e+00 -6.000000e-01
    endloop
  endfacet
  facet normal -7.071068e-01 7.071068e-01 0.000000e+00
    outer loop
      vertex   -2.500000e+00 7.000000e+00 -6.000000e-01
      vertex   -3.750000e+00 5.750000e+00 1.321688e+00
      vertex   -2.500000e+00 7.000000e+00 6.000000e-01
    endloop
  endfacet
  facet normal -7.071068e-01 -7.071068e-01 0.000000e+00
    outer loop
      vertex   -2.750000e+00 3.500000e+00 -1.400000e+00
      vertex   -2.750000e+00 3.500000e+00 1.400000e+00
      vertex   -3.750000e+00 4.500000e+00 -1.400000e+00
    endloop
  endfacet
  facet normal -7.071068e-01 -7.071068e-01 0.000000e+00
    outer loop
      vertex   -3.750000e+00 4.500000e+00 -1.400000e+00
      vertex   -2.750000e+00 3.500000e+00 1.400000e+00
      vertex   -3.750000e+00 4.500000e+00 1.400000e+00
    endloop
  endfacet
  facet normal 7.071068e-01 -7.071068e-01 -3.364484e-16
    outer loop
      vertex   2.750000e+00 3.500000e+00 1.400000e+00
      vertex   2.750000e+00 3.500000e+00 -1.400000e+00
      vertex   3.750000e+00 4.500000e+00 1.400000e+00
    endloop
  endfacet
  facet normal 7.071068e-01 -7.071068e-01 0.000000e+00
    outer loop
      vertex   3.750000e+00 4.500000e+00 1.400000e+00
      vertex   2.750000e+00 3.500000e+00 -1.400000e+00
      vertex   3.750000e+00 4.500000e+00 -1.400000e+00
    endloop
  endfacet
  facet normal 9.966085e-01 8.228910e-02 -4.741962e-16
    outer loop
      vertex   2.750000e+00 2.468246e+00 -1.400000e+00
      vertex   2.750000e+00 2.468246e+00 1.400000e+00
      vertex   2.763543e+00 2.304226e+00 -1.400000e+00
    endloop
  endfacet
  facet normal 9.966085e-01 8.228910e-02 -1.305132e-17
    outer loop
      vertex   2.763543e+00 2.304226e+00 -1.400000e+00
      vertex   2.750000e+00 2.468246e+00 1.400000e+00
      vertex   2.763543e+00 2.304226e+00 1.400000e+00
    endloop
  endfacet
  facet normal 9.696144e-01 2.446384e-01 -3.880046e-17
    outer loop
      vertex   2.763543e+00 2.304226e+00 -1.400000e+00
      vertex   2.763543e+00 2.304226e+00 1.400000e+00
      vertex   2.803805e+00 2.144648e+00 -1.400000e+00
    endloop
  endfacet
  facet normal 9.696144e-01 2.446384e-01 -0.000000e+00
    outer loop
      vertex   2.803805e+00 2.144648e+00 -1.400000e+00
      vertex   2.763543e+00 2.304226e+00 1.400000e+00
      vertex   2.803805e+00 2.144648e+00 1.400000e+00
    endloop
  endfacet
  facet normal 9.163573e-01 4.003615e-01 -0.000000e+00
    outer loop
      vertex   2.803805e+00 2.144648e+00 -1.400000e+00
      vertex   2.803805e+00 2.144648e+00 1.400000e+00
      vertex   2.869696e+00 1.993836e+00 -1.400000e+00
    endloop
  endfacet
  facet normal 9.163573e-01 4.003615e-01 -3.174932e-17
    outer loop
      vertex   2.869696e+00 1.993836e+00 -1.400000e+00
      vertex   2.803805e+00 2.144648e+00 1.400000e+00
      vertex   2.869696e+00 1.993836e+00 1.400000e+00
    endloop
  endfacet
  facet normal 8.382798e-01 5.452403e-01 -4.323845e-17
    outer loop
      vertex   2.869696e+00 1.993836e+00 -1.400000e+00
      vertex   2.869696e+00 1.993836e+00 1.400000e+00
      vertex   2.959431e+00 1.855873e+00 -1.400000e+00
    endloop
  endfacet
  facet normal 8.382798e-01 5.452403e-01 -0.000000e+00
    outer loop
      vertex   2.959431e+00 1.855873e+00 -1.400000e+00
      vertex   2.869696e+00 1.993836e+00 1.400000e+00
      vertex   2.959431e+00 1.855873e+00 1.400000e+00
    endloop
  endfacet
  facet normal 7.374966e-01 6.753508e-01 -0.000000e+00
    outer loop
      vertex   2.959431e+00 1.855873e+00 -1.400000e+00
      vertex   2.959431e+00 1.855873e+00 1.400000e+00
      vertex   3.070579e+00 1.734498e+00 -1.400000e+00
    endloop
  endfacet
  facet normal 7.374966e-01 6.753508e-01 -0.000000e+00
    outer loop
      vertex   3.070579e+00 1.734498e+00 -1.400000e+00
      vertex   2.959431e+00 1.855873e+00 1.400000e+00
      vertex   3.070579e+00 1.734498e+00 1.400000e+00
    endloop
  endfacet
  facet normal 6.167376e-01 7.871688e-01 -0.000000e+00
    outer loop
      vertex   3.070579e+00 1.734498e+00 -1.400000e+00
      vertex   3.070579e+00 1.734498e+00 1.400000e+00
      vertex   3.200129e+00 1.632996e+00 -1.400000e+00
    endloop
  endfacet
  facet normal 6.167376e-01 7.871688e-01 3.539284e-17
    outer loop
      vertex   3.200129e+00 1.632996e+00 -1.400000e+00
      vertex   3.070579e+00 1.734498e+00 1.400000e+00
      vertex   3.200129e+00 1.632996e+00 1.400000e+00
    endloop
  endfacet
  facet normal 4.792737e-01 8.776655e-01 6.414073e-18
    outer loop
      vertex   3.200129e+00 1.632996e+00 -1.400000e+00
      vertex   3.200129e+00 1.632996e+00 1.400000e+00
      vertex   3.344574e+00 1.554118e+00 -1.400000e+00
    endloop
  endfacet
  facet normal 4.792737e-01 8.776655e-01 -0.000000e+00
    outer loop
      vertex   3.344574e+00 1.554118e+00 -1.400000e+00
      vertex   3.200129e+00 1.632996e+00 1.400000e+00
      vertex   3.344574e+00 1.554118e+00 1.400000e+00
    endloop
  endfacet
  facet normal 3.288282e-01 9.443898e-01 -0.000000e+00
    outer loop
      vertex   3.344574e+00 1.554118e+00 -1.400000e+00
      vertex   3.344574e+00 1.554118e+00 1.400000e+00
      vertex   3.500000e+00 1.500000e+00 -1.400000e+00
    endloop
  endfacet
  facet normal 3.288282e-01 9.443898e-01 -0.000000e+00
    outer loop
      vertex   3.500000e+00 1.500000e+00 -1.400000e+00
      vertex   3.344574e+00 1.554118e+00 1.400000e+00
      vertex   3.500000e+00 1.500000e+00 1.400000e+00
    endloop
  endfacet
  facet normal -9.966085e-01 8.228910e-02 1.580654e-16
    outer loop
      vertex   -2.750000e+00 2.468246e+00 1.400000e+00
      vertex   -2.750000e+00 2.468246e+00 -1.400000e+00
      vertex   -2.763543e+00 2.304226e+00 1.400000e+00
    endloop
  endfacet
  facet normal -9.966085e-01 8.228910e-02 0.000000e+00
    outer loop
      vertex   -2.763543e+00 2.304226e+00 1.400000e+00
      vertex   -2.750000e+00 2.468246e+00 -1.400000e+00
      vertex   -2.763543e+00 2.304226e+00 -1.400000e+00
    endloop
  endfacet
  facet normal -9.696144e-01 2.446384e-01 0.000000e+00
    outer loop
      vertex   -2.763543e+00 2.304226e+00 1.400000e+00
      vertex   -2.763543e+00 2.304226e+00 -1.400000e+00
      vertex   -2.803805e+00 2.144648e+00 1.400000e+00
    endloop
  endfacet
  facet normal -9.696144e-01 2.446384e-01 3.880046e-17
    outer loop
      vertex   -2.803805e+00 2.144648e+00 1.400000e+00
      vertex   -2.763543e+00 2.304226e+00 -1.400000e+00
      vertex   -2.803805e+00 2.144648e+00 -1.400000e+00
    endloop
  endfacet
  facet normal -9.163573e-01 4.003615e-01 6.349865e-17
    outer loop
      vertex   -2.803805e+00 2.144648e+00 1.400000e+00
      vertex   -2.803805e+00 2.144648e+00 -1.400000e+00
      vertex   -2.869696e+00 1.993836e+00 1.400000e+00
    endloop
  endfacet
  facet normal -9.163573e-01 4.003615e-01 -8.183864e-17
    outer loop
      vertex   -2.869696e+00 1.993836e+00 1.400000e+00
      vertex   -2.803805e+00 2.144648e+00 -1.400000e+00
      vertex   -2.869696e+00 1.993836e+00 -1.400000e+00
    endloop
  endfacet
  facet normal -8.382798e-01 5.452403e-01 -4.647702e-17
    outer loop
      vertex   -2.869696e+00 1.993836e+00 1.400000e+00
      vertex   -2.869696e+00 1.993836e+00 -1.400000e+00
      vertex   -2.959431e+00 1.855873e+00 1.400000e+00
    endloop
  endfacet
  facet normal -8.382798e-01 5.452403e-01 8.647691e-17
    outer loop
      vertex   -2.959431e+00 1.855873e+00 1.400000e+00
      vertex   -2.869696e+00 1.993836e+00 -1.400000e+00
      vertex   -2.959431e+00 1.855873e+00 -1.400000e+00
    endloop
  endfacet
  facet normal -7.374966e-01 6.753508e-01 1.071129e-16
    outer loop
      vertex   -2.959431e+00 1.855873e+00 1.400000e+00
      vertex   -2.959431e+00 1.855873e+00 -1.400000e+00
      vertex   -3.070579e+00 1.734498e+00 1.400000e+00
    endloop
  endfacet
  facet normal -7.374966e-01 6.753508e-01 -9.856529e-18
    outer loop
      vertex   -3.070579e+00 1.734498e+00 1.400000e+00
      vertex   -2.959431e+00 1.855873e+00 -1.400000e+00
      vertex   -3.070579e+00 1.734498e+00 -1.400000e+00
    endloop
  endfacet
  facet normal -6.167376e-01 7.871688e-01 2.703094e-17
    outer loop
      vertex   -3.070579e+00 1.734498e+00 1.400000e+00
      vertex   -3.070579e+00 1.734498e+00 -1.400000e+00
      vertex   -3.200129e+00 1.632996e+00 1.400000e+00
    endloop
  endfacet
  facet normal -6.167376e-01 7.871688e-01 1.248476e-16
    outer loop
      vertex   -3.200129e+00 1.632996e+00 1.400000e+00
      vertex   -3.070579e+00 1.734498e+00 -1.400000e+00
      vertex   -3.200129e+00 1.632996e+00 -1.400000e+00
    endloop
  endfacet
  facet normal -4.792737e-01 8.776655e-01 1.392006e-16
    outer loop
      vertex   -3.200129e+00 1.632996e+00 1.400000e+00
      vertex   -3.200129e+00 1.632996e+00 -1.400000e+00
      vertex   -3.344574e+00 1.554118e+00 1.400000e+00
    endloop
  endfacet
  facet normal -4.792737e-01 8.776655e-01 6.318624e-17
    outer loop
      vertex   -3.344574e+00 1.554118e+00 1.400000e+00
      vertex   -3.200129e+00 1.632996e+00 -1.400000e+00
      vertex   -3.344574e+00 1.554118e+00 -1.400000e+00
    endloop
  endfacet
  facet normal -3.288282e-01 9.443898e-01 9.763009e-17
    outer loop
      vertex   -3.344574e+00 1.554118e+00 1.400000e+00
      vertex   -3.344574e+00 1.554118e+00 -1.400000e+00
      vertex   -3.500000e+00 1.500000e+00 1.400000e+00
    endloop
  endfacet
  facet normal -3.288282e-01 9.443898e-01 -1.564597e-16
    outer loop
      vertex   -3.500000e+00 1.500000e+00 1.400000e+00
      vertex   -3.344574e+00 1.554118e+00 -1.400000e+00
      vertex   -3.500000e+00 1.500000e+00 -1.400000e+00
    endloop
  endfacet
  facet normal 0.000000e+00 5.000000e-01 -8.660254e-01
    outer loop
      vertex   3.750000e+00 5.614359e+00 -1.400000e+00
      vertex   -3.750000e+00 5.614359e+00 -1.400000e+00
      vertex   3.750000e+00 5.750000e+00 -1.321688e+00
    endloop
  endfacet
  facet normal 6.714478e-17 5.000000e-01 -8.660254e-01
    outer loop
      vertex   3.750000e+00 5.750000e+00 -1.321688e+00
      vertex   -3.750000e+00 5.614359e+00 -1.400000e+00
      vertex   -3.750000e+00 5.750000e+00 -1.321688e+00
    endloop
  endfacet
  facet normal 6.714478e-17 5.000000e-01 -8.660254e-01
    outer loop
      vertex   3.750000e+00 5.750000e+00 -1.321688e+00
      vertex   -3.750000e+00 5.750000e+00 -1.321688e+00
      vertex   2.500000e+00 7.000000e+00 -6.000000e-01
    endloop
  endfacet
  facet normal -3.845925e-17 5.000000e-01 -8.660254e-01
    outer loop
      vertex   2.500000e+00 7.000000e+00 -6.000000e-01
      vertex   -3.750000e+00 5.750000e+00 -1.321688e+00
      vertex   -2.500000e+00 7.000000e+00 -6.000000e-01
    endloop
  endfacet
  facet normal -0.000000e+00 5.000000e-01 8.660254e-01
    outer loop
      vertex   -3.750000e+00 5.614359e+00 1.400000e+00
      vertex   3.750000e+00 5.614359e+00 1.400000e+00
      vertex   -3.750000e+00 5.750000e+00 1.321688e+00
    endloop
  endfacet
  facet normal 1.586578e-17 5.000000e-01 8.660254e-01
    outer loop
      vertex   -3.750000e+00 5.750000e+00 1.321688e+00
      vertex   3.750000e+00 5.614359e+00 1.400000e+00
      vertex   3.750000e+00 5.750000e+00 1.321688e+00
    endloop
  endfacet
  facet normal 1.586578e-17 5.000000e-01 8.660254e-01
    outer loop
      vertex   -3.750000e+00 5.750000e+00 1.321688e+00
      vertex   3.750000e+00 5.750000e+00 1.321688e+00
      vertex   -2.500000e+00 7.000000e+00 6.000000e-01
    endloop
  endfacet
  facet normal -3.845925e-17 5.000000e-01 8.660254e-01
    outer loop
      vertex   -2.500000e+00 7.000000e+00 6.000000e-01
      vertex   3.750000e+00 5.750000e+00 1.321688e+00
      vertex   2.500000e+00 7.000000e+00 6.000000e-01
    endloop
  endfacet
  facet normal 1.000000e+00 -0.000000e+00 0.000000e+00
    outer loop
      vertex   3.500000e+00 1.000000e+00 4.640000e+01
      vertex   3.500000e+00 1.000000e+00 4.360000e+01
      vertex   3.500000e+00 1.500000e+00 4.640000e+01
    endloop
  endfacet
  facet normal 1.000000e+00 0.000000e+00 0.000000e+00
    outer loop
      vertex   3.500000e+00 1.500000e+00 4.640000e+01
      vertex   3.500000e+00 1.000000e+00 4.360000e+01
      vertex   3.500000e+00 1.500000e+00 4.360000e+01
    endloop
  endfacet
  facet normal -0.000000e+00 0.000000e+00 1.000000e+00
    outer loop
      vertex   -3.500000e+00 1.500000e+00 4.640000e+01
      vertex   -3.500000e+00 1.000000e+00 4.640000e+01
      vertex   -3.344574e+00 1.554118e+00 4.640000e+01
    endloop
  endfacet
  facet normal -0.000000e+00 0.000000e+00 1.000000e+00
    outer loop
      vertex   -3.344574e+00 1.554118e+00 4.640000e+01
      vertex   -3.500000e+00 1.000000e+00 4.640000e+01
      vertex   -3.200129e+00 1.632996e+00 4.640000e+01
    endloop
  endfacet
  facet normal -0.000000e+00 0.000000e+00 1.000000e+00
    outer loop
      vertex   -3.200129e+00 1.632996e+00 4.640000e+01
      vertex   -3.500000e+00 1.000000e+00 4.640000e+01
      vertex   -3.070579e+00 1.734498e+00 4.640000e+01
    endloop
  endfacet
  facet normal 0.000000e+00 0.000000e+00 1.000000e+00
    outer loop
      vertex   -3.070579e+00 1.734498e+00 4.640000e+01
      vertex   -3.500000e+00 1.000000e+00 4.640000e+01
      vertex   3.500000e+00 1.000000e+00 4.640000e+01
    endloop
  endfacet
  facet normal 0.000000e+00 0.000000e+00 1.000000e+00
    outer loop
      vertex   -3.070579e+00 1.734498e+00 4.640000e+01
      vertex   3.500000e+00 1.000000e+00 4.640000e+01
      vertex   3.070579e+00 1.734498e+00 4.640000e+01
    endloop
  endfacet
  facet normal 0.000000e+00 0.000000e+00 1.000000e+00
    outer loop
      vertex   3.070579e+00 1.734498e+00 4.640000e+01
      vertex   3.500000e+00 1.000000e+00 4.640000e+01
      vertex   3.200129e+00 1.632996e+00 4.640000e+01
    endloop
  endfacet
  facet normal 0.000000e+00 0.000000e+00 1.000000e+00
    outer loop
      vertex   3.200129e+00 1.632996e+00 4.640000e+01
      vertex   3.500000e+00 1.000000e+00 4.640000e+01
      vertex   3.344574e+00 1.554118e+00 4.640000e+01
    endloop
  endfacet
  facet normal 0.000000e+00 0.000000e+00 1.000000e+00
    outer loop
      vertex   3.344574e+00 1.554118e+00 4.640000e+01
      vertex   3.500000e+00 1.000000e+00 4.640000e+01
      vertex   3.500000e+00 1.500000e+00 4.640000e+01
    endloop
  endfacet
  facet normal -0.000000e+00 0.000000e+00 1.000000e+00
    outer loop
      vertex   -3.070579e+00 1.734498e+00 4.640000e+01
      vertex   3.070579e+00 1.734498e+00 4.640000e+01
      vertex   -2.959431e+00 1.855873e+00 4.640000e+01
    endloop
  endfacet
  facet normal 0.000000e+00 0.000000e+00 1.000000e+00
    outer loop
      vertex   -2.959431e+00 1.855873e+00 4.640000e+01
      vertex   3.070579e+00 1.734498e+00 4.640000e+01
      vertex   2.959431e+00 1.855873e+00 4.640000e+01
    endloop
  endfacet
  facet normal -0.000000e+00 0.000000e+00 1.000000e+00
    outer loop
      vertex   -2.959431e+00 1.855873e+00 4.640000e+01
      vertex   2.959431e+00 1.855873e+00 4.640000e+01
      vertex   -2.869696e+00 1.993836e+00 4.640000e+01
    endloop
  endfacet
  facet normal 0.000000e+00 0.000000e+00 1.000000e+00
    outer loop
      vertex   -2.869696e+00 1.993836e+00 4.640000e+01
      vertex   2.959431e+00 1.855873e+00 4.640000e+01
      vertex   2.869696e+00 1.993836e+00 4.640000e+01
    endloop
  endfacet
  facet normal -0.000000e+00 0.000000e+00 1.000000e+00
    outer loop
      vertex   -2.869696e+00 1.993836e+00 4.640000e+01
      vertex   2.869696e+00 1.993836e+00 4.640000e+01
      vertex   -2.803805e+00 2.144648e+00 4.640000e+01
    endloop
  endfacet
  facet normal 0.000000e+00 0.000000e+00 1.000000e+00
    outer loop
      vertex   -2.803805e+00 2.144648e+00 4.640000e+01
      vertex   2.869696e+00 1.993836e+00 4.640000e+01
      vertex   2.803805e+00 2.144648e+00 4.640000e+01
    endloop
  endfacet
  facet normal -0.000000e+00 0.000000e+00 1.000000e+00
    outer loop
      vertex   -2.803805e+00 2.144648e+00 4.640000e+01
      vertex   2.803805e+00 2.144648e+00 4.640000e+01
      vertex   -2.763543e+00 2.304226e+00 4.640000e+01
    endloop
  endfacet
  facet normal 0.000000e+00 0.000000e+00 1.000000e+00
    outer loop
      vertex   -2.763543e+00 2.304226e+00 4.640000e+01
      vertex   2.803805e+00 2.144648e+00 4.640000e+01
      vertex   2.763543e+00 2.304226e+00 4.640000e+01
    endloop
  endfacet
  facet normal -0.000000e+00 0.000000e+00 1.000000e+00
    outer loop
      vertex   -2.763543e+00 2.304226e+00 4.640000e+01
      vertex   2.763543e+00 2.304226e+00 4.640000e+01
      vertex   -2.750000e+00 2.468246e+00 4.640000e+01
    endloop
  endfacet
  facet normal -0.000000e+00 0.000000e+00 1.000000e+00
    outer loop
      vertex   -2.750000e+00 2.468246e+00 4.640000e+01
      vertex   2.763543e+00 2.304226e+00 4.640000e+01
      vertex   2.750000e+00 2.468246e+00 4.640000e+01
    endloop
  endfacet
  facet normal 0.000000e+00 0.000000e+00 1.000000e+00
    outer loop
      vertex   -2.750000e+00 2.468246e+00 4.640000e+01
      vertex   2.750000e+00 2.468246e+00 4.640000e+01
      vertex   -2.750000e+00 3.500000e+00 4.640000e+01
    endloop
  endfacet
  facet normal -0.000000e+00 0.000000e+00 1.000000e+00
    outer loop
      vertex   -2.750000e+00 3.500000e+00 4.640000e+01
      vertex   2.750000e+00 2.468246e+00 4.640000e+01
      vertex   2.750000e+00 3.500000e+00 4.640000e+01
    endloop
  endfacet
  facet normal 0.000000e+00 -0.000000e+00 1.000000e+00
    outer loop
      vertex   -2.750000e+00 3.500000e+00 4.640000e+01
      vertex   2.750000e+00 3.500000e+00 4.640000e+01
      vertex   -3.750000e+00 4.500000e+00 4.640000e+01
    endloop
  endfacet
  facet normal -0.000000e+00 0.000000e+00 1.000000e+00
    outer loop
      vertex   -3.750000e+00 4.500000e+00 4.640000e+01
      vertex   2.750000e+00 3.500000e+00 4.640000e+01
      vertex   -3.750000e+00 5.614359e+00 4.640000e+01
    endloop
  endfacet
  facet normal 0.000000e+00 0.000000e+00 1.000000e+00
    outer loop
      vertex   -3.750000e+00 5.614359e+00 4.640000e+01
      vertex   2.750000e+00 3.500000e+00 4.640000e+01
      vertex   3.750000e+00 4.500000e+00 4.640000e+01
    endloop
  endfacet
  facet normal -0.000000e+00 0.000000e+00 1.000000e+00
    outer loop
      vertex   -3.750000e+00 5.614359e+00 4.640000e+01
      vertex   3.750000e+00 4.500000e+00 4.640000e+01
      vertex   3.750000e+00 5.614359e+00 4.640000e+01
    endloop
  endfacet
  facet normal -1.000000e+00 0.000000e+00 4.758099e-16
    outer loop
      vertex   -3.500000e+00 1.000000e+00 4.360000e+01
      vertex   -3.500000e+00 1.000000e+00 4.640000e+01
      vertex   -3.500000e+00 1.500000e+00 4.360000e+01
    endloop
  endfacet
  facet normal -1.000000e+00 0.000000e+00 4.758099e-16
    outer loop
      vertex   -3.500000e+00 1.500000e+00 4.360000e+01
      vertex   -3.500000e+00 1.000000e+00 4.640000e+01
      vertex   -3.500000e+00 1.500000e+00 4.640000e+01
    endloop
  endfacet
  facet normal -0.000000e+00 -0.000000e+00 -1.000000e+00
    outer loop
      vertex   3.500000e+00 1.500000e+00 4.360000e+01
      vertex   3.500000e+00 1.000000e+00 4.360000e+01
      vertex   3.344574e+00 1.554118e+00 4.360000e+01
    endloop
  endfacet
  facet normal -0.000000e+00 -0.000000e+00 -1.000000e+00
    outer loop
      vertex   3.344574e+00 1.554118e+00 4.360000e+01
      vertex   3.500000e+00 1.000000e+00 4.360000e+01
      vertex   3.200129e+00 1.632996e+00 4.360000e+01
    endloop
  endfacet
  facet normal -0.000000e+00 -0.000000e+00 -1.000000e+00
    outer loop
      vertex   3.200129e+00 1.632996e+00 4.360000e+01
      vertex   3.500000e+00 1.000000e+00 4.360000e+01
      vertex   3.070579e+00 1.734498e+00 4.360000e+01
    endloop
  endfacet
  facet normal 0.000000e+00 -0.000000e+00 -1.000000e+00
    outer loop
      vertex   3.070579e+00 1.734498e+00 4.360000e+01
      vertex   3.500000e+00 1.000000e+00 4.360000e+01
      vertex   -3.500000e+00 1.000000e+00 4.360000e+01
    endloop
  endfacet
  facet normal -0.000000e+00 0.000000e+00 -1.000000e+00
    outer loop
      vertex   3.070579e+00 1.734498e+00 4.360000e+01
      vertex   -3.500000e+00 1.000000e+00 4.360000e+01
      vertex   -3.070579e+00 1.734498e+00 4.360000e+01
    endloop
  endfacet
  facet normal 0.000000e+00 0.000000e+00 -1.000000e+00
    outer loop
      vertex   -3.070579e+00 1.734498e+00 4.360000e+01
      vertex   -3.500000e+00 1.000000e+00 4.360000e+01
      vertex   -3.200129e+00 1.632996e+00 4.360000e+01
    endloop
  endfacet
  facet normal 0.000000e+00 0.000000e+00 -1.000000e+00
    outer loop
      vertex   -3.200129e+00 1.632996e+00 4.360000e+01
      vertex   -3.500000e+00 1.000000e+00 4.360000e+01
      vertex   -3.344574e+00 1.554118e+00 4.360000e+01
    endloop
  endfacet
  facet normal 0.000000e+00 0.000000e+00 -1.000000e+00
    outer loop
      vertex   -3.344574e+00 1.554118e+00 4.360000e+01
      vertex   -3.500000e+00 1.000000e+00 4.360000e+01
      vertex   -3.500000e+00 1.500000e+00 4.360000e+01
    endloop
  endfacet
  facet normal 0.000000e+00 0.000000e+00 -1.000000e+00
    outer loop
      vertex   3.070579e+00 1.734498e+00 4.360000e+01
      vertex   -3.070579e+00 1.734498e+00 4.360000e+01
      vertex   2.959431e+00 1.855873e+00 4.360000e+01
    endloop
  endfacet
  facet normal -0.000000e+00 0.000000e+00 -1.000000e+00
    outer loop
      vertex   2.959431e+00 1.855873e+00 4.360000e+01
      vertex   -3.070579e+00 1.734498e+00 4.360000e+01
      vertex   -2.959431e+00 1.855873e+00 4.360000e+01
    endloop
  endfacet
  facet normal 0.000000e+00 0.000000e+00 -1.000000e+00
    outer loop
      vertex   2.959431e+00 1.855873e+00 4.360000e+01
      vertex   -2.959431e+00 1.855873e+00 4.360000e+01
      vertex   2.869696e+00 1.993836e+00 4.360000e+01
    endloop
  endfacet
  facet normal -0.000000e+00 0.000000e+00 -1.000000e+00
    outer loop
      vertex   2.869696e+00 1.993836e+00 4.360000e+01
      vertex   -2.959431e+00 1.855873e+00 4.360000e+01
      vertex   -2.869696e+00 1.993836e+00 4.360000e+01
    endloop
  endfacet
  facet normal 0.000000e+00 0.000000e+00 -1.000000e+00
    outer loop
      vertex   2.869696e+00 1.993836e+00 4.360000e+01
      vertex   -2.869696e+00 1.993836e+00 4.360000e+01
      vertex   2.803805e+00 2.144648e+00 4.360000e+01
    endloop
  endfacet
  facet normal -0.000000e+00 0.000000e+00 -1.000000e+00
    outer loop
      vertex   2.803805e+00 2.144648e+00 4.360000e+01
      vertex   -2.869696e+00 1.993836e+00 4.360000e+01
      vertex   -2.803805e+00 2.144648e+00 4.360000e+01
    endloop
  endfacet
  facet normal 0.000000e+00 0.000000e+00 -1.000000e+00
    outer loop
      vertex   2.803805e+00 2.144648e+00 4.360000e+01
      vertex   -2.803805e+00 2.144648e+00 4.360000e+01
      vertex   2.763543e+00 2.304226e+00 4.360000e+01
    endloop
  endfacet
  facet normal -0.000000e+00 0.000000e+00 -1.000000e+00
    outer loop
      vertex   2.763543e+00 2.304226e+00 4.360000e+01
      vertex   -2.803805e+00 2.144648e+00 4.360000e+01
      vertex   -2.763543e+00 2.304226e+00 4.360000e+01
    endloop
  endfacet
  facet normal 0.000000e+00 0.000000e+00 -1.000000e+00
    outer loop
      vertex   2.763543e+00 2.304226e+00 4.360000e+01
      vertex   -2.763543e+00 2.304226e+00 4.360000e+01
      vertex   2.750000e+00 2.468246e+00 4.360000e+01
    endloop
  endfacet
  facet normal -0.000000e+00 0.000000e+00 -1.000000e+00
    outer loop
      vertex   2.750000e+00 2.468246e+00 4.360000e+01
      vertex   -2.763543e+00 2.304226e+00 4.360000e+01
      vertex   -2.750000e+00 2.468246e+00 4.360000e+01
    endloop
  endfacet
  facet normal 0.000000e+00 0.000000e+00 -1.000000e+00
    outer loop
      vertex   2.750000e+00 2.468246e+00 4.360000e+01
      vertex   -2.750000e+00 2.468246e+00 4.360000e+01
      vertex   2.750000e+00 3.500000e+00 4.360000e+01
    endloop
  endfacet
  facet normal -0.000000e+00 0.000000e+00 -1.000000e+00
    outer loop
      vertex   2.750000e+00 3.500000e+00 4.360000e+01
      vertex   -2.750000e+00 2.468246e+00 4.360000e+01
      vertex   -2.750000e+00 3.500000e+00 4.360000e+01
    endloop
  endfacet
  facet normal 0.000000e+00 0.000000e+00 -1.000000e+00
    outer loop
      vertex   2.750000e+00 3.500000e+00 4.360000e+01
      vertex   -2.750000e+00 3.500000e+00 4.360000e+01
      vertex   3.750000e+00 4.500000e+00 4.360000e+01
    endloop
  endfacet
  facet normal -0.000000e+00 0.000000e+00 -1.000000e+00
    outer loop
      vertex   3.750000e+00 4.500000e+00 4.360000e+01
      vertex   -2.750000e+00 3.500000e+00 4.360000e+01
      vertex   3.750000e+00 5.614359e+00 4.360000e+01
    endloop
  endfacet
  facet normal 0.000000e+00 0.000000e+00 -1.000000e+00
    outer loop
      vertex   3.750000e+00 5.614359e+00 4.360000e+01
      vertex   -2.750000e+00 3.500000e+00 4.360000e+01
      vertex   -3.750000e+00 4.500000e+00 4.360000e+01
    endloop
  endfacet
  facet normal -0.000000e+00 0.000000e+00 -1.000000e+00
    outer loop
      vertex   3.750000e+00 5.614359e+00 4.360000e+01
      vertex   -3.750000e+00 4.500000e+00 4.360000e+01
      vertex   -3.750000e+00 5.614359e+00 4.360000e+01
    endloop
  endfacet
  facet normal 1.000000e+00 0.000000e+00 4.758099e-16
    outer loop
      vertex   2.750000e+00 3.500000e+00 4.360000e+01
      vertex   2.750000e+00 3.500000e+00 4.640000e+01
      vertex   2.750000e+00 2.468246e+00 4.360000e+01
    endloop
  endfacet
  facet normal 1.000000e+00 0.000000e+00 4.758099e-16
    outer loop
      vertex   2.750000e+00 2.468246e+00 4.360000e+01
      vertex   2.750000e+00 3.500000e+00 4.640000e+01
      vertex   2.750000e+00 2.468246e+00 4.640000e+01
    endloop
  endfacet
  facet normal -1.000000e+00 -0.000000e+00 -0.000000e+00
    outer loop
      vertex   -2.750000e+00 3.500000e+00 4.640000e+01
      vertex   -2.750000e+00 3.500000e+00 4.360000e+01
      vertex   -2.750000e+00 2.468246e+00 4.640000e+01
    endloop
  endfacet
  facet normal -1.000000e+00 -4.304215e-16 -1.586033e-16
    outer loop
      vertex   -2.750000e+00 2.468246e+00 4.640000e+01
      vertex   -2.750000e+00 3.500000e+00 4.360000e+01
      vertex   -2.750000e+00 2.468246e+00 4.360000e+01
    endloop
  endfacet
  facet normal 1.000000e+00 0.000000e+00 -0.000000e+00
    outer loop
      vertex   3.750000e+00 5.750000e+00 4.367831e+01
      vertex   3.750000e+00 5.750000e+00 4.632169e+01
      vertex   3.750000e+00 5.614359e+00 4.360000e+01
    endloop
  endfacet
  facet normal 1.000000e+00 0.000000e+00 -0.000000e+00
    outer loop
      vertex   3.750000e+00 5.614359e+00 4.360000e+01
      vertex   3.750000e+00 5.750000e+00 4.632169e+01
      vertex   3.750000e+00 5.614359e+00 4.640000e+01
    endloop
  endfacet
  facet normal 1.000000e+00 0.000000e+00 0.000000e+00
    outer loop
      vertex   3.750000e+00 5.614359e+00 4.360000e+01
      vertex   3.750000e+00 5.614359e+00 4.640000e+01
      vertex   3.750000e+00 4.500000e+00 4.360000e+01
    endloop
  endfacet
  facet normal 1.000000e+00 0.000000e+00 0.000000e+00
    outer loop
      vertex   3.750000e+00 4.500000e+00 4.360000e+01
      vertex   3.750000e+00 5.614359e+00 4.640000e+01
      vertex   3.750000e+00 4.500000e+00 4.640000e+01
    endloop
  endfacet
  facet normal -1.000000e+00 0.000000e+00 0.000000e+00
    outer loop
      vertex   -3.750000e+00 4.500000e+00 4.360000e+01
      vertex   -3.750000e+00 4.500000e+00 4.640000e+01
      vertex   -3.750000e+00 5.614359e+00 4.360000e+01
    endloop
  endfacet
  facet normal -1.000000e+00 0.000000e+00 0.000000e+00
    outer loop
      vertex   -3.750000e+00 5.614359e+00 4.360000e+01
      vertex   -3.750000e+00 4.500000e+00 4.640000e+01
      vertex   -3.750000e+00 5.614359e+00 4.640000e+01
    endloop
  endfacet
  facet normal -1.000000e+00 0.000000e+00 0.000000e+00
    outer loop
      vertex   -3.750000e+00 5.614359e+00 4.360000e+01
      vertex   -3.750000e+00 5.614359e+00 4.640000e+01
      vertex   -3.750000e+00 5.750000e+00 4.367831e+01
    endloop
  endfacet
  facet normal -1.000000e+00 0.000000e+00 0.000000e+00
    outer loop
      vertex   -3.750000e+00 5.750000e+00 4.367831e+01
      vertex   -3.750000e+00 5.614359e+00 4.640000e+01
      vertex   -3.750000e+00 5.750000e+00 4.632169e+01
    endloop
  endfacet
  facet normal 0.000000e+00 1.000000e+00 0.000000e+00
    outer loop
      vertex   -2.500000e+00 7.000000e+00 4.440000e+01
      vertex   -2.500000e+00 7.000000e+00 4.560000e+01
      vertex   2.500000e+00 7.000000e+00 4.440000e+01
    endloop
  endfacet
  facet normal 0.000000e+00 1.000000e+00 -0.000000e+00
    outer loop
      vertex   2.500000e+00 7.000000e+00 4.440000e+01
      vertex   -2.500000e+00 7.000000e+00 4.560000e+01
      vertex   2.500000e+00 7.000000e+00 4.560000e+01
    endloop
  endfacet
  facet normal 7.071068e-01 7.071068e-01 -0.000000e+00
    outer loop
      vertex   2.500000e+00 7.000000e+00 4.440000e+01
      vertex   2.500000e+00 7.000000e+00 4.560000e+01
      vertex   3.750000e+00 5.750000e+00 4.367831e+01
    endloop
  endfacet
  facet normal 7.071068e-01 7.071068e-01 -0.000000e+00
    outer loop
      vertex   3.750000e+00 5.750000e+00 4.367831e+01
      vertex   2.500000e+00 7.000000e+00 4.560000e+01
      vertex   3.750000e+00 5.750000e+00 4.632169e+01
    endloop
  endfacet
  facet normal -7.071068e-01 7.071068e-01 0.000000e+00
    outer loop
      vertex   -3.750000e+00 5.750000e+00 4.367831e+01
      vertex   -3.750000e+00 5.750000e+00 4.632169e+01
      vertex   -2.500000e+00 7.000000e+00 4.440000e+01
    endloop
  endfacet
  facet normal -7.071068e-01 7.071068e-01 0.000000e+00
    outer loop
      vertex   -2.500000e+00 7.000000e+00 4.440000e+01
      vertex   -3.750000e+00 5.750000e+00 4.632169e+01
      vertex   -2.500000e+00 7.000000e+00 4.560000e+01
    endloop
  endfacet
  facet normal -7.071068e-01 -7.071068e-01 -0.000000e+00
    outer loop
      vertex   -3.750000e+00 4.500000e+00 4.640000e+01
      vertex   -3.750000e+00 4.500000e+00 4.360000e+01
      vertex   -2.750000e+00 3.500000e+00 4.640000e+01
    endloop
  endfacet
  facet normal -7.071068e-01 -7.071068e-01 -0.000000e+00
    outer loop
      vertex   -2.750000e+00 3.500000e+00 4.640000e+01
      vertex   -3.750000e+00 4.500000e+00 4.360000e+01
      vertex   -2.750000e+00 3.500000e+00 4.360000e+01
    endloop
  endfacet
  facet normal 7.071068e-01 -7.071068e-01 0.000000e+00
    outer loop
      vertex   3.750000e+00 4.500000e+00 4.360000e+01
      vertex   3.750000e+00 4.500000e+00 4.640000e+01
      vertex   2.750000e+00 3.500000e+00 4.360000e+01
    endloop
  endfacet
  facet normal 7.071068e-01 -7.071068e-01 3.364484e-16
    outer loop
      vertex   2.750000e+00 3.500000e+00 4.360000e+01
      vertex   3.750000e+00 4.500000e+00 4.640000e+01
      vertex   2.750000e+00 3.500000e+00 4.640000e+01
    endloop
  endfacet
  facet normal 3.288282e-01 9.443898e-01 0.000000e+00
    outer loop
      vertex   3.500000e+00 1.500000e+00 4.640000e+01
      vertex   3.500000e+00 1.500000e+00 4.360000e+01
      vertex   3.344574e+00 1.554118e+00 4.640000e+01
    endloop
  endfacet
  facet normal 3.288282e-01 9.443898e-01 0.000000e+00
    outer loop
      vertex   3.344574e+00 1.554118e+00 4.640000e+01
      vertex   3.500000e+00 1.500000e+00 4.360000e+01
      vertex   3.344574e+00 1.554118e+00 4.360000e+01
    endloop
  endfacet
  facet normal 4.792737e-01 8.776655e-01 0.000000e+00
    outer loop
      vertex   3.344574e+00 1.554118e+00 4.640000e+01
      vertex   3.344574e+00 1.554118e+00 4.360000e+01
      vertex   3.200129e+00 1.632996e+00 4.640000e+01
    endloop
  endfacet
  facet normal 4.792737e-01 8.776655e-01 -6.414073e-18
    outer loop
      vertex   3.200129e+00 1.632996e+00 4.640000e+01
      vertex   3.344574e+00 1.554118e+00 4.360000e+01
      vertex   3.200129e+00 1.632996e+00 4.360000e+01
    endloop
  endfacet
  facet normal 6.167376e-01 7.871688e-01 -3.539284e-17
    outer loop
      vertex   3.200129e+00 1.632996e+00 4.640000e+01
      vertex   3.200129e+00 1.632996e+00 4.360000e+01
      vertex   3.070579e+00 1.734498e+00 4.640000e+01
    endloop
  endfacet
  facet normal 6.167376e-01 7.871688e-01 0.000000e+00
    outer loop
      vertex   3.070579e+00 1.734498e+00 4.640000e+01
      vertex   3.200129e+00 1.632996e+00 4.360000e+01
      vertex   3.070579e+00 1.734498e+00 4.360000e+01
    endloop
  endfacet
  facet normal 7.374966e-01 6.753508e-01 0.000000e+00
    outer loop
      vertex   3.070579e+00 1.734498e+00 4.640000e+01
      vertex   3.070579e+00 1.734498e+00 4.360000e+01
      vertex   2.959431e+00 1.855873e+00 4.640000e+01
    endloop
  endfacet
  facet normal 7.374966e-01 6.753508e-01 0.000000e+00
    outer loop
      vertex   2.959431e+00 1.855873e+00 4.640000e+01
      vertex   3.070579e+00 1.734498e+00 4.360000e+01
      vertex   2.959431e+00 1.855873e+00 4.360000e+01
    endloop
  endfacet
  facet normal 8.382798e-01 5.452403e-01 0.000000e+00
    outer loop
      vertex   2.959431e+00 1.855873e+00 4.640000e+01
      vertex   2.959431e+00 1.855873e+00 4.360000e+01
      vertex   2.869696e+00 1.993836e+00 4.640000e+01
    endloop
  endfacet
  facet normal 8.382798e-01 5.452403e-01 4.323845e-17
    outer loop
      vertex   2.869696e+00 1.993836e+00 4.640000e+01
      vertex   2.959431e+00 1.855873e+00 4.360000e+01
      vertex   2.869696e+00 1.993836e+00 4.360000e+01
    endloop
  endfacet
  facet normal 9.163573e-01 4.003615e-01 3.174932e-17
    outer loop
      vertex   2.869696e+00 1.993836e+00 4.640000e+01
      vertex   2.869696e+00 1.993836e+00 4.360000e+01
      vertex   2.803805e+00 2.144648e+00 4.640000e+01
    endloop
  endfacet
  facet normal 9.163573e-01 4.003615e-01 0.000000e+00
    outer loop
      vertex   2.803805e+00 2.144648e+00 4.640000e+01
      vertex   2.869696e+00 1.993836e+00 4.360000e+01
      vertex   2.803805e+00 2.144648e+00 4.360000e+01
    endloop
  endfacet
  facet normal 9.696144e-01 2.446384e-01 0.000000e+00
    outer loop
      vertex   2.803805e+00 2.144648e+00 4.640000e+01
      vertex   2.803805e+00 2.144648e+00 4.360000e+01
      vertex   2.763543e+00 2.304226e+00 4.640000e+01
    endloop
  endfacet
  facet normal 9.696144e-01 2.446384e-01 3.880046e-17
    outer loop
      vertex   2.763543e+00 2.304226e+00 4.640000e+01
      vertex   2.803805e+00 2.144648e+00 4.360000e+01
      vertex   2.763543e+00 2.304226e+00 4.360000e+01
    endloop
  endfacet
  facet normal 9.966085e-01 8.228910e-02 1.305132e-17
    outer loop
      vertex   2.763543e+00 2.304226e+00 4.640000e+01
      vertex   2.763543e+00 2.304226e+00 4.360000e+01
      vertex   2.750000e+00 2.468246e+00 4.640000e+01
    endloop
  endfacet
  facet normal 9.966085e-01 8.228910e-02 4.741962e-16
    outer loop
      vertex   2.750000e+00 2.468246e+00 4.640000e+01
      vertex   2.763543e+00 2.304226e+00 4.360000e+01
      vertex   2.750000e+00 2.468246e+00 4.360000e+01
    endloop
  endfacet
  facet normal -3.288282e-01 9.443898e-01 1.564597e-16
    outer loop
      vertex   -3.500000e+00 1.500000e+00 4.360000e+01
      vertex   -3.500000e+00 1.500000e+00 4.640000e+01
      vertex   -3.344574e+00 1.554118e+00 4.360000e+01
    endloop
  endfacet
  facet normal -3.288282e-01 9.443898e-01 -9.763009e-17
    outer loop
      vertex   -3.344574e+00 1.554118e+00 4.360000e+01
      vertex   -3.500000e+00 1.500000e+00 4.640000e+01
      vertex   -3.344574e+00 1.554118e+00 4.640000e+01
    endloop
  endfacet
  facet normal -4.792737e-01 8.776655e-01 -6.318624e-17
    outer loop
      vertex   -3.344574e+00 1.554118e+00 4.360000e+01
      vertex   -3.344574e+00 1.554118e+00 4.640000e+01
      vertex   -3.200129e+00 1.632996e+00 4.360000e+01
    endloop
  endfacet
  facet normal -4.792737e-01 8.776655e-01 -1.392006e-16
    outer loop
      vertex   -3.200129e+00 1.632996e+00 4.360000e+01
      vertex   -3.344574e+00 1.554118e+00 4.640000e+01
      vertex   -3.200129e+00 1.632996e+00 4.640000e+01
    endloop
  endfacet
  facet normal -6.167376e-01 7.871688e-01 -1.248476e-16
    outer loop
      vertex   -3.200129e+00 1.632996e+00 4.360000e+01
      vertex   -3.200129e+00 1.632996e+00 4.640000e+01
      vertex   -3.070579e+00 1.734498e+00 4.360000e+01
    endloop
  endfacet
  facet normal -6.167376e-01 7.871688e-01 -2.703094e-17
    outer loop
      vertex   -3.070579e+00 1.734498e+00 4.360000e+01
      vertex   -3.200129e+00 1.632996e+00 4.640000e+01
      vertex   -3.070579e+00 1.734498e+00 4.640000e+01
    endloop
  endfacet
  facet normal -7.374966e-01 6.753508e-01 9.856529e-18
    outer loop
      vertex   -3.070579e+00 1.734498e+00 4.360000e+01
      vertex   -3.070579e+00 1.734498e+00 4.640000e+01
      vertex   -2.959431e+00 1.855873e+00 4.360000e+01
    endloop
  endfacet
  facet normal -7.374966e-01 6.753508e-01 -1.071129e-16
    outer loop
      vertex   -2.959431e+00 1.855873e+00 4.360000e+01
      vertex   -3.070579e+00 1.734498e+00 4.640000e+01
      vertex   -2.959431e+00 1.855873e+00 4.640000e+01
    endloop
  endfacet
  facet normal -8.382798e-01 5.452403e-01 -8.647691e-17
    outer loop
      vertex   -2.959431e+00 1.855873e+00 4.360000e+01
      vertex   -2.959431e+00 1.855873e+00 4.640000e+01
      vertex   -2.869696e+00 1.993836e+00 4.360000e+01
    endloop
  endfacet
  facet normal -8.382798e-01 5.452403e-01 4.647702e-17
    outer loop
      vertex   -2.869696e+00 1.993836e+00 4.360000e+01
      vertex   -2.959431e+00 1.855873e+00 4.640000e+01
      vertex   -2.869696e+00 1.993836e+00 4.640000e+01
    endloop
  endfacet
  facet normal -9.163573e-01 4.003615e-01 8.183864e-17
    outer loop
      vertex   -2.869696e+00 1.993836e+00 4.360000e+01
      vertex   -2.869696e+00 1.993836e+00 4.640000e+01
      vertex   -2.803805e+00 2.144648e+00 4.360000e+01
    endloop
  endfacet
  facet normal -9.163573e-01 4.003615e-01 -6.349865e-17
    outer loop
      vertex   -2.803805e+00 2.144648e+00 4.360000e+01
      vertex   -2.869696e+00 1.993836e+00 4.640000e+01
      vertex   -2.803805e+00 2.144648e+00 4.640000e+01
    endloop
  endfacet
  facet normal -9.696144e-01 2.446384e-01 -3.880046e-17
    outer loop
      vertex   -2.803805e+00 2.144648e+00 4.360000e+01
      vertex   -2.803805e+00 2.144648e+00 4.640000e+01
      vertex   -2.763543e+00 2.304226e+00 4.360000e+01
    endloop
  endfacet
  facet normal -9.696144e-01 2.446384e-01 0.000000e+00
    outer loop
      vertex   -2.763543e+00 2.304226e+00 4.360000e+01
      vertex   -2.803805e+00 2.144648e+00 4.640000e+01
      vertex   -2.763543e+00 2.304226e+00 4.640000e+01
    endloop
  endfacet
  facet normal -9.966085e-01 8.228910e-02 0.000000e+00
    outer loop
      vertex   -2.763543e+00 2.304226e+00 4.360000e+01
      vertex   -2.763543e+00 2.304226e+00 4.640000e+01
      vertex   -2.750000e+00 2.468246e+00 4.360000e+01
    endloop
  endfacet
  facet normal -9.966085e-01 8.228910e-02 -1.580654e-16
    outer loop
      vertex   -2.750000e+00 2.468246e+00 4.360000e+01
      vertex   -2.763543e+00 2.304226e+00 4.640000e+01
      vertex   -2.750000e+00 2.468246e+00 4.640000e+01
    endloop
  endfacet
  facet normal -0.000000e+00 5.000000e-01 8.660254e-01
    outer loop
      vertex   -3.750000e+00 5.614359e+00 4.640000e+01
      vertex   3.750000e+00 5.614359e+00 4.640000e+01
      vertex   -3.750000e+00 5.750000e+00 4.632169e+01
    endloop
  endfacet
  facet normal 1.184238e-16 5.000000e-01 8.660254e-01
    outer loop
      vertex   -3.750000e+00 5.750000e+00 4.632169e+01
      vertex   3.750000e+00 5.614359e+00 4.640000e+01
      vertex   3.750000e+00 5.750000e+00 4.632169e+01
    endloop
  endfacet
  facet normal 1.184238e-16 5.000000e-01 8.660254e-01
    outer loop
      vertex   -3.750000e+00 5.750000e+00 4.632169e+01
      vertex   3.750000e+00 5.750000e+00 4.632169e+01
      vertex   -2.500000e+00 7.000000e+00 4.560000e+01
    endloop
  endfacet
  facet normal -0.000000e+00 5.000000e-01 8.660254e-01
    outer loop
      vertex   -2.500000e+00 7.000000e+00 4.560000e+01
      vertex   3.750000e+00 5.750000e+00 4.632169e+01
      vertex   2.500000e+00 7.000000e+00 4.560000e+01
    endloop
  endfacet
  facet normal 0.000000e+00 5.000000e-01 -8.660254e-01
    outer loop
      vertex   3.750000e+00 5.614359e+00 4.360000e+01
      vertex   -3.750000e+00 5.614359e+00 4.360000e+01
      vertex   3.750000e+00 5.750000e+00 4.367831e+01
    endloop
  endfacet
  facet normal 1.184238e-16 5.000000e-01 -8.660254e-01
    outer loop
      vertex   3.750000e+00 5.750000e+00 4.367831e+01
      vertex   -3.750000e+00 5.614359e+00 4.360000e+01
      vertex   -3.750000e+00 5.750000e+00 4.367831e+01
    endloop
  endfacet
  facet normal 1.184238e-16 5.000000e-01 -8.660254e-01
    outer loop
      vertex   3.750000e+00 5.750000e+00 4.367831e+01
      vertex   -3.750000e+00 5.750000e+00 4.367831e+01
      vertex   2.500000e+00 7.000000e+00 4.440000e+01
    endloop
  endfacet
  facet normal 0.000000e+00 5.000000e-01 -8.660254e-01
    outer loop
      vertex   2.500000e+00 7.000000e+00 4.440000e+01
      vertex   -3.750000e+00 5.750000e+00 4.367831e+01
      vertex   -2.500000e+00 7.000000e+00 4.440000e+01
    endloop
  endfacet
  facet normal 0.000000e+00 0.000000e+00 -1.000000e+00
    outer loop
      vertex   -7.000000e+00 0.000000e+00 -1.750000e+01
      vertex   7.000000e+00 0.000000e+00 -1.750000e+01
      vertex   -7.000000e+00 -2.000000e+00 -1.750000e+01
    endloop
  endfacet
  facet normal 0.000000e+00 0.000000e+00 -1.000000e+00
    outer loop
      vertex   -7.000000e+00 -2.000000e+00 -1.750000e+01
      vertex   7.000000e+00 0.000000e+00 -1.750000e+01
      vertex   7.000000e+00 -2.000000e+00 -1.750000e+01
    endloop
  endfacet
  facet normal 7.071068e-01 7.071068e-01 -0.000000e+00
    outer loop
      vertex   3.500000e+00 1.000000e+00 4.360000e+01
      vertex   3.500000e+00 1.000000e+00 4.640000e+01
      vertex   4.500000e+00 0.000000e+00 4.260000e+01
    endloop
  endfacet
  facet normal 7.071068e-01 7.071068e-01 -0.000000e+00
    outer loop
      vertex   4.500000e+00 0.000000e+00 4.260000e+01
      vertex   3.500000e+00 1.000000e+00 4.640000e+01
      vertex   4.500000e+00 0.000000e+00 4.740000e+01
    endloop
  endfacet
  facet normal 0.000000e+00 7.071068e-01 7.071068e-01
    outer loop
      vertex   3.500000e+00 1.000000e+00 4.640000e+01
      vertex   -3.500000e+00 1.000000e+00 4.640000e+01
      vertex   4.500000e+00 0.000000e+00 4.740000e+01
    endloop
  endfacet
  facet normal 0.000000e+00 7.071068e-01 7.071068e-01
    outer loop
      vertex   4.500000e+00 0.000000e+00 4.740000e+01
      vertex   -3.500000e+00 1.000000e+00 4.640000e+01
      vertex   -4.500000e+00 0.000000e+00 4.740000e+01
    endloop
  endfacet
  facet normal 0.000000e+00 7.071068e-01 -7.071068e-01
    outer loop
      vertex   4.500000e+00 0.000000e+00 4.260000e+01
      vertex   -4.500000e+00 0.000000e+00 4.260000e+01
      vertex   3.500000e+00 1.000000e+00 4.360000e+01
    endloop
  endfacet
  facet normal 0.000000e+00 7.071068e-01 -7.071068e-01
    outer loop
      vertex   3.500000e+00 1.000000e+00 4.360000e+01
      vertex   -4.500000e+00 0.000000e+00 4.260000e+01
      vertex   -3.500000e+00 1.000000e+00 4.360000e+01
    endloop
  endfacet
  facet normal -7.071068e-01 7.071068e-01 3.364484e-16
    outer loop
      vertex   -3.500000e+00 1.000000e+00 4.640000e+01
      vertex   -3.500000e+00 1.000000e+00 4.360000e+01
      vertex   -4.500000e+00 0.000000e+00 4.740000e+01
    endloop
  endfacet
  facet normal -7.071068e-01 7.071068e-01 0.000000e+00
    outer loop
      vertex   -4.500000e+00 0.000000e+00 4.740000e+01
      vertex   -3.500000e+00 1.000000e+00 4.360000e+01
      vertex   -4.500000e+00 0.000000e+00 4.260000e+01
    endloop
  endfacet
  facet normal -7.071068e-01 7.071068e-01 -1.308410e-16
    outer loop
      vertex   -4.500000e+00 0.000000e+00 -2.400000e+00
      vertex   -4.500000e+00 0.000000e+00 2.400000e+00
      vertex   -3.500000e+00 1.000000e+00 -1.400000e+00
    endloop
  endfacet
  facet normal -7.071068e-01 7.071068e-01 -3.364484e-16
    outer loop
      vertex   -3.500000e+00 1.000000e+00 -1.400000e+00
      vertex   -4.500000e+00 0.000000e+00 2.400000e+00
      vertex   -3.500000e+00 1.000000e+00 1.400000e+00
    endloop
  endfacet
  facet normal -0.000000e+00 7.071068e-01 7.071068e-01
    outer loop
      vertex   -4.500000e+00 0.000000e+00 2.400000e+00
      vertex   4.500000e+00 0.000000e+00 2.400000e+00
      vertex   -3.500000e+00 1.000000e+00 1.400000e+00
    endloop
  endfacet
  facet normal -0.000000e+00 7.071068e-01 7.071068e-01
    outer loop
      vertex   -3.500000e+00 1.000000e+00 1.400000e+00
      vertex   4.500000e+00 0.000000e+00 2.400000e+00
      vertex   3.500000e+00 1.000000e+00 1.400000e+00
    endloop
  endfacet
  facet normal 0.000000e+00 7.071068e-01 -7.071068e-01
    outer loop
      vertex   -3.500000e+00 1.000000e+00 -1.400000e+00
      vertex   3.500000e+00 1.000000e+00 -1.400000e+00
      vertex   -4.500000e+00 0.000000e+00 -2.400000e+00
    endloop
  endfacet
  facet normal 0.000000e+00 7.071068e-01 -7.071068e-01
    outer loop
      vertex   -4.500000e+00 0.000000e+00 -2.400000e+00
      vertex   3.500000e+00 1.000000e+00 -1.400000e+00
      vertex   4.500000e+00 0.000000e+00 -2.400000e+00
    endloop
  endfacet
  facet normal 7.071068e-01 7.071068e-01 0.000000e+00
    outer loop
      vertex   4.500000e+00 0.000000e+00 2.400000e+00
      vertex   4.500000e+00 0.000000e+00 -2.400000e+00
      vertex   3.500000e+00 1.000000e+00 1.400000e+00
    endloop
  endfacet
  facet normal 7.071068e-01 7.071068e-01 0.000000e+00
    outer loop
      vertex   3.500000e+00 1.000000e+00 1.400000e+00
      vertex   4.500000e+00 0.000000e+00 -2.400000e+00
      vertex   3.500000e+00 1.000000e+00 -1.400000e+00
    endloop
  endfacet
  facet normal 0.000000e+00 0.000000e+00 1.000000e+00
    outer loop
      vertex   -9.500000e+00 -2.000000e+00 5.800000e+01
      vertex   9.500000e+00 -2.000000e+00 5.800000e+01
      vertex   -9.500000e+00 0.000000e+00 5.800000e+01
    endloop
  endfacet
  facet normal -0.000000e+00 0.000000e+00 1.000000e+00
    outer loop
      vertex   -9.500000e+00 0.000000e+00 5.800000e+01
      vertex   9.500000e+00 -2.000000e+00 5.800000e+01
      vertex   9.500000e+00 0.000000e+00 5.800000e+01
    endloop
  endfacet
  facet normal 4.906767e-02 0.000000e+00 -9.987955e-01
    outer loop
      vertex   7.000000e+00 -2.000000e+00 -1.750000e+01
      vertex   7.000000e+00 0.000000e+00 -1.750000e+01
      vertex   7.294051e+00 -2.000000e+00 -1.748555e+01
    endloop
  endfacet
  facet normal 4.906767e-02 0.000000e+00 -9.987955e-01
    outer loop
      vertex   7.294051e+00 -2.000000e+00 -1.748555e+01
      vertex   7.000000e+00 0.000000e+00 -1.750000e+01
      vertex   7.294051e+00 0.000000e+00 -1.748555e+01
    endloop
  endfacet
  facet normal 1.467305e-01 0.000000e+00 -9.891765e-01
    outer loop
      vertex   7.294051e+00 -2.000000e+00 -1.748555e+01
      vertex   7.294051e+00 0.000000e+00 -1.748555e+01
      vertex   7.585271e+00 -2.000000e+00 -1.744236e+01
    endloop
  endfacet
  facet normal 1.467305e-01 6.516142e-17 -9.891765e-01
    outer loop
      vertex   7.585271e+00 -2.000000e+00 -1.744236e+01
      vertex   7.294051e+00 0.000000e+00 -1.748555e+01
      vertex   7.585271e+00 0.000000e+00 -1.744236e+01
    endloop
  endfacet
  facet normal 2.429802e-01 1.079049e-16 -9.700313e-01
    outer loop
      vertex   7.585271e+00 -2.000000e+00 -1.744236e+01
      vertex   7.585271e+00 0.000000e+00 -1.744236e+01
      vertex   7.870854e+00 -2.000000e+00 -1.737082e+01
    endloop
  endfacet
  facet normal 2.429802e-01 2.158098e-16 -9.700313e-01
    outer loop
      vertex   7.870854e+00 -2.000000e+00 -1.737082e+01
      vertex   7.585271e+00 0.000000e+00 -1.744236e+01
      vertex   7.870854e+00 0.000000e+00 -1.737082e+01
    endloop
  endfacet
  facet normal 3.368899e-01 2.992183e-16 -9.415441e-01
    outer loop
      vertex   7.870854e+00 -2.000000e+00 -1.737082e+01
      vertex   7.870854e+00 0.000000e+00 -1.737082e+01
      vertex   8.148050e+00 -2.000000e+00 -1.727164e+01
    endloop
  endfacet
  facet normal 3.368899e-01 0.000000e+00 -9.415441e-01
    outer loop
      vertex   8.148050e+00 -2.000000e+00 -1.727164e+01
      vertex   7.870854e+00 0.000000e+00 -1.737082e+01
      vertex   8.148050e+00 0.000000e+00 -1.727164e+01
    endloop
  endfacet
  facet normal 4.275551e-01 0.000000e+00 -9.039893e-01
    outer loop
      vertex   8.148050e+00 -2.000000e+00 -1.727164e+01
      vertex   8.148050e+00 0.000000e+00 -1.727164e+01
      vertex   8.414190e+00 -2.000000e+00 -1.714576e+01
    endloop
  endfacet
  facet normal 4.275551e-01 0.000000e+00 -9.039893e-01
    outer loop
      vertex   8.414190e+00 -2.000000e+00 -1.714576e+01
      vertex   8.148050e+00 0.000000e+00 -1.727164e+01
      vertex   8.414190e+00 0.000000e+00 -1.714576e+01
    endloop
  endfacet
  facet normal 5.141027e-01 0.000000e+00 -8.577286e-01
    outer loop
      vertex   8.414190e+00 -2.000000e+00 -1.714576e+01
      vertex   8.414190e+00 0.000000e+00 -1.714576e+01
      vertex   8.666711e+00 -2.000000e+00 -1.699441e+01
    endloop
  endfacet
  facet normal 5.141027e-01 0.000000e+00 -8.577286e-01
    outer loop
      vertex   8.666711e+00 -2.000000e+00 -1.699441e+01
      vertex   8.414190e+00 0.000000e+00 -1.714576e+01
      vertex   8.666711e+00 0.000000e+00 -1.699441e+01
    endloop
  endfacet
  facet normal 5.956993e-01 0.000000e+00 -8.032075e-01
    outer loop
      vertex   8.666711e+00 -2.000000e+00 -1.699441e+01
      vertex   8.666711e+00 0.000000e+00 -1.699441e+01
      vertex   8.903180e+00 -2.000000e+00 -1.681903e+01
    endloop
  endfacet
  facet normal 5.956993e-01 0.000000e+00 -8.032075e-01
    outer loop
      vertex   8.903180e+00 -2.000000e+00 -1.681903e+01
      vertex   8.666711e+00 0.000000e+00 -1.699441e+01
      vertex   8.903180e+00 0.000000e+00 -1.681903e+01
    endloop
  endfacet
  facet normal 6.715590e-01 0.000000e+00 -7.409511e-01
    outer loop
      vertex   8.903180e+00 -2.000000e+00 -1.681903e+01
      vertex   8.903180e+00 0.000000e+00 -1.681903e+01
      vertex   9.121320e+00 -2.000000e+00 -1.662132e+01
    endloop
  endfacet
  facet normal 6.715590e-01 1.316194e-15 -7.409511e-01
    outer loop
      vertex   9.121320e+00 -2.000000e+00 -1.662132e+01
      vertex   8.903180e+00 0.000000e+00 -1.681903e+01
      vertex   9.121320e+00 0.000000e+00 -1.662132e+01
    endloop
  endfacet
  facet normal 7.409511e-01 1.192928e-15 -6.715590e-01
    outer loop
      vertex   9.121320e+00 -2.000000e+00 -1.662132e+01
      vertex   9.121320e+00 0.000000e+00 -1.662132e+01
      vertex   9.319031e+00 -2.000000e+00 -1.640318e+01
    endloop
  endfacet
  facet normal 7.409511e-01 0.000000e+00 -6.715590e-01
    outer loop
      vertex   9.319031e+00 -2.000000e+00 -1.640318e+01
      vertex   9.121320e+00 0.000000e+00 -1.662132e+01
      vertex   9.319031e+00 0.000000e+00 -1.640318e+01
    endloop
  endfacet
  facet normal 8.032075e-01 0.000000e+00 -5.956993e-01
    outer loop
      vertex   9.319031e+00 -2.000000e+00 -1.640318e+01
      vertex   9.319031e+00 0.000000e+00 -1.640318e+01
      vertex   9.494409e+00 -2.000000e+00 -1.616671e+01
    endloop
  endfacet
  facet normal 8.032075e-01 7.133916e-16 -5.956993e-01
    outer loop
      vertex   9.494409e+00 -2.000000e+00 -1.616671e+01
      vertex   9.319031e+00 0.000000e+00 -1.640318e+01
      vertex   9.494409e+00 0.000000e+00 -1.616671e+01
    endloop
  endfacet
  facet normal 8.577286e-01 7.618160e-16 -5.141027e-01
    outer loop
      vertex   9.494409e+00 -2.000000e+00 -1.616671e+01
      vertex   9.494409e+00 0.000000e+00 -1.616671e+01
      vertex   9.645764e+00 -2.000000e+00 -1.591419e+01
    endloop
  endfacet
  facet normal 8.577286e-01 -4.566150e-16 -5.141027e-01
    outer loop
      vertex   9.645764e+00 -2.000000e+00 -1.591419e+01
      vertex   9.494409e+00 0.000000e+00 -1.616671e+01
      vertex   9.645764e+00 0.000000e+00 -1.591419e+01
    endloop
  endfacet
  facet normal 9.039893e-01 -3.797452e-16 -4.275551e-01
    outer loop
      vertex   9.645764e+00 -2.000000e+00 -1.591419e+01
      vertex   9.645764e+00 0.000000e+00 -1.591419e+01
      vertex   9.771639e+00 -2.000000e+00 -1.564805e+01
    endloop
  endfacet
  facet normal 9.039893e-01 0.000000e+00 -4.275551e-01
    outer loop
      vertex   9.771639e+00 -2.000000e+00 -1.564805e+01
      vertex   9.645764e+00 0.000000e+00 -1.591419e+01
      vertex   9.771639e+00 0.000000e+00 -1.564805e+01
    endloop
  endfacet
  facet normal 9.415441e-01 0.000000e+00 -3.368899e-01
    outer loop
      vertex   9.771639e+00 -2.000000e+00 -1.564805e+01
      vertex   9.771639e+00 0.000000e+00 -1.564805e+01
      vertex   9.870821e+00 -2.000000e+00 -1.537085e+01
    endloop
  endfacet
  facet normal 9.415441e-01 0.000000e+00 -3.368899e-01
    outer loop
      vertex   9.870821e+00 -2.000000e+00 -1.537085e+01
      vertex   9.771639e+00 0.000000e+00 -1.564805e+01
      vertex   9.870821e+00 0.000000e+00 -1.537085e+01
    endloop
  endfacet
  facet normal 9.700313e-01 0.000000e+00 -2.429802e-01
    outer loop
      vertex   9.870821e+00 -2.000000e+00 -1.537085e+01
      vertex   9.870821e+00 0.000000e+00 -1.537085e+01
      vertex   9.942356e+00 -2.000000e+00 -1.508527e+01
    endloop
  endfacet
  facet normal 9.700313e-01 8.615608e-16 -2.429802e-01
    outer loop
      vertex   9.942356e+00 -2.000000e+00 -1.508527e+01
      vertex   9.870821e+00 0.000000e+00 -1.537085e+01
      vertex   9.942356e+00 0.000000e+00 -1.508527e+01
    endloop
  endfacet
  facet normal 9.891765e-01 8.785652e-16 -1.467305e-01
    outer loop
      vertex   9.942356e+00 -2.000000e+00 -1.508527e+01
      vertex   9.942356e+00 0.000000e+00 -1.508527e+01
      vertex   9.985554e+00 -2.000000e+00 -1.479405e+01
    endloop
  endfacet
  facet normal 9.891765e-01 8.785652e-16 -1.467305e-01
    outer loop
      vertex   9.985554e+00 -2.000000e+00 -1.479405e+01
      vertex   9.942356e+00 0.000000e+00 -1.508527e+01
      vertex   9.985554e+00 0.000000e+00 -1.479405e+01
    endloop
  endfacet
  facet normal 9.987955e-01 8.871086e-16 -4.906767e-02
    outer loop
      vertex   9.985554e+00 -2.000000e+00 -1.479405e+01
      vertex   9.985554e+00 0.000000e+00 -1.479405e+01
      vertex   1.000000e+01 -2.000000e+00 -1.450000e+01
    endloop
  endfacet
  facet normal 9.987955e-01 0.000000e+00 -4.906767e-02
    outer loop
      vertex   1.000000e+01 -2.000000e+00 -1.450000e+01
      vertex   9.985554e+00 0.000000e+00 -1.479405e+01
      vertex   1.000000e+01 0.000000e+00 -1.450000e+01
    endloop
  endfacet
  facet normal -4.906767e-02 -4.358085e-17 -9.987955e-01
    outer loop
      vertex   -7.000000e+00 0.000000e+00 -1.750000e+01
      vertex   -7.000000e+00 -2.000000e+00 -1.750000e+01
      vertex   -7.294051e+00 0.000000e+00 -1.748555e+01
    endloop
  endfacet
  facet normal -4.906767e-02 -2.179042e-17 -9.987955e-01
    outer loop
      vertex   -7.294051e+00 0.000000e+00 -1.748555e+01
      vertex   -7.000000e+00 -2.000000e+00 -1.750000e+01
      vertex   -7.294051e+00 -2.000000e+00 -1.748555e+01
    endloop
  endfacet
  facet normal -1.467305e-01 -6.516142e-17 -9.891765e-01
    outer loop
      vertex   -7.294051e+00 0.000000e+00 -1.748555e+01
      vertex   -7.294051e+00 -2.000000e+00 -1.748555e+01
      vertex   -7.585271e+00 0.000000e+00 -1.744236e+01
    endloop
  endfacet
  facet normal -1.467305e-01 -1.303228e-16 -9.891765e-01
    outer loop
      vertex   -7.585271e+00 0.000000e+00 -1.744236e+01
      vertex   -7.294051e+00 -2.000000e+00 -1.748555e+01
      vertex   -7.585271e+00 -2.000000e+00 -1.744236e+01
    endloop
  endfacet
  facet normal -2.429802e-01 -2.158098e-16 -9.700313e-01
    outer loop
      vertex   -7.585271e+00 0.000000e+00 -1.744236e+01
      vertex   -7.585271e+00 -2.000000e+00 -1.744236e+01
      vertex   -7.870854e+00 0.000000e+00 -1.737082e+01
    endloop
  endfacet
  facet normal -2.429802e-01 -2.158098e-16 -9.700313e-01
    outer loop
      vertex   -7.870854e+00 0.000000e+00 -1.737082e+01
      vertex   -7.585271e+00 -2.000000e+00 -1.744236e+01
      vertex   -7.870854e+00 -2.000000e+00 -1.737082e+01
    endloop
  endfacet
  facet normal -3.368899e-01 -2.992183e-16 -9.415441e-01
    outer loop
      vertex   -7.870854e+00 0.000000e+00 -1.737082e+01
      vertex   -7.870854e+00 -2.000000e+00 -1.737082e+01
      vertex   -8.148050e+00 0.000000e+00 -1.727164e+01
    endloop
  endfacet
  facet normal -3.368899e-01 -2.992183e-16 -9.415441e-01
    outer loop
      vertex   -8.148050e+00 0.000000e+00 -1.727164e+01
      vertex   -7.870854e+00 -2.000000e+00 -1.737082e+01
      vertex   -8.148050e+00 -2.000000e+00 -1.727164e+01
    endloop
  endfacet
  facet normal -4.275551e-01 -3.797452e-16 -9.039893e-01
    outer loop
      vertex   -8.148050e+00 0.000000e+00 -1.727164e+01
      vertex   -8.148050e+00 -2.000000e+00 -1.727164e+01
      vertex   -8.414190e+00 0.000000e+00 -1.714576e+01
    endloop
  endfacet
  facet normal -4.275551e-01 -3.797452e-16 -9.039893e-01
    outer loop
      vertex   -8.414190e+00 0.000000e+00 -1.714576e+01
      vertex   -8.148050e+00 -2.000000e+00 -1.727164e+01
      vertex   -8.414190e+00 -2.000000e+00 -1.714576e+01
    endloop
  endfacet
  facet normal -5.141027e-01 -4.566150e-16 -8.577286e-01
    outer loop
      vertex   -8.414190e+00 0.000000e+00 -1.714576e+01
      vertex   -8.414190e+00 -2.000000e+00 -1.714576e+01
      vertex   -8.666711e+00 0.000000e+00 -1.699441e+01
    endloop
  endfacet
  facet normal -5.141027e-01 -4.566150e-16 -8.577286e-01
    outer loop
      vertex   -8.666711e+00 0.000000e+00 -1.699441e+01
      vertex   -8.414190e+00 -2.000000e+00 -1.714576e+01
      vertex   -8.666711e+00 -2.000000e+00 -1.699441e+01
    endloop
  endfacet
  facet normal -5.956993e-01 -5.290873e-16 -8.032075e-01
    outer loop
      vertex   -8.666711e+00 0.000000e+00 -1.699441e+01
      vertex   -8.666711e+00 -2.000000e+00 -1.699441e+01
      vertex   -8.903180e+00 0.000000e+00 -1.681903e+01
    endloop
  endfacet
  facet normal -5.956993e-01 -0.000000e+00 -8.032075e-01
    outer loop
      vertex   -8.903180e+00 0.000000e+00 -1.681903e+01
      vertex   -8.666711e+00 -2.000000e+00 -1.699441e+01
      vertex   -8.903180e+00 -2.000000e+00 -1.681903e+01
    endloop
  endfacet
  facet normal -6.715590e-01 -0.000000e+00 -7.409511e-01
    outer loop
      vertex   -8.903180e+00 0.000000e+00 -1.681903e+01
      vertex   -8.903180e+00 -2.000000e+00 -1.681903e+01
      vertex   -9.121320e+00 0.000000e+00 -1.662132e+01
    endloop
  endfacet
  facet normal -6.715590e-01 -5.964642e-16 -7.409511e-01
    outer loop
      vertex   -9.121320e+00 0.000000e+00 -1.662132e+01
      vertex   -8.903180e+00 -2.000000e+00 -1.681903e+01
      vertex   -9.121320e+00 -2.000000e+00 -1.662132e+01
    endloop
  endfacet
  facet normal -7.409511e-01 -6.580968e-16 -6.715590e-01
    outer loop
      vertex   -9.121320e+00 0.000000e+00 -1.662132e+01
      vertex   -9.121320e+00 -2.000000e+00 -1.662132e+01
      vertex   -9.319031e+00 0.000000e+00 -1.640318e+01
    endloop
  endfacet
  facet normal -7.409511e-01 -0.000000e+00 -6.715590e-01
    outer loop
      vertex   -9.319031e+00 0.000000e+00 -1.640318e+01
      vertex   -9.121320e+00 -2.000000e+00 -1.662132e+01
      vertex   -9.319031e+00 -2.000000e+00 -1.640318e+01
    endloop
  endfacet
  facet normal -8.032075e-01 -0.000000e+00 -5.956993e-01
    outer loop
      vertex   -9.319031e+00 0.000000e+00 -1.640318e+01
      vertex   -9.319031e+00 -2.000000e+00 -1.640318e+01
      vertex   -9.494409e+00 0.000000e+00 -1.616671e+01
    endloop
  endfacet
  facet normal -8.032075e-01 -0.000000e+00 -5.956993e-01
    outer loop
      vertex   -9.494409e+00 0.000000e+00 -1.616671e+01
      vertex   -9.319031e+00 -2.000000e+00 -1.640318e+01
      vertex   -9.494409e+00 -2.000000e+00 -1.616671e+01
    endloop
  endfacet
  facet normal -8.577286e-01 -0.000000e+00 -5.141027e-01
    outer loop
      vertex   -9.494409e+00 0.000000e+00 -1.616671e+01
      vertex   -9.494409e+00 -2.000000e+00 -1.616671e+01
      vertex   -9.645764e+00 0.000000e+00 -1.591419e+01
    endloop
  endfacet
  facet normal -8.577286e-01 4.566150e-16 -5.141027e-01
    outer loop
      vertex   -9.645764e+00 0.000000e+00 -1.591419e+01
      vertex   -9.494409e+00 -2.000000e+00 -1.616671e+01
      vertex   -9.645764e+00 -2.000000e+00 -1.591419e+01
    endloop
  endfacet
  facet normal -9.039893e-01 3.797452e-16 -4.275551e-01
    outer loop
      vertex   -9.645764e+00 0.000000e+00 -1.591419e+01
      vertex   -9.645764e+00 -2.000000e+00 -1.591419e+01
      vertex   -9.771639e+00 0.000000e+00 -1.564805e+01
    endloop
  endfacet
  facet normal -9.039893e-01 -0.000000e+00 -4.275551e-01
    outer loop
      vertex   -9.771639e+00 0.000000e+00 -1.564805e+01
      vertex   -9.645764e+00 -2.000000e+00 -1.591419e+01
      vertex   -9.771639e+00 -2.000000e+00 -1.564805e+01
    endloop
  endfacet
  facet normal -9.415441e-01 -0.000000e+00 -3.368899e-01
    outer loop
      vertex   -9.771639e+00 0.000000e+00 -1.564805e+01
      vertex   -9.771639e+00 -2.000000e+00 -1.564805e+01
      vertex   -9.870821e+00 0.000000e+00 -1.537085e+01
    endloop
  endfacet
  facet normal -9.415441e-01 -0.000000e+00 -3.368899e-01
    outer loop
      vertex   -9.870821e+00 0.000000e+00 -1.537085e+01
      vertex   -9.771639e+00 -2.000000e+00 -1.564805e+01
      vertex   -9.870821e+00 -2.000000e+00 -1.537085e+01
    endloop
  endfacet
  facet normal -9.700313e-01 -0.000000e+00 -2.429802e-01
    outer loop
      vertex   -9.870821e+00 0.000000e+00 -1.537085e+01
      vertex   -9.870821e+00 -2.000000e+00 -1.537085e+01
      vertex   -9.942356e+00 0.000000e+00 -1.508527e+01
    endloop
  endfacet
  facet normal -9.700313e-01 -0.000000e+00 -2.429802e-01
    outer loop
      vertex   -9.942356e+00 0.000000e+00 -1.508527e+01
      vertex   -9.870821e+00 -2.000000e+00 -1.537085e+01
      vertex   -9.942356e+00 -2.000000e+00 -1.508527e+01
    endloop
  endfacet
  facet normal -9.891765e-01 -0.000000e+00 -1.467305e-01
    outer loop
      vertex   -9.942356e+00 0.000000e+00 -1.508527e+01
      vertex   -9.942356e+00 -2.000000e+00 -1.508527e+01
      vertex   -9.985554e+00 0.000000e+00 -1.479405e+01
    endloop
  endfacet
  facet normal -9.891765e-01 -0.000000e+00 -1.467305e-01
    outer loop
      vertex   -9.985554e+00 0.000000e+00 -1.479405e+01
      vertex   -9.942356e+00 -2.000000e+00 -1.508527e+01
      vertex   -9.985554e+00 -2.000000e+00 -1.479405e+01
    endloop
  endfacet
  facet normal -9.987955e-01 -0.000000e+00 -4.906767e-02
    outer loop
      vertex   -9.985554e+00 0.000000e+00 -1.479405e+01
      vertex   -9.985554e+00 -2.000000e+00 -1.479405e+01
      vertex   -1.000000e+01 0.000000e+00 -1.450000e+01
    endloop
  endfacet
  facet normal -9.987955e-01 -0.000000e+00 -4.906767e-02
    outer loop
      vertex   -1.000000e+01 0.000000e+00 -1.450000e+01
      vertex   -9.985554e+00 -2.000000e+00 -1.479405e+01
      vertex   -1.000000e+01 -2.000000e+00 -1.450000e+01
    endloop
  endfacet
  facet normal 8.715574e-02 0.000000e+00 9.961947e-01
    outer loop
      vertex   9.500000e+00 0.000000e+00 5.800000e+01
      vertex   9.500000e+00 -2.000000e+00 5.800000e+01
      vertex   9.586824e+00 0.000000e+00 5.799240e+01
    endloop
  endfacet
  facet normal 8.715574e-02 0.000000e+00 9.961947e-01
    outer loop
      vertex   9.586824e+00 0.000000e+00 5.799240e+01
      vertex   9.500000e+00 -2.000000e+00 5.800000e+01
      vertex   9.586824e+00 -2.000000e+00 5.799240e+01
    endloop
  endfacet
  facet normal 2.588190e-01 0.000000e+00 9.659258e-01
    outer loop
      vertex   9.586824e+00 0.000000e+00 5.799240e+01
      vertex   9.586824e+00 -2.000000e+00 5.799240e+01
      vertex   9.671010e+00 0.000000e+00 5.796985e+01
    endloop
  endfacet
  facet normal 2.588190e-01 0.000000e+00 9.659258e-01
    outer loop
      vertex   9.671010e+00 0.000000e+00 5.796985e+01
      vertex   9.586824e+00 -2.000000e+00 5.799240e+01
      vertex   9.671010e+00 -2.000000e+00 5.796985e+01
    endloop
  endfacet
  facet normal 4.226183e-01 0.000000e+00 9.063078e-01
    outer loop
      vertex   9.671010e+00 0.000000e+00 5.796985e+01
      vertex   9.671010e+00 -2.000000e+00 5.796985e+01
      vertex   9.750000e+00 0.000000e+00 5.793301e+01
    endloop
  endfacet
  facet normal 4.226183e-01 0.000000e+00 9.063078e-01
    outer loop
      vertex   9.750000e+00 0.000000e+00 5.793301e+01
      vertex   9.671010e+00 -2.000000e+00 5.796985e+01
      vertex   9.750000e+00 -2.000000e+00 5.793301e+01
    endloop
  endfacet
  facet normal 5.735764e-01 0.000000e+00 8.191520e-01
    outer loop
      vertex   9.750000e+00 0.000000e+00 5.793301e+01
      vertex   9.750000e+00 -2.000000e+00 5.793301e+01
      vertex   9.821394e+00 0.000000e+00 5.788302e+01
    endloop
  endfacet
  facet normal 5.735764e-01 0.000000e+00 8.191520e-01
    outer loop
      vertex   9.821394e+00 0.000000e+00 5.788302e+01
      vertex   9.750000e+00 -2.000000e+00 5.793301e+01
      vertex   9.821394e+00 -2.000000e+00 5.788302e+01
    endloop
  endfacet
  facet normal 7.071068e-01 0.000000e+00 7.071068e-01
    outer loop
      vertex   9.821394e+00 0.000000e+00 5.788302e+01
      vertex   9.821394e+00 -2.000000e+00 5.788302e+01
      vertex   9.883022e+00 0.000000e+00 5.782139e+01
    endloop
  endfacet
  facet normal 7.071068e-01 0.000000e+00 7.071068e-01
    outer loop
      vertex   9.883022e+00 0.000000e+00 5.782139e+01
      vertex   9.821394e+00 -2.000000e+00 5.788302e+01
      vertex   9.883022e+00 -2.000000e+00 5.782139e+01
    endloop
  endfacet
  facet normal 8.191520e-01 0.000000e+00 5.735764e-01
    outer loop
      vertex   9.883022e+00 0.000000e+00 5.782139e+01
      vertex   9.883022e+00 -2.000000e+00 5.782139e+01
      vertex   9.933013e+00 0.000000e+00 5.775000e+01
    endloop
  endfacet
  facet normal 8.191520e-01 0.000000e+00 5.735764e-01
    outer loop
      vertex   9.933013e+00 0.000000e+00 5.775000e+01
      vertex   9.883022e+00 -2.000000e+00 5.782139e+01
      vertex   9.933013e+00 -2.000000e+00 5.775000e+01
    endloop
  endfacet
  facet normal 9.063078e-01 0.000000e+00 4.226183e-01
    outer loop
      vertex   9.933013e+00 0.000000e+00 5.775000e+01
      vertex   9.933013e+00 -2.000000e+00 5.775000e+01
      vertex   9.969846e+00 0.000000e+00 5.767101e+01
    endloop
  endfacet
  facet normal 9.063078e-01 0.000000e+00 4.226183e-01
    outer loop
      vertex   9.969846e+00 0.000000e+00 5.767101e+01
      vertex   9.933013e+00 -2.000000e+00 5.775000e+01
      vertex   9.969846e+00 -2.000000e+00 5.767101e+01
    endloop
  endfacet
  facet normal 9.659258e-01 0.000000e+00 2.588190e-01
    outer loop
      vertex   9.969846e+00 0.000000e+00 5.767101e+01
      vertex   9.969846e+00 -2.000000e+00 5.767101e+01
      vertex   9.992404e+00 0.000000e+00 5.758682e+01
    endloop
  endfacet
  facet normal 9.659258e-01 0.000000e+00 2.588190e-01
    outer loop
      vertex   9.992404e+00 0.000000e+00 5.758682e+01
      vertex   9.969846e+00 -2.000000e+00 5.767101e+01
      vertex   9.992404e+00 -2.000000e+00 5.758682e+01
    endloop
  endfacet
  facet normal 9.961947e-01 0.000000e+00 8.715574e-02
    outer loop
      vertex   9.992404e+00 0.000000e+00 5.758682e+01
      vertex   9.992404e+00 -2.000000e+00 5.758682e+01
      vertex   1.000000e+01 0.000000e+00 5.750000e+01
    endloop
  endfacet
  facet normal 9.961947e-01 0.000000e+00 8.715574e-02
    outer loop
      vertex   1.000000e+01 0.000000e+00 5.750000e+01
      vertex   9.992404e+00 -2.000000e+00 5.758682e+01
      vertex   1.000000e+01 -2.000000e+00 5.750000e+01
    endloop
  endfacet
  facet normal -8.715574e-02 0.000000e+00 9.961947e-01
    outer loop
      vertex   -9.500000e+00 -2.000000e+00 5.800000e+01
      vertex   -9.500000e+00 0.000000e+00 5.800000e+01
      vertex   -9.586824e+00 -2.000000e+00 5.799240e+01
    endloop
  endfacet
  facet normal -8.715574e-02 0.000000e+00 9.961947e-01
    outer loop
      vertex   -9.586824e+00 -2.000000e+00 5.799240e+01
      vertex   -9.500000e+00 0.000000e+00 5.800000e+01
      vertex   -9.586824e+00 0.000000e+00 5.799240e+01
    endloop
  endfacet
  facet normal -2.588190e-01 0.000000e+00 9.659258e-01
    outer loop
      vertex   -9.586824e+00 -2.000000e+00 5.799240e+01
      vertex   -9.586824e+00 0.000000e+00 5.799240e+01
      vertex   -9.671010e+00 -2.000000e+00 5.796985e+01
    endloop
  endfacet
  facet normal -2.588190e-01 0.000000e+00 9.659258e-01
    outer loop
      vertex   -9.671010e+00 -2.000000e+00 5.796985e+01
      vertex   -9.586824e+00 0.000000e+00 5.799240e+01
      vertex   -9.671010e+00 0.000000e+00 5.796985e+01
    endloop
  endfacet
  facet normal -4.226183e-01 0.000000e+00 9.063078e-01
    outer loop
      vertex   -9.671010e+00 -2.000000e+00 5.796985e+01
      vertex   -9.671010e+00 0.000000e+00 5.796985e+01
      vertex   -9.750000e+00 -2.000000e+00 5.793301e+01
    endloop
  endfacet
  facet normal -4.226183e-01 0.000000e+00 9.063078e-01
    outer loop
      vertex   -9.750000e+00 -2.000000e+00 5.793301e+01
      vertex   -9.671010e+00 0.000000e+00 5.796985e+01
      vertex   -9.750000e+00 0.000000e+00 5.793301e+01
    endloop
  endfacet
  facet normal -5.735764e-01 0.000000e+00 8.191520e-01
    outer loop
      vertex   -9.750000e+00 -2.000000e+00 5.793301e+01
      vertex   -9.750000e+00 0.000000e+00 5.793301e+01
      vertex   -9.821394e+00 -2.000000e+00 5.788302e+01
    endloop
  endfacet
  facet normal -5.735764e-01 0.000000e+00 8.191520e-01
    outer loop
      vertex   -9.821394e+00 -2.000000e+00 5.788302e+01
      vertex   -9.750000e+00 0.000000e+00 5.793301e+01
      vertex   -9.821394e+00 0.000000e+00 5.788302e+01
    endloop
  endfacet
  facet normal -7.071068e-01 0.000000e+00 7.071068e-01
    outer loop
      vertex   -9.821394e+00 -2.000000e+00 5.788302e+01
      vertex   -9.821394e+00 0.000000e+00 5.788302e+01
      vertex   -9.883022e+00 -2.000000e+00 5.782139e+01
    endloop
  endfacet
  facet normal -7.071068e-01 0.000000e+00 7.071068e-01
    outer loop
      vertex   -9.883022e+00 -2.000000e+00 5.782139e+01
      vertex   -9.821394e+00 0.000000e+00 5.788302e+01
      vertex   -9.883022e+00 0.000000e+00 5.782139e+01
    endloop
  endfacet
  facet normal -8.191520e-01 0.000000e+00 5.735764e-01
    outer loop
      vertex   -9.883022e+00 -2.000000e+00 5.782139e+01
      vertex   -9.883022e+00 0.000000e+00 5.782139e+01
      vertex   -9.933013e+00 -2.000000e+00 5.775000e+01
    endloop
  endfacet
  facet normal -8.191520e-01 0.000000e+00 5.735764e-01
    outer loop
      vertex   -9.933013e+00 -2.000000e+00 5.775000e+01
      vertex   -9.883022e+00 0.000000e+00 5.782139e+01
      vertex   -9.933013e+00 0.000000e+00 5.775000e+01
    endloop
  endfacet
  facet normal -9.063078e-01 0.000000e+00 4.226183e-01
    outer loop
      vertex   -9.933013e+00 -2.000000e+00 5.775000e+01
      vertex   -9.933013e+00 0.000000e+00 5.775000e+01
      vertex   -9.969846e+00 -2.000000e+00 5.767101e+01
    endloop
  endfacet
  facet normal -9.063078e-01 0.000000e+00 4.226183e-01
    outer loop
      vertex   -9.969846e+00 -2.000000e+00 5.767101e+01
      vertex   -9.933013e+00 0.000000e+00 5.775000e+01
      vertex   -9.969846e+00 0.000000e+00 5.767101e+01
    endloop
  endfacet
  facet normal -9.659258e-01 0.000000e+00 2.588190e-01
    outer loop
      vertex   -9.969846e+00 -2.000000e+00 5.767101e+01
      vertex   -9.969846e+00 0.000000e+00 5.767101e+01
      vertex   -9.992404e+00 -2.000000e+00 5.758682e+01
    endloop
  endfacet
  facet normal -9.659258e-01 0.000000e+00 2.588190e-01
    outer loop
      vertex   -9.992404e+00 -2.000000e+00 5.758682e+01
      vertex   -9.969846e+00 0.000000e+00 5.767101e+01
      vertex   -9.992404e+00 0.000000e+00 5.758682e+01
    endloop
  endfacet
  facet normal -9.961947e-01 0.000000e+00 8.715574e-02
    outer loop
      vertex   -9.992404e+00 -2.000000e+00 5.758682e+01
      vertex   -9.992404e+00 0.000000e+00 5.758682e+01
      vertex   -1.000000e+01 -2.000000e+00 5.750000e+01
    endloop
  endfacet
  facet normal -9.961947e-01 0.000000e+00 8.715574e-02
    outer loop
      vertex   -1.000000e+01 -2.000000e+00 5.750000e+01
      vertex   -9.992404e+00 0.000000e+00 5.758682e+01
      vertex   -1.000000e+01 0.000000e+00 5.750000e+01
    endloop
  endfacet
endsolid
